code,name,price,trend,momentum,volatility,volume,sr,pattern,sentiment,raw,adj,final,zone,action,weekly_raw,g5,g10,ext,rsi,dist_flags,mct,sector,mcap,avgvol
NUAIW,"New Era Energy & Digital, Inc.",3.6,18,10,5,15,7,11,5,71,4.8,76.8,Strong,Enter w/ confidence,71,0.6,43.4,21.6,67.0,2,,nan,nan,137413.66
KLNG,Koil Energy Solutions Inc.,3.0,13,12,9,12,7,5,4,62,2.0,72.0,Strong,🔥 COILED: Enter w/ confidence,64,2.4,2.7,1.2,54.3,0,,Energy,31591512.0,27343.0
SROYF,Sailfish Royalty Corp,5.85,18,9,6,17,6,5,5,66,-1.0,70.0,Strong,Enter w/ confidence,73,7.3,38.6,19.2,79.7,2,,Basic Materials,239972176.0,31406.18
AGEN,Agenus Inc,9.43,18,10,7,16,6,8,5,70,-3.0,70.0,Strong,Enter w/ confidence,56,13.2,32.3,18.0,70.3,2,,Healthcare,134088632.0,633734.88
NIABY,NIBE Industrier AB (publ),4.61,15,8,12,10,6,9,5,65,1.0,69.0,Moderate,Enter w/ caution,59,3.1,1.1,3.2,68.9,0,,Industrials,7902980608.0,631.46
CARD,MAX™ Auto Industry -3X Inverse Leveraged ETNs,2.89,14,11,7,16,6,5,5,64,3.0,68.0,Moderate,Enter w/ caution,46,8.6,21.2,12.0,67.0,2,,nan,nan,21015.43
STGPF,Scentre Group,2.7,12,14,13,13,8,3,5,68,-1.0,67.0,Moderate,Enter w/ caution,44,3.8,3.8,4.1,59.0,0,,Real Estate,15837626368.0,0.0
QUBHF,Qube Holdings Limited,3.485,11,5,11,14,6,4,4,55,2.0,67.0,Moderate,🔥 COILED: Enter w/ caution,47,0.0,0.0,0.0,54.1,0,,Industrials,6910147072.0,1163.84
HKTTF,HKT Trust and HKT Limited,1.66,14,7,11,10,4,11,4,61,0.0,66.0,Moderate,🔥 COILED: Enter w/ caution,49,0.0,0.0,0.4,59.3,0,,Communication Services,12596854784.0,0.0
TBNGY,Bukit Asam Tbk PT ADR,3.75,15,6,12,14,4,7,5,63,-2.0,66.0,Moderate,🔥 COILED: Enter w/ caution,34,0.0,0.0,0.9,60.9,0,,Energy,1838778368.0,705.75
OPHLY,Ono Pharmaceutical Co Ltd,5.31,18,12,5,10,6,11,5,67,-2.0,66.0,Moderate,Enter w/ caution,66,5.0,5.4,3.8,63.8,0,,Healthcare,6400777728.0,65242.43
MQ,Marqeta Inc,16.89,16,8,6,13,9,7,5,64,1.0,65.0,Moderate,Enter w/ caution,53,8.3,1.9,3.9,60.0,0,,Technology,1708842240.0,3996188.14
SOPH,Sophia Genetics SA,8.49,16,16,8,14,6,5,5,70,-3.0,65.0,Moderate,Enter w/ caution,61,3.0,8.0,4.5,59.5,2,,Healthcare,356080224.0,124125.85
PCUUF,Pecoy Copper Corp.,1.23,16,8,8,12,6,8,5,63,1.0,64.0,Moderate,Enter w/ caution,51,8.8,7.9,6.2,61.3,0,,nan,nan,0.0
UTKN,"Universal Token, Inc.",1.9,14,10,10,11,6,11,5,67,-3.0,64.0,Moderate,Enter w/ caution,51,11.8,11.8,11.4,74.9,2,,Industrials,163310096.0,797.87
BKEAY,Bank of East Asia Limited,2.4,14,13,9,11,6,2,5,60,4.0,64.0,Moderate,Enter w/ caution,56,-0.8,2.1,4.6,59.4,0,,Financial Services,4547377152.0,0.0
PGENY,Pigeon Corp ADR,3.21,15,8,12,14,7,1,5,62,2.0,64.0,Moderate,Enter w/ caution,51,7.0,3.5,4.4,59.1,0,,Consumer Defensive,1450095488.0,0.0
PDGNF,Pendragon PLC,5.994,15,5,9,12,6,11,5,63,-2.0,64.0,Moderate,Enter w/ caution,55,4.2,2.5,2.7,66.8,0,,Consumer Cyclical,376251488.0,1247.4
RTOXF,Rotork plc,6.7,12,5,12,14,6,6,5,60,1.0,64.0,Moderate,Enter w/ caution,64,0.0,0.0,1.7,67.0,0,,Industrials,3009803264.0,0.0
CRCT,Cricut Inc,6.33,19,8,8,15,6,8,5,69,-5.0,64.0,Moderate,Enter w/ caution,64,12.0,12.0,9.5,72.3,2,,Technology,866881408.0,582560.28
AMLTF,AMP Ltd,1.3,15,9,11,11,4,3,4,57,1.0,63.0,Moderate,🔥 COILED: Enter w/ caution,0,0.0,0.0,0.3,64.7,0,,Financial Services,2225560576.0,0.0
CXE,MFS High Income Municipal Closed Fund,4.1,18,11,4,15,6,7,5,66,-3.0,63.0,Moderate,Enter w/ caution,70,12.3,13.3,10.3,78.4,2,,Financial Services,115857208.0,89379.64
NRDE,Nu Ride Inc,1.8,13,10,8,16,5,5,5,62,-3.0,62.0,Moderate,Enter w/ caution,43,5.9,5.3,4.2,55.3,2,,Financial Services,28812370.0,17426.63
MRVSY,Minerva SA,3.7,16,11,6,14,6,6,5,64,-2.0,62.0,Moderate,Enter w/ caution,65,2.5,15.6,13.0,66.2,2,,Consumer Defensive,777605504.0,6669.0
ZDGE,Zedge Inc,3.09,11,12,9,15,4,3,5,59,2.0,62.0,Moderate,Enter w/ caution,55,0.3,4.0,2.2,56.0,1,,Communication Services,41342812.0,339728.29
WZZZY,Wizz Air Holdings PLC,3.808,18,14,4,13,4,3,5,61,1.0,62.0,Moderate,Enter w/ caution,55,8.2,17.2,7.5,62.1,2,,Industrials,1365687552.0,266.94
AFCG,AFC Gamma Inc,3.59,17,12,9,6,7,11,4,66,-7.0,62.0,Moderate,Enter w/ caution,57,4.1,2.6,3.4,60.7,2,,Financial Services,86115568.0,289167.35
ORMP,Oramed Pharmaceuticals Inc,4.75,13,11,9,10,7,5,2,57,2.0,62.0,Moderate,🔥 COILED: Enter w/ caution,58,1.1,1.7,0.1,51.2,1,,Healthcare,151835760.0,174728.4
WFRSF,West African Resources Limited,2.55,13,8,10,11,4,5,5,56,0.0,61.0,Moderate,🔥 COILED: Enter w/ caution,54,0.0,0.0,3.4,54.8,0,,Basic Materials,2491762432.0,6572.28
CINSF,China Taiping Insurance Holdings Company Limited,3.12,12,9,9,13,4,2,4,53,0.0,61.0,Moderate,🔥 COILED: Enter w/ caution,0,0.0,0.0,0.5,50.0,0,,Financial Services,10099191808.0,47.5
DDD,3D Systems Corporation,3.52,16,14,10,9,5,4,5,63,0.0,61.0,Moderate,Enter w/ caution,65,1.1,9.7,3.0,54.9,1,,Technology,451127456.0,3922517.08
JRSH,Jerash Holdings US Inc,5.9,18,13,6,16,6,7,5,71,-11.0,61.0,Moderate,Enter w/ caution,58,2.8,15.0,6.1,65.7,2,,Consumer Cyclical,44068792.0,112809.83
TZA,Direxion Daily Small Cap Bear 3X Shares,46.35,17,11,8,14,6,9,5,70,-9.0,61.0,Moderate,Enter w/ caution,63,4.9,6.8,7.3,69.1,0,,nan,nan,115720857.82
MWG,Multi Ways Holdings Ltd,1.3,9,12,9,13,6,4,2,55,-1.0,60.0,Moderate,🔥 COILED: Enter w/ caution,40,2.4,-1.5,1.4,52.3,1,,Industrials,6170429.0,220257.43
RHEP,"Regional Health Properties, Inc.",1.07,15,10,9,7,9,3,4,57,2.0,60.0,Moderate,Enter w/ caution,28,5.9,2.9,4.0,57.1,0,,Healthcare,4709600.0,4818.44
FGROY,FirstGroup PLC ADR,2.35,12,5,11,9,6,5,4,52,0.0,60.0,Moderate,🔥 COILED: Enter w/ caution,43,0.0,0.0,0.1,52.3,0,,Industrials,1118846592.0,0.0
CRON,Cronos Group Inc,3.41,15,14,5,12,6,4,4,60,0.0,60.0,Moderate,Enter w/ caution,65,2.4,5.4,3.2,59.7,1,,Healthcare,1046253696.0,1988482.88
GUKYF,Gulf Keystone Petroleum Ltd,2.75,17,11,10,14,4,8,5,69,-9.0,60.0,Moderate,Enter w/ caution,71,5.4,1.9,6.4,61.1,0,,Energy,543608448.0,0.0
LOQPF,Accesso Technology Group PLC,4.12,13,8,5,12,4,11,4,57,0.0,60.0,Moderate,Enter w/ caution,53,0.0,0.0,0.1,51.4,0,,Technology,113372656.0,250.0
PETZ,TDH Holdings Inc,1.39,13,11,5,8,8,4,5,54,4.0,59.0,Moderate,Enter w/ caution,60,3.7,4.5,2.6,53.1,0,,Consumer Cyclical,12181456.0,164739.57
CIF,MFS Intermediate High Income Closed Fund,1.77,16,9,5,10,6,11,5,62,-3.0,59.0,Moderate,Enter w/ caution,58,9.3,9.9,8.7,76.8,1,,Financial Services,45563000.0,55151.02
EMNSF,Elementis plc,2.59,15,7,11,9,6,2,4,54,0.0,59.0,Moderate,🔥 COILED: Enter w/ caution,0,0.0,0.0,0.5,55.2,0,,Basic Materials,1282643968.0,0.0
WRFRF,Wharf Real Estate Investment Company Limited,4.15,15,8,11,10,6,2,4,56,-2.0,59.0,Moderate,🔥 COILED: Enter w/ caution,56,0.0,0.0,0.7,66.2,1,,Real Estate,8805059584.0,0.0
SHVTF,Select Harvests Ltd,3.65,15,5,8,11,6,6,5,56,0.0,59.0,Moderate,Enter w/ caution,62,0.0,0.0,3.0,74.0,0,,Consumer Defensive,392263200.0,307.5
LGBOF,Lingbao Gold Group Company Ltd.,2.62,15,6,10,7,6,2,4,50,0.0,58.0,Moderate,🔥 COILED: Enter w/ caution,59,0.0,0.0,4.8,50.0,0,,Basic Materials,1379396992.0,0.0
CHOLF,China Oilfield Services Limited,0.9,12,7,11,9,6,4,4,53,0.0,58.0,Moderate,🔥 COILED: Enter w/ caution,35,0.0,0.0,0.1,58.8,0,,Energy,5582762496.0,34.01
HLFDF,Halfords Group plc,3.2,15,7,11,9,3,6,4,55,-2.0,58.0,Moderate,🔥 COILED: Enter w/ caution,0,0.0,0.0,0.2,62.0,1,,Consumer Cyclical,403073760.0,0.0
HOUR,Hour Loop Inc,1.915,11,14,6,8,3,2,5,49,4.0,58.0,Moderate,Enter w/ caution,42,10.1,5.8,5.8,57.3,1,,Consumer Cyclical,67216504.0,1529140.2
SAXJY,Sa Sa International Holdings Ltd ADR,2.6,10,9,9,14,6,5,4,57,-2.0,58.0,Moderate,Enter w/ caution,48,0.0,0.0,0.7,66.8,0,,Consumer Cyclical,380140704.0,843.74
MNGPF,Man Group plc,4.06,13,7,11,8,6,6,4,55,-2.0,58.0,Moderate,🔥 COILED: Enter w/ caution,55,0.0,0.0,0.2,62.3,0,,Financial Services,4358557696.0,0.0
RWGFX,RIVERPARK/WEDGEWOOD FUND RETAIL CLASS,4.47,15,5,8,7,3,7,3,48,2.0,58.0,Moderate,🔥 COILED: Enter w/ caution,46,-1.1,-0.2,0.1,50.9,0,,nan,0.0,0.0
ECX,ECARX Holdings Inc. Class A Ordinary shares,1.13,12,11,9,16,5,5,5,63,-6.0,57.0,Moderate,Enter w/ caution,45,2.7,2.7,4.9,57.4,2,,Consumer Cyclical,506809760.0,3512137.57
AMMHF,AMMB Holdings Berhad,1.255,8,9,10,11,4,4,4,50,2.0,57.0,Moderate,🔥 COILED: Enter w/ caution,28,0.0,0.0,-0.0,42.4,0,,Financial Services,4149642496.0,100.35
TSPCF,Cleanaway Waste Management Limited,1.93,15,9,10,7,6,3,4,54,0.0,57.0,Moderate,Enter w/ caution,64,1.6,4.3,1.0,55.4,0,,Industrials,3541111552.0,897.92
CLILF,CapitaLand Investment Limited,2.05,11,6,10,11,6,3,2,49,0.0,57.0,Moderate,🔥 COILED: Enter w/ caution,43,0.0,0.0,0.2,52.6,0,,Real Estate,9947114496.0,2620.37
PIAGF,Piaggio & C. SpA,2.27,12,7,7,7,6,8,5,52,2.0,57.0,Moderate,Enter w/ caution,56,4.6,-3.4,2.3,55.2,0,,Consumer Cyclical,729256960.0,0.0
GPFOF,Grupo Financiero Inbursa S.A.B. de C.V,2.505,12,5,9,9,6,4,4,49,0.0,57.0,Moderate,🔥 COILED: Enter w/ caution,50,0.0,6.1,0.3,52.2,0,,Financial Services,14867475456.0,0.0
DMPZF,Domino's Pizza Group plc,2.65,12,7,11,10,4,1,4,49,0.0,57.0,Moderate,🔥 COILED: Enter w/ caution,47,0.0,0.0,0.2,53.7,0,,Consumer Cyclical,949082880.0,0.0
HLICF,HLICF,2.562,11,7,11,7,6,6,4,52,0.0,57.0,Moderate,🔥 COILED: Enter w/ caution,47,0.0,0.0,0.1,54.5,0,,nan,299755264.0,2.5
HGPI,Horizon Group Properties Inc,2.5,16,7,12,10,6,2,4,57,-5.0,57.0,Moderate,🔥 COILED: Enter w/ caution,49,0.0,0.0,0.7,71.5,1,,Real Estate,22635690.0,329.66
MCRUF,Morgan Advanced Materials plc,3.4,17,5,6,9,6,8,5,56,1.0,57.0,Moderate,Enter w/ caution,67,5.6,2.4,3.1,69.3,2,,Industrials,815423616.0,191.53
NNBR,NN Inc,3.72,17,16,8,9,7,2,5,64,-5.0,57.0,Moderate,Enter w/ caution,50,11.0,7.2,4.9,55.8,1,,Industrials,162014672.0,518625.71
BNDSF,Banco de Sabadell S.A,4.32,16,10,6,15,6,10,5,68,-7.0,57.0,Moderate,Enter w/ caution,73,13.1,20.0,12.6,65.3,2,,Financial Services,16877633536.0,0.0
ELKEF,Elkem ASA,3.4,9,8,10,13,4,4,4,52,0.0,57.0,Moderate,🔥 COILED: Enter w/ caution,46,0.0,0.0,0.0,53.6,0,,Basic Materials,1198290688.0,74.36
EMBC,Embecta Corp,5.93,17,11,7,15,7,6,5,68,-9.0,57.0,Moderate,Enter w/ caution,58,11.9,13.2,10.3,68.9,2,,Healthcare,201174208.0,1008358.58
SGAMY,Sega Sammy Holdings Inc ADR,5.2,11,10,6,12,6,6,5,56,1.0,57.0,Moderate,Enter w/ caution,62,0.1,4.1,4.5,60.0,1,,Communication Services,3040475648.0,7039.77
BVHMY,BVHMY,3.7,8,12,6,11,8,3,2,50,2.0,57.0,Moderate,🔥 COILED: Enter w/ caution,30,5.1,5.1,2.4,54.3,0,,Consumer Cyclical,1184615936.0,474.3
WHTCF,WashTec AG,3.14,17,6,8,10,5,7,3,56,2.0,57.0,Moderate,Enter w/ caution,49,3.6,2.6,2.4,55.1,0,,Healthcare,928410624.0,52103.82
MGLUY,Magazine Luiza S.A,5.2,17,9,8,11,6,11,5,67,-10.0,57.0,Moderate,Enter w/ caution,46,7.3,12.9,12.9,73.7,2,,Consumer Cyclical,1021243008.0,405.52
PCSVD,PCSVD,1.65,14,10,9,14,6,7,5,65,-9.0,56.0,Moderate,Enter w/ caution,60,4.6,10.0,8.4,64.9,1,,Consumer Defensive,nan,3137.43
PBMLF,Pacific Booker Minerals Inc,2.04,17,6,6,13,6,5,5,58,-5.0,56.0,Moderate,Enter w/ caution,56,5.2,-3.0,2.5,57.0,1,,Basic Materials,28084336.0,1696.98
BOMXF,Bolsa Mexicana de Valores S.A.B. de C.V,2.28,11,7,11,10,6,7,3,55,-2.0,56.0,Moderate,Enter w/ caution,65,0.0,2.2,1.2,65.6,0,,Financial Services,1241487872.0,0.0
HITI,High Tide Inc,2.81,16,14,6,15,7,9,5,72,-14.0,56.0,Moderate,Enter w/ caution,54,6.8,6.8,6.7,64.6,1,,Healthcare,209196912.0,601472.12
WBQNL,Woodbridge Liquidation Trust,1.91,11,11,6,16,3,3,5,55,0.0,56.0,Moderate,Enter w/ caution,25,6.1,6.1,3.8,60.6,1,,Industrials,28773374.0,1717.89
WLMIF,Wilmar International Limited,2.94,10,7,11,9,4,4,4,49,2.0,56.0,Moderate,🔥 COILED: Enter w/ caution,39,0.0,0.0,0.3,54.3,0,,Consumer Defensive,16606111744.0,5222.0
ELAMF,Elamex SA de CV,2.81,15,6,12,8,6,2,4,53,-5.0,56.0,Moderate,🔥 COILED: Enter w/ caution,48,0.0,0.0,0.0,50.0,1,,Consumer Defensive,7473704.0,18.5
CTYMF,Catalyst Metals Limited,4.8,8,9,10,13,6,4,3,53,0.0,56.0,Moderate,Enter w/ caution,59,0.0,5.7,2.6,59.5,0,,Basic Materials,1004638272.0,4443.56
DPUKY,Domino’s Pizza Group PLC,5.62,9,12,6,7,6,6,3,49,2.0,56.0,Moderate,🔥 COILED: Enter w/ caution,62,0.0,0.4,0.9,53.4,0,,Consumer Cyclical,952894464.0,12323.06
JDDSF,JD Sports Fashion plc,1.06,11,5,10,12,4,4,4,50,0.0,55.0,Moderate,🔥 COILED: Enter w/ caution,51,0.0,0.0,-0.0,44.1,0,,Consumer Cyclical,5789293056.0,276.0
USGOW,U.S. GoldMining Inc. Warrant,1.3,13,7,11,10,4,1,4,50,0.0,55.0,Moderate,🔥 COILED: Enter w/ caution,41,0.0,0.0,0.5,59.6,0,,Basic Materials,nan,58602.97
IRCDF,Intercede Group plc,1.5,18,10,6,9,6,8,5,62,-3.0,55.0,Moderate,Enter w/ caution,64,9.5,9.5,8.5,50.0,1,,Technology,82422688.0,67.5
GLBXF,Globex Mining Enterprises Inc,1.63,14,12,5,8,7,11,5,62,-7.0,55.0,Moderate,Enter w/ caution,60,6.5,7.2,5.5,62.7,0,,Basic Materials,82048088.0,41628.89
ELAB,"Elevai Labs, Inc. Common Stock",4.78,14,12,8,9,8,0,2,53,-3.0,55.0,Moderate,Enter w/ caution,53,8.1,3.5,7.1,59.8,1,,Healthcare,8224189.0,2508753.5
CUBT,Curative Biotechnology Inc,1.0,13,10,6,14,7,5,5,60,-5.0,55.0,Moderate,Enter w/ caution,42,0.0,0.0,2.2,50.8,2,,Healthcare,11870842.0,1599.37
KPRX,Kiora Pharmaceuticals Inc,2.67,17,14,4,12,8,4,4,63,-6.0,55.0,Moderate,Enter w/ caution,61,-0.4,0.8,1.4,53.5,1,,Healthcare,11496453.0,185673.01
VOC,VOC Energy Trust,3.44,14,10,10,14,6,6,5,65,-11.0,55.0,Moderate,Enter w/ caution,60,1.8,0.9,2.1,58.9,0,,Energy,48620000.0,95903.14
PMNXF,Perseus Mining Limited,4.74,14,8,9,7,6,4,4,52,0.0,55.0,Moderate,Enter w/ caution,55,-3.1,4.6,2.2,58.0,0,,Basic Materials,5140293632.0,41886.56
UPC,Universe Pharmaceuticals Inc,4.8,12,12,8,9,7,6,3,57,-3.0,55.0,Moderate,Enter w/ caution,36,3.4,-0.2,2.1,51.2,2,,Healthcare,2154061.0,180529.37
NDRBF,NIBE Industrier AB (publ),4.525,14,3,11,7,6,7,4,52,-2.0,55.0,Moderate,🔥 COILED: Enter w/ caution,56,0.0,-0.5,1.1,64.3,0,,Industrials,8412598272.0,0.0
GNRV,Grand River Commerce Inc,5.3,10,9,9,9,6,5,4,52,0.0,55.0,Moderate,Enter w/ caution,48,-0.6,1.7,0.1,51.6,0,,Financial Services,29915428.0,3200.44
MCSIX,MFS COMMODITY STRATEGY FUND I,4.68,13,4,9,7,6,6,5,50,0.0,55.0,Moderate,🔥 COILED: Enter w/ caution,56,-0.2,-0.6,0.3,57.6,0,,nan,0.0,0.0
MCSRX,MFS COMMODITY STRATEGY FUND R6,4.67,13,4,9,7,6,6,5,50,0.0,55.0,Moderate,🔥 COILED: Enter w/ caution,56,-0.2,-0.6,0.3,57.6,0,,nan,0.0,0.0
NJDCY,Nidec Corporation,4.5,15,8,7,15,6,2,5,58,-3.0,55.0,Moderate,Enter w/ caution,46,-0.7,4.9,4.2,55.7,0,,Industrials,17872109568.0,178652.69
SUPIF,Supermarket Income REIT plc,1.16,9,8,10,13,6,1,4,51,-2.0,54.0,Weak,🔥 COILED: Watchlist only,49,0.0,0.0,0.2,66.7,0,,Industrials,nan,0.0
GLXZ,Galaxy Gaming Inc,1.61,8,13,8,9,9,0,2,49,2.0,54.0,Weak,Watchlist only,25,-1.8,1.9,-0.9,45.6,0,,Consumer Cyclical,40212432.0,63811.05
NWARF,Norwegian Air Shuttle ASA,1.342,6,12,7,12,4,2,3,46,4.0,54.0,Weak,Watchlist only,24,4.4,-4.1,2.0,53.8,1,,Industrials,1777387136.0,5168.68
PVL,Permianville Royalty Trust,1.82,7,11,9,12,7,1,3,50,2.0,54,Weak,Watchlist only,43,-1.1,-3.2,-0.8,47.9,1,,Energy,62040000.0,87141.65
VSTKF,VNV Global AB (publ),1.97,10,7,10,9,4,7,4,51,-5.0,54.0,Weak,🔥 COILED: Watchlist only,40,0.0,0.0,0.0,54.4,1,,Financial Services,254093104.0,467.68
TELDF,Telefónica Deutschland Holding AG,2.263,8,9,9,8,3,6,4,47,2.0,54.0,Weak,🔥 COILED: Watchlist only,50,0.0,0.0,0.0,54.8,0,,Communication Services,6687346688.0,124.0
NNCSF,Nanosonics Limited,2.02,8,7,9,10,3,5,5,47,2.0,54.0,Weak,🔥 COILED: Watchlist only,17,0.0,4.7,-0.1,42.5,0,,Healthcare,761989504.0,196.44
OABI,OmniAb Inc.,4.74,15,13,5,15,7,0,5,60,-7.0,54.0,Weak,Watchlist only,60,3.5,5.8,6.4,60.7,1,,Healthcare,360256832.0,541242.26
PAYD,Paid Inc,2.46,13,11,6,12,4,6,5,57,-3.0,54.0,Weak,Watchlist only,54,2.1,0.0,1.9,58.3,1,,Technology,21611656.0,505.91
SLFPF,Abrdn PLC,3.25,14,6,11,8,6,7,4,56,-2.0,54.0,Weak,Watchlist only,49,4.5,3.2,2.9,63.2,0,,Financial Services,5528461824.0,0.0
FMAXPX,FMAXPX,3.139,13,7,11,8,4,7,4,54,-5.0,54.0,Weak,🔥 COILED: Watchlist only,39,0.1,0.1,0.1,70.4,0,,nan,nan,0.0
RGLXY,RTL Group SA ADR,3.71,15,7,8,8,4,4,5,51,0.0,54.0,Weak,Watchlist only,31,3.1,4.2,2.2,55.4,0,,Communication Services,5539792384.0,0.0
MCSNX,MFS Commodity Strategy Fund Class R1,4.65,12,4,9,7,6,6,5,49,0.0,54.0,Weak,🔥 COILED: Watchlist only,55,-0.2,-0.6,0.3,56.5,0,,nan,nan,0.0
DRIP,Direxion Daily S&P Oil & Gas Exp. & Prod. Bear 2X Shares,37.24,14,12,8,11,6,2,5,58,-2.0,54.0,Weak,Watchlist only,56,4.5,12.5,6.5,60.4,2,,nan,nan,16090041.59
EEX,Emerald Expositions Events Inc,5.04,12,8,12,7,5,11,4,59,-8.0,54.0,Weak,Watchlist only,51,0.2,0.2,0.4,57.9,2,,Communication Services,983609984.0,120359.95
MCCRF,Mccoy Global Inc,1.61,11,9,5,12,5,3,3,48,2.0,53.0,Weak,Watchlist only,51,6.6,0.6,0.7,51.2,0,,Energy,43165048.0,10235.23
ENGS,Energys Group Limited Ordinary Shares,2.96,17,14,8,14,5,5,5,68,-13.0,53.0,Weak,Watchlist only,56,4.6,1.4,4.1,59.8,1,,Industrials,48442792.0,413958.03
APHD,Verde Bio Holdings Inc,1.28,15,6,9,14,4,4,5,57,-7.0,53.0,Weak,Watchlist only,30,0.0,0.0,7.0,62.7,1,,Consumer Defensive,30414866.0,518.22
MDEVY,Melco International Development Limited,2.4,9,11,11,10,4,1,4,50,-2.0,53.0,Weak,🔥 COILED: Watchlist only,39,0.0,0.0,0.5,70.0,0,,Consumer Cyclical,1014156096.0,212.25
BDCTF,BDCTF,1.892,17,10,10,6,6,9,5,63,-15.0,53.0,Weak,Watchlist only,39,5.4,5.4,5.0,68.2,2,,Consumer Cyclical,105406800.0,3020.77
OPTXW,Syntec Optics Holdings Inc.,1.74,14,14,5,16,4,2,5,60,-7.0,53.0,Weak,Watchlist only,57,4.2,43.8,17.5,60.4,2,,nan,nan,90858.71
WEEEF,Western Energy Services Corp,2.47,14,5,11,13,6,0,5,54,-4.0,53.0,Weak,Watchlist only,54,0.8,0.2,1.5,61.0,1,,Energy,83947592.0,0.0
AUTLF,Austal Limited,3.25,13,12,4,11,6,2,5,53,0.0,53.0,Weak,Watchlist only,51,1.6,2.2,4.2,56.0,0,,Industrials,1160638080.0,7302.26
RROTF,Roots Corporation,2.63,10,7,11,8,4,6,4,50,-2.0,53.0,Weak,🔥 COILED: Watchlist only,38,0.0,0.0,0.3,61.2,0,,Consumer Cyclical,126615544.0,418.39
ITEX,ITEX Corp,3.1,10,5,9,11,4,6,3,48,0.0,53.0,Weak,🔥 COILED: Watchlist only,34,0.0,0.0,-0.0,50.7,0,,Financial Services,5498626.0,420.12
GPIOX,GRANDEUR PEAK INTERNATIONAL OPPORTUNITIES FUND GRANDEUR PEAK INTERNATIONAL OPPORTUNITIES FUND INVESTOR CLASS,3.58,10,13,6,7,6,5,3,50,0.0,53.0,Weak,Watchlist only,48,-1.1,1.7,-0.1,48.6,0,,nan,0.0,0.0
GMPUF,Gestamp Automoción S.A,3.725,9,8,10,11,4,2,4,48,0.0,53.0,Weak,🔥 COILED: Watchlist only,35,0.0,0.0,0.0,51.8,0,,Consumer Cyclical,2119033856.0,82.4
ALVO,Alvotech,6.15,18,9,7,12,6,7,5,64,-11.0,53.0,Weak,Watchlist only,63,4.6,21.8,13.2,74.0,2,,Healthcare,979831680.0,516453.05
VESTF,Corporación Inmobiliaria Vesta S.A.B. de C.V,3.95,15,7,11,9,3,2,4,51,-3.0,53.0,Weak,🔥 COILED: Watchlist only,49,0.0,0.0,0.0,71.7,0,,Real Estate,1518225664.0,0.0
HYSNY,Hysan Development Co Ltd,4.045,8,7,10,13,3,3,4,48,0.0,53.0,Weak,🔥 COILED: Watchlist only,29,4.3,4.3,-0.0,45.4,0,,Real Estate,2268637184.0,0.0
MCSAX,MFS COMMODITY STRATEGY FUND A,4.65,13,6,9,7,6,2,5,48,0.0,53.0,Weak,🔥 COILED: Watchlist only,56,-0.2,-0.6,0.3,57.6,0,,nan,0.0,0.0
SEIGY,Semperit Aktiengesellschaft Holding,4.804,10,7,10,12,6,1,4,50,0.0,53.0,Weak,Watchlist only,57,0.0,0.0,0.3,58.4,0,,Industrials,390483776.0,69.6
ASTL,Algoma Steel Group Inc,4.35,10,13,9,7,6,5,5,55,-5.0,53.0,Weak,🔥 COILED: Watchlist only,58,1.9,2.6,1.1,51.7,2,,Basic Materials,549601664.0,1563113.04
BVSFF,Bravura Solutions Limited,1.05,7,8,11,11,4,2,4,47,0.0,52.0,Weak,🔥 COILED: Watchlist only,30,0.0,0.0,0.0,50.1,0,,Technology,479680992.0,139.25
SLNCF,Silence Therapeutics plc,4.0,9,4,10,11,6,5,4,49,-5.0,52.0,Weak,🔥 COILED: Watchlist only,47,0.0,0.0,-0.1,54.3,1,,Healthcare,150206064.0,166.25
HOOK,Hookipa Pharma Inc,1.15,11,5,10,8,4,8,4,50,-3.0,52.0,Weak,🔥 COILED: Watchlist only,53,0.0,0.0,-0.0,48.3,1,,Healthcare,14232977.0,19126.47
SNDL,SNDL Inc.,1.39,10,9,7,10,5,8,5,54,-5.0,52.0,Weak,🔥 COILED: Watchlist only,38,1.5,1.5,1.0,54.7,1,,Consumer Defensive,372228992.0,2646305.36
MAAL,The Marketing Alliance Inc,1.75,11,5,9,8,6,5,3,47,0.0,52.0,Weak,🔥 COILED: Watchlist only,55,0.0,0.0,0.4,57.0,0,,Financial Services,11005195.0,0.0
CPCAF,Cathay Pacific Airways Limited,1.86,13,8,6,9,6,3,5,50,2.0,52.0,Weak,Watchlist only,60,16.3,-4.6,9.4,59.9,0,,Industrials,10277106688.0,0.0
TIHRF,Tharisa plc,1.59,9,7,11,12,4,2,4,49,-2.0,52.0,Weak,🔥 COILED: Watchlist only,39,0.0,0.0,0.1,63.9,0,,Basic Materials,511634208.0,921.09
CNRAF,Vicinity Centres,1.85,15,3,11,8,3,6,4,50,-3.0,52.0,Weak,🔥 COILED: Watchlist only,0,0.0,0.0,0.2,76.3,0,,Real Estate,5846823936.0,0.0
MRT,Marti Technologies Inc.,2.16,14,16,3,7,7,3,2,52,-3.0,52.0,Weak,Watchlist only,54,11.3,9.1,4.7,56.9,2,,Technology,153839392.0,49451.76
DRTSW,Alpha Tau Medical Ltd. Warrant,4.1,14,11,7,15,6,4,5,62,-8.0,52.0,Weak,Watchlist only,58,-6.2,9.6,2.6,53.6,1,,nan,nan,33571.08
BLIV,BeLive Holdings Ordinary Share,2.315,11,5,11,14,4,5,5,55,-3.0,52.0,Weak,Watchlist only,46,7.7,4.8,3.3,57.5,1,,Technology,24989044.0,5640.56
SUMXF,Supremex Inc,2.62,12,5,11,8,3,1,4,44,0.0,52.0,Weak,🔥 COILED: Watchlist only,32,0.0,0.0,0.2,52.6,0,,Consumer Cyclical,63990912.0,0.0
VISL,Vislink Technologies Inc,3.53,15,9,9,14,7,6,5,65,-13.0,52.0,Weak,Watchlist only,68,1.1,1.7,3.9,62.8,1,,Technology,6719407.0,4282.19
HTWSF,Helios Towers plc,2.87,17,5,10,9,6,5,4,56,-4.0,52.0,Weak,Watchlist only,50,4.4,5.3,3.3,62.2,0,,Communication Services,3065930752.0,5592.19
VDTA,"Vertical Data, Inc",5.94,18,7,3,12,9,0,5,54,-2.0,52.0,Weak,Watchlist only,0,-0.2,19.8,13.5,62.2,2,,Technology,125638808.0,0.0
BSEAF,Braemar Shipping Services Plc,3.03,11,7,11,7,6,1,4,47,0.0,52.0,Weak,🔥 COILED: Watchlist only,46,0.0,0.0,0.3,58.0,0,,Industrials,96600456.0,0.0
SPPSX,SHORT PRECIOUS METALS PROFUND SHORT PRECIOUS METALS PROFUND SERVICE CLASS,2.77,10,12,11,7,3,5,5,53,-1.0,52.0,Weak,Watchlist only,27,7.4,7.8,7.0,59.7,0,,nan,0.0,0.0
TTRAF,Telstra Corporation Limited,3.47,11,4,11,10,6,0,5,47,0.0,52.0,Weak,🔥 COILED: Watchlist only,33,0.0,0.6,1.4,56.1,0,,Communication Services,40058470400.0,0.0
CRRFY,Carrefour SA PK,3.81,12,12,4,13,8,3,5,57,-8.0,52.0,Weak,Watchlist only,58,1.0,-0.6,0.6,53.4,0,,Consumer Defensive,12843181056.0,281093.57
GPIIX,GRANDEUR PEAK INTERNATIONAL OPPORTUNITIES FUND GRANDEUR PEAK INTERNATIONAL OPPORTUNITIES FUND INSTITUTIONAL CLASS,3.62,10,12,6,7,6,5,3,49,0.0,52.0,Weak,Watchlist only,46,-1.1,1.7,-0.2,48.4,0,,nan,0.0,0.0
GRCLF,GrainCorp Limited,4.68,14,5,8,8,3,7,5,50,2.0,52.0,Weak,Watchlist only,58,6.4,6.4,3.6,57.6,1,,Consumer Defensive,869285504.0,0.0
UNIF,U & I Financial Corp,4.111,8,5,9,14,4,7,5,52,-5.0,52.0,Weak,🔥 COILED: Watchlist only,44,0.0,0.0,0.1,49.8,1,,Financial Services,21906320.0,0.0
NTWK,NetSol Technologies Inc,5.37,18,8,5,15,6,6,5,63,-16.5,51.5,Weak,Watchlist only,72,17.5,30.7,20.6,82.2,2,,Technology,54215832.0,65866.54
AURX,Nuo Therapeutics Inc,1.32,12,11,10,15,6,6,5,65,-14.0,51.0,Weak,Watchlist only,52,1.5,5.6,7.6,67.2,1,,Healthcare,56154124.0,5053.0
JEXYF,Jiangsu Expressway Company Limited,1.4,8,7,11,11,3,2,4,46,0.0,51.0,Weak,🔥 COILED: Watchlist only,0,0.0,0.0,0.0,47.0,0,,Industrials,5289634816.0,29.03
LANV,Lanvin Group Holdings Limited,1.085,8,10,10,14,4,2,5,53,-3.0,51.0,Weak,Watchlist only,24,7.4,1.4,2.6,52.2,1,,Consumer Cyclical,213856976.0,52216.0
SWVL,Swvl Holdings Corp,4.35,12,11,2,8,8,0,5,46,4.0,51.0,Weak,Watchlist only,67,1.6,-21.1,1.5,52.9,0,,Industrials,15715764.0,242232.38
CURV,Torrid Holdings Inc,2.4,13,14,10,7,7,5,5,61,-8.0,51.0,Weak,Watchlist only,59,3.4,7.6,3.4,55.1,1,,Consumer Cyclical,138302880.0,659790.65
GGGOF,Galane Gold Ltd,2.11,15,8,6,12,5,0,2,48,0.0,51.0,Weak,Watchlist only,61,-2.2,6.0,-0.1,51.3,0,,Basic Materials,128522448.0,115336.37
MEOBF,Mesoblast Ltd,1.9,13,4,9,11,6,6,4,53,-7.0,51.0,Weak,🔥 COILED: Watchlist only,48,0.0,0.0,0.6,62.2,1,,Healthcare,2197803520.0,268.5
CCPPF,Capital & Counties Properties PLC,1.835,17,9,7,13,6,12,4,68,-13.0,51.0,Weak,Watchlist only,72,0.8,0.8,0.7,98.5,0,,Real Estate,3281440256.0,52.6
EGHT,8x8 Inc Common Stock,2.225,18,6,5,14,3,2,5,53,-2.0,51.0,Weak,Watchlist only,56,19.0,20.3,10.6,63.7,2,,Technology,289439040.0,1212294.43
DUKRW,DUKE Robotics Corp. Warrant,1.35,13,10,9,10,7,2,5,56,-8.0,51.0,Weak,Watchlist only,0,-2.9,-4.3,2.8,52.0,0,,nan,nan,0.0
SCTQ,Spectra Systems Corporation,2.24,15,8,5,8,6,2,4,48,-2.0,51.0,Weak,🔥 COILED: Watchlist only,46,0.0,0.0,0.1,65.8,0,,Technology,106003120.0,26.17
AMBO,Ambow Education Holding Ltd,2.12,10,8,7,11,5,5,4,50,0.0,51.0,Weak,Watchlist only,30,0.7,2.9,1.1,52.2,0,,Consumer Defensive,7179408.0,124148.93
LKFLF,Luk Fook Holdings (International) Limited,3.0,11,5,10,11,4,1,4,46,0.0,51.0,Weak,🔥 COILED: Watchlist only,32,0.0,0.0,-0.0,45.3,0,,Consumer Cyclical,1570513408.0,521.06
HAIIF,Haitian International Holdings Limited,3.0,10,6,9,12,6,2,4,49,-3.0,51.0,Weak,🔥 COILED: Watchlist only,40,0.0,0.0,0.1,74.9,0,,Industrials,4468800000.0,9.5
ALSSF,Alsea S.A.B. de C.V,2.53,13,6,6,11,4,4,5,49,2.0,51.0,Weak,Watchlist only,42,-0.4,-1.9,1.9,56.9,0,,Consumer Cyclical,2313625344.0,0.0
RCG,RENN Fund Inc,3.03,14,12,5,10,4,4,5,54,-3.0,51.0,Weak,Watchlist only,59,-0.3,-0.3,1.2,57.7,0,,Financial Services,19538964.0,9264.84
NPPHY,Nippon Paint Holdings Co. Ltd.,4.12,16,12,4,14,6,2,5,59,-8.0,51.0,Weak,Watchlist only,50,11.7,13.3,8.3,54.7,2,,Basic Materials,13916751872.0,2764.21
RKIGF,Reko International Group Inc,3.0,12,6,11,8,3,2,4,46,0.0,51.0,Weak,🔥 COILED: Watchlist only,52,0.0,0.0,0.0,50.0,0,,Industrials,16452939.0,12.5
SPPIX,SHORT PRECIOUS METALS PROFUND SHORT PRECIOUS METALS PROFUND INVESTOR CLASS,2.8,10,12,10,7,3,5,5,52,-1.0,51.0,Weak,Watchlist only,28,7.3,7.3,6.8,59.4,0,,nan,0.0,0.0
ALNPY,ANA Holdings Inc ADR,4.05,17,10,9,10,4,8,5,63,-10.0,51.0,Weak,Watchlist only,55,6.9,5.4,5.3,68.8,1,,Industrials,7766415872.0,6603.75
TSVNF,Team17 Group plc,4.03,12,7,5,13,4,2,5,48,0.0,51.0,Weak,Watchlist only,58,0.0,0.0,2.6,50.0,1,,Communication Services,489922400.0,1.0
XRX,Xerox Corp,3.26,12,6,8,8,5,4,5,48,0.0,51.0,Weak,Watchlist only,53,-2.1,-1.5,-1.5,49.6,1,,Industrials,456420832.0,4827438.68
MDXG,MiMedx Group Inc,4.68,8,10,4,14,7,0,5,48,0.0,51.0,Weak,🔥 COILED: Watchlist only,49,-2.7,0.9,0.6,54.5,0,,Healthcare,563014848.0,1055203.36
CCGPY,C&C Group plc,4.4,16,4,6,15,6,2,5,54,-3.0,51.0,Weak,Watchlist only,47,-2.2,15.2,5.1,71.0,2,,Consumer Defensive,448139648.0,886.57
ACCO,Acco Brands Corporation,4.32,14,13,8,3,7,8,4,57,-11.0,51.0,Weak,🔥 COILED: Watchlist only,60,3.6,1.9,1.1,53.8,0,,Industrials,365340864.0,825834.7
MCSFX,MFS Commodity Strategy Fund Class B,4.68,13,4,9,7,6,2,5,46,0.0,51.0,Weak,🔥 COILED: Watchlist only,57,-0.2,-0.6,0.5,58.8,0,,nan,nan,0.0
MCSHX,MFS Commodity Strategy Fund Class C,4.6,13,4,9,7,6,2,5,46,0.0,51.0,Weak,🔥 COILED: Watchlist only,57,-0.2,-0.6,0.3,57.7,0,,nan,nan,0.0
MCSOX,MFS Commodity Strategy Fund Class R2,4.63,13,4,9,7,6,2,5,46,0.0,51.0,Weak,🔥 COILED: Watchlist only,58,-0.2,-0.6,0.4,57.7,0,,nan,nan,0.0
MCSTX,MFS Commodity Strategy Fund Class R4,4.67,13,4,9,7,6,2,5,46,0.0,51.0,Weak,🔥 COILED: Watchlist only,56,-0.2,-0.6,0.4,58.2,0,,nan,nan,0.0
MCSQX,MFS Series Trust XV - MFS Commodity Strategy Fund,4.65,13,4,9,7,6,2,5,46,0.0,51.0,Weak,🔥 COILED: Watchlist only,56,-0.2,-0.6,0.4,58.1,0,,nan,nan,0.0
DVTC,Development Technologies Corp,5.01,12,9,6,10,6,2,4,49,-3.0,51.0,Weak,🔥 COILED: Watchlist only,46,0.0,0.0,0.0,78.7,0,,Financial Services,272504992.0,0.59
SGDH,Sgd Holdings Ltd,1.0,9,8,11,12,4,2,4,50,-5.0,50.0,Weak,🔥 COILED: Watchlist only,52,0.0,0.0,0.0,52.8,1,,Industrials,5000248320.0,112.46
ALBKY,Alpha Bank SA,1.32,12,9,6,9,7,0,5,48,2.0,50.0,Weak,Watchlist only,62,0.0,-2.2,1.7,58.0,0,,Financial Services,9973065728.0,80871.0
HRGN,Harvard Apparatus Regenerative Technology Inc.,2.15,13,13,3,15,6,0,5,55,-3.0,50.0,Weak,Watchlist only,59,-6.5,9.7,7.6,57.9,2,,Consumer Defensive,19690434.0,2143.13
MLXEF,Metals X Limited,1.465,16,13,7,9,6,6,5,62,-12.0,50.0,Weak,Watchlist only,65,0.3,12.7,6.8,66.6,2,,Basic Materials,1054841792.0,78078.42
HSDT,Helius Medical Technologies Inc Class A,2.84,15,5,4,14,5,4,5,52,-2.0,50.0,Weak,Watchlist only,52,-8.7,22.9,11.0,61.6,2,,Financial Services,70647880.0,650327.02
SDPNF,Sime Darby Plantation Berhad,1.489,9,7,11,9,3,2,4,45,0.0,50.0,Weak,🔥 COILED: Watchlist only,50,0.0,0.0,0.0,50.0,0,,Consumer Defensive,11204374528.0,20.49
HMR,Heidmar Maritime Holdings Corp. Common Stock,1.72,17,5,4,14,3,2,5,50,0.0,50.0,Weak,Watchlist only,58,-5.0,-2.8,5.8,59.1,0,,Industrials,86128320.0,113382.98
TAIT,Taitron Components Incorporated,2.15,15,12,8,9,6,2,5,57,-5.0,50.0,Weak,Watchlist only,58,1.4,1.4,4.1,62.7,1,,Technology,9393040.0,171931.82
SYYYF,Synthomer plc,1.4,11,7,11,12,6,2,4,53,-8.0,50.0,Weak,🔥 COILED: Watchlist only,47,0.0,0.0,0.2,76.7,1,,Basic Materials,268867648.0,205.25
ENGN,enGene Holdings Inc. Common Stock,1.97,15,14,4,15,7,0,5,60,-8.0,50.0,Weak,Watchlist only,38,0.5,5.3,3.2,56.4,1,,Healthcare,109862720.0,1018521.02
XJNGF,Xinjiang Goldwind Science & Technology Co. Ltd,1.24,12,8,10,7,4,1,3,45,0.0,50.0,Weak,🔥 COILED: Watchlist only,26,0.0,0.0,0.6,59.5,0,,Industrials,7264916480.0,819.0
AIRRF,Aurion Resources Ltd,1.855,13,12,7,8,6,6,3,55,-5.0,50.0,Weak,Watchlist only,61,-0.4,-1.1,-0.0,57.4,1,,Basic Materials,314679264.0,58206.92
WAIOX,WASATCH INTERNATIONAL OPPORTUNITIES FUND INVESTOR CLASS SHARES,1.95,14,7,7,7,3,4,3,45,0.0,50.0,Weak,🔥 COILED: Watchlist only,38,-0.5,1.6,0.1,51.2,0,,nan,0.0,0.0
OLPX,Olaplex Holdings Inc,2.07,17,8,5,12,6,2,4,54,-7.0,50.0,Weak,Watchlist only,54,0.0,0.5,0.6,63.7,1,,Consumer Cyclical,1367758080.0,2610513.69
GRI,GRI Bio Inc.,2.1,12,12,2,9,7,5,5,52,0.0,50.0,Weak,Watchlist only,58,8.2,11.1,5.9,55.1,2,,Healthcare,3559384.0,161921.26
GZPHF,Guangzhou Baiyunshan Pharmaceutical Holdings Company Limited,2.34,12,6,11,9,3,2,4,47,0.0,50.0,Weak,Watchlist only,46,0.0,0.0,0.0,31.1,0,,Healthcare,3479192832.0,418.8
ARTW,Arts-Way Manufacturing Co Inc,3.145,13,7,4,14,3,4,5,50,0.0,50.0,Weak,Watchlist only,50,-2.3,3.5,2.0,55.6,0,,Industrials,13575231.0,36991.42
SNGNF,Singapore Telecommunications Limited,3.54,14,6,9,7,1,5,5,47,-2.0,50.0,Weak,🔥 COILED: Watchlist only,36,0.0,0.0,1.2,60.6,0,,Communication Services,52829282304.0,0.0
LNVGF,Lenovo Group,4.9,17,10,6,9,7,0,5,54,-4.0,50.0,Weak,Watchlist only,65,5.4,23.7,12.4,67.0,2,,Technology,38330396672.0,116462.71
ILPMY,Permanent TSB Group Holdings PLC ADR,3.35,10,6,7,7,6,7,4,47,0.0,50.0,Weak,Watchlist only,37,0.0,0.0,0.1,56.7,0,,Financial Services,1938196480.0,1096.06
IPCEF,IPCEF,2.85,12,5,10,12,4,5,5,53,-3.0,50.0,Weak,Watchlist only,37,0.0,7.5,3.1,70.1,0,,nan,554134528.0,1569.29
KAUCX,FEDERATED KAUFMANN FUND CLASS C SHARES,3.87,9,8,8,7,3,7,3,45,0.0,50.0,Weak,🔥 COILED: Watchlist only,38,-1.0,1.0,-0.6,46.2,0,,nan,0.0,0.0
ZDCAF,Zedcor Inc.,3.6,11,14,4,13,4,2,5,53,-1.0,50.0,Weak,Watchlist only,34,5.9,10.8,3.6,55.8,2,,Industrials,456578560.0,23918.27
DIALF,Dialight plc,6.38,15,6,12,9,6,6,4,58,-13.0,50.0,Weak,🔥 COILED: Watchlist only,59,0.0,0.0,0.2,99.8,0,,Industrials,163889696.0,152.5
SBNYL,Signature Bank,1.7,15,10,6,15,8,5,5,64,-14.5,49.5,Weak,Watchlist only,36,41.7,47.8,33.4,65.6,2,,Financial Services,nan,61443.51
RFLFY,Raffles Education Corporation Ltd ADR,1.33,10,6,11,8,3,2,4,44,0.0,49.0,Weak,🔥 COILED: Watchlist only,55,0.0,0.0,0.0,50.0,0,,Consumer Defensive,120860096.0,9.0
OLNCF,Omni-Lite Industries Canada Inc,2.07,14,8,12,8,7,4,5,58,-9.0,49.0,Weak,Watchlist only,62,2.5,5.1,4.1,68.7,0,,Industrials,20430386.0,21060.22
APTOF,DMD Digital Health Connections Group Inc,1.69,16,11,6,16,5,2,5,61,-12.0,49.0,Weak,Watchlist only,47,10.5,4.8,5.7,62.5,1,,Healthcare,4032838.0,5609.24
MTLRF,Metalore Resources Limited,1.65,12,6,11,8,4,2,4,47,-3.0,49.0,Weak,🔥 COILED: Watchlist only,35,0.0,0.0,0.1,73.7,0,,Energy,3195063.0,5.0
COGZF,Cogstate Limited,2.27,13,11,10,5,6,8,2,55,-9.0,49.0,Weak,Watchlist only,62,7.6,7.6,6.2,67.7,0,,Healthcare,288803392.0,1777.75
ETCC,Environmmtl Tectonic,1.78,14,12,5,11,4,4,5,55,-4.0,49.0,Weak,Watchlist only,66,0.0,5.3,4.3,57.1,2,,Industrials,14750993.0,14946.2
POWW,Ammo Inc,2.27,15,10,4,11,3,3,5,51,-5.0,49.0,Weak,Watchlist only,51,1.8,5.6,2.0,54.6,1,,Industrials,233404560.0,507940.57
CIADF,China Mengniu Dairy Company Limited,2.02,5,4,10,12,3,6,4,44,0.0,49.0,Weak,🔥 COILED: Watchlist only,40,0.0,0.0,-0.0,41.3,0,,Consumer Defensive,8549817344.0,5377.0
RLLWF,Reliance Worldwide Corporation Limited,3.22,14,7,11,14,6,2,4,58,-14.0,49.0,Weak,🔥 COILED: Watchlist only,67,0.0,5.6,2.5,66.1,0,,Industrials,1645685376.0,0.0
CYBQY,Cyberdyne Inc ADR,1.512,9,5,7,8,4,3,5,41,0.0,49.0,Weak,🔥 COILED: Watchlist only,42,0.0,5.7,0.9,52.6,0,,Healthcare,456043008.0,349.76
ZHYBF,Zhong Yuan Bio-Technology Holdings Limited,2.02,10,6,11,8,3,2,4,44,0.0,49.0,Weak,🔥 COILED: Watchlist only,41,0.0,0.0,0.0,50.0,0,,Consumer Defensive,35753228.0,3.9
ACJJF,Acom Co. Ltd,2.44,10,6,11,8,3,2,4,44,0.0,49.0,Weak,🔥 COILED: Watchlist only,44,0.0,0.0,0.0,50.0,0,,Financial Services,3822537984.0,5.16
AANNF,Aroundtown SA,2.3,4,9,8,13,3,5,4,46,0.0,49.0,Weak,Watchlist only,26,0.0,0.0,-0.6,24.7,0,,Real Estate,2971973888.0,906.06
NSRX,Nasus Pharma Ltd.,3.59,9,12,8,12,6,4,2,53,-5.0,49.0,Weak,🔥 COILED: Watchlist only,51,4.4,-1.6,0.1,50.1,1,,Healthcare,36303508.0,77225.81
CULP,"Culp, Inc. Common Stock",3.74,15,10,3,8,8,4,5,53,-4.0,49.0,Weak,Watchlist only,59,3.9,-0.3,4.7,61.0,1,,Consumer Cyclical,40014400.0,29704.06
JETD,Bank of Montreal,3.408,15,9,11,11,6,4,5,61,-12.0,49.0,Weak,Watchlist only,41,6.5,4.9,6.6,61.5,0,,nan,nan,92110.86
SJT,San Juan Basin Royalty Trust,3.72,16,11,7,13,6,9,5,67,-21.0,49.0,Weak,Watchlist only,38,24.8,17.4,19.3,75.3,3,,Energy,175249072.0,201274.19
GPGOX,GRANDEUR PEAK GLOBAL OPPORTUNITIES FUND GRANDEUR PEAK GLOBAL OPPORTUNITIES FUND INVESTOR CLASS,3.81,9,13,5,7,4,3,3,44,2.0,49.0,Weak,Watchlist only,50,-0.3,2.1,0.0,48.7,0,,nan,0.0,0.0
JUKIY,Juki Corporation,3.99,10,4,9,11,4,4,4,46,0.0,49.0,Weak,Watchlist only,36,0.0,0.0,-0.0,34.7,0,,Industrials,117932912.0,16.13
BWEN,Broadwind Energy Inc,4.22,10,10,8,15,5,0,3,51,0.0,49.0,Weak,Watchlist only,42,-2.1,7.7,-0.5,47.9,1,,Industrials,95020712.0,406780.34
SIGA,SIGA Technologies Inc,3.46,16,10,7,14,5,6,5,63,-12.0,49.0,Weak,Watchlist only,43,9.5,9.8,8.2,62.8,1,,Healthcare,308413632.0,494599.12
VNCE,Vince Holding Corp. Common Stock,10.82,18,6,2,14,5,4,5,54,-5.0,49.0,Weak,Watchlist only,61,18.5,41.4,21.5,64.9,2,,Consumer Cyclical,57684348.0,703016.92
LINK,Interlink Electronics Inc,5.93,19,14,8,12,6,3,5,67,-14.0,49.0,Weak,Watchlist only,61,16.7,5.7,10.2,61.2,1,,Technology,82687536.0,104433.66
SEAC,SeaChange International Inc,3.19,9,12,13,14,3,3,5,59,-6.0,49.0,Weak,Watchlist only,25,2.9,2.9,1.7,55.2,1,,Technology,8398952.0,359.5
BKHAR,Black Hawk Acquisition Corporation Rights,1.7,17,12,6,15,4,7,5,66,-18.2,48.8,Weak,Watchlist only,60,37.1,144.6,22.5,62.1,2,,nan,1766400.0,0.0
GEOUF,Golden Energy Offshore Services AS,1.16,10,5,11,11,4,4,4,49,-4.0,48.0,Weak,Watchlist only,45,0.0,0.0,0.0,62.8,1,,Industrials,73410592.0,110.17
AHMA,Ambitions Enterprise Management Co. L.L.C Class A Ordinary Shares,1.39,6,11,7,9,4,6,3,46,4.0,48.0,Weak,Watchlist only,40,11.2,-1.1,0.9,49.4,0,,Consumer Cyclical,31508498.0,0.0
YSXT,"YSX Tech. Co., Ltd Class A Ordinary Shares",1.3,8,6,6,13,5,2,5,45,0.0,48.0,Weak,Watchlist only,37,-7.1,1.2,1.3,53.7,0,,Industrials,28440150.0,452002.89
BBOP,Bebop Channel Corp,2.0,12,9,10,13,6,4,4,58,-13.0,48.0,Weak,Watchlist only,51,0.0,0.0,2.3,100.0,0,,Communication Services,8733041.0,5.0
PHPRF,Primary Health Properties PLC,1.27,8,6,5,8,4,7,3,41,2.0,48.0,Weak,🔥 COILED: Watchlist only,40,0.0,2.4,0.4,54.1,0,,Real Estate,3399645440.0,217.61
AUSDF,Perenti Global Limited,1.8,10,7,11,10,3,2,4,47,-2.0,48.0,Weak,Watchlist only,50,0.0,0.0,0.0,64.6,0,,Basic Materials,1498195328.0,0.0
NEON,Neonode Inc,0.888,13,10,5,8,3,1,3,43,2.0,48.0,Weak,Watchlist only,28,8.2,6.9,1.9,51.7,0,,Technology,31048410.0,908551.41
FTEXX,Fidelity Union Street Trust II - Fidelity Municipal Money Market Fund,2.85,18,4,7,7,6,9,5,56,-8.0,48.0,Weak,Watchlist only,57,5.6,24.5,16.2,76.7,2,,nan,nan,0.0
GLIV,Grayscale Livepeer Trust (LPT),2.25,16,8,5,13,7,7,5,61,-13.0,48.0,Weak,Watchlist only,48,2.7,27.8,16.3,75.2,2,,nan,nan,3172.54
TRKYY,Türkiye Sinai Kalkinma Bankasi A.S,1.8,7,7,11,9,3,2,4,43,0.0,48.0,Weak,🔥 COILED: Watchlist only,48,0.0,0.0,0.0,51.9,0,,Financial Services,338800000.0,30.0
LEDS,SemiLEDS Corporation,2.26,14,9,5,14,5,4,5,56,-8.0,48.0,Weak,Watchlist only,62,-5.4,4.6,3.1,55.3,1,,Technology,16019847.0,33325.31
PHDWY,PT Ace Hardware Indonesia Tbk,1.973,8,7,9,11,4,2,4,45,0.0,48.0,Weak,Watchlist only,25,0.0,0.0,-0.0,18.8,0,,Consumer Cyclical,342407808.0,1.03
SLGCX,LARGE CAPITALIZATION GROWTH PORTFOLIO LARGE CAPITALIZATION GROWTH PORTFOLIO CLASS C,2.06,15,7,7,7,3,0,4,43,0.0,48.0,Weak,🔥 COILED: Watchlist only,34,-1.4,2.0,0.3,52.8,0,,nan,0.0,0.0
LLOBF,Lloyds Banking Group plc 9.25% NON-CUM IRR PRF SHS GBP0.25,2.0,9,5,8,12,4,1,4,43,0.0,48.0,Weak,🔥 COILED: Watchlist only,36,0.0,0.0,-0.0,47.4,0,,Other,nan,86.25
DAGXF,DB Agriculture Double Long ETN,2.0,13,5,6,8,6,2,3,43,0.0,48.0,Weak,🔥 COILED: Watchlist only,39,0.0,0.0,0.3,55.8,0,,nan,nan,237.0
BLUGF,BLUGF,1.67,14,8,6,12,2,4,5,51,-1.0,48.0,Weak,Watchlist only,36,-8.7,0.0,0.3,50.9,1,,nan,nan,0.0
SAFLF,Safilo Group S.p.A,2.58,15,6,11,8,6,6,4,56,-13.0,48.0,Weak,🔥 COILED: Watchlist only,48,0.0,0.0,0.8,87.6,0,,Healthcare,863459136.0,0.0
LTGHY,Life Healthcare Group Holdings,2.85,9,4,9,8,7,5,3,45,2.0,48.0,Weak,Watchlist only,53,-1.7,-0.7,-0.9,48.4,1,,Healthcare,883302784.0,85378.38
ANVI,"Anvi Global Holdings, Inc.",2.46,7,7,11,9,3,2,4,43,0.0,48.0,Weak,🔥 COILED: Watchlist only,43,0.0,0.0,0.0,51.9,0,,Basic Materials,295076992.0,4.0
DMTRF,3-D Matrix Ltd,2.603,13,9,7,14,6,12,5,66,-18.0,48.0,Weak,Watchlist only,43,4.1,4.1,3.7,97.7,1,,Healthcare,270478144.0,460.73
MTVA,MetaVia Inc.,1.67,8,12,8,10,4,2,3,47,-3.0,48.0,Weak,Watchlist only,35,0.0,3.1,1.2,52.4,2,,Healthcare,13840512.0,1317013.41
ALMP,ALMP,2.75,10,6,11,7,3,2,4,43,0.0,48.0,Weak,🔥 COILED: Watchlist only,51,0.0,0.0,0.0,50.0,0,,Industrials,88000000.0,10.64
KSIOF,kneat.com inc.,4.65,13,5,10,14,6,3,4,55,-7.0,48.0,Weak,Watchlist only,48,0.8,0.6,0.9,60.4,2,,Healthcare,373184736.0,17147.08
MGNX,MacroGenics Inc,4.06,6,14,7,11,4,0,3,45,-3.0,48.0,Weak,Watchlist only,54,-1.5,-3.3,0.7,50.3,1,,Healthcare,270143264.0,1111755.08
ETCG,Grayscale Ethereum Classic Trust (Etc),4.51,15,7,2,14,5,5,5,53,-3.0,48.0,Weak,Watchlist only,48,-4.6,7.4,4.5,55.2,0,,nan,nan,39694.59
EURBF,EURBF,5.39,12,3,8,8,6,4,4,45,0.0,48.0,Weak,Watchlist only,49,0.0,-1.8,-0.1,55.6,0,,Financial Services,15080270848.0,2393.66
HNGZY,Hangzhou Tigermed Consulting Co. Ltd,4.45,9,5,10,13,4,2,4,47,-2.0,48.0,Weak,Watchlist only,46,0.0,0.0,0.0,64.5,0,,Healthcare,3444104192.0,30.6
CLBEY,Calbee Inc,4.78,10,2,5,8,6,4,5,40,0.0,48.0,Weak,🔥 COILED: Watchlist only,53,0.0,-1.0,0.3,54.5,0,,Consumer Defensive,2122437504.0,4298.32
OCINF,OCI N.V,4.85,13,5,5,13,6,5,3,50,-5.0,48.0,Weak,Watchlist only,54,0.0,0.0,0.1,56.2,1,,Basic Materials,938814464.0,2037.0
SCVPF,The Siam Cement Public Company Limited,7.81,16,2,5,8,6,4,5,46,-3.0,48.0,Weak,🔥 COILED: Watchlist only,49,0.0,0.1,2.2,72.2,0,,Industrials,6967443456.0,0.0
ITRYF,Ishares PLC - Ishares Treasury Bond 0-1 year UCITS ETF,4.992,13,9,10,12,6,7,4,61,-13.0,48.0,Weak,Watchlist only,62,0.2,0.2,0.2,94.4,0,,Other,nan,365709.58
STKE,Sol Strategies Inc. Common Shares,1.67,16,13,6,16,7,6,5,69,-21.5,47.5,Weak,Watchlist only,56,8.4,45.2,22.8,67.7,3,,Financial Services,49505328.0,348799.81
RANKF,The Rank Group Plc,1.5,9,8,11,9,3,2,4,46,-2.0,47.0,Weak,Watchlist only,0,0.0,0.0,0.0,65.1,0,,Consumer Cyclical,491516672.0,0.0
ITGDF,Integral Diagnostics Limited,2.612,9,5,10,12,4,2,4,46,-2.0,47.0,Weak,Watchlist only,35,0.0,0.0,0.1,64.2,0,,Healthcare,373066528.0,6.6
VRHI,VRHI,5.0,13,4,7,10,6,5,5,50,-3.0,47.0,Weak,Watchlist only,58,0.0,0.0,9.5,77.1,0,,Healthcare,20000004.0,486.34
RNLXY,Renalytix Plc,4.0,13,4,5,11,6,5,5,49,-5.0,47.0,Weak,Watchlist only,61,-3.6,-1.7,3.6,59.4,1,,nan,294987616.0,2878.44
BON,Bon Natural Life Ltd,1.22,10,12,5,13,4,2,5,51,-2.0,47.0,Weak,Watchlist only,39,1.0,9.9,4.3,61.0,2,,Basic Materials,12906554.0,381787.36
HSTI,High Sierra Technologies Inc,1.4,9,7,11,9,3,4,4,47,-5.0,47.0,Weak,🔥 COILED: Watchlist only,46,0.0,0.0,0.0,51.9,1,,Healthcare,29346446.0,78.75
CPHGF,CPHGF,1.78,8,5,9,7,6,4,3,42,0.0,47.0,Weak,🔥 COILED: Watchlist only,48,0.0,0.0,-0.1,43.0,0,,Healthcare,1387795328.0,205.0
BYSI,BeyondSpring Inc,1.12,15,8,7,18,4,4,5,61,-19,47,Weak,Watchlist only,30,51.4,47.4,45.1,75.8,3,9,Healthcare,70314896.0,99011.27
CAPFF,Capital Limited,1.652,12,6,6,10,7,8,5,54,-8.0,47.0,Weak,Watchlist only,56,7.3,10.9,6.6,75.1,2,,Basic Materials,406262848.0,71.42
HCAT,Health Catalyst Inc,1.77,8,14,9,12,3,2,5,53,-6.0,47.0,Weak,Watchlist only,41,-2.2,-2.7,0.8,50.5,1,,Healthcare,99756920.0,865084.89
DSITF,Dixons Carphone plc,2.03,3,4,9,10,6,7,3,42,0.0,47.0,Weak,🔥 COILED: Watchlist only,52,0.0,0.0,-0.9,43.0,0,,Consumer Cyclical,2045115136.0,0.0
TZROP,tZERO Group Inc,1.98,4,4,11,10,3,6,4,42,0.0,47.0,Weak,🔥 COILED: Watchlist only,40,0.0,0.0,0.0,51.9,0,,Financial Services,nan,6337.1
DNGYF,Dongyue Group Limited,1.6,13,9,7,10,0,3,5,47,0.0,47.0,Weak,Watchlist only,49,6.7,6.7,2.7,58.4,0,,Basic Materials,4916929536.0,190.35
CABI,Cabbacis Inc.,2.0,9,7,9,7,4,2,4,42,0.0,47.0,Weak,🔥 COILED: Watchlist only,29,0.0,0.0,0.0,45.6,0,,Consumer Defensive,15584014.0,0.0
WIIOX,WASATCH INTERNATIONAL OPPORTUNITIES FUND INSTITUTIONAL CLASS SHARES,2.02,13,8,6,7,3,4,3,44,0.0,47.0,Weak,Watchlist only,40,-1.0,1.0,-0.0,50.3,0,,nan,0.0,0.0
CRPJF,China Resources Power Holdings Company Limited,2.44,8,6,11,8,3,2,4,42,0.0,47.0,Weak,🔥 COILED: Watchlist only,0,0.0,0.0,0.0,50.0,0,,Utilities,10302345216.0,0.0
GNCGF,Greencore Group plc,3.52,16,5,10,12,6,4,4,57,-13.0,47.0,Weak,Watchlist only,51,0.0,0.0,0.3,92.6,0,,Consumer Defensive,2116872448.0,272.63
RGLSF,Regulus Resources Inc,3.574,16,10,7,10,7,2,3,55,-6.0,47.0,Weak,Watchlist only,62,4.8,3.9,3.3,57.9,2,,Basic Materials,377889472.0,7654.57
TSRYF,Treasury Wine Estates Ltd,3.78,7,5,8,9,6,5,2,42,0.0,47.0,Weak,🔥 COILED: Watchlist only,57,0.0,0.0,-0.9,44.1,1,,Consumer Defensive,2503964672.0,1781.5
SMNOF,SMN Corporation,2.97,7,6,11,9,3,2,4,42,0.0,47.0,Weak,🔥 COILED: Watchlist only,48,0.0,0.0,0.0,50.0,0,,Communication Services,43442288.0,42.0
PEXUF,PTT Exploration and Production Public Company Limited ,3.48,8,6,11,8,3,2,4,42,0.0,47.0,Weak,🔥 COILED: Watchlist only,45,0.0,0.0,0.0,50.0,0,,Energy,13815548928.0,0.0
KRKR,36Kr Holdings Inc,3.06,7,2,9,10,7,6,3,44,0.0,47.0,Weak,Watchlist only,32,-0.5,-3.5,-1.1,47.9,0,,Communication Services,6592525.0,59965.65
FTEMUX,FTEMUX,3.317,10,10,7,6,6,7,4,50,-8.0,47.0,Weak,🔥 COILED: Watchlist only,35,0.0,0.1,0.0,56.5,0,,nan,nan,0.0
MDBPF,Medibank Private Limited,3.9,10,7,11,7,3,2,4,44,0.0,47.0,Weak,Watchlist only,0,0.0,0.0,0.0,56.7,0,,Financial Services,10740613120.0,0.0
GPGIX,GRANDEUR PEAK GLOBAL OPPORTUNITIES FUND GRANDEUR PEAK GLOBAL OPPORTUNITIES FUND INSTITUTIONAL CLASS,3.91,9,13,4,7,3,3,3,42,2.0,47.0,Weak,Watchlist only,47,-0.3,2.1,-0.1,48.1,0,,nan,0.0,0.0
NEWP,New Pacific Metals Corp,6.37,15,7,5,15,3,5,2,52,-5.0,47.0,Weak,Watchlist only,59,-0.6,8.5,0.8,52.0,2,,Basic Materials,784696128.0,948094.82
HUSQF,Husqvarna AB (publ),4.12,13,5,10,14,6,2,5,55,-13.0,47.0,Weak,🔥 COILED: Watchlist only,44,0.0,0.0,0.9,88.7,0,,Industrials,2572960512.0,0.0
NEXPF,Nexi S.p.A,4.74,12,9,10,12,4,4,4,55,-13.0,47.0,Weak,🔥 COILED: Watchlist only,45,0.0,0.0,0.2,90.5,1,,Technology,5463928832.0,509.47
SMGRF,Summerset Group Holdings Limited,4.72,7,4,10,9,6,2,4,42,0.0,47.0,Weak,🔥 COILED: Watchlist only,32,0.0,0.0,-0.0,46.8,0,,Healthcare,1096649216.0,25.0
PYPD,PolyPid,5.31,15,11,9,9,5,3,5,57,-13.0,47.0,Weak,🔥 COILED: Watchlist only,56,2.7,-0.4,2.0,54.8,1,,Healthcare,93377760.0,76251.29
KRNMF,CLARIANE SE,4.78,9,6,9,10,4,4,4,46,-2.0,47.0,Weak,Watchlist only,42,0.0,0.0,0.0,68.1,0,,nan,1698723712.0,1838.12
CABPF,CAB Payments Holdings Limited,1.1,17,9,6,9,6,7,5,59,-13.0,46.0,Weak,Watchlist only,45,5.8,5.8,5.2,96.8,0,,Financial Services,312251648.0,2180.25
PULM,Pulmatrix Inc,1.59,15,7,3,13,3,2,5,48,-5.0,46.0,Weak,Watchlist only,45,-5.4,9.7,2.6,53.9,2,,Healthcare,4684055.0,26924.93
SMORF,Smoore International Holdings Limited,1.11,8,10,8,12,3,1,4,46,-3.0,46.0,Weak,Watchlist only,24,0.0,0.0,0.5,71.8,0,,Consumer Defensive,8673243136.0,9.1
TXWHY,Texwinca Holdings Limited,1.5,7,7,11,7,3,2,4,41,0.0,46.0,Weak,🔥 COILED: Watchlist only,43,0.0,0.0,0.0,51.9,0,,Consumer Cyclical,207254432.0,8.0
BNKK,"Bonk, Inc.",1.87,16,8,8,16,6,10,5,69,-28.0,46.0,Weak,Watchlist only,51,26.4,37.0,32.3,74.0,3,,Financial Services,13841626.0,676450.07
HRBR,Harbor Diversified,2.2,11,8,9,9,6,2,4,49,-3.0,46.0,Weak,Watchlist only,56,0.0,0.0,0.7,56.6,2,,Industrials,91150544.0,40658.5
AMC,AMC Entertainment Holdings Inc,3.29,18,11,8,12,6,8,5,68,-23.0,46.0,Weak,Watchlist only,65,13.8,31.6,19.1,72.7,3,,Communication Services,1478176640.0,27707144.41
WMTN,WestMountain Gold Inc,0.676,8,7,9,10,4,6,4,48,-5.0,46.0,Weak,Watchlist only,22,0.0,0.0,-0.2,30.4,1,,Basic Materials,36252956.0,26.61
JCTC,Jewett-Cameron Trading Company Ltd.,2.95,15,13,9,4,8,6,4,59,-16.0,46.0,Weak,🔥 COILED: Watchlist only,53,1.0,1.7,0.8,53.7,2,,Basic Materials,7286633.0,21330.63
PTTWF,Orange Polska S.A,2.05,7,7,11,7,3,2,4,41,0.0,46.0,Weak,🔥 COILED: Watchlist only,43,0.0,0.0,0.0,51.9,0,,Communication Services,2690332928.0,11.61
DTNOF,Dno ASA,2.01,14,5,7,10,4,3,5,48,-2.0,46.0,Weak,Watchlist only,57,-2.9,-2.9,1.3,60.7,1,,Energy,2018249984.0,0.0
VFF,Village Farms International Inc,3.14,17,8,6,9,7,7,5,59,-13.0,46.0,Weak,Watchlist only,59,9.0,10.6,7.6,73.1,2,,Consumer Defensive,282293056.0,1925464.85
OZFRY,OFX Group Ltd ADR,2.5,12,7,11,13,6,6,4,59,-18.0,46.0,Weak,🔥 COILED: Watchlist only,53,0.0,0.0,0.1,99.2,1,,Financial Services,101967656.0,441.81
ADTI,"Adapti, Inc.",2.94,12,8,5,15,6,0,2,48,-3.0,46.0,Weak,Watchlist only,59,-0.9,-0.3,2.6,53.1,2,,Consumer Defensive,25270212.0,246.52
PPENF,Pampa EnergÃ­a S.A.,1.75,8,4,9,12,4,2,4,43,0.0,46.0,Weak,Watchlist only,18,0.0,0.0,-0.1,0.0,0,,Industrials,3560540416.0,74.1
BGIN,Bgin Blockchain Limited Class A Ordinary Shares,1.907,8,14,9,8,4,2,3,48,-3.0,46.0,Weak,Watchlist only,38,0.9,5.3,0.2,49.6,2,,Technology,306598400.0,0.0
FOCIF,Focusrite plc,3.73,16,6,12,8,6,2,4,54,-13.0,46.0,Weak,🔥 COILED: Watchlist only,54,0.0,0.0,2.1,97.3,0,,Consumer Cyclical,150405360.0,38.4
MPZZF,MPC Container Ships ASA,2.9,15,6,6,13,6,4,3,53,-10.0,46.0,Weak,Watchlist only,60,-3.3,1.8,0.8,55.5,0,,Industrials,1225119488.0,13894.32
EKNPF,EKINOPS S.A.,3.35,15,7,12,11,6,4,4,59,-18.0,46.0,Weak,🔥 COILED: Watchlist only,0,0.0,0.0,0.2,99.4,1,,Technology,80205360.0,0.0
MLACX,MAINSTAY LARGE CAP GROWTH FUND CLASS C,2.86,16,8,7,7,3,3,4,48,-5.0,46.0,Weak,Watchlist only,42,-0.7,3.2,0.9,55.3,0,,nan,0.0,0.0
UNJCF,Unicaja Banco S.A,3.05,7,7,11,7,3,2,4,41,0.0,46.0,Weak,🔥 COILED: Watchlist only,53,0.0,0.0,0.0,50.0,0,,Financial Services,7833011200.0,2.5
SECCF,Serco Group plc,3.42,13,5,9,9,4,1,5,46,-3.0,46.0,Weak,Watchlist only,51,0.0,0.0,1.4,72.0,0,,Industrials,3340826368.0,0.0
SBC,SBC Medical Group Holdings Incorporated,5.03,16,10,5,11,6,4,5,57,-9.0,46.0,Weak,Watchlist only,64,-2.1,10.8,9.9,67.8,2,,Industrials,314911200.0,69475.86
BLMC,Biloxi Marsh Lands Corp,3.85,17,4,8,12,6,7,5,59,-13.0,46.0,Weak,Watchlist only,61,2.7,2.7,2.1,100.0,1,,Energy,6137318.0,0.0
SCRYY,SCOR PK,3.85,6,9,2,12,5,7,3,44,2.0,46.0,Weak,Watchlist only,55,0.3,-3.7,-0.7,47.7,0,,Financial Services,6306449920.0,13647.56
UPBMF,United Plantations Berhad,3.507,7,7,11,7,3,2,4,41,0.0,46.0,Weak,🔥 COILED: Watchlist only,43,0.0,0.0,0.0,51.9,0,,Consumer Defensive,2181771008.0,1.08
EVAX,Evaxion Biotech AS,3.24,9,7,9,9,3,4,5,46,-5.0,46.0,Weak,🔥 COILED: Watchlist only,38,0.9,5.5,1.4,53.3,1,,Healthcare,32276632.0,548888.53
MSGM,Motorsport Gaming Us LLC,4.42,13,12,4,6,8,3,5,51,-6.0,46.0,Weak,Watchlist only,64,4.0,-0.7,2.0,52.0,0,,Communication Services,16946664.0,725642.96
SPCE,Virgin Galactic Holdings Inc,3.14,11,7,7,13,7,1,5,51,-3.0,46.0,Weak,Watchlist only,43,-5.1,4.0,1.5,53.0,1,,Industrials,493013312.0,9388263.07
NWPP,New Peoples Bankshares Inc,4.9,15,2,4,13,6,3,5,48,-2.0,46.0,Weak,Watchlist only,57,0.0,2.4,1.2,64.0,0,,Financial Services,102230944.0,0.0
PRDSF,Prada S.p.A,5.0,3,10,4,14,4,0,2,37,4.0,46.0,Weak,Watchlist only,50,-2.2,3.1,0.4,49.9,1,,Consumer Cyclical,12319345664.0,0.0
MPFRF,Mapfre S.A,5.4,15,6,12,10,3,4,4,54,-13.0,46.0,Weak,🔥 COILED: Watchlist only,55,0.0,0.0,0.2,97.5,0,,Financial Services,14890366976.0,0.0
VNMHF,VietNam Holding Limited,4.5,14,6,5,11,4,0,5,45,-2.0,46.0,Weak,Watchlist only,25,0.0,9.0,2.8,65.0,1,,Financial Services,90636760.0,26.5
NHLTY,NHLTY,1.14,11,12,3,8,3,2,4,43,2.0,45.0,Weak,Watchlist only,22,19.5,17.1,8.3,56.2,2,,nan,nan,0.0
FCSUF,Focus Minerals Limited,1.26,12,8,4,10,4,0,2,40,0.0,45.0,Weak,🔥 COILED: Watchlist only,43,0.0,19.2,3.7,59.0,2,,Basic Materials,329542432.0,143.16
AMBR,Amber International Holding Limited,1.775,15,5,3,9,5,5,5,47,-2.0,45.0,Weak,Watchlist only,31,7.6,57.1,18.5,62.3,2,,Technology,143298368.0,591111.15
ECELF,Eurocell plc,1.8,13,7,10,13,6,4,5,58,-13.0,45.0,Weak,Watchlist only,52,0.0,0.0,2.1,89.2,0,,Industrials,142897856.0,107.82
MPJPY,Metaplanet Inc.,1.81,16,8,4,11,7,3,2,51,-6.0,45.0,Weak,Watchlist only,38,-2.7,11.7,3.4,54.8,2,,nan,nan,0.0
MNTK,Montauk Renewables Inc,2.8,19,6,4,14,5,4,5,57,-12.0,45.0,Weak,Watchlist only,68,20.2,26.4,17.1,63.2,2,,Basic Materials,241979936.0,273950.44
FFXXF,Helios Fairfax Partners Corporation,2.2,16,6,6,15,6,4,5,58,-13.0,45.0,Weak,Watchlist only,57,0.5,0.5,2.3,70.3,0,,Financial Services,184906432.0,4121.5
BRR,"ProCap Financial, Inc.",3.91,15,4,5,14,5,4,5,52,-5.0,45.0,Weak,Watchlist only,59,-3.9,21.4,16.0,67.3,2,,Financial Services,174806896.0,868816.82
SEER,Seer Inc,2.03,15,14,13,3,4,2,5,56,-14.0,45.0,Weak,Watchlist only,41,9.1,6.3,5.3,59.7,2,,Healthcare,101715872.0,237709.98
AKKVF,Akastor ASA,1.42,11,6,7,8,3,1,4,40,0.0,45.0,Weak,🔥 COILED: Watchlist only,0,0.0,0.0,0.0,38.6,0,,Energy,490604640.0,0.0
POSC,Positron Corp,1.87,15,10,4,13,5,3,5,55,-8.0,45.0,Weak,Watchlist only,62,6.9,4.5,4.2,57.8,1,,Healthcare,61486916.0,38009.21
PLX,Protalix Biotherapeutics Inc,2.69,13,6,7,14,5,0,5,50,-10.0,45.0,Weak,🔥 COILED: Watchlist only,62,-2.2,-2.9,0.6,53.9,0,,Healthcare,161948992.0,914259.83
YNAJF,Yantai North Andre Juice Company Limited,2.09,8,6,10,9,3,2,4,42,0.0,45.0,Weak,Watchlist only,0,0.0,0.0,-0.0,2.2,0,,Consumer Defensive,362639776.0,0.0
MAQC,Maquia Capital Acquisition Corp,2.36,15,6,12,8,6,2,4,53,-13.0,45.0,Weak,🔥 COILED: Watchlist only,33,0.0,0.0,0.1,99.7,0,,Financial Services,11170651.0,14.5
FTROF,First Resources Limited,3.55,15,6,11,9,6,2,4,53,-13.0,45.0,Weak,🔥 COILED: Watchlist only,56,0.0,0.0,1.8,100.0,0,,Consumer Defensive,4077327872.0,79.5
UHPSX,ULTRASHORT CHINA PROFUND ULTRASHORT CHINA PROFUND SERVICE CLASS,2.78,16,3,11,7,3,11,5,56,-14.0,45.0,Weak,Watchlist only,59,4.1,1.5,3.8,60.1,0,,nan,0.0,0.0
HTZWW,Hertz Global Hldgs New Equity Warrants,0.917,3,12,4,9,6,2,2,38,2.0,45.0,Weak,Watchlist only,24,2.3,-2.3,-2.1,44.4,1,,nan,nan,99864.11
YSHLF,Yangzijiang Shipbuilding (Holdings) Ltd,3.94,11,13,7,11,6,5,5,58,-9.0,45.0,Weak,Watchlist only,63,2.9,-3.7,3.2,64.6,0,,Industrials,11547103232.0,0.0
GLVHF,Glenveagh Properties PLC,2.91,12,9,9,13,4,2,4,53,-13.0,45.0,Weak,🔥 COILED: Watchlist only,49,0.0,0.0,0.4,100.0,0,,Consumer Cyclical,1310544384.0,1428.6
WVVIP,Willamette Valley Vineyards Inc PR,3.12,14,7,3,11,0,5,2,42,0.0,45.0,Weak,Watchlist only,33,2.0,4.7,1.5,51.6,0,,Consumer Defensive,21754334.0,5379.85
UHPIX,ULTRASHORT CHINA PROFUND ULTRASHORT CHINA PROFUND INVESTOR CLASS,3.18,16,3,11,7,3,11,5,56,-14.0,45.0,Weak,Watchlist only,59,4.3,1.6,3.9,60.5,0,,nan,0.0,0.0
KIERF,Kier Group plc,4.085,14,3,3,13,6,0,5,44,-2.0,45.0,Weak,Watchlist only,55,-1.1,11.0,7.1,68.4,2,,Industrials,1198368768.0,11.63
SYT,"SYLA Technologies Co., Ltd. American Depositary Shares",2.38,7,5,8,12,5,1,4,42,0.0,45.0,Weak,Watchlist only,17,-1.2,0.4,-0.7,45.3,0,,Technology,60158036.0,1915.11
UK,Ucommune International Ltd,2.03,12,11,6,9,2,4,5,49,-3.0,45.0,Weak,Watchlist only,29,7.4,4.6,-0.7,48.8,1,,Real Estate,2121986.0,31154.04
GPTGF,GPT Group,3.4,8,4,8,10,3,3,4,40,0.0,45.0,Weak,🔥 COILED: Watchlist only,43,0.0,0.0,-0.0,40.0,0,,Real Estate,6589586432.0,0.0
TPGTF,TPG Telecom Limited,2.98,9,4,8,12,4,1,4,42,0.0,45.0,Weak,Watchlist only,20,0.0,0.0,-0.1,0.0,0,,Communication Services,6438736384.0,5.1
MBPFF,Mitchells & Butlers plc,3.76,15,3,11,8,6,6,4,53,-13.0,45.0,Weak,🔥 COILED: Watchlist only,51,0.0,0.0,0.2,95.5,0,,Consumer Cyclical,2024112384.0,44.7
PDRX,Pd-Rx Pharmaceutical,3.1,8,6,8,9,4,3,4,42,0.0,45.0,Weak,Watchlist only,17,0.0,0.0,-0.9,0.0,0,,Healthcare,5745551.0,121.28
PTXLF,PTT Exploration and Production Public Company Limited,3.85,9,6,11,7,3,2,4,42,0.0,45.0,Weak,Watchlist only,0,0.0,0.0,0.0,11.6,0,,Energy,13896693760.0,3.0
MPGPY,Pagegroup PLC ADR,4.69,2,4,10,9,6,5,4,40,0.0,45.0,Weak,🔥 COILED: Watchlist only,50,0.0,0.0,-0.2,49.9,0,,Industrials,604045376.0,0.0
JTKWY,Just Eat Takeaway.com NV ADR,4.76,15,14,5,13,6,11,5,69,-22.0,45.0,Weak,Watchlist only,59,8.0,12.0,9.4,60.7,3,,nan,4094232832.0,5956.5
CPCCX,COMSTOCK CAPITAL VALUE FUND RETAIL CLASS C,4.2,12,12,4,6,6,4,4,48,-8.0,45.0,Weak,🔥 COILED: Watchlist only,46,-0.2,0.2,0.0,50.5,0,,nan,0.0,0.0
SITC,Site Centers Corp,3.05,6,8,6,13,4,4,4,45,2.0,45.0,Weak,Watchlist only,23,1.0,5.2,1.7,50.3,0,,Real Estate,262636736.0,1023297.68
COPJF,Cooper Energy Limited,1.4,13,7,10,14,8,4,5,61,-17.0,44.0,Weak,Watchlist only,0,3.7,3.7,7.8,71.4,1,,Energy,404839136.0,0.0
LLDTF,Lloyds Banking Group plc,1.53,11,15,6,5,8,0,4,49,-8.0,44.0,Weak,Watchlist only,42,-1.3,13.3,3.7,53.2,2,,Financial Services,81572052992.0,0.0
VODPF,Vodafone Group PLC,1.71,14,5,10,12,6,4,5,56,-12.0,44.0,Weak,Watchlist only,54,0.0,0.0,2.1,63.7,1,,Communication Services,35921715200.0,0.0
QTRHF,Quarterhill Inc,2.08,15,16,7,15,6,5,5,69,-25.0,44.0,Weak,Watchlist only,52,3.0,11.8,7.0,60.5,3,,Technology,167972848.0,22379.94
CRNMF,CRNMF,1.4,14,4,3,9,6,3,2,41,-2.0,44.0,Weak,🔥 COILED: Watchlist only,42,0.0,0.0,3.0,61.6,0,,nan,nan,0.0
OSOL,Osprey Solana Trust,2.28,13,8,5,16,7,4,5,58,-15.0,44.0,Weak,Watchlist only,39,2.3,9.6,6.9,61.2,1,,nan,nan,54045.94
FRSX,Foresight Autonomous Holdings Ltd ADR,1.18,7,13,7,11,3,0,5,46,-3.0,44.0,Weak,Watchlist only,24,-4.1,7.3,2.2,51.2,1,,Consumer Cyclical,4505939.0,123691.54
BMRPF,B&M European Value Retail S.A,3.1,11,4,10,8,6,2,3,44,-3.0,44.0,Weak,Watchlist only,42,0.0,1.0,0.4,70.7,0,,Consumer Defensive,2140731648.0,14001.98
BEEP,Mobile Infrastructure Corporation,2.83,11,7,8,12,5,3,2,48,-5.0,44.0,Weak,Watchlist only,46,-0.4,-0.4,-0.0,53.9,2,,Industrials,92683040.0,56931.05
CNVVF,ConvaTec Group Plc,2.985,13,14,9,4,4,2,3,49,-8.0,44.0,Weak,Watchlist only,46,12.2,2.6,4.0,56.6,0,,Healthcare,5019974656.0,0.0
MITFF,Mitie Group plc,2.75,5,4,8,8,6,5,3,39,0.0,44.0,Weak,🔥 COILED: Watchlist only,50,0.0,-2.8,-0.5,49.4,0,,Industrials,2872730112.0,0.0
YUGVF,YouGov plc,3.61,8,4,6,10,6,1,4,39,0.0,44.0,Weak,🔥 COILED: Watchlist only,47,0.0,0.3,-0.2,53.5,0,,Industrials,335070208.0,0.0
GUER,Guerrilla RF Inc.,4.2,14,8,6,11,7,2,4,52,-6.0,44.0,Weak,Watchlist only,67,1.2,0.0,4.0,58.3,2,,Technology,31099568.0,3710.27
VTEXF,Venturex Resources Ltd (Australia),3.48,7,9,5,10,3,3,4,41,0.0,44.0,Weak,Watchlist only,42,0.0,0.0,-0.1,22.6,0,,Basic Materials,1207746816.0,77.81
NMCCX,VOYA MIDCAP OPPORTUNITIES FUND CLASS C,3.59,9,8,5,7,0,7,3,39,0.0,44.0,Weak,🔥 COILED: Watchlist only,32,-0.6,1.7,-0.3,48.0,0,,nan,0.0,0.0
OSSUY,Össur hf,4.15,13,6,11,10,6,2,4,52,-13.0,44.0,Weak,🔥 COILED: Watchlist only,49,0.0,0.0,0.1,99.7,0,,Healthcare,1626394368.0,35.61
GXYEF,Galaxy Entertainment Group Ltd,4.34,4,11,4,8,9,4,4,44,-1.0,44.0,Weak,Watchlist only,44,0.6,11.6,1.2,50.7,2,,Consumer Cyclical,18436603904.0,0.0
PPLFY,Perusahaan Perkebunan London Sumatra Indonesia Tbk PT ADR,4.5,13,5,10,9,6,6,5,54,-13.0,44.0,Weak,Watchlist only,0,0.0,0.0,1.3,80.2,0,,Consumer Defensive,545597120.0,19.52
BOSC,BOS Better Online Solutions,4.67,8,4,8,11,3,3,4,41,0.0,44.0,Weak,Watchlist only,51,-0.8,-1.3,-0.4,50.1,0,,Technology,29679700.0,84689.73
TLIH,Ten-League International Holdings Limited Ordinary Shares,5.78,12,5,7,12,7,4,4,51,-8.0,44.0,Weak,Watchlist only,55,0.5,0.5,0.2,52.8,0,,Industrials,11291270.0,263970.17
FNEVY,Fraser and Neave Ltd ADR,4.53,7,4,10,7,3,4,4,39,0.0,44.0,Weak,🔥 COILED: Watchlist only,38,0.0,0.0,-0.0,53.3,0,,Consumer Defensive,1514173440.0,0.0
SWRHF,Shibusawa Logistics Corporation,4.565,8,4,10,8,3,2,4,39,0.0,44.0,Weak,🔥 COILED: Watchlist only,36,0.0,0.0,-0.0,48.1,0,,Industrials,259903392.0,1.0
API,Agora Inc,4.15,10,7,6,13,3,1,4,44,0.0,44.0,Weak,Watchlist only,46,-4.0,1.7,-0.7,48.7,0,,Technology,406684448.0,437501.02
KFFB,Kentucky First Federal Bancorp,5.637,11,6,2,10,8,0,2,39,2.0,44.0,Weak,Watchlist only,52,-4.9,-5.4,-1.1,49.1,0,,Financial Services,35662416.0,7808.57
PYPG,Leverage Shares 2X Long PYPL Daily ETF,7.366,5,8,6,10,7,4,4,44,2.0,44.0,Weak,Watchlist only,44,5.7,-0.0,-1.2,46.6,0,,nan,nan,630115.26
TXXS,21Shares 2x Long Sui ETF,46.409,18,6,5,14,7,6,5,61,-17.8,43.2,Weak,⚠️ EXHAUSTION RISK: Watchlist only,45,20.5,119.6,53.5,74.3,2,,nan,nan,0.0
NVNI,Nvni Group Limited Ordinary Shares,0.94,5,12,8,9,4,6,2,46,-3.0,43.0,Weak,Watchlist only,31,-3.1,-1.5,-1.4,47.0,1,,Technology,12276739.0,351166.8
SCTTF,Scott Technology Limited,1.14,8,3,10,10,3,2,4,40,0.0,43.0,Weak,Watchlist only,37,0.0,0.0,-0.0,0.0,0,,Industrials,95869136.0,75.0
TELO,"Telomir Pharmaceuticals, Inc. Common Stock",1.2,11,7,5,10,3,4,5,45,-5.0,43.0,Weak,Watchlist only,40,-3.2,2.6,0.9,52.3,1,,Healthcare,84593200.0,1125052.41
RAPH,Raphael Pharmaceutical Inc.,1.4,10,6,11,8,3,6,4,48,-8.0,43.0,Weak,Watchlist only,56,0.0,0.0,0.0,76.9,1,,Healthcare,28246984.0,14.69
ACCL,Acco Group Holdings Limited Ordinary Shares,2.75,10,11,2,12,6,0,2,43,2.0,43.0,Weak,Watchlist only,51,-4.2,-2.8,-0.2,50.4,1,,Industrials,20645852.0,0.0
HKD,AMTD Digital Inc.,1.69,10,9,9,9,5,1,3,46,-3.0,43.0,Weak,Watchlist only,39,0.0,-1.7,-0.4,49.3,0,,Technology,559417280.0,2176901.29
CTPCF,CITIC Limited,1.45,16,4,8,13,6,4,5,56,-13.0,43.0,Weak,Watchlist only,42,7.4,7.4,4.8,91.2,0,,Industrials,50326155264.0,0.0
STMRF,Stanmore Resources Limited,1.945,8,3,2,11,6,5,5,40,0.0,43.0,Weak,Watchlist only,49,-2.0,-6.7,-2.0,47.0,1,,Basic Materials,1622504832.0,17792.05
CAMLF,Central Asia Metals plc,2.23,5,10,1,8,8,2,5,39,4.0,43.0,Weak,Watchlist only,39,-18.9,-18.9,-7.1,43.4,1,,Basic Materials,316956544.0,1019.96
OPESF,Otello Corporation ASA,1.8,6,3,9,8,3,7,4,40,0.0,43.0,Weak,Watchlist only,44,0.0,0.0,-0.3,0.4,0,,Communication Services,130534648.0,18.54
POTMF,Portmeirion Group PLC,1.9,8,4,10,7,3,2,4,38,0.0,43.0,Weak,🔥 COILED: Watchlist only,40,0.0,0.0,-0.0,45.4,0,,Consumer Cyclical,26204238.0,0.38
NTCL,NETCLASS TECHNOLOGY INC Class A Ordinary Shares,2.085,8,10,8,10,2,6,2,46,-3.0,43.0,Weak,Watchlist only,43,3.2,2.2,-1.4,46.4,1,,Technology,105499512.0,1754800.08
SINT,SINTX Technologies Inc,1.99,16,13,6,15,6,8,5,69,-29,43,Weak,Watchlist only,36,13.1,11.2,13.0,68.0,3,,Healthcare,13892758.0,308204.14
PNTOF,Pantoro Ltd,2.05,10,5,11,9,6,2,5,48,-5.0,43.0,Weak,Watchlist only,35,0.0,3.0,2.9,73.9,0,,Basic Materials,956829312.0,1150.19
YQ,17 Education Technology Group Inc,3.69,11,2,4,15,9,2,5,48,-3.0,43.0,Weak,Watchlist only,60,1.9,-3.7,8.2,59.5,1,,Consumer Defensive,22762750.0,19527.84
FDMDF,4DMedical Limited,2.75,8,7,7,9,4,4,2,41,-3.0,43.0,Weak,🔥 COILED: Watchlist only,51,3.3,5.8,1.9,53.3,1,,Healthcare,1582959872.0,6020.27
PAHGF,Pets at Home Group Plc,2.718,12,7,11,6,4,1,4,45,-10.0,43.0,Weak,🔥 COILED: Watchlist only,45,0.0,0.0,0.3,53.2,0,,Consumer Cyclical,1194160128.0,0.0
LTCEF,LTCEF,2.76,10,10,9,4,6,4,5,48,-8.0,43.0,Weak,Watchlist only,59,4.9,-3.4,1.9,55.5,0,,nan,nan,9393.46
IONZ,Defiance Daily Target 2x Short IONQ ETF,19.765,10,7,4,11,7,2,5,46,-3.0,43.0,Weak,Watchlist only,61,-19.3,-34.0,1.2,54.9,1,,nan,nan,6716893.67
COTGF,COTGF,3.618,12,7,10,12,4,2,4,51,-13.0,43.0,Weak,🔥 COILED: Watchlist only,53,0.0,0.0,0.5,80.2,0,,Technology,249815760.0,4545.42
CMRC,"Commerce.com, Inc.",3.17,12,5,4,15,3,4,5,48,-5.0,43.0,Weak,Watchlist only,44,-4.8,-12.9,2.9,56.0,1,,Technology,236810112.0,866926.84
URLGX,COLUMBIA SELECT LARGE CAP GROWTH FUND COLUMBIA SELECT LARGE CAP GROWTH FUND CLASS R,3.16,15,7,7,7,3,2,4,45,-5.0,43.0,Weak,Watchlist only,47,-0.3,3.6,1.3,58.7,0,,nan,0.0,0.0
RAAQW,Real Asset Acquisition Corp.,4.9,19,10,5,16,6,8,5,69,-26,43,Weak,Watchlist only,74,276.9,276.9,172.8,75.1,2,4,nan,nan,52942.71
SANG,Sangoma Technologies Corp,3.59,9,12,3,8,3,4,2,41,-3.0,43.0,Weak,Watchlist only,31,3.2,-0.6,-1.5,42.8,1,,Technology,117141344.0,5989.89
BRDNF,BRDNF,4.5,16,8,6,9,6,10,5,60,-13.0,43.0,Weak,Watchlist only,54,5.5,14.2,8.3,98.3,2,,Basic Materials,1352037888.0,178.33
BOF,BranchOut Food Inc. Common Stock,3.96,10,13,10,7,3,2,4,49,-6.0,43.0,Weak,Watchlist only,63,6.3,2.6,3.4,54.0,2,,Consumer Defensive,57435112.0,446355.58
TCAPF,TP ICAP Group PLC,4.56,8,6,8,9,3,4,4,42,-2.0,43.0,Weak,Watchlist only,47,0.0,0.0,-0.0,60.3,0,,Financial Services,2922688256.0,82.28
MNSAF,Mineros S.A.,6.89,17,7,2,13,7,2,5,53,-10.0,43.0,Weak,Watchlist only,56,0.4,5.1,5.9,65.0,0,,Basic Materials,1209415296.0,15761.69
WXIBF,WuXi Biologics,6.77,19,4,11,11,7,9,5,66,-23.0,43.0,Weak,Watchlist only,59,12.6,12.6,9.9,80.4,2,,Healthcare,18193782784.0,3877.83
BCOMF,B Communications Ltd,4.3,8,6,10,7,3,2,4,40,0.0,43.0,Weak,Watchlist only,34,0.0,0.0,-0.0,34.3,0,,Communication Services,451979904.0,0.0
WMGTF,Wilmington plc,4.479,8,4,10,7,3,2,4,38,0.0,43.0,Weak,🔥 COILED: Watchlist only,41,0.0,0.0,-0.0,43.9,0,,Consumer Defensive,401142816.0,7.34
SGHT,Sight Sciences Inc,9.27,17,11,10,12,6,9,5,70,-28,43,Weak,Watchlist only,67,9.2,14.0,10.7,76.0,4,,Healthcare,250285744.0,251610.58
CWGL,Crimson Wine,4.46,8,4,5,13,3,0,5,38,0.0,43.0,Weak,🔥 COILED: Watchlist only,47,-0.2,-0.9,0.5,54.2,0,,Consumer Defensive,91196104.0,14286.56
APHBF,APHBF,4.44,10,4,5,10,4,1,4,38,0.0,43.0,Weak,🔥 COILED: Watchlist only,45,0.0,0.0,-0.0,44.5,0,,nan,nan,156.0
VCIGF,Vitreous Glass Inc,5.0,4,9,4,8,6,5,3,39,4.0,43.0,Weak,Watchlist only,57,0.0,-2.0,-0.8,43.6,0,,Industrials,29310290.0,0.0
STCK,Grayscale Stacks Trust (STX),2.8,16,9,6,12,6,10,5,64,-24.8,42.2,Weak,Watchlist only,64,48.9,54.7,40.0,75.4,2,,nan,nan,0.0
BBOE,Black Box Entertainment Ltd,0.59,4,6,10,9,3,3,4,39,0.0,42.0,Weak,Watchlist only,17,0.0,0.0,-0.3,16.6,0,,Financial Services,13822455.0,335.31
VCNX,Vaccinex Inc,1.0,5,7,8,13,4,4,4,45,-6.0,42.0,Weak,🔥 COILED: Watchlist only,47,0.0,-5.7,1.5,50.8,1,,Healthcare,2676637.0,2603.64
JOCXX,JPMorgan Trust IV - Institutional Tax Free Money Market Fund,1.0,14,8,7,6,4,2,4,45,-8.0,42.0,Weak,🔥 COILED: Watchlist only,38,0.0,0.0,0.0,51.9,0,,nan,nan,0.0
LGMK,LogicMark Inc,1.068,11,7,8,8,3,2,2,41,0.0,42.0,Weak,Watchlist only,48,-0.2,-8.7,-3.5,48.6,1,,Healthcare,899759.0,4595.35
FRSPF,First Phosphate Corp.,1.61,14,14,8,5,9,0,2,52,-13.0,42.0,Weak,Watchlist only,60,-4.7,8.1,1.8,53.3,2,,Basic Materials,237531312.0,228658.93
LUNA,Luna Innovations Incorporated,1.34,15,6,8,12,6,2,3,52,-15.0,42.0,Weak,🔥 COILED: Watchlist only,59,-0.7,-0.7,0.1,53.3,1,,Technology,52045528.0,47286.67
AIHS,Senmiao Technology Ltd,1.995,18,11,5,15,6,11,5,71,-27,42,Weak,Watchlist only,57,13.4,40.5,23.2,65.7,3,,Industrials,5423412.0,1291628.46
LVWR,LiveWire Group Inc.,1.56,13,16,3,14,7,4,5,62,-18.0,42.0,Weak,Watchlist only,43,2.0,41.8,15.2,59.8,3,,Consumer Cyclical,264142752.0,161074.27
DLNDY,D&L Industries Inc ADR,1.33,13,6,9,6,5,4,5,48,-9.0,42.0,Weak,Watchlist only,32,0.0,2.9,2.0,63.6,0,,Basic Materials,422857184.0,942.68
NXCLF,LIFULL Co. Ltd,1.55,6,3,10,7,5,4,4,39,0.0,42.0,Weak,Watchlist only,43,0.0,0.0,-0.2,10.0,0,,Communication Services,197644496.0,0.0
INCPF,InnoCare Pharma Limited,1.55,8,3,10,9,3,2,4,39,0.0,42.0,Weak,Watchlist only,33,0.0,0.0,-0.0,0.0,0,,Healthcare,2731344640.0,28.0
EQTL,Equitech International Corporation,1.65,7,3,8,8,3,6,4,39,0.0,42.0,Weak,Watchlist only,30,0.0,0.0,-0.0,27.7,0,,Technology,2749187.0,60.88
SDM,Smart Digital Group Limited Ordinary Shares,1.85,7,3,10,9,0,6,4,39,0.0,42.0,Weak,Watchlist only,29,0.0,0.0,-0.0,28.7,0,,Communication Services,58691252.0,403288.0
HMCLF,HMCLF,2.55,13,6,11,8,6,2,4,50,-13.0,42.0,Weak,🔥 COILED: Watchlist only,55,0.0,0.0,2.0,99.9,1,,Real Estate,792222208.0,124.67
KGGNF,Kogan.com Ltd,2.16,8,3,10,9,3,2,4,39,0.0,42.0,Weak,Watchlist only,34,0.0,0.0,-0.0,0.1,1,,Consumer Cyclical,206542304.0,5.15
NAUT,Nautilus Biotechnology Inc,1.11,12,16,9,12,3,3,5,60,-21.0,42.0,Weak,Watchlist only,30,16.2,22.5,12.9,57.9,3,,Healthcare,340571328.0,364346.34
DRDGF,Drdgold,2.675,6,3,8,9,3,3,5,37,2.0,42.0,Weak,Watchlist only,35,0.0,0.0,-1.4,47.4,0,,Basic Materials,2177168128.0,0.0
PTXKY,XL Axiata Tbk PT ADR,2.898,6,4,2,10,6,5,4,37,2.0,42.0,Weak,Watchlist only,44,0.0,0.0,-1.3,47.5,1,,Communication Services,2839178496.0,7653.83
VIMGF,Vimian Group AB (publ),2.77,8,3,10,7,3,4,4,39,0.0,42.0,Weak,Watchlist only,34,0.0,0.0,-0.0,0.0,0,,Healthcare,1466058496.0,392.85
UTSI,UTStarcom Holdings Corp,2.355,13,11,3,11,4,1,4,47,-3.0,42.0,Weak,Watchlist only,24,8.5,3.7,2.5,52.6,1,,Technology,26678448.0,5251.3
DNERF,Downer EDI Limited,3.0,8,3,10,9,3,2,4,39,0.0,42.0,Weak,Watchlist only,39,0.0,0.0,-0.0,0.0,0,,Industrials,1984904192.0,3.8
ASCOF,Ascopiave S.p.A,3.33,8,3,10,9,3,2,4,39,0.0,42.0,Weak,Watchlist only,36,0.0,0.0,-0.0,0.0,0,,Utilities,720738048.0,1.0
DHX,DHI Group Inc,4.63,12,6,6,14,5,4,5,52,-13.0,42.0,Weak,Watchlist only,62,-2.1,-3.5,0.2,52.8,1,,Technology,158538528.0,376991.4
BBXIB,BBX Capital Inc,5.0,15,6,11,11,6,2,4,55,-18.0,42.0,Weak,🔥 COILED: Watchlist only,52,0.0,0.0,0.2,85.8,1,,Industrials,49186460.0,15.11
STG,Sunlands Technology Group,2.92,3,6,8,10,3,3,4,37,4.0,42.0,Weak,Watchlist only,31,3.2,-2.7,-1.2,44.5,0,,Consumer Defensive,45781284.0,137828.31
POELF,The Navigator Company S.A,3.6,8,3,10,9,3,2,4,39,0.0,42.0,Weak,Watchlist only,39,0.0,0.0,-0.0,0.0,0,,Basic Materials,2560258816.0,354.28
SAFLY,Safilo Group SpA ADR,4.75,12,9,9,12,4,2,4,52,-13.0,42.0,Weak,Watchlist only,52,0.0,0.0,0.5,98.9,0,,Healthcare,737865024.0,32.03
XCXEX,MFS High Income Municipal Trust,4.1,10,7,11,6,4,2,4,44,-10.0,42.0,Weak,🔥 COILED: Watchlist only,47,0.0,0.0,0.0,54.5,0,,Other,0.0,0.0
SITIF,SITC International Holdings Company Limited,6.1,18,1,6,11,6,5,5,52,-10.0,42.0,Weak,Watchlist only,70,3.6,6.2,6.8,89.4,0,,Industrials,11636963328.0,6273.59
SFGYY,Sony Financial Group Inc.,5.07,12,9,2,14,7,0,3,47,-10.0,42.0,Weak,🔥 COILED: Watchlist only,51,-1.4,-3.6,-0.3,50.7,0,,Financial Services,5755847168.0,0.0
SCYX,Scynexis Inc,4.62,9,10,2,7,6,4,2,40,-3.0,42.0,Weak,Watchlist only,57,5.0,0.4,-1.5,47.8,1,,Healthcare,46126380.0,63425.0
BUGDF,Bumrungrad Hospital PCL DRC,4.75,6,4,11,7,3,2,4,37,0.0,42.0,Weak,🔥 COILED: Watchlist only,40,0.0,0.0,0.0,50.8,0,,Healthcare,4292819712.0,0.0
FRMUF,Firm Capital Property Trust,4.94,6,4,2,11,6,5,3,37,0.0,42.0,Weak,🔥 COILED: Watchlist only,38,0.0,-0.8,-0.4,45.0,0,,Real Estate,177243264.0,1082.44
CSWYF,China Shineway Pharmaceutical Group Limited,1.004,5,4,10,8,3,2,4,36,0.0,41.0,Weak,🔥 COILED: Watchlist only,37,0.0,0.0,0.0,50.0,0,,Healthcare,758421568.0,1.0
NASO,The GNS Group Inc,1.15,15,5,10,9,3,1,5,48,-7.0,41.0,Weak,Watchlist only,31,0.0,0.0,6.5,64.4,1,,Consumer Defensive,2248752.0,1193.7
ABLV,Able View Global Inc. Class B Ordinary Shares,1.665,19,8,6,10,6,7,5,61,-21,41,Weak,Watchlist only,60,75.3,69.9,56.8,78.5,3,9,Consumer Cyclical,54822812.0,248317.12
TSYHF,TravelSky Technology Limited,1.125,13,4,8,11,5,2,3,46,-10.0,41.0,Weak,🔥 COILED: Watchlist only,35,-1.3,-0.3,0.0,50.5,0,,Technology,3452926976.0,27890.79
GROV,"Grove Collaborative Holdings, Inc.",1.07,11,14,7,4,5,5,5,51,-13.0,41.0,Weak,Watchlist only,42,2.9,4.9,2.8,55.6,1,,Consumer Defensive,51484396.0,66449.71
GMXTF,GMéxico Transportes S.A.B. de C.V,1.23,8,3,10,8,3,2,4,38,0.0,41.0,Weak,Watchlist only,36,0.0,0.0,-0.0,2.4,0,,Industrials,4940832768.0,9.31
GPSAF,GPSAF,1.23,5,4,10,8,3,2,4,36,0.0,41.0,Weak,🔥 COILED: Watchlist only,33,0.0,0.0,0.0,50.0,0,,nan,609934848.0,50.0
PPKRF,PPKRF,1.3,5,4,10,8,3,2,4,36,0.0,41.0,Weak,🔥 COILED: Watchlist only,38,0.0,0.0,0.0,50.0,0,,Consumer Cyclical,4795471872.0,1.0
TRUBF,TRUBF,1.6,12,7,9,12,3,2,4,49,-13.0,41.0,Weak,🔥 COILED: Watchlist only,44,0.0,0.0,0.1,99.9,0,,nan,438952224.0,81.47
SLSN,"Solesence, Inc. Common Stock",0.832,9,13,8,3,9,2,2,46,-6.0,41.0,Weak,Watchlist only,32,2.7,2.7,-1.6,45.6,1,,Consumer Defensive,88643720.0,38067.4
CSGQF,Costain Group PLC,1.375,5,4,10,8,3,2,4,36,0.0,41.0,Weak,🔥 COILED: Watchlist only,38,0.0,0.0,0.0,50.0,0,,Industrials,367232992.0,212.0
CGPZF,C&C Group plc,1.5,17,4,6,8,6,5,5,51,-10.0,41.0,Weak,Watchlist only,47,5.6,11.9,6.8,96.3,2,,Consumer Defensive,537767552.0,0.0
HBMHF,HBM Holdings Limited,1.56,8,3,10,8,3,2,4,38,0.0,41.0,Weak,Watchlist only,39,0.0,0.0,-0.0,0.1,0,,Healthcare,1303004544.0,111.48
NNDM,Nano Dimension Ltd,1.56,8,8,8,7,5,4,3,43,-5.0,41.0,Weak,Watchlist only,39,0.6,1.3,-0.0,50.2,1,,Technology,326365376.0,2797526.33
AIB,"BlockchAIn Digital Infrastructure, Inc",1.65,17,8,6,12,5,6,5,59,-18.0,41.0,Weak,Watchlist only,0,15.4,24.1,14.3,59.2,3,,Technology,77927488.0,0.0
CHLWF,Charter Hall Long WALE REIT,1.73,5,4,10,8,3,2,4,36,0.0,41.0,Weak,🔥 COILED: Watchlist only,33,0.0,0.0,0.0,50.0,1,,Real Estate,1238156160.0,2.87
HWGLF,Harworth Group plc,2.07,5,4,10,8,3,2,4,36,0.0,41.0,Weak,🔥 COILED: Watchlist only,37,0.0,0.0,0.0,50.0,0,,Real Estate,673164672.0,3.0
SSCC,SMURFIT-STONE CONTAINER Corp,2.22,7,6,11,8,3,2,4,41,-5.0,41.0,Weak,🔥 COILED: Watchlist only,38,0.0,0.0,0.0,50.0,1,,Technology,260140752.0,0.04
WSSTF,Western Bulk Chartering AS,2.34,15,5,5,9,6,6,5,51,-13.0,41.0,Weak,Watchlist only,69,0.0,6.4,3.0,97.7,0,,Industrials,76312600.0,115.26
QKIE,QKIE,3.01,16,4,4,10,3,8,5,50,-9.0,41.0,Weak,Watchlist only,63,12.7,0.3,10.4,65.0,0,,Financial Services,1189168256.0,633.69
GIPIF,Green Impact Partners Inc,2.25,10,6,10,8,3,2,4,43,-5.0,41.0,Weak,Watchlist only,33,0.0,0.0,-0.0,33.4,1,,Industrials,47230416.0,22.0
FLYX,"flyExclusive, Inc.",1.23,11,8,7,11,0,0,4,41,-3.0,41.0,Weak,Watchlist only,23,-0.8,9.8,0.7,49.9,2,,Industrials,245847808.0,983172.73
ELPKF,Elopak ASA,2.81,5,4,10,8,3,2,4,36,0.0,41.0,Weak,🔥 COILED: Watchlist only,33,0.0,0.0,0.0,50.0,0,,Consumer Cyclical,755150016.0,10.0
RMDCX,ALLIANZGI MID-CAP FUND C,2.63,9,8,5,7,0,3,4,36,0.0,41.0,Weak,🔥 COILED: Watchlist only,29,-1.5,2.7,-0.1,48.9,0,,nan,0.0,0.0
HTSUY,Hisamitsu Pharmaceutical Company Inc Unsponsored ADR,2.94,4,7,9,8,3,1,4,36,0.0,41.0,Weak,🔥 COILED: Watchlist only,19,0.0,0.0,-0.5,45.0,0,,Healthcare,nan,10.93
EYUUF,Electricity Gnrtng NVtg,3.208,5,4,10,8,3,2,4,36,0.0,41.0,Weak,🔥 COILED: Watchlist only,33,0.0,0.0,0.0,50.0,1,,Utilities,1688899712.0,0.02
PGCSF,Prosegur Compañía de Seguridad S.A,3.45,15,6,12,7,3,2,4,49,-13.0,41.0,Weak,🔥 COILED: Watchlist only,50,0.0,0.0,0.1,100.0,0,,Industrials,1628347136.0,56.54
VERB,Verb Technology Company Inc,3.98,17,12,6,16,6,1,5,63,-22.0,41.0,Weak,Watchlist only,59,3.6,25.2,14.7,61.9,3,,Technology,877814080.0,574130.39
YDES,YD Bio Ltd,7.11,18,11,7,11,6,6,5,64,-21,41,Weak,Watchlist only,56,170.3,85.6,72.2,75.3,3,9,Healthcare,255701152.0,0.0
TONX,TON Strategy Co,3.98,17,12,6,16,6,1,5,63,-22.0,41.0,Weak,Watchlist only,60,3.6,25.2,14.7,61.9,3,,Technology,212555120.0,574112.99
ATHR,"Aether Holdings, Inc.",3.49,9,5,4,13,2,7,5,45,-5.0,41.0,Weak,Watchlist only,24,-3.9,4.2,0.3,50.2,1,,Technology,41047972.0,19512.83
IMMQF,Immobiliare Grande Distribuzione SIIQ S.p.A,3.46,7,6,11,8,3,2,4,41,-5.0,41.0,Weak,🔥 COILED: Watchlist only,43,0.0,0.0,0.0,50.0,1,,Real Estate,381783008.0,22.44
SPRS,Surge Components Inc,3.99,13,8,6,5,6,3,2,43,-10.0,41.0,Weak,🔥 COILED: Watchlist only,48,3.6,4.7,0.9,52.2,0,,Technology,20237444.0,3183.52
SUSRF,Surgical Science Sweden AB (publ),5.2,16,6,6,9,6,2,4,49,-13.0,41.0,Weak,🔥 COILED: Watchlist only,54,0.0,0.0,1.5,99.9,0,,Healthcare,280117536.0,525.93
CFWFF,Calfrac Well Services Ltd,4.83,5,4,6,11,5,5,3,39,2.0,41.0,Weak,Watchlist only,40,0.8,-2.2,-2.0,44.7,0,,Energy,486282560.0,10627.97
GGB,Gerdau SA ADR,4.78,7,4,4,11,5,4,5,40,0.0,41.0,Weak,Watchlist only,57,-4.4,-2.2,-2.2,46.4,1,,Basic Materials,9039893504.0,17725562.13
CSNRF,CoinShares,4.59,12,7,9,11,4,2,4,49,-13.0,41.0,Weak,🔥 COILED: Watchlist only,49,0.0,0.0,0.0,100.0,1,,Financial Services,1054149504.0,25.5
STTK,Shattuck Labs Inc,6.43,6,15,5,9,3,4,2,44,-1.0,41.0,Weak,Watchlist only,53,5.2,3.7,-0.0,48.0,2,,Healthcare,374967744.0,604925.04
^TNX,CBOE Interest Rate 10 Year T No,5.24,19,5,5,9,6,4,5,53,-12.0,41.0,Weak,Watchlist only,60,5.6,5.6,5.3,78.6,0,,Other,nan,0.0
ELCPF,EDP - Energias de Portugal S.A,5.2,9,7,8,12,5,4,4,49,-8.0,41.0,Weak,Watchlist only,50,-1.7,1.0,-0.8,48.8,0,,Utilities,20090859520.0,0.0
SONM,Sonim Technologies Inc,4.35,12,11,7,16,4,2,5,57,-17.0,41.0,Weak,Watchlist only,50,7.4,41.9,20.6,63.5,3,,Technology,6683207.0,51088.73
JAFJX,John Hancock Variable Insurance Trust - Capital Appreciation Value Trust,5.03,14,6,5,7,3,2,4,41,-5.0,41.0,Weak,🔥 COILED: Watchlist only,49,-1.0,3.1,0.8,54.5,0,,nan,nan,0.0
CLNXX,Columbia Funds Series Trust II - Columbia Money Market Fund,1.0,8,9,11,6,3,2,4,43,-8.0,40.0,Weak,🔥 COILED: Watchlist only,45,0.0,0.0,0.0,50.8,0,,nan,nan,0.0
PRSXX,PRSXX,1.0,13,11,4,6,4,4,4,46,-9.0,40.0,Weak,Watchlist only,36,0.0,0.0,0.0,60.5,0,,nan,nan,0.0
VYAXX,Voya Funds Trust - Government Money Market Fund Series II,1.0,13,12,4,6,4,2,4,45,-8.0,40.0,Weak,Watchlist only,48,0.0,0.0,0.0,59.0,0,,nan,nan,0.0
MTEN,Mingteng International Corporation Inc. Ordinary Shares,1.03,6,14,8,8,4,0,3,43,-4.0,40.0,Weak,Watchlist only,33,1.0,2.0,-1.0,47.6,1,,Industrials,5631816.0,148205.67
SID,Companhia Siderurgica Nacional ADR,1.11,11,9,2,8,7,2,5,44,-5.0,40.0,Weak,Watchlist only,27,-5.1,-5.9,-2.7,48.2,1,,Basic Materials,1741984128.0,3751480.2
AMRQF,Amaroq Ltd.,1.55,13,5,5,15,3,1,5,47,-5.0,40.0,Weak,Watchlist only,51,-4.9,3.3,2.9,58.2,1,,Basic Materials,568562432.0,119612.58
NOWG,Nowigence Inc.,1.24,5,6,8,12,4,1,4,40,-5.0,40.0,Weak,🔥 COILED: Watchlist only,29,0.0,0.0,-0.0,47.6,1,,Technology,16162911.0,407.91
NEXR,Nexera Technologies Ltd.,1.55,4,12,8,7,5,2,2,40,-3.0,40.0,Weak,Watchlist only,39,-8.3,2.6,-7.4,43.8,1,,Consumer Cyclical,825352.0,1213149.34
VGLIF,VGLIF,1.25,8,3,10,7,3,2,4,37,0.0,40.0,Weak,Watchlist only,39,0.0,0.0,-0.0,0.1,0,,Technology,298542976.0,320.5
SAPLF,Sylvania Platinum Limited,1.285,12,13,8,9,5,1,3,51,-11.0,40.0,Weak,Watchlist only,51,-4.1,8.9,2.0,54.9,1,,Basic Materials,383059808.0,23242.82
PEJMF,Peijia Medical Limited,1.387,8,5,10,8,3,2,4,40,-5.0,40.0,Weak,🔥 COILED: Watchlist only,37,0.0,0.0,-0.0,48.1,1,,Healthcare,928412224.0,3800.0
RTMAF,Reitmans (Canada) Limited,1.51,13,6,10,9,6,2,4,50,-15.0,40.0,Weak,🔥 COILED: Watchlist only,42,0.0,0.0,0.9,87.7,1,,Consumer Cyclical,70181752.0,658.13
ECNLF,Aquafil S.p.A,1.54,16,4,6,14,6,8,4,58,-18.0,40.0,Weak,Watchlist only,53,1.3,1.3,1.0,99.9,1,,Consumer Cyclical,136965744.0,66.0
ZZHGF,ZhongAn Online P & C Insurance Co. Ltd,1.5,8,3,10,7,3,2,4,37,0.0,40.0,Weak,Watchlist only,34,0.0,0.0,-0.0,0.0,0,,Financial Services,2527219456.0,0.88
FRCEF,Fletcher Building Limited,2.1,12,6,12,9,6,6,4,55,-18.0,40.0,Weak,Watchlist only,65,0.0,0.0,0.1,99.4,1,,Basic Materials,1752082816.0,69.75
ORZCF,Orezone Gold Corp,2.17,16,5,5,15,3,1,5,50,-10.0,40.0,Weak,Watchlist only,59,-4.0,8.0,2.0,55.1,0,,Basic Materials,1280578304.0,251608.44
BCHG,Grayscale Bitcoin Cash Trust,2.38,14,7,3,12,3,1,5,45,-5.0,40.0,Weak,Watchlist only,36,13.9,36.8,12.8,62.8,2,,nan,102952944.0,155052.21
MIMSX,BNY MELLON MID CAP MULTI-STRATEGY FUND INVESTOR SHARES,1.83,11,7,9,4,6,2,3,42,-10.0,40.0,Weak,🔥 COILED: Watchlist only,28,0.0,0.0,0.1,52.0,0,,nan,0.0,0.0
HANOF,HANOF,2.67,13,6,11,8,6,2,4,50,-13.0,40.0,Weak,Watchlist only,51,0.0,0.0,0.2,100.0,0,,Technology,602782976.0,2.5
ZMTBY,Zumtobel Group AG,1.92,8,3,10,7,3,2,4,37,0.0,40.0,Weak,Watchlist only,37,0.0,0.0,-0.0,5.6,0,,Industrials,162576816.0,46.27
PRPS,Propellus Inc,3.12,16,6,8,9,5,6,4,54,-17.0,40.0,Weak,Watchlist only,50,-0.2,0.0,1.3,66.8,1,,Financial Services,17542234.0,761.0
XCFT,"xCraft Enterprises, Inc",1.95,8,3,10,7,3,2,4,37,0.0,40.0,Weak,Watchlist only,35,0.0,0.0,-0.0,0.0,0,,Technology,2920756.0,18.5
FDCHF,Funding Circle Holdings plc,2.95,10,5,9,7,3,1,4,39,-2.0,40.0,Weak,Watchlist only,35,0.0,0.0,0.1,69.3,0,,Financial Services,619370624.0,248.0
LPRO,Open Lending Corp,3.14,16,6,9,9,6,2,4,52,-17.0,40.0,Weak,🔥 COILED: Watchlist only,61,0.0,-0.3,0.9,69.9,1,,Financial Services,264806256.0,695912.35
KNIT,Kinetic Group Inc,2,8,3,10,7,3,2,4,37,0.0,40.0,Weak,Watchlist only,35,0.0,0.0,-0.0,0.0,0,,Communication Services,52840400.0,10.0
QIHCF,Haier Smart Home Co. Ltd,2.42,12,6,11,8,3,6,4,50,-13.0,40.0,Weak,Watchlist only,59,0.0,0.0,0.0,96.5,0,,Consumer Cyclical,36467290112.0,15.5
DDL,Dingdong (Cayman) Limited ADR,2.19,5,8,6,10,5,1,2,37,0.0,40.0,Weak,Watchlist only,23,-3.9,-1.4,-2.4,43.7,0,,Consumer Defensive,546642816.0,1206900.83
HUYA,HUYA Inc,2.36,14,14,6,12,4,1,5,56,-14.0,40.0,Weak,Watchlist only,36,4.9,12.9,6.7,64.0,3,,Communication Services,588265472.0,1459503.84
BLLQF,Bell Equipment Limited,2.58,12,7,6,13,4,6,5,53,-13.0,40.0,Weak,Watchlist only,55,0.0,0.0,1.5,97.9,0,,Industrials,247596608.0,92.0
HNSBF,Hansa Biopharma AB (publ),3.7,12,7,9,12,3,6,4,53,-18.0,40.0,Weak,🔥 COILED: Watchlist only,49,0.0,0.0,0.3,100.0,1,,Healthcare,289228480.0,162.3
CMDXF,Computer Modelling Group Ltd,2.82,15,4,5,8,5,2,3,42,-10.0,40.0,Weak,🔥 COILED: Watchlist only,41,1.3,1.4,0.7,51.7,0,,Technology,219943072.0,33770.83
HYPD,"Hyperion DeFi, Inc.",3.915,15,5,5,15,5,5,5,55,-15.0,40.0,Weak,Watchlist only,47,1.7,7.6,7.2,59.1,1,,Healthcare,56083664.0,510793.35
ETU,T-Rex 2X Long Ether Daily Target ETF,8.02,15,3,5,15,5,4,5,52,-12.0,40.0,Weak,Watchlist only,43,-5.6,9.7,9.2,63.7,1,,nan,nan,180034.36
SHTLF,South32 Limited,3.15,3,4,4,15,6,0,5,37,0.0,40.0,Weak,Watchlist only,40,0.0,-17.1,-3.6,46.4,0,,Basic Materials,15771736064.0,0.0
BOVNF,BioInvent International AB (publ),3.289,8,4,10,9,3,2,4,40,-5.0,40.0,Weak,🔥 COILED: Watchlist only,38,0.0,0.0,-0.0,45.5,1,,Healthcare,216404224.0,9.08
XCMUX,MFS High Yield Municipal Trust,3.73,11,7,11,6,4,2,4,45,-10.0,40.0,Weak,🔥 COILED: Watchlist only,36,0.0,0.0,0.0,50.0,0,,Other,0.0,0.0
HIVE,HIVE Digital Technologies Ltd,3.04,12,4,4,13,3,4,5,45,-5.0,40.0,Weak,Watchlist only,36,-12.6,1.7,-2.9,48.1,1,,Financial Services,1055014528.0,21716244.31
YEXT,Yext Inc,6.43,15,6,8,4,5,5,2,45,-10.0,40.0,Weak,🔥 COILED: Watchlist only,52,0.2,-0.8,1.0,54.5,0,,Technology,389965152.0,1819756.14
ANY,Sphere 3D Corp,2.9,17,5,5,12,3,2,5,49,-9.0,40.0,Weak,Watchlist only,53,-2.7,-1.0,5.4,56.8,1,,Financial Services,27722850.0,1110592.1
MSOX,AdvisorShares Trust - AdvisorShares MSOS 2x Daily ETF,3.12,13,7,10,10,5,1,4,50,-10.0,40.0,Weak,Watchlist only,52,5.1,6.1,2.5,54.5,0,,nan,nan,2059210.21
ISCDF,Isracard Ltd,4.4,5,4,10,7,3,2,4,35,0.0,40.0,Weak,🔥 COILED: Watchlist only,36,0.0,0.0,0.0,50.0,0,,Financial Services,1432423168.0,0.14
AACAF,AAC Technologies Holdings Inc,4.97,7,4,8,8,3,1,4,35,0.0,40.0,Weak,🔥 COILED: Watchlist only,40,0.0,0.0,-0.0,50.7,0,,Technology,5835769856.0,0.0
NWSZF,NWS Holdings Limited,0.991,5,6,5,8,4,8,3,39,0.0,39.0,Poor,Stay away,31,0.0,0.0,-0.2,24.2,0,,Industrials,4565157376.0,6.33
CICHF,China Construction Bank Corp,1.29,18,11,8,5,6,11,5,64,-23.0,39.0,Poor,Stay away,56,6.6,8.8,7.2,62.6,1,,Financial Services,269448380416.0,80685.16
DFORF,D4t4 Solutions Plc,1.0,5,3,9,10,3,2,4,36,0.0,39.0,Poor,Stay away,18,0.0,0.0,-0.0,0.0,0,,Technology,38201184.0,240.38
HOJI,House of Jane Inc,1.0,5,3,10,9,3,2,4,36,0.0,39.0,Poor,Stay away,33,0.0,0.0,-0.0,0.0,0,,Consumer Defensive,11031895.0,12.0
CONC,ConectiSys Corporation,1.0,9,6,11,9,3,2,4,44,-8.0,39.0,Poor,Stay away,49,0.0,0.0,0.0,79.1,1,,Financial Services,888579.0,4.6
TWODF,Taylor Wimpey plc,1.04,3,9,4,12,3,3,2,36,0.0,39.0,Poor,Stay away,34,0.0,4.0,-0.9,45.3,0,,Consumer Cyclical,3299808768.0,0.0
SRFM,Surf Air Mobility Inc.,1.19,16,6,7,16,6,4,5,60,-21,39,Poor,Stay away,47,77.6,146.9,53.4,78.8,3,9,Industrials,109432592.0,3327474.36
HSWLF,Hostelworld Group plc,1.25,5,3,10,9,3,2,4,36,0.0,39.0,Poor,Stay away,33,0.0,0.0,-0.0,2.8,0,,Consumer Cyclical,154111216.0,506.61
ENSIF,ENSIF,1.0,8,10,8,9,3,0,2,40,-1.0,39.0,Poor,Stay away,0,-2.9,4.2,-1.0,46.7,0,,nan,nan,0.0
SXTC,China SXT Pharmaceuticals Inc,2.52,8,9,4,12,7,2,2,44,-8.0,39.0,Poor,Stay away,45,5.9,-5.3,1.0,51.4,1,,Healthcare,6999186.0,104538.22
TCYMF,Tingyi (Cayman Islands) Holding Corp,1.45,8,3,11,8,3,2,4,39,-3.0,39.0,Poor,Stay away,0,0.0,0.0,0.0,72.1,0,,Consumer Defensive,7327471104.0,121.5
APTPF,Airports of Thailand Public Company Limited,1.725,12,6,11,10,0,6,4,49,-13.0,39.0,Poor,Stay away,58,0.0,0.0,0.0,100.0,0,,Industrials,18314999808.0,0.0
COLZF,Coca-Cola Içecek Anonim Sirketi,1.68,10,8,8,5,3,6,4,44,-10.0,39.0,Poor,🔥 COILED: Stay away,46,0.0,0.0,-0.0,42.5,0,,Consumer Defensive,4784714752.0,1341.69
ESGH,ESG Inc.,1.998,10,7,11,13,6,2,5,54,-18.0,39.0,Poor,Stay away,33,0.0,0.0,5.3,84.4,1,,Consumer Defensive,27701088.0,1500.16
SDCHD,"SideChannel, Inc.",1.55,5,8,5,8,4,2,5,37,4.0,39.0,Poor,Stay away,37,1.8,-3.1,-0.6,47.6,0,,Technology,8893424.0,2927.09
IVCHF,Invicta Holdings Ltd,1.98,12,6,11,6,3,2,4,44,-10.0,39.0,Poor,🔥 COILED: Stay away,49,0.0,0.0,0.0,50.0,0,,Industrials,171523488.0,45.5
CLWY,Calloway's Nursery Inc,5.51,13,6,11,10,3,2,4,49,-13.0,39.0,Poor,Stay away,49,0.0,0.0,0.4,100.0,0,,Consumer Cyclical,15646768.0,0.0
SNT,Senstar Technologies Ltd,1.64,6,11,5,11,3,2,4,42,-1.0,39.0,Poor,Stay away,23,0.6,-1.2,0.4,48.6,1,,Industrials,60662292.0,48517.78
CAGPF,Cryptology Asset Group p.l.c,2.49,7,4,8,13,4,1,4,41,-5.0,39.0,Poor,Stay away,30,0.0,0.0,-0.0,0.0,1,,Financial Services,240617872.0,11.5
WPNTF,Warpaint London PLC,2.99,16,1,11,8,6,2,5,49,-13.0,39.0,Poor,Stay away,49,0.0,0.0,0.6,81.1,0,,Consumer Defensive,202170272.0,420.68
ZHAOF,Zhaojin Mining Industry Company Limited,2.55,15,5,8,11,6,2,5,52,-13.0,39.0,Poor,Stay away,28,0.0,0.0,3.3,94.7,0,,Basic Materials,10485483520.0,0.0
AKBTY,Akbank Turk Anonim Sirketi,2.92,6,6,4,10,5,3,2,36,2.0,39.0,Poor,Stay away,50,-2.3,-6.1,-0.2,49.9,1,,Financial Services,7254000128.0,28074.21
ZDAI,Primega Group Holdings Limited,1.65,10,16,9,6,4,2,4,51,-13.0,39.0,Poor,Stay away,28,4.4,8.2,2.1,51.7,2,,Industrials,22039876.0,100935.16
WHLM,Wilhelmina,0.5,4,3,10,8,3,4,4,36,0.0,39.0,Poor,Stay away,17,0.0,0.0,-0.9,0.9,0,,Industrials,13529574.0,424.76
HEGIF,Hengan Intl Group Ltd-H,3.2,5,6,10,7,0,4,4,36,0.0,39.0,Poor,Stay away,41,0.0,0.0,-0.0,33.4,0,,Consumer Defensive,3532390912.0,0.0
ESPR,Esperion Therapeutics Inc,3.18,16,3,9,12,5,4,4,53,-14.0,39.0,Poor,Stay away,57,1.0,0.3,0.8,64.8,0,,Healthcare,805761984.0,7901981.69
NPSGF,Nippon Sheet Glass Company Limited,3.0,7,3,10,7,3,2,4,36,0.0,39.0,Poor,Stay away,34,0.0,0.0,-0.0,0.0,0,,Consumer Cyclical,426847008.0,13.5
ELLRY,ElringKlinger AG,3.22,15,5,7,8,4,5,5,49,-13.0,39.0,Poor,Stay away,56,0.0,0.0,2.3,81.5,1,,Consumer Cyclical,430847968.0,177.4
CMU,MFS High Yield Municipal Closed Fund,3.73,18,11,4,4,6,4,5,52,-13.0,39.0,Poor,Stay away,56,11.3,12.7,8.6,74.9,2,,Financial Services,85655744.0,96570.12
SWSSF,Swiss Water Decaffeinated Coffee Inc,6.4,17,4,4,13,3,6,5,52,-13.0,39.0,Poor,Stay away,61,0.0,52.4,18.3,100.0,2,,Consumer Defensive,32944754.0,172.0
ONWRY,ONWRY,3.03,8,4,6,11,3,5,5,42,-3.0,39.0,Poor,Stay away,26,-3.8,-3.8,-2.1,48.5,0,,nan,nan,482.2
HCAEF,Admie Holding S.A.,3.59,12,6,11,6,3,2,4,44,-10.0,39.0,Poor,🔥 COILED: Stay away,51,0.0,0.0,0.0,50.0,0,,Utilities,832104512.0,15.0
AOAO,Alpha One Inc,3.55,5,4,10,7,3,4,4,37,-3.0,39.0,Poor,🔥 COILED: Stay away,40,0.0,0.0,-0.0,48.1,1,,Communication Services,38954460.0,0.4
IOVA,Iovance Biotherapeutics Inc,10.99,18,6,6,15,7,7,5,64,-23.0,39.0,Poor,Stay away,68,7.9,18.7,14.7,74.2,3,,Healthcare,1888705152.0,14135920.14
CHYCY,Chiyoda Corp ADR,4.08,5,3,10,10,3,1,4,36,0.0,39.0,Poor,Stay away,24,0.0,0.0,-0.0,14.0,0,,Industrials,1153276160.0,86.23
JVA,Coffee Holding Co Inc,3.92,15,3,4,13,3,0,5,43,-4.0,39.0,Poor,Stay away,40,-7.3,-6.0,0.6,54.3,0,,Consumer Defensive,25688700.0,73256.98
EDAP,EDAP TMS SA,5.435,18,4,8,15,5,9,5,64,-25.0,39.0,Poor,Stay away,63,5.6,10.9,9.0,78.1,3,,Healthcare,161922176.0,67703.78
BQSSF,Boss Resources Ltd,1.075,9,4,3,12,3,4,5,40,-5.0,38.0,Poor,Stay away,42,-8.1,7.5,-3.9,47.9,1,,Energy,394416544.0,48891.11
IDSXX,Columbia Funds Series Trust II  - Columbia Government Money Market Fund,1.0,10,7,11,6,3,2,4,43,-10.0,38.0,Poor,🔥 COILED: Stay away,45,0.0,0.0,0.0,50.8,0,,nan,nan,0.0
BMNU,T-REX 2X Long BMNR Daily Target ETF,21.6,16,3,4,15,5,0,5,48,-10.0,38.0,Poor,Stay away,50,-10.2,5.4,7.3,56.3,0,,nan,nan,0.0
LGDTF,Liberty Gold Corp,1.47,15,3,4,13,3,4,5,47,-9.0,38.0,Poor,Stay away,54,-7.0,-1.3,-0.3,52.3,1,,Basic Materials,567529600.0,721132.0
PIHG,Plural Industry Holding Group Co. Limited,3.0,13,6,12,8,6,2,4,51,-18.0,38.0,Poor,🔥 COILED: Stay away,57,0.0,0.0,0.7,96.5,1,,Financial Services,10786939.0,20.5
KMFG,KMFG,0.25,7,6,3,8,3,4,4,35,0.0,38.0,Poor,Stay away,10,0.0,0.0,-5.2,28.4,0,,Consumer Cyclical,60500000.0,227.25
TOIPF,Thai Oil Public Company Limited,1.25,4,5,10,9,3,2,4,37,-2.0,38.0,Poor,Stay away,0,0.0,0.0,-0.0,68.7,0,,Energy,4169320448.0,0.0
OPK,Opko Health Inc,1.63,15,7,4,15,5,2,5,53,-15.0,38.0,Poor,Stay away,59,-3.6,4.5,1.7,56.0,1,,Healthcare,1147740160.0,2679669.91
PAFRF,Pan African Resources PLC,1.7,13,2,4,11,6,0,5,41,-3.0,38.0,Poor,Stay away,50,-6.1,13.3,5.8,70.2,2,,Basic Materials,2959877632.0,594.9
PACB,Pacific Biosciences of California,1.71,16,9,8,12,6,5,5,61,-26.0,38.0,Poor,Stay away,57,25.7,26.7,19.5,70.1,3,,Healthcare,506280768.0,7220079.05
RFGPF,Retail Food Group Limited,1.6,5,4,10,8,0,2,4,33,0.0,38.0,Poor,🔥 COILED: Stay away,33,0.0,0.0,0.0,50.0,0,,Consumer Cyclical,101135048.0,2300.0
ERLFF,Entree Resources Ltd,2.04,16,12,6,15,4,4,5,62,-22.0,38.0,Poor,Stay away,67,4.6,19.0,6.9,62.1,3,,Basic Materials,379600832.0,17584.77
LOKVW,Live Oak Acquisition Corp. V Warrants,1.9,17,8,5,13,5,10,5,63,-21.0,38.0,Poor,Stay away,67,22.6,22.6,19.4,86.4,2,,nan,nan,37034.01
GDHG,Golden Heaven Group Holdings Ltd. Ordinary Shares,1.18,9,10,5,9,4,2,2,41,-1.0,38.0,Poor,Stay away,24,3.5,4.4,-1.8,43.6,1,,Consumer Cyclical,35456808.0,17585.79
TCLHF,TCL Electronics Holdings Limited,2.0,10,9,9,3,6,1,3,41,-8.0,38.0,Poor,🔥 COILED: Stay away,51,0.0,5.8,0.2,51.0,0,,Technology,5041635840.0,1827.02
XCIFX,MFS Intermediate High Income Fund,1.77,8,7,10,6,1,7,4,43,-10.0,38.0,Poor,🔥 COILED: Stay away,29,0.0,0.0,-0.0,47.8,0,,Other,0.0,0.0
BEOLF,Beyond Oil Ltd.,1.32,6,11,4,13,4,4,3,45,-7.0,38.0,Poor,Stay away,23,0.4,7.3,1.5,49.6,1,,Consumer Defensive,137256928.0,9524.43
SPHIF,Super Hi International Holding Ltd.,1.9,5,3,10,8,3,2,4,35,0.0,38.0,Poor,Stay away,33,0.0,0.0,-0.0,9.7,0,,Consumer Cyclical,1117895424.0,29.84
HURA,TuHURA Biosciences Inc,2.09,7,6,8,11,2,0,3,37,-3.0,38.0,Poor,Stay away,37,-4.1,2.0,-0.4,48.5,1,,Healthcare,135006960.0,862839.06
MMTHF,Momentum Group Limited,2.15,12,6,10,6,3,2,4,43,-10.0,38.0,Poor,🔥 COILED: Stay away,53,0.0,0.0,0.0,50.0,0,,Financial Services,901726208.0,52.36
HMENF,Hemisphere Energy Corporation,1.59,6,11,7,7,4,5,3,43,-3.0,38.0,Poor,Stay away,27,0.2,-1.2,-2.7,39.6,1,,Energy,201044560.0,59181.25
ATIIW,Archimedes Tech SPAC Partners II Co. Warrant,1.3,5,7,8,10,3,2,2,37,0.0,38.0,Poor,Stay away,28,-5.8,-1.1,-4.9,43.6,1,,nan,nan,65860.77
MPMCX,BNY MELLON MID CAP MULTI-STRATEGY FUND CLASS M SHARES,2.48,9,5,9,5,6,2,4,40,-10.0,38.0,Poor,🔥 COILED: Stay away,29,0.0,0.0,0.1,52.3,0,,nan,0.0,0.0
CYH,Community Health Systems Inc,2.89,3,10,6,13,2,1,3,38,0.0,38.0,Poor,Stay away,22,0.0,-2.0,-1.5,46.4,0,,Healthcare,393157600.0,1748450.66
GARLF,Netcoins Holdings Inc,3.38,18,13,6,13,6,7,5,68,-30,38,Poor,Stay away,78,10.2,22.2,13.5,65.7,3,,Financial Services,206521760.0,38099.19
BZUN,Baozun Inc,3.09,18,13,5,10,6,3,4,59,-22.0,38.0,Poor,Stay away,64,5.3,13.6,7.2,65.7,3,,Consumer Cyclical,154040240.0,322771.35
SYZLF,Sylogist Ltd,2.03,3,8,6,8,3,3,2,33,2.0,38.0,Poor,Stay away,16,-2.4,-4.7,-3.7,37.4,1,,Technology,62662412.0,4428.02
AIPG,AI Technology Group Inc,2.5,5,4,10,8,3,4,4,38,-5.0,38.0,Poor,🔥 COILED: Stay away,44,0.0,0.0,-0.0,42.9,1,,Financial Services,4008782.0,60.66
CIG-C,Energy of Minas Gerais Co DRC,3.18,10,4,6,9,3,0,5,37,0.0,38.0,Poor,Stay away,47,-4.2,-4.8,-2.0,46.8,0,,Utilities,8467618816.0,4719.7
CFND,C1 Fund Inc.,2.99,9,6,3,10,1,1,5,35,0.0,38.0,Poor,Stay away,34,-10.5,-5.1,-1.7,48.8,0,,Financial Services,20466664.0,36327.02
CNF,CNFinance Holdings Ltd,1.99,6,13,6,8,4,2,2,41,-3.0,38.0,Poor,Stay away,27,7.0,4.7,0.9,47.9,2,,Financial Services,53103384.0,22171.81
INDP,Indaptus Therapeutics Inc,3.29,16,3,4,11,3,5,5,47,-9.0,38.0,Poor,Stay away,51,6.5,4.8,11.5,57.0,1,,Healthcare,537900992.0,644302.74
TCPC,BlackRock TCP Capital Corp,3.98,9,4,8,9,5,0,3,38,0.0,38.0,Poor,Stay away,38,-1.5,-1.7,-0.7,49.4,1,,Financial Services,319669568.0,923768.68
PBM,Psyence Biomedical Ltd. Common Shares,5.665,13,6,4,9,7,4,5,48,-8.0,38.0,Poor,Stay away,63,-13.1,-5.6,3.3,57.1,1,,Healthcare,9058563.0,965384.84
OBIO,Orchestra BioMed Holdings Inc.,5.89,13,3,3,13,5,1,5,43,-5.0,38.0,Poor,Stay away,64,-5.8,-0.2,2.9,58.3,1,,Healthcare,231139552.0,248407.44
KOSS,Koss Corporation,4.08,18,8,2,15,9,2,5,59,-22.0,38.0,Poor,Stay away,47,17.6,19.0,10.7,65.5,3,,Technology,38481072.0,36207.49
MTR,Mesa Royalty Trust,2.4,8,8,2,11,2,2,5,38,2.0,38.0,Poor,Stay away,19,-1.2,-2.0,-2.6,40.6,0,,Energy,7135872.0,12168.92
RGRNF,Regis Resources Ltd,5.234,4,7,5,8,3,4,2,33,0.0,38.0,Poor,Stay away,44,-5.7,-2.4,-6.2,38.4,1,,Basic Materials,3521222912.0,0.0
HYPMY,Hypera SA,4.63,13,4,2,15,5,1,5,45,-5.0,38.0,Poor,Stay away,54,-0.4,1.5,2.4,60.3,0,,Healthcare,2991966976.0,20396.77
EOGSF,Emerald Resources NL,4.804,10,6,9,9,6,4,2,46,-8.0,38.0,Poor,Stay away,43,-6.8,-6.5,-1.9,48.6,0,,Basic Materials,2709180928.0,0.0
GEMI,"Gemini Space Station, Inc. Class A Common Stock",5.2,15,5,4,15,3,0,5,47,-9.0,38.0,Poor,Stay away,34,-13.2,8.1,3.5,54.6,2,,Financial Services,625842304.0,0.0
CTKB,Cytek Biosciences Inc,5.74,18,9,6,15,7,9,5,69,-29.0,38.0,Poor,Stay away,57,8.7,18.8,10.8,73.5,3,,Healthcare,559187392.0,965779.31
ACRG,American Clean Resources Group Inc.,7.99,11,14,4,8,8,2,2,49,-16.0,38.0,Poor,Stay away,58,-0.1,14.1,8.9,55.0,3,,Basic Materials,57815404.0,895.65
BWTL,Bowlin Travel Centers Inc,3.7,13,6,11,7,3,2,4,46,-13.0,38.0,Poor,🔥 COILED: Stay away,32,0.0,0.0,0.1,80.7,0,,Consumer Cyclical,15188172.0,113.01
ABTZY,Aboitiz Equity Ventures Inc ADR,5.9,17,4,5,13,3,6,5,53,-15.0,38.0,Poor,Stay away,58,0.0,8.3,7.2,100.0,1,,Utilities,2548737536.0,0.0
BFLY,Butterfly Network Inc,9.15,19,8,3,15,5,3,5,58,-20.0,38.0,Poor,Stay away,63,12.4,23.5,8.0,57.8,3,,Healthcare,1357916288.0,5671162.26
MTHRY,M3 Inc,5.59,12,11,7,5,3,2,3,43,-8.0,38.0,Poor,🔥 COILED: Stay away,47,0.0,0.4,1.3,53.4,1,,Healthcare,6393971712.0,435528.98
ABDBY,Alm. Brand A/S,5.0,5,3,10,8,3,2,4,35,0.0,38.0,Poor,Stay away,42,0.0,0.0,-0.0,0.5,0,,Financial Services,3421142784.0,11.04
MLLCF,Molecular Partners AG,4.01,11,5,9,11,6,6,5,53,-18.0,38.0,Poor,Stay away,57,0.0,0.0,0.8,87.5,1,,Healthcare,181929136.0,78.0
DOYU,DouYu International Holdings,4.6,7,5,4,11,3,0,5,35,0.0,38.0,Poor,🔥 COILED: Stay away,34,-3.4,-3.2,-0.0,50.8,0,,Communication Services,154515760.0,43752.85
SUIG,SUI Group Holdings Limited,1.6,16,7,7,15,7,2,5,59,-21.2,37.8,Poor,Stay away,47,9.6,56.9,28.5,73.9,3,,Financial Services,105170000.0,1044063.64
TRSNF,TRSNF,1.0,5,3,10,7,3,2,4,34,0.0,37.0,Poor,Stay away,31,0.0,0.0,-0.0,0.0,0,,Utilities,444673792.0,5.0
HWH,HWH International Inc,2.57,18,7,3,14,7,4,5,58,-19.0,37.0,Poor,Stay away,57,-4.1,22.4,15.8,64.7,3,,Consumer Cyclical,7625928.0,2054590.8
MCSXX,BlackRock Liquidity Funds - MuniCash,1.0,14,6,6,6,4,2,4,42,-10.0,37.0,Poor,🔥 COILED: Stay away,38,0.0,0.0,0.0,51.9,0,,nan,nan,0.0
LRHC,La Rosa Holdings Corp. Common Stock,2.53,15,2,6,13,3,0,5,44,-7.0,37.0,Poor,Stay away,41,4.1,-0.8,17.8,63.8,1,,Real Estate,1270500.0,267070.71
DDHRF,Dream Hard Asset Alternatives Trust Units,1.17,8,3,10,7,3,4,4,39,-5.0,37.0,Poor,Stay away,39,0.0,0.0,-0.0,37.0,1,,Real Estate,22287918.0,0.0
RECT,Rectitude Holdings Ltd Ordinary Shares,1.369,12,8,10,5,1,5,4,45,-6.0,37.0,Poor,Stay away,48,3.7,9.5,4.2,55.8,2,,Consumer Cyclical,19580800.0,781026.6
PTGCF,PTT Global Chemical Public Company Limited,1.4,17,5,6,9,6,2,5,50,-13.0,37.0,Poor,Stay away,53,0.0,0.0,3.5,98.6,1,,Basic Materials,5733335552.0,31.9
SRTMF,SRTMF,1.22,10,6,11,6,3,2,4,42,-10.0,37.0,Poor,🔥 COILED: Stay away,0,0.0,0.0,0.0,50.0,0,,Technology,333013792.0,0.0
ORKT,Orangekloud Technology Inc. Class A Ordinary Shares,1.0,5,7,4,11,3,4,5,39,-5.0,37.0,Poor,Stay away,31,-5.7,-3.8,-2.9,45.7,1,,Technology,7825292.0,444514.57
ASNFF,ASNFF,1.25,10,6,11,6,3,2,4,42,-10.0,37.0,Poor,🔥 COILED: Stay away,44,0.0,0.0,0.0,50.0,0,,Technology,1174951680.0,1.15
AUHEF,Anhui Expressway Company Limited,1.27,5,3,10,7,3,2,4,34,0.0,37.0,Poor,Stay away,36,0.0,0.0,-0.0,0.0,0,,Industrials,2169911552.0,0.0
PYIYF,Property For Industry Ltd.,1.26,10,6,11,6,3,2,4,42,-10.0,37.0,Poor,🔥 COILED: Stay away,46,0.0,0.0,0.0,50.0,0,,Real Estate,632997568.0,650.0
MXCHF,Orbia Advance Corporation S.A.B. de C.V,1.25,6,3,10,10,3,3,4,39,-5.0,37.0,Poor,Stay away,33,0.0,0.0,-0.9,22.8,1,,Industrials,2504371968.0,7194.75
HYPR,Hyperfine Inc,0.836,9,16,10,3,3,2,4,47,-13.0,37.0,Poor,Stay away,21,7.0,4.0,2.5,50.9,2,,Healthcare,143941984.0,594414.25
MPPTF,Mpact Limited,1.4,5,3,10,7,3,2,4,34,0.0,37.0,Poor,Stay away,34,0.0,0.0,-0.0,0.0,0,,Consumer Cyclical,203525840.0,0.0
GREE,Greenidge Generation Holdings Inc,2.14,14,15,2,7,6,1,5,50,-13.0,37.0,Poor,Stay away,57,-24.6,27.4,7.0,54.7,2,,Financial Services,25117708.0,480507.66
GRWPF,Growthpoint Properties Australia,1.54,5,3,10,7,3,2,4,34,0.0,37.0,Poor,Stay away,34,0.0,0.0,-0.0,0.0,1,,Real Estate,1161626240.0,0.0
GRWG,GrowGeneration Corp,1.57,7,13,8,6,7,4,3,48,-15.0,37.0,Poor,Stay away,43,0.0,1.3,-0.8,47.7,1,,Consumer Cyclical,102454992.0,555374.09
HYHHF,Hygeia Healthcare Holdings Co Ltd,1.68,5,3,10,7,3,2,4,34,0.0,37.0,Poor,Stay away,33,0.0,0.0,-0.0,0.0,0,,Healthcare,1025346624.0,4.5
REBN,Reborn Coffee Inc,1.42,17,8,6,14,4,5,5,59,-20,37,Poor,Stay away,31,63.2,58.5,32.3,65.1,4,9,Consumer Cyclical,14702084.0,72581.65
OST,Ostin Technology Group Co Ltd,1.695,6,4,10,8,3,2,4,37,-5.0,37.0,Poor,🔥 COILED: Stay away,45,0.0,0.0,-0.0,50.1,1,,Technology,10108845.0,10073.31
VNTEF,VNTEF,1.7,5,3,10,7,3,2,4,34,0.0,37.0,Poor,Stay away,32,0.0,0.0,-0.0,0.0,0,,Real Estate,466556000.0,0.0
PKCPY,AKR Corporindo Tbk PT ADR,1.63,5,3,10,7,3,2,4,34,0.0,37.0,Poor,Stay away,26,0.0,0.0,-0.0,38.7,0,,Energy,1409743616.0,20.9
NCCGF,NCC Group plc,1.82,13,6,10,6,3,1,4,43,-9.0,37.0,Poor,Stay away,0,0.0,0.0,-0.0,63.7,1,,Technology,507594688.0,0.0
CSCIF,COSCIENS Biopharma Inc.,6.46,19,9,7,10,8,2,5,60,-23.0,37.0,Poor,Stay away,63,20.7,17.5,17.4,79.4,3,,Healthcare,6368318.0,3746.01
CICOF,COSCO SHIPPING Holdings Co. Ltd,2.17,13,5,7,5,6,6,5,47,-10.0,37.0,Poor,Stay away,49,0.0,3.3,3.9,58.8,0,,Industrials,28550774784.0,0.0
SYKWF,SKY Network Television Limited,1.89,10,6,11,6,3,2,4,42,-10.0,37.0,Poor,🔥 COILED: Stay away,37,0.0,0.0,0.0,50.0,0,,Communication Services,234047520.0,0.0
FAURY,Faurecia S.E,1.93,8,3,10,9,3,2,4,39,-5.0,37.0,Poor,Stay away,36,0.0,0.0,-0.0,0.0,1,,Consumer Cyclical,1425507456.0,0.55
GKSDF,Grupo KUO S.A.B. de C.V,1.9,8,3,10,9,3,2,4,39,-5.0,37.0,Poor,Stay away,38,0.0,0.0,-0.0,0.0,1,,Consumer Defensive,826638848.0,75.5
BCHT,Birchtech Corp.,1.57,11,5,5,13,3,0,5,42,-5.0,37.0,Poor,Stay away,33,-9.8,7.5,2.9,54.7,1,,Industrials,55242528.0,89277.73
JSVGF,Johnson Service Group PLC,1.86,11,6,3,8,4,3,2,37,0.0,37.0,Poor,Stay away,31,0.0,0.0,-0.7,15.1,0,,Industrials,737084800.0,724.69
WAEMX,WASATCH EMERGING MARKETS SMALL CAP FUND INVESTOR CLASS SHARES,2.03,7,4,7,7,3,3,3,34,0.0,37.0,Poor,Stay away,31,-2.9,-0.5,-1.2,45.7,0,,nan,0.0,0.0
CMCAU,Capitalworks Emerging Markets Acquisition Corp Unit,2.0,5,3,10,7,3,2,4,34,0.0,37.0,Poor,Stay away,32,0.0,0.0,-0.0,0.0,0,,Financial Services,nan,4.0
TLGUF,TLGUF,2.0,5,3,10,7,3,2,4,34,0.0,37.0,Poor,Stay away,32,0.0,0.0,-0.0,0.0,0,,Financial Services,nan,1.0
RMHVX,Easterly ROCMuni High Inc Muncpl Bd Inv,2.23,18,4,6,7,6,2,4,47,-13.0,37.0,Poor,Stay away,40,0.0,0.5,0.3,99.9,0,,nan,nan,0.0
SNTUF,SNTUF,2.1,10,6,11,6,3,2,4,42,-10.0,37.0,Poor,🔥 COILED: Stay away,51,0.0,0.0,0.0,50.0,0,,Financial Services,nan,40.0
JZCLF,JZ Capital Partners Limited,2.25,5,3,10,7,3,2,4,34,0.0,37.0,Poor,Stay away,34,0.0,0.0,-0.0,0.0,0,,nan,224700448.0,15.0
OPTGF,OPTGF,2.65,11,8,7,5,6,5,2,44,-10.0,37.0,Poor,Stay away,51,1.9,1.9,0.5,52.6,1,,Consumer Cyclical,160842000.0,242.99
SHGR,Success Hldg Grp,2.0,5,3,9,7,3,3,4,34,0.0,37.0,Poor,Stay away,25,0.0,0.0,-1.7,0.7,0,,Financial Services,50114384.0,20.5
CHR,Cheer Holding Inc.,1.635,9,9,4,7,2,2,2,35,2.0,37.0,Poor,Stay away,45,3.5,0.3,-1.6,44.4,0,,Communication Services,4420695.0,158361.52
ZKH,ZKH Group Limited,2.85,5,8,4,11,7,4,3,42,-3.0,37.0,Poor,Stay away,31,-0.7,-2.1,-1.2,46.5,2,,Consumer Cyclical,461901760.0,119782.58
MINE,Mayfair Gold Corp.,2.86,6,10,3,8,8,2,2,39,-3.0,37.0,Poor,Stay away,43,-2.4,-2.7,-2.0,47.2,2,,Basic Materials,198058560.0,58253.93
FCAFF,Firm Capital Apartment Real Estate Investment Trust,2.75,8,3,10,9,3,2,4,39,-5.0,37.0,Poor,Stay away,36,0.0,0.0,-0.0,0.1,1,,Real Estate,20912032.0,58.5
YMDAF,Yamada Holdings Co. Ltd,3.16,10,6,11,6,3,2,4,42,-10.0,37.0,Poor,🔥 COILED: Stay away,34,0.0,0.0,0.0,50.0,0,,Consumer Cyclical,2059765120.0,0.0
CESTY,Chinese Estates Holdings Ltd ADR,3.2,8,3,10,7,0,2,4,34,0.0,37.0,Poor,Stay away,34,0.0,0.0,-0.0,0.0,1,,Real Estate,305219040.0,3.55
MXGFF,Maxim Power Corp,2.97,3,5,5,8,9,2,3,35,2.0,37.0,Poor,Stay away,33,0.3,-2.1,-0.5,44.4,0,,Utilities,204051952.0,407.74
VRA,Vera Bradley Inc,4.15,18,13,4,15,6,0,5,61,-22.0,37.0,Poor,Stay away,59,-0.2,36.5,9.2,62.6,3,,Consumer Cyclical,94414992.0,500511.8
CTNR,Central Natural Resources Inc,3.05,12,6,11,9,3,2,4,47,-13.0,37.0,Poor,Stay away,35,0.0,0.0,0.0,98.7,0,,Energy,8915078.0,246.5
HAIUF,Healthcare AI Acquisition Corp.,3.01,5,3,10,7,3,2,4,34,0.0,37.0,Poor,Stay away,34,0.0,0.0,-0.0,0.0,0,,Financial Services,nan,0.0
ILPMF,Permanent TSB Group Holdings plc,3.55,15,4,7,13,6,2,5,52,-15.0,37.0,Poor,Stay away,59,0.0,5.7,4.1,98.8,0,,Financial Services,1809372160.0,2690.0
RUMOF,Rumo S.A,3.8,5,3,10,7,3,2,4,34,0.0,37.0,Poor,Stay away,36,0.0,0.0,-0.0,0.0,0,,Industrials,7051605504.0,50.0
WPPGF,WPP plc,4.96,7,3,5,9,6,5,2,37,0.0,37.0,Poor,Stay away,46,-3.3,-3.3,-3.6,34.1,1,,Communication Services,3742480128.0,6201.81
BTG,B2Gold Corp,5.28,11,4,7,9,3,0,2,36,0.0,37.0,Poor,Stay away,53,-1.5,1.1,-1.4,49.6,1,,Basic Materials,6102472704.0,38935693.45
SLMUF,SLMUF,4.17,12,6,11,9,3,2,4,47,-13.0,37.0,Poor,Stay away,48,0.0,0.0,0.0,99.1,0,,Financial Services,nan,36.63
HNSPF,Hansoh Pharmaceutical Group Company Limited,4.25,7,4,3,9,6,1,2,32,0.0,37.0,Poor,🔥 COILED: Stay away,31,0.0,0.0,-1.1,44.3,0,,Healthcare,27216607232.0,114.75
CWLLF,CWLLF,2.99,5,3,10,7,3,2,4,34,0.0,37.0,Poor,Stay away,0,0.0,0.0,-0.0,0.0,0,,Technology,3872019712.0,0.0
AVIR,Atea Pharmaceuticals Inc,5.2,9,14,3,7,7,2,3,45,-6.0,37.0,Poor,Stay away,47,-4.2,-2.3,-2.2,46.7,2,,Healthcare,353719776.0,415587.13
AEAEU,Altenergy Acquisition Corp Unit,4.5,5,3,10,7,3,2,4,34,0.0,37.0,Poor,Stay away,29,0.0,0.0,-0.0,0.0,0,,Financial Services,nan,1.34
CLSZ,Tradr 2X Short CLSK Daily ETF,4.55,5,7,6,12,3,2,2,37,0.0,37.0,Poor,Stay away,0,0.0,12.3,-6.6,37.9,2,,nan,nan,0.0
SCRPF,Sembcorp Industries Ltd,5.0,15,5,8,7,4,3,5,47,-13.0,37.0,Poor,Stay away,40,0.0,5.5,3.3,90.8,0,,Utilities,9256988672.0,324.88
OPRT,Oportun Financial Corp,8.28,17,5,5,14,3,6,5,55,-18.0,37.0,Poor,Stay away,62,-0.5,2.2,3.6,59.4,0,,Financial Services,220459792.0,532896.14
GGROU,Golden Growers Cooperative,5.0,5,3,10,7,3,2,4,34,0.0,37.0,Poor,Stay away,38,0.0,0.0,-0.0,2.6,0,,Consumer Defensive,77452496.0,1245.0
CGXYF,China Galaxy Securities Co. Ltd,1.0,9,6,11,6,3,2,4,41,-10.0,36.0,Poor,🔥 COILED: Stay away,35,0.0,0.0,0.0,50.0,0,,Financial Services,10934402048.0,0.0
LFT,Lument Finance Trust Inc,5.61,12,9,4,5,6,4,5,45,-12.0,36.0,Poor,Stay away,54,0.2,-14.4,18.0,68.3,2,,Real Estate,55585828.0,182897.12
JOFXX,JPMorgan Trust IV - Institutional Tax Free Money Market Fund,1.0,14,6,5,6,4,2,4,41,-10.0,36.0,Poor,🔥 COILED: Stay away,38,0.0,0.0,0.0,51.9,0,,nan,nan,0.0
JOIXX,JPMorgan Trust IV - Institutional Tax Free Money Market Fund,1.0,13,6,6,6,4,2,4,41,-10.0,36.0,Poor,🔥 COILED: Stay away,40,0.0,0.0,0.0,52.2,0,,nan,nan,0.0
MPFXX,Morgan Stanley Institutional Liquidity Funds - Prime Portfolio,1.0,8,7,11,6,3,2,4,41,-10.0,36.0,Poor,🔥 COILED: Stay away,38,0.0,0.0,0.0,54.3,0,,nan,nan,0.0
FRAZ,Francisco Industries Inc,1.05,9,6,11,6,3,2,4,41,-10.0,36.0,Poor,🔥 COILED: Stay away,48,0.0,0.0,0.0,50.0,0,,Consumer Defensive,nan,24.98
CGGGF,Coats Group plc,1.06,6,14,6,3,6,3,3,41,-8.0,36.0,Poor,Stay away,34,4.2,1.9,1.4,53.3,1,,Consumer Cyclical,2067511040.0,0.0
MTPOF,Metropolitan Bank & Trust Company,1.014,1,10,4,9,4,2,2,32,4.0,36.0,Poor,Stay away,33,5.8,-1.3,-2.1,47.1,1,,Financial Services,5127053824.0,4930.97
PHGUF,Pharming Group N.V,1.105,4,7,8,7,3,3,4,36,0.0,36.0,Poor,Stay away,18,0.0,0.0,-0.6,15.1,0,,Healthcare,997212928.0,744.51
BRLT,Brilliant Earth Group Inc,1.37,7,4,6,9,5,4,5,40,-5.0,36.0,Poor,Stay away,51,-2.1,-2.8,-0.6,51.0,1,,Consumer Cyclical,119427536.0,103910.99
LOVFF,Cannara Biotech Inc,1.52,17,6,4,8,7,3,5,50,-14.0,36.0,Poor,Stay away,57,5.1,6.3,3.7,66.8,0,,Healthcare,114587280.0,6142.77
PVTRF,Pivotree Inc.,1.29,9,6,11,9,3,4,4,46,-13.0,36.0,Poor,Stay away,54,0.0,0.0,0.0,100.0,0,,Technology,33779236.0,91.25
BNRG,Brenmiller Energy Ltd Ordinary Shares,4.18,18,9,8,15,6,5,5,66,-30,36,Poor,Stay away,60,37.0,958.0,102.8,81.3,3,,Utilities,843236.0,310251.57
EZGO,EZGO Technologies Ltd,0.92,10,9,6,13,2,1,3,44,-6.0,36.0,Poor,Stay away,34,9.1,3.3,0.5,49.2,1,,Consumer Cyclical,3504966.0,193985.04
CVM,CEL-SCI Corp,1.7,17,14,10,9,6,5,5,66,-30,36,Poor,Stay away,40,1.8,11.8,5.8,60.0,3,,Healthcare,22174460.0,183257.04
BSKZF,Bambuser AB (publ),1.39,9,4,11,7,3,2,4,40,-7.0,36.0,Poor,Stay away,46,0.0,0.0,0.0,64.5,1,,Technology,11192210.0,50.48
KRNGF,Karoon Energy Ltd,1.18,7,4,8,6,4,8,4,41,-10.0,36.0,Poor,🔥 COILED: Stay away,28,-0.8,-0.8,-0.9,46.6,0,,Energy,1030740288.0,0.0
YITYY,Yit Oyj ADR,1.55,7,3,10,9,3,2,4,38,-5.0,36.0,Poor,Stay away,47,0.0,0.0,-0.0,7.4,1,,Industrials,715002752.0,7.5
JMHSF,James Halstead plc,1.69,11,6,11,7,3,2,4,44,-13.0,36.0,Poor,🔥 COILED: Stay away,31,0.0,0.0,0.0,81.0,0,,Industrials,649601792.0,954.82
ZHJD,ZHJD,1.78,10,6,11,7,6,2,4,46,-13.0,36.0,Poor,Stay away,52,0.0,0.0,0.1,99.9,0,,Consumer Cyclical,159198000.0,0.0
NZRFF,The New Zealand Refining Company Limited,1.95,17,4,6,9,6,2,5,49,-13.0,36.0,Poor,Stay away,54,0.0,20.4,10.2,99.9,2,,Energy,671310400.0,0.0
MGTE,Marblegate Capital Corporation,1.0,6,10,6,10,3,2,2,39,-3.0,36.0,Poor,Stay away,24,0.0,0.0,-2.3,45.9,1,,Financial Services,111610744.0,7206.48
PLAG,Planet Green Holdings Corp,0.72,9,15,6,12,3,4,5,54,-16.0,36.0,Poor,Stay away,24,-6.4,4.9,-2.0,48.2,1,,Industrials,22060708.0,136950.17
FKKEF,Charter Hall Social Infrastructure REIT,1.705,8,4,6,7,3,1,4,33,0.0,36.0,Poor,Stay away,19,0.0,0.0,-0.0,0.0,0,,Real Estate,719951040.0,0.0
CRRNF,Cairn Homes plc,1.99,9,6,11,6,3,2,4,41,-10.0,36.0,Poor,🔥 COILED: Stay away,43,0.0,0.0,0.0,50.0,0,,Consumer Cyclical,1236098944.0,0.0
MMTOF,Mitsubishi Motors Corp.,2.25,5,10,2,9,4,2,2,34,2.0,36.0,Poor,Stay away,32,-4.3,8.2,-0.5,49.3,1,,Consumer Cyclical,2716855808.0,0.0
NXDR,NXDR,2.42,11,5,4,15,1,2,5,43,-7.0,36.0,Poor,Stay away,53,-8.3,1.7,0.3,51.2,1,,Communication Services,770403200.0,3863828.03
GEODF,Geodrill Limited,1.9,9,9,9,6,9,5,2,49,-13.0,36.0,Poor,Stay away,28,-0.5,-2.6,-1.1,47.2,1,,Basic Materials,103578608.0,29632.25
SPFX,Standard Premium Finance Holdings Inc.,3.15,15,7,5,5,5,2,5,44,-8.0,36.0,Poor,Stay away,51,25.0,8.6,9.3,59.9,2,,Financial Services,5489757.0,543.83
LCTC,Lifeloc Technologies Inc,4.21,10,9,7,13,6,6,5,56,-20.0,36.0,Poor,Stay away,61,-0.9,0.0,0.9,57.3,1,,Technology,6193386.0,189.32
CHIU,Global X MSCI China Utilities ETF,2.09,5,4,8,7,7,2,3,36,-3.0,36.0,Poor,Stay away,44,-0.5,0.0,-0.2,45.2,1,,nan,nan,781019.0
RMJAX,Easterly ROCMuni High Inc Muncpl Bd A,2.22,17,4,6,7,6,2,4,46,-13.0,36.0,Poor,Stay away,40,0.0,0.5,0.2,99.9,0,,nan,nan,0.0
XBP,XBP Europe Holdings Inc,3.198,14,5,5,9,3,0,5,41,-5.0,36.0,Poor,Stay away,50,-2.8,7.0,2.5,54.3,1,,Technology,27125356.0,32231.65
SHANY,Shandong Molong Petroleum Machinery Company Limited,2.5,5,4,10,8,3,2,4,36,-5.0,36.0,Poor,🔥 COILED: Stay away,31,0.0,0.0,0.0,50.0,1,,Energy,99731048.0,1.7
SLUNF,Solutions 30 SE,2.84,5,4,10,8,3,2,4,36,-5.0,36.0,Poor,🔥 COILED: Stay away,35,0.0,0.0,0.0,50.0,1,,Technology,304077536.0,425.3
GNZUY,"Guangzhou Automobile Group Co., Ltd.",3.05,12,4,6,11,6,2,5,46,-13.0,36.0,Poor,Stay away,43,0.0,5.2,2.3,83.6,1,,Consumer Cyclical,3059119616.0,9.31
PAZRF,Plaza Retail REIT,3.694,12,6,5,11,3,4,4,45,-14.0,36.0,Poor,🔥 COILED: Stay away,44,-2.3,-0.4,-0.2,54.4,0,,Real Estate,360533184.0,0.0
CVOSF,Coveo Solutions Inc.,2.993,4,13,4,12,8,0,2,43,-3.0,36.0,Poor,Stay away,30,1.1,-1.2,1.4,50.8,1,,Technology,303520704.0,7068.85
JELCF,Johnson Electric Holdings Limited,3.416,6,3,11,7,3,2,4,36,-3.0,36.0,Poor,Stay away,41,0.0,0.0,0.0,76.3,0,,Consumer Cyclical,4295440896.0,0.0
FHNGY,The Foschini Group Limited,2.97,1,7,7,8,3,5,3,34,2.0,36.0,Poor,Stay away,21,-0.7,-3.3,-3.3,33.3,0,,Consumer Cyclical,1067730880.0,250.7
RPAY,Repay Holdings Corp,3.75,8,6,6,11,2,4,4,41,-5.0,36.0,Poor,Stay away,35,-4.6,1.4,-1.4,47.8,1,,Technology,327683008.0,1245835.7
SHCAF,Sharp Corporation,4.325,15,4,6,11,6,2,5,49,-13.0,36.0,Poor,Stay away,55,0.0,18.6,6.1,99.8,2,,Technology,2367372032.0,70.5
THFWF,FW Thorpe Plc,3.85,12,6,11,8,3,2,4,46,-13.0,36.0,Poor,Stay away,52,0.0,0.0,0.0,98.8,0,,Industrials,549960896.0,9.5
ASOMY,ASOS plc PK,6.7,18,5,6,15,6,11,5,66,-28,36,Poor,Stay away,63,17.5,23.2,15.7,89.5,3,,Consumer Cyclical,424752992.0,1564.44
ORYZF,Oryzon Genomics S.A,3.31,8,7,6,7,3,3,4,38,-5.0,36.0,Poor,Stay away,21,0.0,0.0,-0.2,37.6,1,,Healthcare,286798240.0,230.98
PPSI,Pioneer Power Solutions Inc. ,3.3,13,12,6,6,3,4,5,49,-13.0,36.0,Poor,Stay away,27,-2.7,8.2,3.4,56.2,2,,Industrials,54371704.0,168295.09
MGHTF,Mercury NZ Limited,4.37,12,6,11,8,3,2,4,46,-13.0,36.0,Poor,Stay away,53,0.0,0.0,0.0,99.9,0,,Utilities,6194007552.0,300.76
ARREF,Amerigo Resources Ltd.,6.17,14,5,9,9,3,1,5,46,-10.0,36.0,Poor,Stay away,56,0.8,2.8,1.3,53.6,0,,Basic Materials,808984448.0,170541.67
REIGX,Federated Hermes International Growth Fund Class R6 Shares,4.55,7,5,6,7,3,2,3,33,0.0,36.0,Poor,Stay away,35,-1.7,0.9,-0.7,47.6,0,,nan,nan,0.0
HMSNF,Hammerson plc,4.89,7,6,7,7,7,0,2,36,0.0,36.0,Poor,Stay away,50,-5.0,-5.0,-2.9,43.1,0,,Real Estate,2422834688.0,0.0
SICUF,Siam City Cement Public Company Limited,4.55,9,6,11,6,3,2,4,41,-10.0,36.0,Poor,🔥 COILED: Stay away,48,0.0,0.0,0.0,50.0,0,,Basic Materials,1790293888.0,5.18
BEKAY,NV Bekaert SA ADR,4.5,7,4,6,8,3,1,4,33,0.0,36.0,Poor,Stay away,20,0.0,0.0,-0.0,18.5,0,,Industrials,2403054336.0,0.0
ABHBY,Alfen N.V.,6.95,6,3,5,9,6,3,4,36,-5.0,36.0,Poor,🔥 COILED: Stay away,48,0.0,0.0,-0.3,47.8,1,,Industrials,213733488.0,45.0
PLDIF,PLAIDInc,4.73,15,4,6,11,6,2,5,49,-13.0,36.0,Poor,Stay away,36,0.0,50.2,14.5,97.4,2,,Technology,205378864.0,19.75
QBTZ,Defiance Daily Target 2x Short QBTS ETF,16.481,11,6,7,14,6,4,5,53,-15.0,36.0,Poor,Stay away,57,8.6,-5.1,21.7,65.9,1,,nan,nan,0.0
GLNDW,Greenland Energy Company Warrant,1.22,19,6,3,14,7,4,5,58,-22.5,35.5,Poor,Stay away,0,47.0,281.3,64.4,66.6,2,,nan,nan,0.0
CCTC,Clean Coal Technologies Inc,4.08,17,7,6,16,7,5,5,63,-25.8,35.2,Poor,Stay away,62,6.8,22.9,21.2,66.4,3,,Industrials,130232720.0,0.0
CNENF,Claren Energy Corp,0.398,5,6,8,12,4,3,2,40,-5.0,35.0,Poor,Stay away,18,0.0,0.0,-4.9,0.0,1,,Energy,11162271.0,53.42
FIUXX,First American Funds Inc. - First American Institutional Prime Obligations Fund,1.0,7,7,11,6,3,2,4,40,-10.0,35.0,Poor,🔥 COILED: Stay away,39,0.0,0.0,0.0,54.9,0,,nan,nan,0.0
GLXG,Galaxy Payroll Group Limited Ordinary Shares,1.01,6,5,8,10,2,7,2,40,-5.0,35.0,Poor,Stay away,37,2.9,0.3,-1.8,48.0,1,,Industrials,7392278.0,191757.93
RSHPF,Irish Residential Properties REIT Plc,1.35,17,14,4,3,8,7,4,57,-18.0,35.0,Poor,Stay away,56,2.3,2.3,2.9,57.8,0,,Real Estate,617768384.0,838.23
TNNTF,Tintina Mines Limited,1.8,7,4,6,9,6,1,2,35,-5.0,35.0,Poor,🔥 COILED: Stay away,0,-4.9,-19.6,-5.9,41.3,1,,Basic Materials,231173584.0,0.0
DFSLY,Defeng Solife Holdings Limited,1.34,16,7,3,13,7,5,5,56,-17.0,35.0,Poor,Stay away,43,41.1,52.3,31.6,69.5,2,,nan,nan,32278.18
JCSE,JE Cleantech Holdings Ltd,1.44,7,8,8,6,6,2,5,42,-10.0,35.0,Poor,Stay away,40,-3.0,3.6,-0.9,48.8,0,,Industrials,6984128.0,534325.72
NYXH,Nyxoah,1.59,11,14,5,6,4,2,3,45,-13.0,35.0,Poor,Stay away,30,7.4,-0.6,6.3,54.6,1,,Healthcare,128717944.0,62980.7
RWSPF,RWS Holdings plc,1.75,12,7,9,12,6,2,4,52,-13.0,35.0,Poor,Stay away,47,0.0,0.0,0.9,87.9,1,,Technology,573447296.0,383.71
VNTXF,VNTXF,0.6,3,3,8,9,3,7,4,37,-5.0,35.0,Poor,Stay away,23,0.0,0.0,-10.9,0.0,1,,Consumer Defensive,7582417.0,11.63
FEEXY,Ferrexpo plc,1.65,5,3,10,10,3,2,4,37,-5.0,35.0,Poor,Stay away,37,0.0,0.0,-0.0,5.2,1,,Basic Materials,242713328.0,133.14
IPHYF,Innate Pharma,1.65,5,4,10,7,3,2,4,35,-5.0,35.0,Poor,🔥 COILED: Stay away,25,0.0,0.0,-0.0,40.6,1,,Healthcare,154940416.0,179.0
HXBM,Helix BioMedix Inc,4.4,11,6,1,12,3,2,5,40,-5.0,35.0,Poor,Stay away,51,-26.7,-26.7,-10.8,48.0,1,,Healthcare,402227.0,30.5
IFRX,InflaRx N.V.,150.0,20,8,9,5,6,6,5,59,-22,35,Poor,Stay away,62,6975.5,6975.5,426.7,99.7,4,6,Healthcare,295322208.0,1663625.05
GFSEF,GFSEF,2.0,8,7,10,6,3,2,4,40,-10.0,35.0,Poor,🔥 COILED: Stay away,40,0.0,0.0,-0.0,47.9,0,,Financial Services,15649690624.0,0.0
BSMAF,Bursa Malaysia Bhd Ord,2.18,9,4,10,12,4,2,4,45,-13.0,35.0,Poor,Stay away,36,0.0,0.0,0.0,88.2,0,,Financial Services,1764272128.0,169.0
UXIN,Uxin Ltd,1.35,17,7,8,13,5,2,5,57,-22.0,35.0,Poor,Stay away,39,25.0,17.4,14.1,63.7,3,,Consumer Cyclical,510354176.0,209409.3
LPIX,LPIX,7.01,16,5,10,10,3,4,5,53,-18.0,35.0,Poor,Stay away,55,0.0,0.0,2.2,95.0,1,,Industrials,43522868.0,48.79
AOGO,Arogo Capital Acquisition Corp,2.0,8,3,10,7,3,2,4,37,-5.0,35.0,Poor,Stay away,31,0.0,0.0,-0.0,0.0,1,,Financial Services,8746994.0,4.82
KWIK,KwikClick Inc,0.7,6,5,10,8,3,1,4,37,-5.0,35.0,Poor,Stay away,20,0.0,0.0,-0.5,29.1,1,,Technology,7785960.0,352.2
SATLW,Satellogic Inc. Warrant,0.6,9,6,10,14,2,6,5,52,-22.0,35.0,Poor,🔥 COILED: Stay away,29,25.0,19.9,8.8,51.4,3,,nan,nan,65095.13
DSX,Diana Shipping Inc.,2.8,11,6,5,7,5,4,4,42,-10.0,35.0,Poor,Stay away,50,-5.7,-5.4,-2.6,47.2,0,,Industrials,294029184.0,607667.89
BTCFF,Bitcoin Treasury Corporation,2.73,11,5,7,12,6,2,5,48,-13.0,35.0,Poor,Stay away,33,0.0,0.0,5.2,92.2,0,,nan,nan,3041.72
INRLF,Valneva SE,3.37,17,5,6,7,6,7,4,52,-17.0,35.0,Poor,Stay away,43,12.3,4.0,4.6,66.2,1,,Healthcare,519632544.0,376.19
WELX,Winland Holdings Corporation,3.29,14,4,5,15,3,2,5,48,-13.0,35.0,Poor,Stay away,55,4.4,13.4,10.5,75.8,2,,Technology,12705522.0,4092.98
MGHL,Morgan Group Holding Co,2.2,7,3,10,8,3,2,4,37,-5.0,35.0,Poor,Stay away,35,0.0,0.0,-0.0,6.9,1,,Financial Services,1500225.0,61.51
VNJA,Vanjia Corp,7.0,19,9,7,11,6,10,5,67,-28.0,35.0,Poor,Stay away,45,27.3,27.3,25.3,89.2,2,,Consumer Cyclical,82500000.0,166.45
JFU,9F Inc,2.57,6,2,8,11,3,0,2,32,0.0,35.0,Poor,Stay away,45,0.2,-0.8,-2.2,48.3,0,,Technology,35389464.0,22736.05
LTCN,Grayscale Litecoin Trust,5.39,16,4,2,14,3,5,5,49,-14.0,35.0,Poor,Stay away,57,11.2,33.1,20.3,73.9,2,,nan,66925280.0,147084.94
IRWD,Ironwood Pharmaceuticals Inc,4.12,5,8,7,10,3,0,4,37,0.0,35.0,Poor,Stay away,58,-6.6,-1.2,-2.4,46.6,0,,Healthcare,533347456.0,2893320.39
MIDSX,MIDAS FUND MIDAS FUND,3.85,7,3,8,7,3,0,2,30,0.0,35.0,Poor,🔥 COILED: Stay away,36,-5.6,-4.2,-4.9,42.7,0,,nan,0.0,0.0
PGEN,Precigen Inc,7.81,18,10,4,15,5,2,5,59,-22.0,35.0,Poor,Stay away,67,1.4,14.0,5.9,62.1,3,,Healthcare,1376132352.0,5100722.44
CTAGF,Capita PLC,3.5,5,3,10,8,3,4,4,37,-5.0,35.0,Poor,Stay away,42,0.0,0.0,-0.0,34.7,1,,Industrials,419231136.0,49.0
EWIIF,EWIIF,3.587,17,11,6,9,4,7,5,59,-24.0,35.0,Poor,Stay away,53,3.7,15.7,6.3,66.5,3,,nan,nan,525.1
BDWBY,Budweiser Brewing Company APAC Limited,3.2,9,6,3,12,1,2,5,38,-3.0,35.0,Poor,Stay away,21,11.5,4.9,2.7,54.0,0,,Consumer Defensive,11890254848.0,1728.5
LAWR,"Robot Consulting Co., Ltd. ADS",3.75,8,8,11,6,3,6,4,46,-14.0,35.0,Poor,Stay away,48,0.0,0.0,0.0,67.5,1,,Industrials,172350000.0,603737.0
CYRB,Cyber App Solutions Corp.,4.0,8,3,10,7,3,2,4,37,-5.0,35.0,Poor,Stay away,37,0.0,0.0,-0.0,39.6,1,,Energy,383516192.0,69.9
TGMPF,Tantalus Systems Holding Inc.,3.31,13,9,6,14,4,2,5,53,-23.0,35.0,Poor,Stay away,33,7.5,20.8,10.9,66.9,3,,Industrials,251017744.0,9970.33
III,Information Services Group Inc,5.37,11,12,5,6,6,11,5,56,-22.0,35.0,Poor,Stay away,64,0.2,-0.2,3.0,62.2,0,,Technology,207622448.0,267678.85
TRVG,Trivago NV,5.57,11,13,0,11,9,0,2,46,-9.0,35.0,Poor,Stay away,59,-11.6,-3.5,-3.5,47.6,0,,Communication Services,303307584.0,51995.12
CAAS,China Automotive Systems Inc,4.91,11,5,1,9,5,4,3,38,-3.0,35.0,Poor,Stay away,56,-3.3,-7.0,-3.3,43.6,0,,Consumer Cyclical,134259616.0,36681.97
COYA,"Coya Therapeutics, Inc. Common Stock",4.98,11,5,4,13,1,1,5,40,-5.0,35.0,Poor,Stay away,38,0.6,7.3,2.7,54.4,1,,Healthcare,108841328.0,183081.59
PIGDX,PNC INTERNATIONAL GROWTH FUND CLASS I,4.52,7,4,6,7,3,2,3,32,0.0,35.0,Poor,Stay away,33,-2.0,0.7,-0.8,47.1,0,,nan,0.0,0.0
CPCRX,COMSTOCK CAPITAL VALUE FUND RETAIL CLASS I,4.8,14,4,2,6,3,7,4,40,-10.0,35.0,Poor,🔥 COILED: Stay away,48,-0.2,0.2,0.0,51.2,0,,nan,0.0,0.0
DHSBF,Dah Sing Banking Group Ltd,1.0,7,6,11,6,3,2,4,39,-10.0,34.0,Poor,🔥 COILED: Stay away,41,0.0,0.0,0.0,50.0,0,,Financial Services,1405752192.0,3.2
DGNX,Diginex Limited Ordinary Shares,1.41,9,10,9,4,7,2,5,46,-15.0,34.0,Poor,🔥 COILED: Stay away,40,-1.4,0.7,0.2,50.7,2,,Industrials,32011034.0,397721.5
IQ,iQIYI Inc,1.03,7,9,3,8,4,6,5,42,-6.0,34.0,Poor,Stay away,32,2.0,3.5,0.9,49.7,1,,Communication Services,1042226752.0,11639107.12
FTFT,Future Fintech Group Inc,4.19,13,2,2,9,3,0,5,34,0.0,34.0,Poor,Stay away,56,-7.1,-47.9,9.4,54.9,0,,Technology,6282450.0,56459.87
CHSN,Chanson International Holding Class A Ordinary Shares,1.15,15,7,8,4,3,2,5,44,-8.0,34.0,Poor,Stay away,35,6.5,9.5,5.3,58.2,1,,Consumer Cyclical,2898858.0,192116.47
LGNRF,Legend Holdings Corporation,1.13,7,6,11,6,3,2,4,39,-10.0,34.0,Poor,🔥 COILED: Stay away,41,0.0,0.0,0.0,50.0,0,,Technology,2662540800.0,1.04
OMZNF,Osisko Metals Incorporated,1.244,14,7,6,9,5,1,4,46,-15.0,34.0,Poor,Stay away,54,-2.0,1.6,0.5,50.9,1,,Basic Materials,988627776.0,113344.76
SYNX,Silynxcom Ltd.,1.05,15,9,6,12,5,4,5,56,-22.0,34.0,Poor,Stay away,36,5.5,25.0,11.4,63.2,3,,Technology,7629606.0,502883.84
CSHRW,CoinShares PLC Warrants,1.01,11,5,2,12,1,7,5,43,-9.0,34.0,Poor,Stay away,0,1.0,-8.2,-0.9,50.7,0,,nan,nan,0.0
SVMB,SavMobi Technology Inc.,1.0,15,4,8,9,4,2,5,47,-13.0,34.0,Poor,Stay away,30,0.0,0.0,11.9,87.0,0,,Technology,666378496.0,66.72
SFBQF,SoftBank Corp,1.502,12,6,4,7,6,2,4,41,-10.0,34.0,Poor,Stay away,48,-1.8,-7.3,-1.0,49.9,0,,Communication Services,65487736832.0,42768.7
CCOZF,China Coal Energy Company Limited,1.28,10,8,8,7,6,1,4,44,-10.0,34.0,Poor,Stay away,27,1.6,1.6,0.4,54.8,0,,Energy,17236260864.0,0.0
PGWFF,PGG Wrightson Limited,1.35,10,6,11,6,0,2,4,39,-10.0,34.0,Poor,🔥 COILED: Stay away,48,0.0,0.0,0.0,50.0,0,,Industrials,190219888.0,0.0
ACRV,"Acrivon Therapeutics, Inc. Common Stock",2.06,18,6,6,5,3,7,4,49,-15.0,34.0,Poor,Stay away,53,2.5,5.1,2.7,53.5,1,,Healthcare,60992460.0,1276348.84
CGCTW,Cartesian Growth Corporation III Warrant,1.4,11,14,2,14,8,2,5,56,-20,34,Poor,Stay away,53,100.3,100.3,33.7,57.8,2,8,nan,nan,69534.04
LU,Lufax Holding Ltd,1.26,9,10,4,9,2,1,2,37,-3.0,34.0,Poor,Stay away,29,8.6,-3.1,0.8,49.2,2,,Financial Services,1343367808.0,1819336.85
PCSV,Pcs Edventures Com,1.48,10,6,10,5,4,2,2,39,-10.0,34.0,Poor,🔥 COILED: Stay away,51,5.7,2.1,0.7,49.5,0,,Consumer Defensive,16355240.0,6191.48
INAB,In8bio Inc,1.24,16,14,6,8,5,3,5,57,-24.0,34.0,Poor,Stay away,31,17.0,11.7,9.9,59.7,3,,Healthcare,14768079.0,131968.68
SKWG,Skywealth Group Inc,1.51,4,3,9,7,3,1,4,31,0.0,34.0,Poor,Stay away,18,0.0,0.0,-0.7,12.2,0,,Industrials,330750.0,2.96
CPNNF,Central Pattana Public Company Limited,1.56,10,6,11,8,3,2,4,44,-13.0,34.0,Poor,Stay away,41,0.0,0.0,0.0,100.0,0,,Real Estate,7001668096.0,5.96
FUFU,BitFuFu Inc. Class A Ordinary Shares,1.37,10,5,8,9,1,2,4,39,-10.0,34.0,Poor,🔥 COILED: Stay away,28,-5.5,0.7,0.2,50.2,1,,Financial Services,336640256.0,204825.0
ONTTF,Oxford Nanopore Technologies Limited,2.38,18,9,5,11,7,5,3,58,-20.0,34.0,Poor,Stay away,59,13.3,17.2,7.9,57.7,3,,Healthcare,1897150336.0,26810.18
RENX,RenX Enterprises Corp.,2.37,19,12,7,7,6,7,5,63,-30,34,Poor,Stay away,66,36.2,40.2,23.7,71.0,4,,Real Estate,4312897.0,1134139.93
NUFMF,Nufarm Limited,2.13,7,3,1,11,6,5,3,36,-5.0,34.0,Poor,Stay away,56,-4.5,-4.5,-3.2,43.5,1,,Basic Materials,756294912.0,882.0
GLGDF,GoGold Resources Inc.,2.97,10,4,5,7,3,0,2,31,0.0,34.0,Poor,🔥 COILED: Stay away,49,-5.7,0.0,-2.6,48.4,0,,Basic Materials,1040282368.0,460124.94
MYCOF,Mydecine Innovations Group Inc,0.73,4,4,10,6,6,5,4,39,-10.0,34.0,Poor,🔥 COILED: Stay away,33,0.0,0.0,-0.6,46.8,0,,Healthcare,103044568.0,0.0
BOREF,Borealis Exploration Ltd,2.0,8,7,11,6,4,4,4,44,-15.0,34.0,Poor,🔥 COILED: Stay away,40,0.0,0.0,0.0,52.4,1,,Financial Services,10897809.0,940.43
YOTA,Yotta Acquisition Corporation Common Stock,2.0,5,3,10,9,3,2,4,36,-5.0,34.0,Poor,Stay away,31,0.0,0.0,-0.0,1.0,1,,Financial Services,7365208.0,105.3
VRTK,Vartech Systems Inc,2.05,7,6,11,6,3,2,4,39,-10.0,34.0,Poor,🔥 COILED: Stay away,41,0.0,0.0,0.0,50.0,0,,Technology,4431382.0,88.52
SHTDF,Sinopharm Group Co. Ltd,2.08,10,6,5,8,5,2,3,39,-5.0,34.0,Poor,Stay away,32,14.3,14.3,3.9,56.8,2,,Healthcare,7146302464.0,1022.78
MTRBF,Metro Bank Holdings PLC,2.15,12,6,8,5,6,3,4,44,-10.0,34.0,Poor,Stay away,54,0.0,0.4,0.2,57.7,0,,Financial Services,1515267072.0,2055.03
MOPLF,Molinos Rio de la Plata S.A.,2.35,7,6,11,6,3,2,4,39,-10.0,34.0,Poor,🔥 COILED: Stay away,46,0.0,0.0,0.0,50.0,1,,Consumer Defensive,473325504.0,46.97
DEWY,The Dewey Electronics Corporation,2.35,5,3,10,9,3,2,4,36,-5.0,34.0,Poor,Stay away,39,0.0,0.0,-0.0,0.3,1,,Industrials,3211817.0,45.01
YAHOF,Z Holdings Corporation,3.544,15,6,8,5,4,3,5,46,-12.0,34.0,Poor,Stay away,50,0.0,7.4,8.5,69.9,0,,Consumer Cyclical,17391804416.0,0.0
DNLZY,Dyno Nobel Limited,2.68,9,4,1,7,5,4,4,34,0.0,34.0,Poor,Stay away,49,-9.2,0.8,-3.4,46.2,0,,Basic Materials,4599666688.0,5435.01
UFCP,Union Financial Corporation,2.51,7,6,11,6,3,2,4,39,-10.0,34.0,Poor,🔥 COILED: Stay away,41,0.0,0.0,0.0,50.0,0,,Financial Services,8266010.0,26.73
SWPFF,Swire Properties Limited,3.08,5,4,9,9,4,1,2,34,0.0,34.0,Poor,Stay away,43,-1.0,-3.7,-1.8,42.6,1,,Real Estate,17163249664.0,0.0
KLTHF,Koolearn Technology Holding Limited,2.8,7,6,11,6,3,2,4,39,-10.0,34.0,Poor,🔥 COILED: Stay away,47,0.0,0.0,0.0,50.0,0,,Consumer Defensive,2947582976.0,762.5
CSAN,Cosan SA ADR,2.96,9,12,2,9,7,7,5,51,-18.0,34.0,Poor,Stay away,37,-0.3,8.4,0.5,50.7,3,,Energy,2828647168.0,2214209.71
IPFPF,International Personal Finance plc,2.83,5,1,8,16,4,2,4,40,-11.0,34.0,Poor,Stay away,42,0.0,0.0,0.0,94.9,0,,Financial Services,628432704.0,15.0
MTGRY,Mount Gibson Iron Ltd ADR,2.825,5,3,10,8,0,6,4,36,-5.0,34.0,Poor,Stay away,46,0.0,0.0,-0.0,10.7,1,,Basic Materials,333471104.0,293.08
CRVO,CervoMed Inc.,2.67,10,14,12,2,3,2,5,48,-14.0,34.0,Poor,Stay away,31,10.8,5.5,4.6,55.4,1,,Healthcare,27498396.0,79183.09
MBRFY,Marfrig Global Foods S.A.,3.21,3,13,6,6,7,4,2,41,-8.0,34.0,Poor,Stay away,38,-0.3,-3.9,-2.0,46.2,1,,Consumer Defensive,4288926976.0,375939.01
ZNNGY,"Zhongyuan Bank Co., Ltd.",3.11,10,6,11,8,3,2,4,44,-13.0,34.0,Poor,Stay away,42,0.0,0.0,0.0,96.0,0,,Financial Services,2273399040.0,4.0
ADPXY,Audio Pixels Holdings Ltd ADR,3.0,5,3,10,9,3,2,4,36,-5.0,34.0,Poor,Stay away,36,0.0,0.0,-0.0,0.1,1,,Technology,87630304.0,230.09
YOLO,AdvisorShares Pure Cannabis,3.11,13,3,8,13,5,3,4,49,-13.0,34.0,Poor,Stay away,54,3.0,2.3,0.9,53.3,0,,nan,nan,88910.49
HNST,Honest Company Inc,5.3,12,12,4,5,7,4,2,46,-13.0,34.0,Poor,Stay away,61,-0.6,-4.5,-0.7,50.7,2,,Consumer Defensive,362158656.0,2680385.83
QTRX,Quanterix Corp,3.52,16,12,8,11,4,2,5,58,-24.0,34.0,Poor,Stay away,44,15.8,40.8,16.9,66.2,3,,Healthcare,179002720.0,791781.67
MSTU,T-REX 2X Long MSTR Daily Target ETF,41.85,15,5,6,10,5,0,5,46,-12.0,34.0,Poor,Stay away,56,-13.8,25.8,18.4,63.4,2,,nan,nan,22570724.39
HLDCY,Henderson Land Development,3.38,6,10,6,4,7,6,2,41,-8.0,34.0,Poor,Stay away,31,1.2,2.1,-1.1,44.3,1,,Real Estate,17816303616.0,20024.02
ATAI,ATAI Life Sciences BV,7.35,14,8,9,5,7,6,4,53,-19.0,34.0,Poor,Stay away,58,0.1,0.0,0.9,61.8,2,,Healthcare,1656750080.0,5230689.71
HRASF,Hera S.p.A,4.1,7,6,11,6,3,2,4,39,-10.0,34.0,Poor,🔥 COILED: Stay away,42,0.0,0.0,0.0,50.0,0,,Utilities,6061331968.0,10.84
OSUR,OraSure Technologies Inc,3.95,17,12,6,15,5,1,5,61,-27.0,34.0,Poor,Stay away,56,7.0,17.2,6.4,62.9,3,,Healthcare,287098464.0,599665.15
CFEIY,China Feihe Limited,4.39,8,8,8,4,3,4,4,39,-10.0,34.0,Poor,🔥 COILED: Stay away,37,0.0,0.0,-0.0,45.2,0,,Consumer Defensive,3866564608.0,50.85
HUPHY,Hutchison Port Holdings Trust,4.25,15,4,7,11,4,1,5,47,-13.0,34.0,Poor,Stay away,37,0.0,7.6,5.4,82.4,0,,Industrials,1916442240.0,211.88
WGRX,"Wellgistics Health, Inc. Common Stock",3.03,14,5,4,12,3,2,3,43,-9.0,34.0,Poor,Stay away,50,-15.4,6.6,-2.5,49.7,1,,Healthcare,11033935.0,340484.16
ASPHF,Ascentage Pharma Group International,4.53,5,3,9,8,3,4,4,36,-5.0,34.0,Poor,Stay away,18,0.0,0.0,-0.0,0.0,1,,Healthcare,1752872960.0,72.5
TKNO,Alpha Teknova Inc,9.2,18,3,7,15,5,7,5,60,-26.0,34.0,Poor,Stay away,64,10.3,34.9,15.8,77.0,3,,Healthcare,291124160.0,202227.21
PTAUF,Port of Tauranga Limited,4.89,7,6,11,6,3,2,4,39,-10.0,34.0,Poor,🔥 COILED: Stay away,47,0.0,0.0,0.0,50.0,0,,Industrials,3326425344.0,34.89
FNNNF,Finnair Oyj,5.2,3,3,4,9,6,7,2,34,0.0,34.0,Poor,Stay away,0,0.0,0.0,-1.8,36.3,0,,Industrials,999667840.0,0.0
STAK,STAK Inc. Ordinary Shares,1.19,11,8,7,9,4,1,2,42,-6.0,34.0,Poor,Stay away,30,10.2,3.5,-3.0,46.7,1,,Energy,69349352.0,2571423.1
CNSP,CNS Pharmaceuticals Inc,5.11,4,8,3,9,7,4,2,37,-1.0,34.0,Poor,Stay away,52,-2.1,-10.4,-5.0,41.8,1,,Healthcare,7716451.0,473823.1
IRLTF,Intralot S.A. Integrated Lottery Systems and Services,1.0,5,3,10,8,3,2,4,35,-5.0,33.0,Poor,Stay away,0,0.0,0.0,-0.0,0.0,1,,Consumer Cyclical,1846765056.0,13.78
ABVN,ABV Consulting Inc,1.02,3,2,10,8,3,5,4,35,-5.0,33.0,Poor,Stay away,30,0.0,0.0,-2.5,24.1,1,,Financial Services,100783000.0,76.84
SOSAF,SosTravel.com S.P.A.,1.01,4,4,9,9,3,1,4,34,0.0,33.0,Poor,Stay away,29,0.0,0.0,0.0,50.0,0,,Consumer Cyclical,13216139.0,0.72
FCHL,Fitness Champs Holdings Limited Common Stock,0.98,7,8,9,8,4,0,2,38,-5.0,33.0,Poor,Stay away,35,-5.8,3.8,-4.3,43.4,1,,Consumer Defensive,1780301.0,0.0
SDA,SunCar Technology Group Inc.,0.502,3,12,2,8,2,2,2,31,2.0,33.0,Poor,Stay away,26,3.4,-12.6,-8.7,40.2,0,,Consumer Cyclical,140772912.0,418133.21
NGHLF,Nightingale Health Oyj,1.19,5,3,10,8,3,2,4,35,-5.0,33.0,Poor,Stay away,33,0.0,0.0,-0.0,0.0,1,,Healthcare,71829592.0,1.0
DJTU,T-Rex 2X Long DJT Daily Target ETF,11.357,12,9,7,3,7,3,2,43,-8.0,33.0,Poor,Stay away,55,-0.8,4.1,-0.1,50.0,0,,nan,nan,831406.93
HPURF,Hexagon Purus ASA,1.2,12,6,11,10,3,2,4,48,-18.0,33.0,Poor,Stay away,54,0.0,0.0,0.0,98.8,1,,Industrials,51418336.0,233.72
BENZF,Benz Mining Corp,3.64,18,7,5,15,3,7,5,60,-25.0,33.0,Poor,Stay away,55,3.4,26.0,12.4,67.7,3,,Basic Materials,420660128.0,21704.77
ZKIN,ZK International Group Co Ltd,2.13,18,4,5,14,7,1,5,54,-21,33,Poor,Stay away,56,99.1,90.2,47.0,74.3,3,9,Basic Materials,75652248.0,36437.43
PERF,Perfect Corp.,1.9,7,4,8,12,5,3,4,43,-13.0,33.0,Poor,Stay away,49,-1.6,-1.6,-0.8,45.1,0,,Technology,170087280.0,147853.18
TWAV,TaoWeave Inc.,1.58,15,12,5,11,7,2,5,57,-25.0,33.0,Poor,Stay away,45,-1.9,22.5,11.3,61.4,3,,Financial Services,4907731.0,513237.26
FRZCF,Frasers Centrepoint Trust,1.73,8,5,10,6,3,2,4,38,-10.0,33.0,Poor,🔥 COILED: Stay away,35,0.0,0.0,-0.0,44.4,0,,Real Estate,3525435904.0,228.81
ELLKY,Ellaktor SA ADR,1.5,10,6,10,6,3,1,4,40,-10.0,33.0,Poor,Stay away,0,0.0,0.0,-0.2,38.0,1,,Industrials,612712000.0,0.0
SBTU,SBTU,49.458,15,3,6,15,3,0,5,47,-12.0,33.0,Poor,Stay away,56,-10.0,3.4,13.0,60.4,0,,nan,nan,0.0
CLLKF,Cellink AB (publ),2.15,9,5,4,10,6,1,5,40,-7.0,33.0,Poor,Stay away,37,-4.8,-4.8,1.1,64.5,1,,Healthcare,134233456.0,209.37
TXMD,TherapeuticsMD Inc,2.09,3,11,7,8,7,0,2,38,-3.0,33.0,Poor,Stay away,59,-0.5,-3.2,-2.2,45.1,1,,Healthcare,23148724.0,105907.79
USNZY,Usinas Siderurgicas de Minas Gerais,1.4,4,9,5,8,4,2,5,37,-5.0,33.0,Poor,Stay away,36,-1.4,-0.7,-1.4,47.6,2,,Basic Materials,2745002240.0,122408.4
EDVGF,Endeavour Group Limited,2.38,14,4,5,8,6,1,5,43,-13.0,33.0,Poor,Stay away,44,0.0,0.0,1.4,93.0,0,,Consumer Defensive,3683392512.0,155.5
VFORF,VFORF,2.01,1,9,2,13,6,2,2,35,-5.0,33.0,Poor,Stay away,38,-2.0,-4.5,-4.1,39.5,2,,Communication Services,44204052.0,3645.74
PMDI,Psychemedics Corporation,2.49,10,6,11,8,3,6,4,48,-18.0,33.0,Poor,Stay away,57,0.0,0.0,0.0,80.4,1,,Healthcare,13440905.0,2681.28
IDAI,Trust Stamp Inc,3.13,13,11,5,4,7,3,3,46,-11.0,33.0,Poor,Stay away,47,12.6,0.6,3.5,55.1,2,,Technology,13215914.0,253586.82
WIEMX,WASATCH EMERGING MARKETS SMALL CAP FUND INSTITUTIONAL CLASS SHARES,2.1,7,4,5,7,3,1,3,30,0.0,33.0,Poor,Stay away,31,-2.3,0.0,-1.0,46.6,0,,nan,0.0,0.0
AEMMF,A2A S.p.A,2.6,8,6,11,9,3,2,4,43,-13.0,33.0,Poor,Stay away,47,0.0,0.0,0.0,98.7,0,,Utilities,8124445696.0,34.06
CURI,Curiositystream Inc.,2.9,10,5,6,8,2,5,5,41,-8.0,33.0,Poor,Stay away,38,2.1,3.9,1.6,52.7,1,,Communication Services,191498944.0,570029.02
MEDXF,Medexus Pharmaceuticals Inc,3.625,10,11,3,4,9,5,4,46,-13.0,33.0,Poor,Stay away,54,-0.7,0.1,-0.0,49.9,1,,Healthcare,82394160.0,12016.1
SHJBF,Shanghai Junshi Biosciences Co. Ltd,3.35,12,6,11,8,3,4,4,48,-18.0,33.0,Poor,Stay away,50,0.0,0.0,0.0,99.8,1,,Healthcare,4841863680.0,59.45
RXRX,Recursion Pharmaceuticals Inc,3.7,14,9,4,14,5,4,5,55,-20.0,33.0,Poor,Stay away,44,-6.8,8.5,3.3,54.3,3,,Healthcare,2016896384.0,26007332.71
GME-WT,GameStop Corp. WT EXP 103026,2.356,8,12,2,4,7,0,5,38,-10.0,33.0,Poor,🔥 COILED: Stay away,35,1.3,-5.4,0.5,51.6,0,,nan,nan,0.0
AARD,"Aardvark Therapeutics, Inc. Common Stock",5.27,5,13,7,8,4,4,2,43,-8.0,33.0,Poor,Stay away,41,-5.4,-5.0,-5.2,44.7,2,,Healthcare,83120424.0,219286.16
CSPCY,CSPC Pharmaceutical Group Limited,4.81,15,11,4,5,6,0,2,43,-10.0,33.0,Poor,Stay away,48,1.5,6.4,2.9,55.9,0,,Healthcare,10378960896.0,14362.3
ACOPY,The A2 Milk Company Ltd,4.8,6,16,6,6,3,0,3,40,-8.0,33.0,Poor,Stay away,32,0.3,-0.6,0.7,51.2,1,,Consumer Defensive,2771128064.0,808.3
NABL,N-Able Inc,4.05,10,11,8,5,5,3,3,45,-15.0,33.0,Poor,🔥 COILED: Stay away,44,3.3,-2.9,1.9,52.4,2,,Technology,723372608.0,1193957.3
MJWNY,Naked Wines plc,3.78,15,5,7,7,6,4,4,48,-18.0,33.0,Poor,Stay away,49,1.7,1.7,1.0,83.3,1,,Consumer Defensive,64449884.0,159.01
BDCO,Blue Dolphin Energy Co,11.81,11,5,1,12,5,4,5,43,-10.0,33.0,Poor,Stay away,54,-14.3,-19.4,-7.2,49.9,0,,Energy,56703476.0,10351.32
GLOH,Glow Holdings Inc,3.75,10,7,11,6,3,2,4,43,-15.0,33.0,Poor,🔥 COILED: Stay away,53,0.0,0.0,0.0,51.9,1,,Financial Services,7964186.0,287.5
RGTZ,Defiance Daily Target 2x Short RGTI ETF,15.02,11,8,6,14,6,0,5,50,-15.0,33.0,Poor,Stay away,62,5.0,-13.6,16.6,63.9,0,,nan,nan,0.0
NUVI,Emo Capital Corp,0.021,18,11,7,11,6,2,5,60,-27,33,Poor,Stay away,53,320.0,57.9,135.2,62.0,2,2,Financial Services,12019999744.0,0.0
HWGG,HWGG Entertainment Limited,3.99,17,13,6,5,4,5,5,55,-20,33,Poor,Stay away,39,411.5,99.5,65.4,60.8,4,10,Consumer Cyclical,101107112.0,0.0
GVH,Globavend Holdings Limited Ordinary Shares,1.08,8,5,4,7,2,4,5,35,0.0,33.0,Poor,Stay away,12,-8.5,2.9,-4.1,44.2,0,,Industrials,9901926.0,786621.17
SHTPY,SHTPY,6.55,12,1,4,7,6,1,5,36,-3.0,33.0,Poor,Stay away,51,0.0,-6.7,4.2,75.7,0,,Healthcare,2632743680.0,5.51
CRNZF,Cairn Energy PLC,4.89,6,4,4,8,6,3,2,33,0.0,33.0,Poor,Stay away,45,0.0,0.0,-0.4,33.1,0,,Energy,296636384.0,61.5
CHYCF,Chiyoda Corporation,3.88,4,3,10,8,0,1,4,30,0.0,33.0,Poor,Stay away,12,0.0,0.0,-0.1,0.3,0,,Industrials,1223250304.0,15.0
MYGN,Myriad Genetics Inc,4.24,14,7,6,14,5,6,5,57,-22.0,33.0,Poor,Stay away,43,5.7,11.9,11.2,66.8,3,,Healthcare,436350720.0,1431509.4
WTID,UBS ETRACS - ProShares Daily 3x Inverse Crude ETN,2.87,8,13,9,12,2,2,2,48,-13.0,33.0,Poor,Stay away,25,1.7,10.4,2.2,49.3,3,,nan,nan,840608.01
FEAM,5E Advanced Materials Inc,2.79,16,7,6,15,7,3,5,59,-24.2,32.8,Poor,Stay away,52,12.5,109.8,29.4,71.1,3,,Basic Materials,74104672.0,232024.84
GTMAY,Grupo TMM SAB,2.75,20,4,6,12,4,4,5,55,-22.5,32.5,Poor,Stay away,56,56.2,37.5,21.8,70.3,2,3,Industrials,87276560.0,921.13
ESHSF,Eddy Smart Home Solutions Ltd.,1,5,4,9,7,3,2,4,34,-5.0,32.0,Poor,Stay away,41,0.0,0.0,0.0,50.0,1,,Technology,6128623.0,400.0
ONCO,Onconetix Inc,1.11,18,9,4,6,7,6,5,55,-19,32,Poor,Stay away,53,69.5,74.3,37.8,70.2,2,9,Healthcare,1215244.0,379468.93
SWSSU,Springwater Special Situations Corp Unit,1.065,5,3,10,7,3,2,4,34,-5.0,32.0,Poor,Stay away,31,0.0,0.0,-0.0,0.0,1,,Financial Services,nan,1.0
MOGLF,Mongolian Mining Corporation,1.23,9,4,9,6,6,1,2,37,-10.0,32.0,Poor,🔥 COILED: Stay away,52,0.0,0.0,0.1,56.3,0,,Basic Materials,1842015616.0,2839.75
MGLD,Marygold Companies Inc,1.97,18,4,6,8,6,9,5,56,-20,32,Poor,⚠️ EXHAUSTION RISK: Stay away,69,100.0,103.1,68.5,84.8,3,10,Financial Services,51145084.0,100456.91
OBRUF,Oberon Uranium Corp.,1.137,9,6,11,8,3,6,4,47,-18.0,32.0,Poor,Stay away,52,0.0,0.0,0.0,99.8,1,,Energy,34545616.0,389.05
ALZN,Alzamend Neuro Inc,1.73,9,2,4,13,3,4,5,40,-8.0,32.0,Poor,Stay away,41,-10.8,-1.1,-2.2,50.2,1,,Healthcare,4337404.0,108419.49
BTBD,Bt Brands Inc,1.89,16,5,6,14,7,5,5,58,-26.0,32.0,Poor,Stay away,52,8.6,6.0,9.5,67.9,1,,Consumer Cyclical,7297974.0,972586.25
EPGNF,Epigenomics AG,1.12,10,6,11,6,3,2,4,42,-15.0,32.0,Poor,🔥 COILED: Stay away,35,0.0,0.0,0.0,50.0,1,,Healthcare,982213.0,0.0
LAB,Standard Biotools Inc,0.727,6,7,6,11,2,4,5,41,-9.0,32.0,Poor,Stay away,21,-1.7,3.9,0.8,51.0,1,,Healthcare,495767520.0,1927863.28
PTOAF,Pieridae Energy Limited,1.61,16,5,9,9,5,2,3,49,-15.0,32.0,Poor,Stay away,50,-0.6,1.9,1.8,58.1,2,,Energy,373996544.0,74887.88
BAIGF,Bairong Inc.,1.2,7,6,11,9,3,2,4,42,-13.0,32.0,Poor,Stay away,39,0.0,0.0,0.0,80.8,0,,Technology,539498496.0,64.93
BRCC,BRC Inc.,9.05,15,6,9,9,5,4,5,53,-21.0,32.0,Poor,Stay away,49,1.7,0.8,8.3,65.2,1,,Consumer Defensive,153860272.0,906892.71
RKTO,RKTO,0.738,9,5,4,9,0,0,5,32,0.0,32.0,Poor,Stay away,25,-1.4,10.0,-1.2,48.5,2,,nan,39406772.0,3183556.8
SCPAF,Shopping Centres Australasia Property Group,1.55,8,6,10,6,3,2,4,39,-10.0,32.0,Poor,Stay away,0,0.0,0.0,-0.0,3.3,0,,Real Estate,1608239104.0,0.0
PSHG,Performance Shipping Inc,1.755,9,3,2,8,5,0,5,32,0.0,32.0,Poor,Stay away,42,-5.1,5.1,-0.5,49.7,0,,Industrials,21383312.0,116036.57
RMSG,Real Messenger Corporation Ordinary Shares,0.295,4,14,6,7,4,2,2,39,-5.0,32.0,Poor,Stay away,30,7.2,-6.7,-5.2,41.4,2,,Technology,9878278.0,5816471.26
ELLKF,Ellaktor S.A,1.3,4,3,10,7,3,3,4,34,-5.0,32.0,Poor,Stay away,0,0.0,0.0,-0.3,1.5,1,,Industrials,726946432.0,0.0
WEWA,Wewards Inc,2.0,5,3,10,7,3,2,4,34,-5.0,32.0,Poor,Stay away,27,0.0,0.0,-0.0,0.0,1,,Technology,214966896.0,6.0
CELZ,Creative Medical Technology Holdings Inc,1.01,10,11,5,11,6,4,2,49,-18.0,32.0,Poor,Stay away,30,0.5,15.0,1.0,49.5,3,,Healthcare,7615136.0,75636.08
WAI,Top KingWin Ltd,2.561,16,7,6,15,6,0,5,55,-23.0,32.0,Poor,Stay away,59,0.0,34.8,13.2,71.2,3,,Financial Services,4690880.0,438766.67
AFGVY,Agfa Gevaert NV ADR,2.29,5,3,10,7,3,2,4,34,-5.0,32.0,Poor,Stay away,36,0.0,0.0,-0.0,0.4,1,,Industrials,177269504.0,2.5
GALT,Galectin Therapeutics Inc,3.93,14,13,5,4,5,2,3,46,-15.0,32.0,Poor,Stay away,49,-0.8,2.3,-0.0,50.8,2,,Healthcare,156739424.0,383759.86
RSSS,Research Solutions Inc,2.15,6,16,4,3,4,2,3,38,-6.0,32.0,Poor,Stay away,37,0.9,8.6,1.0,51.0,2,,Technology,75256944.0,85176.55
ZGM,Zenta Group Company Limited Ordinary Shares,2.95,18,10,4,2,9,3,5,51,-17,32,Poor,Stay away,54,71.5,65.7,42.8,68.9,2,12,Industrials,19484584.0,0.0
CYFWF,Cyfrowy Polsat S.A,2.64,8,4,10,6,3,2,4,37,-10.0,32.0,Poor,🔥 COILED: Stay away,37,0.0,0.0,-0.0,48.1,0,,Communication Services,1453857408.0,47.25
FSROF,FSROF,2.62,12,6,11,11,3,2,4,49,-13.0,32.0,Poor,Stay away,50,0.0,0.0,0.0,98.8,0,,nan,457748736.0,51.98
HHS,Harte Hanks Inc,4.6,15,3,6,14,5,4,5,52,-20.0,32.0,Poor,Stay away,63,-0.4,7.0,5.1,70.5,1,,Industrials,18845454.0,38612.09
CRHKF,China Resources Beer Holdings Co Ltd,2.39,5,9,2,8,3,3,2,32,0.0,32.0,Poor,Stay away,15,3.2,-4.4,-3.1,26.5,1,,Consumer Defensive,11386439680.0,31.16
MLCI,Mount Logan Capital Inc. Common Stock,3.56,17,12,13,5,4,3,5,59,-25.0,32.0,Poor,Stay away,47,13.0,8.9,8.4,69.8,3,,Financial Services,33006866.0,63786.48
FKWL,Franklin Wireless Corp,2.42,7,11,7,3,7,1,2,38,-11.0,32.0,Poor,🔥 COILED: Stay away,28,0.0,2.5,0.3,50.4,1,,Technology,33703040.0,16945.94
CLPR,Clipper Realty Inc,3.28,9,4,5,12,5,1,3,39,-10.0,32.0,Poor,Stay away,36,-0.3,-2.4,-1.5,48.6,1,,Real Estate,134645632.0,72100.32
GBCS,Global Healthcare REIT Inc,5.72,11,4,9,5,3,2,5,39,-10.0,32.0,Poor,Stay away,53,-1.9,-0.3,0.5,58.0,0,,Healthcare,9109165.0,0.0
CMVLF,Cellectis S.A,3.47,10,6,11,7,3,6,4,47,-18.0,32.0,Poor,Stay away,51,0.0,0.0,0.0,88.5,1,,Healthcare,452751648.0,21.5
LSLPF,LSL Property Services plc,3.68,15,6,11,6,6,2,4,50,-23.0,32.0,Poor,🔥 COILED: Stay away,46,0.0,0.0,0.1,100.0,0,,Real Estate,321893312.0,0.0
SCPKF,7C Solarparken AG,3.48,8,4,10,6,3,2,4,37,-10.0,32.0,Poor,🔥 COILED: Stay away,38,0.0,0.0,-0.0,48.1,0,,Technology,281392000.0,22.5
CGROF,The Character Group plc,3.26,8,4,10,6,3,2,4,37,-10.0,32.0,Poor,🔥 COILED: Stay away,40,0.0,0.0,-0.0,48.1,0,,Consumer Cyclical,56792292.0,4.25
PPOEF,PGE Polska Grupa Energetyczna S.A,3.56,10,6,11,6,3,2,4,42,-15.0,32.0,Poor,🔥 COILED: Stay away,44,0.0,0.0,0.0,50.0,1,,Utilities,7987618304.0,0.0
TMCI,Treace Medical Concepts Inc,4.48,6,10,9,5,5,7,2,44,-15.0,32.0,Poor,Stay away,51,0.0,-3.2,-1.4,47.4,1,,Healthcare,239381280.0,697161.4
HAYPY,Hays PLC ADR,4.5,7,8,8,6,3,1,4,37,-10.0,32.0,Poor,🔥 COILED: Stay away,42,0.0,0.0,0.0,54.8,1,,Industrials,622016704.0,0.0
TTGT,"TechTarget, Inc. Common Stock",3.78,3,5,7,8,4,5,3,35,-3.0,32.0,Poor,Stay away,26,-1.6,-2.3,-1.7,44.7,1,,Technology,305826624.0,509986.08
FOSL,Fossil Group Inc,6.02,17,7,4,12,5,2,5,52,-20.0,32.0,Poor,Stay away,65,2.7,21.1,7.8,59.0,3,,Consumer Cyclical,240543520.0,809402.87
DJTWW,Trump Media & Technology Group Corp.,5.28,14,13,8,9,6,2,5,57,-23.0,32.0,Poor,Stay away,54,4.6,6.2,7.4,64.5,1,,nan,1293337344.0,45166.62
BUKS,Butler National Corp,4.01,5,10,3,7,2,2,2,31,0.0,32.0,Poor,Stay away,42,-4.8,-0.2,-2.2,44.7,1,,Industrials,260785040.0,99919.11
BSEM,Biostem Technologies Inc,4.05,13,4,3,5,7,0,5,37,-8.0,32.0,Poor,Stay away,38,-8.0,-3.8,0.9,51.7,0,,Healthcare,63690208.0,81052.75
CAEN,California-Engels Mining Company,4.0,5,5,10,6,3,2,4,35,-8.0,32.0,Poor,🔥 COILED: Stay away,38,0.0,0.0,-0.0,48.1,0,,Basic Materials,2783560.0,5.23
ABUS,Arbutus Biopharma Corp,4.86,9,6,9,3,7,3,2,39,-8.0,32.0,Poor,Stay away,49,-2.8,-5.3,-2.3,41.7,1,,Healthcare,839535296.0,1630167.49
CHRCF,CHRCF,5.1,15,4,7,11,6,2,5,50,-18.0,32.0,Poor,Stay away,57,0.0,0.0,5.3,98.7,1,,Technology,518375136.0,98.98
COMVX,COMSTOCK CAPITAL VALUE FUND CLASS AAA,4.63,12,6,1,6,3,7,4,39,-10.0,32.0,Poor,Stay away,47,-0.2,0.2,-0.0,50.7,0,,nan,0.0,0.0
ELALF,El Al Israel Airlines Ltd,5.5,8,7,9,5,6,1,3,39,-10.0,32.0,Poor,Stay away,60,-1.8,4.8,-0.5,50.1,0,,Industrials,2934749184.0,1193.31
PRTHU,Priority Technology Holdings Inc Unit,5.0,5,3,10,7,3,2,4,34,-5.0,32.0,Poor,Stay away,33,0.0,0.0,-0.0,0.0,1,,Technology,302850496.0,5.0
VMVXX,JPMorgan Trust I - JPMorgan Prime Money Market Fund,1.001,9,5,6,6,4,4,4,38,-10.0,31.0,Poor,Stay away,33,0.0,-0.0,-0.0,46.8,0,,nan,nan,0.0
VPMXX,JPMorgan Trust I - JPMorgan Prime Money Market Fund,1.0,5,4,10,6,3,2,4,34,-8.0,31.0,Poor,🔥 COILED: Stay away,38,0.0,0.0,-0.0,41.6,0,,nan,nan,0.0
CLXLF,Calix Limited,1.1,12,6,11,8,3,2,4,46,-18.0,31.0,Poor,Stay away,51,0.0,0.0,0.0,100.0,1,,Basic Materials,237363152.0,83.93
SNLAF,Sino Land Company Limited,1.36,8,8,8,4,3,1,4,36,-10.0,31.0,Poor,🔥 COILED: Stay away,25,0.0,0.0,-0.0,48.1,0,,Real Estate,12653707264.0,0.0
GIGM,Giga Media Ltd,1.44,11,12,4,12,5,2,3,49,-16.0,31.0,Poor,Stay away,38,4.3,9.0,2.9,55.5,3,,Communication Services,15804695.0,8823.05
MTPLF,Metaplanet Inc.,1.79,13,12,4,11,7,4,2,53,-22.0,31.0,Poor,Stay away,39,-2.7,10.5,3.3,55.1,3,,Consumer Cyclical,1985906816.0,2905301.5
IHT,InnSuites Hospitality Trust,1.38,6,7,4,9,0,2,5,33,0.0,31.0,Poor,Stay away,33,-4.8,3.0,-1.8,44.9,1,,Real Estate,14375993.0,200719.22
VICP,Vicapsys Life Sciences Inc,0.785,1,7,1,11,5,4,2,31,-5.0,31.0,Poor,Stay away,22,-7.6,-21.5,-15.6,36.6,1,,Healthcare,47262100.0,16.3
GZTGF,G City Ltd,1.79,6,8,7,3,6,5,3,38,-10.0,31.0,Poor,Stay away,24,0.0,-0.6,-0.6,44.6,0,,Real Estate,257207856.0,503.43
KDCXF,Kudelski SA,1.62,9,6,11,6,3,2,4,41,-15.0,31.0,Poor,🔥 COILED: Stay away,44,0.0,0.0,0.0,50.0,1,,Technology,158513568.0,12.98
BMR,Beamr Imaging Ltd. Ordinary Share,1.26,7,4,6,10,3,2,4,36,-5.0,31.0,Poor,Stay away,25,-1.9,-6.0,-2.0,46.4,1,,Technology,29506724.0,213230.06
JYOGF,Jersey Oil and Gas Plc,1.75,12,6,11,8,3,2,4,46,-18.0,31.0,Poor,Stay away,50,0.0,0.0,0.0,90.8,1,,Energy,57168348.0,442.5
EVTV,Envirotech Vehicles Inc,1.805,7,10,7,7,3,2,5,41,-8.0,31.0,Poor,Stay away,44,-7.0,-8.4,0.0,50.1,1,,Consumer Cyclical,23275294.0,9155899.31
SY,So-Young International Inc,2.69,11,8,9,3,5,2,5,43,-15.0,31.0,Poor,Stay away,41,-1.8,2.7,0.8,54.6,1,,Healthcare,203772144.0,825419.92
LGCL,Lucas GC Limited Ordinary Shares,2.89,15,6,4,6,5,0,5,41,-10.0,31.0,Poor,Stay away,47,5.5,-7.1,5.0,55.6,0,,Technology,86864520.0,112824.47
BMRA,Biomerica Inc,2.39,11,8,2,14,7,4,5,51,-18.0,31.0,Poor,Stay away,52,-8.1,1.3,3.0,56.4,1,,Healthcare,6628627.0,97347.74
INNPF,InnoCan Pharma Corporation,1.62,8,6,3,11,0,6,5,39,-4.0,31.0,Poor,Stay away,16,0.0,0.0,-1.6,45.6,1,,Consumer Defensive,11021992.0,199.38
BORAY,"Bora Pharmaceuticals Co., Ltd.",7.0,18,7,6,10,6,3,5,55,-24,31,Poor,Stay away,54,122.9,164.4,65.7,97.4,3,6,nan,nan,0.0
IHPGF,IntegraFin Holdings plc,2.75,2,4,10,7,3,2,4,32,0.0,31.0,Poor,Stay away,32,0.0,0.0,0.0,50.0,0,,Financial Services,908531712.0,1.0
FPAFY,First Pacific Company Ltd,3.15,1,9,3,8,3,3,2,29,2.0,31.0,Poor,Stay away,23,0.3,-0.9,-0.9,44.5,0,,Consumer Defensive,2812999168.0,49515.26
SQZZF,Serica Energy plc,3.52,15,5,5,3,6,2,5,41,-10.0,31.0,Poor,Stay away,46,-4.1,5.1,3.6,59.2,1,,Energy,1562694656.0,1355.0
HNORF,Harvey Norman Holdings Ltd,3.72,5,6,10,6,3,4,4,38,-10.0,31.0,Poor,Stay away,38,0.0,0.0,-0.0,36.3,0,,Consumer Cyclical,4635144704.0,439.67
FXCNF,FIH Mobile Limited,3.0,5,4,11,5,3,6,4,38,-10.0,31.0,Poor,Stay away,39,0.0,0.0,0.0,57.7,0,,Technology,2747351552.0,43.5
SNIRF,Senior plc,3.75,9,3,8,6,3,5,4,38,-10.0,31.0,Poor,Stay away,50,0.0,0.0,-0.1,25.2,0,,Industrials,1596224128.0,439.72
TCLAF,Transcontinental Inc,3.75,4,13,5,2,3,7,2,36,-8.0,31.0,Poor,Stay away,33,1.4,1.9,-0.1,46.5,0,,Consumer Cyclical,306045248.0,0.0
PBRIX,FEDERATED PRUDENT BEAR FUND INSTITUTIONAL SHARES,3.61,2,12,6,6,3,1,4,34,-6.0,31.0,Poor,Stay away,38,0.8,-1.1,-0.1,48.6,0,,nan,0.0,0.0
GTN,Gray Television Inc,4.59,4,12,5,3,9,2,2,37,-6.0,31.0,Poor,Stay away,44,-0.6,-6.7,-2.1,45.6,1,,Communication Services,414036000.0,1265964.93
UFI,Unifi Inc,6.67,9,12,3,4,7,5,2,42,-15.0,31.0,Poor,Stay away,53,0.6,0.3,-1.7,45.5,2,,Consumer Cyclical,77508848.0,52272.9
FF,FutureFuel Corp,5.08,2,3,7,11,4,2,2,31,0.0,31.0,Poor,Stay away,42,-6.3,-7.3,-4.4,40.5,1,,Basic Materials,191683520.0,311248.07
RLEA,Rubber Leaf Inc,4.5,12,6,11,8,3,2,4,46,-18.0,31.0,Poor,Stay away,48,0.0,0.0,0.0,99.9,1,,Basic Materials,184992544.0,23.61
DRCVX,COMSTOCK CAPITAL VALUE FUND RETAIL CLASS A,4.63,17,10,2,6,6,3,4,48,-20.0,31.0,Poor,Stay away,47,0.0,0.4,0.2,57.2,0,,nan,0.0,0.0
GDRZF,Gold Reserve Inc,4.8,11,7,9,9,5,3,4,48,-15.0,31.0,Poor,Stay away,50,-2.3,0.0,-0.6,48.8,1,,Basic Materials,730473088.0,166881.89
APPIF,Appier Group Inc.,8.4,15,7,9,6,6,2,4,49,-23.0,31.0,Poor,🔥 COILED: Stay away,51,0.0,0.0,3.2,95.4,0,,Technology,507294624.0,57.89
PGNT,Paragon Technologies Inc,4.45,4,7,4,7,4,5,3,34,-3.0,31.0,Poor,Stay away,25,1.1,0.0,-0.4,41.9,1,,Technology,8781225.0,932.3
ISLMF,ISLMF,6.87,13,3,1,8,5,4,5,39,-8.0,31.0,Poor,Stay away,0,-18.1,3.0,-0.3,51.8,0,,nan,nan,0.0
TXXD,21Shares 2x Long Dogecoin ETF,46.701,17,4,5,11,3,2,5,47,-16.2,30.8,Poor,Stay away,48,-11.4,17.1,28.4,65.8,2,,nan,nan,0.0
CVALF,Covalon Technologies Ltd,3.2,18,9,4,14,6,5,5,61,-28.5,30.5,Poor,Stay away,68,15.9,25.0,23.6,88.2,2,,Healthcare,43084196.0,8491.01
ADCT,ADC Therapeutics SA,1.26,15,10,5,10,5,7,5,57,-25.0,30.0,Poor,Stay away,34,12.5,13.5,6.4,56.8,4,,Healthcare,139274320.0,1087136.63
REVFF,REVFF,1.294,16,7,5,9,5,4,5,51,-21.0,30.0,Poor,Stay away,60,-1.1,6.9,4.1,55.8,1,,Basic Materials,52208216.0,5609.28
JOAXX,JPMorgan Trust IV - Institutional Tax Free Money Market Fund,1.0,9,7,5,6,4,2,4,37,-10.0,30.0,Poor,Stay away,37,0.0,0.0,0.0,50.2,0,,nan,nan,0.0
GROY-WT,Gold Royalty Corp,1.15,2,4,6,11,3,2,2,30,0.0,30.0,Poor,Stay away,32,-16.7,-12.2,-11.0,43.7,0,,nan,nan,46491.35
UBSFY,UbiSoft Entertainment Inc,1.14,8,3,6,14,1,0,3,35,-5.0,30.0,Poor,Stay away,33,-2.6,-3.4,-2.5,44.8,1,,Communication Services,747698944.0,191873.9
PMVP,Pmv Pharmaceuticals Inc,1.36,9,11,1,15,7,2,5,50,-18.0,30.0,Poor,Stay away,63,-7.8,-6.8,-0.8,50.4,1,,Healthcare,63464808.0,711521.19
CHEV,Cheviot Financial Corp,1.07,15,12,5,8,8,4,2,54,-24,30,Poor,Stay away,41,127.7,127.7,38.2,58.1,3,4,Industrials,12933190.0,2452.39
AIRJW,AirJoule Technologies Corporation,0.99,6,11,4,4,4,2,2,33,-6.0,30.0,Poor,Stay away,40,4.2,-13.2,-7.8,41.5,0,,nan,nan,39080.29
MYO,Myomo Inc,1.56,16,8,4,14,3,2,3,50,-20.0,30.0,Poor,Stay away,54,-0.6,20.0,4.8,56.0,3,,Healthcare,49457472.0,882628.8
CABR,"Caring Brands, Inc. Common Stock",1.24,8,11,5,10,4,0,2,40,-8.0,30.0,Poor,Stay away,35,-4.6,6.9,-2.4,46.8,2,,Healthcare,10727977.0,143622.4
AUUD,Auddia Inc,1.21,15,11,4,12,7,1,5,55,-23.0,30.0,Poor,Stay away,33,-10.4,18.6,7.5,57.1,3,,Technology,7938794.0,1698631.48
GLDAF,GlobalData Plc,0.805,1,11,1,8,3,2,2,28,2.0,30.0,Poor,Stay away,9,5.7,-29.1,-12.6,20.6,0,,Industrials,968554304.0,578.4
EU,enCore Energy Corp. Common Shares,1.2,13,10,2,10,3,5,2,45,-20.0,30.0,Poor,🔥 COILED: Stay away,30,14.3,29.0,5.0,53.2,3,,Energy,306888160.0,3554048.68
SMHGF,SMHGF,1.35,6,6,3,9,1,3,2,30,0.0,30.0,Poor,Stay away,13,0.0,0.0,-1.8,0.0,0,,Healthcare,3825203456.0,5.5
EMMS,Emmis Communications Corp,1.6,14,8,7,4,3,4,4,44,-17.0,30.0,Poor,Stay away,28,0.0,3.2,0.9,65.3,1,,Communication Services,26798264.0,574.74
BTBT,Bit Digital Inc,1.68,11,7,5,15,3,4,5,50,-20.0,30.0,Poor,Stay away,36,-7.7,10.5,2.1,53.2,3,,Financial Services,646002304.0,28794727.7
TWIRF,Tree Island Steel Ltd,1.87,11,12,2,3,6,4,5,43,-13.0,30.0,Poor,Stay away,56,-6.5,-6.5,-0.3,52.8,1,,Basic Materials,43471140.0,0.0
VERI,Veritone Inc,1.28,14,6,7,15,3,2,5,52,-22.0,30.0,Poor,Stay away,34,9.4,11.3,13.4,64.2,3,,Technology,158952032.0,4280625.04
HBPCF,Helix BioPharma Corp,1.71,5,3,10,8,3,2,4,35,-5.0,30.0,Poor,Stay away,44,0.0,0.0,-0.0,0.2,1,,Healthcare,130606544.0,8.5
VNRX,Volitionrx Ltd,0.253,3,10,3,9,4,2,2,33,-3.0,30.0,Poor,Stay away,13,-4.5,-19.0,-21.9,27.3,1,,Healthcare,17254382.0,260063.39
STKS,One Group Hospitality Inc,1.67,6,13,10,3,4,2,4,42,-13.0,30.0,Poor,Stay away,27,0.0,5.7,1.8,52.7,2,,Consumer Cyclical,58078312.0,55626.15
WPRT,Westport Fuel Systems Inc,2.05,12,10,6,6,5,5,5,49,-17.0,30.0,Poor,Stay away,47,6.2,5.7,5.7,64.7,1,,Consumer Cyclical,33921684.0,59540.58
VGZ,Vista Gold Corporation,2.69,16,9,5,15,5,2,5,57,-25.0,30.0,Poor,Stay away,56,-1.8,24.0,9.7,65.4,3,,Basic Materials,344492352.0,1751436.35
MGMLF,Maple Gold Mines Ltd,2.13,13,7,5,10,3,2,3,43,-13.0,30.0,Poor,Stay away,52,-6.6,7.6,0.4,51.7,1,,Basic Materials,158748976.0,78437.71
CNTN,"Canton Strategic Holdings, Inc.",2.69,13,11,7,12,5,6,5,59,-29,30,Poor,Stay away,43,10.2,28.1,17.2,66.9,3,,Healthcare,171021952.0,4018047.21
TLF,Tandy Leather Factory Inc,2.59,9,5,6,13,5,0,4,42,-15.0,30.0,Poor,Stay away,50,-0.4,-1.1,-0.6,49.4,1,,Consumer Cyclical,19463130.0,31839.18
TUXS,Tuxis Corporation,2.35,10,6,11,9,3,2,4,45,-18.0,30.0,Poor,Stay away,55,0.0,0.0,0.0,99.0,1,,Industrials,2843476.0,44.5
QNC,Quantum eMotion Corp.,2.2,17,14,8,3,4,6,5,57,-27,30,Poor,Stay away,27,24.3,15.2,15.7,60.6,4,,Technology,739275712.0,0.0
IAMOX,VOYA MIDCAP OPPORTUNITIES PORTFOLIO CLASS ADV,2.19,7,8,8,6,0,3,3,35,-10.0,30.0,Poor,🔥 COILED: Stay away,18,-0.9,1.4,-0.3,46.8,0,,nan,0.0,0.0
SLCJY,SLC Agricola SA ADR,3.31,11,3,4,9,3,3,5,38,-8.0,30.0,Poor,Stay away,48,0.0,-1.8,0.3,53.1,0,,Consumer Defensive,1539330432.0,12900.57
TNYZF,Tiny Ltd.,4.0,4,7,8,8,2,2,2,33,-3.0,30.0,Poor,Stay away,36,1.5,-0.7,-1.1,46.0,1,,Financial Services,103117408.0,3930.65
BDRX,Biodexa Pharmaceticals,0.68,4,10,2,9,4,6,2,37,-5.0,30.0,Poor,Stay away,21,-0.1,-39.3,-21.5,38.1,1,,Healthcare,2678549.0,316967.57
IMOPX,VOYA MIDCAP OPPORTUNITIES PORTFOLIO CLASS S2,2.76,7,8,8,6,0,3,3,35,-10.0,30.0,Poor,🔥 COILED: Stay away,17,-0.7,1.5,-0.4,46.8,0,,nan,0.0,0.0
BEARX,FEDERATED PRUDENT BEAR FUND CLASS A SHARES,3.46,2,11,6,6,3,1,4,33,-6.0,30.0,Poor,Stay away,38,0.6,-1.1,-0.2,48.0,0,,nan,0.0,0.0
KGFHF,Kingfisher plc,4.46,16,4,4,8,3,3,5,43,-18.0,30.0,Poor,Stay away,57,14.7,12.6,3.6,56.9,3,,Consumer Cyclical,6457529856.0,0.0
ATHGF,Auction Technology Group plc,5.446,12,6,10,8,3,2,4,45,-18.0,30.0,Poor,Stay away,47,0.0,0.0,0.1,100.0,1,,Technology,462562880.0,1.0
FOFO,"Hang Feng Technology Innovation Co., Ltd.",2.06,10,6,4,9,0,2,2,33,-3.0,30.0,Poor,Stay away,32,12.0,8.4,-1.5,47.5,2,,Industrials,49893404.0,0.0
ISMOX,VOYA MIDCAP OPPORTUNITIES PORTFOLIO CLASS S,3.18,7,8,8,6,0,3,3,35,-10.0,30.0,Poor,🔥 COILED: Stay away,19,-0.6,1.6,-0.3,47.3,0,,nan,0.0,0.0
MGPUF,M&G Plc,4.307,2,1,6,8,6,5,2,30,0.0,30.0,Poor,Stay away,48,-7.0,-7.0,-4.8,35.0,0,,Financial Services,10000998400.0,1716.25
IHRTB,iHeartMedia Inc,4.0,12,6,11,7,3,2,4,45,-18.0,30.0,Poor,Stay away,56,0.0,0.0,0.0,100.0,1,,Communication Services,604609600.0,10.21
NDRA,ENDRA Life Sciences Inc,5.8,16,3,5,10,3,0,5,42,-15.0,30.0,Poor,Stay away,53,-8.1,-1.2,1.2,52.7,1,,Healthcare,7819003.0,138719.03
QNTM,Quantum BioPharma Ltd.,3.96,16,12,4,9,7,4,5,57,-25.0,30.0,Poor,Stay away,36,9.7,14.5,10.1,62.2,3,,Healthcare,31225398.0,243192.31
TBTC,Table Trac Inc,5.26,7,4,2,8,3,4,2,30,0.0,30.0,Poor,Stay away,49,-5.2,-11.6,-5.5,41.0,0,,Consumer Cyclical,20753704.0,5186.94
MARPS,Marine Petroleum Trust,4.522,2,12,7,6,3,0,5,35,-8.0,30.0,Poor,Stay away,32,0.5,-1.5,0.4,49.3,0,,Energy,9640000.0,33807.94
APVO,Aptevo Therapeutics Inc,1.91,3,11,2,8,4,2,2,32,0.0,30.0,Poor,Stay away,16,5.5,6.1,-6.0,37.5,1,,Healthcare,5881615.0,177742.65
UGP,Ultrapar Participacoes SA ADR,7.13,9,9,2,12,7,1,5,45,-13.0,30.0,Poor,Stay away,60,-6.2,-4.2,-1.9,49.0,0,,Energy,5204761088.0,2385744.51
ITIPF,iShares II Public Limited Company - iShares $ Tips 0-5 UCITS ETF,4.866,2,7,4,9,0,3,3,28,2.0,30.0,Poor,Stay away,22,-0.0,-0.2,-0.3,38.4,0,,nan,nan,32186.64
KBSX,FST Corp. Ordinary Shares,1.58,16,3,5,7,5,3,5,44,-14.2,29.8,Poor,Stay away,53,47.7,61.2,29.8,72.7,2,,Consumer Cyclical,57349728.0,68320.14
LPSN,LivePerson Inc,54.9,15,6,8,9,6,4,5,53,-23.2,29.8,Poor,Stay away,66,2.7,4.4,20.5,66.7,1,,Technology,27517820.0,259235.91
GSNR,Grayscale Near Trust,14.07,14,8,2,11,5,7,5,52,-25.5,29.5,Poor,Stay away,57,-14.5,77.1,27.3,60.3,3,,nan,nan,0.0
NWPIF,ClearStream Energy Services Inc,1.01,6,6,8,1,4,5,2,32,-8.0,29.0,Poor,🔥 COILED: Stay away,24,0.0,0.0,-0.4,42.7,0,,Energy,133101504.0,0.0
MIRA,"MIRA Pharmaceuticals, Inc. Common Stock",0.903,14,8,4,8,9,2,5,50,-19.0,29.0,Poor,Stay away,35,2.8,20.0,9.9,60.6,3,,Healthcare,42442308.0,1121545.68
YQAI,YouneeqAI Technical Services Inc.,1.0,9,6,11,9,3,2,4,44,-18.0,29.0,Poor,Stay away,43,0.0,0.0,0.0,84.8,1,,Technology,10511393.0,77.32
BFDXX,BlackRock Liquidity Funds - Federal Trust Fund,1.0,18,9,5,7,6,7,5,57,-28,29,Poor,Stay away,59,290.9,290.9,206.1,100.0,2,2,nan,nan,0.0
WAAXX,Western Asset Premier Institutional Liquid Reserves Capital Shares,1.0,7,4,10,6,3,2,4,36,-10.0,29.0,Poor,Stay away,39,0.0,0.0,-0.0,39.5,0,,nan,nan,0.0
SDEV,Stablecoin Development Corporation,1.57,18,6,6,9,5,5,5,54,-21,29,Poor,Stay away,45,57.0,77.4,42.1,73.2,3,9,Financial Services,31454148.0,724157.14
MHIFF,Mineral Hill Industries Ltd,1.23,9,6,11,7,3,4,4,44,-18.0,29.0,Poor,Stay away,52,0.0,0.0,0.0,99.8,1,,Financial Services,2536230.0,45.17
CHXMF,Troilus Gold Corp,1.44,8,3,7,8,3,0,2,31,-5.0,29.0,Poor,Stay away,38,-10.5,-9.1,-7.1,42.5,1,,Basic Materials,809922688.0,155803.07
AMS,American Shared Hospital Service,1.43,7,6,8,8,4,1,3,37,-8.0,29.0,Poor,Stay away,44,-1.4,-1.4,-1.4,46.1,2,,Healthcare,9142500.0,72136.82
VNOV,VNOV,1.38,5,3,10,5,3,6,4,36,-10.0,29.0,Poor,Stay away,35,0.0,0.0,-0.0,1.4,0,,Healthcare,11505686.0,65.05
AUHYF,Anadolu Hayat Emeklilik Anonim Sirketi,1.418,5,4,10,6,3,2,4,34,-10.0,29.0,Poor,🔥 COILED: Stay away,31,0.0,0.0,0.0,50.0,0,,Financial Services,609800192.0,122.14
GSTK,GSTK,1.22,5,6,10,6,3,2,4,36,-10.0,29.0,Poor,Stay away,25,0.0,0.0,-0.0,33.3,0,,Healthcare,46036276.0,28.35
FILG,Grayscale Filecoin Trust (Fil),4.13,16,5,4,14,7,2,5,53,-22,29,Poor,Stay away,56,98.6,140.8,77.4,87.2,2,8,nan,nan,22704.44
SWRBF,Swire Pacific Limited,1.574,7,5,11,6,3,2,4,38,-12.0,29.0,Poor,Stay away,46,0.0,0.0,0.0,69.6,0,,Industrials,10886654976.0,0.0
GDRPF,Golden Resources Development International Limited,1.59,5,4,10,6,3,2,4,34,-10.0,29.0,Poor,🔥 COILED: Stay away,33,0.0,0.0,0.0,50.0,0,,nan,2698876416.0,78.34
BRLS,Borealis Foods Inc.,1.28,6,5,6,12,3,2,5,39,-10.0,29.0,Poor,Stay away,31,-1.5,-8.6,-1.9,50.0,1,,Consumer Defensive,33053494.0,588467.83
WAFU,Wah Fu Education Group Ltd,1.45,7,4,2,12,0,4,5,34,-5.0,29.0,Poor,Stay away,24,2.1,5.8,0.7,51.0,1,,Consumer Defensive,7321528.0,122546.02
RVRC,Revium Recovery Inc,1.43,3,3,8,7,3,3,4,31,-5.0,29.0,Poor,Stay away,23,0.0,0.0,-1.2,0.0,1,,Healthcare,101417592.0,7.79
BESS-WT,Bimergen Energy Corporation,1.24,6,12,7,5,0,2,5,37,-6.0,29.0,Poor,Stay away,27,-2.4,12.7,-1.0,48.5,2,,nan,nan,0.0
LMGHF,LINK Mobility Group Holding ASA,2.1,5,4,10,6,3,2,4,34,-10.0,29.0,Poor,🔥 COILED: Stay away,35,0.0,0.0,0.0,50.0,0,,Communication Services,592870784.0,5812.47
RMHIX,Easterly ROCMuni High Inc Muncpl Bd I,2.24,18,4,8,7,6,5,4,52,-23.0,29.0,Poor,Stay away,44,0.4,0.4,0.4,85.6,0,,nan,nan,0.0
KRYXF,Koryx Copper Inc.,2.46,7,3,9,7,3,0,2,31,-5.0,29.0,Poor,Stay away,47,-4.3,0.1,-2.4,46.1,1,,Basic Materials,288461056.0,21037.52
PLYX,"Polaryx Therapeutics, Inc. Common Stock",2.04,7,7,9,9,0,3,3,38,-9.0,29.0,Poor,Stay away,29,-4.7,1.0,-2.2,46.3,1,,Healthcare,119305104.0,0.0
RSDEF,Ramsdens Holdings PLC,2.392,5,4,10,6,3,2,4,34,-10.0,29.0,Poor,🔥 COILED: Stay away,34,0.0,0.0,0.0,50.0,0,,Consumer Cyclical,77411208.0,456.25
HOPHF,Hemogenyx Pharmaceuticals Plc,2.33,7,6,11,6,3,2,4,39,-15.0,29.0,Poor,🔥 COILED: Stay away,41,0.0,0.0,0.0,50.0,1,,Healthcare,15843909.0,1250.0
SNTG,Sentage Holdings Inc,1.72,6,15,8,4,4,2,3,42,-14.0,29.0,Poor,Stay away,24,-3.4,-0.6,-0.9,46.7,2,,Financial Services,6171715.0,587816.71
XXRP,Teucrium 2x Long Daily XRP ETF,34.73,18,3,2,14,3,2,5,47,-18.0,29.0,Poor,Stay away,48,-5.0,-2.6,4.1,53.6,0,,nan,nan,2070224.87
GLND,Greenland Energy Company Common Stock,4.49,18,4,5,9,5,4,5,50,-21,29,Poor,Stay away,0,55.9,268.0,73.7,70.6,2,9,Energy,125942960.0,0.0
NINTF,Ninety One Group,2.6,8,7,7,4,3,3,4,36,-10.0,29.0,Poor,Stay away,23,0.0,0.0,-0.0,33.7,0,,Financial Services,2886976768.0,55.39
AJMPF,Ashmore Group Plc,2.93,12,8,5,4,4,4,2,39,-10.0,29.0,Poor,Stay away,45,2.6,7.6,1.4,55.6,0,,Financial Services,1787912320.0,0.0
KRNGY,Karoon Energy Ltd,2.2,4,4,7,3,5,7,4,34,-10.0,29.0,Poor,🔥 COILED: Stay away,35,0.0,0.0,-1.0,42.1,0,,Energy,1014977024.0,100.1
VFS,VinFast Auto Ltd. Ordinary Shares,3.14,8,6,5,7,3,1,4,34,-5.0,29.0,Poor,Stay away,23,-7.1,0.3,-0.7,48.9,1,,Consumer Cyclical,7907632128.0,566964.38
SECUF,SSC Security Services Corp,3.11,12,4,8,3,6,6,3,42,-13.0,29.0,Poor,Stay away,56,0.0,-0.6,0.1,77.8,0,,Industrials,56984572.0,2398.53
HRST,Harvest Oil & Gas Corp,3.13,12,8,11,6,0,2,4,43,-17.0,29.0,Poor,Stay away,46,0.0,0.0,0.0,67.7,1,,Energy,3172011.0,43.13
FUTG,Leverage Shares 2x Long FUTU Daily ETF,4.138,3,12,5,3,9,0,2,34,-8.0,29.0,Poor,🔥 COILED: Stay away,36,-3.8,0.6,-2.9,46.5,1,,nan,nan,0.0
SFGLF,Steadfast Group Ltd,4.19,12,6,4,6,3,1,5,37,-13.0,29.0,Poor,🔥 COILED: Stay away,48,0.0,0.0,0.4,79.0,0,,Financial Services,3836371456.0,129.3
DAHSF,Dah Sing Financial Holdings Limited,3.34,5,4,10,6,3,2,4,34,-10.0,29.0,Poor,🔥 COILED: Stay away,33,0.0,0.0,0.0,50.0,0,,Financial Services,1067380800.0,0.52
ACB,Aurora Cannabis Inc,4.09,13,9,4,14,5,2,4,51,-20.0,29.0,Poor,Stay away,54,1.5,7.3,3.4,61.8,1,,Healthcare,207534384.0,1337965.97
VNUYX,Vontobel U.S. Equity Y,3.4,7,8,5,6,0,5,3,34,-10.0,29.0,Poor,🔥 COILED: Stay away,26,-0.3,0.9,-0.2,47.6,0,,nan,nan,0.0
VNUAX,Vontobel U.S. Equity A,3.37,7,7,6,6,0,5,3,34,-10.0,29.0,Poor,🔥 COILED: Stay away,29,0.0,1.2,0.1,49.3,0,,nan,nan,0.0
FNYUSX,FNYUSX,3.263,4,14,4,6,3,4,4,39,-13.0,29.0,Poor,Stay away,34,0.1,0.1,-0.0,42.2,0,,nan,nan,0.0
BTDPF,Barratt Developments plc,3.89,4,3,3,8,6,3,2,29,0.0,29.0,Poor,Stay away,38,0.0,0.0,-1.0,34.8,0,,Consumer Cyclical,4901827584.0,0.0
NTRB,Nutriband Inc,8.23,18,8,4,13,7,3,5,58,-30,29,Poor,Stay away,60,5.9,18.8,20.6,65.0,4,,Healthcare,43518420.0,25046.31
VNUIX,Vontobel U.S. Equity Institutional,3.52,7,8,5,6,0,5,3,34,-10.0,29.0,Poor,🔥 COILED: Stay away,30,-0.3,1.1,-0.0,48.8,0,,nan,nan,0.0
GMYYF,MONETA Money Bank a.s,4.15,5,4,10,6,3,2,4,34,-10.0,29.0,Poor,🔥 COILED: Stay away,35,0.0,0.0,0.0,50.0,0,,Financial Services,2120650112.0,0.15
IRD,"Opus Genetics, Inc.",5.05,13,8,2,4,8,4,5,44,-13.0,29.0,Poor,Stay away,63,-3.3,-15.4,2.3,54.8,1,,Healthcare,341861248.0,693756.23
ACRS,Aclaris Therapeutics Inc,5.43,4,13,1,11,3,0,2,34,-3.0,29.0,Poor,Stay away,52,-2.5,-3.7,-2.7,45.9,1,,Healthcare,608933632.0,1572043.76
LZM,Lifezone Metals Limited,3.85,5,4,8,7,3,2,2,31,-5.0,29.0,Poor,Stay away,27,-2.0,1.9,-3.1,45.6,1,,Basic Materials,467903744.0,346815.23
NAKA,Nakamoto Inc.,9.72,17,6,7,14,5,4,5,58,-29.0,29.0,Poor,Stay away,57,-3.3,18.4,13.0,66.2,3,,Financial Services,86314616.0,339220.03
JPPPF,JPPPF,4.64,5,4,10,6,3,2,4,34,-10.0,29.0,Poor,🔥 COILED: Stay away,34,0.0,0.0,0.0,50.0,0,,Basic Materials,517092224.0,0.15
GSOL,Grayscale Solana Trust ETF,8.97,15,5,5,15,3,0,5,48,-19.0,29.0,Poor,Stay away,54,0.0,14.7,10.0,66.1,2,,nan,nan,1024932.29
BCWG,BCW Group Holding Inc,1.0,7,3,10,6,3,2,4,35,-10.0,28.0,Poor,Stay away,33,0.0,0.0,-0.0,20.1,0,,Communication Services,100000000.0,16.5
LTFXX,LeggMason Partners Institutional Trust - Western Asset Institutional Tax Free Reserves,1.0,5,4,9,6,3,2,4,33,-10.0,28.0,Poor,🔥 COILED: Stay away,31,0.0,0.0,-0.0,48.1,0,,nan,nan,0.0
VSLXX,JPMorgan Trust IV - JPMorgan Securities Lending Money Market Fund,1.0,4,4,10,6,3,2,4,33,-10.0,28.0,Poor,🔥 COILED: Stay away,34,0.0,0.0,-0.0,48.1,0,,nan,nan,0.0
ODOT,Osprey Polkadot Trust,1.0,1,6,5,9,3,2,2,28,0.0,28.0,Poor,Stay away,21,-5.7,-14.5,-6.7,35.5,0,,nan,nan,1363.21
SDIIF,SDI Group plc,1.2,6,1,1,9,4,5,2,28,0.0,28.0,Poor,Stay away,42,-7.0,-7.0,-4.2,12.6,0,,Technology,109801776.0,272.5
CALC,"CalciMedica, Inc. Common Stock",1.68,12,5,4,3,5,4,5,38,-15.0,28.0,Poor,🔥 COILED: Stay away,50,-9.7,-16.0,-2.6,52.2,1,,Healthcare,13431486.0,468266.46
CHWRF,China Tower Corporation Limited,1.15,6,12,10,4,3,0,5,40,-8.0,28.0,Poor,Stay away,28,4.5,4.5,4.2,52.6,0,,Communication Services,20103378944.0,0.0
ZLIOF,Zoomlion Heavy Industry Science and Technology Co. Ltd,0.77,3,9,4,8,3,3,2,32,0.0,28.0,Poor,Stay away,24,1.3,1.3,-3.8,16.4,0,,Industrials,11329121280.0,0.0
VRNO,Verano Holdings Corp.,5.99,13,6,7,8,5,0,3,42,-15.0,28.0,Poor,Stay away,54,0.0,0.5,-0.3,50.8,1,,Healthcare,408107616.0,0.0
PFHO,Pacific Health Care Organization Inc,1.0,7,6,9,5,4,3,4,38,-10.0,28.0,Poor,Stay away,35,-1.0,-2.0,0.8,53.3,0,,Healthcare,14336000.0,0.0
PECN,Photoelectron Corp,1.086,9,12,6,6,8,5,4,50,-27.0,28.0,Poor,🔥 COILED: Stay away,49,4.1,-1.2,0.9,52.0,1,,Healthcare,20110000.0,17.03
FUSE,Fusemachines Inc. Common stock,0.65,6,11,6,6,3,2,2,36,-13.0,28.0,Poor,Stay away,29,10.9,9.2,5.0,50.5,2,,Technology,37910404.0,1918097.89
CIMEF,CIMC Enric Holdings Limited,0.93,8,8,7,2,3,1,4,33,-10.0,28.0,Poor,🔥 COILED: Stay away,26,0.0,0.0,-0.0,43.5,0,,Energy,2767987456.0,104.2
FDDMF,FDM Group (Holdings) plc,1.43,8,5,7,3,3,3,4,33,-10.0,28.0,Poor,🔥 COILED: Stay away,41,0.0,0.0,-0.0,48.0,0,,Technology,156362368.0,91.66
BAINF,BASE Inc,1.85,16,5,3,9,3,0,5,41,-13.0,28.0,Poor,Stay away,42,0.0,32.1,11.0,99.4,2,,Technology,161220320.0,32.0
PTEAF,PTEAF,1.05,7,4,8,4,3,5,4,35,-10.0,28.0,Poor,Stay away,0,0.0,0.0,-0.2,4.0,0,,Energy,nan,0.0
MCSHF,Metcash Limited,1.79,8,5,10,6,3,1,4,37,-12.0,28.0,Poor,Stay away,0,0.0,0.0,-0.0,65.5,0,,Consumer Defensive,1627594752.0,0.0
DLEXY,Datalex plc,1.55,8,5,10,6,3,2,4,38,-15.0,28.0,Poor,🔥 COILED: Stay away,38,0.0,0.0,-0.0,48.1,1,,Technology,145819168.0,11.9
BRIA,BrilliA Inc,1.39,4,5,6,9,3,0,3,30,0.0,28.0,Poor,Stay away,26,-3.5,-0.7,-1.3,48.4,0,,Consumer Cyclical,40000000.0,192508.8
NXTT,Next Technology Holding Inc,5.24,10,4,4,10,3,4,2,37,-9.0,28.0,Poor,Stay away,40,-22.5,-10.4,-5.6,48.7,1,,Technology,119735072.0,566075.56
FBASF,Fibra UNO,1.675,3,10,5,6,3,0,4,31,-6.0,28.0,Poor,Stay away,49,1.5,-1.5,-0.2,48.7,1,,Real Estate,6460956672.0,0.0
CTNT,Cheetah Net Supply Chain Service Inc. Class A Common Stock,3.6,20,5,4,9,3,4,5,50,-22,28,Poor,Stay away,51,7726.1,2284.1,79.0,62.8,3,8,Industrials,5149340.0,358949.86
CYBQF,CYBERDYNE Inc,1.5,14,4,6,11,6,5,5,51,-23.0,28.0,Poor,Stay away,38,14.5,14.5,10.5,94.5,2,,Healthcare,393759328.0,68.75
SIEB,Siebert Financial Corp,2.23,12,10,1,3,9,4,4,43,-13.0,28.0,Poor,Stay away,49,0.9,-11.5,-1.7,49.6,1,,Financial Services,80653648.0,34031.42
COTY,Coty Inc,2.68,5,15,5,5,9,2,2,43,-13.0,28.0,Poor,Stay away,51,6.8,-1.5,0.6,50.5,2,,Consumer Defensive,1628862976.0,8080208.55
UNWPX,WORLD PRECIOUS MINERALS FUND WORLD PRECIOUS MINERALS FUND,2.05,2,3,6,7,3,0,2,23,0.0,28.0,Poor,🔥 COILED: Stay away,25,-6.8,-5.1,-5.4,40.7,0,,nan,0.0,0.0
PBMRY,Bumi Resources Tbk PT ADR,2.23,5,3,10,6,3,4,4,35,-10.0,28.0,Poor,Stay away,34,0.0,0.0,-0.0,8.5,0,,Energy,7370450432.0,33.51
HMDCF,HUTCHMED (China) Limited,2.16,8,5,7,3,3,1,4,31,-8.0,28.0,Poor,🔥 COILED: Stay away,26,0.0,0.0,-0.0,46.9,0,,Healthcare,1857063936.0,87.05
LSHGF,LSHGF,1.85,5,4,5,7,0,5,2,28,0.0,28.0,Poor,Stay away,43,0.0,0.0,-2.6,21.5,0,,nan,nan,5458.58
ITAYY,Indo Tambangraya Megah Tbk PT ADR,2.88,9,3,10,4,3,5,4,38,-10.0,28.0,Poor,Stay away,48,-0.3,-0.3,0.1,59.4,0,,Energy,1376900352.0,1411.38
LCMRF,La Comer S.A.B. de C.V,2.429,9,3,11,6,3,2,4,38,-13.0,28.0,Poor,Stay away,47,0.0,0.0,0.0,76.3,0,,Consumer Cyclical,nan,57.6
KRYXD,Koryx Copper Inc.,2.128,3,6,4,8,0,2,2,25,0.0,28.0,Poor,Stay away,35,-4.3,-12.8,-6.4,42.8,0,,Basic Materials,nan,20922.76
HLEO,Helio Corporation,3.09,19,7,6,9,5,2,5,53,-23,28,Poor,Stay away,57,110.2,59.3,61.8,70.0,3,6,Industrials,69691752.0,32385.99
KLXE,KLX Energy Services Holdings Inc,1.52,4,8,8,7,2,1,3,33,-3.0,28.0,Poor,Stay away,16,2.0,2.0,-1.6,44.1,1,,Energy,59666608.0,220674.82
PBRCX,FEDERATED PRUDENT BEAR FUND CLASS C SHARES,2.79,2,11,6,6,3,1,4,33,-8.0,28.0,Poor,Stay away,37,0.7,-1.1,-0.1,48.9,0,,nan,0.0,0.0
RKLZ,Defiance Daily Target 2x Short RKLB ETF,14.694,12,8,5,5,6,2,5,43,-13.0,28.0,Poor,Stay away,65,-8.0,-30.2,5.0,56.2,1,,nan,nan,0.0
ZH,Zhihu Inc ADR,3.8,16,5,4,15,5,2,5,52,-22.0,28.0,Poor,Stay away,62,10.1,31.0,16.1,79.0,3,,Communication Services,268187744.0,324787.99
BCTX,Briacell Therapeutics Corp,4.155,15,5,3,14,3,1,5,46,-18.0,28.0,Poor,Stay away,51,0.1,16.7,5.9,59.1,3,,Healthcare,28361306.0,236289.14
HSCCX,EAGLE SMALL CAP GROWTH FUND CLASS C,2.93,0,3,8,7,0,5,2,25,0.0,28.0,Poor,Stay away,24,-2.0,-1.7,-2.6,33.8,0,,nan,0.0,0.0
OFS,OFS Capital Corp,3.66,5,12,4,4,8,6,3,42,-14.0,28.0,Poor,Stay away,44,-1.1,-5.9,-1.8,46.5,2,,Financial Services,45553468.0,86188.6
ASOMF,ASOS Plc,3.7,12,6,11,8,0,2,4,43,-18.0,28.0,Poor,Stay away,57,0.0,0.0,0.0,96.1,1,,Consumer Cyclical,421163552.0,59.15
KSTOF,Kistos Holdings Plc,3.88,10,5,8,5,0,6,4,38,-15.0,28.0,Poor,🔥 COILED: Stay away,50,0.0,0.0,-0.0,49.9,1,,Energy,546491392.0,78.63
RCEL,Avita Medical Ltd,11.67,16,8,5,15,5,5,5,59,-29.0,28.0,Poor,Stay away,60,7.7,14.5,9.3,65.6,3,,Healthcare,134186360.0,339132.76
GGR,Gogoro Inc,3.16,14,10,5,16,4,3,5,57,-29.0,28.0,Poor,Stay away,40,12.9,17.5,12.1,66.3,4,,Consumer Cyclical,79290640.0,17163.18
NHPEF,New Hope Corporation Ltd,4.12,7,8,3,12,7,0,3,40,-10.0,28.0,Poor,Stay away,46,-8.4,-12.3,-4.6,42.6,1,,Energy,3766784256.0,0.0
GURE,"Gulf Resources, Inc. (NV) Common Stock",3.15,4,3,4,8,5,4,2,30,-5.0,28.0,Poor,Stay away,18,-4.3,-13.1,-7.4,44.1,1,,Basic Materials,6927889.0,83521.17
BTGO,"BitGo Holdings, Inc.",7.26,10,4,4,13,5,2,5,43,-15.0,28.0,Poor,Stay away,48,-7.6,-7.9,-1.2,51.1,1,,Financial Services,650532288.0,0.0
VBIX,Viewbix Inc. Common Stock,3.64,16,8,7,15,6,1,5,58,-28,28,Poor,Stay away,71,33.2,76.7,43.6,88.0,3,,Communication Services,48544468.0,59511.18
PXS,Pyxis Tankers Inc,6.52,13,4,2,13,5,0,5,42,-14.0,28.0,Poor,Stay away,59,-7.5,-5.9,0.1,54.7,0,,Energy,47305076.0,39790.49
WAMVX,WASATCH MICRO CAP VALUE FUND INVESTOR CLASS SHARES,4.65,2,4,8,7,0,5,2,28,0.0,28.0,Poor,Stay away,41,-1.5,-1.3,-1.8,37.5,0,,nan,0.0,0.0
IIXFF,iShares III Public Limited Company - iShares Global Government Bond UCITS ETF,4.616,2,8,1,7,3,2,3,26,2.0,28.0,Poor,Stay away,28,-0.6,-1.0,-0.7,34.1,0,,nan,nan,9487.05
ILKAF,Iluka Resources Limited,4.25,0,11,4,8,4,2,2,31,-3.0,28.0,Poor,Stay away,29,-2.3,-6.2,-6.0,40.9,1,,Basic Materials,2539924224.0,44604.65
RSKD,Riskified Ltd,7.7,19,4,3,14,5,3,5,53,-25.0,28.0,Poor,Stay away,60,21.3,22.4,14.6,71.6,3,,Technology,692813376.0,682449.56
NUAI,"New Era Energy & Digital, Inc.",6.96,17,8,5,15,7,1,5,58,-30,28,Poor,Stay away,56,-9.0,24.3,11.8,61.4,3,,Technology,583942208.0,12855311.78
WGMVX,Wasatch Micro Cap Value Fund Institutional Class Shares,4.7,2,4,8,7,0,5,2,28,0.0,28.0,Poor,Stay away,40,-1.5,-1.3,-1.8,37.6,0,,nan,nan,0.0
BJCHY,Beijing Capital International Airport Co Ltd ADR,0.971,13,12,6,4,6,4,4,49,-22.0,27.0,Poor,Stay away,32,1.9,-0.5,1.0,61.7,1,,Industrials,923162496.0,258.78
PNBK,Patriot National Bancorp Inc,1.0,7,12,5,2,4,2,3,35,-8.0,27.0,Poor,Stay away,30,3.1,3.1,0.9,49.2,0,,Financial Services,124651656.0,295402.65
IMMFF,Omni Bridgeway Limited,1.1,9,4,7,4,3,3,4,34,-10.0,27.0,Poor,Stay away,43,0.0,0.0,-0.1,6.8,0,,Financial Services,337433152.0,12.5
IBG,Innovation Beverage Group Limited,0.935,2,5,9,10,1,0,2,29,-5.0,27.0,Poor,Stay away,38,2.7,-4.1,-3.5,45.9,1,,Consumer Defensive,2124581.0,399287.5
PTRUF,Petrus Resources Ltd,1.22,0,1,7,7,5,5,2,27,0.0,27.0,Poor,Stay away,28,-4.8,-4.1,-3.5,34.6,0,,Energy,189193456.0,13359.56
AMJT,AMJ Global Technology,0.011,3,3,8,6,3,7,4,34,-10.0,27.0,Poor,Stay away,11,0.0,0.0,-92.2,0.0,0,,Healthcare,147738176.0,53.13
ABVC,ABVC Biopharma Inc,1.05,10,5,4,12,0,4,5,40,-13.0,27.0,Poor,Stay away,24,-8.7,5.0,-0.3,50.6,1,,Healthcare,34060576.0,84541.95
LNDAF,Línea Directa Aseguradora S.A,1.4,8,5,5,5,3,2,4,32,-10.0,27.0,Poor,🔥 COILED: Stay away,41,0.0,0.0,-0.0,46.3,0,,Financial Services,1522971904.0,459.24
SMBMF,Sembcorp Marine Ltd,1.389,0,2,7,11,0,0,2,22,0.0,27.0,Poor,Stay away,23,-8.9,-20.4,-12.3,32.6,0,,Energy,5322466304.0,0.0
SVC,Service Properties Trust,6.57,4,8,4,3,9,5,2,35,-8.0,27.0,Poor,Stay away,45,-1.4,-1.5,-4.9,35.4,1,,Real Estate,1067891520.0,4362389.64
GNNSF,Genscript Biotech Corporation,5.35,18,7,3,14,6,4,5,57,-30,27,Poor,Stay away,58,-5.3,30.5,15.1,68.6,3,,Healthcare,3495528448.0,878.71
BRAG,Bragg Gaming Group Inc,1.36,7,7,5,9,2,0,2,32,-5.0,27.0,Poor,Stay away,21,-4.9,0.7,-3.5,41.9,1,,Consumer Cyclical,44086972.0,45888.63
IDXG,Interpace Biosciences Inc,6.42,15,5,9,3,7,2,2,43,-16.0,27.0,Poor,Stay away,53,-0.5,1.9,11.3,74.0,0,,Healthcare,46260508.0,8400.32
ENVB,Enveric Biosciences Inc,1.47,8,3,6,9,1,4,5,36,-9.0,27.0,Poor,Stay away,33,-5.8,-0.7,-1.7,48.2,1,,Healthcare,7216493.0,1538476.56
LXRX,Lexicon Pharmaceuticals Inc,1.9,3,11,2,8,3,0,2,29,-5.0,27.0,Poor,Stay away,43,-6.9,-4.0,-7.8,38.4,2,,Healthcare,843973120.0,2439753.74
EVGO,Evgo Inc,1.34,3,6,4,10,2,4,3,32,-5.0,27.0,Poor,Stay away,17,-10.1,-7.6,-5.4,43.1,1,,Consumer Cyclical,781509824.0,4002601.88
CNPRF,Condor Petroleum Inc,3.15,10,9,7,3,6,0,2,37,-13.0,27.0,Poor,Stay away,60,0.8,-3.1,0.7,52.9,1,,Energy,163574384.0,10870.85
OPNDF,OpenDoor Inc,2.5,15,6,11,6,6,2,4,50,-28.0,27.0,Poor,🔥 COILED: Stay away,45,0.0,0.0,0.8,100.0,1,,Communication Services,60476328.0,26.0
QUCY,Quantum Cyber N.V.,1.36,7,11,6,3,9,2,2,40,-13.0,27.0,Poor,Stay away,34,4.6,3.0,-0.4,48.9,1,,Healthcare,56007444.0,0.0
CNICF,China International Capital Corporation Limited,2.35,6,4,11,6,3,2,4,36,-12.0,27.0,Poor,Stay away,41,0.0,0.0,0.0,61.7,0,,Financial Services,11344053248.0,0.0
CRMZ,CreditRiskMonitor.Com Inc,2.1,6,4,8,6,3,4,3,34,-10.0,27.0,Poor,Stay away,21,0.0,0.0,-0.4,46.8,0,,Technology,24334552.0,0.0
CPYYF,Centrica plc,2.0,3,3,6,7,3,3,2,27,0.0,27.0,Poor,Stay away,29,0.0,-2.4,-2.2,14.8,1,,Utilities,11413060608.0,0.0
TRSBF,3SBio Inc,2.15,10,4,8,3,3,2,4,34,-10.0,27.0,Poor,Stay away,29,0.0,0.0,-0.0,35.5,0,,Healthcare,6251630592.0,792.52
IRDEF,Iren SpA,2.88,8,4,11,4,3,2,4,36,-12.0,27.0,Poor,Stay away,0,0.0,0.0,0.0,63.6,0,,Utilities,3348827392.0,284.77
NXFNF,Next Fifteen Communications Group plc,4.11,13,4,4,4,6,5,3,39,-12.0,27.0,Poor,Stay away,0,0.0,-2.6,-1.0,60.7,1,,Communication Services,322080256.0,0.0
IFABF,iFabric Corp,2.71,8,9,8,2,4,6,2,39,-10.0,27.0,Poor,Stay away,41,1.1,-5.9,-4.6,32.7,1,,Consumer Cyclical,91201400.0,8420.55
HURRY,HÃ¼rriyet Gazetecilik ve Matbaacilik A.S.,3.0,8,4,10,6,3,2,4,37,-15.0,27.0,Poor,🔥 COILED: Stay away,37,0.0,0.0,-0.0,48.1,1,,Communication Services,88800000.0,16.8
AIRI,Air Industries Group,2.649,7,14,5,2,4,5,3,40,-16.0,27.0,Poor,🔥 COILED: Stay away,25,-0.0,-0.0,1.0,52.0,2,,Industrials,14648987.0,88400.52
SHKLF,Sinotruk (Hong Kong) Ltd,3.38,7,6,11,7,0,2,4,37,-13.0,27.0,Poor,Stay away,51,0.0,0.0,0.0,100.0,0,,Industrials,9750380544.0,9.5
DETRF,Deterra Royalties Limited,2.95,2,11,6,4,3,0,4,30,-6.0,27.0,Poor,Stay away,33,-2.6,-7.1,-2.4,44.4,0,,Basic Materials,1688966272.0,9054.78
CTNGY,Costain Group PLC,3.3,7,3,11,7,3,2,4,37,-13.0,27.0,Poor,Stay away,40,0.0,0.0,0.0,97.4,0,,Industrials,440679584.0,3.0
HBRIY,Harbour Energy PLC ADR,3.57,8,4,5,7,3,4,4,35,-8.0,27.0,Poor,Stay away,52,-1.1,-7.8,-2.7,44.7,1,,Energy,5679401472.0,25775.82
ITOR,Intorio Corp.,3.55,8,6,10,6,3,2,4,39,-15.0,27.0,Poor,Stay away,35,0.0,0.0,-0.0,29.4,1,,Consumer Defensive,192001744.0,17.25
LAW,CS Disco LLC,4.16,9,6,8,10,3,2,2,40,-13.0,27.0,Poor,Stay away,44,-1.2,-2.3,-1.5,47.5,1,,Technology,251406880.0,297584.34
LSE,"Leishen Energy Holding Co., Ltd. Ordinary Shares",4.8,6,6,1,7,5,0,2,27,0.0,27.0,Poor,Stay away,39,-2.0,-14.0,-6.8,43.6,0,,Energy,54480000.0,11566.9
BHLLD,Bunker Hill Mining Corp,4.04,5,9,7,5,7,2,2,37,-13.0,27.0,Poor,Stay away,51,0.5,-5.8,-2.8,44.2,2,,Basic Materials,190136480.0,30277.25
EDHL,Everbright Digital Holding Limited Ordinary Shares,5.14,13,6,5,15,7,3,5,54,-25.0,27.0,Poor,Stay away,53,-0.8,15.6,8.5,60.6,3,,Communication Services,4350810.0,517847.31
OERLF,OC Oerlikon Corporation AG,7.14,17,4,5,11,6,7,5,55,-28.0,27.0,Poor,Stay away,63,16.7,16.7,11.3,99.9,3,,Industrials,1437811968.0,0.0
DPCDF,DPCDF,3.76,1,3,5,10,3,0,2,24,0.0,27.0,Poor,Stay away,29,0.0,-8.3,-3.3,36.6,0,,Consumer Cyclical,613079616.0,93.45
SMSKF,Sumiseki HoldingsInc.,3.298,8,7,7,2,3,3,4,34,-10.0,27.0,Poor,Stay away,23,0.0,0.0,-0.0,31.1,0,,Energy,276981184.0,1.5
GLBZ,Glen Burnie Bancorp,4.44,4,12,9,4,3,7,3,42,-16.0,27.0,Poor,Stay away,35,2.1,0.5,0.3,49.7,2,,Financial Services,13693370.0,6859.9
JQC,Nuveen Credit Strategies Income Closed Fund,4.69,6,13,2,3,5,3,3,35,-8.0,27.0,Poor,Stay away,24,0.4,-0.2,-0.2,47.3,0,,Financial Services,810943500.0,823801.43
FRNWF,Future plc,4.16,10,7,3,6,3,1,4,34,-10.0,27.0,Poor,Stay away,23,0.0,0.0,-0.1,17.9,0,,Communication Services,452146272.0,56.18
CONL,GraniteShares ETF Trust - GraniteShares 1.5x Long COIN Daily ETF,6.08,13,5,5,10,3,0,5,41,-14.0,27.0,Poor,Stay away,41,-9.3,-3.3,3.2,52.8,0,,nan,nan,12328631.85
PSSMF,PSSMF,1,2,4,10,6,3,2,4,31,-10.0,26.0,Poor,🔥 COILED: Stay away,31,0.0,0.0,0.0,50.0,0,,Basic Materials,8239617536.0,20.0
GLCP,GLCP,1,2,4,10,6,3,2,4,31,-10.0,26.0,Poor,🔥 COILED: Stay away,31,0.0,0.0,0.0,50.0,0,,Industrials,154394752.0,45.0
ZPTA,Zapata Computing Holdings Inc. Common Stock,0.765,7,15,8,0,2,2,2,36,-10.0,26.0,Poor,Stay away,34,2.0,6.3,-2.2,45.7,0,,Technology,168596032.0,161764.35
PSPX,PSPX,1,2,4,10,6,3,2,4,31,-10.0,26.0,Poor,🔥 COILED: Stay away,31,0.0,0.0,0.0,50.0,0,,Consumer Cyclical,14375000.0,4.5
BMMCX,Blackrock Multi-Manager Alt Fund Cl C,1,2,4,10,6,3,2,4,31,-10.0,26.0,Poor,🔥 COILED: Stay away,31,0.0,0.0,0.0,50.0,0,,Other,0.0,0.0
BMMAX,Blackrock Multi-Manager Alt Fund Cl A,1,2,4,10,6,3,2,4,31,-10.0,26.0,Poor,🔥 COILED: Stay away,31,0.0,0.0,0.0,50.0,0,,Other,0.0,0.0
CPVPX,Columbia Leg Captl Preservation Port A,1,2,4,10,6,3,2,4,31,-10.0,26.0,Poor,🔥 COILED: Stay away,31,0.0,0.0,0.0,50.0,0,,Other,0.0,0.0
IUGXX,Invesco Treasurers Series Trust - Invesco Premier U.S. Government Money Portfolio,1,2,4,10,6,3,2,4,31,-10.0,26.0,Poor,🔥 COILED: Stay away,31,0.0,0.0,0.0,50.0,0,,Other,nan,0.0
VUSXX,Vanguard Treasury Money Market Fund,1,2,4,10,6,3,2,4,31,-10.0,26.0,Poor,🔥 COILED: Stay away,31,0.0,0.0,0.0,50.0,0,,nan,nan,0.0
SPAXX,Fidelity® Government Money Market Fund,1,2,4,10,6,3,2,4,31,-10.0,26.0,Poor,🔥 COILED: Stay away,0,0.0,0.0,0.0,50.0,0,,nan,nan,0.0
FDRXX,Fidelity Govt Cash Rsrvs,1,2,4,10,6,3,2,4,31,-10.0,26.0,Poor,🔥 COILED: Stay away,31,0.0,0.0,0.0,50.0,0,,nan,nan,0.0
FGTXX,Goldman Sachs Financial Square Government Fund Institutional Shares,1,2,4,10,6,3,2,4,31,-10.0,26.0,Poor,🔥 COILED: Stay away,31,0.0,0.0,0.0,50.0,0,,nan,nan,0.0
VMFXX,Vanguard Federal Money Market Fund Investor Shares,1,2,4,10,6,3,2,4,31,-10.0,26.0,Poor,🔥 COILED: Stay away,31,0.0,0.0,0.0,50.0,0,,nan,nan,0.0
TFDXX,BlackRock Liquidity Funds FedFund Institutional Shares,1,2,4,10,6,3,2,4,31,-10.0,26.0,Poor,🔥 COILED: Stay away,31,0.0,0.0,0.0,50.0,0,,nan,nan,0.0
FTIXX,Goldman Sachs Financial Square Treasury Instruments Fund Institutional Shares,1,2,4,10,6,3,2,4,31,-10.0,26.0,Poor,🔥 COILED: Stay away,31,0.0,0.0,0.0,50.0,0,,nan,nan,0.0
AALXX,Thrivent Money Market Fund Class S,1,2,4,10,6,3,2,4,31,-10.0,26.0,Poor,🔥 COILED: Stay away,31,0.0,0.0,0.0,50.0,0,,nan,nan,0.0
AGPXX,Invesco Short-Term Investments Trust Government & Agency Portfolio Institutional,1,2,4,10,6,3,2,4,31,-10.0,26.0,Poor,🔥 COILED: Stay away,31,0.0,0.0,0.0,50.0,0,,nan,nan,0.0
DAPXX,Dreyfus Government Securities Cash Management Administrative Shares,1,2,4,10,6,3,2,4,31,-10.0,26.0,Poor,🔥 COILED: Stay away,31,0.0,0.0,0.0,50.0,0,,nan,nan,0.0
MVRXX,Morgan Stanley Institutional Liquidity Funds -  Government Portfolio,1,2,4,10,6,3,2,4,31,-10.0,26.0,Poor,🔥 COILED: Stay away,31,0.0,0.0,0.0,50.0,0,,nan,nan,0.0
MISXX,Morgan Stanley Institutional Liquidity Funds - Treasury Portfolio,1,2,4,10,6,3,2,4,31,-10.0,26.0,Poor,🔥 COILED: Stay away,31,0.0,0.0,0.0,50.0,0,,nan,nan,0.0
FXFXX,First American Funds Inc. - Treasury Obligations Fund,1,2,4,10,6,3,2,4,31,-10.0,26.0,Poor,🔥 COILED: Stay away,31,0.0,0.0,0.0,50.0,0,,nan,nan,0.0
FGXXX,First American Funds Inc. - Government Obligations Fund,1,2,4,10,6,3,2,4,31,-10.0,26.0,Poor,🔥 COILED: Stay away,31,0.0,0.0,0.0,50.0,0,,nan,nan,0.0
DTRXX,Dreyfus Treasury Obligations Cash Management,1,2,4,10,6,3,2,4,31,-10.0,26.0,Poor,🔥 COILED: Stay away,31,0.0,0.0,0.0,50.0,0,,nan,nan,0.0
GVMXX,State Street Master Funds - State Street U.S. Government Money Market Portfolio,1,2,4,10,6,3,2,4,31,-10.0,26.0,Poor,🔥 COILED: Stay away,31,0.0,0.0,0.0,50.0,0,,nan,nan,0.0
FRAXX,Goldman Sachs Trust - Goldman Sachs Financial Square Treasury Instruments Fund,1,2,4,10,6,3,2,4,31,-10.0,26.0,Poor,🔥 COILED: Stay away,31,0.0,0.0,0.0,50.0,0,,nan,nan,0.0
TPIXX,State Street Institutional Investment Trust - State Street Institutional Treasury Plus Money Market,1,2,4,10,6,3,2,4,31,-10.0,26.0,Poor,🔥 COILED: Stay away,31,0.0,0.0,0.0,50.0,0,,nan,nan,0.0
FSIXX,Fidelity Colchester Street Trust - Treasury Only Portfolio,1,2,4,10,6,3,2,4,31,-10.0,26.0,Poor,🔥 COILED: Stay away,31,0.0,0.0,0.0,50.0,0,,nan,nan,0.0
FIGXX,Fidelity Colchester Street Trust - Government Portfolio,1,2,4,10,6,3,2,4,31,-10.0,26.0,Poor,🔥 COILED: Stay away,31,0.0,0.0,0.0,50.0,0,,nan,nan,0.0
TTTXX,BlackRock Liquidity Funds - Treasury Trust Fund,1,2,4,10,6,3,2,4,31,-10.0,26.0,Poor,🔥 COILED: Stay away,31,0.0,0.0,0.0,50.0,0,,nan,nan,0.0
FMJXX,Goldman Sachs Investor Money Market Fund Class I,1,2,4,10,6,3,2,4,31,-10.0,26.0,Poor,🔥 COILED: Stay away,31,0.0,0.0,0.0,50.0,0,,nan,nan,0.0
SWVXX,Schwab Value Advantage Money Fund,1,2,4,10,6,3,2,4,31,-10.0,26.0,Poor,🔥 COILED: Stay away,31,0.0,0.0,0.0,50.0,0,,nan,nan,0.0
SWGXX,Schwab Government Money Fund,1,2,4,10,6,3,2,4,31,-10.0,26.0,Poor,🔥 COILED: Stay away,31,0.0,0.0,0.0,50.0,0,,nan,nan,0.0
TSCXX,T. Rowe Price Cash Reserves Fund,1,2,4,10,6,3,2,4,31,-10.0,26.0,Poor,🔥 COILED: Stay away,31,0.0,0.0,0.0,50.0,0,,nan,nan,0.0
DGCXX,Dreyfus Government Cash Management Fund,1,2,4,10,6,3,2,4,31,-10.0,26.0,Poor,🔥 COILED: Stay away,31,0.0,0.0,0.0,50.0,0,,nan,nan,0.0
SAHXX,State Street Institutional U.S. Government Money Market Fund,1,2,4,10,6,3,2,4,31,-10.0,26.0,Poor,🔥 COILED: Stay away,31,0.0,0.0,0.0,50.0,0,,nan,nan,0.0
MUSXX,MainStay U.S. Government Liquidity Fund Class I,1,2,4,10,6,3,2,4,31,-10.0,26.0,Poor,🔥 COILED: Stay away,31,0.0,0.0,0.0,50.0,0,,nan,nan,0.0
TSTXX,BlackRock Liquidity Funds - T-Fund,1,2,4,10,6,3,2,4,31,-10.0,26.0,Poor,🔥 COILED: Stay away,31,0.0,0.0,0.0,50.0,0,,nan,nan,0.0
ABZXX,American Funds U.S. Government Money Market Fund,1,2,4,10,6,3,2,4,31,-10.0,26.0,Poor,🔥 COILED: Stay away,31,0.0,0.0,0.0,50.0,0,,nan,nan,0.0
INFXX,Institutional Fiduciary Trust Money Market Fund,1,2,4,10,6,3,2,4,31,-10.0,26.0,Poor,🔥 COILED: Stay away,31,0.0,0.0,0.0,50.0,0,,nan,nan,0.0
AAOXX,American Beacon U.S. Government Money Market Select Fund,1,2,4,10,6,3,2,4,31,-10.0,26.0,Poor,🔥 COILED: Stay away,31,0.0,0.0,0.0,50.0,0,,nan,nan,0.0
ACXXX,AIM Investment Securities Funds (Invesco Investment Securities Funds) - Government Money Market Fund,1,2,4,10,6,3,2,4,31,-10.0,26.0,Poor,🔥 COILED: Stay away,31,0.0,0.0,0.0,50.0,0,,nan,nan,0.0
ACZXX,AIM Investment Securities Funds (Invesco Investment Securities Funds) - Government Money Market Fund,1,2,4,10,6,3,2,4,31,-10.0,26.0,Poor,🔥 COILED: Stay away,31,0.0,0.0,0.0,50.0,0,,nan,nan,0.0
ADAXX,AIM Investment Securities Funds (Invesco Investment Securities Funds) - Government Money Market Fund,1,2,4,10,6,3,2,4,31,-10.0,26.0,Poor,🔥 COILED: Stay away,31,0.0,0.0,0.0,50.0,0,,nan,nan,0.0
ACAXX,American Century Investment Trust - Prime Money Market Fund,1,2,4,10,6,3,2,4,31,-10.0,26.0,Poor,🔥 COILED: Stay away,31,0.0,0.0,0.0,50.0,0,,nan,nan,0.0
ACNXX,AIM Investment Securities Funds (Invesco Investment Securities Funds) - Government Money Market Fund,1,2,4,10,6,3,2,4,31,-10.0,26.0,Poor,🔥 COILED: Stay away,31,0.0,0.0,0.0,50.0,0,,nan,nan,0.0
AEAXX,AB Government Exchange Reserves,1,2,4,10,6,3,2,4,31,-10.0,26.0,Poor,🔥 COILED: Stay away,31,0.0,0.0,0.0,50.0,0,,nan,nan,0.0
AEYXX,AB Government Exchange Reserves,1,2,4,10,6,3,2,4,31,-10.0,26.0,Poor,🔥 COILED: Stay away,31,0.0,0.0,0.0,50.0,0,,nan,nan,0.0
AECXX,AB Fixed-Income Shares Inc. - AB Government Money Market Portfolio,1,2,4,10,6,3,2,4,31,-10.0,26.0,Poor,🔥 COILED: Stay away,31,0.0,0.0,0.0,50.0,0,,nan,nan,0.0
AGCXX,Short-Term Investment Trust - Invesco Government & Agency Portfolio,1,2,4,10,6,3,2,4,31,-10.0,26.0,Poor,🔥 COILED: Stay away,31,0.0,0.0,0.0,50.0,0,,nan,nan,0.0
AGQXX,American Century Investment Trust - Premium Money Market Fund,1,2,4,10,6,3,2,4,31,-10.0,26.0,Poor,🔥 COILED: Stay away,31,0.0,0.0,0.0,50.0,0,,nan,nan,0.0
AGHXX,American Century Investment Trust - Premium Money Market Fund,1,2,4,10,6,3,2,4,31,-10.0,26.0,Poor,🔥 COILED: Stay away,31,0.0,0.0,0.0,50.0,0,,nan,nan,0.0
AIEXX,AB Government Exchange Reserves,1,2,4,10,6,3,2,4,31,-10.0,26.0,Poor,🔥 COILED: Stay away,31,0.0,0.0,0.0,50.0,0,,nan,nan,0.0
AGRXX,AllianceBernstein Bond Fund - Government Reserves Portfolio Fund,1,2,4,10,6,3,2,4,31,-10.0,26.0,Poor,🔥 COILED: Stay away,31,0.0,0.0,0.0,50.0,0,,nan,nan,0.0
AIMXX,AIM Investment Securities Funds (Invesco Investment Securities Funds) - Government Money Market Fund,1,2,4,10,6,3,2,4,31,-10.0,26.0,Poor,🔥 COILED: Stay away,31,0.0,0.0,0.0,50.0,0,,nan,nan,0.0
AIYXX,AIM Investment Securities Funds (Invesco Investment Securities Funds) - Government Money Market Fund,1,2,4,10,6,3,2,4,31,-10.0,26.0,Poor,🔥 COILED: Stay away,31,0.0,0.0,0.0,50.0,0,,nan,nan,0.0
AMAXX,PIMCO Funds - PIMCO Government Money Market Fund,1,2,4,10,6,3,2,4,31,-10.0,26.0,Poor,🔥 COILED: Stay away,31,0.0,0.0,0.0,50.0,0,,nan,nan,0.0
AMGXX,PIMCO Funds - PIMCO Government Money Market Fund,1,2,4,10,6,3,2,4,31,-10.0,26.0,Poor,🔥 COILED: Stay away,31,0.0,0.0,0.0,50.0,0,,nan,nan,0.0
AMMXX,Thrivent Mutual Funds - Thrivent Money Market Fund,1,2,4,10,6,3,2,4,31,-10.0,26.0,Poor,🔥 COILED: Stay away,31,0.0,0.0,0.0,50.0,0,,nan,nan,0.0
APCXX,Cavanal Hill Funds - Government Securities Money Market Fund,1,2,4,10,6,3,2,4,31,-10.0,26.0,Poor,🔥 COILED: Stay away,31,0.0,0.0,0.0,50.0,0,,nan,nan,0.0
APHXX,Cavanal Hill Funds - Government Securities Money Market Fund,1,2,4,10,6,3,2,4,31,-10.0,26.0,Poor,🔥 COILED: Stay away,31,0.0,0.0,0.0,50.0,0,,nan,nan,0.0
APKXX,Cavanal Hill Funds - U.S. Treasury Fund,1,2,4,10,6,3,2,4,31,-10.0,26.0,Poor,🔥 COILED: Stay away,31,0.0,0.0,0.0,50.0,0,,nan,nan,0.0
APGXX,Cavanal Hill Funds - U.S. Treasury Fund,1,2,4,10,6,3,2,4,31,-10.0,26.0,Poor,🔥 COILED: Stay away,31,0.0,0.0,0.0,50.0,0,,nan,nan,0.0
APNXX,Cavanal Hill Funds - U.S. Treasury Fund,1,2,4,10,6,3,2,4,31,-10.0,26.0,Poor,🔥 COILED: Stay away,31,0.0,0.0,0.0,50.0,0,,nan,nan,0.0
APSXX,Cavanal Hill Funds - Government Securities Money Market Fund,1,2,4,10,6,3,2,4,31,-10.0,26.0,Poor,🔥 COILED: Stay away,31,0.0,0.0,0.0,50.0,0,,nan,nan,0.0
APPXX,Cavanal Hill Funds - Government Securities Money Market Fund,1,2,4,10,6,3,2,4,31,-10.0,26.0,Poor,🔥 COILED: Stay away,31,0.0,0.0,0.0,50.0,0,,nan,nan,0.0
ARCXX,American Century Investment Trust - Prime Money Market Fund,1,2,4,10,6,3,2,4,31,-10.0,26.0,Poor,🔥 COILED: Stay away,31,0.0,0.0,0.0,50.0,0,,nan,nan,0.0
BCHXX,BlackRock Liquidity Funds - T-Fund,1,2,4,10,6,3,2,4,31,-10.0,26.0,Poor,🔥 COILED: Stay away,31,0.0,0.0,0.0,50.0,0,,nan,nan,0.0
BBSXX,BBH Trust - BBH U.S. Government Money Market Fund,1,2,4,10,6,3,2,4,31,-10.0,26.0,Poor,🔥 COILED: Stay away,31,0.0,0.0,0.0,50.0,0,,nan,nan,0.0
BCTXX,American Century California Tax-Free and Municipal Funds - California Tax-Free Money Market Fund,1,2,4,10,6,3,2,4,31,-10.0,26.0,Poor,🔥 COILED: Stay away,31,0.0,0.0,0.0,50.0,0,,nan,nan,0.0
BECXX,BlackRock Liquidity Funds - Federal Trust Fund,1,2,4,10,6,3,2,4,31,-10.0,26.0,Poor,🔥 COILED: Stay away,31,0.0,0.0,0.0,50.0,0,,nan,nan,0.0
BFFXX,BlackRock Liquidity Funds - FedFund,1,2,4,10,6,3,2,4,31,-10.0,26.0,Poor,🔥 COILED: Stay away,31,0.0,0.0,0.0,50.0,0,,nan,nan,0.0
BFRXX,BlackRock Liquidity Funds - FedFund,1,2,4,10,6,3,2,4,31,-10.0,26.0,Poor,🔥 COILED: Stay away,31,0.0,0.0,0.0,50.0,0,,nan,nan,0.0
BFTXX,BlackRock Liquidity Funds - Federal Trust Fund,1,2,4,10,6,3,2,4,31,-10.0,26.0,Poor,🔥 COILED: Stay away,31,0.0,0.0,0.0,50.0,0,,nan,nan,0.0
BGSXX,Northern Institutional Funds - U.S. Government Select Portfolio,1,2,4,10,6,3,2,4,31,-10.0,26.0,Poor,🔥 COILED: Stay away,31,0.0,0.0,0.0,50.0,0,,nan,nan,0.0
BFMXX,BlackRock Liquidity Funds - Federal Trust Fund,1,2,4,10,6,3,2,4,31,-10.0,26.0,Poor,🔥 COILED: Stay away,31,0.0,0.0,0.0,50.0,0,,nan,nan,0.0
BMMIX,CollegeAdvantage 529 Savings Plan - BlackRock Money Market Option,1,2,4,10,6,3,2,4,31,-10.0,26.0,Poor,🔥 COILED: Stay away,31,0.0,0.0,0.0,50.0,0,,nan,nan,0.0
BNGXX,Northern Institutional Funds - U.S. Government Portfolio,1,2,4,10,6,3,2,4,31,-10.0,26.0,Poor,🔥 COILED: Stay away,31,0.0,0.0,0.0,50.0,0,,nan,nan,0.0
BNTXX,American Century Municipal Trust - Tax-Free Money Market Fund,1,2,4,10,6,3,2,4,31,-10.0,26.0,Poor,🔥 COILED: Stay away,31,0.0,0.0,0.0,50.0,0,,nan,nan,0.0
BPRXX,American Century Investment Trust - Prime Money Market Fund,1,2,4,10,6,3,2,4,31,-10.0,26.0,Poor,🔥 COILED: Stay away,31,0.0,0.0,0.0,50.0,0,,nan,nan,0.0
BSCXX,Northern Institutional Funds - U.S. Government Select Portfolio,1,2,4,10,6,3,2,4,31,-10.0,26.0,Poor,🔥 COILED: Stay away,31,0.0,0.0,0.0,50.0,0,,nan,nan,0.0
BRIXX,Blackrock Funds III - Treasury Money Market Fund,1,2,4,10,6,3,2,4,31,-10.0,26.0,Poor,🔥 COILED: Stay away,31,0.0,0.0,0.0,50.0,0,,nan,nan,0.0
BTCXX,BlackRock Liquidity Funds - Treasury Trust Fund,1,2,4,10,6,3,2,4,31,-10.0,26.0,Poor,🔥 COILED: Stay away,31,0.0,0.0,0.0,50.0,0,,nan,nan,0.0
CACPX,Future Scholar 529 College Savings Plan - Conservative Portfolio,1,2,4,10,6,3,2,4,31,-10.0,26.0,Poor,🔥 COILED: Stay away,31,0.0,0.0,0.0,50.0,0,,nan,nan,0.0
BTRXX,BlackRock Liquidity Funds - T-Fund,1,2,4,10,6,3,2,4,31,-10.0,26.0,Poor,🔥 COILED: Stay away,31,0.0,0.0,0.0,50.0,0,,nan,nan,0.0
CACXX,Money Market Obligations Trust - Federated Hermes California Municipal Cash Trust,1,2,4,10,6,3,2,4,31,-10.0,26.0,Poor,🔥 COILED: Stay away,31,0.0,0.0,0.0,50.0,0,,nan,nan,0.0
CALXX,Money Market Obligations Trust - Federated Hermes California Municipal Cash Trust,1,2,4,10,6,3,2,4,31,-10.0,26.0,Poor,🔥 COILED: Stay away,31,0.0,0.0,0.0,50.0,0,,nan,nan,0.0
CAIXX,Money Market Obligations Trust - Federated Hermes California Municipal Cash Trust,1,2,4,10,6,3,2,4,31,-10.0,26.0,Poor,🔥 COILED: Stay away,31,0.0,0.0,0.0,50.0,0,,nan,nan,0.0
CAGXX,Cash Account Trust - Government & Agency Securities Portfolio,1,2,4,10,6,3,2,4,31,-10.0,26.0,Poor,🔥 COILED: Stay away,31,0.0,0.0,0.0,50.0,0,,nan,nan,0.0
CBDCX,Future Scholar 529 College Savings Plan - Columbia Bank Deposit 529 Portfolio,1,2,4,10,6,3,2,4,31,-10.0,26.0,Poor,🔥 COILED: Stay away,31,0.0,0.0,0.0,50.0,0,,nan,nan,0.0
CBDPX,Future Scholar 529 College Savings Plan - Columbia Bank Deposit 529 Portfolio,1,2,4,10,6,3,2,4,31,-10.0,26.0,Poor,🔥 COILED: Stay away,31,0.0,0.0,0.0,50.0,0,,nan,nan,0.0
CBDEX,Future Scholar 529 College Savings Plan - Columbia Bank Deposit 529 Portfolio,1,2,4,10,6,3,2,4,31,-10.0,26.0,Poor,🔥 COILED: Stay away,31,0.0,0.0,0.0,50.0,0,,nan,nan,0.0
CBDAX,Future Scholar 529 College Savings Plan - Columbia Bank Deposit 529 Portfolio,1,2,4,10,6,3,2,4,31,-10.0,26.0,Poor,🔥 COILED: Stay away,31,0.0,0.0,0.0,50.0,0,,nan,nan,0.0
CCCXX,Money Market Obligations Trust - Federated Hermes California Municipal Cash Trust,1,2,4,10,6,3,2,4,31,-10.0,26.0,Poor,🔥 COILED: Stay away,31,0.0,0.0,0.0,50.0,0,,nan,nan,0.0
CCCPX,Future Scholar 529 College Savings Plan - Conservative Portfolio,1,2,4,10,6,3,2,4,31,-10.0,26.0,Poor,🔥 COILED: Stay away,31,0.0,0.0,0.0,50.0,0,,nan,nan,0.0
CCSXX,Money Market Obligations Trust - Federated Hermes California Municipal Cash Trust,1,2,4,10,6,3,2,4,31,-10.0,26.0,Poor,🔥 COILED: Stay away,31,0.0,0.0,0.0,50.0,0,,nan,nan,0.0
CEAXX,Citizensselect Funds - Dreyfus Institutional Preferred Treasury Securities Money Market Fund,1,2,4,10,6,3,2,4,31,-10.0,26.0,Poor,🔥 COILED: Stay away,31,0.0,0.0,0.0,50.0,0,,nan,nan,0.0
CECPX,Future Scholar 529 College Savings Plan - Conservative Portfolio,1,2,4,10,6,3,2,4,31,-10.0,26.0,Poor,🔥 COILED: Stay away,31,0.0,0.0,0.0,50.0,0,,nan,nan,0.0
CEIXX,Citizensselect Funds - Dreyfus Institutional Preferred Treasury Securities Money Market Fund,1,2,4,10,6,3,2,4,31,-10.0,26.0,Poor,🔥 COILED: Stay away,31,0.0,0.0,0.0,50.0,0,,nan,nan,0.0
CIIXX,Legg Mason Partners Institutional Trust - Western Asset Institutional U.S. Treasury Reserves,1,2,4,10,6,3,2,4,31,-10.0,26.0,Poor,🔥 COILED: Stay away,31,0.0,0.0,0.0,50.0,0,,nan,nan,0.0
CIFXX,LeggMason Partners Institutional Trust - Western Asset Institutional Tax Free Reserves,1,2,4,10,6,3,2,4,31,-10.0,26.0,Poor,🔥 COILED: Stay away,31,0.0,0.0,0.0,50.0,0,,nan,nan,0.0
CNFXX,City National Rochdale Funds - City National Rochdale Government Money Market Fund,1,2,4,10,6,3,2,4,31,-10.0,26.0,Poor,🔥 COILED: Stay away,31,0.0,0.0,0.0,50.0,0,,nan,nan,0.0
CNGXX,City National Rochdale Funds - City National Rochdale Government Money Market Fund,1,2,4,10,6,3,2,4,31,-10.0,26.0,Poor,🔥 COILED: Stay away,31,0.0,0.0,0.0,50.0,0,,nan,nan,0.0
CNIXX,City National Rochdale Funds - City National Rochdale Government Money Market Fund,1,2,4,10,6,3,2,4,31,-10.0,26.0,Poor,🔥 COILED: Stay away,31,0.0,0.0,0.0,50.0,0,,nan,nan,0.0
COSXX,Morgan Stanley Institutional Liquidity Funds -  Government Portfolio,1,2,4,10,6,3,2,4,31,-10.0,26.0,Poor,🔥 COILED: Stay away,31,0.0,0.0,0.0,50.0,0,,nan,nan,0.0
CPFXX,American Century Government Income Trust - Capital Preservation Fund,1,2,4,10,6,3,2,4,31,-10.0,26.0,Poor,🔥 COILED: Stay away,31,0.0,0.0,0.0,50.0,0,,nan,nan,0.0
CRHXX,MFS Series Trust I - MFS U.S. Government Cash Reserve Fund,1,2,4,10,6,3,2,4,31,-10.0,26.0,Poor,🔥 COILED: Stay away,31,0.0,0.0,0.0,50.0,0,,nan,nan,0.0
CRKXX,MFS Series Trust I - MFS U.S. Government Cash Reserve Fund,1,2,4,10,6,3,2,4,31,-10.0,26.0,Poor,🔥 COILED: Stay away,31,0.0,0.0,0.0,50.0,0,,nan,nan,0.0
CRJXX,MFS Series Trust I - MFS U.S. Government Cash Reserve Fund,1,2,4,10,6,3,2,4,31,-10.0,26.0,Poor,🔥 COILED: Stay away,31,0.0,0.0,0.0,50.0,0,,nan,nan,0.0
CRMXX,MFS Series Trust I - MFS U.S. Government Cash Reserve Fund,1,2,4,10,6,3,2,4,31,-10.0,26.0,Poor,🔥 COILED: Stay away,31,0.0,0.0,0.0,50.0,0,,nan,nan,0.0
CRRXX,MFS Series Trust I - MFS U.S. Government Cash Reserve Fund,1,2,4,10,6,3,2,4,31,-10.0,26.0,Poor,🔥 COILED: Stay away,31,0.0,0.0,0.0,50.0,0,,nan,nan,0.0
CRVXX,MFS Series Trust I - MFS U.S. Government Cash Reserve Fund,1,2,4,10,6,3,2,4,31,-10.0,26.0,Poor,🔥 COILED: Stay away,31,0.0,0.0,0.0,50.0,0,,nan,nan,0.0
CVTXX,Short-Term Investment Trust - Invesco Treasury Portfolio,1,2,4,10,6,3,2,4,31,-10.0,26.0,Poor,🔥 COILED: Stay away,31,0.0,0.0,0.0,50.0,0,,nan,nan,0.0
DAGXX,Dreyfus Government Cash Management Fund,1,2,4,10,6,3,2,4,31,-10.0,26.0,Poor,🔥 COILED: Stay away,31,0.0,0.0,0.0,50.0,0,,nan,nan,0.0
CVGXX,BofA Funds Series Trust - BofA Money Market Reserves,1,2,4,10,6,3,2,4,31,-10.0,26.0,Poor,🔥 COILED: Stay away,31,0.0,0.0,0.0,50.0,0,,nan,nan,0.0
DARXX,Dreyfus Treasury Securities Cash Management,1,2,4,10,6,3,2,4,31,-10.0,26.0,Poor,🔥 COILED: Stay away,31,0.0,0.0,0.0,50.0,0,,nan,nan,0.0
DCMXX,Cash Account Trust - Government & Agency Securities Portfolio,1,2,4,10,6,3,2,4,31,-10.0,26.0,Poor,🔥 COILED: Stay away,31,0.0,0.0,0.0,50.0,0,,nan,nan,0.0
DBBXX,Cash Account Trust - Government & Agency Securities Portfolio,1,2,4,10,6,3,2,4,31,-10.0,26.0,Poor,🔥 COILED: Stay away,31,0.0,0.0,0.0,50.0,0,,nan,nan,0.0
DGEXX,Morgan Stanley U.S Government Money Market Trust Fund,1,2,4,10,6,3,2,4,31,-10.0,26.0,Poor,🔥 COILED: Stay away,31,0.0,0.0,0.0,50.0,0,,nan,nan,0.0
DGPXX,Dreyfus Government Cash Management Funds - Dreyfus Government Prime Cash Management,1,2,4,10,6,3,2,4,31,-10.0,26.0,Poor,🔥 COILED: Stay away,31,0.0,0.0,0.0,50.0,0,,nan,nan,0.0
DGQXX,Dreyfus Government Cash Management Fund,1,2,4,10,6,3,2,4,31,-10.0,26.0,Poor,🔥 COILED: Stay away,31,0.0,0.0,0.0,50.0,0,,nan,nan,0.0
DGUXX,Dreyfus Government Cash Management Fund,1,2,4,10,6,3,2,4,31,-10.0,26.0,Poor,🔥 COILED: Stay away,31,0.0,0.0,0.0,50.0,0,,nan,nan,0.0
DGVXX,Dreyfus Government Cash Management Fund,1,2,4,10,6,3,2,4,31,-10.0,26.0,Poor,🔥 COILED: Stay away,31,0.0,0.0,0.0,50.0,0,,nan,nan,0.0
DHLXX,Dreyfus Institutional Reserves Funds - Dreyfus Institutional Treasury and Agency Cash Advantage Fund,1,2,4,10,6,3,2,4,31,-10.0,26.0,Poor,🔥 COILED: Stay away,31,0.0,0.0,0.0,50.0,0,,nan,nan,0.0
DIRXX,Dreyfus Treasury Securities Cash Management,1,2,4,10,6,3,2,4,31,-10.0,26.0,Poor,🔥 COILED: Stay away,31,0.0,0.0,0.0,50.0,0,,nan,nan,0.0
DIPXX,Dreyfus Government Cash Management Funds - Dreyfus Government Prime Cash Management,1,2,4,10,6,3,2,4,31,-10.0,26.0,Poor,🔥 COILED: Stay away,31,0.0,0.0,0.0,50.0,0,,nan,nan,0.0
DOAXX,DWS Money Market Prime Series - DWS Cash Investment Trust,1,2,4,10,6,3,2,4,31,-10.0,26.0,Poor,🔥 COILED: Stay away,31,0.0,0.0,0.0,50.0,0,,nan,nan,0.0
DNSXX,Dreyfus Institutional Reserves Funds - Dreyfus Institutional Treasury and Agency Cash Advantage Fund,1,2,4,10,6,3,2,4,31,-10.0,26.0,Poor,🔥 COILED: Stay away,31,0.0,0.0,0.0,50.0,0,,nan,nan,0.0
DOCXX,DWS Money Market Prime Series - DWS Cash Investment Trust,1,2,4,10,6,3,2,4,31,-10.0,26.0,Poor,🔥 COILED: Stay away,31,0.0,0.0,0.0,50.0,0,,nan,nan,0.0
DOSXX,DWS Money Market Prime Series - DWS Cash Investment Trust,1,2,4,10,6,3,2,4,31,-10.0,26.0,Poor,🔥 COILED: Stay away,31,0.0,0.0,0.0,50.0,0,,nan,nan,0.0
DPRXX,Dreyfus Treasury Securities Cash Management,1,2,4,10,6,3,2,4,31,-10.0,26.0,Poor,🔥 COILED: Stay away,31,0.0,0.0,0.0,50.0,0,,nan,nan,0.0
DPGXX,Dreyfus Government Cash Management Fund,1,2,4,10,6,3,2,4,31,-10.0,26.0,Poor,🔥 COILED: Stay away,31,0.0,0.0,0.0,50.0,0,,nan,nan,0.0
DSHXX,Dreyfus Institutional Reserves Funds - Dreyfus Institutional Preferred Government Money Market Fund,1,2,4,10,6,3,2,4,31,-10.0,26.0,Poor,🔥 COILED: Stay away,31,0.0,0.0,0.0,50.0,0,,nan,nan,0.0
DTAXX,Dreyfus Treasury Obligations Cash Management,1,2,4,10,6,3,2,4,31,-10.0,26.0,Poor,🔥 COILED: Stay away,31,0.0,0.0,0.0,50.0,0,,nan,nan,0.0
DSVXX,Dreyfus Institutional Reserves Funds - Dreyfus Institutional Preferred Government Money Market Fund,1,2,4,10,6,3,2,4,31,-10.0,26.0,Poor,🔥 COILED: Stay away,31,0.0,0.0,0.0,50.0,0,,nan,nan,0.0
DTCXX,Cash Account Trust - DWS Tax-Exempt Portfolio,1,2,4,10,6,3,2,4,31,-10.0,26.0,Poor,🔥 COILED: Stay away,31,0.0,0.0,0.0,50.0,0,,nan,nan,0.0
DTBXX,Cash Account Trust - DWS Tax-Exempt Portfolio,1,2,4,10,6,3,2,4,31,-10.0,26.0,Poor,🔥 COILED: Stay away,31,0.0,0.0,0.0,50.0,0,,nan,nan,0.0
DTDXX,Cash Account Trust - DWS Tax-Exempt Portfolio,1,2,4,10,6,3,2,4,31,-10.0,26.0,Poor,🔥 COILED: Stay away,31,0.0,0.0,0.0,50.0,0,,nan,nan,0.0
DTGXX,Cash Account Trust - Government & Agency Securities Portfolio,1,2,4,10,6,3,2,4,31,-10.0,26.0,Poor,🔥 COILED: Stay away,31,0.0,0.0,0.0,50.0,0,,nan,nan,0.0
DTHXX,Dreyfus Treasury Securities Cash Management,1,2,4,10,6,3,2,4,31,-10.0,26.0,Poor,🔥 COILED: Stay away,31,0.0,0.0,0.0,50.0,0,,nan,nan,0.0
DTKXX,Dreyfus Treasury Obligations Cash Management,1,2,4,10,6,3,2,4,31,-10.0,26.0,Poor,🔥 COILED: Stay away,31,0.0,0.0,0.0,50.0,0,,nan,nan,0.0
DTLXX,Dreyfus Institutional Liquidity Funds - Dreyfus Treasury and Agency Liquidity Money Market Fund,1,2,4,10,6,3,2,4,31,-10.0,26.0,Poor,🔥 COILED: Stay away,31,0.0,0.0,0.0,50.0,0,,nan,nan,0.0
DTPXX,Dreyfus Treasury Obligations Cash Management,1,2,4,10,6,3,2,4,31,-10.0,26.0,Poor,🔥 COILED: Stay away,31,0.0,0.0,0.0,50.0,0,,nan,nan,0.0
DTVXX,Dreyfus Treasury Obligations Cash Management,1,2,4,10,6,3,2,4,31,-10.0,26.0,Poor,🔥 COILED: Stay away,31,0.0,0.0,0.0,50.0,0,,nan,nan,0.0
DTNXX,Dreyfus Treasury Obligations Cash Management,1,2,4,10,6,3,2,4,31,-10.0,26.0,Poor,🔥 COILED: Stay away,31,0.0,0.0,0.0,50.0,0,,nan,nan,0.0
DVPXX,Dreyfus Government Cash Management Funds - Dreyfus Government Prime Cash Management,1,2,4,10,6,3,2,4,31,-10.0,26.0,Poor,🔥 COILED: Stay away,31,0.0,0.0,0.0,50.0,0,,nan,nan,0.0
DVRXX,Dreyfus Treasury Securities Cash Management,1,2,4,10,6,3,2,4,31,-10.0,26.0,Poor,🔥 COILED: Stay away,31,0.0,0.0,0.0,50.0,0,,nan,nan,0.0
DWGXX,Morgan Stanley U.S Government Money Market Trust Fund,1,2,4,10,6,3,2,4,31,-10.0,26.0,Poor,🔥 COILED: Stay away,31,0.0,0.0,0.0,50.0,0,,nan,nan,0.0
FAAXX,First American Funds Inc. - Government Obligations Fund,1,2,4,10,6,3,2,4,31,-10.0,26.0,Poor,🔥 COILED: Stay away,31,0.0,0.0,0.0,50.0,0,,nan,nan,0.0
FAPXX,First American Funds Inc. - Retail Prime Obligations Fund,1,2,4,10,6,3,2,4,31,-10.0,26.0,Poor,🔥 COILED: Stay away,31,0.0,0.0,0.0,50.0,0,,nan,nan,0.0
ELMXX,Elfun Government Money Market Fund,1,2,4,10,6,3,2,4,31,-10.0,26.0,Poor,🔥 COILED: Stay away,31,0.0,0.0,0.0,50.0,0,,nan,nan,0.0
FATXX,First American Funds Inc. - Treasury Obligations Fund,1,2,4,10,6,3,2,4,31,-10.0,26.0,Poor,🔥 COILED: Stay away,31,0.0,0.0,0.0,50.0,0,,nan,nan,0.0
FCEXX,Fidelity Colchester Street Trust - Treasury Portfolio,1,2,4,10,6,3,2,4,31,-10.0,26.0,Poor,🔥 COILED: Stay away,31,0.0,0.0,0.0,50.0,0,,nan,nan,0.0
FCGXX,Fidelity Colchester Street Trust - Government Portfolio,1,2,4,10,6,3,2,4,31,-10.0,26.0,Poor,🔥 COILED: Stay away,31,0.0,0.0,0.0,50.0,0,,nan,nan,0.0
FCIXX,Fidelity Colchester Street Trust - Money Market Portfolio,1,2,4,10,6,3,2,4,31,-10.0,26.0,Poor,🔥 COILED: Stay away,31,0.0,0.0,0.0,50.0,0,,nan,nan,0.0
FCOXX,Fidelity Colchester Street Trust - Money Market Portfolio,1,2,4,10,6,3,2,4,31,-10.0,26.0,Poor,🔥 COILED: Stay away,31,0.0,0.0,0.0,50.0,0,,nan,nan,0.0
FCSXX,Fidelity Colchester Street Trust - Treasury Portfolio,1,2,4,10,6,3,2,4,31,-10.0,26.0,Poor,🔥 COILED: Stay away,31,0.0,0.0,0.0,50.0,0,,nan,nan,0.0
FDCXX,Fidelity Newbury Street Trust - Treasury Fund,1,2,4,10,6,3,2,4,31,-10.0,26.0,Poor,🔥 COILED: Stay away,31,0.0,0.0,0.0,50.0,0,,nan,nan,0.0
FCYXX,Goldman Sachs Trust - Investor Tax-Exempt Money Market Fund,1,2,4,10,6,3,2,4,31,-10.0,26.0,Poor,🔥 COILED: Stay away,31,0.0,0.0,0.0,50.0,0,,nan,nan,0.0
FCVXX,Fidelity Colchester Street Trust - Government Portfolio,1,2,4,10,6,3,2,4,31,-10.0,26.0,Poor,🔥 COILED: Stay away,31,0.0,0.0,0.0,50.0,0,,nan,nan,0.0
FDUXX,Fidelity Newbury Street Trust - Treasury Fund,1,2,4,10,6,3,2,4,31,-10.0,26.0,Poor,🔥 COILED: Stay away,31,0.0,0.0,0.0,50.0,0,,nan,nan,0.0
FDLXX,Fidelity Hereford Street Trust - Fidelity Treasury Only Money Market Fund,1,2,4,10,6,3,2,4,31,-10.0,26.0,Poor,🔥 COILED: Stay away,31,0.0,0.0,0.0,50.0,0,,nan,nan,0.0
FEAXX,Goldman Sachs Trust - Goldman Sachs Investor Tax-Exempt Money Market Fund,1,2,4,10,6,3,2,4,31,-10.0,26.0,Poor,🔥 COILED: Stay away,31,0.0,0.0,0.0,50.0,0,,nan,nan,0.0
FEDXX,Goldman Sachs Trust - Goldman Sachs Financial Square Federal Fund,1,2,4,10,6,3,2,4,31,-10.0,26.0,Poor,🔥 COILED: Stay away,31,0.0,0.0,0.0,50.0,0,,nan,nan,0.0
FESXX,Goldman Sachs Trust - Goldman Sachs Investor Tax-Exempt Money Market Fund,1,2,4,10,6,3,2,4,31,-10.0,26.0,Poor,🔥 COILED: Stay away,31,0.0,0.0,0.0,50.0,0,,nan,nan,0.0
FERXX,Fidelity Newbury Street Trust - Tax-Exempt Fund,1,2,4,10,6,3,2,4,31,-10.0,26.0,Poor,🔥 COILED: Stay away,31,0.0,0.0,0.0,50.0,0,,nan,nan,0.0
FETXX,Fidelity Colchester Street Trust - Tax-Exempt Portfolio,1,2,4,10,6,3,2,4,31,-10.0,26.0,Poor,🔥 COILED: Stay away,31,0.0,0.0,0.0,50.0,0,,nan,nan,0.0
FEIXX,First American Funds Inc. - Retail Prime Obligations Fund,1,2,4,10,6,3,2,4,31,-10.0,26.0,Poor,🔥 COILED: Stay away,31,0.0,0.0,0.0,50.0,0,,nan,nan,0.0
FFTXX,Money Market Obligations Trust - Federated Institutional Tax-Free Cash Trust,1,2,4,10,6,3,2,4,31,-10.0,26.0,Poor,🔥 COILED: Stay away,31,0.0,0.0,0.0,50.0,0,,nan,nan,0.0
FEXXX,Fidelity Colchester Street Trust - Tax-Exempt Portfolio,1,2,4,10,6,3,2,4,31,-10.0,26.0,Poor,🔥 COILED: Stay away,31,0.0,0.0,0.0,50.0,0,,nan,nan,0.0
FFCXX,First American Funds Inc. - Retail Tax Free Obligations Fund,1,2,4,10,6,3,2,4,31,-10.0,26.0,Poor,🔥 COILED: Stay away,31,0.0,0.0,0.0,50.0,0,,nan,nan,0.0
FGAXX,Goldman Sachs Trust - Goldman Sachs Financial Square Treasury Obligations Fund,1,2,4,10,6,3,2,4,31,-10.0,26.0,Poor,🔥 COILED: Stay away,31,0.0,0.0,0.0,50.0,0,,nan,nan,0.0
FGDXX,First American Funds Inc. - Government Obligations Fund,1,2,4,10,6,3,2,4,31,-10.0,26.0,Poor,🔥 COILED: Stay away,31,0.0,0.0,0.0,50.0,0,,nan,nan,0.0
FGGXX,Goldman Sachs Trust - Goldman Sachs Financial Square Government Fund,1,2,4,10,6,3,2,4,31,-10.0,26.0,Poor,🔥 COILED: Stay away,31,0.0,0.0,0.0,50.0,0,,nan,nan,0.0
FGNXX,Fidelity Salem Street Trust - Government Money Market Fund,1,2,4,10,6,3,2,4,31,-10.0,26.0,Poor,🔥 COILED: Stay away,31,0.0,0.0,0.0,50.0,0,,nan,nan,0.0
FGEXX,Fidelity Colchester Street Trust - Government Portfolio,1,2,4,10,6,3,2,4,31,-10.0,26.0,Poor,🔥 COILED: Stay away,31,0.0,0.0,0.0,50.0,0,,nan,nan,0.0
FGUXX,First American Funds Inc. - Government Obligations Fund,1,2,4,10,6,3,2,4,31,-10.0,26.0,Poor,🔥 COILED: Stay away,31,0.0,0.0,0.0,50.0,0,,nan,nan,0.0
FGVXX,First American Funds Inc. - Government Obligations Fund,1,2,4,10,6,3,2,4,31,-10.0,26.0,Poor,🔥 COILED: Stay away,31,0.0,0.0,0.0,50.0,0,,nan,nan,0.0
FGZXX,First American Funds Inc. - Government Obligations Fund,1,2,4,10,6,3,2,4,31,-10.0,26.0,Poor,🔥 COILED: Stay away,31,0.0,0.0,0.0,50.0,0,,nan,nan,0.0
FHIXX,First American Funds Inc. - Retail Tax Free Obligations Fund,1,2,4,10,6,3,2,4,31,-10.0,26.0,Poor,🔥 COILED: Stay away,31,0.0,0.0,0.0,50.0,0,,nan,nan,0.0
FHSXX,Goldman Sachs Trust - Investor Money Market Fund,1,2,4,10,6,3,2,4,31,-10.0,26.0,Poor,🔥 COILED: Stay away,31,0.0,0.0,0.0,50.0,0,,nan,nan,0.0
FHMXX,Goldman Sachs Trust - Investor Money Market Fund,1,2,4,10,6,3,2,4,31,-10.0,26.0,Poor,🔥 COILED: Stay away,31,0.0,0.0,0.0,50.0,0,,nan,nan,0.0
FIHXX,Goldman Sachs Trust - Goldman Sachs Financial Square Federal Fund,1,2,4,10,6,3,2,4,31,-10.0,26.0,Poor,🔥 COILED: Stay away,31,0.0,0.0,0.0,50.0,0,,nan,nan,0.0
FIKXX,Goldman Sachs Trust - Goldman Sachs Financial Square Federal Fund,1,2,4,10,6,3,2,4,31,-10.0,26.0,Poor,🔥 COILED: Stay away,31,0.0,0.0,0.0,50.0,0,,nan,nan,0.0
FILXX,Goldman Sachs Trust - Goldman Sachs Financial Square Federal Fund,1,2,4,10,6,3,2,4,31,-10.0,26.0,Poor,🔥 COILED: Stay away,31,0.0,0.0,0.0,50.0,0,,nan,nan,0.0
FIRXX,Goldman Sachs Trust - Goldman Sachs Financial Square Federal Fund,1,2,4,10,6,3,2,4,31,-10.0,26.0,Poor,🔥 COILED: Stay away,31,0.0,0.0,0.0,50.0,0,,nan,nan,0.0
FIOXX,Goldman Sachs Trust - Goldman Sachs Financial Square Federal Fund,1,2,4,10,6,3,2,4,31,-10.0,26.0,Poor,🔥 COILED: Stay away,31,0.0,0.0,0.0,50.0,0,,nan,nan,0.0
FIWXX,Goldman Sachs Trust - Goldman Sachs Financial Square Federal Fund,1,2,4,10,6,3,2,4,31,-10.0,26.0,Poor,🔥 COILED: Stay away,31,0.0,0.0,0.0,50.0,0,,nan,nan,0.0
FKIXX,Goldman Sachs Trust - Investor Tax-Exempt Money Market Fund,1,2,4,10,6,3,2,4,31,-10.0,26.0,Poor,🔥 COILED: Stay away,31,0.0,0.0,0.0,50.0,0,,nan,nan,0.0
FLIXX,First American Funds Inc. - Treasury Obligations Fund,1,2,4,10,6,3,2,4,31,-10.0,26.0,Poor,🔥 COILED: Stay away,31,0.0,0.0,0.0,50.0,0,,nan,nan,0.0
FMEXX,Goldman Sachs Trust - Investor Money Market Fund,1,2,4,10,6,3,2,4,31,-10.0,26.0,Poor,🔥 COILED: Stay away,31,0.0,0.0,0.0,50.0,0,,nan,nan,0.0
FLPXX,Meeder Funds - Institutional Prime Money Market Fund,1,2,4,10,6,3,2,4,31,-10.0,26.0,Poor,🔥 COILED: Stay away,31,0.0,0.0,0.0,50.0,0,,nan,nan,0.0
FMAXX,Fidelity Massachusetts Municipal Trust - Fidelity Massachusetts AMT Tax-Free Money Market Fund,1,2,4,10,6,3,2,4,31,-10.0,26.0,Poor,🔥 COILED: Stay away,31,0.0,0.0,0.0,50.0,0,,nan,nan,0.0
FMFXX,Franklin U.S. Government Money Fund,1,2,4,10,6,3,2,4,31,-10.0,26.0,Poor,🔥 COILED: Stay away,31,0.0,0.0,0.0,50.0,0,,nan,nan,0.0
FMGXX,Goldman Sachs Trust - Investor Money Market Fund,1,2,4,10,6,3,2,4,31,-10.0,26.0,Poor,🔥 COILED: Stay away,31,0.0,0.0,0.0,50.0,0,,nan,nan,0.0
FMOXX,Fidelity Newbury Street Trust - Tax-Exempt Fund,1,2,4,10,6,3,2,4,31,-10.0,26.0,Poor,🔥 COILED: Stay away,31,0.0,0.0,0.0,50.0,0,,nan,nan,0.0
FMPXX,Fidelity Colchester Street Trust - Money Market Portfolio,1,2,4,10,6,3,2,4,31,-10.0,26.0,Poor,🔥 COILED: Stay away,31,0.0,0.0,0.0,50.0,0,,nan,nan,0.0
FMKXX,Goldman Sachs Trust - Investor Money Market Fund,1,2,4,10,6,3,2,4,31,-10.0,26.0,Poor,🔥 COILED: Stay away,31,0.0,0.0,0.0,50.0,0,,nan,nan,0.0
FMQXX,Fidelity Salem Street Trust - Fidelity SAI Municipal Money Market Fund,1,2,4,10,6,3,2,4,31,-10.0,26.0,Poor,🔥 COILED: Stay away,31,0.0,0.0,0.0,50.0,0,,nan,nan,0.0
FMSXX,Fidelity Massachusetts Municipal Trust - Fidelity Massachusetts AMT Tax-Free Money Market Fund,1,2,4,10,6,3,2,4,31,-10.0,26.0,Poor,🔥 COILED: Stay away,31,0.0,0.0,0.0,50.0,0,,nan,nan,0.0
FMYXX,Fidelity Colchester Street Trust - Money Market Portfolio,1,2,4,10,6,3,2,4,31,-10.0,26.0,Poor,🔥 COILED: Stay away,31,0.0,0.0,0.0,50.0,0,,nan,nan,0.0
FNCXX,Money Market Obligations Trust - Federated New York Municipal Cash Trust,1,2,4,10,6,3,2,4,31,-10.0,26.0,Poor,🔥 COILED: Stay away,31,0.0,0.0,0.0,50.0,0,,nan,nan,0.0
FNDXX,Federated Private Liquidity Funds-Prime Private Liquidity Fund,1,2,4,10,6,3,2,4,31,-10.0,26.0,Poor,🔥 COILED: Stay away,31,0.0,0.0,0.0,50.0,0,,nan,nan,0.0
FNKXX,Fidelity New York Municipal Trust II - Fidelity New York AMT Tax-Free Money Market Fund,1,2,4,10,6,3,2,4,31,-10.0,26.0,Poor,🔥 COILED: Stay away,31,0.0,0.0,0.0,50.0,0,,nan,nan,0.0
FOAXX,Goldman Sachs Trust - Goldman Sachs Financial Square Government Fund,1,2,4,10,6,3,2,4,31,-10.0,26.0,Poor,🔥 COILED: Stay away,31,0.0,0.0,0.0,50.0,0,,nan,nan,0.0
FNTXX,Money Market Obligations Trust - Federated New York Municipal Cash Trust,1,2,4,10,6,3,2,4,31,-10.0,26.0,Poor,🔥 COILED: Stay away,31,0.0,0.0,0.0,50.0,0,,nan,nan,0.0
FOCXX,First American Funds Inc. - Treasury Obligations Fund,1,2,4,10,6,3,2,4,31,-10.0,26.0,Poor,🔥 COILED: Stay away,31,0.0,0.0,0.0,50.0,0,,nan,nan,0.0
FOEXX,First American Funds Inc. - U.S. Treasury Money Market Fund,1,2,4,10,6,3,2,4,31,-10.0,26.0,Poor,🔥 COILED: Stay away,31,0.0,0.0,0.0,50.0,0,,nan,nan,0.0
FOIXX,Fidelity Colchester Street Trust - Treasury Only Portfolio,1,2,4,10,6,3,2,4,31,-10.0,26.0,Poor,🔥 COILED: Stay away,31,0.0,0.0,0.0,50.0,0,,nan,nan,0.0
FODXX,First American Funds Inc. - U.S. Treasury Money Market Fund,1,2,4,10,6,3,2,4,31,-10.0,26.0,Poor,🔥 COILED: Stay away,31,0.0,0.0,0.0,50.0,0,,nan,nan,0.0
FOPXX,Fidelity Colchester Street Trust - Treasury Only Portfolio,1,2,4,10,6,3,2,4,31,-10.0,26.0,Poor,🔥 COILED: Stay away,31,0.0,0.0,0.0,50.0,0,,nan,nan,0.0
FOXXX,Fidelity Colchester Street Trust - Treasury Only Portfolio,1,2,4,10,6,3,2,4,31,-10.0,26.0,Poor,🔥 COILED: Stay away,31,0.0,0.0,0.0,50.0,0,,nan,nan,0.0
FOSXX,Goldman Sachs Trust - Goldman Sachs Financial Square Government Fund,1,2,4,10,6,3,2,4,31,-10.0,26.0,Poor,🔥 COILED: Stay away,31,0.0,0.0,0.0,50.0,0,,nan,nan,0.0
FOZXX,First American Funds Inc. - U.S. Treasury Money Market Fund,1,2,4,10,6,3,2,4,31,-10.0,26.0,Poor,🔥 COILED: Stay away,31,0.0,0.0,0.0,50.0,0,,nan,nan,0.0
FOYXX,First American Funds Inc. - U.S. Treasury Money Market Fund,1,2,4,10,6,3,2,4,31,-10.0,26.0,Poor,🔥 COILED: Stay away,31,0.0,0.0,0.0,50.0,0,,nan,nan,0.0
FPIXX,First American Funds Inc. - First American Institutional Prime Obligations Fund,1.0,5,3,10,6,3,2,4,33,-10.0,26.0,Poor,Stay away,33,0.0,0.0,-0.0,0.0,0,,nan,nan,0.0
FPPXX,First American Funds Inc. - Government Obligations Fund,1,2,4,10,6,3,2,4,31,-10.0,26.0,Poor,🔥 COILED: Stay away,31,0.0,0.0,0.0,50.0,0,,nan,nan,0.0
FRBXX,Fidelity Colchester Street Trust - Treasury Portfolio,1,2,4,10,6,3,2,4,31,-10.0,26.0,Poor,🔥 COILED: Stay away,31,0.0,0.0,0.0,50.0,0,,nan,nan,0.0
FPUXX,First American Funds Inc. - Retail Prime Obligations Fund,1,2,4,10,6,3,2,4,31,-10.0,26.0,Poor,🔥 COILED: Stay away,31,0.0,0.0,0.0,50.0,0,,nan,nan,0.0
FRFXX,Money Market Obligations Trust - Federated Hermes Capital Reserve Fund,1,2,4,10,6,3,2,4,31,-10.0,26.0,Poor,🔥 COILED: Stay away,31,0.0,0.0,0.0,50.0,0,,nan,nan,0.0
FRQXX,Franklin U.S. Government Money Fund,1,2,4,10,6,3,2,4,31,-10.0,26.0,Poor,🔥 COILED: Stay away,31,0.0,0.0,0.0,50.0,0,,nan,nan,0.0
FRSXX,Fidelity Colchester Street Trust - Treasury Only Portfolio,1,2,4,10,6,3,2,4,31,-10.0,26.0,Poor,🔥 COILED: Stay away,31,0.0,0.0,0.0,50.0,0,,nan,nan,0.0
FRRXX,Franklin U.S. Government Money Fund,1,2,4,10,6,3,2,4,31,-10.0,26.0,Poor,🔥 COILED: Stay away,31,0.0,0.0,0.0,50.0,0,,nan,nan,0.0
FSBXX,Fidelity California Municipal Trust II - Fidelity California AMT Tax-Free Money Market Fund,1,2,4,10,6,3,2,4,31,-10.0,26.0,Poor,🔥 COILED: Stay away,31,0.0,0.0,0.0,50.0,0,,nan,nan,0.0
FSGXX,Goldman Sachs Trust - Goldman Sachs Financial Square Government Fund,1,2,4,10,6,3,2,4,31,-10.0,26.0,Poor,🔥 COILED: Stay away,31,0.0,0.0,0.0,50.0,0,,nan,nan,0.0
FSJXX,Fidelity Court Street Trust II - Fidelity New Jersey AMT Tax-Free Money Market Fund,1,2,4,10,6,3,2,4,31,-10.0,26.0,Poor,🔥 COILED: Stay away,31,0.0,0.0,0.0,50.0,0,,nan,nan,0.0
FSNXX,Fidelity New York Municipal Trust II - Fidelity New York AMT Tax-Free Money Market Fund,1,2,4,10,6,3,2,4,31,-10.0,26.0,Poor,🔥 COILED: Stay away,31,0.0,0.0,0.0,50.0,0,,nan,nan,0.0
FSKXX,Fidelity Court Street Trust II - Fidelity New Jersey AMT Tax-Free Money Market Fund,1,2,4,10,6,3,2,4,31,-10.0,26.0,Poor,🔥 COILED: Stay away,31,0.0,0.0,0.0,50.0,0,,nan,nan,0.0
FSOXX,Goldman Sachs Trust - Goldman Sachs Financial Square Government Fund,1,2,4,10,6,3,2,4,31,-10.0,26.0,Poor,🔥 COILED: Stay away,31,0.0,0.0,0.0,50.0,0,,nan,nan,0.0
FSPXX,Fidelity California Municipal Trust II - Fidelity California AMT Tax-Free Money Market Fund,1,2,4,10,6,3,2,4,31,-10.0,26.0,Poor,🔥 COILED: Stay away,31,0.0,0.0,0.0,50.0,0,,nan,nan,0.0
FSRXX,Fidelity Newbury Street Trust - Treasury Fund,1,2,4,10,6,3,2,4,31,-10.0,26.0,Poor,🔥 COILED: Stay away,31,0.0,0.0,0.0,50.0,0,,nan,nan,0.0
FSXXX,Fidelity Colchester Street Trust - Tax-Exempt Portfolio,1,2,4,10,6,3,2,4,31,-10.0,26.0,Poor,🔥 COILED: Stay away,31,0.0,0.0,0.0,50.0,0,,nan,nan,0.0
FTAXX,First American Funds Inc. - Retail Tax Free Obligations Fund,1,2,4,10,6,3,2,4,31,-10.0,26.0,Poor,🔥 COILED: Stay away,31,0.0,0.0,0.0,50.0,0,,nan,nan,0.0
FTCXX,Fidelity Colchester Street Trust - Tax-Exempt Portfolio,1,2,4,10,6,3,2,4,31,-10.0,26.0,Poor,🔥 COILED: Stay away,31,0.0,0.0,0.0,50.0,0,,nan,nan,0.0
FTFXX,Money Market Obligations Trust - Federated Institutional Tax-Free Cash Trust,1,2,4,10,6,3,2,4,31,-10.0,26.0,Poor,🔥 COILED: Stay away,31,0.0,0.0,0.0,50.0,0,,nan,nan,0.0
FTDXX,First American Funds Inc. - Treasury Obligations Fund,1,2,4,10,6,3,2,4,31,-10.0,26.0,Poor,🔥 COILED: Stay away,31,0.0,0.0,0.0,50.0,0,,nan,nan,0.0
FTGXX,First American Funds Inc. - Government Obligations Fund,1,2,4,10,6,3,2,4,31,-10.0,26.0,Poor,🔥 COILED: Stay away,31,0.0,0.0,0.0,50.0,0,,nan,nan,0.0
FTJXX,First American Funds Inc. - Retail Tax Free Obligations Fund,1,2,4,10,6,3,2,4,31,-10.0,26.0,Poor,🔥 COILED: Stay away,31,0.0,0.0,0.0,50.0,0,,nan,nan,0.0
FTKXX,First American Funds Inc. - U.S. Treasury Money Market Fund,1,2,4,10,6,3,2,4,31,-10.0,26.0,Poor,🔥 COILED: Stay away,31,0.0,0.0,0.0,50.0,0,,nan,nan,0.0
FTTXX,Fifth Third Funds - Fifth Third US Treasury Money Market Fund,1,2,4,10,6,3,2,4,31,-10.0,26.0,Poor,🔥 COILED: Stay away,31,0.0,0.0,0.0,50.0,0,,nan,nan,0.0
FTOXX,Goldman Sachs Trust - Goldman Sachs Financial Square Treasury Obligations Fund,1,2,4,10,6,3,2,4,31,-10.0,26.0,Poor,🔥 COILED: Stay away,31,0.0,0.0,0.0,50.0,0,,nan,nan,0.0
FTQXX,Franklin U.S. Government Money Fund,1,2,4,10,6,3,2,4,31,-10.0,26.0,Poor,🔥 COILED: Stay away,31,0.0,0.0,0.0,50.0,0,,nan,nan,0.0
FTVXX,Fidelity Colchester Street Trust - Treasury Portfolio,1,2,4,10,6,3,2,4,31,-10.0,26.0,Poor,🔥 COILED: Stay away,31,0.0,0.0,0.0,50.0,0,,nan,nan,0.0
FTUXX,Fidelity Colchester Street Trust - Treasury Portfolio,1,2,4,10,6,3,2,4,31,-10.0,26.0,Poor,🔥 COILED: Stay away,31,0.0,0.0,0.0,50.0,0,,nan,nan,0.0
FTZXX,First American Funds Inc. - Retail Tax Free Obligations Fund,1,2,4,10,6,3,2,4,31,-10.0,26.0,Poor,🔥 COILED: Stay away,31,0.0,0.0,0.0,50.0,0,,nan,nan,0.0
FTXXX,Goldman Sachs Trust - Goldman Sachs Investor Tax-Exempt Money Market Fund,1,2,4,10,6,3,2,4,31,-10.0,26.0,Poor,🔥 COILED: Stay away,31,0.0,0.0,0.0,50.0,0,,nan,nan,0.0
FTYXX,Fidelity Colchester Street Trust - Treasury Only Portfolio,1,2,4,10,6,3,2,4,31,-10.0,26.0,Poor,🔥 COILED: Stay away,31,0.0,0.0,0.0,50.0,0,,nan,nan,0.0
FUGXX,Invesco Treasurers Series Trust - Invesco Premier U.S. Government Money Portfolio,1,2,4,10,6,3,2,4,31,-10.0,26.0,Poor,🔥 COILED: Stay away,31,0.0,0.0,0.0,50.0,0,,nan,nan,0.0
FUIXX,First American Funds Inc. - U.S. Treasury Money Market Fund,1,2,4,10,6,3,2,4,31,-10.0,26.0,Poor,🔥 COILED: Stay away,31,0.0,0.0,0.0,50.0,0,,nan,nan,0.0
FUPXX,First American Funds Inc. - Treasury Obligations Fund,1,2,4,10,6,3,2,4,31,-10.0,26.0,Poor,🔥 COILED: Stay away,31,0.0,0.0,0.0,50.0,0,,nan,nan,0.0
FUZXX,First American Funds Inc. - Treasury Obligations Fund,1,2,4,10,6,3,2,4,31,-10.0,26.0,Poor,🔥 COILED: Stay away,31,0.0,0.0,0.0,50.0,0,,nan,nan,0.0
FVAXX,Goldman Sachs Trust - Goldman Sachs Financial Square Federal Fund,1,2,4,10,6,3,2,4,31,-10.0,26.0,Poor,🔥 COILED: Stay away,31,0.0,0.0,0.0,50.0,0,,nan,nan,0.0
FXRXX,First American Funds Inc. - U.S. Treasury Money Market Fund,1,2,4,10,6,3,2,4,31,-10.0,26.0,Poor,🔥 COILED: Stay away,31,0.0,0.0,0.0,50.0,0,,nan,nan,0.0
FVIXX,First American Funds Inc. - Government Obligations Fund,1,2,4,10,6,3,2,4,31,-10.0,26.0,Poor,🔥 COILED: Stay away,31,0.0,0.0,0.0,50.0,0,,nan,nan,0.0
FVSXX,Goldman Sachs Trust - Goldman Sachs Financial Square Federal Fund,1,2,4,10,6,3,2,4,31,-10.0,26.0,Poor,🔥 COILED: Stay away,31,0.0,0.0,0.0,50.0,0,,nan,nan,0.0
FYRXX,First American Funds Inc. - Retail Prime Obligations Fund,1,2,4,10,6,3,2,4,31,-10.0,26.0,Poor,🔥 COILED: Stay away,31,0.0,0.0,0.0,50.0,0,,nan,nan,0.0
FYAXX,Goldman Sachs Trust - Goldman Sachs Financial Square Treasury Obligations Fund,1,2,4,10,6,3,2,4,31,-10.0,26.0,Poor,🔥 COILED: Stay away,31,0.0,0.0,0.0,50.0,0,,nan,nan,0.0
FYSXX,Goldman Sachs Trust - Goldman Sachs Financial Square Treasury Instruments Fund,1,2,4,10,6,3,2,4,31,-10.0,26.0,Poor,🔥 COILED: Stay away,31,0.0,0.0,0.0,50.0,0,,nan,nan,0.0
FZAXX,Fidelity Hereford Street Trust - Fidelity Government Money Market Fund,1,2,4,10,6,3,2,4,31,-10.0,26.0,Poor,🔥 COILED: Stay away,31,0.0,0.0,0.0,50.0,0,,nan,nan,0.0
FZBXX,Fidelity Hereford Street Trust - Fidelity Government Money Market Fund,1,2,4,10,6,3,2,4,31,-10.0,26.0,Poor,🔥 COILED: Stay away,31,0.0,0.0,0.0,50.0,0,,nan,nan,0.0
FZGXX,Fidelity Hereford Street Trust - Fidelity Government Money Market Fund,1,2,4,10,6,3,2,4,31,-10.0,26.0,Poor,🔥 COILED: Stay away,31,0.0,0.0,0.0,50.0,0,,nan,nan,0.0
FZFXX,Fidelity Newbury Street Trust - Treasury Fund,1,2,4,10,6,3,2,4,31,-10.0,26.0,Poor,🔥 COILED: Stay away,31,0.0,0.0,0.0,50.0,0,,nan,nan,0.0
GABXX,The Gabelli Money Market Funds - The Gabelli U.S. Treasury Money Market Fund,1,2,4,10,6,3,2,4,31,-10.0,26.0,Poor,🔥 COILED: Stay away,31,0.0,0.0,0.0,50.0,0,,nan,nan,0.0
GBAXX,The Gabelli Money Market Funds - The Gabelli U.S. Treasury Money Market Fund,1,2,4,10,6,3,2,4,31,-10.0,26.0,Poor,🔥 COILED: Stay away,31,0.0,0.0,0.0,50.0,0,,nan,nan,0.0
FZRXX,First American Funds Inc. - Retail Prime Obligations Fund,1,2,4,10,6,3,2,4,31,-10.0,26.0,Poor,🔥 COILED: Stay away,31,0.0,0.0,0.0,50.0,0,,nan,nan,0.0
GBCXX,The Gabelli Money Market Funds - The Gabelli U.S. Treasury Money Market Fund,1,2,4,10,6,3,2,4,31,-10.0,26.0,Poor,🔥 COILED: Stay away,31,0.0,0.0,0.0,50.0,0,,nan,nan,0.0
GCFXX,Goldman Sachs Trust - Goldman Sachs Financial Square Federal Fund,1,2,4,10,6,3,2,4,31,-10.0,26.0,Poor,🔥 COILED: Stay away,31,0.0,0.0,0.0,50.0,0,,nan,nan,0.0
GCIXX,Goldman Sachs Trust - Goldman Sachs Financial Square Treasury Instruments Fund,1,2,4,10,6,3,2,4,31,-10.0,26.0,Poor,🔥 COILED: Stay away,31,0.0,0.0,0.0,50.0,0,,nan,nan,0.0
GCGXX,Goldman Sachs Trust - Goldman Sachs Financial Square Government Fund,1,2,4,10,6,3,2,4,31,-10.0,26.0,Poor,🔥 COILED: Stay away,31,0.0,0.0,0.0,50.0,0,,nan,nan,0.0
GCTXX,Goldman Sachs Trust - Goldman Sachs Financial Square Treasury Obligations Fund,1,2,4,10,6,3,2,4,31,-10.0,26.0,Poor,🔥 COILED: Stay away,31,0.0,0.0,0.0,50.0,0,,nan,nan,0.0
GFAXX,SEI Daily Income Trust - Government Fund,1,2,4,10,6,3,2,4,31,-10.0,26.0,Poor,🔥 COILED: Stay away,31,0.0,0.0,0.0,50.0,0,,nan,nan,0.0
GFCXX,Goldman Sachs Trust - Goldman Sachs Financial Square Federal Fund,1,2,4,10,6,3,2,4,31,-10.0,26.0,Poor,🔥 COILED: Stay away,31,0.0,0.0,0.0,50.0,0,,nan,nan,0.0
GFPXX,Goldman Sachs Trust - Goldman Sachs Financial Square Federal Fund,1,2,4,10,6,3,2,4,31,-10.0,26.0,Poor,🔥 COILED: Stay away,31,0.0,0.0,0.0,50.0,0,,nan,nan,0.0
GIPXX,Goldman Sachs Trust - Goldman Sachs Financial Square Treasury Instruments Fund,1,2,4,10,6,3,2,4,31,-10.0,26.0,Poor,🔥 COILED: Stay away,31,0.0,0.0,0.0,50.0,0,,nan,nan,0.0
GICXX,Goldman Sachs Trust - Goldman Sachs Financial Square Treasury Instruments Fund,1,2,4,10,6,3,2,4,31,-10.0,26.0,Poor,🔥 COILED: Stay away,31,0.0,0.0,0.0,50.0,0,,nan,nan,0.0
GGPXX,Goldman Sachs Trust - Goldman Sachs Financial Square Government Fund,1,2,4,10,6,3,2,4,31,-10.0,26.0,Poor,🔥 COILED: Stay away,31,0.0,0.0,0.0,50.0,0,,nan,nan,0.0
GMBXX,General Money Market Fund Inc.,1,2,4,10,6,3,2,4,31,-10.0,26.0,Poor,🔥 COILED: Stay away,31,0.0,0.0,0.0,50.0,0,,nan,nan,0.0
GMCXX,AIM Investment Secs Fds (Invesco Invt Secs Fds) - Invesco U.S. Government Money Portfolio,1,2,4,10,6,3,2,4,31,-10.0,26.0,Poor,🔥 COILED: Stay away,31,0.0,0.0,0.0,50.0,0,,nan,nan,0.0
GMGXX,General Money Market Fund Inc.,1,2,4,10,6,3,2,4,31,-10.0,26.0,Poor,🔥 COILED: Stay away,31,0.0,0.0,0.0,50.0,0,,nan,nan,0.0
GMLXX,AIM Investment Secs Fds (Invesco Invt Secs Fds) - Invesco U.S. Government Money Portfolio,1,2,4,10,6,3,2,4,31,-10.0,26.0,Poor,🔥 COILED: Stay away,31,0.0,0.0,0.0,50.0,0,,nan,nan,0.0
GMIXX,Nationwide Mutual Funds - Nationwide Money Market Fund,1,2,4,10,6,3,2,4,31,-10.0,26.0,Poor,🔥 COILED: Stay away,31,0.0,0.0,0.0,50.0,0,,nan,nan,0.0
GMOXX,AB Fixed-Income Shares Inc. - AB Government Money Market Portfolio,1,2,4,10,6,3,2,4,31,-10.0,26.0,Poor,🔥 COILED: Stay away,31,0.0,0.0,0.0,50.0,0,,nan,nan,0.0
GMMXX,General Money Market Fund Inc.,1,2,4,10,6,3,2,4,31,-10.0,26.0,Poor,🔥 COILED: Stay away,31,0.0,0.0,0.0,50.0,0,,nan,nan,0.0
GMQXX,AIM Investment Secs Fds (Invesco Invt Secs Fds) - Invesco U.S. Government Money Portfolio,1,2,4,10,6,3,2,4,31,-10.0,26.0,Poor,🔥 COILED: Stay away,31,0.0,0.0,0.0,50.0,0,,nan,nan,0.0
GMYXX,GuideStone Funds - Money Market Fund,1,2,4,10,6,3,2,4,31,-10.0,26.0,Poor,🔥 COILED: Stay away,31,0.0,0.0,0.0,50.0,0,,nan,nan,0.0
GMRXX,AIM Investment Secs Fds (Invesco Invt Secs Fds) - Invesco U.S. Government Money Portfolio,1,2,4,10,6,3,2,4,31,-10.0,26.0,Poor,🔥 COILED: Stay away,31,0.0,0.0,0.0,50.0,0,,nan,nan,0.0
GMZXX,GuideStone Funds - Money Market Fund,1,2,4,10,6,3,2,4,31,-10.0,26.0,Poor,🔥 COILED: Stay away,31,0.0,0.0,0.0,50.0,0,,nan,nan,0.0
GOAXX,Money Market Obligations Trust - Federated Hermes Government Obligations Tax-Managed Fund,1,2,4,10,6,3,2,4,31,-10.0,26.0,Poor,🔥 COILED: Stay away,31,0.0,0.0,0.0,50.0,0,,nan,nan,0.0
GOFXX,Money Market Obligations Trust - Federated Government Obligations Fund,1,2,4,10,6,3,2,4,31,-10.0,26.0,Poor,🔥 COILED: Stay away,31,0.0,0.0,0.0,50.0,0,,nan,nan,0.0
GOTXX,Money Market Obligations Trust - Federated Hermes Government Obligations Tax-Managed Fund,1,2,4,10,6,3,2,4,31,-10.0,26.0,Poor,🔥 COILED: Stay away,31,0.0,0.0,0.0,50.0,0,,nan,nan,0.0
GOVXX,Money Market Obligations Trust - Federated Government Obligations Fund,1,2,4,10,6,3,2,4,31,-10.0,26.0,Poor,🔥 COILED: Stay away,31,0.0,0.0,0.0,50.0,0,,nan,nan,0.0
GOIXX,Federated Hermes Govt Obl IS,1,2,4,10,6,3,2,4,31,-10.0,26.0,Poor,🔥 COILED: Stay away,31,0.0,0.0,0.0,50.0,0,,nan,nan,0.0
GPFXX,Goldman Sachs Trust - Goldman Sachs Financial Square Federal Fund,1,2,4,10,6,3,2,4,31,-10.0,26.0,Poor,🔥 COILED: Stay away,31,0.0,0.0,0.0,50.0,0,,nan,nan,0.0
GPGXX,Goldman Sachs Trust - Goldman Sachs Financial Square Government Fund,1,2,4,10,6,3,2,4,31,-10.0,26.0,Poor,🔥 COILED: Stay away,31,0.0,0.0,0.0,50.0,0,,nan,nan,0.0
GPOXX,Goldman Sachs Trust - Goldman Sachs Financial Square Treasury Obligations Fund,1,2,4,10,6,3,2,4,31,-10.0,26.0,Poor,🔥 COILED: Stay away,31,0.0,0.0,0.0,50.0,0,,nan,nan,0.0
GPIXX,Goldman Sachs Trust - Goldman Sachs Financial Square Treasury Instruments Fund,1,2,4,10,6,3,2,4,31,-10.0,26.0,Poor,🔥 COILED: Stay away,31,0.0,0.0,0.0,50.0,0,,nan,nan,0.0
GPTXX,Goldman Sachs Trust - Goldman Sachs Investor Tax-Exempt Money Market Fund,1,2,4,10,6,3,2,4,31,-10.0,26.0,Poor,🔥 COILED: Stay away,31,0.0,0.0,0.0,50.0,0,,nan,nan,0.0
GPVXX,Short-Term Investment Trust - Invesco Government & Agency Portfolio,1,2,4,10,6,3,2,4,31,-10.0,26.0,Poor,🔥 COILED: Stay away,31,0.0,0.0,0.0,50.0,0,,nan,nan,0.0
GRCXX,Money Market Obligations Trust - Federated Hermes Government Reserves Fund,1,2,4,10,6,3,2,4,31,-10.0,26.0,Poor,🔥 COILED: Stay away,31,0.0,0.0,0.0,50.0,0,,nan,nan,0.0
GRAXX,Money Market Obligations Trust - Federated Hermes Government Reserves Fund,1,2,4,10,6,3,2,4,31,-10.0,26.0,Poor,🔥 COILED: Stay away,31,0.0,0.0,0.0,50.0,0,,nan,nan,0.0
GRFXX,Money Market Obligations Trust - Federated Hermes Government Reserves Fund,1,2,4,10,6,3,2,4,31,-10.0,26.0,Poor,🔥 COILED: Stay away,31,0.0,0.0,0.0,50.0,0,,nan,nan,0.0
GRGXX,Money Market Obligations Trust - Federated Hermes Government Reserves Fund,1,2,4,10,6,3,2,4,31,-10.0,26.0,Poor,🔥 COILED: Stay away,31,0.0,0.0,0.0,50.0,0,,nan,nan,0.0
GSFXX,Goldman Sachs Trust - Goldman Sachs Financial Square Federal Fund,1,2,4,10,6,3,2,4,31,-10.0,26.0,Poor,🔥 COILED: Stay away,31,0.0,0.0,0.0,50.0,0,,nan,nan,0.0
GSGXX,Goldman Sachs Trust - Goldman Sachs Financial Square Government Fund,1,2,4,10,6,3,2,4,31,-10.0,26.0,Poor,🔥 COILED: Stay away,31,0.0,0.0,0.0,50.0,0,,nan,nan,0.0
GSOXX,Goldman Sachs Trust - Goldman Sachs Financial Square Treasury Obligations Fund,1,2,4,10,6,3,2,4,31,-10.0,26.0,Poor,🔥 COILED: Stay away,31,0.0,0.0,0.0,50.0,0,,nan,nan,0.0
GSIXX,Goldman Sachs Trust - Goldman Sachs Financial Square Treasury Instruments Fund,1,2,4,10,6,3,2,4,31,-10.0,26.0,Poor,🔥 COILED: Stay away,31,0.0,0.0,0.0,50.0,0,,nan,nan,0.0
GTOXX,Goldman Sachs Trust - Goldman Sachs Financial Square Treasury Obligations Fund,1,2,4,10,6,3,2,4,31,-10.0,26.0,Poor,🔥 COILED: Stay away,31,0.0,0.0,0.0,50.0,0,,nan,nan,0.0
GTPXX,Goldman Sachs Trust - Goldman Sachs Financial Square Treasury Obligations Fund,1,2,4,10,6,3,2,4,31,-10.0,26.0,Poor,🔥 COILED: Stay away,31,0.0,0.0,0.0,50.0,0,,nan,nan,0.0
GTRXX,Goldman Sachs Trust - Goldman Sachs Financial Square Treasury Obligations Fund,1,2,4,10,6,3,2,4,31,-10.0,26.0,Poor,🔥 COILED: Stay away,31,0.0,0.0,0.0,50.0,0,,nan,nan,0.0
GTSXX,Money Market Obligations Trust - Federated Hermes Government Obligations Tax-Managed Fund,1,2,4,10,6,3,2,4,31,-10.0,26.0,Poor,🔥 COILED: Stay away,31,0.0,0.0,0.0,50.0,0,,nan,nan,0.0
GVCXX,Goldman Sachs Trust - Goldman Sachs Financial Square Government Fund,1,2,4,10,6,3,2,4,31,-10.0,26.0,Poor,🔥 COILED: Stay away,31,0.0,0.0,0.0,50.0,0,,nan,nan,0.0
GVIXX,Allspring Funds Trust - Allspring Government Money Market Fund,1,2,4,10,6,3,2,4,31,-10.0,26.0,Poor,🔥 COILED: Stay away,31,0.0,0.0,0.0,50.0,0,,nan,nan,0.0
GVRXX,Goldman Sachs Trust - Goldman Sachs Financial Square Government Fund,1,2,4,10,6,3,2,4,31,-10.0,26.0,Poor,🔥 COILED: Stay away,31,0.0,0.0,0.0,50.0,0,,nan,nan,0.0
GVVXX,State Street Master Funds - State Street U.S. Government Money Market Portfolio,1,2,4,10,6,3,2,4,31,-10.0,26.0,Poor,🔥 COILED: Stay away,31,0.0,0.0,0.0,50.0,0,,nan,nan,0.0
GVSXX,State Street Insti U.S. Government Money Market Fd Service Class,1,2,4,10,6,3,2,4,31,-10.0,26.0,Poor,🔥 COILED: Stay away,31,0.0,0.0,0.0,50.0,0,,nan,nan,0.0
HBIXX,HSBC Funds - HSBC U.S. Treasury Money Market Fund,1,2,4,10,6,3,2,4,31,-10.0,26.0,Poor,🔥 COILED: Stay away,31,0.0,0.0,0.0,50.0,0,,nan,nan,0.0
HDIXX,Homestead Funds Inc. - Daily Income Fund,1,2,4,10,6,3,2,4,31,-10.0,26.0,Poor,🔥 COILED: Stay away,31,0.0,0.0,0.0,50.0,0,,nan,nan,0.0
HGDXX,HSBC Funds - HSBC U.S. Government Money Market Fund,1,2,4,10,6,3,2,4,31,-10.0,26.0,Poor,🔥 COILED: Stay away,31,0.0,0.0,0.0,50.0,0,,nan,nan,0.0
HGFXX,HSBC Funds - HSBC U.S. Government Money Market Fund,1,2,4,10,6,3,2,4,31,-10.0,26.0,Poor,🔥 COILED: Stay away,31,0.0,0.0,0.0,50.0,0,,nan,nan,0.0
HGGXX,HSBC Funds - HSBC U.S. Government Money Market Fund,1,2,4,10,6,3,2,4,31,-10.0,26.0,Poor,🔥 COILED: Stay away,31,0.0,0.0,0.0,50.0,0,,nan,nan,0.0
HGIXX,HSBC Funds - HSBC U.S. Government Money Market Fund,1,2,4,10,6,3,2,4,31,-10.0,26.0,Poor,🔥 COILED: Stay away,31,0.0,0.0,0.0,50.0,0,,nan,nan,0.0
HTDXX,HSBC Funds - HSBC U.S. Treasury Money Market Fund,1,2,4,10,6,3,2,4,31,-10.0,26.0,Poor,🔥 COILED: Stay away,31,0.0,0.0,0.0,50.0,0,,nan,nan,0.0
HTGXX,HSBC Funds - HSBC U.S. Treasury Money Market Fund,1,2,4,10,6,3,2,4,31,-10.0,26.0,Poor,🔥 COILED: Stay away,31,0.0,0.0,0.0,50.0,0,,nan,nan,0.0
HTFXX,HSBC Funds - HSBC U.S. Treasury Money Market Fund,1,2,4,10,6,3,2,4,31,-10.0,26.0,Poor,🔥 COILED: Stay away,31,0.0,0.0,0.0,50.0,0,,nan,nan,0.0
IATXX,Transamerica Funds - Transamerica Government Money Market,1,2,4,10,6,3,2,4,31,-10.0,26.0,Poor,🔥 COILED: Stay away,31,0.0,0.0,0.0,50.0,0,,nan,nan,0.0
HTYXX,HSBC Funds - HSBC U.S. Treasury Money Market Fund,1,2,4,10,6,3,2,4,31,-10.0,26.0,Poor,🔥 COILED: Stay away,31,0.0,0.0,0.0,50.0,0,,nan,nan,0.0
ICTXX,Investors Cash Trust - DWS Treasury Portfolio,1,2,4,10,6,3,2,4,31,-10.0,26.0,Poor,🔥 COILED: Stay away,31,0.0,0.0,0.0,50.0,0,,nan,nan,0.0
ICAXX,DWS Government Money Market Series - Institutional,1,2,4,10,6,3,2,4,31,-10.0,26.0,Poor,🔥 COILED: Stay away,31,0.0,0.0,0.0,50.0,0,,nan,nan,0.0
IMLXX,Transamerica Funds - Transamerica Government Money Market,1,2,4,10,6,3,2,4,31,-10.0,26.0,Poor,🔥 COILED: Stay away,31,0.0,0.0,0.0,50.0,0,,nan,nan,0.0
IMRXX,AIM Treasurer's Series Trust (Invesco Treasurer's Series Trust) - Invesco Premier Portfolio,1,2,4,10,6,3,2,4,31,-10.0,26.0,Poor,🔥 COILED: Stay away,31,0.0,0.0,0.0,50.0,0,,nan,nan,0.0
INAXX,AIM Investment Securities Funds (Invesco Investment Securities Funds) - Government Money Market Fund,1,2,4,10,6,3,2,4,31,-10.0,26.0,Poor,🔥 COILED: Stay away,31,0.0,0.0,0.0,50.0,0,,nan,nan,0.0
INVXX,AIM Investment Securities Funds (Invesco Investment Securities Funds) - Government Money Market Fund,1,2,4,10,6,3,2,4,31,-10.0,26.0,Poor,🔥 COILED: Stay away,31,0.0,0.0,0.0,50.0,0,,nan,nan,0.0
INGXX,Legg Mason Partners Institutional Trust - Western Asset Institutional Government Reserves,1,2,4,10,6,3,2,4,31,-10.0,26.0,Poor,🔥 COILED: Stay away,31,0.0,0.0,0.0,50.0,0,,nan,nan,0.0
IPTXX,AIM Treasurer's Series Trust (Invesco Treasurer's Series Trust) - Invesco Premier Portfolio,1,2,4,10,6,3,2,4,31,-10.0,26.0,Poor,🔥 COILED: Stay away,31,0.0,0.0,0.0,50.0,0,,nan,nan,0.0
IPPXX,AIM Treasurer's Series Trust (Invesco Treasurer's Series Trust) - Invesco Premier Portfolio,1,2,4,10,6,3,2,4,31,-10.0,26.0,Poor,🔥 COILED: Stay away,31,0.0,0.0,0.0,50.0,0,,nan,nan,0.0
IPVXX,AIM Treasurer's Series Trust (Invesco Treasurer's Series Trust) - Invesco Premier Portfolio,1,2,4,10,6,3,2,4,31,-10.0,26.0,Poor,🔥 COILED: Stay away,31,0.0,0.0,0.0,50.0,0,,nan,nan,0.0
IRVXX,AIM Treasurer's Series Trust (Invesco Treasurer's Series Trust) - Invesco Premier Portfolio,1,2,4,10,6,3,2,4,31,-10.0,26.0,Poor,🔥 COILED: Stay away,31,0.0,0.0,0.0,50.0,0,,nan,nan,0.0
IRCXX,AIM Treasurer's Series Trust (Invesco Treasurer's Series Trust) - Invesco Premier Portfolio,1,2,4,10,6,3,2,4,31,-10.0,26.0,Poor,🔥 COILED: Stay away,31,0.0,0.0,0.0,50.0,0,,nan,nan,0.0
ITVXX,Investors Cash Trust - DWS Treasury Portfolio,1,2,4,10,6,3,2,4,31,-10.0,26.0,Poor,🔥 COILED: Stay away,31,0.0,0.0,0.0,50.0,0,,nan,nan,0.0
ISSXX,Federated Private Liquidity Funds-Prime Private Liquidity Fund,1,2,4,10,6,3,2,4,31,-10.0,26.0,Poor,🔥 COILED: Stay away,31,0.0,0.0,0.0,50.0,0,,nan,nan,0.0
JAMXX,Janus Investment Fund - Janus Money Market Fund,1,2,4,10,6,3,2,4,31,-10.0,26.0,Poor,🔥 COILED: Stay away,31,0.0,0.0,0.0,50.0,0,,nan,nan,0.0
IUSXX,Treasury Portfolio - Deutsche U.S. Treasury Money Fund,1,2,4,10,6,3,2,4,31,-10.0,26.0,Poor,🔥 COILED: Stay away,31,0.0,0.0,0.0,50.0,0,,nan,nan,0.0
JHOXX,John Hancock Variable Insurance Trust - Money Market Trust,1,2,4,10,6,3,2,4,31,-10.0,26.0,Poor,🔥 COILED: Stay away,31,0.0,0.0,0.0,50.0,0,,nan,nan,0.0
IVMXX,Voya Government Money Market Portfolio,1,2,4,10,6,3,2,4,31,-10.0,26.0,Poor,🔥 COILED: Stay away,31,0.0,0.0,0.0,50.0,0,,nan,nan,0.0
JMCXX,John Hancock Money Market Fund Class C,1,2,4,10,6,3,2,4,31,-10.0,26.0,Poor,🔥 COILED: Stay away,31,0.0,0.0,0.0,50.0,0,,nan,nan,0.0
JNMXX,Janus Investment Fund - Janus Money Market Fund,1,2,4,10,6,3,2,4,31,-10.0,26.0,Poor,🔥 COILED: Stay away,31,0.0,0.0,0.0,50.0,0,,nan,nan,0.0
KMMXX,DWS Money Market Prime Series - DWS Money Market Fund,1,2,4,10,6,3,2,4,31,-10.0,26.0,Poor,🔥 COILED: Stay away,31,0.0,0.0,0.0,50.0,0,,nan,nan,0.0
LACXX,Lord Abbett U.S. Govt & Govt Sponsored Enterprises Money Mkt Fd Inc.,1,2,4,10,6,3,2,4,31,-10.0,26.0,Poor,🔥 COILED: Stay away,31,0.0,0.0,0.0,50.0,0,,nan,nan,0.0
LAIXX,Legg Mason Partners Institutional Trust - U.S. Treasury Obligations Money Market Fund,1,2,4,10,6,3,2,4,31,-10.0,26.0,Poor,🔥 COILED: Stay away,31,0.0,0.0,0.0,50.0,0,,nan,nan,0.0
LAOXX,Legg Mason Partners Institutional Trust - U.S. Treasury Obligations Money Market Fund,1,2,4,10,6,3,2,4,31,-10.0,26.0,Poor,🔥 COILED: Stay away,31,0.0,0.0,0.0,50.0,0,,nan,nan,0.0
LAYXX,Lord Abbett U.S. Govt & Govt Sponsored Entpr MMkt Fd Cl I,1,2,4,10,6,3,2,4,31,-10.0,26.0,Poor,🔥 COILED: Stay away,31,0.0,0.0,0.0,50.0,0,,nan,nan,0.0
LCCXX,Lord Abbett U.S. Government & Government Sponsored Enterprises Money Market Fund,1,2,4,10,6,3,2,4,31,-10.0,26.0,Poor,🔥 COILED: Stay away,31,0.0,0.0,0.0,50.0,0,,nan,nan,0.0
LGRXX,Legg Mason Partners Institutional Trust - Western Asset Institutional Government Reserves,1,2,4,10,6,3,2,4,31,-10.0,26.0,Poor,🔥 COILED: Stay away,31,0.0,0.0,0.0,50.0,0,,nan,nan,0.0
LUIXX,Legg Mason Partners Institutional Trust - U.S. Treasury Obligations Money Market Fund,1,2,4,10,6,3,2,4,31,-10.0,26.0,Poor,🔥 COILED: Stay away,31,0.0,0.0,0.0,50.0,0,,nan,nan,0.0
LTRXX,Legg Mason Partners Institutional Trust - Western Asset Institutional U.S. Treasury Reserves,1,2,4,10,6,3,2,4,31,-10.0,26.0,Poor,🔥 COILED: Stay away,31,0.0,0.0,0.0,50.0,0,,nan,nan,0.0
LWPXX,Legg Mason Partners Institutional Trust - Western Asset Institutional Government Reserves,1,2,4,10,6,3,2,4,31,-10.0,26.0,Poor,🔥 COILED: Stay away,31,0.0,0.0,0.0,50.0,0,,nan,nan,0.0
MAAXX,Money Market Fund,1,2,4,10,6,3,2,4,31,-10.0,26.0,Poor,🔥 COILED: Stay away,31,0.0,0.0,0.0,50.0,0,,nan,nan,0.0
MAMXX,Morgan Stanley Institutional Liquidity Funds - Treasury Securities Portfolio,1,2,4,10,6,3,2,4,31,-10.0,26.0,Poor,🔥 COILED: Stay away,31,0.0,0.0,0.0,50.0,0,,nan,nan,0.0
MAOXX,Morgan Stanley Institutional Liquidity Funds - Treasury Portfolio,1,2,4,10,6,3,2,4,31,-10.0,26.0,Poor,🔥 COILED: Stay away,31,0.0,0.0,0.0,50.0,0,,nan,nan,0.0
MAYXX,Morgan Stanley Institutional Liquidity Funds -  Government Portfolio,1,2,4,10,6,3,2,4,31,-10.0,26.0,Poor,🔥 COILED: Stay away,31,0.0,0.0,0.0,50.0,0,,nan,nan,0.0
MCCXX,MFS Series Trust I - MFS U.S. Government Cash Reserve Fund,1,2,4,10,6,3,2,4,31,-10.0,26.0,Poor,🔥 COILED: Stay away,31,0.0,0.0,0.0,50.0,0,,nan,nan,0.0
MCDXX,BlackRock Liquidity Funds - MuniCash,1,2,4,10,6,3,2,4,31,-10.0,26.0,Poor,🔥 COILED: Stay away,31,0.0,0.0,0.0,50.0,0,,nan,nan,0.0
MCBXX,BlackRock Financial Institutions Series Trust - BlackRock Summit Cash Reserves Fund,1,2,4,10,6,3,2,4,31,-10.0,26.0,Poor,🔥 COILED: Stay away,31,0.0,0.0,0.0,50.0,0,,nan,nan,0.0
MCHXX,Morgan Stanley Institutional Liquidity Funds - Government Securities Portfolio,1,2,4,10,6,3,2,4,31,-10.0,26.0,Poor,🔥 COILED: Stay away,31,0.0,0.0,0.0,50.0,0,,nan,nan,0.0
MCPXX,BlackRock Liquidity Funds MuniCash - Capital,1,2,4,10,6,3,2,4,31,-10.0,26.0,Poor,🔥 COILED: Stay away,31,0.0,0.0,0.0,50.0,0,,nan,nan,0.0
MCMXX,MFS Series Trust IV - MFS U.S. Government Money Market Fund,1,2,4,10,6,3,2,4,31,-10.0,26.0,Poor,🔥 COILED: Stay away,31,0.0,0.0,0.0,50.0,0,,nan,nan,0.0
MCRXX,MFS Series Trust I - MFS U.S. Government Cash Reserve Fund,1,2,4,10,6,3,2,4,31,-10.0,26.0,Poor,🔥 COILED: Stay away,31,0.0,0.0,0.0,50.0,0,,nan,nan,0.0
MFCXX,Money Market Obligations Trust - Federated Municipal Obligations Fund,1,2,4,10,6,3,2,4,31,-10.0,26.0,Poor,🔥 COILED: Stay away,31,0.0,0.0,0.0,50.0,0,,nan,nan,0.0
MFSXX,Money Market Obligations Trust - Federated Municipal Obligations Fund,1,2,4,10,6,3,2,4,31,-10.0,26.0,Poor,🔥 COILED: Stay away,31,0.0,0.0,0.0,50.0,0,,nan,nan,0.0
MGOXX,Morgan Stanley Institutional Liquidity Funds -  Government Portfolio,1,2,4,10,6,3,2,4,31,-10.0,26.0,Poor,🔥 COILED: Stay away,31,0.0,0.0,0.0,50.0,0,,nan,nan,0.0
MGAXX,Morgan Stanley Institutional Liquidity Funds - Government Securities Portfolio,1,2,4,10,6,3,2,4,31,-10.0,26.0,Poor,🔥 COILED: Stay away,31,0.0,0.0,0.0,50.0,0,,nan,nan,0.0
MHSXX,Morgan Stanley Institutional Liquidity Funds - Treasury Portfolio,1,2,4,10,6,3,2,4,31,-10.0,26.0,Poor,🔥 COILED: Stay away,31,0.0,0.0,0.0,50.0,0,,nan,nan,0.0
MGPXX,Morgan Stanley Institutional Liquidity Funds - Government Securities Portfolio,1,2,4,10,6,3,2,4,31,-10.0,26.0,Poor,🔥 COILED: Stay away,31,0.0,0.0,0.0,50.0,0,,nan,nan,0.0
MGSXX,Morgan Stanley Institutional Liquidity Funds -  Government Portfolio,1,2,4,10,6,3,2,4,31,-10.0,26.0,Poor,🔥 COILED: Stay away,31,0.0,0.0,0.0,50.0,0,,nan,nan,0.0
MIFXX,Nationwide Mutual Funds - Nationwide Money Market Fund,1,2,4,10,6,3,2,4,31,-10.0,26.0,Poor,🔥 COILED: Stay away,31,0.0,0.0,0.0,50.0,0,,nan,nan,0.0
MIPXX,The MainStay Funds - MainStay Money Market Fund,1,2,4,10,6,3,2,4,31,-10.0,26.0,Poor,🔥 COILED: Stay away,31,0.0,0.0,0.0,50.0,0,,nan,nan,0.0
MJAXX,Prudential Government Money Market Fund Inc.,1,2,4,10,6,3,2,4,31,-10.0,26.0,Poor,🔥 COILED: Stay away,31,0.0,0.0,0.0,50.0,0,,nan,nan,0.0
MJLXX,JPMorgan Trust II - JPMorgan Liquid Assets Money Market Fund,1,2,4,10,6,3,2,4,31,-10.0,26.0,Poor,🔥 COILED: Stay away,31,0.0,0.0,0.0,50.0,0,,nan,nan,0.0
MJCXX,Prudential Government Money Market Fund Inc.,1,2,4,10,6,3,2,4,31,-10.0,26.0,Poor,🔥 COILED: Stay away,31,0.0,0.0,0.0,50.0,0,,nan,nan,0.0
MNVXX,Morgan Stanley Institutional Liquidity Funds - Treasury Securities Portfolio,1,2,4,10,6,3,2,4,31,-10.0,26.0,Poor,🔥 COILED: Stay away,31,0.0,0.0,0.0,50.0,0,,nan,nan,0.0
MMIXX,Wells Fargo Funds Trust - National Tax-Free Money Market Fund,1,2,4,10,6,3,2,4,31,-10.0,26.0,Poor,🔥 COILED: Stay away,31,0.0,0.0,0.0,50.0,0,,nan,nan,0.0
MOIXX,Money Market Obligations Trust - Federated Municipal Obligations Fund,1,2,4,10,6,3,2,4,31,-10.0,26.0,Poor,🔥 COILED: Stay away,31,0.0,0.0,0.0,50.0,0,,nan,nan,0.0
MODXX,Money Market Obligations Trust - Federated Municipal Obligations Fund,1,2,4,10,6,3,2,4,31,-10.0,26.0,Poor,🔥 COILED: Stay away,31,0.0,0.0,0.0,50.0,0,,nan,nan,0.0
MOFXX,Money Market Obligations Trust - Federated Municipal Obligations Fund,1,2,4,10,6,3,2,4,31,-10.0,26.0,Poor,🔥 COILED: Stay away,31,0.0,0.0,0.0,50.0,0,,nan,nan,0.0
MOSXX,Money Market Obligations Trust - Federated Municipal Obligations Fund,1,2,4,10,6,3,2,4,31,-10.0,26.0,Poor,🔥 COILED: Stay away,31,0.0,0.0,0.0,50.0,0,,nan,nan,0.0
MPCXX,Morgan Stanley Institutional Liquidity Funds -  Government Portfolio,1,2,4,10,6,3,2,4,31,-10.0,26.0,Poor,🔥 COILED: Stay away,31,0.0,0.0,0.0,50.0,0,,nan,nan,0.0
MOTXX,Money Market Obligations Trust - Federated Municipal Obligations Fund,1,2,4,10,6,3,2,4,31,-10.0,26.0,Poor,🔥 COILED: Stay away,31,0.0,0.0,0.0,50.0,0,,nan,nan,0.0
MPIXX,ProFunds - Money Market ProFund,1,2,4,10,6,3,2,4,31,-10.0,26.0,Poor,🔥 COILED: Stay away,31,0.0,0.0,0.0,50.0,0,,nan,nan,0.0
MPMXX,Morgan Stanley Institutional Liquidity Funds - Prime Portfolio,1,2,4,10,6,3,2,4,31,-10.0,26.0,Poor,🔥 COILED: Stay away,31,0.0,0.0,0.0,50.0,0,,nan,nan,0.0
MPRXX,Morgan Stanley Institutional Liquidity Funds - Treasury Securities Portfolio,1,2,4,10,6,3,2,4,31,-10.0,26.0,Poor,🔥 COILED: Stay away,31,0.0,0.0,0.0,50.0,0,,nan,nan,0.0
MPNXX,Morgan Stanley Institutional Liquidity Funds - Prime Portfolio,1,2,4,10,6,3,2,4,31,-10.0,26.0,Poor,🔥 COILED: Stay away,31,0.0,0.0,0.0,50.0,0,,nan,nan,0.0
MPSXX,ProFunds - Money Market ProFund,1,2,4,10,6,3,2,4,31,-10.0,26.0,Poor,🔥 COILED: Stay away,31,0.0,0.0,0.0,50.0,0,,nan,nan,0.0
MPVXX,Morgan Stanley Institutional Liquidity Funds - Prime Portfolio,1,2,4,10,6,3,2,4,31,-10.0,26.0,Poor,🔥 COILED: Stay away,31,0.0,0.0,0.0,50.0,0,,nan,nan,0.0
MREXX,Morgan Stanley Institutional Liquidity Funds - Treasury Portfolio,1,2,4,10,6,3,2,4,31,-10.0,26.0,Poor,🔥 COILED: Stay away,31,0.0,0.0,0.0,50.0,0,,nan,nan,0.0
MSCXX,The MainStay Funds - MainStay Money Market Fund,1,2,4,10,6,3,2,4,31,-10.0,26.0,Poor,🔥 COILED: Stay away,31,0.0,0.0,0.0,50.0,0,,nan,nan,0.0
MSAXX,BlackRock Summit Cash Reserves Fund Cl A,1,2,4,10,6,3,2,4,31,-10.0,26.0,Poor,🔥 COILED: Stay away,31,0.0,0.0,0.0,50.0,0,,nan,nan,0.0
MSDXX,Morgan Stanley Institutional Liquidity Funds -  Government Portfolio,1,2,4,10,6,3,2,4,31,-10.0,26.0,Poor,🔥 COILED: Stay away,31,0.0,0.0,0.0,50.0,0,,nan,nan,0.0
MSEXX,Morgan Stanley Institutional Liquidity Funds - Treasury Securities Portfolio,1,2,4,10,6,3,2,4,31,-10.0,26.0,Poor,🔥 COILED: Stay away,31,0.0,0.0,0.0,50.0,0,,nan,nan,0.0
MSGXX,Morgan Stanley Institutional Liquidity Funds -  Government Portfolio,1,2,4,10,6,3,2,4,31,-10.0,26.0,Poor,🔥 COILED: Stay away,31,0.0,0.0,0.0,50.0,0,,nan,nan,0.0
MSRXX,MFS Series Trust I - MFS U.S. Government Cash Reserve Fund,1,2,4,10,6,3,2,4,31,-10.0,26.0,Poor,🔥 COILED: Stay away,31,0.0,0.0,0.0,50.0,0,,nan,nan,0.0
MSSXX,Morgan Stanley Institutional Liquidity Funds - Treasury Securities Portfolio,1,2,4,10,6,3,2,4,31,-10.0,26.0,Poor,🔥 COILED: Stay away,31,0.0,0.0,0.0,50.0,0,,nan,nan,0.0
MSIXX,MainStay Funds Trust - Cash Reserves Sweeps Fund,1,2,4,10,6,3,2,4,31,-10.0,26.0,Poor,🔥 COILED: Stay away,31,0.0,0.0,0.0,50.0,0,,nan,nan,0.0
MSTXX,Morgan Stanley Institutional Liquidity Funds - Treasury Portfolio,1,2,4,10,6,3,2,4,31,-10.0,26.0,Poor,🔥 COILED: Stay away,31,0.0,0.0,0.0,50.0,0,,nan,nan,0.0
MSUXX,Morgan Stanley Institutional Liquidity Funds - Treasury Portfolio,1,2,4,10,6,3,2,4,31,-10.0,26.0,Poor,🔥 COILED: Stay away,31,0.0,0.0,0.0,50.0,0,,nan,nan,0.0
MTCXX,Morgan Stanley Institutional Liquidity Funds - Treasury Portfolio,1,2,4,10,6,3,2,4,31,-10.0,26.0,Poor,🔥 COILED: Stay away,31,0.0,0.0,0.0,50.0,0,,nan,nan,0.0
MSVXX,Morgan Stanley Institutional Liquidity Funds - Government Securities Portfolio,1,2,4,10,6,3,2,4,31,-10.0,26.0,Poor,🔥 COILED: Stay away,31,0.0,0.0,0.0,50.0,0,,nan,nan,0.0
MTNXX,Morgan Stanley Institutional Liquidity Funds - Treasury Portfolio,1,2,4,10,6,3,2,4,31,-10.0,26.0,Poor,🔥 COILED: Stay away,31,0.0,0.0,0.0,50.0,0,,nan,nan,0.0
MTSXX,Morgan Stanley Institutional Liquidity Funds - Treasury Portfolio,1,2,4,10,6,3,2,4,31,-10.0,26.0,Poor,🔥 COILED: Stay away,31,0.0,0.0,0.0,50.0,0,,nan,nan,0.0
MTTXX,Morgan Stanley Institutional Liquidity Funds - Treasury Portfolio,1,2,4,10,6,3,2,4,31,-10.0,26.0,Poor,🔥 COILED: Stay away,31,0.0,0.0,0.0,50.0,0,,nan,nan,0.0
MUIXX,Morgan Stanley Institutional Liquidity Funds - Government Securities Portfolio,1,2,4,10,6,3,2,4,31,-10.0,26.0,Poor,🔥 COILED: Stay away,31,0.0,0.0,0.0,50.0,0,,nan,nan,0.0
MVAXX,Morgan Stanley Institutional Liquidity Funds - Government Securities Portfolio,1,2,4,10,6,3,2,4,31,-10.0,26.0,Poor,🔥 COILED: Stay away,31,0.0,0.0,0.0,50.0,0,,nan,nan,0.0
MVIXX,Morgan Stanley Institutional Liquidity Funds - Government Securities Portfolio,1,2,4,10,6,3,2,4,31,-10.0,26.0,Poor,🔥 COILED: Stay away,31,0.0,0.0,0.0,50.0,0,,nan,nan,0.0
MVVXX,Morgan Stanley Institutional Liquidity Funds -  Government Portfolio,1,2,4,10,6,3,2,4,31,-10.0,26.0,Poor,🔥 COILED: Stay away,31,0.0,0.0,0.0,50.0,0,,nan,nan,0.0
MVYXX,Morgan Stanley Institutional Liquidity Funds - Treasury Portfolio,1,2,4,10,6,3,2,4,31,-10.0,26.0,Poor,🔥 COILED: Stay away,31,0.0,0.0,0.0,50.0,0,,nan,nan,0.0
MYMXX,AB Fixed-Income Shares Inc. - AB Government Money Market Portfolio,1,2,4,10,6,3,2,4,31,-10.0,26.0,Poor,🔥 COILED: Stay away,31,0.0,0.0,0.0,50.0,0,,nan,nan,0.0
NCGXX,North Capital Funds Trust - Treasury Money Market Fund,1,2,4,10,6,3,2,4,31,-10.0,26.0,Poor,🔥 COILED: Stay away,31,0.0,0.0,0.0,50.0,0,,nan,nan,0.0
NISXX,Money Market Obligations Trust - Federated New York Municipal Cash Trust,1,2,4,10,6,3,2,4,31,-10.0,26.0,Poor,🔥 COILED: Stay away,31,0.0,0.0,0.0,50.0,0,,nan,nan,0.0
NITXX,Northern Institutional Funds - Treasury Portfolio,1,2,4,10,6,3,2,4,31,-10.0,26.0,Poor,🔥 COILED: Stay away,31,0.0,0.0,0.0,50.0,0,,nan,nan,0.0
NOGXX,Northern Funds - U.S. Government Money Market Fund,1,2,4,10,6,3,2,4,31,-10.0,26.0,Poor,🔥 COILED: Stay away,31,0.0,0.0,0.0,50.0,0,,nan,nan,0.0
NOSXX,Northern Funds - U.S. Government Select Money Market Fund,1,2,4,10,6,3,2,4,31,-10.0,26.0,Poor,🔥 COILED: Stay away,31,0.0,0.0,0.0,50.0,0,,nan,nan,0.0
NTPXX,Northern Institutional Funds - Treasury Portfolio,1,2,4,10,6,3,2,4,31,-10.0,26.0,Poor,🔥 COILED: Stay away,31,0.0,0.0,0.0,50.0,0,,nan,nan,0.0
NWGXX,Allspring Funds Trust - Allspring Government Money Market Fund,1,2,4,10,6,3,2,4,31,-10.0,26.0,Poor,🔥 COILED: Stay away,31,0.0,0.0,0.0,50.0,0,,nan,nan,0.0
NWSXX,Nationwide Mutual Funds - Nationwide Money Market Fund,1,2,4,10,6,3,2,4,31,-10.0,26.0,Poor,🔥 COILED: Stay away,31,0.0,0.0,0.0,50.0,0,,nan,nan,0.0
NYCXX,Money Market Obligations Trust - New York Cash II Fund,1,2,4,10,6,3,2,4,31,-10.0,26.0,Poor,🔥 COILED: Stay away,31,0.0,0.0,0.0,50.0,0,,nan,nan,0.0
OMBXX,AIM Investment Secs Fds (Invesco Invt Secs Fds) - Invesco U.S. Government Money Portfolio,1,2,4,10,6,3,2,4,31,-10.0,26.0,Poor,🔥 COILED: Stay away,31,0.0,0.0,0.0,50.0,0,,nan,nan,0.0
NWTXX,Wells Fargo Funds Trust - 100% Treasury Money Market Fund,1,2,4,10,6,3,2,4,31,-10.0,26.0,Poor,🔥 COILED: Stay away,31,0.0,0.0,0.0,50.0,0,,nan,nan,0.0
PCEXX,PACE Select Advisors Trust - PACE Money Market Investments,1,2,4,10,6,3,2,4,31,-10.0,26.0,Poor,🔥 COILED: Stay away,31,0.0,0.0,0.0,50.0,0,,nan,nan,0.0
PBMXX,Prudential Government Money Market Fund Inc.,1,2,4,10,6,3,2,4,31,-10.0,26.0,Poor,🔥 COILED: Stay away,31,0.0,0.0,0.0,50.0,0,,nan,nan,0.0
PCSXX,Principal Fds Inc. Money Market Fd A Cl,1,2,4,10,6,3,2,4,31,-10.0,26.0,Poor,🔥 COILED: Stay away,31,0.0,0.0,0.0,50.0,0,,nan,nan,0.0
PBHXX,The Payden & Rygel Investment Group - Payden Cash Reserves Money Market Fund,1,2,4,10,6,3,2,4,31,-10.0,26.0,Poor,🔥 COILED: Stay away,31,0.0,0.0,0.0,50.0,0,,nan,nan,0.0
PCOXX,Money Market Obligations Trust - Federated Prime Cash Obligations Fund,1,2,4,10,6,3,2,4,31,-10.0,26.0,Poor,🔥 COILED: Stay away,31,0.0,0.0,0.0,50.0,0,,nan,nan,0.0
PCUXX,Fundvantage Trust - Pac Capital US Government Money Market Fund,1,2,4,10,6,3,2,4,31,-10.0,26.0,Poor,🔥 COILED: Stay away,31,0.0,0.0,0.0,50.0,0,,nan,nan,0.0
PFCXX,Putnam Money Market Fund,1,2,4,10,6,3,2,4,31,-10.0,26.0,Poor,🔥 COILED: Stay away,31,0.0,0.0,0.0,50.0,0,,nan,nan,0.0
PCVXX,Money Market Obligations Trust - Federated Prime Cash Obligations Fund,1,2,4,10,6,3,2,4,31,-10.0,26.0,Poor,🔥 COILED: Stay away,31,0.0,0.0,0.0,50.0,0,,nan,nan,0.0
PGDXX,Putnam Investment Funds - Government Money Market Fund,1,2,4,10,6,3,2,4,31,-10.0,26.0,Poor,🔥 COILED: Stay away,31,0.0,0.0,0.0,50.0,0,,nan,nan,0.0
PGEXX,Putnam Investment Funds - Government Money Market Fund,1,2,4,10,6,3,2,4,31,-10.0,26.0,Poor,🔥 COILED: Stay away,31,0.0,0.0,0.0,50.0,0,,nan,nan,0.0
PGFXX,PIMCO Funds - PIMCO Government Money Market Fund,1,2,4,10,6,3,2,4,31,-10.0,26.0,Poor,🔥 COILED: Stay away,31,0.0,0.0,0.0,50.0,0,,nan,nan,0.0
PGKXX,Putnam Investment Funds - Government Money Market Fund,1,2,4,10,6,3,2,4,31,-10.0,26.0,Poor,🔥 COILED: Stay away,31,0.0,0.0,0.0,50.0,0,,nan,nan,0.0
PGLXX,Putnam Investment Funds - Government Money Market Fund,1,2,4,10,6,3,2,4,31,-10.0,26.0,Poor,🔥 COILED: Stay away,31,0.0,0.0,0.0,50.0,0,,nan,nan,0.0
PGPXX,PIMCO Funds - PIMCO Government Money Market Fund,1,2,4,10,6,3,2,4,31,-10.0,26.0,Poor,🔥 COILED: Stay away,31,0.0,0.0,0.0,50.0,0,,nan,nan,0.0
PGOXX,PIMCO Funds - PIMCO Government Money Market Fund,1,2,4,10,6,3,2,4,31,-10.0,26.0,Poor,🔥 COILED: Stay away,31,0.0,0.0,0.0,50.0,0,,nan,nan,0.0
PGRXX,Putnam Investment Funds - Government Money Market Fund,1,2,4,10,6,3,2,4,31,-10.0,26.0,Poor,🔥 COILED: Stay away,31,0.0,0.0,0.0,50.0,0,,nan,nan,0.0
PGYXX,PIMCO Funds - PIMCO Government Money Market Fund,1,2,4,10,6,3,2,4,31,-10.0,26.0,Poor,🔥 COILED: Stay away,31,0.0,0.0,0.0,50.0,0,,nan,nan,0.0
PIFXX,Plan Investment Fund Inc. - Government Portfolio,1,2,4,10,6,3,2,4,31,-10.0,26.0,Poor,🔥 COILED: Stay away,31,0.0,0.0,0.0,50.0,0,,nan,nan,0.0
PINXX,BlackRock Funds - BlackRock Wealth Liquid Environmentally Aware Fund,1,2,4,10,6,3,2,4,31,-10.0,26.0,Poor,🔥 COILED: Stay away,31,0.0,0.0,0.0,50.0,0,,nan,nan,0.0
PISXX,Wells Fargo Funds Trust - Treasury Plus Money Market Fund,1,2,4,10,6,3,2,4,31,-10.0,26.0,Poor,🔥 COILED: Stay away,31,0.0,0.0,0.0,50.0,0,,nan,nan,0.0
PIVXX,Wells Fargo Funds Trust - Treasury Plus Money Market Fund,1,2,4,10,6,3,2,4,31,-10.0,26.0,Poor,🔥 COILED: Stay away,31,0.0,0.0,0.0,50.0,0,,nan,nan,0.0
PMZXX,Prudential Government Money Market Fund Inc.,1,2,4,10,6,3,2,4,31,-10.0,26.0,Poor,🔥 COILED: Stay away,31,0.0,0.0,0.0,50.0,0,,nan,nan,0.0
PMTXX,Pioneer Money Market Trust - Pioneer U.S. Government Money Market Fund,1,2,4,10,6,3,2,4,31,-10.0,26.0,Poor,🔥 COILED: Stay away,31,0.0,0.0,0.0,50.0,0,,nan,nan,0.0
PMJXX,Principal Fds Inc. Money Market Fd J Cl,1,2,4,10,6,3,2,4,31,-10.0,26.0,Poor,🔥 COILED: Stay away,31,0.0,0.0,0.0,50.0,0,,nan,nan,0.0
PRMXX,Federated Private Liquidity Funds-Prime Private Liquidity Fund,1,2,4,10,6,3,2,4,31,-10.0,26.0,Poor,🔥 COILED: Stay away,31,0.0,0.0,0.0,50.0,0,,nan,nan,0.0
PRRXX,T. Rowe Price Government Money Fund Inc.,1,2,4,10,6,3,2,4,31,-10.0,26.0,Poor,🔥 COILED: Stay away,31,0.0,0.0,0.0,50.0,0,,nan,nan,0.0
PRTXX,T. Rowe Price U.S. Treasury Funds Inc. - T. Rowe Price U.S. Treasury Money Fund,1,2,4,10,6,3,2,4,31,-10.0,26.0,Poor,🔥 COILED: Stay away,31,0.0,0.0,0.0,50.0,0,,nan,nan,0.0
PRVXX,Wells Fargo Funds Trust - Treasury Plus Money Market Fund,1,2,4,10,6,3,2,4,31,-10.0,26.0,Poor,🔥 COILED: Stay away,31,0.0,0.0,0.0,50.0,0,,nan,nan,0.0
PTBXX,Putnam Money Market Fund,1,2,4,10,6,3,2,4,31,-10.0,26.0,Poor,🔥 COILED: Stay away,31,0.0,0.0,0.0,50.0,0,,nan,nan,0.0
PRYXX,Pioneer Money Market Trust - Pioneer U.S. Government Money Market Fund,1,2,4,10,6,3,2,4,31,-10.0,26.0,Poor,🔥 COILED: Stay away,31,0.0,0.0,0.0,50.0,0,,nan,nan,0.0
PTEXX,T. Rowe Price Tax-Exempt Money Fund Inc.,1,2,4,10,6,3,2,4,31,-10.0,26.0,Poor,🔥 COILED: Stay away,31,0.0,0.0,0.0,50.0,0,,nan,nan,0.0
PURXX,Putnam Money Market Fund,1,2,4,10,6,3,2,4,31,-10.0,26.0,Poor,🔥 COILED: Stay away,31,0.0,0.0,0.0,50.0,0,,nan,nan,0.0
RBEXX,American Funds U.S. Government Money Market Fund,1,2,4,10,6,3,2,4,31,-10.0,26.0,Poor,🔥 COILED: Stay away,31,0.0,0.0,0.0,50.0,0,,nan,nan,0.0
RPGXX,Davis Series Inc. - Davis Government Money Market Fund,1,2,4,10,6,3,2,4,31,-10.0,26.0,Poor,🔥 COILED: Stay away,31,0.0,0.0,0.0,50.0,0,,nan,nan,0.0
RGYXX,HSBC Funds - HSBC U.S. Government Money Market Fund,1,2,4,10,6,3,2,4,31,-10.0,26.0,Poor,🔥 COILED: Stay away,31,0.0,0.0,0.0,50.0,0,,nan,nan,0.0
RYFXX,Rydex Series Funds - U.S. Government Money Market Fund,1,2,4,10,6,3,2,4,31,-10.0,26.0,Poor,🔥 COILED: Stay away,31,0.0,0.0,0.0,50.0,0,,nan,nan,0.0
RMGXX,Ubs Money Series - RMA Government Money Market Fund,1,2,4,10,6,3,2,4,31,-10.0,26.0,Poor,🔥 COILED: Stay away,31,0.0,0.0,0.0,50.0,0,,nan,nan,0.0
SAEXX,State Street Institutional Investment Trust - State Street Institutional Treasury Plus Money Market,1,2,4,10,6,3,2,4,31,-10.0,26.0,Poor,🔥 COILED: Stay away,31,0.0,0.0,0.0,50.0,0,,nan,nan,0.0
SAJXX,State Street Institutional Investment Trust - State Street Institutional Treasury Plus Money Market,1,2,4,10,6,3,2,4,31,-10.0,26.0,Poor,🔥 COILED: Stay away,31,0.0,0.0,0.0,50.0,0,,nan,nan,0.0
SALXX,State Street Master Funds - State Street U.S. Government Money Market Portfolio,1,2,4,10,6,3,2,4,31,-10.0,26.0,Poor,🔥 COILED: Stay away,31,0.0,0.0,0.0,50.0,0,,nan,nan,0.0
SAMXX,State Street Master Funds - State Street U.S. Government Money Market Portfolio,1,2,4,10,6,3,2,4,31,-10.0,26.0,Poor,🔥 COILED: Stay away,31,0.0,0.0,0.0,50.0,0,,nan,nan,0.0
SCPXX,SEI Daily Income Trust - Treasury II Fund,1,2,4,10,6,3,2,4,31,-10.0,26.0,Poor,🔥 COILED: Stay away,31,0.0,0.0,0.0,50.0,0,,nan,nan,0.0
SCAXX,Schwab California Municipal Money Fund Ultra Shares,1,2,4,10,6,3,2,4,31,-10.0,26.0,Poor,🔥 COILED: Stay away,31,0.0,0.0,0.0,50.0,0,,nan,nan,0.0
SCIXX,Cash Account Trust - DWS Tax-Exempt Portfolio,1,2,4,10,6,3,2,4,31,-10.0,26.0,Poor,🔥 COILED: Stay away,31,0.0,0.0,0.0,50.0,0,,nan,nan,0.0
SCTXX,Schwab AMT Tax-Free Money Fund Ultra Shares,1,2,4,10,6,3,2,4,31,-10.0,26.0,Poor,🔥 COILED: Stay away,31,0.0,0.0,0.0,50.0,0,,nan,nan,0.0
SCOXX,Schwab Treasury Obligations Money Fund Ultra Shares,1,2,4,10,6,3,2,4,31,-10.0,26.0,Poor,🔥 COILED: Stay away,31,0.0,0.0,0.0,50.0,0,,nan,nan,0.0
SEGXX,UBS Series Funds - UBS Select Government Preferred Fund,1,2,4,10,6,3,2,4,31,-10.0,26.0,Poor,🔥 COILED: Stay away,31,0.0,0.0,0.0,50.0,0,,nan,nan,0.0
SEOXX,SEI Daily Income Trust - Government Fund,1,2,4,10,6,3,2,4,31,-10.0,26.0,Poor,🔥 COILED: Stay away,31,0.0,0.0,0.0,50.0,0,,nan,nan,0.0
SETXX,UBS (Cayman) Select Treasury Institutional Fund,1,2,4,10,6,3,2,4,31,-10.0,26.0,Poor,🔥 COILED: Stay away,31,0.0,0.0,0.0,50.0,0,,nan,nan,0.0
SGAXX,The Saratoga Advantage Trust - U.S. Government Money Market Portfolio,1,2,4,10,6,3,2,4,31,-10.0,26.0,Poor,🔥 COILED: Stay away,31,0.0,0.0,0.0,50.0,0,,nan,nan,0.0
SGMXX,The Saratoga Advantage Trust - U.S. Government Money Market Portfolio,1,2,4,10,6,3,2,4,31,-10.0,26.0,Poor,🔥 COILED: Stay away,31,0.0,0.0,0.0,50.0,0,,nan,nan,0.0
SGPXX,UBS Series Funds - UBS Select Government Preferred Fund,1,2,4,10,6,3,2,4,31,-10.0,26.0,Poor,🔥 COILED: Stay away,31,0.0,0.0,0.0,50.0,0,,nan,nan,0.0
SMGXX,Legg Mason Partners Money Market Trust - Western Asset Government Reserves,1,2,4,10,6,3,2,4,31,-10.0,26.0,Poor,🔥 COILED: Stay away,31,0.0,0.0,0.0,50.0,0,,nan,nan,0.0
SGUXX,Schwab Government Money Fund Ultra Shares,1,2,4,10,6,3,2,4,31,-10.0,26.0,Poor,🔥 COILED: Stay away,31,0.0,0.0,0.0,50.0,0,,nan,nan,0.0
SNOXX,Charles Schwab Family of Funds - Schwab Treasury Obligations Money Fund,1,2,4,10,6,3,2,4,31,-10.0,26.0,Poor,🔥 COILED: Stay away,31,0.0,0.0,0.0,50.0,0,,nan,nan,0.0
SNRXX,Schwab Charles Family Funds - Retirment Government Money Fund,1,2,4,10,6,3,2,4,31,-10.0,26.0,Poor,🔥 COILED: Stay away,31,0.0,0.0,0.0,50.0,0,,nan,nan,0.0
SNAXX,The Charles Schwab Family of Funds - Schwab Value Advantage Money Fund,1,2,4,10,6,3,2,4,31,-10.0,26.0,Poor,🔥 COILED: Stay away,31,0.0,0.0,0.0,50.0,0,,nan,nan,0.0
SNSXX,The Charles Schwab Family of Funds - Schwab U.S. Treasury Money Fund,1,2,4,10,6,3,2,4,31,-10.0,26.0,Poor,🔥 COILED: Stay away,31,0.0,0.0,0.0,50.0,0,,nan,nan,0.0
SNYXX,Schwab New York Municipal Money Fund Ultra Shares,1,2,4,10,6,3,2,4,31,-10.0,26.0,Poor,🔥 COILED: Stay away,31,0.0,0.0,0.0,50.0,0,,nan,nan,0.0
SNVXX,Schwab Government Money Fund,1,2,4,10,6,3,2,4,31,-10.0,26.0,Poor,🔥 COILED: Stay away,31,0.0,0.0,0.0,50.0,0,,nan,nan,0.0
SPRXX,Fidelity Hereford Street Trust - Fidelity Money Market Fund,1,2,4,10,6,3,2,4,31,-10.0,26.0,Poor,🔥 COILED: Stay away,31,0.0,0.0,0.0,50.0,0,,nan,nan,0.0
SSNXX,State Street Institutional Investment Trust - State Street Institutional Tax Free Money Market Fund,1,2,4,10,6,3,2,4,31,-10.0,26.0,Poor,🔥 COILED: Stay away,31,0.0,0.0,0.0,50.0,0,,nan,nan,0.0
SSKXX,State Street Institutional Investment Trust - State Street Institutional Tax Free Money Market Fund,1,2,4,10,6,3,2,4,31,-10.0,26.0,Poor,🔥 COILED: Stay away,31,0.0,0.0,0.0,50.0,0,,nan,nan,0.0
SSJXX,State Street Institutional Investment Trust- Treasury Money Market Fund,1,2,4,10,6,3,2,4,31,-10.0,26.0,Poor,🔥 COILED: Stay away,31,0.0,0.0,0.0,50.0,0,,nan,nan,0.0
SSOXX,State Street Master Funds - State Street U.S. Government Money Market Portfolio,1,2,4,10,6,3,2,4,31,-10.0,26.0,Poor,🔥 COILED: Stay away,31,0.0,0.0,0.0,50.0,0,,nan,nan,0.0
SSQXX,State Street Institutional Investment Trust - State Street Institutional Treasury Plus Money Market,1,2,4,10,6,3,2,4,31,-10.0,26.0,Poor,🔥 COILED: Stay away,31,0.0,0.0,0.0,50.0,0,,nan,nan,0.0
SSVXX,State Street Institutional Liquid Reserves Fund,1.0,4,4,10,6,3,2,4,33,-10.0,26.0,Poor,Stay away,33,0.0,0.0,-0.0,0.0,0,,nan,nan,0.0
STGXX,Wells Fargo Funds Trust - Money Market Fund,1,2,4,10,6,3,2,4,31,-10.0,26.0,Poor,🔥 COILED: Stay away,31,0.0,0.0,0.0,50.0,0,,nan,nan,0.0
SUTXX,Schwab U.S. Treasury Money Fund Ultra Shares,1,2,4,10,6,3,2,4,31,-10.0,26.0,Poor,🔥 COILED: Stay away,31,0.0,0.0,0.0,50.0,0,,nan,nan,0.0
STPXX,UBS Money Series - UBS Select Treasury Preferred Fund,1,2,4,10,6,3,2,4,31,-10.0,26.0,Poor,🔥 COILED: Stay away,31,0.0,0.0,0.0,50.0,0,,nan,nan,0.0
SWKXX,The Charles Schwab Family of Funds - Schwab California Municipal Money Fund,1,2,4,10,6,3,2,4,31,-10.0,26.0,Poor,🔥 COILED: Stay away,31,0.0,0.0,0.0,50.0,0,,nan,nan,0.0
SWTXX,The Charles Schwab Family of Funds - Schwab Municipal Money Fund,1,2,4,10,6,3,2,4,31,-10.0,26.0,Poor,🔥 COILED: Stay away,31,0.0,0.0,0.0,50.0,0,,nan,nan,0.0
SWOXX,Schwab Municipal Money Fund,1,2,4,10,6,3,2,4,31,-10.0,26.0,Poor,🔥 COILED: Stay away,31,0.0,0.0,0.0,50.0,0,,nan,nan,0.0
SWYXX,The Charles Schwab Family of Funds - Schwab New York Municipal Money Fund,1,2,4,10,6,3,2,4,31,-10.0,26.0,Poor,🔥 COILED: Stay away,31,0.0,0.0,0.0,50.0,0,,nan,nan,0.0
SWWXX,The Charles Schwab Family of Funds - Schwab AMT Tax-Free Money Fund,1,2,4,10,6,3,2,4,31,-10.0,26.0,Poor,🔥 COILED: Stay away,31,0.0,0.0,0.0,50.0,0,,nan,nan,0.0
SZCXX,The Saratoga Advantage Trust - U.S. Government Money Market Portfolio,1,2,4,10,6,3,2,4,31,-10.0,26.0,Poor,🔥 COILED: Stay away,31,0.0,0.0,0.0,50.0,0,,nan,nan,0.0
TAMXX,Transamerica Funds - Transamerica Government Money Market,1,2,4,10,6,3,2,4,31,-10.0,26.0,Poor,🔥 COILED: Stay away,31,0.0,0.0,0.0,50.0,0,,nan,nan,0.0
TAQXX,State Street Institutional Investment Trust -Treasury Obligations Money Market Fund,1,2,4,10,6,3,2,4,31,-10.0,26.0,Poor,🔥 COILED: Stay away,31,0.0,0.0,0.0,50.0,0,,nan,nan,0.0
TACXX,Short-Term Investment Trust - Invesco Treasury Obligations Portfolio,1,2,4,10,6,3,2,4,31,-10.0,26.0,Poor,🔥 COILED: Stay away,31,0.0,0.0,0.0,50.0,0,,nan,nan,0.0
TBIXX,Money Market Obligations Trust - Federated Tax-Free Obligations Fund,1,2,4,10,6,3,2,4,31,-10.0,26.0,Poor,🔥 COILED: Stay away,31,0.0,0.0,0.0,50.0,0,,nan,nan,0.0
TBSXX,Money Market Obligations Trust - Federated Tax-Free Obligations Fund,1,2,4,10,6,3,2,4,31,-10.0,26.0,Poor,🔥 COILED: Stay away,31,0.0,0.0,0.0,50.0,0,,nan,nan,0.0
TBVXX,Money Market Obligations Trust - Federated Tax-Free Obligations Fund,1,2,4,10,6,3,2,4,31,-10.0,26.0,Poor,🔥 COILED: Stay away,31,0.0,0.0,0.0,50.0,0,,nan,nan,0.0
TCIXX,TIAA-CREF Funds - TIAA-CREF Money Market Fund,1,2,4,10,6,3,2,4,31,-10.0,26.0,Poor,🔥 COILED: Stay away,31,0.0,0.0,0.0,50.0,0,,nan,nan,0.0
TCGXX,SEI Daily Income Trust - Government II Fund,1,2,4,10,6,3,2,4,31,-10.0,26.0,Poor,🔥 COILED: Stay away,31,0.0,0.0,0.0,50.0,0,,nan,nan,0.0
TCRXX,American Century Investment Trust - Premium Money Market Fund,1,2,4,10,6,3,2,4,31,-10.0,26.0,Poor,🔥 COILED: Stay away,31,0.0,0.0,0.0,50.0,0,,nan,nan,0.0
TGRXX,Transamerica Funds - Government Money Market Fund,1,2,4,10,6,3,2,4,31,-10.0,26.0,Poor,🔥 COILED: Stay away,31,0.0,0.0,0.0,50.0,0,,nan,nan,0.0
TERXX,T. Rowe Price Tax-Exempt Money Fund Inc.,1,2,4,10,6,3,2,4,31,-10.0,26.0,Poor,🔥 COILED: Stay away,31,0.0,0.0,0.0,50.0,0,,nan,nan,0.0
TFGXX,Transamerica Funds - Government Money Market Fund,1,2,4,10,6,3,2,4,31,-10.0,26.0,Poor,🔥 COILED: Stay away,31,0.0,0.0,0.0,50.0,0,,nan,nan,0.0
TGTXX,Transamerica Funds - Government Money Market Fund,1,2,4,10,6,3,2,4,31,-10.0,26.0,Poor,🔥 COILED: Stay away,31,0.0,0.0,0.0,50.0,0,,nan,nan,0.0
TFFXX,BlackRock Liquidity Funds - Federal Trust Fund,1,2,4,10,6,3,2,4,31,-10.0,26.0,Poor,🔥 COILED: Stay away,31,0.0,0.0,0.0,50.0,0,,nan,nan,0.0
TIEXX,TIAA-CREF Funds - TIAA-CREF Money Market Fund,1,2,4,10,6,3,2,4,31,-10.0,26.0,Poor,🔥 COILED: Stay away,31,0.0,0.0,0.0,50.0,0,,nan,nan,0.0
TIMXX,RBC Funds Trust - U.S. Government Money Market Fund,1,2,4,10,6,3,2,4,31,-10.0,26.0,Poor,🔥 COILED: Stay away,31,0.0,0.0,0.0,50.0,0,,nan,nan,0.0
TISXX,Money Market Obligations Trust - Federated Hermes U.S. Treasury Cash Reserves,1,2,4,10,6,3,2,4,31,-10.0,26.0,Poor,🔥 COILED: Stay away,31,0.0,0.0,0.0,50.0,0,,nan,nan,0.0
TIRXX,TIAA-CREF Funds - TIAA-CREF Money Market Fund,1,2,4,10,6,3,2,4,31,-10.0,26.0,Poor,🔥 COILED: Stay away,31,0.0,0.0,0.0,50.0,0,,nan,nan,0.0
TLMXX,TIAA-CREF Life Money Market Fund,1,2,4,10,6,3,2,4,31,-10.0,26.0,Poor,🔥 COILED: Stay away,31,0.0,0.0,0.0,50.0,0,,nan,nan,0.0
TMHXX,TIAA-CREF Life Funds - Money Market Fund,1,2,4,10,6,3,2,4,31,-10.0,26.0,Poor,🔥 COILED: Stay away,31,0.0,0.0,0.0,50.0,0,,nan,nan,0.0
TMDXX,T. Rowe Price State Tax-Free Income Trust - T. Rowe Price Maryland Tax-Free Money Fund,1,2,4,10,6,3,2,4,31,-10.0,26.0,Poor,🔥 COILED: Stay away,31,0.0,0.0,0.0,50.0,0,,nan,nan,0.0
TPFXX,Short-Term Investment Trust - Invesco Treasury Portfolio,1,2,4,10,6,3,2,4,31,-10.0,26.0,Poor,🔥 COILED: Stay away,31,0.0,0.0,0.0,50.0,0,,nan,nan,0.0
TPLXX,State Street Institutional Investment Trust - International Treasure Plus Money Market Fund,1,2,4,10,6,3,2,4,31,-10.0,26.0,Poor,🔥 COILED: Stay away,31,0.0,0.0,0.0,50.0,0,,nan,nan,0.0
TPPXX,TIAA-CREF Funds - TIAA-CREF Money Market Fund,1,2,4,10,6,3,2,4,31,-10.0,26.0,Poor,🔥 COILED: Stay away,31,0.0,0.0,0.0,50.0,0,,nan,nan,0.0
TRGXX,T. Rowe Price U.S. Treasury Funds Inc. - T. Rowe Price U.S. Treasury Money Fund,1,2,4,10,6,3,2,4,31,-10.0,26.0,Poor,🔥 COILED: Stay away,31,0.0,0.0,0.0,50.0,0,,nan,nan,0.0
TRPXX,Short-Term Investment Trust - Invesco Treasury Portfolio,1,2,4,10,6,3,2,4,31,-10.0,26.0,Poor,🔥 COILED: Stay away,31,0.0,0.0,0.0,50.0,0,,nan,nan,0.0
TPVXX,State Street Institutional Investment Trust - State Street Institutional Treasury Plus Money Market,1,2,4,10,6,3,2,4,31,-10.0,26.0,Poor,🔥 COILED: Stay away,31,0.0,0.0,0.0,50.0,0,,nan,nan,0.0
TRIXX,State Street Institutional Investment Trust - Treasury Fund,1,2,4,10,6,3,2,4,31,-10.0,26.0,Poor,🔥 COILED: Stay away,31,0.0,0.0,0.0,50.0,0,,nan,nan,0.0
TRVXX,State Street Institutional Investment Trust - Treasury Fund,1,2,4,10,6,3,2,4,31,-10.0,26.0,Poor,🔥 COILED: Stay away,31,0.0,0.0,0.0,50.0,0,,nan,nan,0.0
TRZXX,T. Rowe Price U.S. Treasury Funds Inc. - T. Rowe Price U.S. Treasury Money Fund,1,2,4,10,6,3,2,4,31,-10.0,26.0,Poor,🔥 COILED: Stay away,31,0.0,0.0,0.0,50.0,0,,nan,nan,0.0
TSPXX,Short-Term Investment Trust - Invesco Treasury Obligations Portfolio,1,2,4,10,6,3,2,4,31,-10.0,26.0,Poor,🔥 COILED: Stay away,31,0.0,0.0,0.0,50.0,0,,nan,nan,0.0
TTGXX,T Rowe Price Government Money Funds Inc - Government Money Fund,1,2,4,10,6,3,2,4,31,-10.0,26.0,Poor,🔥 COILED: Stay away,31,0.0,0.0,0.0,50.0,0,,nan,nan,0.0
TTOXX,Money Market Obligations Trust - Federated Trust for U.S. Treasury Obligations,1,2,4,10,6,3,2,4,31,-10.0,26.0,Poor,🔥 COILED: Stay away,31,0.0,0.0,0.0,50.0,0,,nan,nan,0.0
TUGXX,RBC Funds Trust - U.S. Government Money Market Fund,1,2,4,10,6,3,2,4,31,-10.0,26.0,Poor,🔥 COILED: Stay away,31,0.0,0.0,0.0,50.0,0,,nan,nan,0.0
TWNXX,T. Rowe Price State Tax-Free Income Trust - T. Rowe Price Maryland Tax-Free Money Fund,1,2,4,10,6,3,2,4,31,-10.0,26.0,Poor,🔥 COILED: Stay away,31,0.0,0.0,0.0,50.0,0,,nan,nan,0.0
TUIXX,RBC Funds Trust - U.S. Government Money Market Fund,1,2,4,10,6,3,2,4,31,-10.0,26.0,Poor,🔥 COILED: Stay away,31,0.0,0.0,0.0,50.0,0,,nan,nan,0.0
TXMXX,Cash Account Trust - DWS Tax-Exempt Portfolio,1,2,4,10,6,3,2,4,31,-10.0,26.0,Poor,🔥 COILED: Stay away,31,0.0,0.0,0.0,50.0,0,,nan,nan,0.0
TXPXX,Short-Term Investment Trust - Invesco Treasury Obligations Portfolio,1,2,4,10,6,3,2,4,31,-10.0,26.0,Poor,🔥 COILED: Stay away,31,0.0,0.0,0.0,50.0,0,,nan,nan,0.0
UATXX,USAA Mutual Funds Trust - USAA Treasury Money Market Trust,1,2,4,10,6,3,2,4,31,-10.0,26.0,Poor,🔥 COILED: Stay away,31,0.0,0.0,0.0,50.0,0,,nan,nan,0.0
TYCXX,Short-Term Investment Trust - Invesco Treasury Portfolio,1,2,4,10,6,3,2,4,31,-10.0,26.0,Poor,🔥 COILED: Stay away,31,0.0,0.0,0.0,50.0,0,,nan,nan,0.0
UPPXX,UBS Select Prime Preferred Fund,1,2,4,10,6,3,2,4,31,-10.0,26.0,Poor,🔥 COILED: Stay away,31,0.0,0.0,0.0,50.0,0,,nan,nan,0.0
USEXX,USAA Mutual Funds Trust - USAA Tax Exempt Money Market Fund,1,2,4,10,6,3,2,4,31,-10.0,26.0,Poor,🔥 COILED: Stay away,31,0.0,0.0,0.0,50.0,0,,nan,nan,0.0
UPRXX,Ubs Money Series - Prime Reserve  Fund,1,2,4,10,6,3,2,4,31,-10.0,26.0,Poor,🔥 COILED: Stay away,31,0.0,0.0,0.0,50.0,0,,nan,nan,0.0
USAXX,USAA Mutual Funds Trust - USAA Money Market Fund,1,2,4,10,6,3,2,4,31,-10.0,26.0,Poor,🔥 COILED: Stay away,31,0.0,0.0,0.0,50.0,0,,nan,nan,0.0
UTIXX,Money Market Obligations Trust - Federated Hermes U.S. Treasury Cash Reserves,1,2,4,10,6,3,2,4,31,-10.0,26.0,Poor,🔥 COILED: Stay away,31,0.0,0.0,0.0,50.0,0,,nan,nan,0.0
UTSXX,Shelton Funds - The United States Treasury Trust,1,2,4,10,6,3,2,4,31,-10.0,26.0,Poor,🔥 COILED: Stay away,31,0.0,0.0,0.0,50.0,0,,nan,nan,0.0
VCTXX,Vanguard California Municipal Money Market Fund,1,2,4,10,6,3,2,4,31,-10.0,26.0,Poor,🔥 COILED: Stay away,31,0.0,0.0,0.0,50.0,0,,nan,nan,0.0
VETXX,Goldman Sachs Trust - Goldman Sachs Financial Square Government Fund,1,2,4,10,6,3,2,4,31,-10.0,26.0,Poor,🔥 COILED: Stay away,31,0.0,0.0,0.0,50.0,0,,nan,nan,0.0
VMRXX,Vanguard Money Market Reserves - Vanguard Cash Reserves Federal Money Market Fund,1,2,4,10,6,3,2,4,31,-10.0,26.0,Poor,🔥 COILED: Stay away,31,0.0,0.0,0.0,50.0,0,,nan,nan,0.0
VMSXX,Vanguard Municipal Bond Funds - Vanguard Municipal Money Market Fund,1,2,4,10,6,3,2,4,31,-10.0,26.0,Poor,🔥 COILED: Stay away,31,0.0,0.0,0.0,50.0,0,,nan,nan,0.0
VYFXX,Vanguard New York Tax-Exempt Money Market Fund,1,2,4,10,6,3,2,4,31,-10.0,26.0,Poor,🔥 COILED: Stay away,31,0.0,0.0,0.0,50.0,0,,nan,nan,0.0
WABXX,Western Asset Premier Institutional Government Reserves Capital Shares,1,2,4,10,6,3,2,4,31,-10.0,26.0,Poor,🔥 COILED: Stay away,31,0.0,0.0,0.0,50.0,0,,nan,nan,0.0
WACXX,Western Asset Premier Institutional Government Reserves Preferred Shares,1,2,4,10,6,3,2,4,31,-10.0,26.0,Poor,🔥 COILED: Stay away,31,0.0,0.0,0.0,50.0,0,,nan,nan,0.0
WAGXX,Wilmington Funds - Wilmington U.S. Government Money Market Fund,1,2,4,10,6,3,2,4,31,-10.0,26.0,Poor,🔥 COILED: Stay away,31,0.0,0.0,0.0,50.0,0,,nan,nan,0.0
WADXX,Western Asset Premier Institutional U.S. Treasury Reserves Capital Shares,1,2,4,10,6,3,2,4,31,-10.0,26.0,Poor,🔥 COILED: Stay away,31,0.0,0.0,0.0,50.0,0,,nan,nan,0.0
WAEXX,Western Asset Premier Institutional U.S. Treasury Reserves Preferred Shares,1,2,4,10,6,3,2,4,31,-10.0,26.0,Poor,🔥 COILED: Stay away,31,0.0,0.0,0.0,50.0,0,,nan,nan,0.0
WCGXX,Northern Institutional Funds - U.S. Government Select Portfolio,1,2,4,10,6,3,2,4,31,-10.0,26.0,Poor,🔥 COILED: Stay away,31,0.0,0.0,0.0,50.0,0,,nan,nan,0.0
WFFXX,Allspring Funds Trust - Allspring Government Money Market Fund,1,2,4,10,6,3,2,4,31,-10.0,26.0,Poor,🔥 COILED: Stay away,31,0.0,0.0,0.0,50.0,0,,nan,nan,0.0
WFGXX,Allspring Funds Trust - Allspring Government Money Market Fund,1,2,4,10,6,3,2,4,31,-10.0,26.0,Poor,🔥 COILED: Stay away,31,0.0,0.0,0.0,50.0,0,,nan,nan,0.0
WGAXX,Allspring Funds Trust - Allspring Government Money Market Fund,1,2,4,10,6,3,2,4,31,-10.0,26.0,Poor,🔥 COILED: Stay away,31,0.0,0.0,0.0,50.0,0,,nan,nan,0.0
WFNXX,Wells Fargo Funds Trust - National Tax-Free Money Market Fund,1,2,4,10,6,3,2,4,31,-10.0,26.0,Poor,🔥 COILED: Stay away,31,0.0,0.0,0.0,50.0,0,,nan,nan,0.0
WGEXX,Wilmington Funds - Wilmington U.S. Government Money Market Fund,1,2,4,10,6,3,2,4,31,-10.0,26.0,Poor,🔥 COILED: Stay away,31,0.0,0.0,0.0,50.0,0,,nan,nan,0.0
WGSXX,WT Mutual Fund - Wilmington U.S. Government Money Market Fund,1,2,4,10,6,3,2,4,31,-10.0,26.0,Poor,🔥 COILED: Stay away,31,0.0,0.0,0.0,50.0,0,,nan,nan,0.0
WGOXX,Wilmington Funds - Wilmington U.S. Government Money Market Fund,1,2,4,10,6,3,2,4,31,-10.0,26.0,Poor,🔥 COILED: Stay away,31,0.0,0.0,0.0,50.0,0,,nan,nan,0.0
WMOXX,Wells Fargo Funds Trust - Money Market Fund,1,2,4,10,6,3,2,4,31,-10.0,26.0,Poor,🔥 COILED: Stay away,31,0.0,0.0,0.0,50.0,0,,nan,nan,0.0
WMPXX,Wells Fargo Funds Trust - Money Market Fund,1,2,4,10,6,3,2,4,31,-10.0,26.0,Poor,🔥 COILED: Stay away,31,0.0,0.0,0.0,50.0,0,,nan,nan,0.0
WNTXX,Wells Fargo Funds Trust - National Tax-Free Money Market Fund,1,2,4,10,6,3,2,4,31,-10.0,26.0,Poor,🔥 COILED: Stay away,31,0.0,0.0,0.0,50.0,0,,nan,nan,0.0
WTAXX,Wilmington Funds - Wilmington U.S. Treasury Money Market Fund,1,2,4,10,6,3,2,4,31,-10.0,26.0,Poor,🔥 COILED: Stay away,31,0.0,0.0,0.0,50.0,0,,nan,nan,0.0
WTEXX,WT Mutual Fund - Wilmington Tax-Exempt Money Market Fund,1,2,4,10,6,3,2,4,31,-10.0,26.0,Poor,🔥 COILED: Stay away,31,0.0,0.0,0.0,50.0,0,,nan,nan,0.0
WOTXX,Wells Fargo Funds Trust - 100% Treasury Money Market Fund,1,2,4,10,6,3,2,4,31,-10.0,26.0,Poor,🔥 COILED: Stay away,31,0.0,0.0,0.0,50.0,0,,nan,nan,0.0
WTIXX,Wilmington Funds - Wilmington U.S. Treasury Money Market Fund,1,2,4,10,6,3,2,4,31,-10.0,26.0,Poor,🔥 COILED: Stay away,31,0.0,0.0,0.0,50.0,0,,nan,nan,0.0
WTRXX,Wells Fargo Funds Trust - 100% Treasury Money Market Fund,1,2,4,10,6,3,2,4,31,-10.0,26.0,Poor,🔥 COILED: Stay away,31,0.0,0.0,0.0,50.0,0,,nan,nan,0.0
WTLXX,Wells Fargo Funds Trust - Treasury Plus Money Market Fund,1,2,4,10,6,3,2,4,31,-10.0,26.0,Poor,🔥 COILED: Stay away,31,0.0,0.0,0.0,50.0,0,,nan,nan,0.0
WTSXX,WT Mutual Fund - Wilmington Tax-Exempt Money Market Fund,1,2,4,10,6,3,2,4,31,-10.0,26.0,Poor,🔥 COILED: Stay away,31,0.0,0.0,0.0,50.0,0,,nan,nan,0.0
WTPXX,Wells Fargo Funds Trust - Treasury Plus Money Market Fund,1,2,4,10,6,3,2,4,31,-10.0,26.0,Poor,🔥 COILED: Stay away,31,0.0,0.0,0.0,50.0,0,,nan,nan,0.0
FOBXX,Franklin Templeton Trust - Onchain US Government Money Fund,1,2,4,10,6,3,2,4,31,-10.0,26.0,Poor,🔥 COILED: Stay away,31,0.0,0.0,0.0,50.0,0,,nan,nan,0.0
FYIXX,Fidelity Treasury Only Money Market Fund,1,2,4,10,6,3,2,4,31,-10.0,26.0,Poor,🔥 COILED: Stay away,31,0.0,0.0,0.0,50.0,0,,nan,nan,0.0
KCLHF,KCLHF,1.06,2,4,10,6,3,2,4,31,-10.0,26.0,Poor,🔥 COILED: Stay away,31,0.0,0.0,0.0,50.0,0,,nan,4759977472.0,0.0
PBSFY,ProSiebenSat1 Media AG,1.07,3,6,1,9,3,2,2,26,0.0,26.0,Poor,Stay away,18,9.2,-4.9,-4.9,39.1,1,,Communication Services,996434368.0,0.0
AGIG,AGIG,1.23,16,5,4,9,3,6,5,48,-22.0,26.0,Poor,Stay away,35,1.7,6.0,4.5,58.8,1,,Utilities,49745788.0,530225.08
SUNE,SUNation Energy Inc.,2.37,5,3,3,8,2,2,5,28,0.0,26.0,Poor,Stay away,32,1.3,-26.9,-9.1,45.4,0,,Technology,5030189.0,1325432.54
EVCOU,EVCOU,1.1,2,4,10,6,3,2,4,31,-10.0,26.0,Poor,🔥 COILED: Stay away,31,0.0,0.0,0.0,50.0,0,,nan,nan,0.25
DCHIY,Digital China Holdings Ltd ADR,1.67,16,4,3,15,7,6,5,56,-30,26,Poor,Stay away,57,42.7,50.5,34.8,97.7,2,,Industrials,394971328.0,40.27
CIIT,"Tianci International, Inc. Common Stock",2.715,10,9,4,5,7,4,2,41,-13.0,26.0,Poor,Stay away,53,11.5,5.2,-0.9,47.7,2,,Industrials,4342688.0,278995.51
QRHC,Quest Resource Holding Corp,1.37,5,10,8,4,7,0,2,36,-13.0,26.0,Poor,Stay away,39,-2.1,0.0,-1.3,45.8,1,,Industrials,28870712.0,169100.2
HRZCF,HRZCF,1.3,2,4,10,6,3,2,4,31,-10.0,26.0,Poor,🔥 COILED: Stay away,31,0.0,0.0,0.0,50.0,0,,Industrials,4156417024.0,4.5
KNFSF,Kiatnakin Bank Public Company. Ltd,1.32,2,4,10,6,3,2,4,31,-10.0,26.0,Poor,🔥 COILED: Stay away,31,0.0,0.0,0.0,50.0,0,,Financial Services,1613675136.0,30.04
TTGPF,TT Electronics plc,2.44,18,4,6,12,6,5,5,56,-30.0,26.0,Poor,Stay away,62,12.4,12.4,13.1,99.9,3,,Technology,237243232.0,1906.5
ICDX,ICDX,1.3,2,4,10,6,3,2,4,31,-10.0,26.0,Poor,🔥 COILED: Stay away,31,0.0,0.0,0.0,50.0,0,,Consumer Cyclical,8384999.0,9.0
EQS,Equus Total Return Closed Fund,1.04,9,11,9,2,3,2,5,41,-16.0,26.0,Poor,Stay away,22,9.5,2.5,3.9,53.6,2,,Financial Services,19134374.0,16885.88
IAUX-WS,IAUX-WS,1.65,8,3,8,10,3,0,2,34,-8.0,26.0,Poor,Stay away,52,-5.2,-2.4,-4.9,44.8,0,,nan,nan,10172698.42
BBMPY,BBMG Corp ADR,1.52,5,4,10,6,0,2,4,31,-10.0,26.0,Poor,🔥 COILED: Stay away,28,0.0,0.0,0.0,50.0,1,,Basic Materials,811510592.0,2.25
STCPF,Sella Capital Real Estate Ltd,1.5,2,4,10,6,3,2,4,31,-10.0,26.0,Poor,🔥 COILED: Stay away,31,0.0,0.0,0.0,50.0,0,,Real Estate,384328800.0,0.0
CRDF,Cardiff Oncology Inc,1.2,8,4,3,8,3,4,5,35,-9.0,26.0,Poor,Stay away,30,-12.4,-8.4,-1.2,51.5,1,,Healthcare,105973336.0,1014872.7
STNDF,Santander UK plc,1.5,2,4,10,6,3,2,4,31,-10.0,26.0,Poor,🔥 COILED: Stay away,31,0.0,0.0,0.0,50.0,0,,Financial Services,nan,889.13
SLRD,SLRD,1.5,2,4,10,6,3,2,4,31,-10.0,26.0,Poor,🔥 COILED: Stay away,0,0.0,0.0,0.0,50.0,0,,Industrials,nan,0.0
WALD,Waldencast Acquisition Corp,1.06,1,10,2,9,3,4,2,31,-3.0,26.0,Poor,Stay away,23,-3.6,-10.2,-9.9,31.0,2,,Consumer Defensive,224454784.0,457637.07
RDZN,Roadzen Inc.,1.255,9,8,4,9,3,2,2,37,-11.0,26.0,Poor,Stay away,29,2.0,9.1,-1.3,47.8,2,,Technology,156142864.0,346505.05
SYHMY,Synthomer plc,2.05,19,4,6,9,6,7,5,56,-30,26,Poor,Stay away,61,31.9,36.7,21.0,96.2,3,,Basic Materials,286901440.0,1661.86
MTPTF,Motorpoint Group plc,1.78,2,4,10,6,3,2,4,31,-10.0,26.0,Poor,🔥 COILED: Stay away,31,0.0,0.0,0.0,50.0,1,,Consumer Cyclical,141745376.0,88.75
CLIHF,CLS Holdings plc,1.8,2,4,10,6,3,2,4,31,-10.0,26.0,Poor,🔥 COILED: Stay away,31,0.0,0.0,0.0,50.0,1,,Real Estate,716599360.0,0.5
MCBRF,McBride plc,2.6,10,4,3,4,6,7,2,36,-10.0,26.0,Poor,Stay away,42,0.0,0.0,-0.6,28.9,0,,Consumer Defensive,314388288.0,448.39
DYSL,Dynasil Corporation of America,1.8,9,3,11,9,3,2,4,41,-18.0,26.0,Poor,Stay away,51,0.0,0.0,0.0,83.9,1,,Technology,22198900.0,19.5
PHBBF,"Pharmaron Beijing Co., Ltd.",1.93,2,4,10,6,3,2,4,31,-10.0,26.0,Poor,🔥 COILED: Stay away,31,0.0,0.0,0.0,50.0,0,,Healthcare,3545957120.0,4.0
SPIDY,Septeni Holdings Co Ltd ADR,2.13,2,4,10,6,3,2,4,31,-10.0,26.0,Poor,🔥 COILED: Stay away,31,0.0,0.0,0.0,50.0,0,,Communication Services,441858080.0,1.01
CWID,Country-Wide Insurance Company,2.15,12,6,11,6,3,4,4,46,-23.0,26.0,Poor,Stay away,52,0.0,0.0,0.0,99.9,0,,Financial Services,nan,4.0
CMCUF,CMCUF,2,2,4,10,6,3,2,4,31,-10.0,26.0,Poor,🔥 COILED: Stay away,31,0.0,0.0,0.0,50.0,0,,Financial Services,nan,0.0
ALSUF,ALSUF,2,2,4,10,6,3,2,4,31,-10.0,26.0,Poor,🔥 COILED: Stay away,0,0.0,0.0,0.0,50.0,0,,Financial Services,nan,0.0
RHEPZ,"Regional Health Properties, Inc.",2.5,18,7,7,5,5,1,5,48,-22.0,26.0,Poor,Stay away,53,8.7,8.7,6.3,63.2,1,,nan,nan,1582.53
LNNGF,Li Ning Company Limited,1.59,3,7,8,6,3,2,2,31,-8.0,26.0,Poor,Stay away,21,-0.6,-3.6,-6.9,38.7,0,,Consumer Cyclical,6121007104.0,676.83
ITRG,Integra Resources Corp,2.59,4,3,8,8,3,2,2,30,-4.0,26.0,Poor,Stay away,43,-6.5,-4.4,-5.7,43.2,0,,Basic Materials,525854304.0,2500456.33
HOVR,New Horizon Aircraft Ltd,1.7,6,8,8,3,5,6,2,38,-13.0,26.0,Poor,Stay away,23,-1.2,3.0,-0.7,47.5,2,,Industrials,135305504.0,1402123.0
ADWYF,ADWYF,2.259,2,4,10,6,3,2,4,31,-10.0,26.0,Poor,🔥 COILED: Stay away,31,0.0,0.0,0.0,50.0,0,,Communication Services,88286512.0,0.0
SFHG,Samfine Creation Holdings Group Limited,2.3,8,8,4,10,1,4,2,37,-11.0,26.0,Poor,Stay away,36,-0.9,7.0,-0.2,49.3,1,,Industrials,9419200.0,28430.4
JFHHF,Jupiter Fund Management Plc,2.61,12,6,11,6,3,4,4,46,-23.0,26.0,Poor,Stay away,54,0.0,0.0,0.0,99.9,0,,Financial Services,1310166528.0,276.5
XDNCF,XD Inc,2.7,5,4,10,6,0,2,4,31,-10.0,26.0,Poor,🔥 COILED: Stay away,32,0.0,0.0,0.0,50.0,0,,Communication Services,1301346432.0,1.75
LGYV,Legacy Ventures International Inc,2.5,2,4,10,6,3,2,4,31,-10.0,26.0,Poor,🔥 COILED: Stay away,31,0.0,0.0,0.0,50.0,0,,Financial Services,125787664.0,0.0
JUKCF,JUKCF,2.64,2,4,10,6,3,2,4,31,-10.0,26.0,Poor,🔥 COILED: Stay away,31,0.0,0.0,0.0,50.0,1,,Industrials,78030800.0,12.5
OZVN,OZ Vision Inc.,2.5,2,4,10,6,3,2,4,31,-10.0,26.0,Poor,🔥 COILED: Stay away,0,0.0,0.0,0.0,50.0,0,,Industrials,73432384.0,0.0
XFCOX,Aberdeen Global Income Fd Inc,2.74,4,3,10,6,3,3,4,33,-10.0,26.0,Poor,Stay away,34,0.0,0.0,-0.0,36.9,0,,Other,0.0,0.0
CBOAF,CBOAF,2.536,7,4,7,3,3,5,4,33,-10.0,26.0,Poor,Stay away,43,0.0,0.0,-0.1,8.4,0,,Consumer Defensive,1364554880.0,158.93
SARDF,Sanford Limited,2.78,5,3,10,9,3,2,4,36,-13.0,26.0,Poor,Stay away,33,0.0,0.0,-0.0,82.0,0,,Consumer Defensive,259947056.0,0.0
ICU,SeaStar Medical Holding Corporation,3.4,12,6,6,12,2,0,5,43,-20.0,26.0,Poor,Stay away,42,-5.0,10.7,2.5,54.5,3,,Healthcare,13110166.0,170458.99
TSRYY,Treasury Wine Estates Ltd PK,3.74,9,11,6,4,5,6,2,43,-13.0,26.0,Poor,Stay away,53,-1.1,3.6,-0.4,49.4,1,,Consumer Defensive,2692293632.0,385721.62
WEJTY,Webjet Limited,1.25,8,7,7,3,3,1,4,33,-10.0,26.0,Poor,Stay away,21,0.0,0.0,-0.1,39.8,0,,Consumer Cyclical,1103819776.0,65.25
SWDCF,Swedencare AB (publ),2.3,6,3,7,5,3,5,4,33,-10.0,26.0,Poor,Stay away,14,0.0,0.0,-0.9,7.1,0,,Consumer Defensive,487514912.0,143.12
PFPLF,Propel Funeral Partners Limited,3,2,4,10,6,3,2,4,31,-10.0,26.0,Poor,🔥 COILED: Stay away,31,0.0,0.0,0.0,50.0,0,,Consumer Cyclical,413920800.0,0.0
KMRPF,Kenmare Resources plc,2.5,6,3,10,6,3,1,4,33,-10.0,26.0,Poor,Stay away,19,0.0,0.0,-0.2,36.2,1,,Basic Materials,287664768.0,0.0
FRFBF,ForFarmers N.V.,3.17,2,4,10,6,3,2,4,31,-10.0,26.0,Poor,🔥 COILED: Stay away,32,0.0,0.0,0.0,50.0,1,,Consumer Defensive,280641024.0,1.0
MAQAF,Atlas Arteria Limited,3.08,1,4,2,9,3,0,2,21,2.0,26.0,Poor,Stay away,20,-16.3,-6.7,-8.8,41.7,0,,Industrials,4904479232.0,0.0
TKECY,Tokyo Electric Power Co,3.3,3,2,7,7,5,4,3,31,-5.0,26.0,Poor,Stay away,29,-7.0,-4.1,-4.2,38.9,1,,Utilities,5224808960.0,2657.75
RTOBF,Ratos AB (publ),3.42,8,5,8,3,3,5,4,36,-15.0,26.0,Poor,🔥 COILED: Stay away,0,0.0,0.0,-0.0,54.9,1,,Industrials,1119659136.0,0.0
QHUOD,Quhuo Limited,6.37,11,3,3,7,7,7,5,43,-15.0,26.0,Poor,Stay away,61,15.6,-43.7,-0.6,52.1,1,,Technology,9281347.0,79190.1
CIIHF,CITIC Securities Company Limited,3.5,5,3,11,8,3,2,4,36,-13.0,26.0,Poor,Stay away,40,0.0,0.0,0.0,82.7,0,,Financial Services,49352417280.0,0.0
ZHUZF,Zhuzhou CRRC Times Electric Co. Ltd,3.65,2,4,10,6,3,2,4,31,-10.0,26.0,Poor,🔥 COILED: Stay away,31,0.0,0.0,0.0,50.0,0,,Industrials,4794186240.0,0.0
EENNF,ENAV S.p.A,3.52,2,4,10,6,3,2,4,31,-10.0,26.0,Poor,🔥 COILED: Stay away,31,0.0,0.0,0.0,50.0,0,,Industrials,1901944832.0,0.0
PGUCY,Prosegur Cash S.A,3.595,5,3,10,6,3,2,4,33,-10.0,26.0,Poor,Stay away,30,0.0,0.0,-0.0,0.0,0,,Industrials,1231464192.0,1.51
ISLCF,ISLCF,3.69,2,4,10,6,3,2,4,31,-10.0,26.0,Poor,🔥 COILED: Stay away,31,0.0,0.0,0.0,50.0,0,,nan,1258648832.0,0.0
PXMBF,Paxman AB,3.5,2,4,10,6,3,2,4,31,-10.0,26.0,Poor,🔥 COILED: Stay away,31,0.0,0.0,0.0,50.0,0,,Healthcare,81456960.0,27.0
EFOI,Energy Focu,2.75,8,12,8,1,4,3,2,38,-13.0,26.0,Poor,Stay away,33,-0.2,0.4,-0.2,47.8,1,,Consumer Cyclical,24011966.0,912369.84
CCEL,CryoCell International Inc,4.16,11,6,3,7,5,2,5,39,-13.0,26.0,Poor,Stay away,51,17.8,-5.5,0.5,51.1,1,,Healthcare,28193024.0,12334.69
STLY,HG Holdings Inc,3.5,1,4,4,12,3,0,2,26,0.0,26.0,Poor,Stay away,15,-6.7,-12.5,-5.9,34.2,0,,Financial Services,18925482.0,228.87
CRMLW,Critical Metals Corp. Warrants,2.78,11,7,2,9,3,0,4,36,-10.0,26.0,Poor,Stay away,32,-22.3,26.4,2.2,51.4,2,,nan,nan,155257.92
BDORY,Banco Do Brasil SA,4.17,7,9,3,8,5,4,5,41,-13.0,26.0,Poor,Stay away,40,-7.7,-4.8,-2.8,46.3,0,,Financial Services,21864282112.0,587774.87
FNFPA,First Niles Financial Inc. PFD SER A,3.8,5,3,10,6,3,2,4,33,-10.0,26.0,Poor,Stay away,30,0.0,0.0,-0.0,0.0,0,,Other,0.0,18.74
ADWPF,Andrew Peller Limited,5.59,12,4,9,4,6,6,3,44,-18.0,26.0,Poor,Stay away,56,-1.1,-1.1,-0.3,59.8,0,,Consumer Defensive,182081232.0,0.0
SKK,SKK Holdings Limited,4.57,7,16,7,2,4,2,4,42,-16.0,26.0,Poor,Stay away,38,11.7,4.8,4.8,54.0,1,,Industrials,9770229.0,265186.94
MAKSF,Marks and Spencer Group PLC,4.78,2,2,6,8,3,7,2,30,0.0,26.0,Poor,Stay away,34,-1.2,-1.2,-2.8,16.4,0,,Consumer Cyclical,8877057024.0,6746.69
OTPMF,OPTiM Corporation,4.42,2,4,10,6,3,2,4,31,-10.0,26.0,Poor,🔥 COILED: Stay away,31,0.0,0.0,0.0,50.0,0,,Technology,240884000.0,4.5
EGFIX,EDGEWOOD GROWTH FUND INSTITUTIONAL CLASS SHARES,4.342,9,9,6,4,0,3,2,33,-10.0,26.0,Poor,Stay away,30,-0.9,0.4,-1.0,42.1,0,,nan,0.0,0.0
ECTXF,Electrolux Professional AB (publ),4.65,5,3,10,6,3,2,4,33,-10.0,26.0,Poor,Stay away,28,0.0,0.0,-0.0,0.1,0,,Industrials,1336398080.0,96.25
OPTH,Optimi Health Corp. Common Shares,4.85,12,9,6,11,5,0,3,46,-18.0,26.0,Poor,Stay away,49,0.2,1.9,0.1,50.7,2,,Healthcare,31926978.0,22551.52
ALEDY,Allied Group Ltd ADR,5,2,4,10,6,3,2,4,31,-10.0,26.0,Poor,🔥 COILED: Stay away,31,0.0,0.0,0.0,50.0,1,,Financial Services,702736896.0,0.0
AECLY,AE & CI Ltd. (South Africa) ADR,5.0,5,3,10,6,3,2,4,33,-10.0,26.0,Poor,Stay away,28,0.0,0.0,-0.0,0.0,0,,Basic Materials,527588864.0,4.5
MDNC,Medinotec Inc.,5,2,4,10,6,3,2,4,31,-10.0,26.0,Poor,🔥 COILED: Stay away,31,0.0,0.0,0.0,50.0,0,,Healthcare,58777740.0,5.0
MXYKX,GREAT-WEST T. ROWE PRICE MID CAP GROWTH FUND INSTITUTIONAL CLASS,4.79,8,11,3,6,0,3,2,33,-10.0,26.0,Poor,Stay away,25,0.0,1.3,-0.9,42.1,0,,nan,0.0,0.0
EEIQ,Elite Education Group International Ltd,4.58,18,4,6,14,5,2,5,54,-28.2,25.8,Poor,Stay away,54,18.0,22.1,24.5,75.1,3,,Consumer Defensive,5149154.0,861524.02
UVRBF,Universal Robina Corporation,1.0,5,3,10,8,3,2,4,35,-13.0,25.0,Poor,Stay away,33,0.0,0.0,-0.0,85.7,0,,Consumer Defensive,2136426112.0,0.0
ALKEF,Alkane Resources Limited,1.28,8,5,7,9,3,2,3,37,-10.0,25.0,Poor,Stay away,47,-6.6,-3.8,-3.2,46.7,0,,Basic Materials,1475501184.0,461508.66
NXLLF,Nuix Limited,0.81,3,4,0,7,5,1,2,22,0.0,25.0,Poor,Stay away,19,0.0,0.0,-10.2,39.5,0,,Technology,338752096.0,352.73
QNCX,"Quince Therapeutics, Inc.",29.0,6,4,4,11,3,0,2,30,-5.0,25.0,Poor,Stay away,50,-6.5,1.4,-3.0,48.0,1,,Healthcare,21515182.0,3539245.86
LSRCX,SMALL-CAP VALUE SERIES CLASS C,1.04,1,5,4,7,3,3,2,25,0.0,25.0,Poor,Stay away,27,-1.0,-1.9,-1.9,29.1,0,,nan,0.0,0.0
SSIXX,State Street Institutional Liquid Reserves Fund,1.0,4,3,10,6,3,2,4,32,-10.0,25.0,Poor,Stay away,34,0.0,0.0,-0.0,0.0,0,,nan,nan,0.0
SSHXX,State Street Institutional Liquid Reserves Fund,1.0,4,3,10,6,3,2,4,32,-10.0,25.0,Poor,Stay away,34,0.0,0.0,-0.0,0.0,0,,nan,nan,0.0
SSYXX,State Street Institutional Liquid Reserves Fund,1.0,4,3,10,6,3,2,4,32,-10.0,25.0,Poor,Stay away,33,0.0,0.0,-0.0,0.0,0,,nan,nan,0.0
SSZXX,State Street Institutional Liquid Reserves Fund,1.0,4,5,10,6,3,2,4,34,-12.0,25.0,Poor,Stay away,34,0.0,0.0,-0.0,67.6,0,,nan,nan,0.0
TILXX,State Street Institutional Investment Trust - International Liquid Reserves Fund,1.0,4,3,10,6,3,2,4,32,-10.0,25.0,Poor,Stay away,33,0.0,0.0,-0.0,0.0,0,,nan,nan,0.0
VMIXX,JPMorgan Trust I - JPMorgan Prime Money Market Fund,1.0,4,5,5,6,4,4,4,32,-10.0,25.0,Poor,Stay away,27,0.0,-0.0,-0.0,42.4,0,,nan,nan,0.0
SWSXX,SWSXX,1.0,3,4,9,4,3,3,4,30,-10.0,25.0,Poor,🔥 COILED: Stay away,21,0.0,0.0,-14.6,40.9,0,,nan,nan,0.0
AIKO,Alternative Investment Corporation,0.983,8,5,6,4,3,5,4,35,-15.0,25.0,Poor,🔥 COILED: Stay away,29,0.0,0.0,-0.1,46.3,1,,Financial Services,17602666.0,4.5
MMLTF,MMG Limited,1.09,3,2,4,9,3,4,5,30,-1.0,25.0,Poor,Stay away,28,-9.2,-9.2,-6.2,34.1,0,,Basic Materials,14690042880.0,6031.28
RDI,Reading International Inc,1.97,12,6,0,3,7,4,3,35,-13.0,25.0,Poor,Stay away,53,-2.0,-7.9,-1.5,50.2,1,,Communication Services,40920488.0,79205.41
HGBL,Heritage Global Inc,1.31,7,4,3,9,3,4,5,35,-10.0,25.0,Poor,Stay away,51,-3.0,-5.1,-0.7,51.1,0,,Financial Services,43426940.0,150360.49
IMRN,Immuron Ltd ADR,1.16,4,4,3,8,2,2,4,27,-5.0,25.0,Poor,Stay away,39,-6.5,-17.1,-7.3,44.5,1,,Healthcare,10207925.0,268697.84
BUMTF,BUMTF,0.809,6,4,6,4,3,5,4,32,-10.0,25.0,Poor,Stay away,14,0.0,0.0,-0.8,0.0,0,,Consumer Defensive,2254387200.0,60.34
BRCNF,Burcon NutraScience Corp,1.0,1,11,0,8,3,2,2,27,-5.0,25.0,Poor,Stay away,10,-6.5,-11.0,-5.6,39.7,2,,Consumer Defensive,16753805.0,2143.12
GOTU,Gaotu Techedu Inc DRC,2.45,16,6,6,14,5,3,5,55,-30,25,Poor,Stay away,55,11.4,18.9,12.1,80.0,3,,Consumer Defensive,400602304.0,518693.31
OSTX,OS Therapies Incorporated,1.65,7,6,6,5,5,2,4,35,-13.0,25.0,Poor,Stay away,36,-5.2,-2.9,-3.4,45.8,1,,Healthcare,80168584.0,559474.44
ASTO,Astro Communications Inc,2.72,12,6,7,5,6,3,4,43,-23.0,25.0,Poor,🔥 COILED: Stay away,56,0.0,0.0,1.8,100.0,0,,Industrials,1733532.0,47.65
ECRAF,Ecora Resources PLC,2.19,8,3,3,8,3,2,2,29,-4.0,25.0,Poor,Stay away,57,-4.7,-3.9,-4.0,44.4,0,,Basic Materials,471467104.0,43958.01
BRVMF,Bravo Mining Corp.,2.08,5,2,9,7,3,2,2,30,-5.0,25.0,Poor,Stay away,28,-11.5,-4.2,-7.5,38.6,1,,Basic Materials,341266944.0,44722.51
EVCO,EVCO,12.25,17,4,5,9,6,2,5,48,-23.0,25.0,Poor,Stay away,62,0.0,0.0,29.5,100.0,1,,Financial Services,9752008.0,1.67
RTWFF,RTW Venture Fund Limited,2.345,4,3,2,8,3,5,2,27,-5.0,25.0,Poor,Stay away,49,-4.3,-4.3,-3.3,25.7,1,,nan,nan,872.0
ZJK,"ZJK Industrial Co., Ltd",2.03,7,4,8,6,5,0,2,32,-10.0,25.0,Poor,Stay away,25,-0.5,-9.0,-4.7,44.7,0,,Industrials,170453968.0,50659.82
RYDVX,ROYCE DIVIDEND VALUE FUND SERVICE CLASS,2.48,3,4,4,7,0,5,2,25,0.0,25.0,Poor,Stay away,31,-1.6,-3.5,-2.7,29.2,0,,nan,0.0,0.0
RDVIX,ROYCE DIVIDEND VALUE FUND INVESTMENT CLASS,2.48,3,4,4,7,0,5,2,25,0.0,25.0,Poor,Stay away,33,-2.0,-3.5,-2.7,29.0,0,,nan,0.0,0.0
BLSG,Leverage Shares 2X Long BLSH Daily ETF,3.322,12,6,4,13,3,0,5,43,-18.0,25.0,Poor,Stay away,40,-20.3,-12.1,-3.5,50.6,0,,nan,nan,0.0
ICPVF,Incitec Pivot Limited,2.71,4,3,3,8,3,5,4,30,-1.0,25.0,Poor,Stay away,55,-2.2,-2.2,-2.5,41.7,0,,Basic Materials,3879871488.0,0.0
VETTF,Vector Limited,2.73,6,3,10,7,3,2,4,35,-13.0,25.0,Poor,Stay away,34,0.0,0.0,-0.0,92.8,0,,Utilities,2230000128.0,0.0
WFCNP,Wells Fargo & Company PFD DIV EQUALIZ,2.75,9,6,11,6,3,6,4,45,-23.0,25.0,Poor,Stay away,53,0.0,0.0,0.0,99.9,0,,Other,nan,34.26
HQWWW,Horizon Quantum Holdings Ltd. Warrant,6.47,4,4,4,11,2,2,2,29,-4.0,25.0,Poor,Stay away,0,-6.8,53.3,-9.2,46.7,2,,nan,nan,0.0
DOMH,Dominari Holdings Inc.,2.48,12,16,3,6,4,2,5,48,-28.0,25.0,Poor,🔥 COILED: Stay away,34,-2.0,11.2,4.8,54.0,3,,Financial Services,73947064.0,215260.43
NAAS,Naas Technology Inc ADR,3.228,12,9,7,4,2,2,4,40,-15.0,25.0,Poor,Stay away,40,4.1,1.7,0.4,50.6,1,,Consumer Cyclical,37853332.0,33512.11
NPSCY,Nippon Steel Corp ADR,4.37,8,4,3,7,3,4,4,33,-8.0,25.0,Poor,Stay away,59,-3.3,-2.5,-1.1,48.9,0,,Basic Materials,18082975744.0,225425.86
XIACF,Xiaomi Corp,3.31,0,6,7,7,3,2,2,27,0.0,25.0,Poor,Stay away,25,-6.3,-3.5,-3.1,44.7,1,,Technology,90493812736.0,70174.48
HLDVF,Henderson Land,3.23,3,5,9,5,3,5,2,32,-10.0,25.0,Poor,Stay away,23,0.0,0.0,-1.6,44.6,0,,Real Estate,17719476224.0,0.0
SGPPY,The SPAR Group Ltd,2.78,7,3,8,2,3,5,4,32,-10.0,25.0,Poor,Stay away,26,0.0,0.0,-0.2,28.8,0,,Consumer Defensive,715452032.0,4.83
VTEX,VTEX,3.58,4,8,9,3,2,3,3,32,-10.0,25.0,Poor,Stay away,29,-0.3,-2.5,-1.5,41.5,0,,Technology,635913216.0,1269007.12
CYRBY,Cyrela Brazil Realty SA,5.45,10,12,6,5,6,4,5,48,-21.0,25.0,Poor,Stay away,59,-0.7,7.7,6.3,57.8,0,,Consumer Cyclical,1476377856.0,11084.08
IVA,Inventiva Sa,3.53,4,10,0,9,3,2,2,30,-6.0,25.0,Poor,Stay away,23,-3.3,-9.0,-9.8,32.3,2,,Healthcare,883849728.0,340807.98
NORD,Nordicus Partners Corporation,3.51,10,6,4,6,3,7,2,38,-13.0,25.0,Poor,Stay away,39,28.6,-10.9,1.5,52.3,1,,Industrials,73664744.0,1682.0
UVIX,2x Long VIX Futures ETF,36.17,4,9,5,6,2,2,2,30,-8.0,25.0,Poor,Stay away,40,-3.0,-8.5,-6.7,40.0,0,,nan,nan,39131693.68
DIFTY,Daito Trust Construction Co,5.205,3,4,8,8,3,3,3,32,-10.0,25.0,Poor,Stay away,40,-2.2,-3.9,-1.5,45.2,0,,Real Estate,6062416896.0,140233.91
RXT,Rackspace Technology Inc,3.79,9,4,7,7,0,2,5,34,-9.0,25.0,Poor,Stay away,32,-6.2,8.6,1.4,51.0,2,,Technology,1393153792.0,13335820.98
ESFIX,ASHMORE EMERGING MARKETS SHORT DURATION FUND INSTITUTIONAL CLASS SHARES,4.78,8,5,2,6,3,2,4,30,-10.0,25.0,Poor,🔥 COILED: Stay away,40,-0.6,-0.6,-0.2,49.4,0,,nan,0.0,0.0
COIG,Leverage Shares 2X Long COIN Daily ETF,5.954,13,7,5,10,3,0,5,43,-18.0,25.0,Poor,Stay away,41,-9.4,-3.3,3.1,52.7,0,,nan,nan,93323.02
FLTCF,Filtronic plc,3.15,3,5,2,8,2,2,3,25,0.0,25.0,Poor,Stay away,28,-12.0,-5.1,-3.8,45.7,0,,Technology,986883008.0,128382.61
PNCMX,PUTNAM INCOME FUND CLASS M SHARES,4.75,4,3,10,6,3,2,4,32,-10.0,25.0,Poor,Stay away,25,0.0,0.0,-0.0,27.7,0,,nan,0.0,0.0
IVVD,Invivyd Inc.,0.95,14,16,6,4,7,1,3,51,-27.0,24.0,Broken,Avoid/exit,40,-6.9,6.5,8.6,57.3,1,,Healthcare,324068224.0,5656500.35
TMLL,Third Millennium Industries Inc,1,5,4,10,6,3,2,4,34,-15.0,24.0,Broken,🔥 COILED: Avoid/exit,32,0.0,0.0,0.0,50.0,1,,Financial Services,62403024.0,4.5
SGTSY,Singulus Technologies AG ADR,1.0,8,3,10,6,3,2,4,36,-15.0,24.0,Broken,Avoid/exit,35,0.0,0.0,-0.0,0.0,1,,Industrials,17793054.0,4.0
BONL,Bonal International Inc,0.9,4,2,2,8,4,2,2,24,0.0,24.0,Broken,Avoid/exit,23,-10.0,-10.0,-6.8,24.0,0,,Industrials,1747922.0,209.63
CJPXX,JPMorgan Trust I - JPMorgan Prime Money Market Fund,1.0,4,4,4,6,3,4,4,29,-10.0,24.0,Broken,🔥 COILED: Avoid/exit,37,0.0,0.0,-0.0,42.6,0,,nan,nan,0.0
FAIXX,First American Funds Inc. - First American Institutional Prime Obligations Fund,1.0,12,6,11,6,3,2,4,44,-23.0,24.0,Broken,Avoid/exit,46,0.0,0.0,0.0,99.9,0,,nan,nan,0.0
MPCMF,Mapletree Commercial Trust,0.998,8,7,4,2,3,3,4,31,-10.0,24.0,Broken,Avoid/exit,31,0.0,0.0,-0.0,38.4,0,,Real Estate,5627854336.0,187.31
NZTCF,Spark New Zealand Ltd,1.11,2,5,3,9,3,0,2,24,0.0,24.0,Broken,Avoid/exit,32,-3.5,-14.0,-3.6,44.5,0,,Communication Services,2192526848.0,0.0
ATNM,Actinium Pharmaceuticals Inc,1.18,11,3,5,5,3,4,5,36,-15.0,24.0,Broken,Avoid/exit,40,-1.7,-7.8,1.1,54.1,1,,Healthcare,34826244.0,172009.16
FITGF,FIT Hon Teng Limited,0.685,6,7,8,7,2,5,4,39,-13.0,24.0,Broken,Avoid/exit,34,0.4,-4.4,-0.0,49.5,1,,Technology,8533048832.0,4924.85
EFGD,Eurobank Ergasias Services And Holdings SA,1.0,5,3,10,4,3,2,4,31,-10.0,24.0,Broken,Avoid/exit,20,0.0,0.0,-0.0,0.8,0,,nan,nan,0.0
AIXC,"AIxCrypto Holdings, Inc.",1.66,14,7,5,12,5,6,5,54,-30,24,Broken,Avoid/exit,51,49.5,39.5,39.3,66.0,3,,Technology,25496090.0,893359.04
FGSGF,Flat Glass Group Co. Ltd,0.848,6,4,5,6,3,5,2,31,-10.0,24.0,Broken,Avoid/exit,11,0.0,0.0,-5.3,0.0,0,,Technology,2788911616.0,29.5
PXHI,Phonex Inc,1.18,9,5,2,10,1,5,5,37,-13.0,24.0,Broken,Avoid/exit,39,0.0,-5.6,-1.5,48.8,1,,Consumer Cyclical,39470540.0,11877.51
GDTC,CytoMed Therapeutics Limited Ordinary Shares,0.925,11,6,2,9,3,4,4,39,-18.0,24.0,Broken,🔥 COILED: Avoid/exit,25,-4.6,8.6,2.3,52.3,3,,Healthcare,13962745.0,221831.05
RHCGF,Ryman Healthcare Limited,1.12,1,6,2,12,3,3,2,29,-5.0,24.0,Broken,Avoid/exit,31,0.0,0.8,-6.1,33.5,1,,Healthcare,1432177920.0,15.05
BGAOY,Proximus NV ADR,1.34,3,1,5,10,1,2,2,24,0.0,24.0,Broken,Avoid/exit,21,-7.6,-2.9,-5.6,31.0,0,,Communication Services,2439160064.0,0.0
BLNC,Balance Labs Inc,1.55,5,4,10,6,3,2,4,34,-15.0,24.0,Broken,🔥 COILED: Avoid/exit,39,0.0,0.0,-0.0,40.2,1,,Industrials,72621096.0,219.98
CLRPF,Clarity Pharmaceuticals Ltd,1.58,3,8,6,6,5,7,2,37,-13.0,24.0,Broken,Avoid/exit,33,5.3,-4.1,-0.9,46.1,1,,Healthcare,613537664.0,5004.43
TRZBF,Transat A.T. Inc,1.43,3,6,1,7,3,2,2,24,0.0,24.0,Broken,Avoid/exit,20,10.9,-4.7,-5.1,34.5,1,,Consumer Cyclical,83155896.0,418.95
HUATF,Huatai Securities Co. Ltd,2.1,10,6,11,6,3,4,4,44,-23.0,24.0,Broken,Avoid/exit,43,0.0,0.0,0.0,95.0,0,,Financial Services,18956412928.0,15.4
CHRHF,Chervon Holdings Limited,3.2,14,5,3,4,5,0,5,36,-12.0,24.0,Broken,Avoid/exit,48,-5.9,3.2,4.0,60.7,0,,Industrials,1139650048.0,81.89
EXSPF,Expert.ai S.p.A,1.83,8,7,7,4,3,3,4,36,-15.0,24.0,Broken,Avoid/exit,40,0.0,0.0,-0.0,39.1,1,,Technology,227302176.0,422.85
SERA,Sera Prognostics Inc,2.02,5,6,9,6,5,2,3,36,-15.0,24.0,Broken,Avoid/exit,45,-4.7,1.0,-1.7,46.9,1,,Healthcare,89086104.0,59540.5
RPGL,Republic Power Group Limited Class A Ordinary Shares,12.27,20,5,7,5,5,2,5,49,-25,24,Broken,⚠️ EXHAUSTION RISK: Avoid/exit,53,749.1,740.4,252.6,87.2,2,5,Technology,3317041.0,0.0
HEPS,D-MARKET Electronic Services & Trading ADR,2.52,1,12,0,8,4,2,2,29,-3.0,24.0,Broken,Avoid/exit,31,1.2,-3.4,-2.3,44.8,2,,Consumer Cyclical,928785536.0,282296.39
FDMIF,Founders Metals Inc.,4.93,19,6,5,15,3,1,5,54,-30,24,Broken,Avoid/exit,60,3.5,13.6,8.6,63.4,3,,Basic Materials,390035744.0,33373.94
CDTG,CDT Environmental Technology Investment Holdings Limited ordinary shares,1.2,8,4,4,12,2,2,5,37,-13.0,24.0,Broken,Avoid/exit,26,-1.6,-13.0,-5.8,46.1,1,,Industrials,10362030.0,37351.22
DIDIY,DiDi Global Inc.,3.59,2,9,8,3,7,1,3,33,-10.0,24.0,Broken,Avoid/exit,40,-2.4,0.6,-1.0,46.8,0,,Technology,16317208576.0,9612470.07
SNLGF,San Lorenzo Gold Corp,5.0,15,7,3,9,5,0,5,44,-20.0,24.0,Broken,Avoid/exit,68,-2.7,18.8,5.6,58.5,3,,Basic Materials,377185280.0,32854.91
AQST,Aquestive Therapeutics Inc,4.75,10,10,1,4,9,0,2,36,-13.0,24.0,Broken,Avoid/exit,53,-0.6,-2.7,-1.3,49.1,2,,Healthcare,519363488.0,3157426.21
ANTX,AN2 Therapeutics Inc,5.01,3,12,3,6,5,4,2,35,-11.0,24.0,Broken,Avoid/exit,48,1.0,-8.2,-4.2,41.1,2,,Healthcare,150187392.0,517857.7
UEIC,Universal Electronics Inc,5.27,16,14,3,9,4,0,5,51,-25.0,24.0,Broken,Avoid/exit,57,2.3,10.0,5.0,61.0,3,,Technology,51152724.0,72863.15
NTHEX,NORTHEAST INVESTORS TRUST NORTHEAST INVESTORS TRUST,3.79,4,10,1,6,3,2,3,29,-8.0,24.0,Broken,Avoid/exit,32,0.0,-0.3,-0.2,43.8,0,,nan,0.0,0.0
INLF,INLIF LIMITED Ordinary Shares,5.23,17,10,5,5,3,1,5,46,-20,24,Broken,Avoid/exit,55,96.6,76.7,43.8,68.3,3,9,Industrials,51773436.0,55453.82
CHNR,China Natural Resources Inc,3.92,11,5,9,5,7,2,3,42,-18.0,24.0,Broken,Avoid/exit,23,5.1,2.1,0.8,50.8,1,,Basic Materials,5867332.0,369536.62
ALGS,Aligos Therapeutics Inc,5.54,5,13,5,4,5,2,2,36,-15.0,24.0,Broken,Avoid/exit,43,0.9,9.9,-1.6,46.5,2,,Healthcare,33045112.0,116212.25
EMTRF,Element 29 Resources Inc,1.24,5,6,7,11,3,0,4,36,-13.0,23.0,Broken,Avoid/exit,50,-6.1,1.6,-2.2,46.6,1,,Basic Materials,188697568.0,72066.88
AMTD,AMTD IDEA Group,0.728,5,10,2,0,2,6,3,28,-6.0,23.0,Broken,Avoid/exit,12,2.2,-5.1,-1.4,44.8,1,,Financial Services,94910008.0,125968.1
OPGXX,OPGXX,1.0,2,4,8,4,3,1,4,26,-8.0,23.0,Broken,🔥 COILED: Avoid/exit,23,0.0,0.0,-11.1,40.9,0,,nan,nan,0.0
OPRXX,OPRXX,1.0,2,4,8,4,3,1,4,26,-8.0,23.0,Broken,🔥 COILED: Avoid/exit,24,0.0,0.0,-9.1,46.3,0,,nan,nan,0.0
VTGXX,VTGXX,1.0,2,4,8,4,3,1,4,26,-8.0,23.0,Broken,🔥 COILED: Avoid/exit,24,0.0,0.0,-11.1,40.9,0,,nan,nan,0.0
VTTXX,VTTXX,1.0,2,4,8,4,3,1,4,26,-8.0,23.0,Broken,🔥 COILED: Avoid/exit,23,0.0,0.0,-11.1,40.9,0,,nan,nan,0.0
OPTU,"Optimum Communications, Inc.",1.01,6,4,9,10,4,2,3,38,-15.0,23.0,Broken,Avoid/exit,27,-6.5,2.2,-0.3,50.9,1,,Communication Services,422844864.0,4044059.44
MSS,Maison Solutions Inc,1.66,14,6,3,4,5,4,5,41,-18.0,23.0,Broken,Avoid/exit,47,4.4,-3.5,2.0,52.0,1,,Consumer Defensive,3566193.0,190550.25
CRDL,Cardiol Therapeutics Inc Class A,1.69,5,3,0,9,5,4,2,28,-5.0,23.0,Broken,Avoid/exit,56,-9.1,-15.1,-9.1,39.4,1,,Healthcare,130257632.0,599821.96
GIBO,Global IBO Group Ltd,32.48,14,5,4,3,7,4,5,42,-15.0,23.0,Broken,Avoid/exit,43,-2.5,-0.7,0.4,54.0,1,,Communication Services,84001736.0,291798.66
GWLLF,Great Wall Motor Co Ltd,0.94,3,11,5,6,3,3,2,33,-10.0,23.0,Broken,Avoid/exit,19,0.0,0.0,-2.8,31.7,0,,Consumer Cyclical,11552563200.0,1952.5
ACMDY,Atlas Consolidated Mining and Development Corporation,1.35,2,4,10,6,0,2,4,28,-10.0,23.0,Broken,🔥 COILED: Avoid/exit,29,0.0,0.0,0.0,50.0,0,,Basic Materials,398445888.0,5.07
HNFD,HNFD,1.35,5,3,10,6,0,2,4,30,-10.0,23.0,Broken,Avoid/exit,32,0.0,0.0,-0.0,0.0,0,,Industrials,nan,142.65
BCTCF,BC Technology Group Limited,1.25,4,3,3,10,4,2,2,28,-5.0,23.0,Broken,Avoid/exit,22,8.7,-16.7,-9.5,27.6,1,,Financial Services,1321977856.0,73.6
SCTSF,Scottie Resources Corp,1.98,10,4,2,12,3,2,3,36,-13.0,23.0,Broken,Avoid/exit,50,-6.9,-5.4,-4.8,46.3,1,,Basic Materials,122323808.0,46799.19
ITXXF,Itaconix plc,2.29,15,3,10,5,6,3,4,46,-28.0,23.0,Broken,🔥 COILED: Avoid/exit,56,0.0,0.0,1.2,89.3,1,,Basic Materials,19959460.0,59.32
KITT,Nauticus Robotics Inc.,1.81,18,8,2,4,5,2,5,44,-21,23,Broken,⚠️ EXHAUSTION RISK: Avoid/exit,45,193.8,187.8,97.2,68.8,3,8,Industrials,8254826.0,630985.62
ZZHGY,ZhongAn Online P & C Insurance Co. Ltd,1.14,7,4,7,4,3,1,4,30,-10.0,23.0,Broken,Avoid/exit,15,0.0,0.0,-0.2,0.0,0,,Financial Services,2662004480.0,37.0
MRNFF,Meren Energy Inc.,1.52,2,8,3,9,7,4,2,35,-10.0,23.0,Broken,Avoid/exit,28,-3.2,-7.3,-3.7,40.4,2,,Energy,1115590272.0,162410.28
INM,InMed Pharmaceuticals Inc,1.36,10,8,8,5,2,2,3,38,-15.0,23.0,Broken,Avoid/exit,37,-1.4,4.6,-0.8,47.2,1,,Healthcare,5169938.0,669290.61
ALEC,Alector Inc,1.92,1,9,2,9,5,0,2,28,-5.0,23.0,Broken,Avoid/exit,31,-0.5,-13.1,-6.7,43.2,1,,Healthcare,200955584.0,1464147.9
MPGPF,PageGroup plc,2.8,15,4,6,2,4,0,5,36,-13.0,23.0,Broken,Avoid/exit,0,0.0,-7.6,11.6,77.3,0,,Industrials,488840832.0,0.0
REAX,Real Brokerage Inc,16.03,14,7,1,3,7,0,2,34,-11.0,23.0,Broken,Avoid/exit,62,-6.9,-19.1,-2.1,52.1,1,,Real Estate,347669376.0,2171993.21
TCMFF,Telecom Argentina S.A,1.55,12,5,5,0,6,2,5,35,-12.0,23.0,Broken,Avoid/exit,57,0.0,44.1,10.4,61.1,2,,Communication Services,3768954112.0,0.0
LLESY,Lend Lease Group,1.91,1,7,3,7,3,0,2,23,0.0,23.0,Broken,Avoid/exit,21,-17.0,-17.0,-8.9,37.7,1,,Real Estate,1291966592.0,0.0
HLOSF,Healios K.K,1.8,8,5,7,5,3,1,4,33,-15.0,23.0,Broken,🔥 COILED: Avoid/exit,30,0.0,0.0,-0.0,47.3,1,,Healthcare,243003424.0,105.75
JELD,Jeld-Wen Holding Inc,1.77,6,8,3,3,5,4,2,31,-11.0,23.0,Broken,Avoid/exit,37,3.5,-13.7,-8.0,42.8,1,,Industrials,160241456.0,1692933.17
MDAI,Spectral AI Inc.,1.61,6,13,8,5,4,0,5,41,-18.0,23.0,Broken,Avoid/exit,31,-3.0,0.0,-0.1,49.4,1,,Healthcare,61738532.0,607696.62
NAK,Northern Dynasty Minerals Ltd,1.46,6,14,5,2,3,2,2,34,-11.0,23.0,Broken,Avoid/exit,26,5.0,5.0,0.9,48.7,2,,Basic Materials,1173851904.0,10613769.3
THM,International Tower Hill Mines Ltd,2.57,13,5,4,14,3,1,3,43,-20.0,23.0,Broken,Avoid/exit,52,-2.3,10.3,-1.1,50.0,3,,Basic Materials,661903040.0,1228807.46
IDPUF,IDP Education Limited,2.03,8,4,7,3,3,1,4,30,-10.0,23.0,Broken,Avoid/exit,18,0.0,0.0,-0.0,0.0,0,,Consumer Defensive,565022528.0,35.37
HTLM,HomesToLife Ltd,1.75,6,4,8,9,0,0,4,31,-8.0,23.0,Broken,Avoid/exit,32,-4.9,-2.2,-2.5,44.8,0,,Consumer Cyclical,172648448.0,133777.91
MOGU,MOGU Inc,1.86,3,7,9,8,3,0,3,33,-10.0,23.0,Broken,Avoid/exit,28,-0.5,-1.1,-1.6,46.4,0,,Consumer Cyclical,16837700.0,382380.88
CMHHF,China Merchants Port Holdings Company Limited,1.928,9,4,7,11,3,2,5,41,-18.0,23.0,Broken,Avoid/exit,37,-4.8,-11.1,-3.8,48.2,0,,Industrials,8941759488.0,8937.58
CIBEY,Commercial International Bank,2.39,1,6,3,9,0,2,2,23,0.0,23.0,Broken,Avoid/exit,24,-2.4,-1.2,-3.4,37.6,0,,Financial Services,8050238464.0,13047.64
CCO,Clear Channel Outdoor Holdings Inc,2.36,9,5,2,3,3,5,4,31,-11.0,23.0,Broken,Avoid/exit,45,-0.8,-0.8,-0.5,43.4,1,,Communication Services,1226650368.0,4953918.01
MCRNF,Micro-Mechanics (Holdings) Ltd,2.17,8,4,6,2,3,3,4,30,-10.0,23.0,Broken,Avoid/exit,44,0.0,0.0,-0.0,31.6,0,,Technology,327420096.0,0.0
AMTX,Aemetis Inc,1.845,7,12,5,4,6,4,3,41,-18.0,23.0,Broken,Avoid/exit,36,-11.7,-5.4,-2.9,47.9,1,,Basic Materials,173101536.0,1228378.12
SORA,Top Win International Limited,2.08,6,11,5,3,6,0,5,36,-13.0,23.0,Broken,Avoid/exit,33,-8.4,-6.3,-4.3,46.1,0,,Consumer Cyclical,62035676.0,59611.7
ORXGF,Orca Energy Group Inc,1.61,1,6,0,9,3,0,2,21,2.0,23.0,Broken,Avoid/exit,19,-3.6,-17.1,-13.6,34.1,0,,Energy,48315192.0,0.0
VROYF,VROYF,2.944,11,4,9,6,3,4,3,40,-17.0,23.0,Broken,Avoid/exit,50,-7.1,-4.6,-4.6,44.8,1,,Basic Materials,nan,47030.45
DGQTF,DGQTF,1.9,6,5,5,4,4,3,3,30,-10.0,23.0,Broken,Avoid/exit,45,0.0,0.0,-0.2,49.9,0,,nan,nan,0.0
SPASF,SATS Ltd,3.0,1,6,5,3,8,6,2,31,-8.0,23.0,Broken,Avoid/exit,33,4.9,-9.1,-3.6,41.5,0,,Industrials,3943858944.0,0.0
TNLIF,Trainline Plc,3.4,12,6,7,5,6,1,4,41,-23.0,23.0,Broken,🔥 COILED: Avoid/exit,45,0.0,0.0,0.6,100.0,0,,Consumer Cyclical,1064314496.0,82.2
DFDV,DeFi Development Corp.,5.575,13,3,4,10,3,0,5,38,-15.0,23.0,Broken,Avoid/exit,52,-14.4,6.8,3.5,55.0,1,,Financial Services,90806392.0,1593137.56
XCUR,Exicure Inc,1.235,3,8,8,3,3,6,2,33,-11.0,23.0,Broken,Avoid/exit,22,-2.0,-9.9,-4.8,42.3,1,,Healthcare,18866854.0,231096.98
SOLLY,Shui On Land Ltd ADR,3.1,6,6,10,5,3,1,4,35,-15.0,23.0,Broken,Avoid/exit,0,0.0,0.0,-0.4,26.3,1,,Real Estate,542905088.0,29.79
SST,System1 Inc,2.71,8,4,2,8,3,2,5,32,-9.0,23.0,Broken,Avoid/exit,38,-30.2,-16.9,-12.6,45.6,1,,Industrials,31904936.0,1079758.78
BVENY,BVENY,3.426,1,4,6,9,0,1,2,23,0.0,23.0,Broken,Avoid/exit,0,-8.7,-8.5,-8.1,16.3,0,,Energy,1851204224.0,0.0
VERU,Veru Inc,2.525,12,11,5,0,3,2,2,35,-13.0,23.0,Broken,Avoid/exit,35,3.5,7.9,0.9,50.7,2,,Healthcare,54571088.0,634014.67
VSTM,Verastem Inc,7.77,16,9,9,5,7,2,5,53,-28.0,23.0,Broken,Avoid/exit,61,-2.8,3.5,1.6,54.9,1,,Healthcare,339192256.0,2176157.71
SPPL,SIMPPLE LTD. Ordinary Shares,2.06,2,11,2,7,2,1,3,28,-5.0,23.0,Broken,Avoid/exit,13,-14.2,-4.4,-3.9,46.2,1,,Industrials,36991780.0,336777.75
YTFD,Yacht Finders Inc,3.99,12,4,3,4,4,7,4,38,-20.0,23.0,Broken,🔥 COILED: Avoid/exit,35,32.6,0.0,1.4,51.9,0,,Financial Services,20744010.0,4.5
QBAK,Qualstar Corporation,4.55,18,5,4,14,7,2,5,55,-30,23,Broken,Avoid/exit,47,46.8,44.4,30.7,76.1,3,,Industrials,15534596.0,3862.6
WAINX,WASATCH EMERGING INDIA FUND INVESTOR CLASS SHARES,4.09,4,2,1,7,2,5,2,23,0.0,23.0,Broken,Avoid/exit,27,-3.3,-4.4,-3.1,36.6,0,,nan,0.0,0.0
WIINX,WASATCH EMERGING INDIA FUND INSTITUTIONAL CLASS SHARES,4.2,4,2,1,7,2,5,2,23,0.0,23.0,Broken,Avoid/exit,28,-3.4,-4.5,-3.1,36.9,0,,nan,0.0,0.0
BTQ,BTQ Technologies Corp. Common Stock,2.86,5,13,8,1,3,4,2,36,-11.0,23.0,Broken,Avoid/exit,27,-0.3,1.1,-1.7,45.5,2,,Technology,599370304.0,3522258.8
TAOFF,Hyperion Metals Limited,2.0,1,4,6,10,3,2,2,28,-5.0,23.0,Broken,Avoid/exit,30,2.0,-8.0,-4.3,23.2,1,,Basic Materials,1517046656.0,5050.36
GGT,Gabelli MultiMedia Mutual Fund,3.98,1,10,8,1,4,3,3,30,-10.0,23.0,Broken,Avoid/exit,18,-1.0,-1.5,-1.1,40.1,0,,Financial Services,179154272.0,242261.86
RKUNF,Rakuten Group Inc,4.475,1,9,3,9,2,0,2,26,-3.0,23.0,Broken,Avoid/exit,27,-7.7,-4.1,-1.3,47.6,1,,Consumer Cyclical,10238080000.0,0.0
KKPNY,Koninklijke KPN NV ADR,4.62,1,7,2,10,0,0,3,23,2.0,23.0,Broken,Avoid/exit,27,-1.3,-5.1,-1.7,43.6,0,,Communication Services,18715381760.0,578395.13
PYTCF,Playtech plc,6.1,18,4,4,14,6,2,5,53,-30,23,Broken,Avoid/exit,61,0.0,11.9,6.1,100.0,3,,Consumer Cyclical,1144733824.0,381.74
YI,111 Inc,3.52,6,6,4,11,1,4,4,36,-13.0,23.0,Broken,Avoid/exit,26,-3.6,0.6,-0.7,48.6,1,,Healthcare,41521668.0,25838.93
SERKF,Serko Limited,0.755,7,5,6,4,3,1,4,30,-13.0,22.0,Broken,🔥 COILED: Avoid/exit,20,0.0,0.0,-0.2,41.7,1,,Technology,128520792.0,79.01
AZI,Autozi Internet Technology (Global) Ltd. Class A Ordinary Shares,1.19,7,9,8,0,4,6,2,36,-15.0,22.0,Broken,Avoid/exit,32,1.7,-2.5,-3.1,45.2,2,,Consumer Cyclical,3280622.0,512297.58
FIDXX,FIDXX,1.0,2,4,9,4,3,1,4,27,-10.0,22.0,Broken,🔥 COILED: Avoid/exit,26,0.0,0.0,-10.9,40.9,0,,nan,nan,0.0
LDIXX,LDIXX,1.0,2,4,9,4,3,1,4,27,-10.0,22.0,Broken,🔥 COILED: Avoid/exit,24,0.0,0.0,-11.0,40.9,0,,nan,nan,0.0
LEIXX,LEIXX,1.0,2,4,9,4,3,1,4,27,-10.0,22.0,Broken,🔥 COILED: Avoid/exit,24,0.0,0.0,-11.0,40.9,0,,nan,nan,0.0
WMNXX,WMNXX,1.0,2,4,9,4,3,1,4,27,-10.0,22.0,Broken,🔥 COILED: Avoid/exit,24,0.0,0.0,-11.0,40.9,0,,nan,nan,0.0
WOMXX,WOMXX,1.0,2,4,9,4,3,1,4,27,-10.0,22.0,Broken,🔥 COILED: Avoid/exit,27,0.0,0.0,-7.5,44.5,0,,nan,nan,0.0
CCXIW,Churchill Capital Corp XI Warrants,6.11,6,12,6,6,2,6,2,40,-18.0,22.0,Broken,Avoid/exit,47,-8.3,19.8,-3.4,46.9,2,,nan,nan,0.0
SNOA,Sonoma Pharmaceuticals Inc,1.26,6,6,9,3,7,2,2,35,-13.0,22.0,Broken,Avoid/exit,44,0.8,-2.3,-1.4,47.0,1,,Healthcare,3959851.0,87041.03
GORO,Gold Resource Corporation,3.36,11,6,3,0,3,4,2,29,-10.0,22.0,Broken,Avoid/exit,45,-4.8,-5.9,-4.1,47.6,0,,Basic Materials,207218912.0,3294246.97
ICMB,Investcorp Credit Management BDC Inc,0.855,6,6,8,5,3,0,4,32,-10.0,22.0,Broken,Avoid/exit,22,-0.8,-1.7,-0.6,48.0,1,,Financial Services,17391130.0,45383.86
BTCS,BTCS Inc,1.55,15,11,3,15,5,0,5,54,-30,22,Broken,Avoid/exit,42,-5.2,14.0,6.5,57.4,3,,Financial Services,64707980.0,1398821.76
GTIM,Good Times Restaurants Inc,1.48,10,6,7,6,3,5,3,40,-18.0,22.0,Broken,Avoid/exit,48,-3.3,-2.0,-1.8,44.9,0,,Consumer Cyclical,13830843.0,55365.54
AMST,Amesite Operating Co,1.01,7,5,9,8,2,2,2,35,-13.0,22.0,Broken,Avoid/exit,28,-5.6,-1.0,-3.2,44.0,1,,Technology,8135649.0,1319291.31
WCT,Wellchange Holdings Company Limited,7.94,15,1,7,14,7,3,5,52,-30,22,Broken,Avoid/exit,57,2.2,13.1,28.2,82.8,3,,Technology,7466693.0,501469.51
LNKS,Linkers Industries Limited Class A Ordinary Shares,0.93,6,6,8,10,0,0,5,35,-13.0,22.0,Broken,Avoid/exit,31,-2.1,-9.7,-5.1,43.8,1,,Industrials,2458117.0,508866.53
AIFF,"Firefly Neuroscience, Inc.",1.69,15,5,4,9,7,6,5,51,-29,22,Broken,Avoid/exit,46,37.4,61.0,34.1,64.9,3,,Technology,25693436.0,3879881.17
BLUMY,Blue Moon Group Holdings Limited,2.25,17,4,5,11,6,2,5,50,-28.0,22.0,Broken,Avoid/exit,55,0.0,21.6,8.1,98.2,3,,Consumer Defensive,2081780864.0,40.46
IPM,Intelligent Protection Management Corp,1.81,6,8,6,1,9,2,3,35,-11.0,22.0,Broken,Avoid/exit,31,0.0,-2.2,-1.4,45.1,2,,Technology,25550030.0,366868.57
ITMPF,ITM Power Plc,1.28,0,6,7,9,0,0,2,24,-5.0,22.0,Broken,Avoid/exit,20,-4.1,-11.7,-6.2,38.3,2,,Industrials,1601267968.0,20596.63
SEAN,Saean Group Inc.,0.29,5,4,8,5,3,3,4,32,-10.0,22.0,Broken,Avoid/exit,13,0.0,0.0,-1.8,15.8,0,,Consumer Cyclical,713702208.0,0.23
UGSDX,U.S. GOVERNMENT SECURITIES ULTRA-SHORT BOND FUND U.S. GOVERNMENT SECURITIES ULTRA-SHORT BOND FUND,1.94,4,4,8,6,0,4,3,29,-10.0,22.0,Broken,Avoid/exit,15,0.0,0.0,-0.1,18.9,0,,nan,0.0,0.0
GUOSF,Guotai Junan Securities Co. Ltd,2.0,10,6,11,6,3,2,4,42,-23.0,22.0,Broken,Avoid/exit,44,0.0,0.0,0.0,95.1,0,,Financial Services,35257851904.0,2.0
EAXR,Flint Telecom Group,0.598,6,7,7,3,3,2,4,32,-13.0,22.0,Broken,Avoid/exit,15,0.0,0.0,-1.8,44.2,1,,Technology,120243072.0,1942.5
LFS,"LEIFRAS Co., Ltd. American Depositary Shares",2.14,4,6,8,3,2,4,2,29,-10.0,22.0,Broken,Avoid/exit,32,-0.5,0.0,-1.6,44.9,0,,Communication Services,54675692.0,0.0
XTLB,XTL Biopharmaceuticals Ltd ADR,2.23,3,7,7,9,2,0,2,30,-8.0,22.0,Broken,Avoid/exit,44,-6.3,-8.2,-8.0,40.0,1,,Healthcare,4802184.0,714385.05
GMLPF,Golar LNG Partners LP Series A Pref,0.315,3,11,4,2,4,4,2,30,-8.0,22.0,Broken,Avoid/exit,30,-1.6,0.0,-8.1,44.7,0,,Energy,nan,18369.5
BCARW,D. Boral ARC Acquisition I Corp. Warrant,0.59,8,15,2,6,3,6,2,42,-23.0,22.0,Broken,Avoid/exit,24,29.5,11.3,-4.3,45.7,3,,nan,nan,0.0
IGTAU,Inception Growth Acquisition Ltd Unit,2.31,10,6,11,6,3,2,4,42,-23.0,22.0,Broken,Avoid/exit,29,0.0,0.0,0.0,80.3,0,,Financial Services,nan,2.05
SPRO,Spero Therapeutics Inc,1.19,10,8,4,6,0,1,3,32,-10.0,22.0,Broken,Avoid/exit,15,4.4,4.4,-1.2,46.6,0,,Healthcare,163282208.0,484021.22
EVTK,Eventiko Inc,2.0,6,3,8,2,3,3,4,29,-10.0,22.0,Broken,Avoid/exit,20,0.0,0.0,-3.3,3.0,0,,Consumer Cyclical,12577500.0,89.64
BAMIF,Blue Ant Media Corporation,4.05,7,3,7,5,3,5,2,32,-10.0,22.0,Broken,Avoid/exit,0,-5.4,-7.3,-4.3,37.2,0,,Communication Services,111428744.0,0.0
WIGOX,WASATCH GLOBAL OPPORTUNITIES FUND INSTITUTIONAL CLASS SHARES,3.99,5,3,4,7,0,1,2,22,0.0,22.0,Broken,Avoid/exit,31,-1.7,-1.2,-1.8,38.2,0,,nan,0.0,0.0
JSNSF,J Sainsbury plc,4.29,1,4,5,10,0,2,4,26,0.0,22.0,Broken,Avoid/exit,14,-6.9,-4.9,-4.6,43.1,0,,Consumer Defensive,9118178304.0,0.0
TTTRF,Treatt plc,3.5,3,4,1,10,3,4,2,27,-1.0,22.0,Broken,Avoid/exit,32,-12.5,-12.5,-11.3,17.0,0,,Basic Materials,236140528.0,446.83
CAMP,CAMP4 THERAPEUTICS CORPORATION,3.85,1,6,2,9,5,0,2,25,-3.0,22.0,Broken,Avoid/exit,30,-7.7,-9.4,-5.6,43.4,1,,Healthcare,216530592.0,365387.26
LDDFF,Liberty Defense Holdings Ltd,4.01,4,10,7,3,2,2,2,30,-11.0,22.0,Broken,Avoid/exit,33,-2.4,-1.5,-3.4,43.2,1,,Industrials,8175328.0,24123.49
XGN,Exagen Inc,8.48,17,7,6,14,3,0,5,52,-30,22,Broken,Avoid/exit,61,-1.6,15.4,6.6,65.2,3,,Healthcare,115725632.0,384473.45
ZSTK,ZeroStack Corp.,4.24,7,13,7,0,5,0,2,34,-13.0,22.0,Broken,Avoid/exit,35,-1.9,-12.6,-1.3,50.4,2,,Financial Services,11909308.0,53654.27
BJDX,Bluejay Diagnostics Inc,0.96,9,12,5,10,3,3,5,47,-23.0,22.0,Broken,Avoid/exit,27,5.3,12.9,2.8,50.0,3,,Healthcare,5988620.0,678236.1
CHND,China Media Inc,1,2,4,10,6,3,2,4,31,-15.0,21.0,Broken,🔥 COILED: Avoid/exit,31,0.0,0.0,0.0,50.0,1,,Communication Services,39750000.0,6.77
GPAIF,Grounded People Apparel Inc.,1.03,2,4,10,6,3,2,4,31,-15.0,21.0,Broken,🔥 COILED: Avoid/exit,31,0.0,0.0,0.0,50.0,1,,Consumer Cyclical,28299496.0,14.75
MBHCF,MBH Corporation PLC,1,2,4,10,6,3,2,4,31,-15.0,21.0,Broken,🔥 COILED: Avoid/exit,31,0.0,0.0,0.0,50.0,1,,Real Estate,6667460.0,4.5
BUYXX,BUYXX,1.0,2,4,8,4,3,1,4,26,-10.0,21.0,Broken,🔥 COILED: Avoid/exit,24,0.0,0.0,-11.1,40.9,0,,nan,nan,0.0
BVYXX,BVYXX,1.0,2,4,8,4,3,1,4,26,-10.0,21.0,Broken,🔥 COILED: Avoid/exit,24,0.0,0.0,-11.0,40.9,0,,nan,nan,0.0
CAHXX,CAHXX,1.0,2,4,8,4,3,1,4,26,-10.0,21.0,Broken,🔥 COILED: Avoid/exit,24,0.0,0.0,-11.1,40.9,0,,nan,nan,0.0
CAJXX,CAJXX,1.0,2,4,8,4,3,1,4,26,-10.0,21.0,Broken,🔥 COILED: Avoid/exit,24,0.0,0.0,-11.0,40.9,0,,nan,nan,0.0
OPTXX,OPTXX,1.0,2,4,8,4,3,1,4,26,-10.0,21.0,Broken,🔥 COILED: Avoid/exit,24,0.0,0.0,-11.0,40.9,0,,nan,nan,0.0
TSSXX,TSSXX,1.0,2,5,8,5,3,1,2,26,-10.0,21.0,Broken,🔥 COILED: Avoid/exit,27,0.0,0.0,-9.9,40.9,0,,nan,nan,0.0
VTLXX,VTLXX,1.0,2,4,8,4,3,1,4,26,-10.0,21.0,Broken,🔥 COILED: Avoid/exit,24,0.0,0.0,-11.0,40.9,0,,nan,nan,0.0
QSI,QuantumSi Inc,0.795,13,6,10,6,2,2,4,43,-22.0,21.0,Broken,Avoid/exit,29,5.2,9.7,3.0,53.5,2,,Healthcare,278732992.0,7199786.3
INPEF,INPEF,1.08,2,4,10,6,3,2,4,31,-15.0,21.0,Broken,🔥 COILED: Avoid/exit,0,0.0,0.0,0.0,50.0,1,,Healthcare,nan,0.0
GBCEY,Globe Trade Centre SA ADR,1.23,5,3,10,6,3,2,4,33,-15.0,21.0,Broken,Avoid/exit,28,0.0,0.0,-0.0,0.0,1,,Real Estate,353166880.0,67.88
NOWGD,Nowigence Inc,1.24,5,3,8,6,3,5,3,33,-15.0,21.0,Broken,Avoid/exit,29,0.0,0.0,-1.6,42.9,1,,Technology,25731354.0,407.11
LNGPF,Longfor Group Holdings Limited,0.817,4,3,7,4,3,3,4,28,-10.0,21.0,Broken,Avoid/exit,15,0.0,0.0,-0.6,21.8,0,,Real Estate,9264275456.0,1.9
FTEK,Fuel Tech Inc,1.65,10,5,2,9,3,2,5,36,-15.0,21.0,Broken,Avoid/exit,51,-10.8,-5.7,-1.0,50.6,1,,Industrials,45501264.0,217579.61
UCAR,U Power Limited Ordinary Shares,4.328,13,4,4,5,5,0,5,36,-15.0,21.0,Broken,Avoid/exit,49,-2.3,8.8,19.5,58.5,2,,Consumer Cyclical,36554564.0,4217853.19
IAUX,i-80 Gold Corp.,1.65,8,3,8,10,3,0,2,34,-13.0,21.0,Broken,Avoid/exit,51,-5.2,-2.4,-4.9,44.8,1,,Basic Materials,1258594688.0,10172980.15
HSTXF,Heliostar Metals Ltd,1.65,8,9,10,3,7,2,4,43,-23.0,21.0,Broken,Avoid/exit,55,0.6,1.9,1.3,53.3,1,,Basic Materials,393549024.0,248880.5
SXTP,"60 Degrees Pharmaceuticals, Inc. Common Stock",1.25,16,13,7,2,4,2,5,49,-28,21,Broken,Avoid/exit,27,23.8,39.0,17.8,65.3,3,,Healthcare,3855967.0,1436125.38
TUNGF,American Tungsten Corp.,1.36,9,4,3,9,3,3,5,36,-15.0,21.0,Broken,Avoid/exit,44,-2.9,-8.7,-2.5,49.4,1,,Basic Materials,103212648.0,395679.2
HYFT,ImmunoPrecise Antibodies Ltd.,1.34,7,7,4,11,3,0,2,34,-13.0,21.0,Broken,Avoid/exit,29,-8.8,0.8,-0.8,49.1,1,,Healthcare,84081352.0,616654.55
ONXYY,Ontex Group NV,1.655,7,3,6,2,3,3,4,28,-10.0,21.0,Broken,Avoid/exit,20,0.0,0.0,-0.7,0.0,0,,Consumer Defensive,285445952.0,37.25
HSCS,Heart Test Laboratories Inc. Common Stock,4.43,17,5,3,14,3,4,5,51,-30,21,Broken,Avoid/exit,61,-5.3,25.1,9.6,60.0,3,,Healthcare,6401247.0,41394.27
CIMDF,CIMB Group Holdings Berhad,1.657,0,2,3,8,2,4,2,21,0.0,21.0,Broken,Avoid/exit,20,-17.2,-37.9,-17.8,41.4,0,,Financial Services,21607139328.0,0.0
FNCHF,FINEOS Corporation Holdings plc,2.16,9,6,11,6,3,2,4,41,-23.0,21.0,Broken,Avoid/exit,47,0.0,0.0,0.0,100.0,0,,Technology,745289792.0,172.5
FIGI,Freedom Internet Group Inc,2.05,2,4,10,6,3,2,4,31,-15.0,21.0,Broken,🔥 COILED: Avoid/exit,31,0.0,0.0,0.0,50.0,1,,Financial Services,22821026.0,3.75
OQLGF,Olympique Lyonnais Groupe SA,2.3,2,4,10,6,3,2,4,31,-15.0,21.0,Broken,🔥 COILED: Avoid/exit,32,0.0,0.0,0.0,50.0,1,,Communication Services,376590208.0,0.83
FALC,FalconStor Software Inc,1.68,2,7,4,9,4,3,5,34,-13.0,21.0,Broken,Avoid/exit,22,-1.2,-8.7,-2.7,44.8,1,,Technology,20745070.0,3197.89
WLSS,Welsis Corp.,0.6,3,3,10,5,3,5,4,33,-15.0,21.0,Broken,Avoid/exit,17,0.0,0.0,-1.9,0.1,1,,Healthcare,6854141.0,62.4
DAMD,Defiance Daily Target 2X Short AMD ETF,9.02,10,8,5,6,8,0,5,42,-21.0,21.0,Broken,Avoid/exit,53,1.7,-37.6,5.7,56.1,1,,nan,nan,0.0
NDBI,NUCLEAR DIAMOND BATTERIES INC.,2.14,8,9,3,3,3,0,5,31,-10.0,21.0,Broken,Avoid/exit,34,-2.7,34.6,16.3,54.3,2,,Industrials,nan,307.71
CERS,Cerus Corporation,2.45,6,6,9,9,0,2,2,34,-13.0,21.0,Broken,Avoid/exit,40,-4.3,-3.9,-5.5,40.4,1,,Healthcare,559029440.0,1711032.73
ARHVF,Archer Limited,2.4,0,1,3,8,3,4,2,21,0.0,21.0,Broken,Avoid/exit,28,-7.7,-7.7,-4.2,26.0,1,,Energy,290523648.0,0.0
CHLLF,China Literature Limited,2.55,5,3,10,6,3,2,4,33,-15.0,21.0,Broken,Avoid/exit,19,0.0,0.0,-0.0,0.0,1,,Communication Services,2992922624.0,19.76
YITJF,YITJF,2.91,2,4,10,6,3,2,4,31,-15.0,21.0,Broken,🔥 COILED: Avoid/exit,0,0.0,0.0,0.0,50.0,1,,Industrials,671180096.0,0.0
PUMSY,PUMA SE,2.59,5,15,3,5,3,3,2,36,-13.0,21.0,Broken,Avoid/exit,28,1.2,4.9,-0.6,45.0,1,,Consumer Cyclical,4801663488.0,43979.23
HYDTF,Hydreight Technologies Inc.,2.261,4,12,2,3,4,2,2,29,-6.0,21.0,Broken,Avoid/exit,17,-0.2,0.5,-4.9,40.7,1,,Healthcare,191671648.0,49861.19
BBD,Banco Bradesco SA ADR,3.35,3,4,5,10,1,0,5,28,-10.0,21.0,Broken,Avoid/exit,29,-4.8,-5.4,-2.4,45.1,0,,Financial Services,35624357888.0,39989919.45
VZLA,Vizsla Resources Corp,3.82,12,4,5,9,3,0,2,35,-15.0,21.0,Broken,Avoid/exit,48,-6.1,0.8,-3.4,46.6,2,,Basic Materials,1240476288.0,7354552.47
DSWL,Deswell Industries Inc,3.08,5,9,5,5,0,0,4,28,-10.0,21.0,Broken,Avoid/exit,13,-1.3,1.3,-1.1,46.1,0,,Technology,52745640.0,15490.46
XVVRX,Invesco Senior Income Trust,3.34,2,6,3,6,3,4,4,28,-10.0,21.0,Broken,Avoid/exit,37,0.3,0.0,-0.1,41.5,0,,Other,0.0,0.0
AMDD,Direxion Daily AMD Bear 1X Shares,22.613,4,7,3,4,8,0,2,28,-8.0,21.0,Broken,Avoid/exit,45,-0.1,-20.9,-11.2,35.3,1,,nan,nan,11346648.43
LMPMY,Lee & Man Paper Manufacturing Ltd ADR,4.53,2,9,6,3,8,6,3,37,-16.0,21.0,Broken,Avoid/exit,52,1.8,-4.4,-0.4,47.7,0,,Basic Materials,1692230016.0,0.0
WAGOX,WASATCH GLOBAL OPPORTUNITIES FUND INVESTOR CLASS SHARES,3.92,5,3,3,7,0,1,2,21,0.0,21.0,Broken,Avoid/exit,27,-1.8,-1.3,-1.8,38.2,0,,nan,0.0,0.0
LDDFD,Liberty Defense Holdings Ltd,4.17,4,11,7,4,4,0,4,34,-13.0,21.0,Broken,Avoid/exit,35,-1.1,-7.3,-1.7,47.7,1,,Industrials,9262727.0,24121.35
HLNCF,Haleon plc,4.524,1,13,4,6,3,2,2,31,-13.0,21.0,Broken,Avoid/exit,40,0.3,-3.0,-2.3,42.9,1,,Healthcare,39219437568.0,39190.61
HSLV,Highlander Silver Corp.,5.12,4,3,6,8,3,0,2,26,-5.0,21.0,Broken,Avoid/exit,38,-10.2,-6.1,-5.8,43.9,2,,Basic Materials,1000843264.0,0.0
OWLT,Owlet Inc,5.11,11,13,10,6,4,1,4,49,-28.0,21.0,Broken,Avoid/exit,27,2.6,8.3,1.7,51.3,2,,Healthcare,148195968.0,245365.47
XIGRX,Voya Clarion Global Re Incm Fd,12.12,15,2,4,7,3,1,5,37,-16.0,21.0,Broken,Avoid/exit,49,-2.7,-5.0,13.4,80.7,0,,Other,0.0,0.0
NQCCX,NUVEEN NWQ LARGE-CAP VALUE FUND CLASS C,4.62,3,2,2,7,0,5,2,21,0.0,21.0,Broken,Avoid/exit,39,-2.3,-2.7,-2.3,33.4,0,,nan,0.0,0.0
NARAX,VIRTUS MULTI-SECTOR SHORT TERM BOND FUND CLASS A,4.48,2,12,1,6,3,2,3,29,-8.0,21.0,Broken,Avoid/exit,22,-0.4,-0.4,-0.5,20.4,0,,nan,0.0,0.0
AYAAY,Ayala Land Inc,4.03,6,3,7,2,3,3,4,28,-10.0,21.0,Broken,Avoid/exit,18,0.0,0.0,-1.1,0.0,0,,Real Estate,3577076224.0,5.52
FTCO,Fortitude Gold Corp,4.57,0,6,3,7,0,3,2,21,0.0,21.0,Broken,Avoid/exit,29,-3.2,-2.4,-2.3,39.7,1,,Basic Materials,130781632.0,69766.88
AVCTF,Avacta Group Plc,0.938,4,4,2,9,2,0,4,25,-5.0,20.0,Broken,Avoid/exit,30,-10.7,-1.8,-3.4,41.1,1,,Healthcare,455110272.0,5244.28
SACH,Sachem Capital Corp,0.903,8,4,6,9,3,4,4,38,-18.0,20.0,Broken,Avoid/exit,31,-5.4,-8.8,-1.6,48.0,1,,Real Estate,48914760.0,278496.85
GRAN,Grande Group Limited Class A Ordinary Shares,1.02,4,5,5,11,0,6,2,33,-13.0,20.0,Broken,Avoid/exit,30,-6.8,5.4,-8.3,42.2,1,,Financial Services,24388200.0,162701.83
JRVXX,JPMorgan Trust I - JPMorgan Prime Money Market Fund,1.0,3,4,5,6,4,4,4,30,-10.0,20.0,Broken,Avoid/exit,24,0.0,-0.0,-0.0,37.5,0,,nan,nan,0.0
TSMXX,TSMXX,1.0,2,5,8,4,3,1,2,25,-10.0,20.0,Broken,🔥 COILED: Avoid/exit,21,0.0,0.0,-11.9,40.9,0,,nan,nan,0.0
TRSXX,TRSXX,1.0,2,5,7,5,3,1,2,25,-10.0,20.0,Broken,🔥 COILED: Avoid/exit,23,0.0,0.0,-8.2,46.3,0,,nan,nan,0.0
FLTTX,WisdomTree Floating Rate Trsy Dgtl N/A,1.003,1,9,5,6,6,2,4,33,-13.0,20.0,Broken,Avoid/exit,31,-0.3,-0.2,-0.1,48.0,0,,nan,nan,0.0
GCCXX,Goldman Sachs Central Govt Inst,1.0,3,3,9,4,3,1,4,27,-10.0,20.0,Broken,Avoid/exit,0,0.0,0.0,-13.2,39.5,0,,nan,nan,0.0
KGDEF,Kingdee International Software Group Company Limited,0.991,7,4,6,3,3,1,3,27,-10.0,20.0,Broken,Avoid/exit,29,0.0,-2.9,-0.5,49.9,0,,Technology,3715807232.0,63.96
CLCHF,CLCHF,0.9,12,10,3,5,4,2,5,41,-21,20,Broken,Avoid/exit,0,62.9,18.4,20.7,55.9,3,7,Basic Materials,398180064.0,0.0
SMRT,SmartRent Inc,1.19,4,11,4,2,7,3,2,33,-13.0,20.0,Broken,Avoid/exit,42,2.6,2.6,-1.9,45.3,1,,Technology,237190816.0,1067639.58
FAMI,Farmmi Inc,0.134,7,9,6,4,4,3,5,38,-16.0,20.0,Broken,Avoid/exit,22,3.3,3.3,3.1,47.7,1,,Consumer Defensive,17683468.0,102520.14
PCCYF,PetroChina Co Ltd Class H,1.18,1,8,2,8,5,0,2,26,-6.0,20.0,Broken,Avoid/exit,22,-2.9,-8.5,-3.4,43.8,0,,Energy,332594642944.0,60165.28
CVPUF,CP ALL Public Company Limited,1.4,17,5,2,5,6,0,5,40,-23.0,20.0,Broken,Avoid/exit,51,0.0,7.7,3.7,100.0,0,,Consumer Defensive,15148871680.0,0.0
LRE,"Lead Real Estate Co., Ltd American Depositary Shares",1.09,1,1,2,8,2,4,2,20,0.0,20.0,Broken,Avoid/exit,23,0.0,-12.8,-7.2,31.4,0,,Real Estate,17188796.0,304460.96
WDH,Waterdrop Inc ADR,1.03,7,9,6,5,2,0,5,34,-14.0,20.0,Broken,Avoid/exit,27,-2.8,-1.0,0.0,49.2,0,,Financial Services,517394816.0,318248.7
BZFD,BuzzFeed Inc,1.06,3,13,8,0,4,0,2,30,-11.0,20.0,Broken,Avoid/exit,19,-5.4,-4.5,-2.4,44.4,2,,Communication Services,115158496.0,1261153.4
CGIUF,ESR-REIT,1.66,7,3,11,6,3,6,4,40,-23.0,20.0,Broken,Avoid/exit,44,0.0,0.0,0.0,91.6,0,,Real Estate,1336358144.0,0.0
GANX,Gain Therapeutics Inc,1.77,4,8,8,1,4,2,4,31,-15.0,20.0,Broken,Avoid/exit,32,-3.8,1.7,-2.2,46.3,1,,Healthcare,79336512.0,937278.32
SMSOF,Samsonite International S.A,1.58,3,3,8,3,3,5,2,27,-10.0,20.0,Broken,Avoid/exit,30,0.0,-0.6,-1.1,31.1,0,,Consumer Cyclical,2491193856.0,8247.53
GMGMF,Graphene Manufacturing Group Ltd,1.772,14,9,5,6,6,7,5,52,-30,20,Broken,Avoid/exit,57,6.0,8.7,3.4,56.0,3,,Basic Materials,228775712.0,255434.92
EJH,E-Home Household Service Holdings Ltd,1.209,4,8,7,4,2,2,2,29,-10.0,20.0,Broken,Avoid/exit,27,-1.7,-0.9,-3.4,45.0,1,,Consumer Cyclical,4800231.0,586233.55
ITJTY,Intrum AB (publ),0.656,16,4,9,13,3,0,5,50,-30,20,Broken,Avoid/exit,24,0.0,110.9,31.2,74.6,3,,Financial Services,250084512.0,120.78
NCNA,NuCana PLC,1.29,5,11,8,0,4,4,2,34,-14.0,20.0,Broken,Avoid/exit,22,-2.3,-2.3,-4.4,41.2,0,,Healthcare,8636090.0,171552.43
ACDSF,Ascendas Real Estate Investment Trust,1.79,6,3,9,0,3,3,3,27,-10.0,20.0,Broken,Avoid/exit,22,0.0,-1.6,-0.9,40.9,0,,Real Estate,9982722048.0,13083.79
BNC,CEA Industries Inc.,5.63,13,3,3,14,3,4,5,45,-25.0,20.0,Broken,Avoid/exit,44,-14.3,6.8,10.4,60.2,1,,Industrials,110242304.0,559724.98
DZZ,DB Gold Double Short ETN,1.73,7,6,8,3,0,3,4,31,-10.0,20.0,Broken,Avoid/exit,25,0.0,-0.6,-0.1,48.8,0,,nan,nan,79848.57
VMMNF,VMMNF,2.59,2,4,2,7,3,0,2,20,-5.0,20.0,Broken,🔥 COILED: Avoid/exit,0,4.0,-6.2,-3.5,41.0,1,,Basic Materials,297771104.0,0.0
GAMB,Gambling.com Group Ltd,0.316,3,3,3,9,0,6,5,29,-9.0,20.0,Broken,Avoid/exit,9,-15.1,-5.4,-18.4,36.8,1,,Consumer Cyclical,84590824.0,747043.22
SCWO,374Water Inc. Common Stock,2.94,12,4,5,6,3,4,5,39,-19.0,20.0,Broken,Avoid/exit,50,2.8,-5.2,-2.0,50.2,1,,Industrials,44963444.0,290717.04
GDRX,Goodrx Holdings Inc,3.31,4,4,9,3,5,0,2,27,-10.0,20.0,Broken,Avoid/exit,45,-2.4,-7.0,-2.8,43.8,0,,Healthcare,965224768.0,2873906.5
DTZNY,DTZNY,1.675,3,8,2,8,4,0,5,30,-8.0,20.0,Broken,Avoid/exit,22,-1.5,-16.2,-7.6,46.5,1,,Basic Materials,2166382080.0,7304.36
HNNMY,H & M Hennes & Mauritz AB ADR,3.21,1,5,2,7,0,3,2,20,0.0,20.0,Broken,Avoid/exit,20,-1.2,-4.5,-4.8,34.3,0,,Consumer Cyclical,27936526336.0,107083.26
GRBMF,Grupo Bimbo S.A.B. De C.V.,3.19,3,8,3,6,3,3,2,28,-8.0,20.0,Broken,Avoid/exit,28,6.7,-4.8,-0.3,45.4,0,,Consumer Defensive,14461111296.0,0.0
TKECF,Tokyo Electric Power Co. Inc.,3.33,3,9,3,3,6,5,3,32,-15.0,20.0,Broken,Avoid/exit,41,-3.5,0.9,-1.4,47.2,1,,Utilities,5769727488.0,591.0
MZDAY,Mazda Motor Corp ADR,3.65,8,11,4,4,7,1,3,38,-18.0,20.0,Broken,Avoid/exit,60,-0.5,-0.8,-0.3,49.5,0,,Consumer Cyclical,4276687872.0,51183.45
SLE,Super League Enterprise Inc.,4.51,9,3,2,4,3,4,5,30,-10.0,20.0,Broken,Avoid/exit,39,-12.6,-1.3,-2.5,50.8,0,,Communication Services,5094194.0,341640.91
TTDU,T-REX 2X Long TTD Daily Target ETF,10.38,8,7,3,3,3,2,2,28,-8.0,20.0,Broken,Avoid/exit,44,-21.6,-32.9,-11.6,45.6,0,,nan,nan,0.0
FWDI,"Forward Industries, Inc.",8.05,17,5,5,15,3,0,5,50,-30,20,Broken,Avoid/exit,47,-1.5,15.8,12.9,63.1,3,,Consumer Cyclical,315148288.0,819638.03
EZRA,"Reliance Global Group, Inc.",2.62,9,6,8,3,5,5,3,39,-19.0,20.0,Broken,Avoid/exit,39,-1.1,-5.1,-2.2,47.1,1,,Financial Services,2061884.0,194251.78
OSSFF,Össur hf,4.525,9,5,8,5,6,1,4,38,-23.0,20.0,Broken,🔥 COILED: Avoid/exit,58,0.0,0.0,0.9,93.7,0,,Healthcare,1769210112.0,43.25
JAGGF,Jaguar Mining Inc,5.06,6,5,6,11,3,0,2,33,-13.0,20.0,Broken,Avoid/exit,43,-8.2,-10.4,-7.0,42.4,1,,Basic Materials,391668672.0,111284.0
NUVID,NUVID,0.021,3,3,8,5,3,1,4,27,-10.0,20.0,Broken,Avoid/exit,26,0.0,0.0,-74.5,12.0,0,,Financial Services,12020000.0,9.87
LPFCX,ALPS/RED ROCKS LISTED PRIVATE EQUITY FUND CLASS C,4.19,0,3,3,7,0,5,2,20,0.0,20.0,Broken,Avoid/exit,21,-3.5,-4.3,-3.7,32.7,0,,nan,0.0,0.0
TLOFF,Talon Metals Corp,6.46,13,4,5,3,5,2,5,37,-15.0,20.0,Broken,Avoid/exit,54,-6.8,-8.4,0.2,53.0,2,,Basic Materials,782643328.0,959030.34
XYF,X Financial Class A,5.13,8,9,3,3,3,2,2,30,-10.0,20.0,Broken,Avoid/exit,41,0.2,1.2,-1.5,46.9,0,,Financial Services,181029856.0,199773.02
ROC,Rank One Computing Corporation Common stock,4.22,3,13,8,2,3,2,3,34,-10.0,20.0,Broken,Avoid/exit,29,-0.5,-3.2,-0.5,48.0,0,,nan,87768584.0,0.0
VTXXF,Vertex Minerals Limited,0.11,9,7,2,3,5,1,4,31,-15.0,19.0,Broken,Avoid/exit,19,0.0,0.0,-0.8,14.5,1,,Basic Materials,286577472.0,120.23
RAFX,Rafex Gold Corp.,0.281,3,4,8,3,3,1,4,26,-10.0,19.0,Broken,Avoid/exit,15,0.0,0.0,-0.8,16.9,0,,Financial Services,53427968.0,45.76
TMCXX,BlackRock Liquidity Funds - TempCash,1.0,4,4,4,6,3,4,4,29,-10.0,19.0,Broken,Avoid/exit,25,0.0,0.0,-0.0,3.7,0,,nan,nan,0.0
APXCF,Apex Critical Metals Corp.,0.989,2,4,1,8,5,0,2,22,-3.0,19.0,Broken,Avoid/exit,33,-7.0,-4.0,-4.4,45.8,1,,Basic Materials,103626968.0,89925.82
WVMDF,West Vault Mining Inc,1.3,7,12,5,6,6,2,3,41,-18.0,19.0,Broken,Avoid/exit,50,-6.3,-0.3,-2.5,47.3,1,,Basic Materials,70271440.0,12046.72
NNVC,NanoViricides Inc,1.5,16,16,4,6,4,0,5,51,-30,19,Broken,Avoid/exit,44,-11.2,42.9,11.1,60.1,3,,Healthcare,34170500.0,460053.34
AUTSF,AUTSF,1.64,7,4,5,3,3,5,2,29,-10.0,19.0,Broken,Avoid/exit,0,0.6,-1.8,-2.2,45.7,0,,nan,nan,0.0
CAPTF,Capitan Mining Inc,1.5,6,3,4,12,3,0,4,32,-13.0,19.0,Broken,Avoid/exit,44,-12.3,0.8,-1.6,49.6,1,,Basic Materials,219861472.0,101266.99
LUNG,Pulmonx Corp,1.96,7,13,4,3,7,0,2,36,-15.0,19.0,Broken,Avoid/exit,41,-1.5,-0.5,-3.0,46.4,2,,Healthcare,68424272.0,1162899.3
USIO,Usio Inc,2.35,6,11,2,2,9,2,2,34,-13.0,19.0,Broken,Avoid/exit,53,0.9,-0.8,-2.7,44.9,2,,Technology,42773788.0,65122.92
BGMS,"Bio Green Med Solution, Inc.",0.904,7,3,3,4,5,2,5,29,-10.0,19.0,Broken,Avoid/exit,29,-4.9,0.4,-1.7,48.6,0,,Healthcare,5850623.0,824167.04
RFL,"Rafael Holdings, Inc.",2.02,7,11,3,2,3,4,2,32,-11.0,19.0,Broken,Avoid/exit,44,1.0,-7.3,-4.3,43.5,2,,Real Estate,72296872.0,104303.66
LLEIF,LleidaNetworks Serveis Telemàtics S.A,1.55,7,6,11,6,3,2,4,39,-23.0,19.0,Broken,Avoid/exit,47,0.0,0.0,0.0,93.4,0,,Communication Services,24643744.0,25.5
HDALF,Haidilao International Holding Ltd,1.21,1,2,4,8,0,2,2,19,0.0,19.0,Broken,Avoid/exit,24,-3.2,-4.7,-8.3,32.4,0,,Consumer Cyclical,9823450112.0,0.0
HERE,Here Group Limited,1.665,1,2,4,8,2,2,2,21,0.0,19.0,Broken,Avoid/exit,22,-10.0,-11.4,-6.9,31.3,1,,Consumer Cyclical,119102312.0,294601.91
CRCE,Crown Resources Corp,1.25,3,4,8,4,3,3,4,29,-15.0,19.0,Broken,🔥 COILED: Avoid/exit,30,0.0,0.0,-1.2,42.1,1,,Energy,2601000.0,771.81
NTCPF,NorthIsle Copper and Gold Inc,2.91,11,7,6,3,3,2,2,34,-15.0,19.0,Broken,Avoid/exit,49,-6.4,-7.9,-4.5,45.3,1,,Basic Materials,703962368.0,438630.25
PHUN,Phunware Inc,2.0,4,12,6,2,3,3,2,32,-11.0,19.0,Broken,Avoid/exit,38,0.0,-0.5,-0.7,44.8,2,,Technology,41099316.0,183813.24
GCLAF,GCLAF,2.2,7,6,11,6,3,2,4,39,-23.0,19.0,Broken,Avoid/exit,41,0.0,0.0,0.0,97.0,0,,nan,117453600.0,7.31
TTEC,TTEC Holdings Inc,1.23,5,10,8,3,2,2,2,32,-13.0,19.0,Broken,Avoid/exit,15,0.0,-1.6,-5.9,31.9,1,,Technology,111670984.0,427799.83
WFF,WF Holding Limited Ordinary Shares,2.17,15,5,7,4,2,6,5,44,-28.0,19.0,Broken,Avoid/exit,39,-2.3,10.2,3.8,52.9,3,,Industrials,10529457.0,70510.88
TKLF,Yoshitsu Co Ltd ADR,1.63,3,6,6,6,2,4,2,29,-10.0,19.0,Broken,Avoid/exit,17,-5.0,-5.2,-5.1,39.1,0,,Consumer Cyclical,7851809.0,80299.14
VLVOF,Volvo Car AB (publ.),1.63,1,1,0,10,3,2,2,19,0.0,19.0,Broken,Avoid/exit,14,-6.3,-14.7,-10.1,19.5,0,,Consumer Cyclical,7144846848.0,324.0
ANIX,Anixa Biosciences Inc,2.79,6,15,3,2,4,2,2,34,-13.0,19.0,Broken,Avoid/exit,26,3.3,-0.4,-3.6,40.4,1,,Healthcare,87842984.0,195246.08
GEG,Great Elm Group Inc,2.15,6,3,9,4,2,3,4,31,-15.0,19.0,Broken,Avoid/exit,44,0.0,-1.4,-0.8,44.9,1,,Financial Services,71493976.0,123206.68
CEBUY,Cebu Air Inc ADR,2.25,4,9,1,4,4,5,2,29,-10.0,19.0,Broken,Avoid/exit,22,0.0,11.9,-1.9,37.2,2,,Industrials,311274016.0,44.28
TGAFF,Taiga Building Products Ltd,2.5,4,6,3,2,3,5,3,26,-10.0,19.0,Broken,Avoid/exit,27,0.0,0.0,-0.7,32.2,0,,Industrials,282814624.0,230.53
BMNM,Bimini Capital Management Inc,3.29,11,3,9,3,3,5,3,37,-18.0,19.0,Broken,Avoid/exit,57,-1.8,-0.9,-0.4,52.6,0,,Financial Services,25258964.0,3736.1
UNICY,Unicharm Corp,3.03,4,5,6,6,7,7,3,38,-20.0,19.0,Broken,Avoid/exit,43,-0.6,-3.6,-1.0,47.0,1,,Consumer Defensive,9808715776.0,592385.79
CAZGF,Catapult Group International Limited,2.11,1,6,4,8,3,0,2,24,-5.0,19.0,Broken,Avoid/exit,14,-9.1,-0.7,-5.3,37.9,2,,Technology,958492928.0,1044.9
EQ,Equillium Inc,1.68,1,6,2,9,2,4,2,26,-5.0,19.0,Broken,Avoid/exit,24,-11.6,-20.0,-15.4,32.2,2,,Healthcare,184261152.0,823495.81
ATPC,Agape ATP Corporation Common Stock,2.2,5,9,9,0,0,2,2,27,-8.0,19.0,Broken,Avoid/exit,28,-3.9,-6.0,-4.6,38.8,0,,Consumer Defensive,4252660.0,1477938.94
BRBS,Blue Ridge Bankshares Inc,3.83,6,4,2,1,7,4,3,27,-8.0,19.0,Broken,Avoid/exit,45,-3.3,-6.1,-2.0,43.6,0,,Financial Services,294910400.0,314102.2
LPERX,ALPS/RED ROCKS LISTED PRIVATE EQUITY FUND CLASS R,3.25,0,3,2,7,0,5,2,19,0.0,19.0,Broken,Avoid/exit,23,-3.3,-4.1,-3.6,33.0,0,,nan,0.0,0.0
LCFY,Locafy Ltd,2.42,7,7,4,7,0,4,3,32,-13.0,19.0,Broken,Avoid/exit,21,3.8,-0.8,-1.4,47.6,1,,Communication Services,6683489.0,402501.38
GDNGY,PT Gudang Garam Tbk,4.15,6,5,2,5,6,3,2,29,-10.0,19.0,Broken,Avoid/exit,42,5.6,-5.3,-1.5,44.7,0,,Consumer Defensive,1895843968.0,2553.79
PPAAY,Perusahaan Gas Negara Persero Tbk PT ADR,3.95,4,3,10,5,0,3,4,29,-10.0,19.0,Broken,Avoid/exit,18,0.0,0.0,-0.4,21.8,0,,Utilities,2507887872.0,397.83
SPND,Spindletop O&G,4.66,6,4,4,10,5,0,5,34,-15.0,19.0,Broken,Avoid/exit,39,-15.0,-18.8,-8.2,46.3,1,,Energy,27119026.0,700.55
CSHR,CoinShares PLC Ordinary Shares,5.12,5,4,5,8,3,0,2,27,-8.0,19.0,Broken,Avoid/exit,0,-14.1,-1.0,-7.1,43.5,0,,Financial Services,603553344.0,0.0
RZLT,Rezolute Inc,4.18,8,14,4,2,3,2,2,35,-16.0,19.0,Broken,Avoid/exit,28,6.9,-1.6,-0.2,47.0,2,,Healthcare,434278432.0,3447926.78
YACAF,Yancoal Australia Ltd,4.2,3,5,9,0,3,4,2,26,-10.0,19.0,Broken,Avoid/exit,34,-1.8,-5.0,-2.9,43.6,0,,Energy,6777089024.0,15019.16
FSCO,FS Credit Opportunities Corp.,5.04,2,3,2,10,3,0,3,23,-4.0,19.0,Broken,Avoid/exit,43,-6.5,-3.1,-3.2,42.1,0,,Financial Services,993143936.0,1592433.38
TOI,Oncology Institute Inc,5.13,5,11,2,4,8,0,2,32,-11.0,19.0,Broken,Avoid/exit,59,-1.2,-6.7,-1.6,48.5,2,,Healthcare,485417152.0,1953762.62
PSPFX,GLOBAL RESOURCES FUND GLOBAL RESOURCES FUND,4.5,1,2,3,7,3,1,2,19,0.0,19.0,Broken,Avoid/exit,27,-2.8,-3.0,-3.4,38.7,0,,nan,0.0,0.0
CGMLF,Chalice Mining Limited,0.87,1,5,8,3,6,3,2,28,-15.0,18.0,Broken,🔥 COILED: Avoid/exit,40,0.0,-2.2,-1.9,43.7,1,,Basic Materials,346654752.0,4332.68
IGDFF,IG Design Group plc,1.05,3,1,0,8,3,6,2,23,-5.0,18.0,Broken,Avoid/exit,38,0.0,-17.3,-9.2,7.5,1,,Consumer Cyclical,95308144.0,2260.5
CILXX,Western Asset Institutional Liquid Reserves Ltd.,1.0,2,4,5,6,3,4,4,28,-10.0,18.0,Broken,Avoid/exit,25,0.0,0.0,-0.0,6.7,0,,nan,nan,0.0
JIMXX,JPMorgan Trust I - JPMorgan Prime Money Market Fund,1.0,2,4,5,6,3,4,4,28,-10.0,18.0,Broken,Avoid/exit,22,0.0,-0.0,-0.0,34.6,0,,nan,nan,0.0
JPAXX,JPMorgan Trust I - JPMorgan Prime Money Market Fund,1.0,2,4,5,6,3,4,4,28,-10.0,18.0,Broken,Avoid/exit,22,0.0,-0.0,-0.0,11.5,0,,nan,nan,0.0
TCPXX,SEI Daily Income Trust - Prime Obligation Fund,1.0,2,4,5,6,3,4,4,28,-10.0,18.0,Broken,Avoid/exit,22,0.0,-0.0,-0.0,33.9,0,,nan,nan,0.0
GHG,GreenTree Hospitality Group Ltd,1.01,4,11,3,1,4,1,2,26,-8.0,18.0,Broken,Avoid/exit,24,-1.9,-1.0,-2.8,35.5,1,,Consumer Cyclical,118049872.0,28393.09
BNGO,Bionano Genomics Inc,1.68,16,6,3,7,7,1,5,45,-25.0,18.0,Broken,Avoid/exit,49,-8.2,26.3,10.5,66.4,3,,Healthcare,13655251.0,405126.7
SPWH,Sportsmans,1.165,6,8,4,7,2,0,4,31,-13.0,18.0,Broken,Avoid/exit,30,-4.5,0.4,-2.2,46.6,1,,Consumer Cyclical,54627712.0,573371.88
SLNH,Soluna Holdings Inc,1.18,6,8,6,4,3,1,5,33,-15.0,18.0,Broken,Avoid/exit,27,-7.8,2.6,-2.3,47.3,1,,Financial Services,260283136.0,12112932.94
AREN,Arena Group Holdings Inc,1.03,6,5,6,3,2,2,2,26,-8.0,18.0,Broken,Avoid/exit,28,16.2,9.6,-1.9,48.1,1,,Communication Services,62835688.0,142212.73
EDUC,Educational Development Corporation,1.3,3,4,6,6,2,7,2,30,-10.0,18.0,Broken,Avoid/exit,20,-0.8,-0.8,-1.4,28.1,1,,Communication Services,12086137.0,205016.94
XWEL,XWELL Inc.,0.896,2,10,8,1,2,3,2,28,-13.0,18.0,Broken,Avoid/exit,27,-1.5,-3.7,-3.0,41.8,2,,Healthcare,11315317.0,2739377.67
RPNMF,Rapala VMC Corporation,1.45,8,4,7,3,3,1,4,30,-15.0,18.0,Broken,Avoid/exit,26,0.0,0.0,-0.0,0.0,1,,Consumer Cyclical,55288268.0,45.0
GDGIF,GDGIF,1.125,7,4,6,3,3,3,4,30,-15.0,18.0,Broken,Avoid/exit,0,0.0,0.0,-0.6,13.8,1,,Basic Materials,30817898.0,0.0
EHGO,Eshallgo Inc. Class A Ordinary Shares,0.82,6,2,6,9,0,2,2,27,-9.0,18.0,Broken,Avoid/exit,21,-12.6,-19.6,-19.7,31.4,1,,Industrials,3256400.0,31037.18
BCCMY,BAIC Motor Corporation Limited,0.917,4,7,3,3,3,3,2,25,-10.0,18.0,Broken,Avoid/exit,30,0.0,2.1,-2.7,25.0,0,,Consumer Cyclical,1242377344.0,150.35
BFNH,BioForce Nanosciences Holdings Inc,8.77,10,3,3,14,3,2,5,40,-20.0,18.0,Broken,Avoid/exit,56,-6.5,-9.7,10.5,64.3,1,,Consumer Defensive,44284688.0,1165.58
MVO,MV Oil Trust,0.6,3,8,3,2,3,2,2,23,-8.0,18.0,Broken,Avoid/exit,11,0.0,-4.8,-21.0,26.7,0,,Energy,18515000.0,318048.9
CLIK,Click Holdings Limited,1.15,4,5,3,9,2,0,2,25,-5.0,18.0,Broken,Avoid/exit,24,-5.7,-9.4,-7.4,36.3,2,,Consumer Cyclical,6395545.0,901360.45
MALG,Microalliance Group Inc.,1.157,0,1,0,10,0,0,2,13,0.0,18.0,Broken,Avoid/exit,22,-34.3,-34.3,-32.0,0.0,1,,Consumer Defensive,1072396352.0,23.48
CDIX,Cardiff Lexington Corp,0.42,8,5,3,10,2,2,5,35,-20.0,18.0,Broken,Avoid/exit,18,-26.1,126.3,0.1,49.7,3,,Healthcare,28426736.0,1737.95
ZEOX,"Zeo ScientifiX, Inc.",1.46,8,16,4,6,4,7,5,50,-30,18,Broken,Avoid/exit,22,4.3,27.0,8.2,55.5,4,,Healthcare,14699363.0,10346.2
AUMC,Auryn Mining Corp,1.06,3,3,7,6,3,4,2,28,-10.0,18.0,Broken,Avoid/exit,21,-0.9,-5.4,-5.9,27.5,0,,Basic Materials,133000000.0,4491.38
DMCHY,DMCI Holdings Inc ADR,1.09,7,4,2,4,3,1,4,25,-10.0,18.0,Broken,Avoid/exit,22,0.0,0.0,-0.2,0.0,0,,Industrials,2655493888.0,9.34
SIHBY,Shenzhen Investment Bay Area Co Ltd,2.51,15,4,2,9,4,2,5,41,-23.0,18.0,Broken,Avoid/exit,57,15.7,15.7,7.7,81.8,2,,Industrials,822269504.0,81.97
MKZR,"MacKenzie Realty Capital, Inc. Common Stock",1.37,2,12,5,3,5,4,2,33,-13.0,18.0,Broken,Avoid/exit,38,-0.7,-5.5,-2.8,43.6,2,,Real Estate,5233443.0,31264.31
HRSHF,Haier Smart Home Co. Ltd,2.59,3,9,5,2,4,0,3,26,-8.0,18.0,Broken,Avoid/exit,34,-0.4,-0.4,1.9,51.7,0,,Consumer Cyclical,24086996992.0,2486.94
MOBBW,Mobilicom Limited Warrants,1.26,1,11,2,4,4,4,2,28,-11.0,18.0,Broken,Avoid/exit,23,-4.2,-23.6,-17.5,41.0,1,,nan,727576960.0,14239.39
YSG,Yatsen Holding,2.53,3,11,5,3,2,4,2,30,-15.0,18.0,Broken,Avoid/exit,24,-3.1,-1.9,-5.4,41.6,1,,Consumer Defensive,287982784.0,213218.85
GCTS,GCT Semiconductor Holding Inc,2.18,13,5,5,7,3,2,5,40,-22.0,18.0,Broken,Avoid/exit,46,-0.5,16.6,6.3,59.5,3,,Technology,269183488.0,3001375.61
MMLP,Martin Midstream Partners LP,2.18,6,8,7,3,2,2,3,31,-13.0,18.0,Broken,Avoid/exit,23,0.5,-0.9,-2.3,44.5,1,,Energy,103676512.0,22117.2
CCUP,T-REX 2X Long CRCL Daily Target ETF,22.8,14,5,4,4,3,0,2,32,-14.0,18.0,Broken,Avoid/exit,50,-17.5,-25.1,-5.9,50.3,0,,nan,nan,1982125.42
IMDXF,Imdex Limited,2.38,1,4,6,3,6,3,2,25,-10.0,18.0,Broken,Avoid/exit,25,0.0,-4.0,-5.0,44.4,0,,Industrials,1535525504.0,0.0
INGEF,Ingenia Communities Group,3.45,19,4,3,9,3,3,5,46,-28.0,18.0,Broken,Avoid/exit,53,38.7,38.7,16.6,77.1,2,,Real Estate,1171801856.0,214.48
ONL,Orion Office Reit Inc,2.51,6,12,4,0,2,2,2,28,-8.0,18.0,Broken,Avoid/exit,37,1.6,-0.4,-2.3,41.3,2,,Real Estate,166227952.0,286707.83
CYCN,Cyclerion Therapeutics Inc,23.94,19,5,4,6,5,1,5,45,-23,18,Broken,Avoid/exit,61,550.5,509.2,128.8,71.3,3,7,Healthcare,13250761.0,2123076.84
HTOO,Fusion Fuel Green PLC,2.06,2,8,0,8,2,2,3,25,-5.0,18.0,Broken,Avoid/exit,16,-1.4,-3.3,-4.6,44.0,2,,Utilities,10453104.0,250540.51
PMOIF,Harbour Energy plc,3.44,2,4,9,3,4,4,2,28,-10.0,18.0,Broken,Avoid/exit,39,-7.0,-8.0,-4.3,42.0,1,,Energy,5757846528.0,0.0
MTC,MMTEC Inc,5.3,11,5,4,9,5,2,5,41,-23.0,18.0,Broken,Avoid/exit,55,-16.0,12.1,1.3,53.6,3,,Technology,397355360.0,2815057.1
CRBJF,China Resources Land Ltd,3.8,8,3,11,5,3,4,4,38,-23.0,18.0,Broken,Avoid/exit,0,0.0,0.0,0.0,92.2,0,,Real Estate,27097569280.0,60.45
NEXXY,Nexi S.p.A,4.68,4,6,4,5,6,1,2,28,-10.0,18.0,Broken,Avoid/exit,35,-1.7,0.6,-2.0,39.5,1,,Technology,4581428224.0,3608.96
GSISF,Genesis Minerals Limited,5.4,7,7,1,3,3,2,2,25,-10.0,18.0,Broken,Avoid/exit,50,1.1,0.4,-1.2,49.2,0,,Basic Materials,4960903168.0,1407.38
UURAF,Ucore Rare Metals Inc,1.87,4,14,8,2,3,2,3,36,-16.0,18.0,Broken,Avoid/exit,18,3.3,1.1,-0.2,46.0,2,,Basic Materials,518148160.0,781647.65
WYHG,Wing Yip Food Holdings Group Limited American Depositary Shares,3.88,5,3,4,8,0,4,2,26,-8.0,18.0,Broken,Avoid/exit,32,-7.4,-6.1,-11.0,43.1,0,,Consumer Defensive,42781288.0,93384.27
HELP,Cybin Inc. Common Stock,12.59,9,5,3,8,5,0,5,35,-15.0,18.0,Broken,Avoid/exit,53,-7.8,-7.5,-1.2,51.0,1,,Healthcare,214544784.0,875111.56
EARN,Ellington Residential Mortgage,4.21,5,9,4,1,2,3,2,26,-8.0,18.0,Broken,Avoid/exit,18,-1.6,1.0,-1.4,43.2,0,,Financial Services,174319232.0,397515.93
XOS,Xos Inc,2.62,4,10,4,0,6,4,2,30,-13.0,18.0,Broken,Avoid/exit,36,3.1,1.6,-3.0,46.2,2,,Industrials,60734912.0,825795.91
HCGI,Huntwicke Capital Group Inc,6.15,8,5,6,4,0,1,4,28,-15.0,18.0,Broken,🔥 COILED: Avoid/exit,22,0.0,0.0,-0.4,48.2,1,,Financial Services,26443322.0,68.5
ESFCX,ASHMORE EMERGING MARKETS SHORT DURATION FUND CLASS C,4.65,11,4,3,6,3,2,4,33,-20.0,18.0,Broken,🔥 COILED: Avoid/exit,40,-0.4,-0.4,-0.1,53.3,0,,nan,nan,0.0
PRVFF,Pro Real Estate Investment Trust,4.67,6,5,5,1,3,3,2,25,-10.0,18.0,Broken,Avoid/exit,20,0.0,0.0,-1.7,46.2,0,,Real Estate,352957056.0,20.61
ESFAX,ASHMORE EMERGING MARKETS SHORT DURATION FUND CLASS A,4.87,11,4,3,6,3,2,4,33,-20.0,18.0,Broken,🔥 COILED: Avoid/exit,40,-0.6,-0.6,-0.1,51.5,0,,nan,0.0,0.0
PDSB,PDS Biotechnology Corp,0.766,15,4,4,9,3,2,5,42,-24.5,17.5,Broken,Avoid/exit,33,-9.0,92.0,21.8,61.5,3,,Healthcare,68095096.0,786911.33
TOP,Zhong Yang Financial Group Limited Ordinary Shares,15.13,14,4,8,3,5,0,2,36,-19.0,17.0,Broken,Avoid/exit,56,-0.1,1.7,2.6,59.5,1,,Financial Services,40081440.0,515130.4
ATER,Aterian Inc,0.648,8,4,3,4,2,4,5,30,-13.0,17.0,Broken,Avoid/exit,18,-3.1,-12.5,0.5,51.1,1,,Consumer Cyclical,11684423.0,1489277.54
TESTJ,Test Security J1,1.01,4,4,2,9,2,0,4,25,-8.0,17.0,Broken,Avoid/exit,22,-78.1,0.0,-43.5,42.5,0,,Other,nan,253020.52
PHIO,Phio Pharmaceuticals Corp,1.01,4,10,3,3,5,4,2,31,-15.0,17.0,Broken,Avoid/exit,32,0.0,-1.9,-2.6,42.4,2,,Healthcare,13243666.0,2154379.32
KSHTY,Kuaishou Technology,0.73,3,11,2,5,4,2,2,29,-10.0,17.0,Broken,Avoid/exit,15,-7.1,-5.8,-7.2,36.9,1,,Communication Services,25135198208.0,11383.8
ABSCF,AB Science S.A.,1.12,8,4,7,2,3,1,4,29,-15.0,17.0,Broken,Avoid/exit,25,0.0,0.0,-0.0,0.1,1,,Healthcare,78149384.0,86.38
GASXF,Ngx Energy International Corp,0.83,1,11,2,1,3,2,2,22,-8.0,17.0,Broken,Avoid/exit,26,4.5,-1.8,-3.6,42.6,1,,Energy,319228576.0,53151.3
PTMEY,Media Nusantara Citra Tbk PT ADR,0.692,0,5,0,7,0,0,2,14,2.0,17.0,Broken,Avoid/exit,26,-27.8,-45.9,-36.4,16.5,0,,Communication Services,154493248.0,216.31
SNCF,Sanarco Funds Inc,19.26,8,4,1,12,3,4,5,37,-20.0,17.0,Broken,Avoid/exit,47,-78.1,132.0,-48.1,43.1,3,,Financial Services,13592344.0,25.33
MMHTF,Miramar Hotel and Investment Company Limited,1.27,8,3,11,6,3,2,4,37,-23.0,17.0,Broken,Avoid/exit,46,0.0,0.0,0.0,94.9,0,,Consumer Cyclical,877518784.0,65.01
ASCLF,Ascletis Pharma Inc,1.2,5,7,4,2,3,4,2,27,-13.0,17.0,Broken,Avoid/exit,24,9.1,-0.8,-1.2,44.0,2,,Healthcare,1393108096.0,1193.72
MNOV,MediciNova Inc,2.1,11,4,1,9,3,4,5,37,-20.0,17.0,Broken,Avoid/exit,53,-36.4,12.3,-9.0,48.4,3,,Healthcare,64972048.0,346563.01
NXTN,Next10 Inc,0.85,3,11,8,11,3,4,5,45,-28.0,17.0,Broken,Avoid/exit,21,41.7,21.4,4.2,48.8,3,,Industrials,267160864.0,0.0
BPOSY,Bpost SA ADR,1.48,3,3,7,6,3,3,4,29,-15.0,17.0,Broken,Avoid/exit,14,0.0,0.0,-1.4,0.0,1,,Industrials,388001856.0,60.81
COBA,COBA,2.3,4,6,9,3,3,0,2,27,-10.0,17.0,Broken,Avoid/exit,36,-2.1,-4.2,-3.5,40.3,0,,nan,107249000.0,12256.25
SCHYF,Sands China Ltd,1.54,3,5,5,6,3,3,2,27,-10.0,17.0,Broken,Avoid/exit,23,2.0,-9.9,-8.6,38.9,0,,Consumer Cyclical,18595127296.0,0.0
VLN,Valens,1.81,14,6,7,12,1,1,4,45,-28.0,17.0,Broken,Avoid/exit,24,2.3,11.7,2.6,53.4,3,,Technology,310823904.0,1754772.31
VVVNF,Vivendi SE,1.64,1,11,5,3,3,0,2,25,-8.0,17.0,Broken,Avoid/exit,12,-5.2,-8.4,-6.3,37.9,0,,Communication Services,2560161792.0,3155.6
VIVHY,Vivendi SA PK,1.62,3,9,6,3,4,0,2,27,-10.0,17.0,Broken,Avoid/exit,7,-3.6,-7.4,-4.8,34.8,0,,Communication Services,2500391680.0,82699.9
ACIU,AC Immune Ltd,2.61,6,9,6,4,7,0,3,35,-18.0,17.0,Broken,Avoid/exit,39,-1.7,-1.9,-2.4,47.4,2,,Healthcare,228990544.0,407781.93
GNLAF,Genesis Land Development Corp,2.49,6,3,11,6,3,4,4,37,-23.0,17.0,Broken,Avoid/exit,0,0.0,0.0,0.0,92.7,0,,Real Estate,140144688.0,0.0
CHMI,Cherry Hill Mortgage Investment Corp,2.73,7,5,3,2,5,1,2,25,-8.0,17.0,Broken,Avoid/exit,49,-4.2,-5.5,-3.2,38.8,0,,Real Estate,88329128.0,241797.26
NTRP,NextTrip Inc,1.89,15,6,4,9,3,1,5,43,-26.0,17.0,Broken,Avoid/exit,37,-6.4,25.2,9.5,60.6,3,,Consumer Cyclical,33334976.0,55475.38
AWX,Avalon Holdings Corporation,2.56,2,7,3,5,2,5,2,26,-10.0,17.0,Broken,Avoid/exit,32,-1.2,-1.2,-2.0,43.8,1,,Industrials,9904557.0,91692.19
KEGX,Key Energy Services Inc,2.0,3,3,7,6,6,5,2,32,-15.0,17.0,Broken,Avoid/exit,38,0.0,-11.5,-5.4,31.3,1,,Energy,37416356.0,0.0
PPBT,Purple Biotech,1.49,2,9,1,3,6,2,2,25,-6.0,17.0,Broken,Avoid/exit,26,4.2,-15.3,-5.5,42.4,0,,Healthcare,2880726.0,300890.06
BTSGY,BTS Group Holdings PCL ADR,6.05,10,3,1,2,6,0,2,24,-10.0,17.0,Broken,Avoid/exit,44,0.0,-11.2,-2.5,49.1,0,,Industrials,656627136.0,0.0
IPW,iPower Inc,1.26,6,9,1,6,6,0,2,30,-11.0,17.0,Broken,Avoid/exit,31,-17.1,-34.7,-22.9,40.1,2,,Consumer Cyclical,2072987.0,66980.88
TZINX,TEMPLETON GLOBAL BALANCED FUND ADVISOR CLASS,3.16,3,2,2,7,0,1,2,17,0.0,17.0,Broken,Avoid/exit,44,-1.9,-3.4,-2.1,31.2,0,,nan,0.0,0.0
FCGBX,TEMPLETON GLOBAL BALANCED FUND CLASS C,3.13,3,2,2,7,0,1,2,17,0.0,17.0,Broken,Avoid/exit,41,-2.2,-3.4,-2.2,27.8,0,,nan,0.0,0.0
TAGBX,TEMPLETON GLOBAL BALANCED FUND CLASS A,3.14,3,2,2,7,0,1,2,17,0.0,17.0,Broken,Avoid/exit,44,-1.9,-3.4,-2.1,30.5,0,,nan,0.0,0.0
TINCX,TEMPLETON GLOBAL BALANCED FUND CLASS A1,3.14,3,2,2,7,0,1,2,17,0.0,17.0,Broken,Avoid/exit,41,-2.2,-3.4,-2.3,28.8,0,,nan,0.0,0.0
TCINX,TEMPLETON GLOBAL BALANCED FUND CLASS C1,3.15,3,2,2,7,0,1,2,17,0.0,17.0,Broken,Avoid/exit,41,-2.2,-3.4,-2.2,27.1,0,,nan,0.0,0.0
FGGBX,Templeton Global Balanced Fund6,3.14,3,2,2,7,0,1,2,17,0.0,17.0,Broken,Avoid/exit,41,-2.2,-3.4,-2.3,29.4,0,,nan,nan,0.0
NISTF,Nippon Steel Corporation,4.392,12,4,5,3,3,5,4,36,-19.0,17.0,Broken,Avoid/exit,55,-0.7,-0.2,-0.1,51.3,0,,Basic Materials,17873924096.0,74375.32
DTCGF,Dometic Group AB (publ),2.4,3,4,4,5,3,3,2,24,-10.0,17.0,Broken,Avoid/exit,15,0.0,0.0,-2.1,1.8,0,,Consumer Cyclical,1102275072.0,0.0
DLTH,Duluth Holdings Inc,3.94,4,8,3,9,3,0,5,32,-15.0,17.0,Broken,Avoid/exit,56,-5.9,-12.4,-4.6,41.9,1,,Consumer Cyclical,126587272.0,532318.03
DTST,Data Storage Corp,3.275,12,14,3,6,5,1,5,46,-29,17,Broken,Avoid/exit,34,13.7,11.8,9.5,61.0,3,,Technology,7649997.0,50948.87
CJAX,Barrister Energy LLC,3.55,10,6,11,6,3,2,4,42,-28.0,17.0,Broken,Avoid/exit,45,0.0,0.0,0.0,91.6,1,,Energy,50299080.0,6.23
DAIO,Data I/O Corporation,2.85,8,12,8,5,2,2,3,40,-23.0,17.0,Broken,Avoid/exit,22,-1.7,3.3,-0.2,46.9,1,,Technology,36920080.0,42614.13
GUZOF,Grupo Herdez S.A.B. de C.V,2.9,4,4,6,5,3,3,2,27,-10.0,17.0,Broken,Avoid/exit,21,0.0,0.0,-0.6,26.5,0,,Consumer Defensive,1222111104.0,0.0
BBXIA,BBX Capital Inc,3.55,2,4,3,7,3,1,2,22,-5.0,17.0,Broken,Avoid/exit,29,-4.1,-4.1,-3.0,32.0,1,,Industrials,64234444.0,1875.2
TPCS,TechPrecision Corporation Common stock,5.22,5,6,5,6,5,3,2,32,-15.0,17.0,Broken,Avoid/exit,57,-0.6,-3.3,-3.1,43.4,1,,Industrials,39895156.0,42893.29
EVH,Evolent Health Inc,3.65,4,10,6,0,4,6,2,32,-13.0,17.0,Broken,Avoid/exit,26,-1.1,-11.0,-6.5,37.0,2,,Healthcare,474670080.0,3213340.02
BCYC,Bicycle Therapeutics Ltd,3.71,2,13,3,0,4,6,2,30,-11.0,17.0,Broken,Avoid/exit,29,2.2,-4.6,-3.1,41.7,2,,Healthcare,298093920.0,348070.03
GRIQ,"GrocerIQ, Inc.",1.99,5,7,2,10,0,1,5,30,-13.0,17.0,Broken,Avoid/exit,24,-5.2,-0.5,-6.7,44.2,1,,Technology,295452928.0,1496.41
ADVB,Advanced Biomed Inc. Common Stock,6.73,3,11,2,2,3,2,2,25,-6.0,17.0,Broken,Avoid/exit,46,4.0,-13.5,-10.0,40.4,1,,Healthcare,7175613.0,207362.59
JIAXF,Jiangxi Copper Company Limited,4.3,1,3,6,4,6,5,2,27,-10.0,17.0,Broken,Avoid/exit,29,0.0,-3.6,-3.4,29.5,0,,Basic Materials,19419867136.0,0.0
RRGB,Red Robin Gourmet Burgers Inc,7.46,3,11,4,3,6,2,2,31,-15.0,17.0,Broken,Avoid/exit,56,6.4,-3.9,-4.2,43.6,2,,Consumer Cyclical,81953456.0,308671.29
FABC,"Fabric.AI, Inc.",2.36,6,11,6,1,2,2,2,30,-13.0,17.0,Broken,Avoid/exit,21,8.3,0.9,-1.2,45.7,1,,Consumer Cyclical,26708434.0,873587.9
TSI,TCW Strategic Income Closed Fund,4.27,2,10,2,3,3,1,3,24,-8.0,17.0,Broken,Avoid/exit,10,-1.2,0.5,-1.0,39.7,1,,Financial Services,239697200.0,128747.73
COPR,Idaho Copper Corporation,3.07,6,8,9,0,3,4,2,32,-15.0,17.0,Broken,Avoid/exit,21,-2.2,-12.5,-3.8,43.6,1,,nan,1439870080.0,182.09
CVHSY,Cablevisión Holding S.A,5.219,8,2,0,8,3,4,2,27,-10.0,17.0,Broken,Avoid/exit,48,-11.5,-8.4,-7.4,33.8,0,,Communication Services,903212864.0,0.0
TDUP,ThredUp Inc,2.2,3,4,3,8,2,0,2,22,-5.0,17.0,Broken,Avoid/exit,8,-8.7,-18.8,-14.2,27.0,1,,Consumer Cyclical,619396096.0,2185186.12
IMPP,Imperial Petroleum Inc,4.99,5,6,1,10,3,4,2,31,-14.0,17.0,Broken,Avoid/exit,40,-11.8,-16.1,-6.7,38.7,0,,Energy,230137520.0,672130.01
XGCVX,Gabelli Convertible and Income Securities Fd Inc,4.37,1,8,4,6,3,3,2,27,-10.0,17.0,Broken,Avoid/exit,28,-0.5,-2.5,-1.8,38.6,0,,Other,0.0,0.0
DUO,Fangdd Network Group Ltd,0.614,14,10,5,4,2,2,2,39,-28,16,Broken,🔥 COILED: Avoid/exit,31,11.1,30.2,4.9,52.3,3,,Real Estate,41632288.0,808450.22
GLNS,Golden Star Resource Corp ,0.802,8,4,6,2,3,1,4,28,-15.0,16.0,Broken,Avoid/exit,20,0.0,0.0,-0.1,0.3,1,,Basic Materials,7070000.0,27.85
WTO,UTime Limited,14.5,15,2,4,15,3,2,5,46,-30,16,Broken,Avoid/exit,54,-25.8,133.5,47.5,63.0,3,,Technology,2112049.0,321835.27
TCDXX,BlackRock Liquidity Funds - TempCash,1.0,2,5,4,6,3,2,4,26,-10.0,16.0,Broken,Avoid/exit,21,-0.0,-0.0,-0.0,33.3,0,,nan,nan,0.0
DDCCF,DIC Asset AG,0.67,8,10,4,1,4,2,2,31,-15.0,16.0,Broken,Avoid/exit,15,8.6,-1.3,-4.4,34.4,1,,Real Estate,105710368.0,1093.0
LBUY,Leafbuyer Technologies Inc,0.26,7,7,1,4,3,0,2,24,-8.0,16.0,Broken,Avoid/exit,41,4.0,-10.3,-32.8,46.6,0,,Communication Services,20014222.0,499.11
MRRDF,Meridian Mining UK Societas,1.532,15,5,3,9,3,6,5,46,-30,16,Broken,Avoid/exit,51,16.0,12.0,7.0,60.0,3,,Basic Materials,679670336.0,63122.81
OXSQ,Oxford Square Capital Corp,1.27,1,9,6,0,2,4,2,24,-8.0,16.0,Broken,Avoid/exit,16,0.8,-5.9,-2.9,32.0,1,,Financial Services,129067384.0,1361967.49
ORGN,Origin Materials Inc,0.95,7,12,5,0,3,2,2,31,-15.0,16.0,Broken,Avoid/exit,29,0.0,9.6,-6.8,35.2,2,,Basic Materials,7098982.0,209745.96
TRAW,Traws Pharma Inc,0.579,11,14,7,4,5,2,3,46,-28.0,16.0,Broken,Avoid/exit,25,15.8,11.6,6.7,56.4,3,,Healthcare,21968470.0,884229.85
MBAI,Check-Cap Ltd.,4.02,2,2,0,11,3,4,2,24,-8.0,16.0,Broken,Avoid/exit,44,-35.3,-36.2,-29.2,32.3,0,,Healthcare,12909699.0,1813609.31
FPLPF,Provident Financial plc,1.561,9,6,9,6,0,2,4,36,-23.0,16.0,Broken,Avoid/exit,46,0.0,0.0,0.0,100.0,0,,Financial Services,390818016.0,111.63
OKYO,OKYO Pharma Ltd ADR,1.37,3,10,2,3,4,4,2,28,-13.0,16.0,Broken,Avoid/exit,29,3.0,-2.1,-2.8,43.0,2,,Healthcare,86590768.0,155838.65
TRCTF,Traction Uranium Corp,0.62,1,4,4,7,0,0,2,18,-5.0,16.0,Broken,Avoid/exit,27,-6.6,-19.8,-11.1,29.1,2,,Basic Materials,12894280.0,2806.07
SDCH,SideChannel Inc.,1.55,7,11,2,11,4,2,2,39,-21.0,16.0,Broken,Avoid/exit,37,-2.0,24.0,-2.5,46.7,4,,Technology,9145514.0,83299.25
FATE,Fate Therapeutics Inc,2.38,3,11,9,6,4,0,3,36,-18.0,16.0,Broken,Avoid/exit,50,-5.9,1.7,-2.5,45.3,1,,Healthcare,257595808.0,2143410.15
CGEN,Compugen,2.33,3,5,7,0,0,4,2,21,-8.0,16.0,Broken,Avoid/exit,36,-4.3,-6.0,-4.9,40.9,0,,Healthcare,209977904.0,421153.81
ODV,Osisko Development Corp.,2.31,3,13,7,1,3,2,2,31,-13.0,16.0,Broken,Avoid/exit,16,3.1,-1.7,-3.0,44.4,2,,Basic Materials,816653312.0,2332166.42
ENHA,Enhanced Group Inc.,1.53,3,13,8,2,3,2,2,33,-18.0,16.0,Broken,Avoid/exit,0,7.0,-3.2,-7.2,18.9,2,,Consumer Defensive,341022976.0,0.0
CTW,CTW Cayman Class A Ordinary Shares,2.11,1,9,3,3,4,2,2,24,-8.0,16.0,Broken,Avoid/exit,30,4.5,-10.4,-7.0,36.2,0,,Communication Services,143520000.0,98477.86
BTGOF,BT Group plc,2.63,2,9,3,3,8,0,3,28,-8.0,16.0,Broken,Avoid/exit,35,1.2,-3.3,-0.7,48.7,0,,Communication Services,26592358400.0,16959.32
DDEJF,Dundee Corp,3.44,11,4,6,6,3,2,2,34,-18.0,16.0,Broken,Avoid/exit,53,-7.8,-7.0,-5.6,44.2,0,,Basic Materials,265028080.0,37533.34
SRTS,Sensus Healthcare Inc,2.995,1,9,6,1,3,4,2,26,-13.0,16.0,Broken,Avoid/exit,36,-2.4,-4.3,-3.0,43.1,2,,Healthcare,44447560.0,90119.71
SWRD,Stewards Inc.,2.38,4,8,1,3,0,6,2,24,-8.0,16.0,Broken,Avoid/exit,9,19.6,-14.4,-13.1,44.0,0,,Financial Services,608466240.0,1742.91
TRTI,Transtech Industries Inc,3.5,18,3,4,8,6,2,5,46,-30,16,Broken,Avoid/exit,54,22.0,22.0,14.1,84.5,3,,Industrials,8341760.0,1754.79
CHHQF,China Hongqiao Group Limited,2.782,4,8,4,1,3,2,2,24,-8.0,16.0,Broken,Avoid/exit,28,-5.1,0.5,-1.3,47.2,0,,Basic Materials,32894982144.0,3901.95
RAY,Raytech Holding Limited Ordinary Shares,2.726,4,7,4,4,4,2,3,28,-10.0,16.0,Broken,Avoid/exit,30,-7.6,-0.5,-2.3,46.8,0,,Consumer Defensive,9790441.0,151732.9
EMPD,Empery Digital Inc.,2.98,3,13,4,1,3,0,4,28,-13.0,16.0,Broken,Avoid/exit,27,-6.0,0.3,-1.7,47.3,1,,Consumer Cyclical,101477504.0,822806.85
BCAB,Bioatla Inc,1.52,5,17,1,5,4,2,2,36,-18.0,16.0,Broken,Avoid/exit,20,-20.8,3.4,-15.5,40.8,1,,Healthcare,5791843.0,38727.02
OILCF,Permex Petroleum Corporation,3.27,9,6,11,6,3,2,4,41,-28.0,16.0,Broken,Avoid/exit,45,0.0,0.0,0.0,98.9,1,,Energy,1803414.0,44.27
PCELF,PowerCell Sweden AB (publ),2.14,11,3,5,3,6,2,3,33,-17.0,16.0,Broken,Avoid/exit,29,0.0,-0.9,0.1,61.1,1,,Industrials,174835136.0,218.5
ILAG,Intelligent Living Application Group Inc,2.78,6,6,6,8,0,2,2,30,-14.0,16.0,Broken,Avoid/exit,32,-2.3,-6.1,-6.8,41.2,1,,Industrials,7165470.0,22535.68
GSM,Ferroglobe PLC,3.99,1,4,7,1,3,4,3,23,-10.0,16.0,Broken,Avoid/exit,35,-4.1,-5.5,-4.7,43.3,1,,Basic Materials,835266432.0,1329110.7
KULR,KULR Technology Group Inc,2.45,3,13,8,1,2,2,2,31,-13.0,16.0,Broken,Avoid/exit,20,1.2,2.9,-0.4,46.8,2,,Technology,211857808.0,1983100.79
SKYC,Qualis Innovations Inc,4.16,8,3,7,5,4,1,3,31,-15.0,16.0,Broken,Avoid/exit,39,0.0,-3.3,-1.3,39.4,1,,Financial Services,535975968.0,235.38
RMNI,Rimini Street Inc,4.21,3,9,4,2,2,4,2,26,-8.0,16.0,Broken,Avoid/exit,44,-3.0,-10.2,-7.4,31.2,1,,Technology,388289216.0,338637.81
CAIXY,Caixabank SA ADR,4.82,4,2,0,8,3,5,2,24,-8.0,16.0,Broken,Avoid/exit,51,-3.6,-4.6,-3.2,40.1,0,,Financial Services,90562822144.0,409381.21
CING,Cingulate Inc,4.82,0,6,9,3,5,4,2,29,-13.0,16.0,Broken,Avoid/exit,44,-7.8,-6.8,-5.4,38.9,1,,Healthcare,61257172.0,366239.45
SNTL,Spectacular Solar Inc,2.65,2,8,2,9,0,0,2,23,-5.0,16.0,Broken,Avoid/exit,14,-22.1,6.9,-13.9,42.2,1,,Industrials,41828288.0,6919.43
CENN,Cenntro Electric Group Ltd,4.355,10,4,5,5,5,4,5,38,-25.0,16.0,Broken,Avoid/exit,55,-6.1,-2.1,0.5,54.5,1,,Consumer Cyclical,6462643.0,64908.13
TBCRF,Timbercreek Financial Corp,3.75,1,3,0,7,3,2,2,18,-3.0,16.0,Broken,Avoid/exit,11,-5.3,-7.1,-5.7,22.7,1,,Financial Services,388940096.0,7879.73
AMCI,AMC Robotics Corporation,3.24,4,14,3,0,4,2,2,29,-11.0,16.0,Broken,Avoid/exit,18,-2.4,2.2,-7.5,40.4,2,,Technology,109837776.0,1402985.83
INCR,InterCure Ltd.,5.09,15,4,6,3,5,2,2,37,-20.0,15.0,Broken,Avoid/exit,48,-3.0,-3.8,2.8,61.4,2,,Healthcare,55780432.0,59489.59
JINXX,JPMorgan Trust I - JPMorgan Prime Money Market Fund,1.0,2,4,4,6,3,2,4,25,-10.0,15.0,Broken,Avoid/exit,19,-0.0,-0.0,-0.0,22.9,0,,nan,nan,0.0
BTCT,BTC Digital Ltd.,1.12,7,4,0,9,2,0,2,24,-9.0,15.0,Broken,Avoid/exit,29,-20.6,-26.8,-14.8,44.5,1,,Technology,10468673.0,124151.28
JDSPY,JD Sports Fashion PLC,1.033,3,8,3,5,3,4,2,28,-11.0,15.0,Broken,Avoid/exit,29,4.4,6.1,0.5,48.5,1,,Consumer Cyclical,5406529536.0,20029.75
AKRRF,Philly Shipyard ASA,1.1,16,9,3,4,3,10,4,49,-30,15,Broken,Avoid/exit,49,0.0,0.0,0.0,100.0,1,,Industrials,13318691.0,22.5
LGCFF,Lavras Gold Corp.,2.23,7,7,4,3,5,2,2,30,-15.0,15.0,Broken,Avoid/exit,49,-9.7,-18.7,-8.5,41.8,1,,Basic Materials,102068488.0,94438.56
ACMIF,ACMIF,1.412,6,3,7,2,3,2,2,25,-8.0,15.0,Broken,Avoid/exit,43,3.9,-8.9,-3.7,40.4,1,,nan,nan,19022.95
SHMDW,SCHMID Group N.V. Warrants,1.08,13,5,3,6,5,5,5,42,-27.0,15.0,Broken,Avoid/exit,21,42.1,38.5,15.5,53.3,2,,nan,nan,106002.24
IH,Ihuman Inc,1.15,3,9,4,0,4,2,2,24,-10.0,15.0,Broken,Avoid/exit,23,0.0,-2.5,-3.2,41.3,1,,Consumer Defensive,81780584.0,13841.36
KPDCF,Keppel DC REIT,1.62,3,3,4,1,3,3,5,22,-10.0,15.0,Broken,Avoid/exit,10,-0.3,-0.3,-1.7,40.1,0,,Real Estate,4403112960.0,755.49
AEMD,Aethlon Medical Inc,6.38,17,5,5,4,7,4,5,47,-30,15,Broken,Avoid/exit,56,0.9,314.3,44.0,74.0,3,,Healthcare,3342204.0,314449.92
ANRGF,Anaergia Inc,1.7,0,7,7,6,4,4,2,30,-11.0,15.0,Broken,Avoid/exit,29,-6.6,-5.6,-5.2,38.4,0,,Industrials,349280480.0,13029.56
ABTS,Abits Group Inc.,1.16,1,1,4,8,2,2,2,20,-5.0,15.0,Broken,Avoid/exit,29,-7.9,-18.9,-11.8,37.0,1,,Financial Services,6100580.0,992291.53
RLX,RLX Technology Inc,1.7,3,9,4,2,4,3,2,27,-10.0,15.0,Broken,Avoid/exit,15,-1.2,-2.9,-2.9,38.4,1,,Consumer Defensive,2468954368.0,2552317.3
ONVC,Online Vacation Center Holdings Corp,1.55,3,3,6,3,3,5,2,25,-10.0,15.0,Broken,Avoid/exit,14,0.0,0.0,-3.9,5.8,0,,Consumer Cyclical,15948926.0,0.0
HIND,"Vyome Holdings, Inc.",2.03,4,11,3,6,2,2,2,30,-13.0,15.0,Broken,Avoid/exit,27,5.2,-1.5,-1.5,45.9,1,,Healthcare,15861873.0,380301.17
TORM,TOR Minerals International Inc,2.03,2,7,0,7,2,0,2,20,-5.0,15.0,Broken,Avoid/exit,44,-13.6,-15.1,-10.6,41.5,1,,Basic Materials,7614662.0,2704.35
RUMBW,Rumble Inc.,1.81,5,6,4,3,2,0,2,22,-10.0,15.0,Broken,Avoid/exit,46,-16.6,-4.2,-8.3,45.1,0,,nan,nan,21011.16
CMCLF,China Molybdenum Co. Ltd,2.0,2,10,1,0,4,4,2,23,-8.0,15.0,Broken,Avoid/exit,41,1.0,-3.6,-2.5,47.1,1,,Basic Materials,58512740352.0,18947.43
GELYF,Geely Automobile Holdings Ltd,2.1,3,11,3,1,3,2,2,25,-8.0,15.0,Broken,Avoid/exit,20,2.9,-0.9,-1.4,44.7,1,,Consumer Cyclical,26097717248.0,63131.23
NHICW,NewHold Investment Corp III Warrants,0.95,4,7,0,6,2,2,2,23,-8.0,15.0,Broken,Avoid/exit,22,-13.6,-38.7,-31.5,41.7,0,,nan,214978100.0,50563.45
HCTI,Healthcare Triangle Inc,0.75,6,6,2,3,2,4,2,25,-10.0,15.0,Broken,Avoid/exit,10,-3.9,0.9,-8.5,41.3,0,,Healthcare,4882699.0,289557.54
TRDTF,Trident Resources Corp.,2.89,7,3,8,3,3,2,3,29,-14.0,15.0,Broken,Avoid/exit,43,-3.7,-0.4,-3.7,45.3,0,,Basic Materials,116194256.0,26206.77
CRNT,Ceragon Networks Ltd,2.07,6,6,8,5,0,2,3,30,-15.0,15.0,Broken,Avoid/exit,21,-1.9,2.0,-1.3,46.4,1,,Technology,290859840.0,602915.24
LHYFF,Lhyfe SA,2.04,4,3,1,7,0,3,2,20,-5.0,15.0,Broken,Avoid/exit,17,-5.1,-7.7,-13.3,6.1,1,,Basic Materials,137480576.0,12.5
RAVE,Rave Restaurant Group Inc,2.35,0,7,1,8,3,0,2,21,-6.0,15.0,Broken,Avoid/exit,16,-12.6,-20.1,-15.0,26.7,0,,Consumer Cyclical,40787196.0,55528.21
PRKWF,Parkway Life Real Estate Investment Trust,2.9,1,3,8,2,3,3,2,22,-10.0,15.0,Broken,Avoid/exit,25,0.0,-3.3,-3.8,24.4,0,,Real Estate,2088489984.0,0.0
CRE,Cre8 Enterprise Limited Class A Ordinary Shares,2.62,5,4,7,0,2,2,2,22,-10.0,15.0,Broken,Avoid/exit,36,-14.7,-4.4,-10.9,43.8,0,,Industrials,6303773.0,322380.25
QHUOY,Quhuo Limited,6.34,11,3,3,6,7,7,5,42,-25.0,15.0,Broken,Avoid/exit,53,15.1,-43.9,-1.9,51.4,1,,nan,12831055.0,97236.12
MLLUY,Metallurgical Corporation of China Ltd ADR,3.515,4,6,0,4,4,2,3,23,-8.0,15.0,Broken,Avoid/exit,22,-1.4,-2.3,-0.8,46.3,0,,Industrials,3680521472.0,19.65
BORUF,Borussia Dortmund GmbH & Co. Kommanditgesellschaft auf Aktien,3.56,1,1,2,7,6,1,2,20,-5.0,15.0,Broken,Avoid/exit,31,-6.3,-6.3,-4.8,33.4,1,,Communication Services,397358336.0,0.0
RVYL,Ryvyl Inc,14.96,18,3,3,11,3,2,5,45,-30,15,Broken,Avoid/exit,53,-11.1,29.3,11.5,60.5,3,,Technology,9994965.0,213604.62
ACON,Aclarion Inc,2.44,6,3,1,9,1,4,4,28,-13.0,15.0,Broken,Avoid/exit,28,-0.8,-5.4,-4.4,46.4,1,,Healthcare,8420895.0,345816.67
AMBP,Ardagh Metal Packaging SA,4.4,1,9,2,3,4,4,2,25,-8.0,15.0,Broken,Avoid/exit,42,-2.9,-7.9,-6.1,29.2,2,,Consumer Cyclical,2378871040.0,1290551.54
XGGTX,Gabelli MultiMedia Trust Inc,3.48,1,4,4,6,3,5,2,25,-10.0,15.0,Broken,Avoid/exit,18,-0.3,-5.2,-2.5,35.3,0,,Other,0.0,0.0
KYIVW,Kyivstar Group Ltd. Warrant,4.51,4,3,2,6,2,0,5,22,-10.0,15.0,Broken,Avoid/exit,36,-13.6,-15.2,-7.6,46.0,0,,nan,nan,24350.0
DNGFF,Dongfang Electric Corporation Limited,2.3,3,6,5,3,3,3,2,25,-10.0,15.0,Broken,Avoid/exit,15,0.0,0.0,-5.0,10.5,0,,Industrials,13954483200.0,329.03
TLS,Telos Corp,4.06,1,12,4,5,4,2,2,30,-15.0,15.0,Broken,Avoid/exit,34,0.7,-5.4,-4.5,41.0,1,,Technology,306758624.0,896404.76
AHT-P-H,Ashford Hospitality Trust Inc 7.50% Series H Cumulative Preferred Stock,4.44,1,2,1,7,0,2,2,15,0.0,15.0,Broken,Avoid/exit,26,-11.4,-19.6,-16.1,34.5,0,,Other,nan,5587.9
TEFOF,Telefónica S.A,3.99,1,10,3,3,3,2,4,26,-11.0,15.0,Broken,Avoid/exit,21,-4.1,-7.4,-2.6,45.5,1,,Communication Services,24806840320.0,0.0
REMYY,Remy Cointreau SA ADR,4.84,10,9,3,1,2,3,2,30,-13.0,15.0,Broken,Avoid/exit,42,0.7,-1.2,-2.4,40.3,1,,Consumer Defensive,2490254848.0,16491.45
AGXKF,Anglo Asian Mining PLC,5.33,4,1,9,5,3,3,2,27,-8.0,15.0,Broken,Avoid/exit,49,-5.7,-7.3,-4.7,31.0,0,,Basic Materials,537407488.0,1502.5
VIVO,VivoPower PLC,3.94,8,6,8,5,0,2,3,32,-17.0,15.0,Broken,Avoid/exit,43,2.1,1.0,-0.7,47.9,1,,Technology,96376000.0,902311.69
MSAI,Infrared Cameras Holdings Inc,4.7,8,6,8,0,0,3,2,27,-15.0,15.0,Broken,Avoid/exit,33,-2.5,-3.9,-3.9,41.9,1,,Technology,11308830.0,196489.63
LPL,LG Display Co Ltd,3.0,1,11,6,0,4,4,2,28,-11.0,15.0,Broken,Avoid/exit,15,-1.3,-4.2,-2.9,42.3,1,,Technology,4834999808.0,1117619.64
FBLG,"FibroBiologics, Inc. Common Stock",1.36,10,7,2,3,7,4,2,35,-21.0,14.0,Broken,Avoid/exit,45,0.0,-12.3,-5.6,46.6,1,,Healthcare,5573539.0,1187423.74
EJPXX,JPMorgan Trust I - JPMorgan Prime Money Market Fund,1.0,2,4,3,6,3,2,4,24,-10.0,14.0,Broken,Avoid/exit,21,0.0,-0.0,-0.0,34.1,0,,nan,nan,0.0
ALMMF,Aluminum Corporation of China Limited,0.97,3,10,3,3,3,2,3,27,-13.0,14.0,Broken,Avoid/exit,26,-7.6,-14.9,-6.5,43.7,0,,Basic Materials,22987663360.0,9632.09
PRSNF,Personas Social Inc,0.764,3,3,8,4,3,1,4,26,-15.0,14.0,Broken,Avoid/exit,21,0.0,0.0,-1.2,0.7,1,,Communication Services,9928663.0,118.47
MCHX,Marchex Inc,1.32,3,12,1,3,4,6,2,31,-15.0,14.0,Broken,Avoid/exit,11,-5.0,7.3,-8.4,37.1,2,,Communication Services,69112368.0,22664.83
ITFS,Itafos Inc.,1.62,1,8,3,3,7,0,2,24,-8.0,14.0,Broken,Avoid/exit,18,-4.8,-4.7,-3.7,40.3,1,,Basic Materials,348656704.0,57695.5
ISPR,Ispire Technology Inc. Common Stock,1.325,4,9,5,0,5,2,2,27,-11.0,14.0,Broken,Avoid/exit,20,6.0,-9.9,-3.9,43.6,2,,Consumer Defensive,92413032.0,75364.11
CSTE,Caesarstone Ltd,2.87,7,4,8,3,7,0,2,31,-17.0,14.0,Broken,Avoid/exit,47,3.6,-8.3,-2.6,47.4,1,,Industrials,59818344.0,459980.86
NNUP,Nocopi Technologies Inc,1.69,4,4,3,5,3,3,2,24,-13.0,14.0,Broken,Avoid/exit,37,-0.6,-1.5,-2.3,42.2,1,,Basic Materials,20883220.0,2902.64
BIAF,"bioAffinity Technologies, Inc.",7.41,11,6,1,5,3,2,5,33,-19.0,14.0,Broken,Avoid/exit,54,-3.8,-6.6,-0.3,51.9,1,,Healthcare,8525623.0,3672470.74
CTARF,Centaurus Energy Inc,1.5,7,5,2,6,4,2,2,28,-10.0,14.0,Broken,Avoid/exit,33,0.0,-14.3,-3.1,41.1,0,,Energy,2619260.0,429.51
HFFG,Hf Foods Group Inc,1.58,4,9,4,0,4,6,2,29,-15.0,14.0,Broken,Avoid/exit,23,4.6,-5.4,-3.3,39.6,1,,Consumer Defensive,100528432.0,136145.93
GITS,"Global Interactive Technologies, Inc",2.06,4,9,6,1,3,2,5,30,-14.0,14.0,Broken,Avoid/exit,57,-3.7,-13.4,-1.9,48.9,1,,Communication Services,7679094.0,843290.79
LX,Lexinfintech Holdings Ltd,0.753,3,12,3,0,4,2,2,26,-10.0,14.0,Broken,Avoid/exit,14,-2.1,-7.7,-12.5,26.2,1,,Financial Services,369125728.0,2328584.04
PLGDF,Palisades Goldcorp Ltd.,3.63,14,5,3,3,3,0,4,32,-18.0,14.0,Broken,Avoid/exit,56,-8.8,-0.3,-2.2,50.1,0,,Basic Materials,157358576.0,26457.55
FLNT,Fluent Inc,3.085,0,5,5,7,2,0,2,21,-5.0,14.0,Broken,Avoid/exit,34,-11.9,-7.9,-8.9,35.7,2,,Communication Services,71259552.0,227439.57
DROSY,DROSY,1.25,3,10,7,2,3,0,2,27,-13.0,14.0,Broken,Avoid/exit,0,2.9,4.2,-3.7,43.6,0,,nan,nan,0.0
JWEL,Jowell Global Ltd.,2.55,14,10,2,6,4,1,5,42,-28,14,Broken,Avoid/exit,49,9.4,18.6,8.2,57.7,3,,Consumer Cyclical,5370056.0,87772.1
ALT,Altimmune Inc,2.96,3,2,6,10,2,2,2,27,-13.0,14.0,Broken,Avoid/exit,37,-9.5,-10.3,-6.8,39.4,1,,Healthcare,527024992.0,3809475.67
ANGX,"Angel Studios, Inc.",4.57,8,4,3,12,3,2,5,37,-23.0,14.0,Broken,Avoid/exit,56,-12.5,-16.6,-6.2,44.4,1,,Communication Services,497721024.0,0.0
CDXS,Codexis Inc,1.36,3,12,5,3,4,0,2,29,-13.0,14.0,Broken,Avoid/exit,18,-1.4,-8.1,-4.5,40.0,2,,Healthcare,254510384.0,1415157.47
NKTX,Nkarta Inc,2.67,10,4,8,4,0,4,3,33,-19.0,14.0,Broken,Avoid/exit,32,-7.3,-8.6,-4.3,45.8,1,,Healthcare,198180640.0,787734.46
NLST,Netlist Inc,5.42,15,8,4,4,5,3,2,41,-30.0,14.0,Broken,Avoid/exit,54,6.3,14.8,3.8,54.7,3,,Technology,1039949504.0,1417982.29
CRWS,Crown Crafts Inc,2.54,3,10,2,0,4,3,2,24,-10.0,14.0,Broken,Avoid/exit,14,1.2,-1.2,-3.5,36.7,2,,Consumer Cyclical,28777048.0,42323.21
WNW,Meiwu Technology Co Ltd,2.4,9,6,8,4,0,4,2,33,-19.0,14.0,Broken,Avoid/exit,20,0.4,0.8,-1.6,47.1,1,,Consumer Cyclical,4177679.0,579495.51
GNLN,Greenlane Holdings Inc,2.71,16,6,6,3,3,2,3,39,-25.0,14.0,Broken,Avoid/exit,40,9.3,-2.5,0.2,50.8,1,,Consumer Defensive,1925949.0,83420.96
REDLF,Red 5 Limited,4.35,8,3,4,4,3,0,2,24,-10.0,14.0,Broken,Avoid/exit,51,-0.5,-4.4,-3.7,46.2,0,,Basic Materials,3310610944.0,5557.49
WBDSF,WBDSF,2.42,3,4,3,3,3,3,2,21,-10.0,14.0,Broken,Avoid/exit,11,0.0,0.0,-2.1,0.0,0,,Industrials,2966396416.0,7.87
PLTK,Playtika Holding Corp,2.13,3,9,6,0,2,2,2,24,-10.0,14.0,Broken,Avoid/exit,10,-7.8,-10.5,-7.3,34.3,1,,Communication Services,1198195584.0,1681689.88
XBIO,Xenetic Biosciences Inc,2.33,1,7,0,7,2,0,2,19,-5.0,14.0,Broken,Avoid/exit,17,-22.1,-46.2,-25.0,35.3,1,,Healthcare,7858322.0,281169.78
ISPC,iSpecimen Inc,1.21,3,6,6,6,2,2,2,27,-13.0,14.0,Broken,Avoid/exit,22,-8.3,-17.7,-14.9,28.5,1,,Healthcare,4570159.0,379532.01
XGUTX,Gabelli Utility Trust,2.76,1,6,1,6,3,3,2,22,-8.0,14.0,Broken,Avoid/exit,19,-2.8,-6.1,-4.2,22.0,0,,Other,0.0,0.0
GRAB,Grab Holdings Ltd,3.095,8,9,2,1,0,2,2,24,-10.0,14.0,Broken,Avoid/exit,21,6.4,2.5,-1.7,44.3,0,,Technology,14151399424.0,49543273.51
PINWF,Pinnacle Renewable Energy Inc,5.45,5,1,2,4,6,4,2,24,-10.0,14.0,Broken,Avoid/exit,43,-6.4,-9.1,-5.2,38.8,0,,Technology,379821664.0,1324.9
NAGE,"Niagen Bioscience, Inc.",2.98,2,6,8,0,0,3,2,21,-10.0,14.0,Broken,Avoid/exit,24,-2.0,-2.0,-2.6,41.5,0,,Healthcare,273976480.0,1025530.61
ZIVO,Zivo Bioscience Inc,3.3,2,7,6,6,2,4,2,29,-15.0,14.0,Broken,Avoid/exit,34,3.1,-19.5,-8.3,40.6,1,,Healthcare,15443978.0,2022.51
IPST,"Heritage Distilling Holding Company, Inc.",3.42,11,4,3,3,2,2,2,27,-13.0,14.0,Broken,Avoid/exit,28,23.9,3.0,-4.6,47.5,1,,Financial Services,2886312.0,71708.44
KRMD,Repro Med Systems Inc,3.06,2,6,6,9,2,0,2,27,-13.0,14.0,Broken,Avoid/exit,11,-5.3,-2.5,-5.5,31.6,1,,Healthcare,190162608.0,147690.56
DELHY,Delivery Hero SE,4.11,4,8,7,0,4,3,3,29,-15.0,14.0,Broken,Avoid/exit,52,-1.6,-2.1,-1.3,39.6,1,,Consumer Cyclical,13334587392.0,237123.82
DBVTF,DBV Technologies S.A,2.514,1,3,0,7,3,3,2,19,-5.0,14.0,Broken,Avoid/exit,22,0.0,-41.0,-20.3,0.0,1,,Healthcare,1260676480.0,17.5
BUR,Burford Capital Ltd,3.93,1,11,3,1,3,0,2,21,-8.0,14.0,Broken,Avoid/exit,29,-0.3,-10.5,-2.9,44.8,2,,Financial Services,974858368.0,2628322.54
TIGR,Up Fintech Holding Ltd,4.65,1,7,6,3,2,2,2,23,-10.0,14.0,Broken,Avoid/exit,28,-4.9,-4.1,-3.4,41.5,1,,Financial Services,850615168.0,4341213.09
AUNA,Auna S.A.,5.02,5,3,9,1,1,2,3,24,-10.0,14.0,Broken,Avoid/exit,34,-3.1,-1.4,-2.7,41.0,0,,Healthcare,328810080.0,266329.44
AINSF,Ainsworth Game Technology Limited,0.761,6,6,3,3,3,2,5,28,-15.0,13.0,Broken,Avoid/exit,22,-6.6,0.5,-3.3,42.4,1,,Consumer Cyclical,326690176.0,22176.04
SUMMF,Summit Royalties Ltd.,1.049,11,4,2,4,3,0,3,27,-14.0,13.0,Broken,Avoid/exit,33,-7.9,-5.5,-4.2,43.1,0,,Basic Materials,76119480.0,0.0
AEHL,Antelope Enterprise Holdings Ltd,8.23,13,2,4,9,5,5,5,43,-30,13,Broken,Avoid/exit,62,18.9,35.6,8.1,53.9,3,,Industrials,19423116.0,3382782.66
MXCT,MaxCyte Inc,1.16,3,5,9,1,5,0,2,25,-15.0,13.0,Broken,Avoid/exit,35,-4.9,-1.3,-4.1,41.7,1,,Healthcare,131759656.0,980682.87
EPSM,Epsium Enterprise Limited Ordinary Shares,1.33,5,8,2,9,6,1,2,33,-18.0,13.0,Broken,Avoid/exit,36,6.4,-0.7,-3.6,46.8,1,,Consumer Defensive,20939932.0,597270.5
AFLYY,Air France KLM SA,1.26,5,8,8,4,0,2,2,29,-16.0,13.0,Broken,Avoid/exit,32,0.0,-4.4,-2.4,45.3,0,,Industrials,3291897088.0,156149.14
IPXAF,Impax Asset Management Group plc,1.38,2,1,6,5,3,3,3,23,-10.0,13.0,Broken,Avoid/exit,24,0.0,-1.4,-0.7,30.1,0,,Financial Services,162806880.0,770.88
GPMT,Granite Point Mortgage Trust Inc,0.9,6,8,1,0,2,2,2,21,-8.0,13.0,Broken,Avoid/exit,13,8.7,-0.2,-5.0,40.1,1,,Real Estate,73317024.0,193907.51
BGAUF,BGAUF,0.94,1,5,3,6,3,3,2,23,-10.0,13.0,Broken,Avoid/exit,0,0.0,-11.3,-9.9,20.2,0,,nan,nan,0.0
JEM,707 Cayman Holdings Limited Ordinary Shares,3.69,3,5,8,5,5,0,2,28,-15.0,13.0,Broken,Avoid/exit,39,-7.3,-7.1,-7.4,43.7,1,,Consumer Cyclical,2701902.0,400610.43
DRMTY,Dr. Martens plc,1.8,1,3,6,4,3,4,2,23,-10.0,13.0,Broken,Avoid/exit,28,-2.2,-7.7,-5.3,30.4,0,,Consumer Cyclical,875734208.0,986.58
CIG,Companhia Energetica de Minas Gerais CEMIG Pref ADR,2.03,2,4,4,5,3,0,4,22,-10.0,13.0,Broken,Avoid/exit,20,-5.6,-5.6,-3.4,42.3,1,,Utilities,5964521984.0,4472774.99
RMLRF,Ramelius Resources Ltd,2.66,8,4,2,6,3,0,2,25,-10.0,13.0,Broken,Avoid/exit,47,-1.8,-1.5,-2.2,48.4,0,,Basic Materials,4627373056.0,23778.77
IPHLF,IPH Limited,2.3,6,4,2,3,3,3,2,23,-10.0,13.0,Broken,Avoid/exit,20,0.0,0.0,-4.3,3.7,0,,Industrials,572480448.0,6.6
RAASY,Cloopen Group Holding Ltd - ADR,2.52,15,3,4,9,3,0,5,39,-26.0,13.0,Broken,Avoid/exit,58,-3.1,-0.4,1.4,56.5,1,,Technology,119771456.0,17449.74
NXB,NextBoat Inc.,1.96,1,3,6,8,0,2,2,22,-9.0,13.0,Broken,Avoid/exit,0,-5.8,-13.7,-7.9,39.1,1,,Consumer Cyclical,58247696.0,0.0
BATXF,Battery X Metals Inc.,1.653,2,7,3,0,6,6,2,26,-13.0,13.0,Broken,Avoid/exit,28,0.8,-13.1,-6.7,35.2,1,,Basic Materials,10368724.0,3730.4
LNSPF,LondonMetric Property Plc,2.385,1,4,3,5,3,5,2,23,-10.0,13.0,Broken,Avoid/exit,22,0.0,0.0,-2.5,18.3,0,,Real Estate,6304780288.0,1118.0
CDGXY,China Dongxiang Group Co Ltd ADR,1.45,3,7,3,2,3,3,2,23,-10.0,13.0,Broken,Avoid/exit,14,0.0,0.0,-3.0,23.6,0,,Consumer Cyclical,290665120.0,0.0
FLX,BingEx Ltd,1.39,8,12,2,2,4,2,2,32,-17.0,13.0,Broken,Avoid/exit,17,74.6,-3.5,5.1,48.5,1,11,Industrials,165273600.0,165123.78
LFEV,Life Electric Vehicles Holdings Inc.,1.5,4,3,6,4,3,0,5,25,-15.0,13.0,Broken,Avoid/exit,32,0.0,-8.5,-2.0,42.0,1,,Consumer Cyclical,19734908.0,734.66
ZJYL,JIN MEDICAL INTERNATIONAL LTD. Ordinary Shares,1.95,3,7,7,0,4,0,2,23,-10.0,13.0,Broken,Avoid/exit,38,-5.8,-1.0,-7.8,39.4,0,,Healthcare,19333568.0,117297.64
CUPR,Cuprina Holdings (Cayman) Limited Class A Ordinary Shares,1.95,3,9,2,5,3,2,2,26,-13.0,13.0,Broken,Avoid/exit,32,3.2,-39.1,-16.8,37.3,1,,Healthcare,7587937.0,174070.04
DBMBF,FIBRA Macquarie México,2.38,2,4,3,1,6,5,2,23,-10.0,13.0,Broken,Avoid/exit,37,-1.7,-1.7,-2.5,43.2,1,,Real Estate,1994474496.0,0.0
LRAXF,Lara Exploration Ltd,2.5,3,3,2,8,0,0,2,18,-5.0,13.0,Broken,Avoid/exit,31,-9.1,-17.2,-13.1,38.2,1,,Basic Materials,154373424.0,6474.36
HKTVY,Hong Kong Television Network Ltd,2.9,12,4,4,5,4,7,5,41,-28.0,13.0,Broken,Avoid/exit,47,14.6,14.6,9.5,79.0,3,,Consumer Cyclical,104870280.0,208.0
HYEX,Grey Cloak Tech Inc,1.05,8,7,5,1,0,0,2,23,-10.0,13.0,Broken,Avoid/exit,19,-12.5,16.7,-4.8,44.0,2,,Healthcare,39183912.0,767.4
CLAR,Clarus Corp,3.5,6,5,6,3,3,4,2,29,-16.0,13.0,Broken,Avoid/exit,53,-2.0,-2.2,-2.3,43.7,1,,Consumer Cyclical,110327064.0,176941.95
SYYNY,SYN prop e tech SA ADR,2.8,6,2,6,0,3,3,3,23,-10.0,13.0,Broken,Avoid/exit,19,0.0,-1.8,-1.7,12.7,0,,Real Estate,101890168.0,600.49
FORA,Forian Inc,2.66,19,5,4,5,3,2,5,43,-30,13,Broken,Avoid/exit,67,23.7,23.1,13.2,74.5,3,,Healthcare,67792720.0,67158.24
JSHCX,JANUS SHORT-TERM BOND FUND CLASS C,2.83,2,5,2,6,3,2,3,23,-10.0,13.0,Broken,Avoid/exit,18,-0.4,-0.4,-0.5,4.5,0,,nan,0.0,0.0
VVR,Invesco Senior Income Trust,2.87,2,8,2,1,0,3,3,19,-6.0,13.0,Broken,Avoid/exit,20,0.0,-1.0,-1.0,41.2,0,,Financial Services,647320000.0,1081532.54
VUZI,Vuzix Corp Cmn Stk,2.77,11,5,3,8,5,0,5,37,-24.0,13.0,Broken,Avoid/exit,29,-8.9,11.2,1.7,52.5,3,,Technology,351759424.0,1910459.81
ASRV,AmeriServ Financial Inc,4.6,5,5,0,6,5,0,2,23,-10.0,13.0,Broken,Avoid/exit,48,-1.1,-4.4,-3.1,44.8,0,,Financial Services,64124932.0,17162.33
ERDCF,Erdene Resource Development Corporation,4.28,4,3,5,1,5,0,2,20,-10.0,13.0,Broken,Avoid/exit,28,-10.8,-3.8,-5.6,41.5,0,,Basic Materials,287404576.0,54033.08
TAOX,TAO Synergies Inc.,4.35,14,7,4,8,7,0,5,45,-30,13,Broken,Avoid/exit,38,-9.4,11.5,4.6,56.4,4,,Technology,29663566.0,234288.25
TELFY,"Telefónica, S.A.",3.91,1,6,1,7,4,0,2,21,-8.0,13.0,Broken,Avoid/exit,21,-3.0,-8.0,-3.6,38.9,1,,Communication Services,25539770368.0,794203.4
IPMLF,Imperial Metals Corporation,6.14,2,4,5,6,3,0,2,22,-10.0,13.0,Broken,Avoid/exit,46,-2.8,-3.2,-3.9,45.5,0,,Basic Materials,896201024.0,28784.84
OMCC,Old Market Capital Corporation,4.15,2,4,8,6,3,3,2,28,-15.0,13.0,Broken,Avoid/exit,32,-1.0,-0.2,-1.3,37.4,1,,Communication Services,29315410.0,9048.44
BNEFF,Bonterra Energy Corp,4.21,7,4,7,8,3,4,3,36,-23.0,13.0,Broken,Avoid/exit,33,-1.6,-7.9,-3.4,44.1,1,,Energy,180214624.0,21571.68
AACG,ATA Creativity Global,0.85,7,10,2,0,2,2,2,25,-13.0,12.0,Broken,Avoid/exit,18,4.9,-3.4,-1.8,45.9,2,,Consumer Defensive,47096996.0,31589.65
JZXN,Jiuzi Holdings Inc,1.14,6,9,8,3,2,4,3,35,-21.0,12.0,Broken,Avoid/exit,34,4.1,2.7,-1.7,46.9,2,,Consumer Cyclical,1661051.0,1796829.01
CCVTF,China Conch Venture Holdings Limited,1.02,3,4,2,5,3,3,2,22,-10.0,12.0,Broken,Avoid/exit,9,0.0,0.0,-2.1,0.0,0,,Industrials,2096688000.0,2.98
VANI,Vivani Medical Inc.,1.25,5,10,4,0,4,2,2,27,-13.0,12.0,Broken,Avoid/exit,27,0.8,-0.8,-2.2,44.8,2,,Healthcare,108656232.0,270245.11
LOOP,Loop Industries Inc,0.444,2,5,3,9,0,0,2,21,-9.0,12.0,Broken,Avoid/exit,9,-11.5,-8.6,-11.2,33.9,1,,Basic Materials,62410680.0,110869.18
STSS,Sharps Technology Inc,1.15,6,6,4,3,2,2,2,25,-13.0,12.0,Broken,Avoid/exit,18,2.7,6.5,-4.3,43.1,1,,Technology,77872792.0,743620.93
HHLKF,Hot Chili Limited,1.155,5,8,3,2,3,2,2,25,-13.0,12.0,Broken,Avoid/exit,41,6.9,-3.7,-0.9,47.7,2,,Basic Materials,298214912.0,56334.75
NTIP,Network-1 Technologies Inc,1.55,6,4,1,6,5,5,3,30,-18.0,12.0,Broken,Avoid/exit,54,2.0,-4.3,-1.1,47.3,1,,Industrials,33953920.0,182383.04
AGPYY,Agile Group Holdings Ltd ADR,0.869,1,3,1,7,0,3,2,17,-5.0,12.0,Broken,Avoid/exit,11,0.0,0.0,-4.9,0.0,1,,Real Estate,230099760.0,1.51
MKGSF,MKGSF,1.97,3,6,3,3,2,0,2,19,-8.0,12.0,Broken,Avoid/exit,0,-5.7,-10.5,-5.8,37.9,1,,nan,nan,0.0
BDTX,Black Diamond Therapeutics Inc,1.83,0,2,6,8,3,0,2,21,-9.0,12.0,Broken,Avoid/exit,24,-6.2,-9.9,-7.1,35.8,1,,Healthcare,119760704.0,1066736.67
DRSHF,DroneShield Limited,1.125,2,6,5,5,2,0,2,22,-10.0,12.0,Broken,Avoid/exit,15,-6.6,-4.7,-7.4,36.9,0,,Industrials,1948063104.0,275504.81
ORXOF,Orexo AB (publ),1.44,6,3,3,5,0,3,4,24,-15.0,12.0,Broken,Avoid/exit,11,0.0,0.0,-0.9,0.0,1,,Healthcare,73766816.0,90.76
SQFT,Presidio Property Trust,1.34,4,6,3,8,0,2,2,25,-13.0,12.0,Broken,Avoid/exit,19,11.7,-0.7,-4.3,43.8,1,,Real Estate,3051160.0,411625.36
HISEF,Hisense Home Appliances Group Co. Ltd,2.703,7,1,7,0,3,1,3,22,-10.0,12.0,Broken,Avoid/exit,25,-3.5,-3.5,-2.9,29.4,0,,Consumer Cyclical,4488895488.0,140.64
WTF,Waton Financial Limited Ordinary Shares,2.46,1,10,6,0,4,2,2,25,-13.0,12.0,Broken,Avoid/exit,28,-3.1,1.7,-4.4,41.5,1,,Financial Services,148571408.0,106347.95
GNLX,Genelux Corporation Common Stock,2.47,6,10,6,0,2,0,2,26,-15.0,12.0,Broken,Avoid/exit,16,-3.5,-2.8,-2.6,44.4,1,,Healthcare,134521248.0,211479.1
JASBX,JANUS SHORT-TERM BOND FUND CLASS T,2.84,2,4,2,6,3,2,3,22,-10.0,12.0,Broken,Avoid/exit,16,-0.4,-0.4,-0.4,16.7,0,,nan,0.0,0.0
JSHSX,JANUS SHORT-TERM BOND FUND CLASS S,2.83,2,5,1,6,3,2,3,22,-10.0,12.0,Broken,Avoid/exit,18,-0.4,-0.7,-0.5,20.6,0,,nan,0.0,0.0
TKFHY,Tekfen Holding AS ADR,9.686,17,0,4,8,6,2,5,42,-30,12,Broken,Avoid/exit,46,-2.6,200.8,41.6,95.2,3,,Basic Materials,574077696.0,4.5
PYYX,Pyxus International Inc,2.99,8,7,0,2,0,1,4,22,-10.0,12.0,Broken,Avoid/exit,30,-4.8,8.7,-2.5,48.1,1,,Consumer Defensive,67917504.0,4845.05
RYOJ,"rYojbaba Co., Ltd. Common Shares",3.7,3,7,3,0,5,0,2,20,-8.0,12.0,Broken,Avoid/exit,34,-7.3,-15.3,-11.7,39.2,0,,Industrials,34996500.0,692537.12
BVHMF,Vistry Group PLC,3.4,0,2,6,5,2,0,2,17,-10.0,12.0,Broken,Avoid/exit,30,-9.6,-5.3,-7.0,38.4,0,,Consumer Cyclical,1111569920.0,14411.58
TPLWF,Temple & Webster Group Ltd,2.992,1,8,3,0,4,2,2,20,-8.0,12.0,Broken,Avoid/exit,24,-4.4,-9.5,-7.8,26.6,0,,Consumer Cyclical,412542592.0,3024.61
CLTFF,Celtic plc,2.39,1,8,2,6,3,0,2,22,-10.0,12.0,Broken,Avoid/exit,15,-4.4,-8.8,-4.9,37.0,0,,Communication Services,313796736.0,1010.77
ADAG,Adagene Inc,3.2,1,12,3,1,3,2,2,24,-13.0,12.0,Broken,Avoid/exit,30,-0.3,-2.1,-3.0,44.7,2,,Healthcare,236539872.0,167928.78
CILJF,China Life Insurance Co Ltd,3.57,2,5,8,0,3,2,2,22,-10.0,12.0,Broken,Avoid/exit,35,-5.4,-7.9,-4.2,42.0,0,,Financial Services,98926460928.0,13825.89
DFITX,DFA International Real Estate Sec I,3.58,1,4,2,6,0,7,2,22,-10.0,12.0,Broken,Avoid/exit,20,-1.6,-2.7,-2.6,26.4,0,,nan,0.0,0.0
LWSOX,WESTERN ASSET SHORT-TERM BOND FUND CLASS C,3.61,2,5,1,6,3,2,3,22,-10.0,12.0,Broken,Avoid/exit,19,-0.3,-0.6,-0.5,20.2,0,,nan,0.0,0.0
ACOPF,The a2 Milk Company Limited,4.5,1,1,7,5,3,3,2,22,-10.0,12.0,Broken,Avoid/exit,14,-6.4,-6.4,-4.2,33.2,0,,Consumer Defensive,2865433344.0,0.0
IDN,Intellicheck Mobilisa Inc,2.34,6,7,5,0,0,2,2,22,-10.0,12.0,Broken,Avoid/exit,11,-0.4,-8.6,-8.5,29.4,0,,Technology,87890296.0,339113.44
MWUSX,METROPOLITAN WEST ULTRA SHORT BOND FUND CLASS M,4.12,2,5,1,6,3,2,3,22,-10.0,12.0,Broken,Avoid/exit,17,-0.2,-0.2,-0.3,20.4,0,,nan,0.0,0.0
PLMUF,Plum Acquisition Corp. III,5.408,16,7,5,4,5,4,5,46,-30,12,Broken,Avoid/exit,33,34.9,34.9,20.9,99.7,2,,Financial Services,nan,176.23
FIEE,"FiEE, Inc.",3.64,4,5,8,0,0,2,2,21,-10.0,12.0,Broken,Avoid/exit,19,-4.5,-5.5,-6.7,41.0,1,,Technology,37568476.0,65461.98
CPPKF,Copperbank Resources Corp,3.86,9,10,9,1,0,2,2,33,-21.0,12.0,Broken,Avoid/exit,45,2.6,4.6,1.1,50.6,1,,Basic Materials,1341524224.0,80026.12
YAHOY,Z Holdings Corp ADR,6.48,10,9,1,6,7,4,2,39,-27.0,12.0,Broken,Avoid/exit,55,-5.0,-10.3,-3.7,43.2,0,,Consumer Cyclical,17165669376.0,311778.86
VLVCY,Volvo Car AB (publ.),3.406,1,8,0,5,4,0,2,20,-8.0,12.0,Broken,Avoid/exit,14,-5.5,-10.4,-7.5,30.8,0,,Consumer Cyclical,7268880384.0,1075.26
SMGBF,San Miguel Corporation,0.989,1,4,6,4,3,1,2,21,-10.0,11.0,Broken,Avoid/exit,24,-4.9,-0.3,-2.8,37.7,0,,Industrials,2700107264.0,0.0
CGC,Canopy Growth Corp,0.925,4,7,8,0,2,7,2,30,-19.0,11.0,Broken,Avoid/exit,21,0.2,-1.3,-2.4,43.0,1,,Healthcare,467043712.0,19964939.7
UCL,Ucloudlink Group Inc,0.35,4,8,3,0,2,2,2,21,-10.0,11.0,Broken,Avoid/exit,8,-8.8,-15.1,-12.7,30.9,0,,Communication Services,38854092.0,25850.38
APM,Aptorum Group Ltd Class A,8.41,17,5,3,3,7,3,5,43,-30,11,Broken,Avoid/exit,55,-4.8,8409900.0,111.2,87.1,3,,Healthcare,8876695.0,2219235.03
RBNE,Robin Energy Ltd.,2.358,2,6,6,3,4,0,2,23,-12.0,11.0,Broken,Avoid/exit,34,-1.3,-21.4,-6.2,43.3,0,,Energy,6900758.0,1999763.21
MAVXX,Morgan Stanley Institutional Liquidity Funds - Prime Portfolio,1.0,1,3,3,6,0,4,4,21,-10.0,11.0,Broken,Avoid/exit,18,-0.0,-0.0,-0.0,5.0,0,,nan,nan,0.0
MMTLF,Madison Metals Inc.,0.719,3,8,0,2,5,4,2,24,-11.0,11.0,Broken,Avoid/exit,33,-4.1,-0.0,-4.6,41.6,2,,Energy,69444312.0,8230.43
DIIBF,Dorel Industries Inc,1.02,1,5,1,10,3,2,2,24,-13.0,11.0,Broken,Avoid/exit,29,-1.9,-8.1,-4.7,38.5,1,,Consumer Defensive,36698736.0,8120.07
YRD,Yirendai Ltd,0.976,3,7,8,3,0,2,2,25,-14.0,11.0,Broken,Avoid/exit,28,-0.4,-2.4,-3.6,39.8,0,,Financial Services,106735928.0,91973.83
DCMDF,DATA Communications Management Corp,1.51,3,4,1,6,5,0,2,21,-10.0,11.0,Broken,Avoid/exit,44,-9.0,-9.6,-8.4,31.5,0,,Industrials,69133128.0,6000.0
MEGL,Magic Empire Global Limited,1.12,2,9,3,4,4,2,2,26,-15.0,11.0,Broken,Avoid/exit,32,-0.9,-5.1,-3.6,42.8,1,,Financial Services,6279422.0,37929.18
APWC,Asia Pacific Wire & Cable Corp Ltd,1.33,7,2,8,0,2,2,2,23,-10.0,11.0,Broken,Avoid/exit,29,0.0,1.5,-2.5,38.8,1,,Industrials,56488464.0,11069.93
DOWAD,DOWAD,0.88,4,7,3,3,0,2,2,21,-6.0,11.0,Broken,Avoid/exit,30,-3.2,12.8,-5.5,47.0,2,,nan,nan,32278.18
PEPG,PepGen Ltd,2.59,1,7,4,3,5,2,2,24,-13.0,11.0,Broken,Avoid/exit,39,-8.8,-12.8,-9.2,38.4,2,,Healthcare,96145208.0,1797989.74
BOLD,"Boundless Bio, Inc. Common Stock",2.61,3,6,3,3,3,4,2,24,-13.0,11.0,Broken,Avoid/exit,52,-7.8,-8.1,-5.7,36.2,1,,Healthcare,32348322.0,161514.42
CARV,Carver Bancorp Inc,1.6,8,3,1,5,3,3,3,26,-15.0,11.0,Broken,Avoid/exit,36,1.3,-13.5,-5.8,45.4,1,,Financial Services,7137585.0,43212.64
FNDM,Fund.com Inc,1.0,1,2,0,8,3,0,2,16,-5.0,11.0,Broken,Avoid/exit,12,-33.3,-33.3,-43.6,42.5,1,,Financial Services,7913057.0,0.0
LINRF,Liontown Resources Limited,0.673,0,6,3,7,0,0,2,18,-8.0,11.0,Broken,Avoid/exit,15,-10.3,-15.0,-13.0,31.8,2,,Basic Materials,5118368768.0,14658.84
SURRY,Sun Art Retail Group Ltd ADR,1.193,2,3,3,3,6,2,2,21,-10.0,11.0,Broken,Avoid/exit,34,0.0,-12.9,-5.8,22.8,1,,Consumer Cyclical,1510668800.0,0.0
PRFX,Painreform Ltd,0.972,9,9,9,4,2,4,4,41,-30,11,Broken,Avoid/exit,22,1.1,12.9,-0.2,48.2,3,,Healthcare,1555073.0,774655.82
NFGC,New Found Gold Corp,1.68,6,6,5,3,3,0,2,25,-15.0,11.0,Broken,Avoid/exit,37,-4.5,1.8,-4.5,45.3,2,,Basic Materials,674064896.0,1816450.68
SEGG,Lottery.com Inc.,2.42,7,4,4,10,3,4,2,34,-23.0,11.0,Broken,Avoid/exit,47,-21.7,-30.5,-15.6,41.7,1,,Consumer Cyclical,27347096.0,4350730.6
LIDR,Aeye Inc,1.185,1,5,6,3,2,6,5,28,-17.0,11.0,Broken,Avoid/exit,30,-0.4,-3.7,-3.6,43.6,1,,Technology,86608712.0,3164693.01
THCH,TH International Limited,1.26,4,8,5,0,2,2,3,24,-13.0,11.0,Broken,Avoid/exit,13,-6.7,-6.7,-5.4,43.3,1,,Consumer Cyclical,57345384.0,10021.73
KUST,"Kustom Entertainment, Inc.",0.627,3,7,4,6,4,2,2,28,-15.0,11.0,Broken,Avoid/exit,22,-7.8,-3.6,-14.5,35.4,2,,Communication Services,1134616.0,204444.64
TUYA,Tuya Inc ADR,1.72,1,8,3,1,4,2,2,21,-8.0,11.0,Broken,Avoid/exit,24,-0.6,-3.9,-2.4,44.6,1,,Technology,1232352384.0,1373194.97
AIMD,Ainos Inc,1.33,0,3,3,8,2,0,2,18,-5.0,11.0,Broken,Avoid/exit,22,-8.9,-2.9,-6.6,40.2,2,,Technology,16422929.0,331164.47
GLBS,Globus Maritime Ltd,3.5,9,13,2,4,7,0,3,38,-28.0,11.0,Broken,Avoid/exit,54,-9.1,-3.3,-3.5,45.8,1,,Industrials,45754472.0,118808.53
VTCHF,VTCHF,2.086,8,4,1,3,3,2,2,23,-8.0,11.0,Broken,Avoid/exit,38,-7.7,-5.2,-3.7,44.8,0,,nan,nan,3655.12
IWGFF,IWG PLC,2.32,1,6,3,6,2,1,2,21,-8.0,11.0,Broken,Avoid/exit,21,-2.1,-5.5,-3.7,37.2,1,,Real Estate,2325319936.0,40534.73
GRCE,"Grace Therapeutics, Inc.",2.12,4,6,6,0,2,2,4,24,-13.0,11.0,Broken,Avoid/exit,25,1.0,-7.4,-1.3,46.0,1,,Healthcare,37911368.0,311958.64
NHTC,Natural Health Trend,0.99,1,7,0,3,4,0,2,17,-11.0,11.0,Broken,Avoid/exit,16,-15.4,-38.9,-25.7,23.4,2,,Consumer Cyclical,20501060.0,36708.31
OCDGF,Ocado Group PLC,3.05,13,6,4,5,6,0,2,36,-30.0,11.0,Broken,🔥 COILED: Avoid/exit,48,0.0,10.5,0.8,52.3,3,,Consumer Defensive,2265188608.0,775.24
TKGBY,Turkiye Garanti Bankasi AS,2.48,0,4,5,8,0,0,2,19,-8.0,11.0,Broken,Avoid/exit,18,-0.8,-4.6,-6.3,37.5,0,,Financial Services,13572413440.0,9265.12
GROY,Gold Royalty Corp.,3.03,1,4,6,5,3,2,2,23,-10.0,11.0,Broken,Avoid/exit,33,-7.1,-9.8,-6.6,39.5,0,,Basic Materials,717816576.0,3027763.97
GIG,GigCapital7 Corp. Class A Ordinary Share,1.83,6,13,4,3,3,2,2,33,-23.0,11.0,Broken,Avoid/exit,21,24.5,11.2,1.9,44.4,3,,Financial Services,171999984.0,275045.5
GROY-WS,GROY-WS,3.03,1,4,6,5,3,2,2,23,-10.0,11.0,Broken,Avoid/exit,33,-7.1,-9.8,-6.6,39.5,0,,nan,nan,3029327.72
LGGNF,Legal & General Group Plc,3.84,4,3,9,4,3,3,3,29,-18.0,11.0,Broken,Avoid/exit,40,-2.8,-4.0,-1.9,45.6,0,,Financial Services,19537070080.0,17635.63
WKHS,Workhorse Group Inc,2.9,3,12,3,0,4,2,2,26,-15.0,11.0,Broken,Avoid/exit,36,-3.3,-3.0,-3.9,43.5,1,,Consumer Cyclical,37691164.0,177945.62
NCMI,National CineMedia Inc,2.21,3,4,3,6,2,4,2,24,-13.0,11.0,Broken,Avoid/exit,15,-1.3,-9.1,-7.4,34.0,1,,Communication Services,332920032.0,427479.42
FULC,Fulcrum Therapeutics Inc,3.72,4,3,9,1,5,5,3,30,-19.0,11.0,Broken,Avoid/exit,33,-2.1,-1.8,-1.9,39.8,1,,Healthcare,224554288.0,1190636.04
CSGTX,TRANSAMERICA SMALL CAP GROWTH C,3.33,0,3,5,6,0,5,2,21,-10.0,11.0,Broken,Avoid/exit,16,-1.5,-1.8,-2.4,32.9,0,,nan,0.0,0.0
ZTCOF,ZTE Corp-H,2.48,1,7,4,4,3,0,2,21,-10.0,11.0,Broken,Avoid/exit,15,-17.3,-6.4,-6.3,39.2,0,,Technology,21861355520.0,330.25
FRRPF,Fiera Capital Corporation,2.95,2,4,5,4,0,3,3,21,-10.0,11.0,Broken,Avoid/exit,16,-3.6,-1.3,-3.9,32.6,0,,Financial Services,415776096.0,0.0
PTLO,Portillo's Inc,3.52,1,7,3,1,2,2,2,18,-8.0,11.0,Broken,Avoid/exit,20,-5.6,-13.3,-10.7,26.6,1,,Consumer Cyclical,279028608.0,2375749.03
CLIR,ClearSign Combustion Corporation,3.65,3,10,3,1,5,0,2,24,-13.0,11.0,Broken,Avoid/exit,35,-3.7,-5.2,-5.0,43.6,2,,Industrials,26494968.0,41692.64
LDLFX,LORD ABBETT SHORT DURATION INCOME FUND CLASS F,3.78,2,5,0,6,3,2,3,21,-10.0,11.0,Broken,Avoid/exit,16,-0.5,-0.5,-0.5,20.4,0,,nan,0.0,0.0
LDLVX,LORD ABBETT SHORT DURATION INCOME FUND CLASS R6,3.78,2,5,0,6,3,2,3,21,-10.0,11.0,Broken,Avoid/exit,16,-0.5,-0.5,-0.5,20.4,0,,nan,0.0,0.0
QNRX,Quoin Pharmaceuticals Ltd DRC,5.26,2,4,1,9,2,4,2,24,-13.0,11.0,Broken,Avoid/exit,28,-23.8,-23.5,-18.4,35.6,1,,Healthcare,9037881.0,247795.72
BOLT,Bolt Biotherapeutics,3.46,1,4,1,10,0,2,2,20,-9.0,11.0,Broken,Avoid/exit,14,-3.6,-13.1,-6.0,42.1,1,,Healthcare,9146659.0,29660.63
SINGF,Singapore Airlines Ltd,5.03,5,7,6,2,3,2,2,27,-16.0,11.0,Broken,Avoid/exit,33,0.6,-5.1,-2.5,35.4,0,,Industrials,16668178432.0,0.0
DURYY,Duerr AG ADR,3.9,4,3,3,0,3,5,3,21,-10.0,11.0,Broken,Avoid/exit,26,0.0,-3.5,-1.3,11.2,1,,Industrials,1647009536.0,0.0
EVF,Eaton Vance Senior Income Closed Fund,4.85,2,6,3,2,2,3,3,21,-10.0,11.0,Broken,Avoid/exit,23,0.0,-0.4,-0.8,37.3,0,,Financial Services,90124632.0,92496.1
POIXX,Money Market Obligations Trust - Federated Institutional Prime Obligations Fund,1.0,1,3,2,6,0,4,4,20,-10.0,10.0,Broken,Avoid/exit,17,-0.0,-0.0,-0.0,13.3,0,,nan,nan,0.0
OGI,OrganiGram Holdings Inc,1.085,3,7,5,5,3,0,2,25,-15.0,10.0,Broken,Avoid/exit,39,-3.1,0.9,-1.9,45.5,1,,Healthcare,152037024.0,819375.81
INO,Inovio Pharmaceuticals Inc,1.17,9,4,2,3,5,0,2,25,-15.0,10.0,Broken,Avoid/exit,29,-5.6,-0.8,-4.1,46.2,1,,Healthcare,95436952.0,1799066.3
VWAVW,"VisionWave Holdings, Inc. Warrant",0.055,6,9,3,0,2,2,2,24,-14.0,10.0,Broken,Avoid/exit,15,-8.7,-13.2,-32.5,36.8,0,,nan,nan,70257.62
KOOYF,Kootenay Silver Inc,0.786,0,2,2,9,0,0,2,15,-5.0,10.0,Broken,Avoid/exit,16,-8.5,-8.5,-9.7,37.2,1,,Basic Materials,117722456.0,246364.29
ELOG,Eastern International Ltd.,0.489,1,7,1,5,4,2,2,22,-10.0,10.0,Broken,Avoid/exit,14,-5.1,-15.0,-15.6,28.9,1,,Industrials,11548800.0,0.0
AHG,Akso Health Group ADR,0.731,3,11,3,1,0,2,2,22,-15.0,10.0,Broken,Avoid/exit,13,-3.8,-8.9,-10.9,33.9,2,,Healthcare,1311185792.0,52050.48
EUSHY,Eurocash SA PK,1.65,13,5,5,6,6,0,5,40,-30,10,Broken,Avoid/exit,33,0.0,10.4,6.2,93.8,3,,Consumer Defensive,189262064.0,28.88
MGMNF,Magna Mining Inc,1.75,1,3,4,10,3,0,2,23,-13.0,10.0,Broken,Avoid/exit,38,-9.3,-9.3,-8.0,40.5,1,,Basic Materials,423896480.0,133836.62
AUTL,Autolus Therapeutics Ltd,1.86,3,10,4,3,5,0,2,27,-15.0,10.0,Broken,Avoid/exit,42,-4.1,-4.1,-6.7,40.3,2,,Healthcare,441797824.0,2576381.67
CHN,China Fund Inc,1.145,0,3,6,7,0,0,2,18,-8.0,10.0,Broken,Avoid/exit,21,-9.1,-3.4,-8.4,38.8,0,,Financial Services,145902700.0,1597438.27
BCG,"Binah Capital Group, Inc. Common Stock",1.15,1,10,3,0,4,0,2,20,-8.0,10.0,Broken,Avoid/exit,18,-7.3,-8.7,-8.2,32.2,1,,Financial Services,26391908.0,428824.2
CUBTD,"Curative Biotechnology, Inc.",1.2,4,8,2,3,6,0,2,25,-15.0,10.0,Broken,Avoid/exit,51,-10.0,-14.3,-9.5,45.9,1,,Healthcare,6794167.0,1600.32
IVF,"INVO Fertility, Inc.",0.934,5,4,9,0,2,0,2,22,-15.0,10.0,Broken,Avoid/exit,24,-2.5,-1.8,-4.8,42.3,1,,Healthcare,2746212.0,583313.8
YJ,Yunji Inc,1.74,7,8,2,3,0,0,2,22,-13.0,10.0,Broken,Avoid/exit,27,-10.3,-17.1,-13.2,41.7,2,,Consumer Cyclical,7437565.0,73511.15
MAXXF,Max Power Mining Corp.,2.26,12,4,4,3,5,2,5,35,-25.0,10.0,Broken,Avoid/exit,55,-6.8,-8.9,-2.6,49.6,1,,Basic Materials,268488800.0,171910.62
CRTHF,CARsgen Therapeutics Holdings Limited,1.62,7,3,7,2,3,3,4,29,-15.0,10.0,Broken,Avoid/exit,26,0.0,0.0,-0.7,22.4,1,,Healthcare,981320192.0,14.0
TOPP,Toppoint Holdings Inc.,0.135,3,6,5,5,2,2,2,25,-15.0,10.0,Broken,Avoid/exit,17,-3.6,-15.6,-18.7,26.6,1,,Industrials,42158004.0,128013.03
NAUFF,NevGold Corp,0.784,7,12,2,0,4,2,2,29,-19.0,10.0,Broken,Avoid/exit,16,-1.3,-4.3,-9.2,34.6,1,,Basic Materials,333954432.0,149523.08
SKYQ,Sky Quarry Inc,2.6,3,3,7,6,2,2,3,26,-16.0,10.0,Broken,Avoid/exit,30,-2.6,-17.2,-7.6,43.6,0,,Energy,9349560.0,2883580.86
XTGRF,Xtra-Gold Resources Corp,1.84,1,8,6,4,3,0,2,24,-14.0,10.0,Broken,Avoid/exit,17,-4.2,-2.1,-3.3,42.7,0,,Basic Materials,92972432.0,11851.0
DARE,Dare Bioscience Inc,0.75,3,7,5,5,0,1,4,25,-15.0,10.0,Broken,Avoid/exit,10,-7.4,1.9,-5.5,40.1,1,,Healthcare,28161464.0,290325.11
GENK,"GEN Restaurant Group, Inc. Class A Common Stock",1.71,7,8,4,0,2,2,2,25,-13.0,10.0,Broken,Avoid/exit,15,-0.6,-2.3,-3.1,42.4,2,,Consumer Cyclical,63621712.0,52733.47
ABOS,Acumen Pharmaceuticals Inc,2.3,1,7,1,6,3,2,2,22,-13.0,10.0,Broken,Avoid/exit,31,-11.2,-17.6,-12.0,36.4,2,,Healthcare,165401168.0,469703.54
XRTX,XORTX Therapeutics Inc,1.71,6,7,0,3,2,0,2,20,-11.0,10.0,Broken,Avoid/exit,32,-12.3,-17.4,-11.4,40.5,2,,Healthcare,3810358.0,522443.84
DHF,BNY Mellon High Yield Strategies Fund,2.23,4,8,0,1,2,3,2,20,-10.0,10.0,Broken,Avoid/exit,8,-1.3,-1.8,-2.4,31.8,1,,Financial Services,191221200.0,382369.51
DCX,Digital Currency X Technology Inc.,6.17,16,4,4,0,3,2,5,34,-24,10,Broken,Avoid/exit,53,4999.2,1416.0,95.0,62.6,2,6,Consumer Cyclical,48766116.0,296271.26
GBGPF,GB Group plc,2.09,6,3,2,1,3,3,2,20,-10.0,10.0,Broken,Avoid/exit,11,0.0,0.0,-2.1,0.0,0,,Technology,605126208.0,560.31
RMCO,Royalty Management Holding Corporation,2.56,5,7,6,3,3,2,2,28,-18.0,10.0,Broken,Avoid/exit,39,-0.4,0.0,-3.9,41.4,1,,Financial Services,38656868.0,62755.73
PCSA,Processa Pharmaceuticals Inc,1.84,1,9,9,0,2,2,2,25,-15.0,10.0,Broken,Avoid/exit,24,0.0,-2.1,-5.8,41.9,1,,Healthcare,7562976.0,393023.37
BBDO,Banco Bradesco S/A ADR,3.04,1,4,7,6,0,2,4,24,-14.0,10.0,Broken,Avoid/exit,44,-6.2,-4.4,-2.9,42.9,0,,Financial Services,31186771968.0,60819.54
EVO,Evotec SE ADR,1.59,1,8,3,2,3,2,2,21,-11.0,10.0,Broken,Avoid/exit,16,3.2,-5.4,-5.6,35.8,2,,Healthcare,1022906112.0,108848.66
MIMI,Mint Incorporation Limited Class A Ordinary Shares,0.902,6,12,3,3,3,2,2,31,-21.0,10.0,Broken,Avoid/exit,20,11.1,-8.0,-8.0,40.3,1,,Industrials,8039137.0,526043.06
JAGX,Jaguar Animal Health Inc,6.02,14,2,2,4,2,2,5,31,-21,10,Broken,Avoid/exit,39,125.5,25.8,5.3,51.2,3,9,Healthcare,2021667.0,56040.21
JSHIX,JANUS SHORT-TERM BOND FUND CLASS I,2.83,3,6,0,6,0,2,3,20,-10.0,10.0,Broken,Avoid/exit,14,-0.4,-0.7,-0.6,29.7,0,,nan,0.0,0.0
PIAHY,Ping An Healthcare and Technology Company Limited,1.47,3,3,3,1,3,5,2,20,-10.0,10.0,Broken,Avoid/exit,10,0.0,-4.5,-5.2,0.0,0,,Healthcare,3189938944.0,58.36
GEBHY,Genting Berhad,2.32,3,5,2,6,0,0,2,18,-8.0,10.0,Broken,Avoid/exit,19,-5.3,-5.3,-5.8,41.2,0,,Consumer Cyclical,2310345728.0,19967.57
CANF,Can Fite Biopharma Ltd ADR,2.23,3,10,4,0,3,3,2,25,-13.0,10.0,Broken,Avoid/exit,27,0.5,-3.0,-7.3,34.3,2,,Healthcare,6770448.0,523146.68
RADLY,Raia Drogasil SA ADR,3.405,0,5,0,10,3,1,2,21,-11.0,10.0,Broken,Avoid/exit,31,-16.1,-9.2,-8.1,38.5,0,,Healthcare,5979994112.0,19503.0
NEPH,Nephros Inc,4.03,5,4,7,3,3,2,2,26,-12.0,10.0,Broken,Avoid/exit,38,-8.0,-9.0,-5.1,44.5,0,,Healthcare,38975000.0,52035.42
BYDIF,BYD Electronic (International) Company Limited,2.85,1,10,0,3,4,0,2,20,-8.0,10.0,Broken,Avoid/exit,27,-4.4,-7.5,-3.5,45.8,1,,Technology,8535212032.0,4541.73
SCGPY,Serco Group PLC,2.99,0,2,8,2,3,2,3,20,-10.0,10.0,Broken,Avoid/exit,14,-9.9,-9.9,-9.1,31.8,0,,Industrials,3558276352.0,0.0
LND,Brasilagro Adr,3.51,1,7,3,2,2,1,2,18,-8.0,10.0,Broken,Avoid/exit,19,-2.8,-2.8,-3.1,35.4,1,,Consumer Defensive,366714368.0,65248.85
ANGH,Anghami De Inc,3.791,14,7,5,5,3,1,5,40,-30.0,10.0,Broken,Avoid/exit,49,-0.8,15.2,3.8,54.8,3,,Communication Services,31998772.0,254721.32
WHWK,"Whitehawk Therapeutics, Inc.",3.76,3,8,3,3,2,4,2,25,-13.0,10.0,Broken,Avoid/exit,34,-6.9,-7.6,-8.7,33.6,2,,Healthcare,214623696.0,698405.51
MWUIX,METROPOLITAN WEST ULTRA SHORT BOND FUND CLASS I,4.13,1,6,0,6,0,4,3,20,-10.0,10.0,Broken,Avoid/exit,15,-0.2,-0.5,-0.4,35.5,0,,nan,0.0,0.0
NSANY,Nissan Motor Co Ltd ADR,3.87,1,10,8,2,2,0,2,25,-15.0,10.0,Broken,Avoid/exit,17,-2.4,-4.4,-3.2,40.6,2,,Consumer Cyclical,7587150336.0,174867.4
CCC,CCC Intelligent Solutions Holdings Inc.,6.62,7,4,5,1,3,2,2,24,-14.0,10.0,Broken,Avoid/exit,44,1.8,-2.1,-2.6,45.6,0,,Technology,2928833280.0,9649676.15
XNET,Xunlei Ltd Adr,4.87,5,6,8,6,0,0,3,28,-18.0,10.0,Broken,Avoid/exit,21,-2.6,-0.4,-2.0,42.6,0,,Technology,289942976.0,429751.96
XPHKX,PIMCO High Income Fund,4.33,2,4,1,6,3,1,3,20,-10.0,10.0,Broken,Avoid/exit,14,-0.9,-0.9,-1.3,24.6,0,,Other,0.0,0.0
PMSTX,VIRTUS MULTI-SECTOR SHORT TERM BOND FUND CLASS C1,4.53,2,3,1,6,3,2,3,20,-10.0,10.0,Broken,Avoid/exit,19,-0.7,-0.7,-0.7,13.4,0,,nan,0.0,0.0
ISHBF,iShares IV Public Limited Company - iShares $ Treasury Bond 20+yr UCITS ETF,4.255,1,6,0,8,0,1,2,18,-8.0,10.0,Broken,Avoid/exit,18,-4.3,-3.6,-3.5,27.5,0,,nan,nan,155198.1
DQJCF,Pan Pacific International Holdings Corporation,4.545,5,5,4,2,0,0,2,18,-8.0,10.0,Broken,Avoid/exit,25,-7.6,-4.3,-5.9,45.3,0,,Consumer Defensive,14723181568.0,0.0
SLNG,Stabilis Solutions Inc,5.15,5,8,3,2,5,0,2,25,-15.0,10.0,Broken,Avoid/exit,52,-5.2,4.0,-3.7,45.5,1,,Energy,94655168.0,24925.62
GRLRF,Greenland Resources Inc,1.13,9,4,1,3,5,2,4,28,-15.0,9.0,Broken,Avoid/exit,43,-12.4,-5.0,-2.8,48.5,1,,Basic Materials,139244576.0,84473.62
WLTXX,WLTXX,1.0,1,4,1,5,3,3,2,19,-10.0,9.0,Broken,Avoid/exit,18,0.0,0.0,-44.8,20.6,0,,nan,nan,0.0
GP,GreenPower Motor Company Inc,0.63,3,10,1,1,4,2,2,23,-15.0,9.0,Broken,Avoid/exit,12,-22.3,-16.1,-25.3,24.9,2,,Industrials,5632839.0,684671.89
BTAI,BioXcel Therapeutics Inc,0.041,6,7,2,3,4,2,2,26,-15.0,9.0,Broken,Avoid/exit,7,-33.2,-8.9,-73.4,23.6,2,,Healthcare,37979452.0,1437702.93
LZMH,LZ Technology Holdings Limited Class B Ordinary Shares,1.15,6,2,8,0,4,4,2,26,-15.0,9.0,Broken,Avoid/exit,39,-5.3,-2.5,-3.9,43.6,2,,Technology,9786565.0,147373.09
VINO,Gaucho Group Holdings Inc,1.44,7,7,6,5,3,2,2,32,-23.0,9.0,Broken,Avoid/exit,41,30.9,-4.0,7.2,51.1,1,,Real Estate,1890232.0,0.0
LBGJ,Li Bang International Corporation Inc. Ordinary Shares,2.0,6,5,2,3,4,2,2,24,-15.0,9.0,Broken,Avoid/exit,32,2.6,-6.5,-9.9,42.5,1,,Industrials,3201900.0,223036.1
PZG,Paramount Gold Nevada Corp,1.25,0,3,9,4,3,0,2,21,-15.0,9.0,Broken,Avoid/exit,18,-6.0,-5.3,-7.1,38.1,2,,Basic Materials,115808920.0,1032829.3
ENTX,Entera Bio Ltd,2.69,3,5,7,6,5,0,2,28,-19.0,9.0,Broken,Avoid/exit,41,-9.1,-4.6,-6.6,40.2,1,,Healthcare,60134084.0,166791.34
DRMA,Dermata Therapeutics Inc,1.12,5,3,4,2,4,4,2,24,-15.0,9.0,Broken,Avoid/exit,26,-2.6,-2.6,-6.4,39.8,1,,Healthcare,5028081.0,959578.57
BBLG,Bone Biologics Corp,0.496,6,9,3,0,4,2,2,26,-15.0,9.0,Broken,Avoid/exit,7,4.3,-8.1,-9.0,30.7,2,,Healthcare,2241741.0,741180.88
OCGN,Ocugen Inc,1.03,4,11,3,0,2,2,2,24,-13.0,9.0,Broken,Avoid/exit,22,0.0,-2.8,-6.7,37.2,2,,Healthcare,463774944.0,6017677.52
NPT,Texxon Holding Ltd.,2.83,3,6,6,3,2,2,2,24,-15.0,9.0,Broken,Avoid/exit,35,-0.7,0.7,-6.0,41.3,1,,Consumer Cyclical,27509400.0,0.0
INUV,Inuvo Inc,0.57,3,9,6,0,2,2,2,24,-15.0,9.0,Broken,Avoid/exit,18,-1.7,-8.1,-9.0,30.7,1,,Technology,21934930.0,204864.4
MCHVF,MGM China Holdings Limited,1.26,3,3,5,0,3,3,2,19,-10.0,9.0,Broken,Avoid/exit,21,0.0,0.0,-2.7,37.6,0,,Consumer Cyclical,8160572416.0,0.0
YADGF,Yadea Group Holdings Ltd,1.07,6,4,3,2,1,0,5,21,-8.0,9.0,Broken,Avoid/exit,22,-15.1,-15.1,-3.6,48.0,0,,Consumer Cyclical,4584581632.0,100.94
BZAI,"Blaize Holdings, Inc.",0.496,2,7,5,4,0,4,2,24,-15.0,9.0,Broken,Avoid/exit,10,-16.0,-14.1,-11.5,39.6,1,,Technology,254716016.0,5028700.62
FGL,Founder Group Limited Ordinary Shares,4.22,10,5,2,0,2,0,5,24,-15.0,9.0,Broken,Avoid/exit,40,3.7,-15.3,-9.6,48.9,1,,Industrials,2222580.0,345559.33
YNNHF,Yihai International Holding Ltd,1.55,1,1,1,5,3,6,2,19,-10.0,9.0,Broken,Avoid/exit,15,0.0,-22.2,-11.4,0.0,0,,Consumer Defensive,1932502912.0,5.72
CDIO,Cardio Diagnostics Holdings Inc,1.894,10,4,8,3,3,0,4,32,-23.0,9.0,Broken,Avoid/exit,31,-1.4,-8.5,-2.5,46.7,1,,Healthcare,6362858.0,1272800.06
CAOVF,China Overseas Land & Investment Limited,1.6,1,1,7,3,3,2,2,19,-10.0,9.0,Broken,Avoid/exit,26,-8.0,-8.0,-5.0,34.6,0,,Real Estate,22437011456.0,250.74
ELME,Elme Communities,1.7,14,7,4,5,3,0,4,37,-28.0,9.0,Broken,Avoid/exit,25,-2.9,1.8,0.9,54.2,1,,Real Estate,181403376.0,2127497.37
KALA,Kala Pharmaceuticals Inc,0.45,2,6,7,1,2,4,2,24,-15.0,9.0,Broken,Avoid/exit,12,-19.6,-16.7,-22.0,32.1,1,,Healthcare,38295052.0,113746.51
MOBX,Mobix Labs Inc,0.864,3,8,2,3,4,2,2,24,-13.0,9.0,Broken,Avoid/exit,25,-6.1,-15.3,-13.4,36.9,1,,Technology,35541512.0,3472536.01
AIRE,reAlpha Tech Corp. Common Stock,1.36,4,12,6,0,2,0,2,26,-15.0,9.0,Broken,Avoid/exit,40,-3.5,-11.1,-5.7,40.2,2,,Real Estate,12124337.0,458977.28
CCLD,"CareCloud, Inc.",2.05,1,8,6,0,2,0,2,19,-10.0,9.0,Broken,Avoid/exit,24,-4.7,-1.9,-5.3,38.4,0,,Healthcare,99858424.0,499847.66
UWMC,UWM Holdings Corp,1.25,3,9,4,0,3,0,2,21,-10.0,9.0,Broken,Avoid/exit,27,-0.8,-6.0,-5.2,37.4,1,,Financial Services,4233155072.0,14291626.15
GROW,US Global Investors Inc,2.92,2,6,3,5,0,1,2,19,-10.0,9.0,Broken,Avoid/exit,42,-2.7,-1.4,-3.2,40.8,0,,Financial Services,33615372.0,43273.67
UWMC-WS,UWMC-WS,1.25,3,9,4,0,3,0,2,21,-10.0,9.0,Broken,Avoid/exit,27,-0.8,-6.0,-5.2,37.4,1,,nan,nan,14230931.56
WOOF,Pet Acquisition LLC,2.27,1,9,3,0,2,0,2,17,-8.0,9.0,Broken,Avoid/exit,20,-4.2,-6.6,-6.7,33.4,0,,Consumer Cyclical,926285760.0,2642619.22
HTT,High Templar Tech Limited Sponsored ADR Class A,2.39,0,6,6,0,2,1,2,17,-8.0,9.0,Broken,Avoid/exit,22,-3.6,-4.8,-3.9,36.8,0,,Financial Services,462744832.0,261939.97
KPGHF,Kelly Partners Group Holdings Limited,3.15,2,7,1,2,5,0,2,19,-8.0,9.0,Broken,Avoid/exit,37,-9.6,-7.4,-5.8,43.2,1,,Industrials,134466624.0,13980.22
CURR,Currenc Group Inc. Ordinary Shares,3.11,6,10,1,0,3,0,2,22,-11.0,9.0,Broken,Avoid/exit,46,-3.7,-8.5,-4.3,45.5,2,,Technology,349196672.0,399245.46
HLTRF,HLS Therapeutics Inc,2.79,9,3,4,3,2,1,4,26,-17.0,9.0,Broken,Avoid/exit,10,-1.1,-1.1,0.3,50.7,1,,Healthcare,98516040.0,95.4
TNABF,Tenaga Nasional Berhad,3.02,3,6,1,5,3,0,2,20,-11.0,9.0,Broken,Avoid/exit,14,-1.1,-7.8,-6.0,42.6,0,,Utilities,21235128320.0,8757.82
OUTKY,Outokumpu Oyj ADR,2.99,2,6,6,4,3,4,2,27,-18.0,9.0,Broken,Avoid/exit,31,-5.1,-1.1,-6.2,44.3,1,,Basic Materials,3252506368.0,0.0
ELDN,Eledon Pharmaceuticals Inc,2.64,3,11,4,0,2,2,2,24,-15.0,9.0,Broken,Avoid/exit,17,-1.9,-4.7,-7.1,33.6,1,,Healthcare,277876160.0,1436607.91
CCCC,C4 Therapeutics Inc,3.115,3,9,4,1,3,2,2,24,-15.0,9.0,Broken,Avoid/exit,35,-5.6,-9.2,-8.4,34.1,2,,Healthcare,471049568.0,2202627.04
BGS,B&G Foods Inc,3.06,6,11,3,0,2,2,2,26,-17.0,9.0,Broken,Avoid/exit,17,4.4,-3.2,-3.1,40.3,1,,Consumer Defensive,320609664.0,2178765.67
PHCHX,VIRTUS HIGH YIELD FUND CLASS A,3.69,1,3,1,6,3,2,3,19,-10.0,9.0,Broken,Avoid/exit,17,-1.1,-1.1,-1.1,15.8,0,,nan,0.0,0.0
IONR,ioneer Ltd American Depositary Shares,3.13,5,7,3,5,0,0,4,24,-15.0,9.0,Broken,Avoid/exit,19,-3.7,8.3,-1.3,47.8,2,,Basic Materials,335226880.0,187022.5
RTGN,RetinalGenix Technologies Inc,3.99,6,1,3,3,3,4,4,24,-15.0,9.0,Broken,Avoid/exit,41,0.0,-0.2,-0.1,7.5,1,,Healthcare,75374512.0,154.2
DETX,"Liberty Defense Holdings, Ltd. Common Shares",2.185,3,11,2,0,4,2,2,24,-13.0,9.0,Broken,Avoid/exit,0,3.6,-6.6,-10.2,36.2,2,,Industrials,25517316.0,0.0
RAFI,Regency Affiliates Inc,4.58,4,2,0,1,6,4,2,19,-10.0,9.0,Broken,Avoid/exit,43,-11.6,-11.6,-5.8,31.3,0,,Financial Services,18741268.0,1231.71
MAIFF,Minera Alamos Inc,3.89,1,4,6,3,3,2,2,21,-15.0,9.0,Broken,Avoid/exit,41,-10.2,-11.2,-8.2,41.4,1,,Basic Materials,495871360.0,596116.18
NEUP,Neuphoria Therapeutics Inc,3.65,2,4,9,0,5,5,3,28,-19.0,9.0,Broken,Avoid/exit,19,-1.6,-3.9,-2.1,37.8,1,,Healthcare,25401388.0,537067.37
CVKD,"Cadrenal Therapeutics, Inc. Common Stock",1.12,7,7,4,0,2,2,2,24,-15.0,9.0,Broken,Avoid/exit,16,2.8,5.7,-10.3,37.1,1,,Healthcare,12897855.0,47212.24
MNTHF,Minth Group Limited,2.63,1,1,3,5,3,4,2,19,-10.0,9.0,Broken,Avoid/exit,19,0.0,-23.8,-12.0,18.5,0,,Consumer Cyclical,5275431936.0,281.5
IGR,CBRE Clarion Global Real Estate Income Fund,11.73,15,2,4,5,3,5,5,39,-30,9,Broken,Avoid/exit,47,-3.9,-6.9,21.8,82.3,0,,Financial Services,1039987000.0,817561.56
HRZN,Horizon Technology Finance,4.535,0,3,7,2,3,2,2,19,-10.0,9.0,Broken,Avoid/exit,36,-2.7,-7.4,-3.3,41.3,1,,Financial Services,317414176.0,863306.73
NTPIF,Nam Tai Property Inc.,4.3,6,7,3,1,1,1,3,22,-13.0,9.0,Broken,Avoid/exit,30,-0.9,0.0,-1.5,44.6,1,,Real Estate,289831008.0,13570.11
PIMSX,VIRTUS MULTI-SECTOR SHORT TERM BOND FUND CLASS I SHARES,4.48,2,3,0,6,3,2,3,19,-10.0,9.0,Broken,Avoid/exit,18,-0.7,-0.7,-0.6,25.0,0,,nan,0.0,0.0
PSTCX,VIRTUS MULTI-SECTOR SHORT TERM BOND FUND CLASS C,4.55,2,3,0,6,3,2,3,19,-10.0,9.0,Broken,Avoid/exit,17,-0.7,-0.7,-0.6,27.8,0,,nan,0.0,0.0
TRZOX,T. Rowe Price Short-Term Bond Fund,4.54,3,4,1,6,0,2,3,19,-10.0,9.0,Broken,Avoid/exit,15,-0.4,-0.4,-0.5,21.1,0,,nan,nan,0.0
TOYWF,TOYWF,0.71,3,6,1,3,2,2,2,19,-10.0,9.0,Broken,Avoid/exit,20,0.0,-33.0,-24.8,39.9,0,,nan,nan,0.0
WEICF,Weichai Power Co. Ltd,3.444,0,1,4,8,2,0,2,17,-8.0,9.0,Broken,Avoid/exit,16,-17.0,-11.9,-13.1,34.3,0,,Consumer Cyclical,44176936960.0,0.0
TLRY,Tilray Inc,4.02,5,8,5,0,2,2,2,24,-15.0,9.0,Broken,Avoid/exit,22,-1.5,-2.9,-4.0,40.9,1,,Healthcare,620745920.0,6891440.49
SLND,"Southland Holdings, Inc.",0.61,8,6,8,4,0,4,2,32,-24.0,8.0,Broken,Avoid/exit,30,-1.0,4.8,-1.2,48.1,1,,Industrials,65062660.0,189939.85
ICON,Icon Energy Corp.,0.93,6,8,3,6,2,0,2,27,-19.0,8.0,Broken,Avoid/exit,29,-4.1,-1.1,-4.5,45.2,1,,Industrials,3567616.0,383002.78
EXFY,Expensify Inc,2.15,4,3,5,3,3,0,2,20,-15.0,8.0,Broken,Avoid/exit,49,-7.3,-5.7,-6.4,41.0,1,,Technology,111386024.0,629567.35
ITVPF,ITV plc,0.93,1,4,3,1,3,1,2,15,-10.0,8.0,Broken,Avoid/exit,23,0.0,0.0,-3.6,28.6,0,,Communication Services,3814761472.0,0.0
HBGRF,Heidelberger Druckmaschinen Aktiengesellschaft,1.6,1,6,2,5,3,1,2,20,-8.0,8.0,Broken,Avoid/exit,33,1.3,-5.9,-2.9,22.4,0,,Industrials,482373088.0,161.23
FENG,Phoenix New Media Limited,1.42,2,3,7,4,0,0,2,18,-10.0,8.0,Broken,Avoid/exit,22,-2.7,-4.1,-2.6,40.0,0,,Communication Services,19457458.0,7743.31
IPHA,Innate Pharma,1.7,1,8,2,4,4,0,2,21,-13.0,8.0,Broken,Avoid/exit,24,-8.6,-8.1,-9.8,35.0,1,,Healthcare,168086880.0,89943.37
FCHIX,FRANKLIN HIGH INCOME FUND CLASS C,1.74,1,3,1,6,3,1,3,18,-10.0,8.0,Broken,Avoid/exit,17,-1.7,-1.7,-1.6,13.4,0,,nan,0.0,0.0
KHDHF,KHD Humboldt Wedag International AG,2.27,3,3,0,5,3,2,2,18,-10.0,8.0,Broken,Avoid/exit,26,0.0,-99.1,-97.0,26.2,0,,Industrials,109531816.0,66.0
SHGKY,Sun Hung Kai & Company Lt,1.99,1,7,2,1,3,2,2,18,-10.0,8.0,Broken,Avoid/exit,8,-0.5,-20.4,-8.4,36.8,0,,Financial Services,830904448.0,0.0
DBLVF,Doubleview Gold Corp,1.17,3,7,5,0,2,2,2,21,-13.0,8.0,Broken,Avoid/exit,19,-4.1,-0.8,-5.6,40.2,1,,Basic Materials,460123616.0,165515.12
OPAL,OPAL Fuels Inc,1.8,2,4,7,1,2,0,2,18,-10.0,8.0,Broken,Avoid/exit,12,-7.2,-2.7,-6.5,37.5,0,,Utilities,387959616.0,248420.49
SEV,Aptera Motors Corp. Class B Common Stock,1.98,1,5,3,0,7,0,2,18,-10.0,8.0,Broken,Avoid/exit,31,-5.3,-9.6,-6.4,39.6,0,,nan,81739680.0,0.0
CTRM,Castor Maritime Inc,2.09,1,3,1,4,3,4,2,18,-10.0,8.0,Broken,Avoid/exit,28,1.0,-16.1,-6.6,41.4,0,,Industrials,21740296.0,57554.58
CMRF,CIM Real Estate Finance Trust Inc.,2.36,12,2,4,5,3,5,5,36,-28.0,8.0,Broken,Avoid/exit,47,-4.1,-4.1,-1.4,49.2,1,,Real Estate,1122601984.0,0.0
OVID,Ovid Therapeutics Inc,2.46,2,8,7,0,7,2,2,28,-18.0,8.0,Broken,Avoid/exit,38,-9.2,-10.2,-6.8,38.7,2,,Healthcare,447936256.0,2463685.59
DAIC,"CID HoldCo, Inc. Common Stock",3.26,15,9,3,4,7,0,2,40,-30,8,Broken,Avoid/exit,56,-9.4,43.0,5.6,53.0,3,,Technology,93199504.0,111343.07
AURE,Prestige Wealth Inc.,1.16,1,10,0,6,4,0,2,23,-13.0,8.0,Broken,Avoid/exit,23,0.9,-20.0,-13.8,35.4,2,,Financial Services,88320000.0,86913.02
MCRP,Micropolis Holding Company,0.777,6,7,4,0,2,2,2,23,-15.0,8.0,Broken,Avoid/exit,16,-10.5,-4.1,-11.4,33.0,1,,Technology,87221120.0,332950.83
MBRX,Moleculin Biotech Inc,0.569,3,3,3,6,2,4,2,23,-15.0,8.0,Broken,Avoid/exit,11,9.4,-26.6,-14.5,39.4,1,,Healthcare,12807243.0,218546.81
SBYSF,Sibanye Stillwater Limited,2.5,6,2,3,2,3,0,2,18,-10.0,8.0,Broken,Avoid/exit,30,-12.7,-16.0,-8.3,36.6,1,,Basic Materials,8424691712.0,1340.05
BHR,Braemar Hotel & Resorts Inc,1.66,0,7,5,0,0,4,2,18,-10.0,8.0,Broken,Avoid/exit,12,-8.3,-12.2,-9.1,25.4,1,,Real Estate,183354640.0,441564.2
GTIC,GTIC,0.866,4,8,0,3,2,2,2,21,-13.0,8.0,Broken,Avoid/exit,37,15.5,-42.3,-27.6,22.1,1,,Technology,1569557.0,142.84
WLWHY,Woolworths Holdings Ltd PK,2.495,1,8,0,2,3,0,2,16,-8.0,8.0,Broken,Avoid/exit,16,-4.7,-14.1,-8.4,36.7,0,,Consumer Cyclical,2830666240.0,0.0
BLRX,BioLineRx Ltd,2.43,3,8,4,3,0,2,2,22,-14.0,8.0,Broken,Avoid/exit,16,-2.0,0.0,-5.2,41.6,0,,Healthcare,14960542.0,34229.93
BEVFF,Diversified Royalty Corp,2.81,0,1,7,6,1,1,2,18,-10.0,8.0,Broken,Avoid/exit,20,-3.8,-5.1,-4.2,28.4,0,,Industrials,575459200.0,8278.77
GWAV,Greenwave Technology Solutions Inc. Common Stock,2.35,1,6,0,3,2,4,2,18,-10.0,8.0,Broken,Avoid/exit,16,-7.5,-26.0,-26.2,36.3,0,,Industrials,2704597.0,241193.31
TRTPF,TRTPF,3.0,3,2,2,4,3,2,2,18,-10.0,8.0,Broken,Avoid/exit,33,0.0,-16.7,-7.0,21.5,0,,Technology,1353537152.0,5640.56
XHIOX,Western Asset High Income Opportunity Fund Inc,3.75,1,3,1,6,3,1,3,18,-10.0,8.0,Broken,Avoid/exit,14,-1.8,-1.6,-1.4,19.9,0,,Other,0.0,0.0
VRHYX,VIRTUS HIGH YIELD FUND CLASS R6,3.69,1,3,0,6,3,2,3,18,-10.0,8.0,Broken,Avoid/exit,17,-1.3,-1.3,-1.2,18.2,0,,nan,0.0,0.0
ENIC,Enel Chile SA ADR,4.26,0,7,3,0,2,3,3,18,-10.0,8.0,Broken,Avoid/exit,39,-1.2,-1.2,-2.0,43.9,0,,Utilities,5768491008.0,573514.83
DIBS,1Stdibs.Com Inc,3.98,1,9,1,6,2,2,2,23,-13.0,8.0,Broken,Avoid/exit,25,-2.2,-8.7,-6.6,38.2,2,,Communication Services,149460752.0,206553.91
HMMCF,HMMCF,4.58,2,5,2,7,3,0,2,21,-13.0,8.0,Broken,Avoid/exit,37,-6.6,-24.0,-11.7,37.0,1,,Basic Materials,1392938880.0,16933.28
PASHX,T. ROWE PRICE SHORT-TERM BOND FUND INC. T. ROWE PRICE SHORT-TERM BOND FUND-ADVISOR CLASS,4.55,3,4,0,6,0,2,3,18,-10.0,8.0,Broken,Avoid/exit,16,-0.4,-0.4,-0.5,21.2,0,,nan,0.0,0.0
TBSIX,T. Rowe Price Short-Term Bond Fund I Cla,4.55,2,3,0,6,0,4,3,18,-10.0,8.0,Broken,Avoid/exit,14,-0.2,-0.4,-0.4,32.8,0,,nan,0.0,0.0
CVGI,Commercial Vehicle Group Inc,2.96,3,5,9,0,2,2,2,23,-15.0,8.0,Broken,Avoid/exit,22,-1.0,-5.4,-4.0,38.4,2,,Consumer Cyclical,185914256.0,516058.52
LUD,Luda Technology Group Limited,4.0,2,4,7,0,3,0,2,18,-10.0,8.0,Broken,Avoid/exit,28,-2.9,-5.8,-4.2,35.1,0,,Basic Materials,114414328.0,78468.27
IVFAX,FEDERATED INTERNATIONAL STRATEGIC VALUE DIVIDEND FUND CLASS A SHARES,4.79,2,3,3,6,0,1,3,18,-10.0,8.0,Broken,Avoid/exit,25,-1.6,-2.4,-1.8,30.2,0,,nan,0.0,0.0
PHGFX,Popular High Grade Fixed-Income A,4.95,1,2,0,6,3,2,4,18,-10.0,8.0,Broken,Avoid/exit,19,-0.2,-0.2,-0.1,0.0,0,,nan,nan,0.0
CTHCF,Cathay Real Estate Development Co Ltd,0.87,0,3,6,1,2,2,2,16,-10.0,7.0,Broken,Avoid/exit,21,1.7,-7.2,-5.4,38.9,1,,Other,118571648.0,16536.78
IPLXX,Voya Investors Trust - Voya Liquid Assets Portfolio,1.0,1,2,2,6,0,2,4,17,-10.0,7.0,Broken,Avoid/exit,19,-0.0,-0.0,-0.0,14.3,0,,nan,nan,0.0
ISPXX,Voya Investors Trust - Voya Liquid Assets Portfolio,1.0,1,2,2,6,0,2,4,17,-10.0,7.0,Broken,Avoid/exit,19,-0.0,-0.0,-0.0,14.3,0,,nan,nan,0.0
ITLXX,Voya Investors Trust - Voya Liquid Assets Portfolio,1.0,1,2,2,6,0,2,4,17,-10.0,7.0,Broken,Avoid/exit,19,-0.0,-0.0,-0.0,14.3,0,,nan,nan,0.0
WHGRF,WH Group Limited,0.801,1,3,3,3,3,2,2,17,-10.0,7.0,Broken,Avoid/exit,9,0.0,-9.6,-9.2,37.5,0,,Consumer Defensive,14030552064.0,0.0
SKYX,SKYX Platforms Corp,1.17,2,4,3,11,3,4,3,30,-23.0,7.0,Broken,Avoid/exit,34,-7.1,-20.9,-7.1,42.7,1,,Industrials,143225552.0,1075731.83
SVIN,Scheid Vineyards Inc,0.57,3,3,3,2,3,3,2,19,-15.0,7.0,Broken,Avoid/exit,20,0.0,0.0,-8.6,26.0,1,,Consumer Defensive,981076.0,247.26
SES,SES AI Corp,0.532,5,7,5,5,2,2,4,30,-23.0,7.0,Broken,Avoid/exit,21,-6.6,-13.3,-2.5,46.4,1,,Consumer Cyclical,441293632.0,10310841.84
VIVS,"VivoSim Labs, Inc.",0.22,3,3,3,2,2,2,2,17,-10.0,7.0,Broken,Avoid/exit,15,-11.9,-21.4,-15.9,28.0,0,,Healthcare,3647094.0,764675.09
MGX,"Metagenomi, Inc. Common Stock",1.14,3,7,6,0,2,2,2,22,-13.0,7.0,Broken,Avoid/exit,26,1.8,-4.2,-1.3,43.8,2,,Healthcare,50070320.0,372881.15
AUST,Austin Gold Corp,1.06,1,6,7,3,3,0,2,22,-15.0,7.0,Broken,Avoid/exit,27,-4.5,-7.8,-6.9,36.4,1,,Basic Materials,18262354.0,568652.95
SGLA,Sino Green Land Corporation,1.16,4,7,0,7,3,2,2,25,-18,7,Broken,Avoid/exit,32,342.7,-89.8,-75.2,30.9,1,10,Industrials,226930528.0,673.03
NMRA,"Neumora Therapeutics, Inc.",0.692,1,9,0,1,4,2,2,19,-13.0,7.0,Broken,Avoid/exit,20,-0.0,-30.8,-27.1,23.9,2,,Healthcare,322394592.0,1414392.66
IKT,Inhibikase Therapeutics Inc,2.05,2,5,2,3,2,4,2,20,-13.0,7.0,Broken,Avoid/exit,43,-6.8,-14.2,-9.4,33.2,1,,Healthcare,219174176.0,882299.26
HCWB,HCW Biologics Inc,1.82,8,2,2,6,0,2,2,22,-15.0,7.0,Broken,Avoid/exit,27,-4.7,-17.3,-17.2,37.2,1,,Healthcare,11672674.0,7049438.37
PALI,Palisade Bio Inc,1.5,1,5,1,1,4,0,2,14,-8.0,7.0,Broken,Avoid/exit,24,-11.2,-26.8,-15.6,32.7,1,,Healthcare,335394752.0,5322832.89
FHQRX,FRANKLIN HIGH INCOME FUND CLASS A,1.68,1,3,0,6,3,1,3,17,-10.0,7.0,Broken,Avoid/exit,17,-1.8,-1.8,-1.6,19.1,0,,nan,nan,0.0
PSEC,Prospect Capital Corporation,2.13,0,2,9,1,0,3,2,17,-10.0,7.0,Broken,Avoid/exit,16,-3.2,-3.2,-3.3,39.8,1,,Financial Services,1142297472.0,4463316.16
SFUNY,Fang Holdings Ltd,0.355,1,3,2,6,3,5,2,22,-15.0,7.0,Broken,Avoid/exit,11,0.0,-39.3,-19.6,22.1,1,,Communication Services,18839504.0,273.16
SIGGF,Sigma Healthcare Limited,1.925,3,4,2,0,3,3,2,17,-10.0,7.0,Broken,Avoid/exit,14,0.0,0.0,-2.3,4.4,0,,Healthcare,27104614400.0,132.7
XBIT,XBiotech Inc,2.15,6,5,6,2,0,1,2,22,-15.0,7.0,Broken,Avoid/exit,20,-1.4,-0.9,-2.0,38.8,1,,Healthcare,72255920.0,60722.33
AGMRF,Silver Mountain Resources Inc.,2.62,5,3,6,5,3,0,2,24,-17.0,7.0,Broken,Avoid/exit,36,-10.3,-1.9,-6.3,43.1,1,,Basic Materials,208509216.0,92873.06
DRAFX,Destinations Real Assets Fund,2.67,0,2,2,6,0,5,2,17,-10.0,7.0,Broken,Avoid/exit,31,-2.2,-3.3,-2.8,24.1,0,,nan,0.0,0.0
UNTCW,Unit Corporation,2.47,11,12,4,2,3,0,5,37,-28.0,7.0,Broken,Avoid/exit,39,2.9,17.6,15.9,58.5,3,,nan,nan,4396.73
SLVYY,Solvay SA ADR,2.77,0,6,2,1,2,4,2,17,-8.0,7.0,Broken,Avoid/exit,29,-2.8,-6.9,-4.1,35.9,2,,Basic Materials,3162350080.0,36154.13
AISP,Airship AI Holdings Inc,1.8,0,6,7,0,2,0,2,17,-10.0,7.0,Broken,Avoid/exit,22,-7.7,-6.2,-7.7,35.5,0,,Technology,103663072.0,816216.48
ELRXF,AB Electrolux (publ),2.4,0,2,7,3,3,0,2,17,-10.0,7.0,Broken,Avoid/exit,16,-15.6,-15.6,-11.6,24.2,0,,Consumer Cyclical,1481688960.0,42.79
ARAAF,Aclara Resources Inc,2.5,7,9,7,3,2,0,2,30,-23.0,7.0,Broken,Avoid/exit,26,-5.6,7.3,-4.6,43.7,1,,Basic Materials,752060736.0,158802.46
BDN,Brandywine Realty Trust,2.82,0,7,3,0,0,5,2,17,-10.0,7.0,Broken,Avoid/exit,24,-3.8,-4.1,-4.4,35.5,1,,Real Estate,541980928.0,3005449.97
PIM,Putnam Master Intermediate Income Trust,3.01,1,4,1,6,0,3,2,17,-10.0,7.0,Broken,Avoid/exit,9,0.3,-2.0,-1.9,36.3,0,,Financial Services,150335136.0,116653.95
CCIF,Carlyle Credit Income Fund,2.39,4,10,0,0,4,2,2,22,-15.0,7.0,Broken,Avoid/exit,19,-2.4,-5.2,-4.7,36.9,1,,Financial Services,65079768.0,149469.27
CLRO,ClearOne Inc,5.1,9,13,4,6,3,2,2,39,-28,7,Broken,Avoid/exit,36,14.3,11.4,11.3,53.5,3,,Technology,8444135.0,22462.05
UBXG,U-BX Technology Ltd. Ordinary Shares,5.03,13,4,0,0,7,2,2,28,-21.0,7.0,Broken,Avoid/exit,46,-4.2,-4.7,-6.4,48.9,1,,Communication Services,5508637.0,45489.35
TMVWY,TeamViewer AG,3.378,3,1,3,5,3,0,2,17,-10.0,7.0,Broken,Avoid/exit,37,-6.2,-7.5,-6.9,24.2,0,,Technology,1132019456.0,6342.03
AMXEF,Amex Exploration Inc,2.96,0,3,7,5,3,2,2,22,-15.0,7.0,Broken,Avoid/exit,29,-3.5,-9.8,-5.2,41.4,1,,Basic Materials,511855104.0,52922.42
VTIX,Virtuix Holdings Inc. Class A Common Stock,1.21,5,15,6,2,3,4,2,37,-28,7,Broken,Avoid/exit,22,1.7,14.2,0.1,45.2,3,,Technology,117462272.0,0.0
IOTR,iOThree Limited Ordinary Shares,2.03,3,12,4,2,2,2,2,27,-20.0,7.0,Broken,Avoid/exit,32,7.7,0.5,-4.8,43.0,1,,Communication Services,9362254.0,725737.57
WTI,W&T Offshore Inc,3.58,3,3,8,0,5,2,4,25,-18.0,7.0,Broken,Avoid/exit,41,-4.3,-10.5,-5.8,42.6,1,,Energy,609988544.0,4266754.24
WTLLF,Water Intelligence plc,4.17,10,6,1,3,3,4,2,29,-18.0,7.0,Broken,Avoid/exit,41,-3.1,2.7,-5.3,43.8,0,,Industrials,58932432.0,1754.08
SVRE,SaverOne 2014 Ltd. American Depositary Shares,2.11,5,5,3,3,2,2,2,22,-15.0,7.0,Broken,Avoid/exit,16,-3.7,-18.8,-13.2,38.9,1,,Technology,3849072.0,102874.47
SIDU,Sidus Space Inc,2.01,5,6,8,3,0,4,2,28,-21.0,7.0,Broken,Avoid/exit,23,-2.9,3.6,-3.3,44.5,1,,Industrials,422011776.0,20170919.88
TBH,"Brag House Holdings, Inc. Common Stock",2.45,8,3,0,4,5,0,2,22,-15.0,7.0,Broken,Avoid/exit,52,-39.7,-40.1,-29.3,37.9,1,,Communication Services,16914760.0,105291.68
BIREF,Birchcliff Energy Ltd.,4.41,1,4,3,3,0,4,2,17,-8.0,7.0,Broken,Avoid/exit,24,0.0,-3.9,-2.4,40.0,1,,Energy,1341471744.0,96578.43
CMTL,Comtech Telecommunications Corp,1.39,0,8,6,0,2,4,2,22,-15.0,7.0,Broken,Avoid/exit,13,-7.3,-7.3,-7.7,30.2,1,,Technology,160564256.0,281447.7
OM,Outset Medical Inc,2.96,3,8,5,0,0,2,2,20,-13.0,7.0,Broken,Avoid/exit,14,-5.1,-6.0,-11.5,29.0,1,,Healthcare,87681144.0,455351.5
IVFCX,FEDERATED INTERNATIONAL STRATEGIC VALUE DIVIDEND FUND CLASS C SHARES,4.73,2,2,3,6,0,1,3,17,-10.0,7.0,Broken,Avoid/exit,25,-1.7,-2.5,-1.8,31.2,0,,nan,0.0,0.0
XRCSX,PIMCO Strategic Income Fund Inc,4.37,1,4,0,6,3,1,2,17,-10.0,7.0,Broken,Avoid/exit,14,-1.8,-1.6,-1.9,26.8,0,,Other,0.0,0.0
LSAK,Lesaka Technologies Inc,4.17,1,9,2,0,4,2,2,20,-13.0,7.0,Broken,Avoid/exit,15,-0.2,0.2,-3.3,37.6,1,,Technology,433825280.0,76214.52
IVFLX,FEDERATED INTERNATIONAL STRATEGIC VALUE DIVIDEND FUND CLASS R6 SHARES,4.79,2,3,3,6,0,1,2,17,-10.0,7.0,Broken,Avoid/exit,25,-1.6,-2.4,-1.8,30.3,0,,nan,0.0,0.0
BCDA,Biocardia Inc,1.04,10,4,2,3,5,2,2,28,-25.0,6.0,Broken,Avoid/exit,35,-3.7,-12.6,-4.4,45.8,1,,Healthcare,11715965.0,1017397.27
RDHL,Redhill Biopharma Ltd,0.505,4,9,1,0,2,0,2,18,-10.0,6.0,Broken,Avoid/exit,15,-8.1,-17.7,-13.9,36.6,0,,Healthcare,4999702.0,755030.11
BLNE,"Beeline Holdings, Inc.",0.88,0,7,5,0,4,0,2,18,-10.0,6.0,Broken,Avoid/exit,21,-10.9,-18.5,-10.7,35.9,1,,Financial Services,37414456.0,1087578.85
DTCKF,Davis Commodities Limited,0.279,1,5,0,5,3,0,2,16,-13.0,6.0,Broken,Avoid/exit,17,-27.0,-72.1,-43.8,40.1,1,,Consumer Defensive,1765435.0,314179.33
GERN,Geron Corporation,1.25,1,9,3,0,2,2,2,19,-13.0,6.0,Broken,Avoid/exit,21,-3.8,-8.8,-7.3,36.1,1,,Healthcare,776240384.0,11925645.57
TEUTF,Teuton Resources Corp,1.12,1,2,7,8,1,2,2,23,-13.0,6.0,Broken,Avoid/exit,32,-8.2,-8.2,-6.3,36.8,1,,Basic Materials,72830536.0,29410.6
NWWDF,New World Development Company Limited,0.8,3,3,1,5,0,7,2,21,-15.0,6.0,Broken,Avoid/exit,8,0.0,0.0,-10.8,0.0,1,,Real Estate,3070252032.0,63.5
INMB,INmune Bio Inc,2.0,4,3,2,3,5,0,2,19,-13.0,6.0,Broken,Avoid/exit,42,-12.7,-14.2,-7.9,42.2,1,,Healthcare,35890100.0,459326.2
OBGRF,Orbit Garant Drilling Inc,0.75,4,1,1,5,3,0,2,16,-10.0,6.0,Broken,Avoid/exit,8,-25.0,-25.0,-21.2,18.3,0,,Basic Materials,52294188.0,2388.44
MGIH,Millennium Group International Holdings Limited Ordinary Shares,1.49,7,5,8,3,0,0,2,25,-19.0,6.0,Broken,Avoid/exit,34,-2.6,-2.6,-2.8,44.8,1,,Consumer Cyclical,15862500.0,508678.61
KGCRF,KGCRF,1.19,1,5,3,0,5,0,2,16,-10.0,6.0,Broken,Avoid/exit,0,-4.8,-6.3,-6.0,40.1,0,,nan,nan,0.0
PRQR,ProQR Therapeutics BV,1.65,1,6,4,2,2,4,2,21,-15.0,6.0,Broken,Avoid/exit,24,-11.3,-11.3,-11.6,31.4,1,,Healthcare,158043824.0,516464.73
DWTX,"Dogwood Therapeutics, Inc.",1.36,1,7,2,0,2,2,2,16,-10.0,6.0,Broken,Avoid/exit,23,-15.0,-26.3,-22.4,27.2,0,,Healthcare,54143580.0,285429.12
ACXP,Acurx Pharmaceuticals LLC,1.34,0,4,9,0,0,6,2,21,-15.0,6.0,Broken,Avoid/exit,24,0.8,-3.6,-3.3,41.1,1,,Healthcare,7606996.0,1183585.4
SHWGY,Shandong Weigao Group Medical Polymer Co Ltd ADR,1.45,2,5,5,0,0,2,2,16,-10.0,6.0,Broken,Avoid/exit,19,-2.0,-3.3,-7.2,35.2,0,,Healthcare,1935832832.0,0.0
PROK,ProKidney Corp.,1.61,1,9,1,5,2,2,2,22,-16.0,6.0,Broken,Avoid/exit,33,-9.3,-11.0,-7.7,42.5,1,,Healthcare,522563136.0,1311690.88
PSGTY,Semen Indonesia Persero Tbk PT,1.72,3,4,2,6,6,0,5,26,-20.0,6.0,Broken,Avoid/exit,33,-2.3,-16.5,-5.2,38.8,0,,Basic Materials,629773376.0,0.0
RMXI,"RMX Industries,  Inc.",5.0,4,5,2,11,0,6,4,32,-26.0,6.0,Broken,Avoid/exit,41,-4.3,38.5,-12.6,46.7,3,,Technology,57827840.0,6716.35
EVTL,Vertical Aerospace Ltd,0.665,10,6,4,6,0,7,3,36,-30,6,Broken,Avoid/exit,17,5.6,13.0,-2.4,44.1,3,,Industrials,283304800.0,2196364.59
BGLC,BioNexus Gene Lab Corp Common stock,1.3,0,2,3,8,2,2,2,19,-9.0,6.0,Broken,Avoid/exit,21,-13.3,-13.3,-11.5,36.3,1,,Basic Materials,5547736.0,73379.84
PMAX,Powell Max Limited Class A Ordinary Shares,1.26,14,6,1,5,2,5,5,38,-28,6,Broken,Avoid/exit,21,32.8,38.3,11.0,53.7,3,,Financial Services,3636505.0,510264.41
MIN,MFS Intermediate Income Trust,2.32,1,10,2,1,4,1,2,21,-13.0,6.0,Broken,Avoid/exit,12,-1.3,-0.9,-1.8,34.5,1,,Financial Services,277667712.0,266584.06
CHHHF,CareRx Corporation,2.37,3,9,4,3,6,0,2,27,-21.0,6.0,Broken,Avoid/exit,20,-1.3,-1.7,-5.6,42.3,0,,Healthcare,146562608.0,0.0
SPAIF,Sprout AI Inc,2.07,2,5,7,0,3,0,2,19,-13.0,6.0,Broken,Avoid/exit,37,-13.4,-9.2,-9.6,41.6,1,,Technology,65641088.0,101552.05
TWG,Top Wealth Group Holding Limited Ordinary Shares,0.134,3,2,1,6,0,4,2,18,-10.0,6.0,Broken,Avoid/exit,11,-53.1,-63.5,-66.9,15.9,1,,Consumer Defensive,69188296.0,541827.36
GTM,ZoomInfo Technologies Inc.,3.59,2,3,3,3,3,0,2,16,-10.0,6.0,Broken,Avoid/exit,32,-7.9,-14.3,-7.8,39.7,0,,Technology,919520256.0,7744625.18
TANAF,TANAF,0.15,1,3,0,8,2,2,2,18,-10.0,6.0,Broken,Avoid/exit,13,30.4,-63.6,-62.9,30.6,0,,Healthcare,136098816.0,6870.44
AKTAF,AKITA Drilling Ltd,2.6,4,3,7,1,3,2,2,22,-16.0,6.0,Broken,Avoid/exit,31,-3.7,-5.2,-4.6,40.4,0,,Energy,117181680.0,27885.22
HTCO,Caravelle International Group,2.25,5,6,6,0,2,2,2,23,-15.0,6.0,Broken,Avoid/exit,29,1.4,6.1,-5.6,39.5,2,,Industrials,27823484.0,348508.47
ABEV,Ambev SA ADR,2.87,2,3,6,0,0,1,4,16,-10.0,6.0,Broken,Avoid/exit,30,-3.7,-5.3,-2.8,38.9,0,,Consumer Defensive,48508940288.0,31817687.3
CIAFF,Champion Iron Limited,2.18,3,8,1,0,2,0,2,16,-8.0,6.0,Broken,Avoid/exit,10,-5.6,-5.2,-6.4,32.1,1,,Basic Materials,1765827968.0,17836.34
AHT,Ashford Hospitality Trust Inc,2.51,1,5,1,1,4,4,2,18,-13.0,6.0,Broken,Avoid/exit,25,-6.3,-17.7,-11.8,17.2,2,,Real Estate,20374758.0,82655.6
HLYK,Healthlynked Corp,1.969,0,7,4,5,3,0,2,21,-15.0,6.0,Broken,Avoid/exit,28,-9.3,-10.5,-13.8,31.0,1,,Healthcare,10293864.0,2442.03
WSIOF,Wasion Holdings Limited,1.75,4,3,1,1,3,2,2,16,-10.0,6.0,Broken,Avoid/exit,14,-2.9,-12.1,-10.4,4.0,0,,Industrials,3439228416.0,2742.5
QH,Quhuo Limited American Depository Shares,3.88,6,5,8,4,2,2,2,29,-23.0,6.0,Broken,Avoid/exit,47,0.3,-3.0,-3.9,40.8,1,,Technology,12505394.0,2376158.69
NWL,Newell Brands Inc,5.44,4,5,6,0,4,0,2,21,-13.0,6.0,Broken,Avoid/exit,47,-2.9,-5.7,-4.9,40.4,2,,Consumer Defensive,1631722624.0,7358579.28
SMSI,Smith Micro Software Inc,2.65,4,3,5,0,3,4,2,21,-15.0,6.0,Broken,Avoid/exit,38,-1.1,-9.6,-4.7,38.6,1,,Technology,4124965.0,58932.95
SBSYX,WESTERN ASSET SHORT-TERM BOND FUND CLASS I,3.6,1,2,2,6,0,2,3,16,-10.0,6.0,Broken,Avoid/exit,14,-0.6,-0.8,-0.7,7.0,0,,nan,0.0,0.0
FHYTDX,FHYTDX,3.385,1,4,2,6,0,1,2,16,-10.0,6.0,Broken,Avoid/exit,14,-1.4,-1.3,-1.6,23.1,0,,nan,nan,0.0
TMQ,Trilogy Metals Inc,3.16,0,4,8,0,4,0,2,18,-15.0,6.0,Broken,🔥 COILED: Avoid/exit,18,-5.4,-1.9,-5.1,41.2,2,,Basic Materials,659124288.0,6830924.04
PHCIX,VIRTUS HIGH YIELD FUND CLASS I,3.7,1,3,1,6,0,2,3,16,-10.0,6.0,Broken,Avoid/exit,17,-1.1,-1.3,-1.1,15.7,0,,nan,0.0,0.0
LLDYX,LORD ABBETT SHORT DURATION INCOME FUND CLASS I,3.77,1,4,0,6,0,2,3,16,-10.0,6.0,Broken,Avoid/exit,14,-0.5,-0.8,-0.7,22.7,0,,nan,0.0,0.0
LDLTX,LORD ABBETT SHORT DURATION INCOME FUND CLASS R5,3.77,1,3,1,6,0,2,3,16,-10.0,6.0,Broken,Avoid/exit,13,-0.5,-0.5,-0.6,16.6,0,,nan,0.0,0.0
JRNGF,Journey Energy Inc,3.73,4,6,3,0,7,2,2,24,-18.0,6.0,Broken,Avoid/exit,39,-3.9,-12.4,-6.6,38.9,0,,Energy,295566784.0,92477.05
HFUS,Hartford Great Health Corp,2.71,1,1,1,5,4,2,2,16,-10.0,6.0,Broken,Avoid/exit,20,0.0,-32.2,-17.6,0.1,0,,Communication Services,100108016.0,155.85
MAYX,Mayex USA Inc,4.0,4,1,1,0,3,5,4,18,-8.0,6.0,Broken,Avoid/exit,36,-3.6,-3.6,-2.5,20.1,0,,Financial Services,5460000.0,57.73
OCSAW,Oculis Holding AG Warrants,2.736,2,4,1,1,2,4,2,16,-10.0,6.0,Broken,Avoid/exit,17,-9.1,-46.2,-34.4,41.3,1,,Healthcare,nan,0.0
RRTS,Roadrunner Transportation Systems Inc,2.7,2,5,2,6,0,4,2,21,-15.0,6.0,Broken,Avoid/exit,21,-10.0,-2.2,-13.1,34.5,1,,Industrials,168100848.0,7917.82
PRWBX,T. ROWE PRICE SHORT-TERM BOND FUND INC. T. ROWE PRICE SHORT-TERM BOND FUND INC.,4.54,1,4,0,6,0,2,3,16,-10.0,6.0,Broken,Avoid/exit,15,-0.4,-0.7,-0.5,20.9,0,,nan,0.0,0.0
KKPNF,Koninklijke KPN N.V,4.54,4,3,0,3,2,0,2,14,-8.0,6.0,Broken,Avoid/exit,13,-2.2,-5.8,-4.4,45.7,0,,Communication Services,18904045568.0,57921.19
SPSTY,Singapore Post Ltd ADR,4.79,1,1,4,2,3,0,2,13,-10.0,6.0,Broken,Avoid/exit,24,-3.0,-9.8,-4.8,28.5,0,,Industrials,559727168.0,0.0
LFMD,LifeMD Inc,2.93,0,7,7,3,2,0,2,21,-15.0,6.0,Broken,Avoid/exit,12,-9.3,-14.8,-6.9,38.6,1,,Healthcare,235525424.0,1177825.59
FTCI,FTC Solar Inc,2.38,9,5,5,6,0,2,2,29,-23.0,6.0,Broken,Avoid/exit,19,1.7,7.7,-2.1,46.8,1,,Technology,86268536.0,145863.09
IVFIX,FEDERATED INTERNATIONAL STRATEGIC VALUE DIVIDEND FUND INSTITUTIONAL SHARES,4.8,2,2,3,6,0,1,2,16,-10.0,6.0,Broken,Avoid/exit,25,-1.6,-2.4,-1.8,29.2,0,,nan,0.0,0.0
GABUX,THE GABELLI UTILITIES FUND CLASS AAA,4.29,0,2,1,6,0,5,2,16,-10.0,6.0,Broken,Avoid/exit,11,-4.7,-5.9,-5.1,17.1,0,,nan,0.0,0.0
HOSBX,SHORT-TERM BOND FUND SHORT-TERM BOND FUND,4.84,1,4,0,6,0,2,3,16,-10.0,6.0,Broken,Avoid/exit,16,-0.6,-0.6,-0.7,28.9,0,,nan,0.0,0.0
HOSGX,SHORT-TERM GOVERNMENT SECURITIES FUND SHORT-TERM GOVERNMENT SECURITIES FUND,4.89,1,4,0,6,0,2,3,16,-10.0,6.0,Broken,Avoid/exit,16,-0.6,-0.6,-0.7,27.8,0,,nan,0.0,0.0
EDTXF,Spectral Med Inc,0.805,1,9,1,6,1,2,2,22,-15.0,5.0,Broken,Avoid/exit,20,1.4,-11.1,-6.8,33.2,2,,Healthcare,297820256.0,10643.46
VTAK,Catheter Precision Inc.,0.147,3,8,3,0,0,2,2,18,-13.0,5.0,Broken,Avoid/exit,18,-2.2,-11.9,-16.6,30.6,1,,Healthcare,2665548.0,437084.49
TOPXX,Federated Hermes Treasury Obl Premier,1.0,3,4,0,4,0,2,2,15,-15.0,5.0,Broken,🔥 COILED: Avoid/exit,19,-73.0,-72.2,-62.1,42.4,0,,nan,nan,0.0
ORVMF,Orvana Minerals Corp,1.68,7,3,5,6,3,2,2,28,-23.0,5.0,Broken,Avoid/exit,48,-13.4,-4.5,-7.9,41.1,1,,Basic Materials,188131968.0,76870.34
TLSA,Tiziana Life Sciences Ltd,0.98,8,8,5,3,2,6,3,35,-30,5,Broken,Avoid/exit,29,8.9,10.2,0.9,49.9,3,,Healthcare,161619088.0,266479.05
SKHRF,Stakeholder Gold Corp,1.11,2,2,0,8,0,4,2,18,-13.0,5.0,Broken,Avoid/exit,46,-9.6,-10.4,-8.6,28.8,1,,Basic Materials,27349696.0,3043.21
ECHQF,ECHQF,0.348,1,3,2,0,3,4,2,15,-10.0,5.0,Broken,Avoid/exit,16,0.0,-30.3,-36.4,11.2,0,,nan,898773312.0,6741.98
AERG,Applied Energetics,0.9,8,9,4,6,2,2,2,33,-28,5,Broken,Avoid/exit,17,17.6,17.6,5.3,50.9,3,,Technology,369508000.0,119992.5
MAYNF,Mayne Pharma Group Limited,2.0,1,3,6,2,4,2,2,20,-15.0,5.0,Broken,Avoid/exit,31,-7.0,-14.9,-8.1,39.2,1,,Healthcare,129993320.0,0.0
HOLO,MicroCloud Hologram Inc.,1.62,5,8,6,4,3,0,2,28,-23.0,5.0,Broken,Avoid/exit,31,-7.4,1.2,-3.4,45.0,1,,Technology,39523820.0,1041008.75
PYXS,Pyxis Oncology Inc,2.9,3,7,4,2,7,0,2,25,-18.0,5.0,Broken,Avoid/exit,50,-9.1,-15.5,-9.7,41.8,2,,Healthcare,104536544.0,820091.75
NCPCF,Nickel Creek Platinum Corp,1.05,1,4,5,3,0,0,2,15,-13.0,5.0,Broken,Avoid/exit,24,-7.1,-2.8,-8.4,40.6,1,,Basic Materials,13396558.0,4755.97
LICN,Lichen China Limited Class A Ordinary Shares,1.03,5,3,8,0,2,0,2,20,-15.0,5.0,Broken,Avoid/exit,20,-3.7,-3.7,-5.3,38.9,1,,Industrials,29915022.0,101320.06
GNSS,Genasys Inc,1.45,2,3,5,5,0,0,4,19,-15.0,5.0,Broken,Avoid/exit,11,-5.2,-4.3,-4.7,39.1,2,,Technology,90173176.0,153821.69
XDHYX,Credit Suisse High Yield Bond Fund,1.87,1,2,2,6,0,1,3,15,-10.0,5.0,Broken,Avoid/exit,19,-1.6,-2.1,-1.6,7.9,0,,Other,0.0,0.0
IMSIX,IMS STRATEGIC INCOME FUND INSTITUTIONAL CLASS SHARES,1.87,0,2,1,6,3,1,2,15,-10.0,5.0,Broken,Avoid/exit,15,-2.1,-2.1,-2.0,21.3,0,,nan,0.0,0.0
BIRMF,BIOREM Inc,2.21,5,2,0,3,3,0,2,15,-10.0,5.0,Broken,Avoid/exit,36,-11.6,-14.0,-10.2,30.1,0,,Industrials,34904688.0,5654.7
SDST,Stardust Power Inc.,0.108,3,6,2,3,2,2,2,20,-15.0,5.0,Broken,Avoid/exit,9,-15.0,-20.7,-49.9,26.5,1,,Industrials,23804386.0,296340.67
WRN,Western Copper and Gold Corp,2.24,0,3,6,0,3,0,2,14,-10.0,5.0,Broken,Avoid/exit,23,-5.5,-3.9,-5.9,41.8,0,,Basic Materials,661106048.0,1587372.89
BTMD,biote Corp,1.23,1,7,1,0,2,2,2,15,-8.0,5.0,Broken,Avoid/exit,13,-7.2,-12.1,-11.1,32.4,1,,Healthcare,83905264.0,180561.39
TRNLY,Trendlines Group Ltd ADR,1.78,1,3,0,6,3,0,2,15,-10.0,5.0,Broken,Avoid/exit,19,-16.2,-6.3,-9.5,30.0,0,,Financial Services,66952704.0,620.51
LAUYX,LORD ABBETT INCOME FUND CLASS I,2.31,1,3,1,6,0,1,3,15,-10.0,5.0,Broken,Avoid/exit,12,-1.7,-1.7,-1.6,20.6,0,,nan,0.0,0.0
LAUKX,LORD ABBETT INCOME FUND CLASS R4,2.31,1,3,1,6,0,1,3,15,-10.0,5.0,Broken,Avoid/exit,13,-1.7,-1.7,-1.6,20.6,0,,nan,0.0,0.0
GYYMF,The Gym Group plc,2.2,1,1,0,2,3,6,2,15,-10.0,5.0,Broken,Avoid/exit,38,0.0,-17.6,-9.6,0.6,0,,Consumer Cyclical,464552832.0,6.75
XMINX,MFS Intermediate Income Trust,2.49,1,3,1,6,0,1,3,15,-10.0,5.0,Broken,Avoid/exit,14,-2.0,-2.0,-1.7,6.6,0,,Other,0.0,0.0
FCISX,FRANKLIN INCOME FUND CLASS C,2.56,1,2,2,6,0,1,3,15,-10.0,5.0,Broken,Avoid/exit,25,-1.5,-1.9,-1.5,25.3,0,,nan,0.0,0.0
FKINX,FRANKLIN INCOME FUND CLASS A,2.5,1,2,2,6,0,1,3,15,-10.0,5.0,Broken,Avoid/exit,25,-1.6,-2.0,-1.6,20.9,0,,nan,0.0,0.0
WMMVF,Wal Mart de Mexico SAB de CV,2.6,1,7,2,1,4,0,2,17,-10.0,5.0,Broken,Avoid/exit,15,-4.1,-2.6,-2.7,39.5,1,,Consumer Defensive,52044349440.0,79637.63
PN,Skycorp Solar Group Limited Ordinary Shares,2.62,8,5,5,12,0,1,2,33,-28.0,5.0,Broken,Avoid/exit,21,-7.4,29.7,-6.8,44.6,3,,Technology,46704084.0,467671.61
UGRO,Urban-Gro Inc,1.7,3,2,1,9,0,2,2,19,-14.0,5.0,Broken,Avoid/exit,17,-10.1,-40.8,-33.7,32.1,1,,Industrials,4042144.0,1760299.22
JNSTX,JANUS SHORT-TERM BOND FUND CLASS D,2.83,1,2,1,6,0,2,3,15,-10.0,5.0,Broken,Avoid/exit,14,-0.7,-0.7,-0.7,17.7,0,,nan,0.0,0.0
JSHNX,JANUS SHORT-TERM BOND FUND CLASS N,2.81,1,2,1,6,0,2,3,15,-10.0,5.0,Broken,Avoid/exit,14,-0.7,-0.7,-0.8,18.0,0,,nan,0.0,0.0
JSHAX,JANUS SHORT-TERM BOND FUND CLASS A,2.83,1,2,1,6,0,2,3,15,-10.0,5.0,Broken,Avoid/exit,16,-0.7,-0.7,-0.7,13.3,0,,nan,0.0,0.0
LAES,SEALSQ Corp,2.28,6,6,8,0,0,2,2,24,-19.0,5.0,Broken,Avoid/exit,19,-3.4,-1.7,-3.5,42.6,1,,Technology,770798080.0,17083462.77
ABAT,American Battery Technology Company Common Stock,2.27,1,10,3,0,4,2,2,22,-15.0,5.0,Broken,Avoid/exit,24,-2.6,-3.8,-4.6,43.7,2,,Industrials,493820160.0,7644027.98
ZIP,Ziprecruiter Inc,3.48,3,8,5,0,2,0,2,20,-13.0,5.0,Broken,Avoid/exit,22,-10.3,-11.9,-9.3,36.5,2,,Communication Services,270654880.0,1071787.11
XNROX,Neuberger Berman Real Estate Securities Income Fd Inc,2.94,0,5,1,6,0,1,2,15,-10.0,5.0,Broken,Avoid/exit,13,-3.6,-4.5,-4.1,22.4,0,,Other,0.0,0.0
LITB,LightInTheBox Holding Co Ltd ARD,2.99,3,3,8,2,0,5,2,23,-18.0,5.0,Broken,Avoid/exit,49,-2.3,-0.3,-2.2,46.1,0,,Consumer Cyclical,66805432.0,21895.59
BENF,Beneficient Class A Common Stock,1.42,11,8,1,5,2,1,2,30,-23,5,Broken,Avoid/exit,23,154.9,76.2,-3.4,47.7,3,7,Financial Services,53145448.0,1138320.91
EEIAX,EATON VANCE EMERGING MARKETS LOCAL INCOME FUND,3.47,1,2,2,6,0,1,3,15,-10.0,5.0,Broken,Avoid/exit,25,-2.0,-2.0,-1.8,29.2,0,,nan,0.0,0.0
EEIIX,EATON VANCE EMERGING MARKETS LOCAL INCOME FUND EATON VANCE EMERGING MARKETS LOCAL INCOME FUND CLASS I SHARES,3.47,1,2,2,6,0,1,3,15,-10.0,5.0,Broken,Avoid/exit,25,-2.0,-2.0,-1.7,29.1,0,,nan,0.0,0.0
SBSTX,WESTERN ASSET SHORT-TERM BOND FUND CLASS A,3.61,1,3,0,6,0,2,3,15,-10.0,5.0,Broken,Avoid/exit,16,-0.6,-0.6,-0.6,31.0,0,,nan,0.0,0.0
EEICX,EATON VANCE EMERGING MARKETS LOCAL INCOME FUND EATON VANCE EMERGING MARKETS LOCAL INCOME FUND CLASS C,3.51,1,2,2,6,0,1,3,15,-10.0,5.0,Broken,Avoid/exit,25,-2.0,-2.0,-1.8,29.8,0,,nan,0.0,0.0
SSTLX,WESTERN ASSET SHORT-TERM BOND FUND CLASS C1,3.61,1,3,0,6,0,2,3,15,-10.0,5.0,Broken,Avoid/exit,15,-0.6,-0.6,-0.7,26.3,0,,nan,0.0,0.0
LWSTX,WESTERN ASSET SHORT-TERM BOND FUND CLASS IS,3.61,1,2,1,6,0,2,3,15,-10.0,5.0,Broken,Avoid/exit,13,-0.6,-0.8,-0.7,7.0,0,,nan,0.0,0.0
LWARX,Western Asset Short-Term Bond Fund Cl R,3.6,1,2,1,6,0,2,3,15,-10.0,5.0,Broken,Avoid/exit,14,-0.6,-0.8,-0.7,5.0,0,,nan,0.0,0.0
BIRD,Allbirds Inc,2.33,3,5,8,3,2,2,2,25,-18.0,5.0,Broken,Avoid/exit,28,-1.7,-7.2,-3.1,43.1,2,,Consumer Cyclical,35224204.0,1954322.46
LDLRX,LORD ABBETT SHORT DURATION INCOME FUND CLASS R3,3.78,1,2,1,6,0,2,3,15,-10.0,5.0,Broken,Avoid/exit,14,-0.5,-0.8,-0.7,17.1,0,,nan,0.0,0.0
LALDX,LORD ABBETT SHORT DURATION INCOME FUND CLASS A,3.78,1,3,0,6,0,2,3,15,-10.0,5.0,Broken,Avoid/exit,13,-0.5,-0.5,-0.6,24.9,0,,nan,0.0,0.0
HAIVF,Haivision Systems Inc,2.71,1,7,3,6,2,2,2,23,-18.0,5.0,Broken,Avoid/exit,22,2.3,-2.2,-4.3,37.3,0,,Technology,118791104.0,16897.61
GLIRX,GOLDMAN SACHS LOCAL EMERGING MARKETS DEBT FUND INVESTOR SHARES,3.92,1,2,1,6,0,2,3,15,-10.0,5.0,Broken,Avoid/exit,15,-1.3,-1.3,-1.2,7.3,0,,nan,0.0,0.0
GIMDX,GOLDMAN SACHS LOCAL EMERGING MARKETS DEBT FUND INSTITUTIONAL,3.91,1,2,1,6,0,2,3,15,-10.0,5.0,Broken,Avoid/exit,14,-1.3,-1.3,-1.3,11.3,0,,nan,0.0,0.0
ETHIX,EATON VANCE HIGH INCOME OPPORTUNITIES FUND EATON VANCE HIGH INCOME OPPORTUNITIES FUND CLASS A,4.12,1,2,1,6,0,2,3,15,-10.0,5.0,Broken,Avoid/exit,17,-1.4,-1.4,-1.3,19.8,0,,nan,0.0,0.0
GMWPX,GOLDMAN SACHS LOCAL EMERGING MARKETS DEBT FUND CLASS P SHARES,3.91,1,2,1,6,0,2,3,15,-10.0,5.0,Broken,Avoid/exit,14,-1.3,-1.3,-1.3,6.0,0,,nan,nan,0.0
BKISF,iShares IV Public Limited Company - iShares US Mortgage Backed Securities UCITS ETF,3.987,2,1,0,6,3,1,2,15,-10.0,5.0,Broken,Avoid/exit,13,-2.3,-1.9,-2.0,17.0,0,,Other,nan,47580.27
ERHIX,Eaton Vance High Income Opportunities Fund,4.12,1,2,1,6,0,2,3,15,-10.0,5.0,Broken,Avoid/exit,17,-1.4,-1.4,-1.3,20.2,0,,nan,nan,0.0
HLFFF,HelloFresh SE,2.887,3,5,4,0,3,3,2,20,-15.0,5.0,Broken,Avoid/exit,9,-3.8,-0.1,-6.0,29.5,1,,Consumer Cyclical,709572992.0,1407.88
APYX,Apyx Medical Inc,2.5,0,2,6,8,0,0,2,18,-9.0,5.0,Broken,Avoid/exit,12,-14.1,-17.2,-15.9,28.6,1,,Healthcare,179639248.0,130382.45
TRLDX,T. ROWE PRICE LIMITED DURATION INFLATION FOCUSED BOND FUND INC. T. ROWE PRICE LIMITED DURATION INFLATION FOCUSED BOND FUND-I CLASS,4.64,2,2,0,6,0,2,3,15,-10.0,5.0,Broken,Avoid/exit,15,-0.4,-0.9,-0.7,24.9,0,,nan,0.0,0.0
TRPZX,T. Rowe Price Limited Duration Inflation Focused Bond Fund Z Class,4.62,2,2,0,6,0,2,3,15,-10.0,5.0,Broken,Avoid/exit,15,-0.4,-0.9,-0.7,26.9,0,,nan,nan,0.0
JAEMX,John Hancock Variable Insurance Trust - High Yield Trust,4.69,1,2,1,6,0,2,3,15,-10.0,5.0,Broken,Avoid/exit,19,-1.7,-1.7,-1.4,18.6,0,,nan,nan,0.0
MPT,"Medical Properties Trust, Inc.",3.5,5,7,1,0,0,4,2,19,-14.0,5.0,Broken,Avoid/exit,13,-4.1,-2.2,-5.7,36.2,1,,Real Estate,2960594688.0,6948662.3
RSGUF,Rogers Sugar Inc,4.77,3,1,3,2,3,1,2,15,-10.0,5.0,Broken,Avoid/exit,36,0.0,-2.9,-1.7,28.0,0,,Consumer Defensive,631070272.0,17640.82
AIRJ,AirJoule Technologies Corporation,4.04,2,7,9,0,2,0,2,22,-15.0,5.0,Broken,Avoid/exit,29,-8.0,-2.7,-7.0,36.5,1,,Industrials,384459712.0,518090.08
PRTIX,U.S. TREASURY INTERMEDIATE FUND U.S. TREASURY INTERMEDIATE FUND,4.82,1,4,0,6,0,1,3,15,-10.0,5.0,Broken,Avoid/exit,14,-1.2,-1.2,-1.3,27.8,0,,nan,0.0,0.0
EMDCX,PRUDENTIAL EMERGING MARKETS DEBT LOCAL CURRENCY FUND CLASS C,4.79,1,2,2,6,0,1,3,15,-10.0,5.0,Broken,Avoid/exit,21,-2.0,-2.0,-1.9,26.4,0,,nan,0.0,0.0
EMDAX,PRUDENTIAL EMERGING MARKETS DEBT LOCAL CURRENCY FUND CLASS A,4.75,1,2,2,6,0,1,3,15,-10.0,5.0,Broken,Avoid/exit,18,-2.3,-2.1,-2.0,24.2,0,,nan,0.0,0.0
EMDQX,PRUDENTIAL EMERGING MARKETS DEBT LOCAL CURRENCY FUND CLASS Q,4.79,1,2,2,6,0,1,3,15,-10.0,5.0,Broken,Avoid/exit,19,-2.2,-2.0,-2.0,24.2,0,,nan,0.0,0.0
EMDZX,PRUDENTIAL EMERGING MARKETS DEBT LOCAL CURRENCY FUND CLASS Z,4.8,1,2,2,6,0,1,3,15,-10.0,5.0,Broken,Avoid/exit,20,-2.0,-2.0,-1.9,26.3,0,,nan,0.0,0.0
PRELX,T. ROWE PRICE EMERGING MARKETS LOCAL CURRENCY BOND FUND T. ROWE PRICE EMERGING MARKETS LOCAL CURRENCY BOND FUND,4.88,1,2,2,6,0,1,3,15,-10.0,5.0,Broken,Avoid/exit,17,-2.0,-2.0,-2.0,25.7,0,,nan,0.0,0.0
PRKIX,U.S. TREASURY INTERMEDIATE FUND U.S. TREASURY INTERMEDIATE FUND- I CLASS,4.81,1,4,0,6,0,1,3,15,-10.0,5.0,Broken,Avoid/exit,14,-1.4,-1.4,-1.5,26.3,0,,nan,0.0,0.0
TRBFX,T. ROWE PRICE LIMITED DURATION INFLATION FOCUSED BOND FUND INC. T. ROWE PRICE LIMITED DURATION INFLATION FOCUSED BOND FUND INC.,4.68,2,2,0,6,0,2,3,15,-10.0,5.0,Broken,Avoid/exit,15,-0.4,-0.8,-0.7,26.8,0,,nan,0.0,0.0
TRZTX,T. Rowe Price U.S. Treasury Intermediate Index Fund,4.82,1,4,0,6,0,1,3,15,-10.0,5.0,Broken,Avoid/exit,15,-1.2,-1.2,-1.3,27.3,0,,nan,nan,0.0
LRVTF,LRVTF,0.768,2,3,0,5,0,2,2,14,-10.0,4.0,Broken,Avoid/exit,0,4.9,-14.8,-8.9,41.9,0,,nan,nan,0.0
INHD,Inno Holdings Inc. Common Stock,2.99,3,8,4,0,0,2,2,19,-15.0,4.0,Broken,Avoid/exit,26,-16.7,-19.6,-34.3,20.9,1,,Basic Materials,5379631.0,368198.32
CHGG,Chegg Inc,0.719,4,4,6,1,0,2,2,19,-15.0,4.0,Broken,Avoid/exit,16,-0.1,-5.4,-5.2,42.4,1,,Consumer Defensive,141068144.0,2346995.96
PLRX,Pliant Therapeutics Inc,1.08,2,4,6,0,4,0,3,19,-15.0,4.0,Broken,Avoid/exit,29,-2.7,-6.1,-3.4,44.2,1,,Healthcare,72446688.0,824949.99
MGIMF,Verve Group SE,1.2,1,3,1,1,3,3,2,14,-10.0,4.0,Broken,Avoid/exit,25,0.0,-1.6,-24.9,4.1,0,,Technology,411740896.0,53.5
CLWT,Euro Tech Holdings Company Ltd,1.4,2,5,2,0,4,4,2,19,-13.0,4.0,Broken,Avoid/exit,34,-7.9,-11.4,-8.3,34.9,1,,Industrials,8597298.0,30580.46
CGTX,Cognition Therapeutics Inc,0.938,1,8,7,0,2,2,2,22,-16.0,4.0,Broken,Avoid/exit,26,-6.2,-7.1,-5.4,39.2,1,,Healthcare,115908880.0,1883992.54
TIKK,Tel-Instrument Electronics Corp,1.3,1,4,3,5,3,1,2,19,-15.0,4.0,Broken,Avoid/exit,19,0.0,0.0,-4.8,19.0,1,,Industrials,8302511.0,1240.74
QTEX,QTREX Quantum Ltd.,0.688,0,6,9,0,0,2,2,19,-15.0,4.0,Broken,Avoid/exit,0,-19.6,-19.5,-16.5,33.8,1,,Technology,87775160.0,0.0
ICLTF,GreenFirst Forest Products Inc,1.21,0,1,6,6,4,0,2,19,-15.0,4.0,Broken,Avoid/exit,16,-9.7,-6.9,-7.5,38.6,1,,Basic Materials,34720456.0,7769.69
ADTGKX,ADTGKX,1.41,1,2,0,6,0,2,3,14,-10.0,4.0,Broken,Avoid/exit,18,-0.4,-0.7,-0.7,26.1,0,,nan,nan,0.0
ALXO,Alx Oncology Holdings ,1.39,1,7,2,1,3,0,2,16,-13.0,4.0,Broken,Avoid/exit,24,-16.3,-27.8,-18.1,28.0,2,,Healthcare,209918128.0,699630.26
AAME,Atlantic American Corporation,1.31,3,8,6,2,0,2,2,23,-19.0,4.0,Broken,Avoid/exit,20,-3.0,1.6,-3.1,44.2,0,,Financial Services,37938844.0,21469.34
FLYE,"Fly-E Group, Inc. Common Stock",1.43,3,9,0,3,2,0,2,19,-13.0,4.0,Broken,Avoid/exit,23,-2.7,-21.9,-12.1,40.4,1,,Consumer Cyclical,3068885.0,233260.34
FYGGY,Fuyao Glass Industry Group Co. Ltd,1.69,1,3,2,8,2,4,2,22,-18.0,4.0,Broken,Avoid/exit,31,-4.8,-3.4,-5.4,43.8,0,,Consumer Cyclical,18372595712.0,18623.21
FHRRX,FRANKLIN HIGH INCOME FUND CLASS R6,1.69,1,3,0,6,0,1,3,14,-10.0,4.0,Broken,Avoid/exit,16,-1.7,-1.7,-1.6,20.2,0,,nan,0.0,0.0
DSY,Big Tree Cloud Holdings Limited Ordinary Shares,3.58,4,5,8,3,4,2,2,28,-24.0,4.0,Broken,Avoid/exit,37,2.0,-1.4,-2.6,44.6,1,,Consumer Defensive,9028559.0,33642.56
PAVLF,PAVLF,2.0,3,2,5,3,1,0,2,16,-8.0,4.0,Broken,Avoid/exit,0,-11.9,-11.9,-10.3,22.7,0,,nan,nan,0.0
FHIRX,FRANKLIN HIGH INCOME FUND CLASS R,1.75,1,2,1,6,0,1,3,14,-10.0,4.0,Broken,Avoid/exit,17,-2.2,-2.2,-2.0,3.1,0,,nan,0.0,0.0
INVLW,"Innventure, Inc.",0.2,3,12,3,10,0,2,2,32,-28.0,4.0,Broken,Avoid/exit,22,36.1,75.4,-16.3,41.0,3,,nan,nan,0.0
POLA,Polar Power Inc,1.26,6,7,6,0,0,2,2,23,-19.0,4.0,Broken,Avoid/exit,15,0.8,-4.5,-5.8,38.2,1,,Industrials,6843499.0,1054121.27
HUTCY,Hutchison Telecommunications Hong Kong Holdings Ltd ADR,2.0,1,1,5,5,0,0,4,16,-8.0,4.0,Broken,Avoid/exit,29,-9.1,-9.1,-7.2,27.9,0,,Communication Services,671460736.0,223.27
GNTA,Genenta Science SpA ADR,0.69,3,9,1,0,2,2,2,19,-13.0,4.0,Broken,Avoid/exit,26,1.9,-17.0,-16.0,28.7,2,,Healthcare,49541140.0,973108.32
LPCN,Lipocine Inc,2.09,2,7,3,1,2,0,2,17,-13.0,4.0,Broken,Avoid/exit,28,-6.7,-5.9,-4.1,40.3,2,,Healthcare,18219800.0,182910.65
NEARX,NEAR-TERM TAX FREE FUND NEAR-TERM TAX FREE FUND,2.04,1,2,0,6,0,2,3,14,-10.0,4.0,Broken,Avoid/exit,13,-1.4,-1.4,-1.3,3.9,0,,nan,0.0,0.0
FBYDW,"Falcon's Beyond Global, Inc. Warrants",0.92,2,7,1,1,0,0,3,14,-8.0,4.0,Broken,Avoid/exit,26,-2.1,-36.8,-27.6,44.2,1,,nan,nan,0.0
ADTGDX,ADTGDX,2.185,1,2,0,6,0,2,3,14,-10.0,4.0,Broken,Avoid/exit,18,-0.4,-0.6,-0.6,25.2,0,,nan,nan,0.0
ADTGEX,ADTGEX,2.179,1,2,0,6,0,2,3,14,-10.0,4.0,Broken,Avoid/exit,18,-0.3,-0.5,-0.5,27.4,0,,nan,nan,0.0
ORGO,Organogenesis Holdings Inc,1.38,3,6,3,1,2,2,2,19,-15.0,4.0,Broken,Avoid/exit,10,-1.4,-8.0,-9.3,32.5,1,,Healthcare,319112864.0,1313482.48
ZTG,Zenta Group Company Limited,1.135,7,4,2,4,0,0,5,22,-18.0,4.0,Broken,Avoid/exit,0,-32.0,53.0,-25.3,40.9,2,,Industrials,30821068.0,0.0
LAUQX,LORD ABBETT INCOME FUND CLASS R2,2.32,1,2,1,6,0,1,3,14,-10.0,4.0,Broken,Avoid/exit,13,-2.1,-2.1,-1.9,14.9,0,,nan,0.0,0.0
TMOAY,TomTom NV ADR,2.16,0,2,2,5,3,0,2,14,-10.0,4.0,Broken,Avoid/exit,13,-5.3,-5.3,-3.6,36.3,0,,Technology,683969472.0,1701.75
PHCI,Panamera Holdings Corporation,2.11,4,1,2,6,4,0,2,19,-15.0,4.0,Broken,Avoid/exit,16,-15.6,-15.6,-10.1,2.1,1,,Basic Materials,191364928.0,179.8
CNVS,Cineverse Corp.,2.04,1,6,4,0,2,2,2,17,-13.0,4.0,Broken,Avoid/exit,17,-2.9,-7.7,-6.7,24.1,2,,Communication Services,54940752.0,195990.92
XCIKX,Credit Suisse Asset Management Income Fd Inc,2.63,1,2,1,6,0,1,3,14,-10.0,4.0,Broken,Avoid/exit,14,-1.5,-2.6,-1.8,11.0,0,,Other,0.0,0.0
FRIAX,FRANKLIN INCOME FUND ADVISOR CLASS,2.48,1,3,0,6,0,1,3,14,-10.0,4.0,Broken,Avoid/exit,26,-1.2,-1.6,-1.4,29.2,0,,nan,0.0,0.0
FNCFX,FRANKLIN INCOME FUND CLASS R6,2.49,1,2,1,6,0,1,3,14,-10.0,4.0,Broken,Avoid/exit,27,-1.6,-2.0,-1.5,25.1,0,,nan,0.0,0.0
FKIQX,Franklin Income Fund Cl A,2.5,1,3,0,6,0,1,3,14,-10.0,4.0,Broken,Avoid/exit,27,-1.2,-1.6,-1.4,29.2,0,,nan,nan,0.0
MXEYX,Great-West Core Strategies: Inflation-Protected Securities Fund Investor Class,2.59,1,2,0,6,0,2,3,14,-10.0,4.0,Broken,Avoid/exit,15,-1.1,-1.1,-1.1,30.1,0,,nan,nan,0.0
ADTGAX,ADTGAX,2.579,1,2,0,6,0,2,3,14,-10.0,4.0,Broken,Avoid/exit,16,-0.7,-0.9,-0.9,23.2,0,,nan,nan,0.0
PEW-WS,PEW-WS,2.11,5,5,4,0,0,2,2,18,-14.0,4.0,Broken,Avoid/exit,25,-0.9,-3.7,-5.1,34.3,0,,nan,nan,629842.53
IXHL,Incannex Healthcare Ltd ADR,3.15,4,3,7,7,0,4,2,27,-23.0,4.0,Broken,Avoid/exit,34,-9.7,-4.3,-7.2,41.0,1,,Healthcare,36585212.0,909893.58
NCEL,NewcelX Ltd.,2.92,1,5,2,5,2,0,2,17,-13.0,4.0,Broken,Avoid/exit,36,-1.7,-11.0,-7.3,37.3,2,,Healthcare,17013032.0,111558.62
MHIHX,MFS HIGH INCOME FUND R3,2.98,1,2,1,6,0,1,3,14,-10.0,4.0,Broken,Avoid/exit,17,-1.7,-1.7,-1.6,4.2,0,,nan,0.0,0.0
MHITX,MFS HIGH INCOME FUND A,2.99,1,2,1,6,0,1,3,14,-10.0,4.0,Broken,Avoid/exit,17,-1.6,-1.6,-1.6,8.0,0,,nan,0.0,0.0
MHIIX,MFS HIGH INCOME FUND I,2.98,1,2,1,6,0,1,3,14,-10.0,4.0,Broken,Avoid/exit,16,-1.7,-1.7,-1.6,8.0,0,,nan,0.0,0.0
MHICX,MFS HIGH INCOME FUND C,3.0,1,2,1,6,0,1,3,14,-10.0,4.0,Broken,Avoid/exit,17,-1.6,-1.6,-1.6,4.2,0,,nan,0.0,0.0
MHIJX,MFS HIGH INCOME FUND R4,3.0,1,2,1,6,0,1,3,14,-10.0,4.0,Broken,Avoid/exit,17,-1.6,-1.6,-1.6,4.2,0,,nan,0.0,0.0
MHIKX,MFS HIGH INCOME FUND R5,2.99,1,2,1,6,0,1,3,14,-10.0,4.0,Broken,Avoid/exit,17,-1.6,-1.6,-1.6,4.2,0,,nan,0.0,0.0
EKHIX,WELLS FARGO HIGH YIELD BOND FUND INSTITUTIONAL CLASS,2.93,1,2,0,6,0,2,3,14,-10.0,4.0,Broken,Avoid/exit,14,-1.7,-1.7,-1.5,19.5,0,,nan,0.0,0.0
EKHAX,WELLS FARGO HIGH YIELD BOND FUND CLASS A,2.93,1,2,0,6,0,2,3,14,-10.0,4.0,Broken,Avoid/exit,17,-1.7,-1.7,-1.4,21.4,0,,nan,0.0,0.0
MHGUP,Meritage Hospitality Group Inc. PFD CV SER B,0.63,1,7,0,1,3,0,2,14,-6.0,4.0,Broken,Avoid/exit,14,-64.0,-88.8,-82.1,2.7,0,,Other,nan,503.05
JFHYX,John Hancock Focused High Yield Fund Cla,2.92,1,2,1,6,0,1,3,14,-10.0,4.0,Broken,Avoid/exit,16,-1.7,-1.7,-1.6,7.8,0,,nan,0.0,0.0
ADTGFX,ADTGFX,3.09,1,2,0,6,0,2,3,14,-10.0,4.0,Broken,Avoid/exit,16,-0.6,-0.9,-0.9,26.4,0,,nan,nan,0.0
APLS,Apellis Pharmaceuticals Inc,41.03,16,2,10,3,3,0,4,38,-30,4,Broken,Avoid/exit,51,-0.2,0.2,2.7,84.5,0,,Healthcare,5252712960.0,3327978.91
MNKD,MannKind Corp,3.35,1,7,3,0,4,2,2,19,-13.0,4.0,Broken,Avoid/exit,30,-4.3,-10.7,-7.5,33.1,2,,Healthcare,1087504640.0,5081016.26
AFMMX,API SHORT TERM BOND FUND CLASS L SHARES,3.38,1,2,0,6,0,2,3,14,-10.0,4.0,Broken,Avoid/exit,13,-0.9,-0.9,-1.0,26.7,0,,nan,0.0,0.0
TQPCX,Touchstone Strategic Income Opportunities Fund Class C,3.16,1,2,1,6,0,1,3,14,-10.0,4.0,Broken,Avoid/exit,14,-1.6,-1.6,-1.5,17.6,0,,nan,nan,0.0
TQPIX,Touchstone Strategic Income Opportunities Fund Institutional Class,3.13,1,2,1,6,0,1,3,14,-10.0,4.0,Broken,Avoid/exit,14,-1.6,-1.6,-1.5,17.1,0,,nan,nan,0.0
ATCX,Atlas Critical Minerals Corporation,2.93,0,3,8,5,4,0,2,22,-14.0,4.0,Broken,Avoid/exit,27,-7.4,-9.8,-8.1,36.7,0,,nan,20539504.0,40095.55
NEHCX,LOOMIS SAYLES HIGH INCOME FUND CLASS C,3.55,1,2,1,6,0,1,3,14,-10.0,4.0,Broken,Avoid/exit,14,-1.9,-1.9,-1.9,11.7,0,,nan,0.0,0.0
ORSYX,Oppenheimer Rochester Shrt Trm Mncl Cl Y,3.63,1,2,0,6,0,2,3,14,-10.0,4.0,Broken,Avoid/exit,14,-0.8,-1.1,-0.9,1.7,0,,nan,0.0,0.0
AMHYX,INVESCO HIGH YIELD FUND CLASS A,3.41,1,2,1,6,0,1,3,14,-10.0,4.0,Broken,Avoid/exit,14,-1.7,-1.7,-1.7,7.8,0,,nan,0.0,0.0
ORSTX,Oppenheimer Rchstr Shrt Trm Mncl Fd Cl A,3.63,1,2,0,6,0,2,3,14,-10.0,4.0,Broken,Avoid/exit,14,-0.8,-1.1,-0.9,2.0,0,,nan,0.0,0.0
STMUX,Invesco Short Term Municipal Fund Class R6,3.64,1,2,0,6,0,2,3,14,-10.0,4.0,Broken,Avoid/exit,14,-0.8,-1.1,-0.9,4.3,0,,nan,nan,0.0
CINT,Ci&T Inc,2.89,0,4,2,6,0,0,2,14,-10.0,4.0,Broken,Avoid/exit,14,-8.8,-9.4,-8.6,34.9,0,,Technology,505132736.0,172448.42
JFIN,Jiayin Group Inc,1.44,3,7,4,0,0,2,2,18,-14.0,4.0,Broken,Avoid/exit,11,-7.1,-2.0,-12.3,28.0,0,,Financial Services,210888080.0,103595.58
LDLAX,LORD ABBETT SHORT DURATION INCOME FUND CLASS C,3.8,1,2,0,6,0,2,3,14,-10.0,4.0,Broken,Avoid/exit,14,-0.5,-0.5,-0.7,22.5,0,,nan,0.0,0.0
LDLQX,LORD ABBETT SHORT DURATION INCOME FUND CLASS R2,3.78,1,2,0,6,0,2,3,14,-10.0,4.0,Broken,Avoid/exit,14,-0.5,-0.5,-0.7,22.5,0,,nan,0.0,0.0
APIMX,API SHORT TERM BOND FUND CLASS A SHARES,3.79,1,2,0,6,0,2,3,14,-10.0,4.0,Broken,Avoid/exit,13,-1.0,-0.8,-1.0,27.9,0,,nan,0.0,0.0
LDLKX,LORD ABBETT SHORT DURATION INCOME FUND CLASS R4,3.78,1,2,0,6,0,2,3,14,-10.0,4.0,Broken,Avoid/exit,14,-0.8,-0.8,-0.7,23.0,0,,nan,0.0,0.0
LOLDX,Lord Abbett Short Duration Income Cl F3,3.78,1,2,0,6,0,2,3,14,-10.0,4.0,Broken,Avoid/exit,14,-0.5,-0.8,-0.7,16.1,0,,nan,0.0,0.0
MXEGX,GREAT-WEST CORE STRATEGIES: INFLATION-PROTECTED SECURITIES FUND INSTITUTIONAL CLASS,3.67,1,2,0,6,0,2,3,14,-10.0,4.0,Broken,Avoid/exit,15,-1.1,-1.3,-1.2,28.7,0,,nan,nan,0.0
CRPHY,Ceres Power Holdings plc,2.41,6,6,5,6,2,1,2,28,-24.0,4.0,Broken,Avoid/exit,18,-15.2,0.7,-8.6,43.9,1,,Industrials,1878194048.0,10296.96
SMWB,SimilarWeb Ltd,7.59,3,7,4,1,7,0,2,24,-18.0,4.0,Broken,Avoid/exit,51,-10.5,-11.8,-7.5,39.2,2,,Technology,379310336.0,623574.89
UIS,Unisys Corporation,2.24,2,7,6,0,0,0,2,17,-13.0,4.0,Broken,Avoid/exit,14,-8.2,-10.4,-9.5,29.4,1,,Technology,314950336.0,783525.59
BHLL,Bunker Hill Mining Corp,2.85,3,5,3,0,2,4,2,19,-15.0,4.0,Broken,Avoid/exit,29,-5.3,-9.6,-9.0,29.9,1,,Basic Materials,198412496.0,30304.4
PLSM,Pulsenmore Ltd. Ordinary Shares,2.276,3,6,7,3,0,2,2,23,-19.0,4.0,Broken,Avoid/exit,21,-2.3,-6.0,-8.9,36.7,1,,Healthcare,28547484.0,0.0
GCMDX,GOLDMAN SACHS LOCAL EMERGING MARKETS DEBT FUND CLASS C,3.92,1,2,0,6,0,2,3,14,-10.0,4.0,Broken,Avoid/exit,15,-1.3,-1.3,-1.2,13.4,0,,nan,0.0,0.0
ECHIX,EATON VANCE HIGH INCOME OPPORTUNITIES FUND EATON VANCE HIGH INCOME OPPORTUNITIES FUND CLASS C,4.12,1,2,1,6,0,1,3,14,-10.0,4.0,Broken,Avoid/exit,14,-1.4,-1.7,-1.4,10.0,0,,nan,0.0,0.0
EIHIX,EATON VANCE HIGH INCOME OPPORTUNITIES FUND EATON VANCE HIGH INCOME OPPORTUNITIES FUND CLASS I,4.12,1,2,1,6,0,1,3,14,-10.0,4.0,Broken,Avoid/exit,14,-1.4,-1.7,-1.4,14.4,0,,nan,0.0,0.0
HIICX,CATALYST/SMH HIGH INCOME FUND CATALYST/SMH HIGH INCOME FUND CLASS C,3.95,1,2,1,6,0,1,3,14,-10.0,4.0,Broken,Avoid/exit,25,-1.7,-1.0,-1.4,27.7,0,,nan,0.0,0.0
GAMDX,GOLDMAN SACHS LOCAL EMERGING MARKETS DEBT FUND CLASS A,3.93,1,2,0,6,0,2,3,14,-10.0,4.0,Broken,Avoid/exit,15,-1.3,-1.3,-1.2,13.4,0,,nan,0.0,0.0
HIIFX,CATALYST/SMH HIGH INCOME FUND CATALYST/SMH HIGH INCOME FUND CLASS A,3.94,1,2,1,6,0,1,3,14,-10.0,4.0,Broken,Avoid/exit,26,-1.7,-1.0,-1.4,29.8,0,,nan,0.0,0.0
HIIIX,CATALYST/SMH HIGH INCOME FUND CATALYST/SMH HIGH INCOME FUND CLASS I,3.95,1,2,1,6,0,1,3,14,-10.0,4.0,Broken,Avoid/exit,25,-1.7,-1.0,-1.3,30.3,0,,nan,0.0,0.0
AHT-P-G,Ashford Hospitality Trust Inc 7.375% Series G Cumulative Preferred Stock,4.42,1,5,3,1,2,0,2,14,-8.0,4.0,Broken,Avoid/exit,23,-9.1,-23.8,-16.0,29.2,1,,Other,nan,4501.55
APIBX,API SHORT TERM BOND FUND INSTITUTIONAL CLASS,4.09,1,2,0,6,0,2,3,14,-10.0,4.0,Broken,Avoid/exit,13,-1.0,-0.7,-0.9,28.0,0,,nan,0.0,0.0
GIMSX,GOLDMAN SACHS LOCAL EMERGING MARKETS DEBT FUND CLASS R6 SHARES,3.91,1,2,0,6,0,2,3,14,-10.0,4.0,Broken,Avoid/exit,14,-1.5,-1.5,-1.4,15.0,0,,nan,nan,0.0
BMHL,Bluemount Holdings Limited Class B Ordinary Shares,5.0,2,5,1,6,2,0,2,18,-10.0,4.0,Broken,Avoid/exit,41,-9.6,-5.7,-9.1,26.2,0,,Financial Services,109481432.0,3475.32
RADX,Radiopharm Theranostics Limited American Depositary Shares,1.52,3,9,1,0,2,2,2,19,-15.0,4.0,Broken,Avoid/exit,9,-5.6,-24.4,-18.8,28.5,1,,Healthcare,35395408.0,286598.02
BKYI,BIO-Key International Inc,1.68,0,1,0,8,2,0,2,13,-9.0,4.0,Broken,Avoid/exit,17,-32.0,-36.6,-33.2,17.8,1,,Industrials,4633855.0,521573.5
CCCX,Churchill Capital Corp X Class A Ordinary Shares,6.56,4,10,7,2,3,1,5,32,-28,4,Broken,Avoid/exit,36,34.4,14.3,6.6,48.8,3,,Financial Services,711003008.0,0.0
ACTG,Acacia Research Corporation,4.3,1,6,3,1,2,4,2,19,-15.0,4.0,Broken,Avoid/exit,29,-1.4,-4.0,-3.1,35.0,1,,Industrials,453968928.0,235564.33
OMSE,OMS Energy Technologies Inc.,4.23,2,4,1,0,3,4,2,16,-12.0,4.0,Broken,Avoid/exit,28,-3.6,-4.7,-4.2,40.7,0,,Energy,198659920.0,49380.73
HLDTX,THE HARTFORD EMERGING MARKETS LOCAL DEBT FUND CLASS R5,4.51,1,2,1,6,0,1,3,14,-10.0,4.0,Broken,Avoid/exit,18,-2.6,-2.6,-2.4,21.8,0,,nan,0.0,0.0
LVITX,Western Asset Core Plus VIT Portfolio CL,4.51,1,3,0,6,0,1,3,14,-10.0,4.0,Broken,Avoid/exit,15,-2.0,-1.7,-1.7,26.7,0,,Other,0.0,0.0
VMSSX,VIRTUS MULTI-SECTOR SHORT TERM BOND FUND CLASS R6,4.49,1,2,0,6,0,2,3,14,-10.0,4.0,Broken,Avoid/exit,14,-0.9,-0.9,-0.8,24.6,0,,nan,0.0,0.0
HOIBX,Homestead Intermediate Bond Fund,4.38,1,3,0,6,0,1,3,14,-10.0,4.0,Broken,Avoid/exit,12,-1.8,-1.6,-1.5,25.5,0,,nan,nan,0.0
HLDIX,THE HARTFORD EMERGING MARKETS LOCAL DEBT FUND CLASS I,4.77,1,2,1,6,0,1,3,14,-10.0,4.0,Broken,Avoid/exit,19,-2.5,-2.7,-2.4,23.4,0,,nan,0.0,0.0
SHIAX,WESTERN ASSET SHORT DURATION HIGH INCOME FUND CLASS A,4.65,1,2,0,6,0,2,3,14,-10.0,4.0,Broken,Avoid/exit,14,-1.3,-1.1,-1.1,20.7,0,,nan,0.0,0.0
HLDSX,THE HARTFORD EMERGING MARKETS LOCAL DEBT FUND CLASS R4,4.79,1,2,1,6,0,1,3,14,-10.0,4.0,Broken,Avoid/exit,18,-2.6,-2.6,-2.5,21.7,0,,nan,0.0,0.0
SHIYX,WESTERN ASSET SHORT DURATION HIGH INCOME FUND CLASS I,4.67,1,2,0,6,0,2,3,14,-10.0,4.0,Broken,Avoid/exit,15,-1.3,-1.1,-1.1,16.2,0,,nan,0.0,0.0
SDSIX,WESTERN ASSET GLOBAL STRATEGIC INCOME FUND CLASS C1,4.8,1,2,1,6,0,1,3,14,-10.0,4.0,Broken,Avoid/exit,14,-1.4,-1.4,-1.4,17.8,0,,nan,0.0,0.0
PRHCX,PRUDENTIAL HIGH YIELD FUND CLASS C,4.62,1,2,1,6,0,1,3,14,-10.0,4.0,Broken,Avoid/exit,14,-1.5,-1.5,-1.5,17.3,0,,nan,0.0,0.0
LWHIX,WESTERN ASSET SHORT DURATION HIGH INCOME FUND CLASS C,4.65,1,2,0,6,0,2,3,14,-10.0,4.0,Broken,Avoid/exit,14,-1.3,-1.3,-1.2,18.1,0,,nan,0.0,0.0
HLDYX,THE HARTFORD EMERGING MARKETS LOCAL DEBT FUND CLASS Y,4.73,1,2,1,6,0,1,3,14,-10.0,4.0,Broken,Avoid/exit,18,-2.5,-2.7,-2.3,25.2,0,,nan,0.0,0.0
HLDAX,THE HARTFORD EMERGING MARKETS LOCAL DEBT FUND CLASS A,4.82,1,2,1,6,0,1,3,14,-10.0,4.0,Broken,Avoid/exit,19,-2.6,-2.6,-2.4,22.1,0,,nan,0.0,0.0
PAELX,T. ROWE PRICE EMERGING MARKETS LOCAL CURRENCY BOND FUND T. ROWE PRICE EMERGING MARKETS LOCAL CURRENCY BOND FUND ADVISOR CLASS,4.84,1,2,1,6,0,1,3,14,-10.0,4.0,Broken,Avoid/exit,17,-2.0,-2.2,-2.0,25.0,0,,nan,0.0,0.0
HLDRX,THE HARTFORD EMERGING MARKETS LOCAL DEBT FUND CLASS R3,4.85,1,2,1,6,0,1,3,14,-10.0,4.0,Broken,Avoid/exit,18,-2.4,-2.6,-2.4,23.4,0,,nan,0.0,0.0
SHICX,WESTERN ASSET SHORT DURATION HIGH INCOME FUND CLASS C1,4.68,1,2,0,6,0,2,3,14,-10.0,4.0,Broken,Avoid/exit,15,-1.3,-1.3,-1.2,10.2,0,,nan,0.0,0.0
HLDFX,THE HARTFORD EMERGING MARKETS LOCAL DEBT FUND CLASS F,4.77,1,2,1,6,0,1,3,14,-10.0,4.0,Broken,Avoid/exit,19,-2.5,-2.7,-2.4,24.8,0,,nan,0.0,0.0
LWSRX,WESTERN ASSET SHORT DURATION HIGH INCOME FUND CLASS R,4.64,1,2,0,6,0,2,3,14,-10.0,4.0,Broken,Avoid/exit,15,-1.3,-1.1,-1.1,16.8,0,,nan,0.0,0.0
TEIMX,T. ROWE PRICE EMERGING MARKETS LOCAL CURRENCY BOND FUND T. ROWE PRICE EMERGING MARKETS LOCAL CURRENCY BOND FUND-I CLASS,4.88,1,2,1,6,0,1,3,14,-10.0,4.0,Broken,Avoid/exit,17,-2.0,-2.2,-2.0,25.3,0,,nan,0.0,0.0
WAGIX,WESTERN ASSET GLOBAL STRATEGIC INCOME FUND CLASS IS,4.81,1,2,1,6,0,1,3,14,-10.0,4.0,Broken,Avoid/exit,14,-1.6,-1.4,-1.5,17.5,0,,nan,0.0,0.0
PHYGX,PGIM HIGH YIELD FUND CLASS R4,4.63,1,2,1,6,0,1,3,14,-10.0,4.0,Broken,Avoid/exit,14,-1.5,-1.5,-1.5,17.4,0,,nan,nan,0.0
TRZFX,T. Rowe Price Emerging Markets Local Currency Bond Fund Z Class,4.87,1,2,1,6,0,1,3,14,-10.0,4.0,Broken,Avoid/exit,17,-2.0,-2.2,-2.0,25.9,0,,nan,nan,0.0
JAELX,John Hancock Variable Insurance Trust - High Yield Trust,4.8,1,2,0,6,0,2,3,14,-10.0,4.0,Broken,Avoid/exit,19,-1.6,-1.6,-1.4,20.5,0,,nan,nan,0.0
TRLC,TriLinc Global Impact Fund LLC,0.625,4,4,2,0,3,3,2,18,-15.0,3.0,Broken,Avoid/exit,12,0.0,0.0,-7.1,0.0,1,,Financial Services,48732956.0,387.1
TOMZ,TOMI Environmental Solutions Inc,1.36,2,1,3,3,3,4,2,18,-15.0,3.0,Broken,Avoid/exit,43,-4.9,-13.9,-11.5,34.8,1,,Industrials,23436502.0,299839.54
AIRXX,AIM Investment Securities Funds (Invesco Investment Securities Funds) - Government Money Market Fund,1.0,1,5,2,5,3,0,2,18,-20.0,3.0,Broken,🔥 COILED: Avoid/exit,21,-68.8,-68.2,-41.3,46.2,0,,nan,nan,0.0
GGAZF,Goldgroup Mining Inc.,2.15,7,8,1,4,7,0,5,32,-30,3,Broken,Avoid/exit,50,-49.4,-53.9,-26.1,42.5,2,,Basic Materials,302378912.0,274020.74
CXMSF,CEMEX S.A.B. de C.V,0.97,0,3,6,2,0,0,2,13,-10.0,3.0,Broken,Avoid/exit,13,-7.6,-7.6,-8.9,30.0,0,,Basic Materials,21082222592.0,0.0
DSEAF,DSEAF,0.602,1,7,4,2,4,0,2,20,-17.0,3.0,Broken,Avoid/exit,21,-14.0,-22.4,-13.5,35.9,1,,Basic Materials,70899632.0,0.0
PANHF,Ping An Healthcare and Technology Company Limited,0.744,0,3,1,4,0,3,2,13,-10.0,3.0,Broken,Avoid/exit,12,-6.8,-6.8,-7.9,4.0,0,,Healthcare,4253251840.0,58.56
CNDT,Conduent Inc,1.57,6,6,2,0,2,4,2,22,-19.0,3.0,Broken,Avoid/exit,36,-3.7,-0.6,-4.2,44.6,1,,Technology,237298128.0,1299073.34
GRNQ,GreenPro Capital Corp,9.67,9,4,0,4,3,4,2,26,-23.0,3.0,Broken,Avoid/exit,39,-11.7,-23.9,-13.8,44.5,1,,Industrials,27634970.0,106380.6
NUCLW,Eagle Nuclear Energy Corp. Warrants,0.6,3,8,6,0,2,0,2,21,-18.0,3.0,Broken,Avoid/exit,14,-8.0,-13.0,-14.0,34.4,0,,nan,nan,0.0
GOVX,GeoVax Labs Inc,0.346,3,9,4,0,2,2,2,22,-19.0,3.0,Broken,Avoid/exit,18,-3.6,-19.6,-22.0,24.2,1,,Healthcare,9326732.0,1599467.67
TRON,Tron Inc.,1.415,1,5,6,1,0,0,2,15,-15.0,3.0,Broken,Avoid/exit,24,-5.0,-8.4,-7.7,40.3,1,,Consumer Cyclical,882350656.0,1650976.94
FVHIX,FRANKLIN HIGH INCOME FUND ADVISOR CLASS,1.7,1,2,0,6,0,1,3,13,-10.0,3.0,Broken,Avoid/exit,14,-2.3,-1.7,-1.8,22.3,0,,nan,0.0,0.0
FHAIX,FRANKLIN HIGH INCOME FUND CLASS A,1.7,1,2,0,6,0,1,3,13,-10.0,3.0,Broken,Avoid/exit,14,-2.3,-2.3,-1.9,23.0,0,,nan,0.0,0.0
ADTGLX,ADTGLX,1.689,1,2,0,6,0,1,3,13,-10.0,3.0,Broken,Avoid/exit,14,-1.0,-1.6,-1.4,18.3,0,,nan,nan,0.0
IBIO,"iBio, Inc. Common Stock",1.17,0,5,6,3,2,0,2,18,-15.0,3.0,Broken,Avoid/exit,15,-7.1,-2.5,-7.2,36.9,1,,Healthcare,95879616.0,3248317.12
PTCHF,PureTech Health plc,1.541,1,3,2,5,3,1,3,18,-15.0,3.0,Broken,Avoid/exit,21,-6.7,-6.7,-3.4,26.5,1,,Healthcare,453244672.0,5435.5
ANVS,Annovis Bio Inc,1.38,7,13,4,2,3,2,2,33,-28,3,Broken,Avoid/exit,24,16.0,21.1,3.2,49.3,4,,Healthcare,84658320.0,1070783.77
RIOFF,Rio2 Limited,2.35,8,3,5,4,3,2,2,27,-24.0,3.0,Broken,Avoid/exit,53,-8.6,-7.5,-6.9,44.1,0,,Basic Materials,1190204928.0,646850.27
NAMM,Namib Minerals Ordinary Shares,1.07,0,8,4,3,0,0,2,17,-14.0,3.0,Broken,Avoid/exit,27,-20.7,-14.4,-17.2,32.8,0,,Basic Materials,127489408.0,3602066.08
DURCF,DURCF,1.56,1,3,1,0,3,3,2,13,-10.0,3.0,Broken,Avoid/exit,29,0.0,-17.5,-7.2,0.1,0,,Industrials,503412512.0,355.38
KCDMF,Kimberly-Clark de México S. A. B. de C. V,2.18,0,3,3,1,3,1,2,13,-10.0,3.0,Broken,Avoid/exit,38,-4.8,-3.5,-4.0,29.9,0,,Consumer Defensive,6721901056.0,0.0
QUEXF,Q2 Metals Corp.,1.63,1,6,2,6,3,0,2,20,-15.0,3.0,Broken,Avoid/exit,30,-4.7,-9.4,-7.8,37.8,2,,Basic Materials,426579008.0,35922.09
CISS,C3is Inc.,1.04,4,3,3,3,0,0,2,15,-15.0,3.0,Broken,Avoid/exit,22,-15.4,-24.1,-18.9,40.6,1,,Industrials,1195804.0,2537177.18
ADTGMX,ADTGMX,2.097,1,2,0,6,0,1,3,13,-10.0,3.0,Broken,Avoid/exit,13,-0.9,-1.5,-1.2,18.2,0,,nan,nan,0.0
CLVT,CLARIVATE PLC,1.71,0,8,4,0,0,2,2,16,-13.0,3.0,Broken,Avoid/exit,10,-11.4,-10.5,-9.8,33.6,1,,Technology,1591649152.0,5463686.86
FGROF,FirstGroup plc,2.25,1,1,0,3,3,3,2,13,-10.0,3.0,Broken,Avoid/exit,26,0.0,-6.2,-3.5,1.0,0,,Industrials,1357823488.0,80.0
AGXXF,Agilyx AS,1.5,1,8,0,0,3,4,2,18,-15.0,3.0,Broken,Avoid/exit,13,3.4,-16.2,-4.2,43.0,1,,Industrials,288959744.0,901.5
GAIA,Gaia Inc,1.42,4,12,3,2,3,4,2,30,-28,3,Broken,Avoid/exit,19,14.5,15.4,2.6,49.5,4,,Communication Services,61260308.0,72062.56
LAUSX,LORD ABBETT INCOME FUND CLASS C,2.31,1,2,0,6,0,1,3,13,-10.0,3.0,Broken,Avoid/exit,12,-2.1,-2.1,-2.0,21.2,0,,nan,0.0,0.0
LAURX,LORD ABBETT INCOME FUND CLASS R3,2.31,1,2,0,6,0,1,3,13,-10.0,3.0,Broken,Avoid/exit,13,-2.1,-1.7,-1.9,21.0,0,,nan,0.0,0.0
LAUFX,LORD ABBETT INCOME FUND CLASS F,2.3,1,2,0,6,0,1,3,13,-10.0,3.0,Broken,Avoid/exit,13,-2.1,-1.7,-1.9,21.0,0,,nan,0.0,0.0
LAGVX,LORD ABBETT INCOME FUND CLASS A,2.3,1,2,0,6,0,1,3,13,-10.0,3.0,Broken,Avoid/exit,12,-2.1,-2.1,-2.0,20.9,0,,nan,0.0,0.0
FISRX,FRANKLIN INCOME FUND CLASS R,2.43,1,2,0,6,0,1,3,13,-10.0,3.0,Broken,Avoid/exit,25,-1.6,-2.0,-1.7,25.2,0,,nan,0.0,0.0
LAUVX,LORD ABBETT INCOME FUND CLASS R6,2.3,1,2,0,6,0,1,3,13,-10.0,3.0,Broken,Avoid/exit,12,-2.1,-2.1,-2.0,20.6,0,,nan,0.0,0.0
LAUTX,LORD ABBETT INCOME FUND CLASS R5,2.3,1,2,0,6,0,1,3,13,-10.0,3.0,Broken,Avoid/exit,12,-2.1,-2.1,-2.0,20.5,0,,nan,0.0,0.0
LOGVX,Lord Abbett Income Cl F3,2.3,1,2,0,6,0,1,3,13,-10.0,3.0,Broken,Avoid/exit,12,-2.1,-2.1,-2.0,21.0,0,,nan,0.0,0.0
ADTGBX,ADTGBX,2.597,1,2,0,6,0,1,3,13,-10.0,3.0,Broken,Avoid/exit,15,-1.1,-1.4,-1.4,24.4,0,,nan,nan,0.0
ADTGSX,ADTGSX,2.604,1,2,0,6,0,1,3,13,-10.0,3.0,Broken,Avoid/exit,13,-1.0,-1.4,-1.5,26.5,0,,nan,nan,0.0
TNGCF,Tongcheng Travel Holdings Limited,1.355,1,1,0,6,3,0,2,13,-10.0,3.0,Broken,Avoid/exit,6,-51.6,-51.6,-39.3,0.0,0,,Consumer Cyclical,6591793664.0,137.29
METXF,METXF,1.67,1,4,0,5,3,3,2,18,-15.0,3.0,Broken,Avoid/exit,13,0.0,0.0,-19.5,7.2,1,,Healthcare,88646008.0,0.5
SYPR,Sypris Solutions Inc,1.7,2,2,9,0,0,2,3,18,-15.0,3.0,Broken,Avoid/exit,14,-1.2,-7.1,-4.7,38.8,1,,Consumer Cyclical,70183944.0,151085.5
AIIO,Robo.ai Inc.,1.39,3,4,6,3,2,0,2,20,-15.0,3.0,Broken,Avoid/exit,18,-13.7,-12.6,-20.4,26.5,2,,Consumer Cyclical,55789548.0,4175162.61
DRCT,Direct Digital Holdings Inc,1.52,1,2,3,8,0,0,2,16,-13.0,3.0,Broken,Avoid/exit,14,-10.6,-16.9,-16.2,30.7,1,,Communication Services,2033604.0,298394.56
GOAI,Eva Live Inc. Common Stock,1.94,2,4,1,0,3,4,2,16,-13.0,3.0,Broken,Avoid/exit,26,10.9,-27.6,-12.8,42.3,1,,Technology,111798288.0,128843.53
OSICX,Oppenheimer Strategic Income Fund C,2.98,0,2,2,6,0,1,2,13,-10.0,3.0,Broken,Avoid/exit,13,-2.0,-2.0,-2.2,26.8,0,,nan,0.0,0.0
OSIIX,Oppenheimer Global Strtgc Incm Fd Cl I,2.97,0,2,2,6,0,1,2,13,-10.0,3.0,Broken,Avoid/exit,12,-2.3,-2.0,-2.4,23.1,0,,nan,0.0,0.0
OSIYX,Oppenheimer Strategic Income Fund Cl Y,2.98,0,2,2,6,0,1,2,13,-10.0,3.0,Broken,Avoid/exit,14,-2.3,-2.0,-2.3,29.0,0,,nan,0.0,0.0
THYUX,HIGH YIELD FUND HIGH YIELD FUND,3.11,1,2,0,6,0,1,3,13,-10.0,3.0,Broken,Avoid/exit,15,-1.9,-1.6,-1.6,20.6,0,,nan,0.0,0.0
JHHBX,JOHN HANCOCK FOCUSED HIGH YIELD FUND CLASS A,2.92,1,2,0,6,0,1,3,13,-10.0,3.0,Broken,Avoid/exit,13,-2.0,-2.0,-1.8,18.2,0,,nan,0.0,0.0
XMGFX,MFS Government Markets Income Trust,2.89,1,2,0,6,0,1,3,13,-10.0,3.0,Broken,Avoid/exit,14,-2.0,-2.0,-1.8,19.8,0,,Other,0.0,0.0
MHIBX,MFS HIGH INCOME FUND B,2.99,1,2,0,6,0,1,3,13,-10.0,3.0,Broken,Avoid/exit,14,-1.6,-2.0,-1.7,14.6,0,,nan,0.0,0.0
JHYCX,JOHN HANCOCK FOCUSED HIGH YIELD FUND CLASS C,2.92,1,2,0,6,0,1,3,13,-10.0,3.0,Broken,Avoid/exit,13,-2.0,-2.0,-1.8,18.2,0,,nan,0.0,0.0
OSINX,Oppenheimer Strat Incm N,2.99,0,2,2,6,0,1,2,13,-10.0,3.0,Broken,Avoid/exit,15,-2.0,-2.0,-2.2,26.9,0,,nan,0.0,0.0
MHIGX,MFS HIGH INCOME FUND R1,2.99,1,2,0,6,0,1,3,13,-10.0,3.0,Broken,Avoid/exit,14,-1.6,-2.0,-1.7,15.6,0,,nan,0.0,0.0
JYHIX,JOHN HANCOCK FOCUSED HIGH YIELD FUND CLASS I,2.92,1,2,0,6,0,1,3,13,-10.0,3.0,Broken,Avoid/exit,13,-2.0,-2.0,-1.8,18.0,0,,nan,0.0,0.0
MIHRX,MFS HIGH INCOME FUND R2,2.97,1,2,0,6,0,1,3,13,-10.0,3.0,Broken,Avoid/exit,14,-1.7,-2.0,-1.7,13.9,0,,nan,0.0,0.0
OPSIX,Oppenheimer Strat Income Fund,2.99,0,2,2,6,0,1,2,13,-10.0,3.0,Broken,Avoid/exit,15,-2.0,-2.0,-2.1,27.0,0,,nan,0.0,0.0
GLSSX,Invesco Global Strategic Income Fund Class R5,2.99,0,2,2,6,0,1,2,13,-10.0,3.0,Broken,Avoid/exit,14,-2.3,-2.0,-2.2,29.3,0,,nan,nan,0.0
XPIMX,Putnam Master Intermediate Income Trust,3.24,1,2,0,6,0,1,3,13,-10.0,3.0,Broken,Avoid/exit,13,-1.8,-1.8,-1.7,23.1,0,,Other,0.0,0.0
TQPAX,Touchstone Strategic Income Opportunities Fund Class A,3.15,1,2,0,6,0,1,3,13,-10.0,3.0,Broken,Avoid/exit,16,-1.6,-1.6,-1.4,24.8,0,,nan,nan,0.0
TQPYX,Touchstone Strategic Income Opportunities Fund,3.14,1,2,0,6,0,1,3,13,-10.0,3.0,Broken,Avoid/exit,16,-1.6,-1.6,-1.4,26.2,0,,nan,nan,0.0
EUTLF,Eutelsat Communications SA,1.93,0,6,7,3,3,0,2,21,-18.0,3.0,Broken,Avoid/exit,19,-6.8,-8.5,-6.9,32.2,1,,Communication Services,4476023808.0,9695.71
DEXSF,DEXUS,3.828,0,3,4,0,3,1,2,13,-10.0,3.0,Broken,Avoid/exit,13,-6.4,-6.4,-5.4,12.5,0,,Real Estate,3780879616.0,273.57
JPDYY,Japan Display Inc ADR,2.75,1,4,3,2,3,3,2,18,-15.0,3.0,Broken,Avoid/exit,21,0.0,0.0,-9.2,0.4,1,,Technology,1424104448.0,50.0
HYINX,INVESCO HIGH YIELD FUND INVESTOR CLASS,3.41,1,2,0,6,0,1,3,13,-10.0,3.0,Broken,Avoid/exit,16,-1.7,-1.7,-1.6,20.4,0,,nan,0.0,0.0
XPPTX,Putnam Premier Income Trust,3.54,1,2,0,6,0,1,3,13,-10.0,3.0,Broken,Avoid/exit,13,-1.9,-1.7,-1.7,23.4,0,,Other,0.0,0.0
AHIYX,INVESCO HIGH YIELD FUND CLASS R5,3.4,1,2,0,6,0,1,3,13,-10.0,3.0,Broken,Avoid/exit,14,-1.7,-1.7,-1.7,12.7,0,,nan,0.0,0.0
WAFMX,WASATCH FRONTIER EMERGING SMALL COUNTRIES FUND INVESTOR CLASS SHARES,3.5,0,3,1,6,0,1,2,13,-10.0,3.0,Broken,Avoid/exit,15,-3.3,-3.0,-3.1,33.3,0,,nan,0.0,0.0
AHYCX,INVESCO HIGH YIELD FUND CLASS C,3.4,1,2,0,6,0,1,3,13,-10.0,3.0,Broken,Avoid/exit,14,-2.0,-2.0,-1.8,17.8,0,,nan,0.0,0.0
NEFHX,LOOMIS SAYLES HIGH INCOME FUND CLASS A,3.53,1,2,0,6,0,1,3,13,-10.0,3.0,Broken,Avoid/exit,14,-1.9,-1.9,-1.8,18.8,0,,nan,0.0,0.0
NEHYX,LOOMIS SAYLES HIGH INCOME FUND CLASS Y,3.52,1,2,0,6,0,1,3,13,-10.0,3.0,Broken,Avoid/exit,13,-2.2,-1.9,-2.0,16.9,0,,nan,0.0,0.0
AHHYX,INVESCO HIGH YIELD FUND CLASS Y,3.41,1,2,0,6,0,1,3,13,-10.0,3.0,Broken,Avoid/exit,14,-1.7,-2.0,-1.8,10.8,0,,nan,0.0,0.0
HYIFX,INVESCO HIGH YIELD FUND CLASS R6,3.41,1,2,0,6,0,1,3,13,-10.0,3.0,Broken,Avoid/exit,16,-1.7,-1.7,-1.6,19.3,0,,nan,0.0,0.0
LSHNX,Loomis Sayles High Income Fund Class N,3.53,1,2,0,6,0,1,3,13,-10.0,3.0,Broken,Avoid/exit,14,-2.2,-1.9,-2.0,17.2,0,,nan,0.0,0.0
JRVR,James River Group Holdings Ltd,3.44,0,5,2,0,0,2,2,11,-8.0,3.0,Broken,Avoid/exit,25,-7.8,-12.7,-9.6,24.2,0,,Financial Services,184253872.0,293136.81
PFAI,Pinnacle Food Group Limited Class A Common Shares,2.77,3,6,4,6,0,5,2,26,-23.0,3.0,Broken,Avoid/exit,19,-1.4,-7.9,-4.3,44.2,1,,Consumer Defensive,44600180.0,372668.83
ADTGPX,ADTGPX,3.678,1,2,0,6,0,1,3,13,-10.0,3.0,Broken,Avoid/exit,16,-0.9,-1.2,-1.2,26.5,0,,nan,nan,0.0
SBDS,"Solo Brands, Inc.",2.952,1,6,5,0,0,2,2,16,-13.0,3.0,Broken,Avoid/exit,33,-3.5,-7.5,-7.4,35.0,2,,Consumer Cyclical,10832179.0,34270.91
RBSTF,ROBOSENSE TECHNOLOGY CO,2.05,6,6,6,0,0,1,2,21,-18.0,3.0,Broken,Avoid/exit,13,-6.4,-0.5,-8.3,30.3,0,,nan,nan,349.32
FLWS,1-800 FLOWERS.COM Inc,2.64,4,6,2,0,2,2,2,18,-15.0,3.0,Broken,Avoid/exit,11,2.7,-13.7,-12.9,31.2,1,,Consumer Cyclical,289725152.0,996287.64
KHYCX,DEUTSCHE HIGH INCOME FUND CLASS C,4.3,1,2,0,6,0,1,3,13,-10.0,3.0,Broken,Avoid/exit,16,-2.1,-1.8,-1.7,18.0,0,,nan,0.0,0.0
KHYIX,DEUTSCHE HIGH INCOME FUND INSTITUTIONAL CLASS,4.31,1,2,0,6,0,1,3,13,-10.0,3.0,Broken,Avoid/exit,16,-2.0,-1.8,-1.7,17.3,0,,nan,0.0,0.0
KHYSX,DEUTSCHE HIGH INCOME FUND CLASS S,4.31,1,2,0,6,0,1,3,13,-10.0,3.0,Broken,Avoid/exit,16,-2.0,-1.8,-1.6,18.8,0,,nan,0.0,0.0
KHYAX,DEUTSCHE HIGH INCOME FUND CLASS A,4.3,1,2,0,6,0,1,3,13,-10.0,3.0,Broken,Avoid/exit,16,-2.1,-1.8,-1.6,18.5,0,,nan,0.0,0.0
KHYQX,DEUTSCHE HIGH INCOME FUND CLASS R6,4.3,1,2,0,6,0,1,3,13,-10.0,3.0,Broken,Avoid/exit,17,-2.1,-1.8,-1.7,17.1,0,,nan,0.0,0.0
DNGDF,Dynacor Gold Mines Inc.,3.63,0,2,3,6,0,0,2,13,-10.0,3.0,Broken,Avoid/exit,17,-4.5,-10.8,-8.1,27.9,0,,Basic Materials,202612560.0,5134.35
OIBIX,Oppenheimer Int'l Bd Fd Cl I,4.41,0,2,2,6,0,1,2,13,-10.0,3.0,Broken,Avoid/exit,15,-2.4,-2.0,-2.2,29.5,0,,nan,0.0,0.0
OIBCX,Oppenheimer International Bond C,4.4,0,2,2,6,0,1,2,13,-10.0,3.0,Broken,Avoid/exit,15,-2.4,-2.2,-2.3,29.3,0,,nan,0.0,0.0
OIBNX,Oppenheimer International Bond R,4.4,0,2,2,6,0,1,2,13,-10.0,3.0,Broken,Avoid/exit,13,-2.7,-2.2,-2.4,28.1,0,,nan,0.0,0.0
OIBYX,Oppenheimer International Bond Y,4.41,0,2,2,6,0,1,2,13,-10.0,3.0,Broken,Avoid/exit,13,-2.6,-2.2,-2.4,28.9,0,,nan,0.0,0.0
OIBAX,Oppenheimer International Bond A,4.41,0,2,2,6,0,1,2,13,-10.0,3.0,Broken,Avoid/exit,13,-2.6,-2.2,-2.4,28.0,0,,nan,0.0,0.0
INBQX,AIM Investment Funds Invesco Investment Funds Invesco Oppenheimer Intl Bd Fd Cl R5,4.42,0,2,2,6,0,1,2,13,-10.0,3.0,Broken,Avoid/exit,15,-2.6,-2.2,-2.3,29.1,0,,nan,nan,0.0
QLMHIX,Legg Mason Partners Variable Income Trust - Western Asset Core Plus VIT Portfolio,4.51,1,2,0,6,0,1,3,13,-10.0,3.0,Broken,Avoid/exit,15,-2.0,-1.5,-1.6,27.0,0,,nan,nan,0.0
BTE,Baytex Energy Corp,4.53,5,10,3,0,5,4,2,29,-26.0,3.0,Broken,Avoid/exit,46,-3.0,-9.9,-4.2,40.2,1,,Energy,3674872064.0,21419828.72
NERV,Minerva Neurosciences Inc,3.4,1,10,3,0,2,0,2,18,-13.0,3.0,Broken,Avoid/exit,18,-7.7,-15.2,-12.1,34.1,2,,Healthcare,224790512.0,1056151.64
RXST,Rxsight Inc,4.67,1,5,2,0,2,4,2,16,-13.0,3.0,Broken,Avoid/exit,30,-9.1,-23.5,-14.9,25.9,1,,Healthcare,211122704.0,853716.75
CCM,Concord Medical Services Holdings,3.54,1,9,2,0,4,0,2,18,-13.0,3.0,Broken,Avoid/exit,22,-5.3,-8.8,-11.1,36.1,2,,Healthcare,20189012.0,15661.07
PHYQX,PRUDENTIAL HIGH YIELD FUND CLASS Q,4.63,1,2,0,6,0,1,3,13,-10.0,3.0,Broken,Avoid/exit,14,-1.5,-1.5,-1.4,17.8,0,,nan,0.0,0.0
TRIFX,CATALYST/SMH TOTAL RETURN INCOME FUND,4.72,0,2,2,6,0,1,2,13,-10.0,3.0,Broken,Avoid/exit,21,-2.3,-3.1,-2.7,26.7,0,,nan,0.0,0.0
LWSIX,WESTERN ASSET GLOBAL STRATEGIC INCOME FUND CLASS C,4.79,1,2,0,6,0,1,3,13,-10.0,3.0,Broken,Avoid/exit,14,-1.4,-1.2,-1.4,17.8,0,,nan,0.0,0.0
SDSAX,WESTERN ASSET GLOBAL STRATEGIC INCOME FUND CLASS A,4.79,1,2,0,6,0,1,3,13,-10.0,3.0,Broken,Avoid/exit,14,-1.4,-1.2,-1.4,17.1,0,,nan,0.0,0.0
PDVYX,PUTNAM DIVERSIFIED INCOME TRUST CLASS Y SHARES,4.77,1,2,0,6,0,1,3,13,-10.0,3.0,Broken,Avoid/exit,13,-1.6,-1.4,-1.5,18.2,0,,nan,0.0,0.0
PDVCX,PUTNAM DIVERSIFIED INCOME TRUST CLASS C SHARES,4.69,1,2,0,6,0,1,3,13,-10.0,3.0,Broken,Avoid/exit,13,-1.5,-1.3,-1.4,18.9,0,,nan,0.0,0.0
PDVMX,PUTNAM DIVERSIFIED INCOME TRUST CLASS M SHARES,4.66,1,2,0,6,0,1,3,13,-10.0,3.0,Broken,Avoid/exit,13,-1.7,-1.5,-1.5,22.6,0,,nan,0.0,0.0
PIFRX,PUTNAM INCOME FUND CLASS R SHARES,4.76,1,2,0,6,0,1,3,13,-10.0,3.0,Broken,Avoid/exit,14,-2.1,-1.9,-1.9,20.7,0,,nan,0.0,0.0
SDSYX,WESTERN ASSET GLOBAL STRATEGIC INCOME FUND CLASS I,4.81,1,2,0,6,0,1,3,13,-10.0,3.0,Broken,Avoid/exit,14,-1.4,-1.2,-1.4,17.5,0,,nan,0.0,0.0
PHYZX,PRUDENTIAL HIGH YIELD FUND CLASS Z,4.64,1,2,0,6,0,1,3,13,-10.0,3.0,Broken,Avoid/exit,14,-1.5,-1.5,-1.4,17.8,0,,nan,0.0,0.0
PUICX,PUTNAM INCOME FUND CLASS C SHARES,4.77,1,2,0,6,0,1,3,13,-10.0,3.0,Broken,Avoid/exit,12,-2.1,-1.9,-1.9,19.7,0,,nan,0.0,0.0
JDYRX,PRUDENTIAL HIGH YIELD FUND CLASS R,4.62,1,2,0,6,0,1,3,13,-10.0,3.0,Broken,Avoid/exit,14,-1.7,-1.5,-1.6,15.7,0,,nan,0.0,0.0
PDVRX,PUTNAM DIVERSIFIED INCOME TRUST CLASS R SHARES,4.72,1,2,0,6,0,1,3,13,-10.0,3.0,Broken,Avoid/exit,13,-1.7,-1.5,-1.6,17.8,0,,nan,0.0,0.0
PBHAX,PRUDENTIAL HIGH YIELD FUND CLASS A,4.63,1,2,0,6,0,1,3,13,-10.0,3.0,Broken,Avoid/exit,14,-1.5,-1.5,-1.4,16.3,0,,nan,0.0,0.0
PDVGX,Putnam Diversified Income Class R6,4.74,1,2,0,6,0,1,3,13,-10.0,3.0,Broken,Avoid/exit,13,-1.7,-1.5,-1.4,24.0,0,,nan,0.0,0.0
TRIIX,CATALYST/SMH TOTAL RETURN INCOME FUND CATALYST/SMH TOTAL RETURN INCOME FUND CLASS I,4.7,0,2,2,6,0,1,2,13,-10.0,3.0,Broken,Avoid/exit,21,-2.3,-3.1,-2.7,25.3,0,,nan,0.0,0.0
PHYEX,PGIM HIGH YIELD FUND CLASS R2,4.63,1,2,0,6,0,1,3,13,-10.0,3.0,Broken,Avoid/exit,14,-1.5,-1.5,-1.5,17.5,0,,nan,nan,0.0
SVIVW,Spring Valley Acquisition Corp. IV Warrants,0.61,0,2,1,5,0,2,2,12,-10.0,2.0,Broken,Avoid/exit,0,-18.7,-18.7,-19.7,41.8,0,,nan,nan,0.0
MBGPF,Moberg Pharma AB (publ),1.08,1,1,2,5,3,2,3,17,-15.0,2.0,Broken,Avoid/exit,0,-2.7,-2.7,-1.8,12.8,1,,Healthcare,51700692.0,0.0
ANZLY,Air New Zealand Ltd ADR,1.154,12,6,3,1,3,2,4,31,-29.0,2.0,Broken,Avoid/exit,29,4.0,14.3,3.8,63.5,4,,Industrials,750186368.0,349.11
CNIKF,Canada Nickel Company Inc,0.921,0,5,4,0,0,4,2,15,-13.0,2.0,Broken,Avoid/exit,19,-7.3,-9.7,-7.4,32.8,1,,Basic Materials,276997920.0,85053.87
FOFA,Family Office of America Inc.,0.86,3,1,7,0,3,1,2,17,-15.0,2.0,Broken,Avoid/exit,19,-4.4,-4.4,-4.0,28.8,1,,Healthcare,36422408.0,714.5
CBUS,Cibus Global LLC,1.47,0,3,9,3,0,0,2,17,-15.0,2.0,Broken,Avoid/exit,20,-5.8,-1.3,-6.7,38.7,1,,Healthcare,113363976.0,422369.85
STIM,Neuronetics Inc,2.555,4,2,9,3,3,2,2,25,-23.0,2.0,Broken,Avoid/exit,48,-10.4,-12.0,-9.6,39.7,1,,Healthcare,101598248.0,1935432.66
SOWG,Sow Good Inc. Common Stock,2.2,3,5,1,6,2,0,2,19,-17.0,2.0,Broken,Avoid/exit,47,-23.1,-32.3,-21.3,36.6,1,,Consumer Defensive,29375370.0,137043.11
PLBY,Plby Group Inc,1.03,0,7,4,0,2,2,2,17,-15.0,2.0,Broken,Avoid/exit,20,-5.5,-10.4,-7.2,32.3,1,,Consumer Cyclical,153076528.0,838380.97
FLNA,"Filana Therapeutics, Inc.",0.853,6,15,2,3,3,3,2,34,-30.0,2.0,Broken,Avoid/exit,27,15.3,18.5,4.1,51.1,3,,Healthcare,65698740.0,1300586.63
VGAS,Verde Clean Fuels Inc.,1.14,2,4,3,0,4,0,2,15,-13.0,2.0,Broken,Avoid/exit,25,-14.9,-15.2,-9.1,41.7,1,,Utilities,67269928.0,22195.57
ZIZTF,Zip Co Limited,1.46,0,5,2,3,3,0,2,15,-9.0,2.0,Broken,Avoid/exit,18,-15.1,-14.6,-13.9,22.2,0,,Financial Services,2164897024.0,2003.38
WIMI,WiMi Hologram Cloud Inc,0.733,0,7,1,0,0,4,2,14,-12.0,2.0,Broken,Avoid/exit,10,-25.1,-30.9,-27.4,16.9,0,,Communication Services,30703040.0,282400.13
NIOBW,NioCorp Developments Ltd. Warrant,0.72,2,6,0,0,2,0,2,12,-8.0,2.0,Broken,Avoid/exit,13,-6.5,-33.3,-26.7,33.1,1,,Basic Materials,nan,56834.84
TRUG,Trugolf Inc,0.266,4,2,2,3,2,2,2,17,-15.0,2.0,Broken,Avoid/exit,13,-38.5,-58.5,-44.1,35.6,1,,Consumer Cyclical,1737336.0,77974.75
RMCF,Rocky Mountain Chocolate Factory,0.852,2,7,4,0,2,0,2,17,-15.0,2.0,Broken,Avoid/exit,15,0.3,-5.3,-6.9,39.5,1,,Consumer Defensive,16165981.0,136054.69
OCG,Oriental Culture Holding Ltd,1.48,2,6,9,0,2,0,2,21,-19.0,2.0,Broken,Avoid/exit,30,-6.9,-6.3,-5.1,41.9,1,,Consumer Cyclical,3527728.0,489704.41
GLTK,GlobalTech Corporation,4.51,13,4,3,5,3,3,5,36,-30,2,Broken,Avoid/exit,48,-6.0,-4.0,2.0,57.4,1,,Communication Services,241713744.0,930.69
ALLO,Allogene Therapeutics Inc,1.63,1,5,5,0,2,2,2,17,-15.0,2.0,Broken,Avoid/exit,19,-3.6,-8.4,-7.8,32.8,1,,Healthcare,704115264.0,5714159.31
ACTU,"Actuate Therapeutics, Inc. Common stock",0.736,1,9,1,0,4,0,2,17,-13.0,2.0,Broken,Avoid/exit,24,-18.8,-28.5,-25.2,34.2,2,,Healthcare,43545052.0,93281.33
RPID,Rapid Micro Biosystems Inc,1.095,3,9,3,0,0,2,2,19,-17.0,2.0,Broken,Avoid/exit,13,-3.1,-6.4,-11.4,22.8,1,,Healthcare,99145400.0,170660.57
WIT,Wipro Limited ADR,1.62,0,4,4,0,0,2,2,12,-10.0,2.0,Broken,Avoid/exit,8,-3.0,-9.0,-5.7,32.6,0,,Technology,21610151936.0,9948261.57
JBFCF,Jollibee Foods Corporation,2.22,0,5,2,1,0,2,2,12,-10.0,2.0,Broken,Avoid/exit,19,-1.3,-7.5,-5.8,38.1,1,,Consumer Cyclical,2555197440.0,4858.09
GRGTF,Grainger plc,2.2,1,1,2,3,3,0,2,12,-10.0,2.0,Broken,Avoid/exit,28,-11.6,-11.6,-7.3,7.3,0,,Real Estate,1545059840.0,518.0
RAIN,"Rain Enhancement Technologies Holdco, Inc. Class A Common Stock",0.908,14,5,4,4,0,3,2,32,-30,2,Broken,Avoid/exit,20,37.4,26.0,3.0,49.5,3,,Industrials,18056378.0,40701.12
MXCHY,Orbia Advance Corp,2.13,1,7,2,0,3,2,2,17,-15.0,2.0,Broken,Avoid/exit,28,-4.5,-7.4,-6.1,26.5,1,,Industrials,2518820352.0,8239.6
RUBLF,Rubellite Energy Inc,2.93,4,1,5,3,5,2,2,22,-20.0,2.0,Broken,Avoid/exit,51,-2.3,-9.2,-4.8,38.5,0,,Energy,229746304.0,13800.49
RELV,Reliv International Inc,1.65,1,7,2,0,3,2,2,17,-15.0,2.0,Broken,Avoid/exit,16,0.0,1.9,-3.4,36.8,1,,Consumer Defensive,2565054.0,71.69
ADTGUX,ADTGUX,2.269,1,2,0,6,0,1,2,12,-10.0,2.0,Broken,Avoid/exit,15,-1.6,-2.0,-1.9,23.7,0,,nan,nan,0.0
FTBAYX,FTBAYX,2.161,0,3,0,6,0,1,2,12,-10.0,2.0,Broken,Avoid/exit,14,-2.3,-2.2,-2.3,20.6,0,,nan,nan,0.0
XDHFX,Dreyfus High Yield Strategies Fund,2.58,1,2,0,6,0,1,2,12,-10.0,2.0,Broken,Avoid/exit,14,-2.3,-1.9,-2.0,20.8,0,,Other,0.0,0.0
RBBN,Ribbon Communications Inc,1.73,0,5,2,5,0,2,2,16,-14.0,2.0,Broken,Avoid/exit,13,-5.5,-13.5,-7.0,36.6,0,,Technology,540746944.0,814816.88
MGF,MFS Government Markets Income Closed Fund,2.69,0,3,1,5,0,1,2,12,-10.0,2.0,Broken,Avoid/exit,8,-2.5,-2.5,-2.8,28.5,0,,Financial Services,101681392.0,78978.78
WBX,Wallbox NV,2.73,0,2,2,7,0,2,2,15,-13.0,2.0,Broken,Avoid/exit,22,-10.6,-12.5,-9.5,37.8,1,,Technology,53515744.0,23635.06
LTNCX,Oppenheimer Rochester LtdTerm NY MunisC,2.64,1,2,0,6,0,1,2,12,-10.0,2.0,Broken,Avoid/exit,11,-2.2,-2.2,-2.2,7.6,0,,nan,0.0,0.0
LTBYX,Opnhmr Rchstr Ltd Tm Nw Yk Mncpl Fd Y,2.65,1,2,0,6,0,1,2,12,-10.0,2.0,Broken,Avoid/exit,11,-2.2,-2.6,-2.2,5.2,0,,nan,0.0,0.0
LTNYX,Opnhmr Rchstr Ltd Tm Nw Yk Mncpl Fd A,2.66,1,2,0,6,0,1,2,12,-10.0,2.0,Broken,Avoid/exit,13,-1.8,-2.2,-1.9,3.7,0,,nan,0.0,0.0
IORMX,AIM TaxExempt Funds Invesco TaxExempt Funds Invesco Oppenheimer Rochester Ltd Term NY Mun Fd Cl R6,2.66,1,2,0,6,0,1,2,12,-10.0,2.0,Broken,Avoid/exit,12,-1.8,-2.2,-2.0,8.4,0,,nan,nan,0.0
UROY,Uranium Royalty Corp,4.0,7,3,2,3,3,0,2,20,-18.0,2.0,Broken,Avoid/exit,49,-5.7,-5.7,-6.8,43.1,0,,Energy,523335264.0,3119848.01
CATX,Perspective Therapeutics Inc.,2.5,0,4,2,5,4,0,2,17,-15.0,2.0,Broken,Avoid/exit,18,-15.8,-14.4,-11.5,33.8,1,,Healthcare,406004480.0,2011609.04
OCCI,OFS Credit Company Inc,2.23,0,3,3,0,0,4,2,12,-10.0,2.0,Broken,Avoid/exit,17,-5.5,-12.9,-7.7,27.8,1,,Financial Services,94681680.0,320869.39
PLUT,Plutus Financial Group Limited Ordinary Shares,2.11,0,4,2,6,3,0,2,17,-15.0,2.0,Broken,Avoid/exit,17,-12.4,-21.6,-13.6,16.4,1,,Financial Services,47585000.0,14063.39
MDBH,"MDB Capital Holdings, LLC Class A common",2.57,1,12,3,0,3,0,2,21,-19.0,2.0,Broken,Avoid/exit,16,-3.7,0.0,-4.6,41.1,1,,Financial Services,34216792.0,10955.97
HTCR,HeartCore Enterprises Inc,2.12,7,8,5,2,4,2,2,30,-28,2,Broken,Avoid/exit,43,5.3,11.0,-1.0,45.9,4,,Technology,4353526.0,60482.07
OLCYX,Oppenheimer Roc Limited Term Ca Muni Cla,2.98,1,2,0,6,0,1,2,12,-10.0,2.0,Broken,Avoid/exit,11,-2.0,-2.3,-2.1,8.5,0,,nan,0.0,0.0
OLCCX,Oppenheimer Roc Limited Term Ca Muni Fd,2.96,1,2,0,6,0,1,2,12,-10.0,2.0,Broken,Avoid/exit,11,-2.0,-2.3,-2.1,7.7,0,,nan,0.0,0.0
OLCAX,Oppenheimer Rochester Ltd Term CA MuniA,2.97,1,2,0,6,0,1,2,12,-10.0,2.0,Broken,Avoid/exit,11,-2.3,-2.6,-2.3,8.5,0,,nan,0.0,0.0
IORLX,AIM TaxExempt Funds Invesco TaxExempt Funds Invesco Oppenheimer Rochester Ltd Term Calif Mun Fd Cl R6,2.97,1,2,0,6,0,1,2,12,-10.0,2.0,Broken,Avoid/exit,11,-2.0,-2.3,-2.1,7.6,0,,nan,nan,0.0
AMSS,AMASS Brands Inc. Common Stock,0.557,2,5,7,3,0,0,2,19,-17.0,2.0,Broken,Avoid/exit,0,-24.7,-22.6,-25.1,25.3,1,,Consumer Defensive,58580052.0,0.0
SQNS,Sequans Communications SA,2.72,2,4,9,6,0,4,2,27,-25.0,2.0,Broken,Avoid/exit,21,-7.2,-2.9,-5.8,40.1,1,,Technology,52122276.0,259505.05
DNUT,Krispy Kreme Inc,2.89,1,5,3,0,2,4,2,17,-15.0,2.0,Broken,Avoid/exit,20,-4.0,-9.7,-7.3,30.7,1,,Consumer Defensive,563747968.0,4227573.93
FHTX,Foghorn Therapeutics Inc,3.52,1,7,1,0,2,4,2,17,-13.0,2.0,Broken,Avoid/exit,17,-15.2,-19.3,-20.3,22.0,2,,Healthcare,219590064.0,171339.7
IZEA,IZEA Inc,2.52,1,7,1,0,2,2,2,15,-13.0,2.0,Broken,Avoid/exit,18,-2.3,-9.4,-8.3,26.8,1,,Communication Services,66025336.0,104971.58
PNNT,PennantPark Investment Corporation,3.29,0,7,3,0,0,0,2,12,-10.0,2.0,Broken,Avoid/exit,18,-4.6,-8.6,-5.8,32.9,0,,Financial Services,263143280.0,689945.71
SSM,Sono Group N.V.,1.1,2,6,0,3,2,0,2,15,-13.0,2.0,Broken,Avoid/exit,14,-15.7,-45.3,-41.1,29.6,1,,Consumer Cyclical,5991171.0,32783.65
WIFMX,WASATCH FRONTIER EMERGING SMALL COUNTRIES FUND INSTITUTIONAL CLASS SHARES,3.58,0,2,1,6,0,1,2,12,-10.0,2.0,Broken,Avoid/exit,17,-3.2,-3.0,-3.0,33.3,0,,nan,0.0,0.0
RERE,ATRenew Inc DRC,3.85,0,4,9,0,0,5,2,20,-18.0,2.0,Broken,Avoid/exit,23,-2.3,-2.8,-3.8,37.9,0,,Consumer Cyclical,963485248.0,1464768.9
CDZI,Cadiz Inc,3.58,8,4,2,0,0,2,2,18,-15.0,2.0,Broken,Avoid/exit,23,-5.3,-0.6,-3.4,46.0,1,,Utilities,383433472.0,844052.03
ATOS,Atossa Genetics Inc,1.96,0,6,2,1,4,0,2,15,-16.0,2.0,Broken,Avoid/exit,19,-12.9,-21.0,-14.0,31.9,2,,Healthcare,41765428.0,84410.6
AHT-P-F,Ashford Hospitality Trust Inc 7.375% Series F Cumulative Preferred Stock,4.436,0,5,0,3,0,0,2,10,-8.0,2.0,Broken,Avoid/exit,20,-22.2,-29.7,-23.8,26.4,0,,Other,nan,6172.87
CNNRF,Canadian Net Real Estate Investment Trust,4.5,0,1,3,1,0,5,2,12,-10.0,2.0,Broken,Avoid/exit,31,-3.6,-7.3,-5.4,19.3,0,,Real Estate,97775176.0,2506.0
AGNT,"eXp World Holdings, Inc.",3.51,0,5,3,0,2,0,2,12,-10.0,2.0,Broken,Avoid/exit,13,-8.8,-14.6,-8.8,35.6,1,,Real Estate,773965696.0,1163516.81
ATXG,Addentax Group Corp,3.41,5,4,9,0,2,0,2,22,-23.0,2.0,Broken,Avoid/exit,34,-2.6,-10.3,-5.3,43.1,1,,Industrials,3905115.0,66771.92
HLDCX,THE HARTFORD EMERGING MARKETS LOCAL DEBT FUND CLASS C,4.85,1,2,0,6,0,1,2,12,-10.0,2.0,Broken,Avoid/exit,18,-2.6,-2.6,-2.4,25.1,0,,nan,0.0,0.0
TRICX,CATALYST/SMH TOTAL RETURN INCOME FUND CATALYST/SMH TOTAL RETURN INCOME FUND CLASS C,4.71,0,2,1,6,0,1,2,12,-10.0,2.0,Broken,Avoid/exit,21,-2.3,-3.1,-2.7,26.8,0,,nan,0.0,0.0
XMMTX,MFS Multimarket Income Trust,4.59,1,2,0,6,0,1,2,12,-10.0,2.0,Broken,Avoid/exit,13,-3.0,-2.5,-2.5,16.5,0,,Other,0.0,0.0
ADTGZX,ADTGZX,4.649,1,2,0,6,0,1,2,12,-10.0,2.0,Broken,Avoid/exit,14,-1.7,-2.0,-2.1,24.4,0,,nan,nan,0.0
STEX,Streamex Corp,0.705,8,7,6,4,2,2,2,31,-30,1,Broken,Avoid/exit,25,-2.1,11.7,-2.0,47.9,3,,Financial Services,228279040.0,1471559.15
WETO,Webus International Limited Ordinary Shares,1.67,3,6,2,3,0,0,2,16,-15.0,1.0,Broken,Avoid/exit,24,1.2,-28.3,-55.1,39.7,1,,Technology,83230000.0,624247.66
BLIN,Bridgeline Digital Inc,0.821,6,4,4,0,2,2,2,20,-19.0,1.0,Broken,Avoid/exit,18,-2.3,-6.2,-7.4,28.1,1,,Technology,13355871.0,71424.29
NREDF,NREDF,0.039,6,4,3,0,2,2,2,19,-18.0,1.0,Broken,Avoid/exit,9,-7.9,-37.5,-43.6,36.5,0,,nan,nan,0.0
MTEK,Maris Tech Ltd,0.971,2,5,6,1,0,2,2,18,-13.0,1.0,Broken,Avoid/exit,18,-5.8,-5.8,-7.1,40.6,1,,Technology,11395885.0,437305.42
ADSLF,Andean Silver Limited,1.39,1,5,2,2,0,2,2,14,-13.0,1.0,Broken,Avoid/exit,20,-4.1,-8.6,-10.3,37.7,1,,Basic Materials,318289600.0,175342.05
LXEH,Lixiang Education Holding Co Ltd,1.58,9,3,2,4,2,2,2,24,-23.0,1.0,Broken,Avoid/exit,43,11.3,-9.7,-2.9,48.2,1,,Consumer Defensive,2606667.0,168352.63
AMXOF,"América Móvil, S.A.B. de C.V.",1.114,1,8,0,1,3,0,2,15,-10.0,1.0,Broken,Avoid/exit,19,0.5,-4.0,-3.3,38.1,0,,Communication Services,81715126272.0,6227.45
HUIZ,Huize Holding Ltd,1.3,3,3,5,0,2,0,2,15,-14.0,1.0,Broken,Avoid/exit,25,-7.8,-20.2,-9.6,41.2,0,,Financial Services,14557803.0,156524.62
KLDCF,Kenorland Minerals Ltd,1.53,2,5,3,3,2,2,2,19,-18.0,1.0,Broken,Avoid/exit,28,-5.6,-4.8,-6.3,35.9,2,,Basic Materials,120063616.0,42719.53
CVPBF,CP ALL Public Company Limited,1.33,1,1,2,2,3,0,2,11,-10.0,1.0,Broken,Avoid/exit,23,-8.3,-8.3,-5.1,9.9,0,,Consumer Defensive,14551009280.0,0.0
CRGO,Freightos Limited Ordinary shares,1.015,5,5,4,0,0,0,2,16,-15.0,1.0,Broken,Avoid/exit,15,-4.2,-11.0,-10.3,34.3,1,,Industrials,84760936.0,109035.92
BTOG,Bit Origin Ltd,2.1,11,4,1,0,5,2,5,28,-23.0,1.0,Broken,Avoid/exit,36,-32.3,-43.7,-2.5,51.8,1,,Financial Services,2641120.0,232015.65
DYNDF,Dye & Durham Limited,0.328,1,4,3,0,4,0,2,14,-13.0,1.0,Broken,Avoid/exit,17,-18.0,-35.7,-27.6,17.4,1,,Technology,122943720.0,24188.23
RC,Ready Capital Corp,1.3,0,5,0,0,2,0,2,9,-8.0,1.0,Broken,Avoid/exit,10,-22.2,-20.2,-17.7,25.9,1,,Real Estate,283899520.0,2758882.82
NGEN,NervGen Pharma Corp.,1.88,1,5,2,3,3,0,2,16,-15.0,1.0,Broken,Avoid/exit,26,-5.5,-14.4,-8.4,40.7,1,,Healthcare,202847984.0,277220.52
DFLI,Dragonfly Energy Holdings Corp.,0.855,6,5,3,0,0,4,2,20,-19.0,1.0,Broken,Avoid/exit,18,-1.7,-13.6,-11.3,32.4,1,,Industrials,25374374.0,1625763.33
ALSMY,Alstom PK,1.63,1,5,2,4,3,0,2,17,-16.0,1.0,Broken,Avoid/exit,18,-1.8,-8.4,-5.3,35.3,0,,Industrials,8882227200.0,873510.63
CLNE,Clean Energy Fuels Corp,1.59,0,5,6,0,2,4,3,20,-19.0,1.0,Broken,Avoid/exit,15,-7.6,-10.7,-4.4,42.2,1,,Energy,442651520.0,1317545.24
FNUC,Frontier Nuclear and Minerals Inc.,1.41,3,7,9,3,0,0,2,24,-23.0,1.0,Broken,Avoid/exit,22,-6.6,-1.7,-6.9,41.5,1,,Basic Materials,62637636.0,924503.78
GAU,Galiano Gold Inc,1.93,0,4,6,0,3,0,2,15,-14.0,1.0,Broken,Avoid/exit,28,-8.5,-6.3,-8.3,39.1,0,,Basic Materials,582506688.0,3226320.41
IPSC,Century Therapeutics Inc,1.67,1,5,2,0,2,4,2,16,-13.0,1.0,Broken,Avoid/exit,22,-9.7,-16.5,-11.2,30.8,2,,Healthcare,396780608.0,1274923.1
TII,Titan Mining Corporation,2.67,6,3,2,3,3,0,2,19,-18.0,1.0,Broken,Avoid/exit,35,-10.7,-5.7,-8.1,42.9,0,,Basic Materials,226062640.0,358395.63
CNTB,Connect Biopharma Holdings Ltd,1.08,1,8,0,1,2,0,2,14,-13.0,1.0,Broken,Avoid/exit,7,-18.2,-37.4,-29.1,30.6,1,,Healthcare,144816864.0,214778.32
IMNN,Imunon Inc,1.38,3,8,3,0,2,2,2,20,-19.0,1.0,Broken,Avoid/exit,21,-3.5,-6.1,-5.8,40.0,1,,Healthcare,8824447.0,77313.16
NIU,Niu Technologies,1.91,3,5,6,4,0,0,2,20,-19.0,1.0,Broken,Avoid/exit,16,-7.3,-7.7,-7.0,37.3,1,,Consumer Cyclical,176089008.0,563492.58
PLSDF,Pulse Seismic Inc,2.05,0,2,6,0,0,1,2,11,-10.0,1.0,Broken,Avoid/exit,20,-2.8,-2.8,-2.8,35.2,0,,Energy,125265696.0,12000.34
LNAI,Lunai Bioworks Inc.,1.86,4,6,2,0,2,2,2,18,-17.0,1.0,Broken,Avoid/exit,38,-19.1,-14.3,-15.2,33.6,1,,Healthcare,13012264.0,1012054.32
PSNYW,Polestar Automotive Holding UK PLC Class C-1 ADS (ADW),4.02,9,3,3,3,2,2,2,24,-23.0,1.0,Broken,Avoid/exit,47,-5.4,1.0,-5.7,47.8,1,,Consumer Cyclical,27928928256.0,61489.31
NEXM,NexMetals Mining Corp. Common Shares,2.025,0,5,3,0,0,4,2,14,-13.0,1.0,Broken,Avoid/exit,19,-6.3,-10.8,-9.3,34.5,1,,Basic Materials,93041704.0,79841.06
BAOS,Baosheng Media Group Holdings Ltd,0.25,3,5,3,3,2,2,2,20,-19.0,1.0,Broken,Avoid/exit,11,-8.0,-4.8,-24.3,27.8,1,,Communication Services,3774838.0,384215.41
CLLS,Cellectis SA,1.48,1,7,0,0,4,2,2,16,-13.0,1.0,Broken,Avoid/exit,9,-2.0,-19.1,-28.2,25.2,2,,Healthcare,307871136.0,82613.75
SABS,SAB Biotherapeutics Inc,3.215,0,6,2,0,2,4,2,16,-15.0,1.0,Broken,Avoid/exit,23,-5.2,-7.1,-7.4,33.5,1,,Healthcare,259970272.0,466001.61
TUSK,Mammoth Energy Services Inc,2.91,3,3,7,0,3,0,2,18,-17.0,1.0,Broken,Avoid/exit,37,-7.3,-4.9,-4.7,41.3,1,,Industrials,159926544.0,240174.56
YHGJ,Yunhong Green CTI Ltd.,2.44,2,5,5,0,2,0,2,16,-15.0,1.0,Broken,Avoid/exit,11,-14.4,-10.9,-10.5,32.2,1,,Consumer Cyclical,9602018.0,52753.5
HIO,Western Asset High Income Opportunity Closed Fund,3.27,0,4,1,0,4,1,2,12,-11.0,1.0,Broken,Avoid/exit,8,-4.1,-4.4,-3.5,23.5,0,,Financial Services,412730600.0,421712.74
DLNG,Dynagas LNG Partners LP,3.54,2,1,3,0,5,2,2,15,-14.0,1.0,Broken,Avoid/exit,24,-3.8,-7.6,-3.9,36.3,0,,Energy,136250624.0,69939.86
NOMA,NOMADAR Corp. Class A Common Stock,1.645,7,12,3,2,3,2,2,31,-30,1,Broken,Avoid/exit,18,6.1,15.8,-5.6,39.0,3,,Consumer Cyclical,61704084.0,0.0
CLOV,Clover Health Investments Corp,4.33,3,4,4,5,0,0,4,20,-19.0,1.0,Broken,Avoid/exit,48,-4.6,-15.1,-3.6,45.0,1,,Healthcare,2101470464.0,6828926.4
NWHUF,Northwest Healthcare Properties REIT,3.69,0,4,5,5,0,3,2,19,-18.0,1.0,Broken,Avoid/exit,24,-2.6,-2.9,-2.5,39.4,1,,Real Estate,957523840.0,0.0
XFOR,X4 Pharmaceuticals Inc,3.015,1,7,0,4,2,0,2,16,-13.0,1.0,Broken,Avoid/exit,17,-13.7,-16.7,-13.6,26.8,2,,Healthcare,378222016.0,675697.18
PRLD,Prelude Therapeutics Inc,3.91,3,8,1,0,2,0,2,16,-13.0,1.0,Broken,Avoid/exit,43,-16.8,-14.8,-16.5,32.6,2,,Healthcare,324952832.0,701732.34
CMND,Clearmind Medicine Inc. Common Shares,0.788,3,6,3,0,0,2,2,16,-15.0,1.0,Broken,Avoid/exit,15,-0.4,-16.6,-24.4,28.1,1,,Healthcare,2985766.0,649106.03
BRETF,Brazilian Rare Earths Limited,2.5,2,5,7,0,0,0,2,16,-15.0,1.0,Broken,Avoid/exit,13,-10.4,2.0,-8.1,38.3,1,,Basic Materials,1204661120.0,1088.03
XHGIX,Western Assets High Income Fund II,3.88,0,2,0,6,0,1,2,11,-10.0,1.0,Broken,Avoid/exit,13,-3.0,-2.5,-2.3,19.9,0,,Other,0.0,0.0
LINJX,LORD ABBETT NEW JERSEY TAX-FREE INCOME FUND CLASS I,4.38,0,2,0,6,0,1,2,11,-10.0,1.0,Broken,Avoid/exit,12,-3.3,-3.7,-3.4,5.5,0,,nan,0.0,0.0
LNJFX,LORD ABBETT NEW JERSEY TAX-FREE INCOME FUND CLASS F,4.38,0,2,0,6,0,1,2,11,-10.0,1.0,Broken,Avoid/exit,12,-3.3,-3.7,-3.4,7.4,0,,nan,0.0,0.0
ADBG,Leverage Shares 2X Long ADBE Daily ETF,3.46,1,6,2,0,0,0,2,11,-8.0,1.0,Broken,Avoid/exit,26,-14.9,-25.3,-16.9,33.9,1,,nan,nan,1850331.11
USAS,Americas Silver Corp,4.5,0,5,6,0,3,0,2,16,-15.0,1.0,Broken,Avoid/exit,27,-10.4,-6.4,-9.4,41.1,1,,Basic Materials,1608513152.0,4931745.6
LANJX,LORD ABBETT NEW JERSEY TAX-FREE INCOME FUND CLASS A,4.38,0,2,0,6,0,1,2,11,-10.0,1.0,Broken,Avoid/exit,12,-3.1,-3.7,-3.3,7.1,0,,nan,0.0,0.0
LONJX,Lord Abbett New Jersey Tax Free Cl F3,4.38,0,2,0,6,0,1,2,11,-10.0,1.0,Broken,Avoid/exit,12,-3.3,-3.7,-3.4,6.0,0,,nan,0.0,0.0
