code,name,price,trend,momentum,volatility,volume,sr,pattern,sentiment,raw,adj,final,zone,action,weekly_raw,g5,g10,ext,rsi,dist_flags,mct,sector,mcap,avgvol
CRON,Cronos Group Inc,3.07,17,11,7,17,6,7,5,70,0.0,75.0,Strong,Enter w/ confidence,70,6.2,12.0,8.7,67.8,2,,Healthcare,1046253696.0,1988482.88
MMLP,Martin Midstream Partners LP,2.55,13,14,6,17,4,7,5,66,4.0,75.0,Strong,Enter w/ confidence,45,7.1,4.5,5.8,57.8,1,,Energy,103676512.0,22117.2
LGGNF,Legal & General Group Plc,4.21,18,11,12,10,6,12,5,74,0.0,75.0,Strong,Enter w/ confidence,58,10.2,12.6,8.6,64.6,2,,Financial Services,19537070080.0,17635.63
PETZ,TDH Holdings Inc,1.53,20,12,6,18,6,7,5,74,-4.5,74.5,Strong,Enter w/ confidence,63,29.7,12.9,25.0,67.0,2,,Consumer Cyclical,12181456.0,164739.57
DNGDF,Dynacor Gold Mines Inc.,4.64,16,11,14,15,8,6,5,75,0.0,73.0,Strong,Enter w/ confidence,58,4.5,3.3,4.4,61.2,1,,Basic Materials,202612560.0,5134.35
TXMD,TherapeuticsMD Inc,2.09,14,14,11,11,9,4,4,67,4.0,72.0,Strong,Enter w/ confidence,61,3.0,1.5,2.0,55.4,1,,Healthcare,23148724.0,105907.79
NEPH,Nephros Inc,3.59,13,13,7,17,7,3,4,64,2.0,72.0,Strong,🔥 COILED: Enter w/ confidence,47,2.6,-4.8,1.6,52.5,0,,Healthcare,38975000.0,52035.42
GROW,US Global Investors Inc,3.1,19,14,11,14,6,5,4,73,0.0,71.0,Strong,Enter w/ confidence,63,7.3,6.9,4.3,62.1,1,,Financial Services,33615372.0,43273.67
CLAR,Clarus Corp,3.37,14,14,10,8,5,11,4,66,2.0,71.0,Strong,Enter w/ confidence,62,5.0,3.4,2.4,59.2,1,,Consumer Cyclical,110327064.0,176941.95
BVENY,BVENY,3.97,17,5,11,13,4,8,5,63,0.0,71.0,Strong,🔥 COILED: Enter w/ confidence,0,0.0,2.3,1.5,49.1,0,,Energy,1851204224.0,0.0
III,Information Services Group Inc,5.0,16,11,6,17,6,8,5,69,-1.0,71.0,Strong,Enter w/ confidence,61,21.4,30.2,18.7,73.0,2,,Technology,207622448.0,267678.85
NJDCY,Nidec Corporation,4.31,15,16,10,15,4,7,5,72,-1.0,71.0,Strong,Enter w/ confidence,58,7.7,13.7,7.4,59.1,2,,Industrials,17872109568.0,178652.69
PLX,Protalix Biotherapeutics Inc,2.44,15,10,11,11,7,11,4,69,1.0,70.0,Strong,Enter w/ confidence,72,7.5,3.0,3.8,60.4,1,,Healthcare,161948992.0,914259.83
SCTQ,Spectra Systems Corporation,2.24,20,10,5,17,6,3,4,65,0.0,70.0,Strong,Enter w/ confidence,61,5.2,5.2,5.2,65.8,0,,Technology,106003120.0,26.17
CPAMF,CapitaLand Integrated Commercial Trust,1.96,17,11,12,10,6,7,4,67,2.0,69.0,Moderate,Enter w/ caution,55,1.8,6.8,4.1,57.0,0,,Real Estate,14498737152.0,0.0
KFFB,Kentucky First Federal Bancorp,5.62,18,10,6,14,7,9,5,69,0.0,69.0,Moderate,Enter w/ caution,69,2.2,8.5,6.0,70.4,1,,Financial Services,35662416.0,7808.57
KCDMF,Kimberly-Clark de México S. A. B. de C. V,2.32,16,12,13,13,4,4,5,67,1.0,68.0,Moderate,Enter w/ caution,51,3.1,3.6,3.2,63.1,0,,Consumer Defensive,6721901056.0,0.0
OPAL,OPAL Fuels Inc,2.39,14,12,5,16,7,7,5,66,2.0,68.0,Moderate,Enter w/ caution,59,7.7,6.2,4.6,56.5,0,,Utilities,387959616.0,248420.49
QNRX,Quoin Pharmaceuticals Ltd DRC,4.57,13,14,10,15,4,7,2,65,-3.0,68.0,Moderate,🔥 COILED: Enter w/ caution,34,3.9,4.6,4.0,54.8,2,,Healthcare,9037881.0,247795.72
TORM,TOR Minerals International Inc,2.42,18,11,13,16,6,9,5,78,-10.0,66.0,Moderate,Enter w/ caution,66,12.6,7.6,9.6,67.6,1,,Basic Materials,7614662.0,2704.35
ICPVF,Incitec Pivot Limited,2.7,17,11,6,16,6,7,5,68,-2.0,66.0,Moderate,Enter w/ caution,0,0.4,8.4,3.6,63.4,1,,Basic Materials,3879871488.0,0.0
GDRX,Goodrx Holdings Inc,3.72,18,11,7,18,6,12,5,77,-14.0,66.0,Moderate,Enter w/ caution,68,17.4,29.6,18.2,73.2,2,,Healthcare,965224768.0,2873906.5
TNABF,Tenaga Nasional Berhad,3.87,17,11,5,17,4,9,5,68,0.0,66.0,Moderate,Enter w/ caution,68,13.5,14.0,10.3,60.5,2,,Utilities,21235128320.0,8757.82
IPMLF,Imperial Metals Corporation,5.73,14,8,14,14,7,9,5,71,-5.0,66.0,Moderate,Enter w/ caution,57,10.0,12.4,9.8,65.0,2,,Basic Materials,896201024.0,28784.84
JDSPY,JD Sports Fashion PLC,1.22,14,14,6,15,7,4,5,65,-1.0,64.0,Moderate,Enter w/ caution,70,0.8,9.4,3.8,58.7,1,,Consumer Cyclical,5406529536.0,20029.75
PTGCF,PTT Global Chemical Public Company Limited,1.21,13,7,10,10,6,7,3,56,0.0,64.0,Moderate,🔥 COILED: Enter w/ caution,45,0.0,0.0,0.1,54.1,1,,Basic Materials,5733335552.0,31.9
EVRYF,Evolve Royalties Ltd,2.112,13,12,12,7,6,7,5,62,-3.0,64.0,Moderate,🔥 COILED: Enter w/ caution,0,0.1,2.0,1.9,53.6,2,,Basic Materials,102774480.0,0.0
CRWS,Crown Crafts Inc,3.0,10,12,10,14,7,6,3,62,-1.0,64.0,Moderate,Enter w/ caution,64,1.7,1.0,1.2,57.4,1,,Consumer Cyclical,28777048.0,42323.21
BUR,Burford Capital Ltd,4.3,8,8,10,14,5,7,3,55,4.0,64.0,Moderate,🔥 COILED: Enter w/ caution,27,2.1,3.6,1.9,53.1,2,,Financial Services,974858368.0,2628322.54
XPHKX,PIMCO High Income Fund,4.51,15,9,7,8,8,7,3,57,2.0,64.0,Moderate,🔥 COILED: Enter w/ caution,37,0.7,1.3,0.4,58.1,0,,Other,0.0,0.0
MTPOF,Metropolitan Bank & Trust Company,1.19,13,8,4,16,7,3,5,56,4.0,63.0,Moderate,Enter w/ caution,48,0.0,12.9,4.2,52.6,2,,Financial Services,5127053824.0,4930.97
TLF,Tandy Leather Factory Inc,2.44,13,13,11,17,9,4,3,70,-13.0,63.0,Moderate,Enter w/ caution,52,1.7,3.0,2.0,58.6,1,,Consumer Cyclical,19463130.0,31839.18
DLNG,Dynagas LNG Partners LP,3.9,12,14,4,8,6,11,5,60,3.0,63.0,Moderate,Enter w/ caution,44,6.0,1.3,6.8,60.3,0,,Energy,136250624.0,69939.86
CXE,MFS High Income Municipal Closed Fund,4.1,18,11,4,15,6,7,5,66,-3.0,63.0,Moderate,Enter w/ caution,70,12.3,13.3,10.3,78.4,2,,Financial Services,115857208.0,89379.64
HLDIX,THE HARTFORD EMERGING MARKETS LOCAL DEBT FUND CLASS I,4.94,15,7,11,9,8,6,3,59,1.0,63.0,Moderate,Enter w/ caution,50,0.8,1.6,0.7,61.2,0,,nan,0.0,0.0
RDI,Reading International Inc,1.55,17,9,6,17,6,9,5,69,-7.0,62.0,Moderate,Enter w/ caution,66,6.9,8.4,9.5,67.5,2,,Communication Services,40920488.0,79205.41
SROYF,Sailfish Royalty Corp,3.87,16,11,8,14,6,7,5,67,-3.0,62.0,Moderate,Enter w/ caution,69,10.2,12.5,11.1,75.9,2,,Basic Materials,239972176.0,31406.18
ZDGE,Zedge Inc,3.1,14,15,10,7,6,3,4,59,-1.0,62.0,Moderate,Enter w/ caution,54,4.4,3.7,3.0,55.5,2,,Communication Services,41342812.0,339728.29
SCRYY,SCOR PK,4.12,18,11,6,9,6,9,5,64,-2.0,62.0,Moderate,Enter w/ caution,70,3.5,5.4,5.6,66.5,0,,Financial Services,6306449920.0,13647.56
HAYPY,Hays PLC ADR,4.5,13,7,10,11,6,2,3,52,2.0,62.0,Moderate,🔥 COILED: Enter w/ caution,28,0.0,0.0,0.2,54.8,1,,Industrials,622016704.0,0.0
TRVG,Trivago NV,5.49,13,13,4,13,6,4,4,57,4.0,62.0,Moderate,Enter w/ caution,65,2.6,4.8,3.2,58.2,1,,Communication Services,303307584.0,51995.12
CCC,CCC Intelligent Solutions Holdings Inc.,6.5,16,11,11,14,7,7,5,71,-7.0,62.0,Moderate,Enter w/ caution,48,7.3,13.2,8.0,68.6,2,,Technology,2928833280.0,9649676.15
TAIT,Taitron Components Incorporated,1.85,19,8,4,14,3,6,5,59,2.0,61.0,Moderate,Enter w/ caution,57,10.1,9.2,7.1,59.2,2,,Technology,9393040.0,171931.82
CMCLF,China Molybdenum Co. Ltd,2.24,11,11,4,13,7,3,5,54,2.0,61.0,Moderate,🔥 COILED: Enter w/ caution,46,4.7,4.2,4.9,54.4,0,,Basic Materials,58512740352.0,18947.43
SWRD,Stewards Inc.,4.47,14,5,5,15,5,11,5,60,1.0,61.0,Moderate,Enter w/ caution,61,9.0,5.2,14.0,66.7,0,,Financial Services,608466240.0,1742.91
TKECF,Tokyo Electric Power Co. Inc.,3.48,12,14,6,18,4,2,5,61,-5.0,61.0,Moderate,Enter w/ caution,45,2.4,8.1,9.1,60.7,2,,Utilities,5769727488.0,591.0
WGXRF,Westgold Resources Limited,3.9,16,13,10,15,4,5,5,68,-5.0,61.0,Moderate,Enter w/ caution,49,15.7,20.7,14.3,68.7,2,,Basic Materials,3458655232.0,99150.34
JRVR,James River Group Holdings Ltd,4.79,13,12,8,15,6,11,5,70,-7.0,61.0,Moderate,Enter w/ caution,41,7.2,6.0,4.5,60.7,0,,Financial Services,184253872.0,293136.81
RMNI,Rimini Street Inc,4.95,17,14,7,13,6,6,4,67,-7.0,61.0,Moderate,Enter w/ caution,65,0.8,15.1,5.2,61.9,2,,Technology,388289216.0,338637.81
BSEM,Biostem Technologies Inc,4.02,10,14,5,16,4,2,5,56,4.0,61.0,Moderate,Enter w/ caution,44,25.2,4.9,12.7,58.6,0,,Healthcare,63690208.0,81052.75
CFWFF,Calfrac Well Services Ltd,4.51,13,13,10,9,8,4,4,61,-1.0,61.0,Moderate,Enter w/ caution,48,5.1,-0.9,2.0,54.8,0,,Energy,486282560.0,10627.97
CING,Cingulate Inc,5.05,14,10,11,14,9,5,3,66,-3.0,61.0,Moderate,Enter w/ caution,40,6.1,4.3,5.1,57.8,2,,Healthcare,61257172.0,366239.45
API,Agora Inc,4.15,12,14,9,12,7,3,2,59,4.0,61.0,Moderate,Enter w/ caution,54,4.3,6.7,2.6,55.8,0,,Technology,406684448.0,437501.02
EVF,Eaton Vance Senior Income Closed Fund,4.98,11,8,7,13,7,7,3,56,2.0,61.0,Moderate,Enter w/ caution,46,0.4,0.2,0.1,52.7,0,,Financial Services,90124632.0,92496.1
PRELX,T. ROWE PRICE EMERGING MARKETS LOCAL CURRENCY BOND FUND T. ROWE PRICE EMERGING MARKETS LOCAL CURRENCY BOND FUND,5.05,14,5,11,9,8,7,3,57,1.0,61.0,Moderate,Enter w/ caution,46,0.6,1.8,0.7,61.1,0,,nan,0.0,0.0
HLDFX,THE HARTFORD EMERGING MARKETS LOCAL DEBT FUND CLASS F,4.94,15,5,11,9,8,6,3,57,1.0,61.0,Moderate,Enter w/ caution,50,0.8,1.6,0.7,61.2,0,,nan,0.0,0.0
TEIMX,T. ROWE PRICE EMERGING MARKETS LOCAL CURRENCY BOND FUND T. ROWE PRICE EMERGING MARKETS LOCAL CURRENCY BOND FUND-I CLASS,5.05,14,5,11,9,8,7,3,57,1.0,61.0,Moderate,Enter w/ caution,45,0.6,1.8,0.6,60.7,0,,nan,0.0,0.0
MNOV,MediciNova Inc,1.36,13,16,7,7,8,5,2,58,-3.0,60.0,Moderate,🔥 COILED: Enter w/ caution,32,1.5,3.8,1.6,53.3,2,,Healthcare,64972048.0,346563.01
BULLW,Webull Corporation Warrants,2.43,15,5,8,14,7,3,5,57,0.0,60.0,Moderate,Enter w/ caution,61,5.2,-2.8,3.1,53.5,0,,nan,nan,17366.61
DSY,Big Tree Cloud Holdings Limited Ordinary Shares,3.45,15,11,4,12,4,7,2,55,-5.0,60.0,Moderate,🔥 COILED: Enter w/ caution,33,7.5,0.0,0.7,50.8,1,,Consumer Defensive,9028559.0,33642.56
GTM,ZoomInfo Technologies Inc.,4.14,13,9,8,17,4,4,5,60,-1.0,60.0,Moderate,Enter w/ caution,31,24.7,43.8,24.2,74.1,2,,Technology,919520256.0,7744625.18
HSCCX,EAGLE SMALL CAP GROWTH FUND CLASS C,3.23,17,5,5,9,5,7,2,50,2.0,60.0,Moderate,🔥 COILED: Enter w/ caution,49,3.9,2.2,1.6,54.8,0,,nan,0.0,0.0
QUBHF,Qube Holdings Limited,3.485,13,7,11,8,6,4,3,52,0.0,60.0,Moderate,🔥 COILED: Enter w/ caution,53,0.0,0.0,0.0,54.1,0,,Industrials,6910147072.0,1163.84
ACCO,Acco Brands Corporation,4.41,17,14,4,9,7,5,5,61,1.0,60.0,Moderate,Enter w/ caution,69,4.3,12.5,5.2,62.9,2,,Industrials,365340864.0,825834.7
XGGTX,Gabelli MultiMedia Trust Inc,3.79,14,12,5,9,4,8,3,55,2.0,60.0,Moderate,Enter w/ caution,46,2.7,7.1,2.3,58.1,0,,Other,0.0,0.0
ENIC,Enel Chile SA ADR,4.57,16,14,7,8,6,6,4,61,-1.0,60.0,Moderate,Enter w/ caution,66,0.4,4.1,2.8,59.1,0,,Utilities,5768491008.0,573514.83
RCEL,Avita Medical Ltd,4.75,14,13,5,9,8,5,5,59,-3.0,60.0,Moderate,Enter w/ caution,58,5.8,3.0,3.4,54.4,2,,Healthcare,134186360.0,339132.76
PXS,Pyxis Tankers Inc,4.89,15,7,7,16,6,7,5,63,-4.0,60.0,Moderate,Enter w/ caution,66,3.2,7.9,6.5,72.2,0,,Energy,47305076.0,39790.49
JAEMX,John Hancock Variable Insurance Trust - High Yield Trust,4.79,18,8,7,9,6,5,3,56,1.0,60.0,Moderate,Enter w/ caution,56,0.6,0.8,0.4,66.2,0,,nan,nan,0.0
GGN,GAMCO Global,5.13,14,13,10,15,5,3,4,64,-2.0,60.0,Moderate,Enter w/ caution,38,4.1,4.9,4.0,65.8,0,,Financial Services,625882800.0,607445.39
JAELX,John Hancock Variable Insurance Trust - High Yield Trust,4.9,18,8,7,9,6,5,3,56,1.0,60.0,Moderate,Enter w/ caution,56,0.6,0.8,0.4,66.3,0,,nan,nan,0.0
MLXEF,Metals X Limited,1.19,14,11,5,16,5,4,5,60,-1.0,59.0,Moderate,Enter w/ caution,68,8.9,12.3,11.6,65.0,2,,Basic Materials,1054841792.0,78078.42
CIF,MFS Intermediate High Income Closed Fund,1.77,16,9,5,10,6,11,5,62,-3.0,59.0,Moderate,Enter w/ caution,57,9.3,9.9,8.7,76.8,1,,Financial Services,45563000.0,55151.02
GPFOF,Grupo Financiero Inbursa S.A.B. de C.V,2.47,19,4,12,10,6,3,4,58,1.0,59.0,Moderate,Enter w/ caution,40,5.1,5.1,3.0,62.1,0,,Financial Services,14867475456.0,0.0
MITFF,Mitie Group plc,2.73,17,6,7,15,6,2,5,58,1.0,59.0,Moderate,Enter w/ caution,66,-0.2,-1.8,6.4,67.2,1,,Industrials,2872730112.0,0.0
AUUAF,AUUAF,2.625,11,12,9,13,8,8,5,66,-5.0,59.0,Moderate,Enter w/ caution,63,4.6,2.1,2.8,56.5,2,,Consumer Cyclical,73150216.0,5909.0
DNLZY,Dyno Nobel Limited,2.734,14,12,3,12,6,2,3,52,4.0,59.0,Moderate,Enter w/ caution,53,5.2,4.8,4.1,54.9,0,,Basic Materials,4599666688.0,5435.01
GTMAY,Grupo TMM SAB,2.75,15,7,11,10,6,6,3,58,-2.0,59.0,Moderate,Enter w/ caution,49,0.0,0.0,0.5,64.4,0,,Industrials,87276560.0,921.13
PYYX,Pyxus International Inc,3.46,13,7,9,14,7,2,2,54,0.0,59.0,Moderate,🔥 COILED: Enter w/ caution,67,3.3,-1.1,0.5,53.2,0,,Consumer Defensive,67917504.0,4845.05
ELKEF,Elkem ASA,3.4,12,9,9,10,4,4,3,51,0.0,59.0,Moderate,🔥 COILED: Enter w/ caution,45,0.0,0.0,0.2,53.6,0,,Basic Materials,1198290688.0,74.36
TRTPF,TRTPF,3.6,13,8,9,10,6,2,4,52,2.0,59.0,Moderate,🔥 COILED: Enter w/ caution,52,0.0,0.0,0.9,57.8,0,,Technology,1353537152.0,5640.56
ASRV,AmeriServ Financial Inc,4.79,19,8,5,17,6,5,5,65,-6.0,59.0,Moderate,Enter w/ caution,69,4.8,15.4,11.2,72.3,2,,Financial Services,64124932.0,17162.33
VNCE,Vince Holding Corp. Common Stock,6.86,19,16,6,11,9,2,5,68,-9.0,59.0,Moderate,Enter w/ caution,67,9.2,13.0,6.8,60.5,2,,Consumer Cyclical,57684348.0,703016.92
HRZN,Horizon Technology Finance,4.58,11,15,6,8,6,6,2,54,2.0,59.0,Moderate,Enter w/ caution,39,4.1,3.9,2.3,54.8,1,,Financial Services,317414176.0,863306.73
BONL,Bonal International Inc,1.0,15,8,8,14,4,1,3,53,2.0,58.0,Moderate,Enter w/ caution,41,0.0,0.0,0.3,53.6,0,,Industrials,1747922.0,209.63
CGGGF,Coats Group plc,1.15,18,8,6,14,6,8,5,65,-3.0,58.0,Moderate,Enter w/ caution,68,7.5,11.7,7.6,75.3,2,,Consumer Cyclical,2067511040.0,0.0
JEXYF,Jiangsu Expressway Company Limited,1.4,13,7,11,11,6,2,3,53,0.0,58.0,Moderate,🔥 COILED: Enter w/ caution,0,0.0,0.0,0.2,47.0,0,,Industrials,5289634816.0,29.03
PTRUF,Petrus Resources Ltd,1.25,11,16,10,7,3,6,5,58,-1.0,58.0,Moderate,Enter w/ caution,33,2.5,4.2,2.7,55.4,0,,Energy,189193456.0,13359.56
ENGS,Energys Group Limited Ordinary Shares,2.76,16,14,5,14,6,3,2,60,-3.0,58.0,Moderate,Enter w/ caution,64,5.3,4.5,4.3,57.2,1,,Industrials,48442792.0,413958.03
CIBEY,Commercial International Bank,2.7,16,12,10,9,7,9,4,67,-9.0,58.0,Moderate,Enter w/ caution,58,2.7,3.8,2.6,60.4,0,,Financial Services,8050238464.0,13047.64
UROY,Uranium Royalty Corp,3.96,14,9,8,15,4,4,5,59,-1.0,58.0,Moderate,Enter w/ caution,54,15.8,27.7,24.8,73.6,2,,Energy,523335264.0,3119848.01
ZIP,Ziprecruiter Inc,4.68,18,13,13,17,6,12,5,84,-27,58,Moderate,Enter w/ caution,62,17.6,21.2,13.9,65.6,3,,Communication Services,270654880.0,1071787.11
NTHEX,NORTHEAST INVESTORS TRUST NORTHEAST INVESTORS TRUST,3.83,14,10,10,8,4,5,3,54,1.0,58.0,Moderate,Enter w/ caution,60,0.3,0.5,0.3,60.9,0,,nan,0.0,0.0
RWGFX,RIVERPARK/WEDGEWOOD FUND RETAIL CLASS,4.54,16,11,6,9,6,7,4,59,-4.0,58.0,Moderate,Enter w/ caution,59,4.8,6.3,3.0,66.3,0,,nan,0.0,0.0
XYF,X Financial Class A,5.21,15,10,5,12,6,4,5,57,1.0,58.0,Moderate,Enter w/ caution,52,3.8,9.0,5.1,61.3,1,,Financial Services,181029856.0,199773.02
COMVX,COMSTOCK CAPITAL VALUE FUND CLASS AAA,4.6,18,5,6,9,6,7,3,54,1.0,58.0,Moderate,Enter w/ caution,58,0.7,0.4,0.3,62.8,0,,nan,0.0,0.0
SYNX,Silynxcom Ltd.,1.07,8,14,9,11,3,3,2,50,-1.0,57.0,Moderate,Enter w/ caution,40,4.9,2.9,2.4,53.3,1,,Technology,7629606.0,502883.84
AIHS,Senmiao Technology Ltd,1.43,17,9,4,14,5,7,3,59,-5.0,57.0,Moderate,Enter w/ caution,45,0.0,0.0,2.3,52.8,1,,Industrials,5423412.0,1291628.46
ECHQF,ECHQF,1.25,14,7,10,7,6,5,3,52,0.0,57.0,Moderate,🔥 COILED: Enter w/ caution,51,0.0,0.0,1.9,55.9,0,,nan,898773312.0,6741.98
GTIM,Good Times Restaurants Inc,1.42,16,8,4,13,9,1,3,54,4.0,57.0,Moderate,Enter w/ caution,57,1.4,3.6,1.5,57.0,1,,Consumer Cyclical,13830843.0,55365.54
FCCN,Spectral Cap Corp,5.19,13,9,10,16,6,2,3,59,-2.0,57.0,Moderate,Enter w/ caution,60,2.3,-1.1,3.7,61.2,2,,Technology,187743888.0,10725.95
HLICF,HLICF,2.562,15,5,6,7,6,6,4,49,0.0,57.0,Moderate,🔥 COILED: Enter w/ caution,63,0.0,0.0,2.2,54.5,0,,nan,299755264.0,2.5
TZINX,TEMPLETON GLOBAL BALANCED FUND ADVISOR CLASS,3.25,17,6,7,9,6,4,4,53,1.0,57.0,Moderate,Enter w/ caution,68,0.6,3.8,1.6,69.9,0,,nan,0.0,0.0
BVHMY,BVHMY,4.0,19,4,7,14,4,4,5,57,0.0,57.0,Moderate,Enter w/ caution,30,18.7,18.7,10.7,75.8,2,,Consumer Cyclical,1184615936.0,474.3
CTYMF,Catalyst Metals Limited,4.2,15,7,11,9,4,8,5,59,-2.0,57.0,Moderate,Enter w/ caution,54,9.4,5.3,7.4,65.5,0,,Basic Materials,1004638272.0,4443.56
ANPMF,Andean Precious Metals Corp,4.81,17,8,10,8,5,6,5,59,-2.0,57.0,Moderate,Enter w/ caution,50,15.9,9.8,11.2,62.7,1,,Basic Materials,692820992.0,150585.24
TELFY,"Telefónica, S.A.",4.19,9,12,7,11,5,3,5,52,2.0,57.0,Moderate,Enter w/ caution,32,2.2,4.0,1.9,54.9,1,,Communication Services,25539770368.0,794203.4
CAAS,China Automotive Systems Inc,4.52,15,14,4,10,4,6,4,57,-1.0,57.0,Moderate,Enter w/ caution,67,5.6,2.7,2.5,56.8,0,,Consumer Cyclical,134259616.0,36681.97
ACTG,Acacia Research Corporation,4.67,15,13,3,9,7,4,5,56,-3.0,57.0,Moderate,Enter w/ caution,53,5.9,1.1,2.3,56.0,1,,Industrials,453968928.0,235564.33
SINGF,Singapore Airlines Ltd,5.8,12,4,6,14,6,5,2,49,0.0,57.0,Moderate,🔥 COILED: Enter w/ caution,61,0.0,-4.8,0.1,52.5,0,,Industrials,16668178432.0,0.0
YAHOY,Z Holdings Corp ADR,5.88,16,13,6,14,6,6,5,66,-9.0,57.0,Moderate,Enter w/ caution,64,3.2,11.6,5.7,67.1,2,,Consumer Cyclical,17165669376.0,311778.86
PAELX,T. ROWE PRICE EMERGING MARKETS LOCAL CURRENCY BOND FUND T. ROWE PRICE EMERGING MARKETS LOCAL CURRENCY BOND FUND ADVISOR CLASS,5.01,14,5,11,9,4,7,3,53,1.0,57.0,Moderate,Enter w/ caution,47,0.6,1.8,0.6,60.7,0,,nan,0.0,0.0
TRZFX,T. Rowe Price Emerging Markets Local Currency Bond Fund Z Class,5.04,14,5,11,9,4,7,3,53,1.0,57.0,Moderate,Enter w/ caution,46,0.6,1.8,0.6,60.4,0,,nan,nan,0.0
PLGDF,Palisades Goldcorp Ltd.,2.9,19,9,8,13,6,6,5,66,-7.2,56.8,Moderate,Enter w/ caution,71,22.9,28.9,21.4,77.0,2,,Basic Materials,157358576.0,26457.55
PCSVD,PCSVD,1.65,14,10,9,14,6,7,5,65,-9.0,56.0,Moderate,Enter w/ caution,60,4.6,10.0,8.4,64.9,1,,Consumer Defensive,nan,3137.43
TSPCF,Cleanaway Waste Management Limited,1.93,16,7,6,9,6,9,5,58,-2.0,56.0,Moderate,Enter w/ caution,67,17.0,16.3,14.2,68.3,2,,Industrials,3541111552.0,897.92
CNRAF,Vicinity Centres,1.85,15,5,10,11,1,6,5,53,0.0,56.0,Moderate,Enter w/ caution,51,0.0,1.4,0.8,58.9,0,,Real Estate,5846823936.0,0.0
BDTX,Black Diamond Therapeutics Inc,1.92,10,14,11,11,3,2,3,54,-1.0,56.0,Moderate,Enter w/ caution,24,12.0,4.3,6.5,56.2,2,,Healthcare,119760704.0,1066736.67
IRWD,Ironwood Pharmaceuticals Inc,4.26,18,12,6,7,7,3,2,55,0.0,56.0,Moderate,Enter w/ caution,67,14.2,12.4,5.3,56.1,2,,Healthcare,533347456.0,2893320.39
BORUF,Borussia Dortmund GmbH & Co. Kommanditgesellschaft auf Aktien,3.65,16,16,6,10,9,7,3,67,-7.0,56.0,Moderate,Enter w/ caution,52,2.8,3.3,3.0,60.4,1,,Communication Services,397358336.0,0.0
KAUCX,FEDERATED KAUFMANN FUND CLASS C SHARES,3.96,18,5,7,9,3,11,3,56,-5.0,56.0,Moderate,🔥 COILED: Enter w/ caution,57,3.1,2.6,1.9,57.0,0,,nan,0.0,0.0
JSNSF,J Sainsbury plc,5.26,17,13,7,5,6,12,5,65,-9.0,56.0,Moderate,Enter w/ caution,70,10.3,14.8,8.7,66.7,2,,Consumer Defensive,9118178304.0,0.0
RERE,ATRenew Inc DRC,4.41,14,12,8,12,5,4,5,60,-2.0,56.0,Moderate,Enter w/ caution,41,5.8,16.1,6.7,60.5,2,,Consumer Cyclical,963485248.0,1464768.9
CPCRX,COMSTOCK CAPITAL VALUE FUND RETAIL CLASS I,4.77,18,7,7,9,6,7,3,57,-4.0,56.0,Moderate,Enter w/ caution,57,0.6,0.4,0.3,65.5,0,,nan,0.0,0.0
HLDTX,THE HARTFORD EMERGING MARKETS LOCAL DEBT FUND CLASS R5,4.67,15,5,11,9,8,6,3,57,-4.0,56.0,Moderate,Enter w/ caution,46,0.9,1.5,0.6,60.1,0,,nan,0.0,0.0
DRCVX,COMSTOCK CAPITAL VALUE FUND RETAIL CLASS A,4.59,18,7,7,9,6,7,3,57,-4.0,56.0,Moderate,Enter w/ caution,57,0.7,0.4,0.4,65.7,0,,nan,0.0,0.0
TRIFX,CATALYST/SMH TOTAL RETURN INCOME FUND,4.89,17,10,8,9,4,5,3,56,-5.0,56.0,Moderate,🔥 COILED: Enter w/ caution,53,2.1,1.9,0.7,54.8,0,,nan,0.0,0.0
EMDAX,PRUDENTIAL EMERGING MARKETS DEBT LOCAL CURRENCY FUND CLASS A,4.92,16,5,11,9,6,7,3,57,-4.0,56.0,Moderate,Enter w/ caution,48,1.0,2.5,0.9,61.4,0,,nan,0.0,0.0
EMDQX,PRUDENTIAL EMERGING MARKETS DEBT LOCAL CURRENCY FUND CLASS Q,4.96,16,5,11,9,6,7,3,57,-4.0,56.0,Moderate,Enter w/ caution,47,1.0,2.5,0.9,61.7,0,,nan,0.0,0.0
EMDZX,PRUDENTIAL EMERGING MARKETS DEBT LOCAL CURRENCY FUND CLASS Z,4.96,16,5,11,9,6,7,3,57,-4.0,56.0,Moderate,Enter w/ caution,47,1.0,2.5,0.8,61.3,0,,nan,0.0,0.0
HLDRX,THE HARTFORD EMERGING MARKETS LOCAL DEBT FUND CLASS R3,5.02,15,5,11,9,8,6,3,57,-4.0,56.0,Moderate,Enter w/ caution,50,0.8,1.6,0.6,60.9,0,,nan,0.0,0.0
TRIIX,CATALYST/SMH TOTAL RETURN INCOME FUND CATALYST/SMH TOTAL RETURN INCOME FUND CLASS I,4.87,17,10,8,9,4,5,3,56,-5.0,56.0,Moderate,🔥 COILED: Enter w/ caution,52,1.9,1.7,0.6,54.5,0,,nan,0.0,0.0
PYPG,Leverage Shares 2X Long PYPL Daily ETF,9.393,17,9,8,15,6,6,5,66,-8.0,56.0,Moderate,Enter w/ caution,61,8.8,12.7,15.0,73.0,2,,nan,nan,630115.26
SMGBF,San Miguel Corporation,1.19,16,9,12,13,4,3,5,62,-3.0,55.0,Moderate,Enter w/ caution,57,19.0,19.0,16.5,77.5,2,,Industrials,2700107264.0,0.0
JRVXX,JPMorgan Trust I - JPMorgan Prime Money Market Fund,1.0,15,5,10,8,4,6,3,51,1.0,55.0,Moderate,Enter w/ caution,47,0.0,0.0,0.0,61.3,0,,nan,nan,0.0
CVALF,Covalon Technologies Ltd,1.58,16,8,6,11,6,4,4,55,0.0,55.0,Moderate,Enter w/ caution,60,0.6,2.6,2.0,59.8,0,,Healthcare,43084196.0,8491.01
CPHGF,CPHGF,1.8,17,5,7,10,6,2,5,52,0.0,55.0,Moderate,Enter w/ caution,62,0.0,0.0,2.1,50.0,0,,Healthcare,1387795328.0,205.0
PERF,Perfect Corp.,1.92,15,9,9,9,7,4,5,58,-3.0,55.0,Moderate,Enter w/ caution,56,-0.5,-0.5,1.5,65.8,0,,Technology,170087280.0,147853.18
ISPR,Ispire Technology Inc. Common Stock,1.66,12,14,6,8,3,7,5,55,-3.0,55.0,Moderate,🔥 COILED: Enter w/ caution,36,15.3,5.7,4.6,53.3,1,,Consumer Defensive,92413032.0,75364.11
NNUP,Nocopi Technologies Inc,1.72,14,7,5,14,6,7,4,57,-5.0,55.0,Moderate,Enter w/ caution,64,0.0,7.8,2.6,56.0,1,,Basic Materials,20883220.0,2902.64
XDHYX,Credit Suisse High Yield Bond Fund,1.93,15,11,8,8,3,3,3,51,1.0,55.0,Moderate,Enter w/ caution,31,1.0,1.0,0.5,62.4,0,,Other,0.0,0.0
JSVGF,Johnson Service Group PLC,1.95,12,7,10,8,6,1,3,47,0.0,55.0,Moderate,🔥 COILED: Enter w/ caution,35,0.0,0.0,0.2,53.1,0,,Industrials,737084800.0,724.69
CTW,CTW Cayman Class A Ordinary Shares,2.44,7,14,9,11,5,0,3,49,2.0,55,Moderate,🔥 COILED: Enter w/ caution,58,0.0,6.6,0.3,50.0,1,,Communication Services,143520000.0,98477.86
FRIAX,FRANKLIN INCOME FUND ADVISOR CLASS,2.54,16,7,8,8,4,5,3,51,1.0,55.0,Moderate,Enter w/ caution,55,0.4,1.2,0.5,61.1,0,,nan,0.0,0.0
CAZGF,Catapult Group International Limited,2.6,14,16,3,10,4,6,5,58,-1.0,55.0,Moderate,Enter w/ caution,45,7.9,2.8,6.7,59.5,1,,Technology,958492928.0,1044.9
YUGVF,YouGov plc,3.15,15,7,10,9,6,2,3,52,-2.0,55.0,Moderate,🔥 COILED: Enter w/ caution,41,0.0,0.0,1.4,64.8,0,,Industrials,335070208.0,0.0
RMDCX,ALLIANZGI MID-CAP FUND C,2.72,15,6,3,9,5,8,2,48,2.0,55.0,Moderate,🔥 COILED: Enter w/ caution,48,3.0,2.3,1.2,53.6,0,,nan,0.0,0.0
TAGBX,TEMPLETON GLOBAL BALANCED FUND CLASS A,3.23,17,5,7,9,6,4,4,52,0.0,55.0,Moderate,Enter w/ caution,68,0.6,3.9,1.6,70.0,0,,nan,0.0,0.0
ALVO,Alvotech,3.8,17,12,4,12,9,1,5,60,-3.0,55.0,Moderate,Enter w/ caution,38,6.4,19.5,6.6,57.0,2,,Healthcare,979831680.0,516453.05
EEICX,EATON VANCE EMERGING MARKETS LOCAL INCOME FUND EATON VANCE EMERGING MARKETS LOCAL INCOME FUND CLASS C,3.61,14,5,11,9,6,7,3,55,-3.0,55.0,Moderate,Enter w/ caution,47,1.1,2.0,0.6,58.5,0,,nan,0.0,0.0
ETHIX,EATON VANCE HIGH INCOME OPPORTUNITIES FUND EATON VANCE HIGH INCOME OPPORTUNITIES FUND CLASS A,4.22,12,8,5,8,8,4,3,48,2.0,55.0,Moderate,🔥 COILED: Enter w/ caution,42,0.5,0.5,0.2,54.6,0,,nan,0.0,0.0
JIAXF,Jiangxi Copper Company Limited,4.8,16,4,8,14,5,3,5,55,0.0,55.0,Moderate,Enter w/ caution,53,6.2,14.3,9.7,73.8,2,,Basic Materials,19419867136.0,0.0
WAMVX,WASATCH MICRO CAP VALUE FUND INVESTOR CLASS SHARES,5.01,18,8,6,9,6,11,4,62,-7.0,55.0,Moderate,Enter w/ caution,59,5.9,6.6,3.3,62.4,0,,nan,0.0,0.0
EMDCX,PRUDENTIAL EMERGING MARKETS DEBT LOCAL CURRENCY FUND CLASS C,4.95,15,5,11,9,6,7,3,56,-4.0,55.0,Moderate,Enter w/ caution,47,1.0,2.5,0.9,61.5,0,,nan,0.0,0.0
HLDAX,THE HARTFORD EMERGING MARKETS LOCAL DEBT FUND CLASS A,4.99,14,5,11,9,8,6,3,56,-4.0,55.0,Moderate,Enter w/ caution,50,0.8,1.6,0.6,60.7,0,,nan,0.0,0.0
WGMVX,Wasatch Micro Cap Value Fund Institutional Class Shares,5.06,18,10,5,9,6,11,3,62,-7.0,55.0,Moderate,Enter w/ caution,59,5.9,6.5,3.2,62.4,0,,nan,nan,0.0
CICHF,China Construction Bank Corp,1.15,16,12,5,14,4,7,5,63,-5.0,54.0,Weak,Watchlist only,61,-0.9,0.9,3.5,56.0,0,,Financial Services,269448380416.0,80685.16
TCPXX,SEI Daily Income Trust - Prime Obligation Fund,1.0,14,6,14,8,4,7,3,56,-2.0,54.0,Weak,Watchlist only,45,0.0,0.0,0.0,63.0,0,,nan,nan,0.0
BRLT,Brilliant Earth Group Inc,1.21,10,16,2,10,4,6,4,52,-3.0,54.0,Weak,Watchlist only,39,9.0,8.0,7.9,58.8,2,,Consumer Cyclical,119427536.0,103910.99
LUNA,Luna Innovations Incorporated,1.26,15,6,10,13,5,4,3,56,-5.0,54.0,Weak,Watchlist only,62,1.6,2.4,0.8,53.8,1,,Technology,52045528.0,47286.67
USGOW,U.S. GoldMining Inc. Warrant,1.3,13,7,11,10,4,1,3,49,0.0,54.0,Weak,🔥 COILED: Watchlist only,41,0.0,0.0,0.5,59.6,0,,Basic Materials,nan,58602.97
MCHVF,MGM China Holdings Limited,1.46,15,8,7,11,4,7,5,57,-2.0,54.0,Weak,Watchlist only,27,4.3,8.1,5.2,73.4,1,,Consumer Cyclical,8160572416.0,0.0
BGAOY,Proximus NV ADR,1.42,13,4,14,14,4,3,4,56,-2.0,54.0,Weak,Watchlist only,34,3.6,2.9,2.7,61.3,0,,Communication Services,2439160064.0,0.0
NMRA,"Neumora Therapeutics, Inc.",1.64,14,14,9,9,5,0,3,54,-3.0,54.0,Weak,🔥 COILED: Watchlist only,38,-0.6,5.1,1.2,50.9,1,,Healthcare,322394592.0,1414392.66
HKTTF,HKT Trust and HKT Limited,1.662,12,7,11,11,4,1,3,49,0.0,54.0,Weak,🔥 COILED: Watchlist only,0,0.0,0.0,0.1,43.5,0,,Communication Services,12596854784.0,0.0
ORZCF,Orezone Gold Corp,1.87,19,13,12,15,4,8,5,76,-20.0,54.0,Weak,Watchlist only,52,18.4,15.4,14.1,65.1,3,,Basic Materials,1280578304.0,251608.44
RLX,RLX Technology Inc,1.99,9,12,5,7,5,3,3,44,4.0,54.0,Weak,🔥 COILED: Watchlist only,32,0.5,-1.5,0.2,50.4,0,,Consumer Defensive,2468954368.0,2552317.3
HOVR,New Horizon Aircraft Ltd,1.95,9,9,9,14,4,4,5,54,-3.0,54.0,Weak,Watchlist only,30,12.1,5.4,7.3,54.9,2,,Industrials,135305504.0,1402123.0
SCWO,374Water Inc. Common Stock,2.23,11,14,9,8,3,4,5,54,-5.0,54.0,Weak,🔥 COILED: Watchlist only,41,-0.4,5.7,2.6,53.1,1,,Industrials,44963444.0,290717.04
FKIQX,Franklin Income Fund Cl A,2.56,16,7,7,8,4,5,3,50,1.0,54.0,Weak,Watchlist only,53,0.4,1.2,0.5,61.1,0,,nan,nan,0.0
GUER,Guerrilla RF Inc.,3.5,20,12,9,14,6,8,5,74,-25,54,Weak,Watchlist only,71,23.2,23.2,21.8,71.3,3,,Technology,31099568.0,3710.27
BRBS,Blue Ridge Bankshares Inc,3.69,15,12,7,14,7,6,5,66,-12.0,54.0,Weak,Watchlist only,45,5.4,8.8,4.4,65.0,1,,Financial Services,294910400.0,314102.2
JRSH,Jerash Holdings US Inc,5.03,19,13,5,12,6,3,5,63,-10.0,54.0,Weak,Watchlist only,54,9.3,7.9,8.4,66.3,0,,Consumer Cyclical,44068792.0,112809.83
GPGOX,GRANDEUR PEAK GLOBAL OPPORTUNITIES FUND GRANDEUR PEAK GLOBAL OPPORTUNITIES FUND INVESTOR CLASS,3.96,18,6,6,9,6,7,4,56,-2.0,54.0,Weak,Watchlist only,57,4.2,5.9,3.4,67.2,0,,nan,0.0,0.0
UEIC,Universal Electronics Inc,4.8,15,16,10,11,7,5,4,68,-14.0,54.0,Weak,Watchlist only,63,4.6,5.5,3.6,63.5,2,,Technology,51152724.0,72863.15
BTG,B2Gold Corp,4.09,11,8,11,13,2,4,5,54,-1.0,54.0,Weak,Watchlist only,36,6.2,6.5,4.9,57.3,1,,Basic Materials,6102472704.0,38935693.45
ARREF,Amerigo Resources Ltd.,5.7,18,11,8,13,6,7,5,68,-12.0,54.0,Weak,Watchlist only,70,21.3,3.8,12.1,65.2,0,,Basic Materials,808984448.0,170541.67
SGHT,Sight Sciences Inc,7.09,14,11,8,18,6,12,5,74,-23,54,Weak,Watchlist only,77,34.8,50.9,30.2,78.6,4,,Healthcare,250285744.0,251610.58
GEOUF,Golden Energy Offshore Services AS,1.16,14,4,10,9,6,9,3,55,-7.0,53.0,Weak,🔥 COILED: Watchlist only,45,0.0,0.0,0.5,62.8,1,,Industrials,73410592.0,110.17
PHGUF,Pharming Group N.V,1.3,11,8,12,10,6,2,3,52,-2.0,53.0,Weak,Watchlist only,27,0.0,0.0,0.7,68.3,0,,Healthcare,997212928.0,744.51
SFBQF,SoftBank Corp,1.368,15,8,3,13,3,0,4,46,4.0,53.0,Weak,Watchlist only,41,-4.4,9.8,2.0,52.3,1,,Communication Services,65487736832.0,42768.7
HMR,Heidmar Maritime Holdings Corp. Common Stock,1.22,13,12,5,9,8,4,5,56,-1.0,53.0,Weak,Watchlist only,47,9.9,8.0,5.8,55.2,1,,Industrials,86128320.0,113382.98
GGGOF,Galane Gold Ltd,1.74,11,8,9,16,3,3,5,55,-2.0,53.0,Weak,Watchlist only,51,11.4,10.8,8.1,60.4,2,,Basic Materials,128522448.0,115336.37
ALSMY,Alstom PK,1.9,12,14,6,9,4,4,5,54,1.0,53.0,Weak,Watchlist only,24,5.0,6.1,4.6,61.3,0,,Industrials,8882227200.0,873510.63
RMLRF,Ramelius Resources Ltd,2.45,14,16,8,13,4,3,5,63,-10.0,53.0,Weak,Watchlist only,47,6.1,11.4,8.8,61.2,2,,Basic Materials,4627373056.0,23778.77
ADBRF,Aldebaran Resources Inc,2.09,16,8,8,12,3,5,5,57,-4.0,53.0,Weak,Watchlist only,51,6.9,3.9,6.9,60.3,1,,Basic Materials,431883744.0,57058.46
PAHGF,Pets at Home Group Plc,2.61,12,7,11,7,4,1,3,45,0.0,53.0,Weak,🔥 COILED: Watchlist only,35,0.0,0.0,0.5,51.0,0,,Consumer Cyclical,1194160128.0,0.0
BLLQF,Bell Equipment Limited,2.35,13,7,6,10,4,5,3,48,2.0,53.0,Weak,Watchlist only,37,0.0,0.0,0.3,52.1,0,,Industrials,247596608.0,92.0
NSRX,Nasus Pharma Ltd.,3.39,14,10,10,17,7,5,5,68,-13.0,53.0,Weak,Watchlist only,50,6.6,9.6,6.4,57.6,2,,Healthcare,36303508.0,77225.81
CHHQF,China Hongqiao Group Limited,3.158,7,14,4,12,3,7,5,52,2.0,53,Weak,🔥 COILED: Watchlist only,37,3.2,-1.7,3.2,51.9,0,,Basic Materials,32894982144.0,3901.95
SVAUF,Storage Vault Canada Inc,3.448,12,9,9,9,4,1,4,48,0.0,53.0,Weak,🔥 COILED: Watchlist only,55,0.0,1.4,0.9,57.8,1,,Real Estate,1129128448.0,0.0
GLSSX,Invesco Global Strategic Income Fund Class R5,3.14,13,5,8,9,1,7,3,46,2.0,53.0,Weak,🔥 COILED: Watchlist only,39,0.3,2.3,0.4,53.5,0,,nan,nan,0.0
EEIIX,EATON VANCE EMERGING MARKETS LOCAL INCOME FUND EATON VANCE EMERGING MARKETS LOCAL INCOME FUND CLASS I SHARES,3.56,15,5,11,9,3,7,3,53,-3.0,53.0,Weak,Watchlist only,49,0.8,1.7,0.5,55.2,0,,nan,0.0,0.0
CSGTX,TRANSAMERICA SMALL CAP GROWTH C,3.6,11,10,8,9,4,7,2,51,-3.0,53.0,Weak,🔥 COILED: Watchlist only,43,3.4,1.4,1.0,53.0,0,,nan,0.0,0.0
GPGIX,GRANDEUR PEAK GLOBAL OPPORTUNITIES FUND GRANDEUR PEAK GLOBAL OPPORTUNITIES FUND INSTITUTIONAL CLASS,4.07,17,6,6,9,6,7,4,55,-2.0,53.0,Weak,Watchlist only,57,4.1,6.0,3.4,66.6,0,,nan,0.0,0.0
HNGZY,Hangzhou Tigermed Consulting Co. Ltd,4.45,15,4,10,10,6,2,3,50,-2.0,53.0,Weak,🔥 COILED: Watchlist only,53,0.0,0.0,0.7,64.5,0,,Healthcare,3444104192.0,30.6
CAIXY,Caixabank SA ADR,4.9,10,12,3,14,6,11,4,60,-7.0,53.0,Weak,Watchlist only,62,2.4,0.2,1.5,55.3,1,,Financial Services,90562822144.0,409381.21
WXIBF,WuXi Biologics,4.65,13,8,10,7,6,8,3,55,-2.0,53.0,Weak,Watchlist only,58,1.1,1.1,1.7,62.8,0,,Healthcare,18193782784.0,3877.83
AVIR,Atea Pharmaceuticals Inc,4.99,15,14,7,11,4,7,3,61,-6.0,53.0,Weak,Watchlist only,57,5.3,5.1,5.3,59.0,2,,Healthcare,353719776.0,415587.13
MARPS,Marine Petroleum Trust,4.866,12,10,7,9,5,4,4,51,-3.0,53.0,Weak,🔥 COILED: Watchlist only,41,1.8,-2.5,1.5,54.3,0,,Energy,9640000.0,33807.94
XRCSX,PIMCO Strategic Income Fund Inc,4.6,15,7,5,8,3,7,3,48,2.0,53.0,Weak,Watchlist only,47,0.9,2.0,0.6,57.9,0,,Other,0.0,0.0
EEX,Emerald Expositions Events Inc,5.04,12,8,12,7,5,11,3,58,-8.0,53.0,Weak,Watchlist only,51,0.2,0.2,0.4,57.9,2,,Communication Services,983609984.0,120359.95
HLDCX,THE HARTFORD EMERGING MARKETS LOCAL DEBT FUND CLASS C,5.02,14,5,10,9,1,6,3,48,2.0,53.0,Weak,Watchlist only,46,0.6,1.6,0.5,57.4,0,,nan,0.0,0.0
TRICX,CATALYST/SMH TOTAL RETURN INCOME FUND CATALYST/SMH TOTAL RETURN INCOME FUND CLASS C,4.89,17,10,7,9,4,5,3,55,-5.0,53.0,Weak,Watchlist only,54,2.1,1.9,0.8,55.5,0,,nan,0.0,0.0
SOWG,Sow Good Inc. Common Stock,3.47,15,14,8,11,8,2,2,60,-6.0,52.0,Weak,Watchlist only,55,16.1,4.2,5.5,56.0,2,,Consumer Defensive,29375370.0,137043.11
PAFRF,Pan African Resources PLC,1.36,9,11,11,11,3,3,5,53,-1.0,52.0,Weak,Watchlist only,36,7.9,5.9,5.1,58.0,0,,Basic Materials,2959877632.0,594.9
NTIP,Network-1 Technologies Inc,1.62,14,7,6,15,6,4,5,57,-3.0,52.0,Weak,Watchlist only,62,-0.6,-0.6,2.9,60.2,1,,Industrials,33953920.0,182383.04
ALXO,Alx Oncology Holdings ,2.11,15,10,11,14,6,0,4,60,-6.0,52.0,Weak,Watchlist only,60,8.2,4.5,6.0,58.0,2,,Healthcare,209918128.0,699630.26
AUSDF,Perenti Global Limited,1.8,15,7,11,7,6,2,3,51,-2.0,52.0,Weak,Watchlist only,49,0.0,0.0,0.6,64.6,0,,Basic Materials,1498195328.0,0.0
ECRAF,Ecora Resources PLC,2.0,17,8,7,15,4,3,5,59,-5.0,52.0,Weak,Watchlist only,63,7.5,15.6,9.0,67.2,2,,Basic Materials,471467104.0,43958.01
BIRMF,BIOREM Inc,2.61,18,6,3,14,6,2,5,54,-2.0,52.0,Weak,Watchlist only,64,4.4,18.6,8.4,65.0,2,,Industrials,34904688.0,5654.7
HLLY,Holley Inc,3.01,14,9,3,15,7,5,5,58,-6.0,52.0,Weak,Watchlist only,48,11.1,19.4,10.5,66.0,2,,Consumer Cyclical,315368992.0,903740.74
DTI,Drilling Tools International Corp.,2.35,8,16,10,13,4,1,5,57,-6.0,52.0,Weak,Watchlist only,22,1.3,3.5,2.4,53.6,1,,Energy,97686688.0,224060.59
WELX,Winland Holdings Corporation,2.3,9,11,11,10,3,3,3,50,2.0,52.0,Weak,Watchlist only,34,7.0,4.5,2.4,53.4,1,,Technology,12705522.0,4092.98
HLLY-WS,HLLY-WS,3.01,14,9,3,15,7,5,5,58,-6.0,52.0,Weak,Watchlist only,48,11.1,19.4,10.5,66.0,2,,nan,nan,903395.71
SHTLF,South32 Limited,3.0,13,5,11,13,4,2,4,52,0.0,52.0,Weak,Watchlist only,56,3.8,3.8,2.4,59.7,0,,Basic Materials,15771736064.0,0.0
WIFMX,WASATCH FRONTIER EMERGING SMALL COUNTRIES FUND INSTITUTIONAL CLASS SHARES,3.81,17,5,5,9,1,7,3,47,2.0,52.0,Weak,Watchlist only,49,3.0,2.1,1.2,55.4,0,,nan,0.0,0.0
ZIJMF,Zijin Mining Group Co Ltd-H,4.3,14,12,2,9,5,3,5,50,2.0,52.0,Weak,Watchlist only,44,8.0,-4.0,5.1,53.7,0,,Basic Materials,114340077568.0,89276.85
CPCCX,COMSTOCK CAPITAL VALUE FUND RETAIL CLASS C,4.19,13,11,2,8,4,4,3,45,2.0,52.0,Weak,🔥 COILED: Watchlist only,52,0.5,0.2,0.2,54.1,0,,nan,0.0,0.0
HCHL,Happy City Holdings Limited Class A Ordinary shares,3.96,14,4,11,8,6,5,3,51,-4.0,52.0,Weak,🔥 COILED: Watchlist only,56,0.0,0.0,0.2,64.5,1,,Consumer Cyclical,105649176.0,441362.91
RRGB,Red Robin Gourmet Burgers Inc,8.44,18,6,10,18,6,10,5,73,-21.0,52.0,Weak,Watchlist only,67,8.1,18.4,12.5,76.1,3,,Consumer Cyclical,81953456.0,308671.29
IIXFF,iShares III Public Limited Company - iShares Global Government Bond UCITS ETF,4.693,16,8,8,8,1,4,3,48,1.0,52.0,Weak,Watchlist only,34,1.1,0.5,0.5,61.5,1,,nan,nan,9487.05
^TNX,CBOE Interest Rate 10 Year T No,4.67,15,11,6,7,6,1,4,50,-3.0,52.0,Weak,🔥 COILED: Watchlist only,54,0.2,-0.7,1.1,56.7,0,,Other,nan,0.0
FSCO,FS Credit Opportunities Corp.,4.97,11,13,9,8,4,0,4,49,0.0,52.0,Weak,🔥 COILED: Watchlist only,37,0.0,0.8,0.8,54.6,0,,Financial Services,993143936.0,1592433.38
NERV,Minerva Neurosciences Inc,4.44,7,14,9,13,4,2,2,51,-3.0,52.0,Weak,Watchlist only,24,10.4,-0.2,3.4,52.0,2,,Healthcare,224790512.0,1056151.64
MXYKX,GREAT-WEST T. ROWE PRICE MID CAP GROWTH FUND INSTITUTIONAL CLASS,5.07,16,6,5,9,3,5,3,47,2.0,52.0,Weak,Watchlist only,57,2.0,3.3,1.5,59.4,0,,nan,0.0,0.0
VMIXX,JPMorgan Trust I - JPMorgan Prime Money Market Fund,1.001,15,7,11,6,4,7,3,53,-10.0,51.0,Weak,🔥 COILED: Watchlist only,40,0.0,0.0,0.0,53.0,0,,nan,nan,0.0
PNBK,Patriot National Bancorp Inc,1.14,10,10,7,9,5,3,2,46,0.0,51.0,Weak,🔥 COILED: Watchlist only,36,4.6,0.9,0.7,51.2,0,,Financial Services,124651656.0,295402.65
BTBD,Bt Brands Inc,1.22,11,11,7,13,7,2,5,56,-3.0,51.0,Weak,Watchlist only,41,4.3,8.9,5.5,57.3,2,,Consumer Cyclical,7297974.0,972586.25
HOOK,Hookipa Pharma Inc,1.15,11,5,10,8,4,8,3,49,-3.0,51.0,Weak,🔥 COILED: Watchlist only,53,0.0,0.0,-0.0,48.3,1,,Healthcare,14232977.0,19126.47
IHT,InnSuites Hospitality Trust,1.72,12,12,5,7,7,0,3,46,2.0,51.0,Weak,Watchlist only,51,1.8,0.6,1.5,53.4,1,,Real Estate,14375993.0,200719.22
MLPNF,Millennial Potash Corp.,1.72,15,12,6,11,4,7,5,60,-7.0,51.0,Weak,Watchlist only,47,11.0,-0.2,11.5,64.2,1,,Basic Materials,185594736.0,154314.15
WIMI,WiMi Hologram Cloud Inc,1.36,8,11,5,14,4,2,2,46,2.0,51.0,Weak,Watchlist only,29,12.4,18.3,5.8,54.8,2,,Communication Services,30703040.0,282400.13
ENGN,enGene Holdings Inc. Common Stock,1.8,7,13,8,8,7,6,2,51,-3.0,51.0,Weak,Watchlist only,21,2.3,-4.8,-1.0,44.4,2,,Healthcare,109862720.0,1018521.02
MCBRF,McBride plc,2.72,15,5,10,12,6,6,5,59,-13.0,51.0,Weak,🔥 COILED: Watchlist only,64,0.0,0.0,4.6,99.9,0,,Consumer Defensive,314388288.0,448.39
GAU,Galiano Gold Inc,1.95,8,12,11,12,4,3,4,54,-1.0,51.0,Weak,Watchlist only,27,8.9,6.0,5.6,56.0,1,,Basic Materials,582506688.0,3226320.41
XTLB,XTL Biopharmaceuticals Ltd ADR,2.87,9,8,10,10,9,4,3,53,-3.0,51.0,Weak,Watchlist only,65,0.7,-1.0,0.5,52.6,1,,Healthcare,4802184.0,714385.05
OPTGF,OPTGF,2.8,16,6,7,12,4,0,5,50,1.0,51.0,Weak,Watchlist only,49,0.0,9.8,7.8,66.1,1,,Consumer Cyclical,160842000.0,242.99
QUILF,Quilter plc,2.75,13,7,11,8,4,2,3,48,-2.0,51.0,Weak,🔥 COILED: Watchlist only,49,0.0,0.0,0.6,60.7,0,,Financial Services,3762778368.0,12.03
HEPS,D-MARKET Electronic Services & Trading ADR,2.92,13,12,7,8,6,5,2,53,-3.0,51.0,Weak,Watchlist only,67,0.0,2.8,1.0,53.1,1,,Consumer Cyclical,928785536.0,282296.39
FCISX,FRANKLIN INCOME FUND CLASS C,2.62,16,6,4,8,4,5,3,46,2.0,51.0,Weak,Watchlist only,55,0.4,1.2,0.4,56.3,0,,nan,0.0,0.0
FNCFX,FRANKLIN INCOME FUND CLASS R6,2.55,16,6,4,8,4,5,3,46,2.0,51.0,Weak,Watchlist only,55,0.4,1.2,0.3,55.8,0,,nan,0.0,0.0
SECCF,Serco Group plc,3.185,11,5,10,12,3,6,4,51,0.0,51.0,Weak,Watchlist only,33,0.0,0.0,0.7,56.7,0,,Industrials,3340826368.0,0.0
OSIYX,Oppenheimer Strategic Income Fund Cl Y,3.13,13,5,8,7,3,7,3,46,0.0,51.0,Weak,🔥 COILED: Watchlist only,37,0.3,2.0,0.3,53.3,0,,nan,0.0,0.0
ITEX,ITEX Corp,3.25,17,5,12,14,4,7,5,64,-13.0,51.0,Weak,Watchlist only,48,6.9,6.9,5.6,81.8,0,,Financial Services,5498626.0,420.12
LITB,LightInTheBox Holding Co Ltd ARD,3.15,11,9,5,13,7,3,5,53,0.0,51.0,Weak,Watchlist only,63,4.3,0.6,-0.0,50.4,0,,Consumer Cyclical,66805432.0,21895.59
ANGH,Anghami De Inc,3.422,8,16,8,13,4,4,3,56,-3.0,51.0,Weak,Watchlist only,44,0.7,3.1,-1.7,46.5,1,,Communication Services,31998772.0,254721.32
ERHIX,Eaton Vance High Income Opportunities Fund,4.22,10,8,5,8,8,4,3,46,2.0,51.0,Weak,Watchlist only,37,0.5,0.5,0.2,54.3,0,,nan,nan,0.0
ELALF,El Al Israel Airlines Ltd,5.0,13,8,6,9,6,1,3,46,0.0,51.0,Weak,🔥 COILED: Watchlist only,61,0.0,0.0,1.0,55.8,0,,Industrials,2934749184.0,1193.31
KRNMF,CLARIANE SE,4.78,14,5,9,9,4,4,3,48,-2.0,51.0,Weak,🔥 COILED: Watchlist only,46,0.0,0.0,0.0,68.1,0,,nan,1698723712.0,1838.12
DPUKY,Domino’s Pizza Group PLC,5.84,17,4,7,14,6,8,5,61,-10.0,51.0,Weak,Watchlist only,69,6.6,12.3,8.3,83.7,2,,Consumer Cyclical,952894464.0,12323.06
SGDH,Sgd Holdings Ltd,1.0,12,7,11,8,4,2,3,47,-5.0,50.0,Weak,🔥 COILED: Watchlist only,52,0.0,0.0,0.0,52.8,1,,Industrials,5000248320.0,112.46
FLTTX,WisdomTree Floating Rate Trsy Dgtl N/A,1.004,4,10,6,8,8,4,3,43,2.0,50.0,Weak,🔥 COILED: Watchlist only,38,0.4,-0.6,-0.0,49.8,0,,nan,nan,0.0
CHWRF,China Tower Corporation Limited,1.23,13,5,13,9,3,3,5,51,-1.0,50.0,Weak,Watchlist only,30,11.8,11.8,7.5,58.9,2,,Communication Services,20103378944.0,0.0
AMJT,AMJ Global Technology,1.32,7,9,10,7,3,6,3,45,2.0,50.0,Weak,Watchlist only,49,0.0,0.0,0.0,58.3,0,,Healthcare,147738176.0,53.13
RFLFY,Raffles Education Corporation Ltd ADR,1.33,12,6,11,8,3,2,3,45,0.0,50.0,Weak,🔥 COILED: Watchlist only,54,0.0,0.0,0.0,50.0,0,,Consumer Defensive,120860096.0,9.0
SDPNF,Sime Darby Plantation Berhad,1.489,9,7,11,10,3,2,3,45,0.0,50.0,Weak,🔥 COILED: Watchlist only,54,0.0,0.0,0.0,50.0,0,,Consumer Defensive,11204374528.0,20.49
SVC,Service Properties Trust,8.45,17,7,6,7,6,4,2,49,0.0,50.0,Weak,Watchlist only,69,4.8,-0.9,10.8,72.9,2,,Real Estate,1067891520.0,4362389.64
MALG,Microalliance Group Inc.,1.76,9,9,10,12,4,2,3,49,-2.0,50.0,Weak,Watchlist only,53,0.0,0.0,0.0,67.0,0,,Consumer Defensive,1072396352.0,23.48
PYXS,Pyxis Oncology Inc,3.75,18,9,7,16,6,12,5,73,-23,50,Weak,Watchlist only,72,30.7,39.9,32.6,71.9,3,,Healthcare,104536544.0,820091.75
CTARF,Centaurus Energy Inc,1.6,11,4,7,15,1,7,5,50,0.0,50.0,Weak,Watchlist only,56,6.7,6.7,3.3,57.7,0,,Energy,2619260.0,429.51
GITS,"Global Interactive Technologies, Inc",2.09,9,12,9,10,8,0,2,50,-3.0,50.0,Weak,🔥 COILED: Watchlist only,51,-1.9,-4.6,-0.1,50.4,1,,Communication Services,7679094.0,843290.79
UGSDX,U.S. GOVERNMENT SECURITIES ULTRA-SHORT BOND FUND U.S. GOVERNMENT SECURITIES ULTRA-SHORT BOND FUND,1.95,14,5,5,8,4,4,3,43,2.0,50.0,Weak,🔥 COILED: Watchlist only,39,0.0,0.0,0.1,53.7,0,,nan,0.0,0.0
UNWPX,WORLD PRECIOUS MINERALS FUND WORLD PRECIOUS MINERALS FUND,2.0,15,7,11,9,3,2,5,52,-2.0,50.0,Weak,Watchlist only,32,9.3,9.9,7.4,62.0,1,,nan,0.0,0.0
CIADF,China Mengniu Dairy Company Limited,2.02,5,4,10,12,6,7,3,47,0.0,50.0,Weak,Watchlist only,46,0.0,0.0,-0.3,41.3,0,,Consumer Defensive,8549817344.0,5377.0
CHPGF,Chesapeake Gold Corp.,2.39,10,10,11,10,5,4,5,55,-3.0,50.0,Weak,Watchlist only,44,11.2,7.7,6.0,57.1,2,,Basic Materials,189138592.0,73414.39
GSKRF,Goldsky Resources Corp.,2.46,16,8,5,12,4,6,5,56,-6.0,50.0,Weak,Watchlist only,52,6.3,5.1,5.7,57.7,2,,Basic Materials,496943264.0,58451.82
VMMNF,VMMNF,2.5,11,6,11,9,6,1,3,47,-5.0,50.0,Weak,🔥 COILED: Watchlist only,0,0.0,0.0,0.3,50.0,1,,Basic Materials,297771104.0,0.0
AWX,Avalon Holdings Corporation,2.56,9,14,3,8,5,4,2,45,0.0,50.0,Weak,🔥 COILED: Watchlist only,38,1.2,0.4,0.3,51.2,0,,Industrials,9904557.0,91692.19
MCRUF,Morgan Advanced Materials plc,2.91,16,5,5,8,6,4,5,49,-2.0,50.0,Weak,Watchlist only,42,0.0,6.3,1.6,60.2,1,,Industrials,815423616.0,191.53
RCKT,Rocket Pharmaceuticals Inc,3.54,12,14,7,7,9,2,2,53,-3.0,50.0,Weak,Watchlist only,46,10.3,7.9,4.4,56.1,2,,Healthcare,318845184.0,2987362.16
SYYNY,SYN prop e tech SA ADR,3.32,12,3,6,14,6,1,3,45,0.0,50.0,Weak,🔥 COILED: Watchlist only,41,0.0,0.0,0.8,56.9,0,,Real Estate,101890168.0,600.49
MRVSY,Minerva SA,3.0,8,4,12,13,3,3,4,47,0.0,50.0,Weak,Watchlist only,32,0.0,1.7,0.5,51.2,0,,Consumer Defensive,777605504.0,6669.0
TKFHY,Tekfen Holding AS ADR,3.22,12,6,11,8,3,2,3,45,0.0,50.0,Weak,🔥 COILED: Watchlist only,53,0.0,0.0,0.0,50.0,1,,Basic Materials,574077696.0,4.5
BNDSF,Banco de Sabadell S.A,3.83,15,8,8,12,4,3,5,55,-1.0,50.0,Weak,Watchlist only,52,-0.6,3.2,2.4,55.8,0,,Financial Services,16877633536.0,0.0
PMNXF,Perseus Mining Limited,3.75,13,9,4,9,4,4,5,48,2.0,50.0,Weak,Watchlist only,37,9.6,7.1,8.9,55.9,0,,Basic Materials,5140293632.0,41886.56
KRKR,36Kr Holdings Inc,2.97,10,12,8,7,4,7,5,53,-1.0,50.0,Weak,Watchlist only,29,8.0,4.2,4.5,55.1,0,,Communication Services,6592525.0,59965.65
RTOXF,Rotork plc,6.55,18,3,7,14,7,6,5,60,-10.0,50.0,Weak,Watchlist only,63,4.0,9.2,13.1,72.6,1,,Industrials,3009803264.0,0.0
EEIAX,EATON VANCE EMERGING MARKETS LOCAL INCOME FUND,3.56,14,5,10,9,5,4,3,50,-3.0,50.0,Weak,Watchlist only,49,0.8,1.7,0.4,55.1,0,,nan,0.0,0.0
AHYCX,INVESCO HIGH YIELD FUND CLASS C,3.51,11,11,4,8,4,4,3,45,2.0,50.0,Weak,Watchlist only,35,0.6,0.6,0.1,51.4,0,,nan,0.0,0.0
GDNGY,PT Gudang Garam Tbk,4.0,17,4,8,11,6,2,5,53,-3.0,50.0,Weak,Watchlist only,61,0.0,4.7,3.3,75.2,0,,Consumer Defensive,1895843968.0,2553.79
RGRNF,Regis Resources Ltd,4.891,16,11,7,8,4,5,5,56,-6.0,50.0,Weak,Watchlist only,56,6.6,8.7,8.5,59.5,1,,Basic Materials,3521222912.0,0.0
HWGG,HWGG Entertainment Limited,3.99,13,7,11,11,6,3,3,54,-7.0,50.0,Weak,Watchlist only,40,0.0,0.0,1.6,60.7,1,,Consumer Cyclical,101107112.0,0.0
BOSC,BOS Better Online Solutions,4.53,17,10,4,10,5,2,4,52,-3.0,50.0,Weak,Watchlist only,39,0.7,1.1,2.3,58.6,0,,Technology,29679700.0,84689.73
HIIFX,CATALYST/SMH HIGH INCOME FUND CATALYST/SMH HIGH INCOME FUND CLASS A,4.06,8,8,6,9,8,4,2,45,2.0,50.0,Weak,Watchlist only,52,1.0,0.5,0.1,49.7,0,,nan,0.0,0.0
CNROX,City National Rochdale Strategic Credit Fund,4.38,8,7,12,8,3,2,3,43,2.0,50.0,Weak,🔥 COILED: Watchlist only,33,0.5,0.5,0.0,44.5,0,,nan,nan,0.0
DURYY,Duerr AG ADR,4.04,8,7,11,9,3,5,4,47,0.0,50.0,Weak,Watchlist only,31,0.0,4.1,1.0,51.0,1,,Industrials,1647009536.0,0.0
ITGDF,Integral Diagnostics Limited,2.612,15,4,10,9,4,1,3,46,-2.0,49.0,Weak,🔥 COILED: Watchlist only,45,0.0,0.0,5.0,64.2,0,,Healthcare,373066528.0,6.6
SEED,Origin Agritech Ltd,1.04,9,7,11,15,5,3,4,54,-6.0,49.0,Weak,Watchlist only,33,4.0,4.0,2.6,54.7,1,,Basic Materials,12736079.0,404450.95
JINXX,JPMorgan Trust I - JPMorgan Prime Money Market Fund,1.0,16,7,4,8,4,3,3,45,1.0,49.0,Weak,Watchlist only,44,0.0,0.0,0.0,61.6,0,,nan,nan,0.0
PTMEY,Media Nusantara Citra Tbk PT ADR,1.45,18,5,6,14,6,8,5,62,-13.0,49.0,Weak,Watchlist only,56,24.1,24.1,18.9,100.0,2,,Communication Services,154493248.0,216.31
ORVMF,Orvana Minerals Corp,1.41,13,12,10,10,4,3,5,57,-6.0,49.0,Weak,Watchlist only,58,4.4,2.9,6.7,58.6,1,,Basic Materials,188131968.0,76870.34
PHPRF,Primary Health Properties PLC,1.27,9,5,9,9,6,3,3,44,0.0,49.0,Weak,🔥 COILED: Watchlist only,37,0.0,0.0,0.2,54.9,0,,Real Estate,3399645440.0,217.61
XWEL,XWELL Inc.,1.08,9,14,10,8,3,2,5,51,-3.0,49.0,Weak,Watchlist only,32,-0.9,2.9,2.5,51.4,2,,Healthcare,11315317.0,2739377.67
APTOF,DMD Digital Health Connections Group Inc,1.69,16,11,6,16,5,2,5,61,-12.0,49.0,Weak,Watchlist only,46,10.5,4.8,5.7,62.5,1,,Healthcare,4032838.0,5609.24
TCLHF,TCL Electronics Holdings Limited,2.18,16,6,5,16,5,6,5,59,-10.0,49.0,Weak,Watchlist only,65,6.9,14.7,9.6,66.0,2,,Technology,5041635840.0,1827.02
CCPPF,Capital & Counties Properties PLC,1.82,4,4,10,9,6,8,3,44,0.0,49.0,Weak,🔥 COILED: Watchlist only,57,0.0,0.0,-0.0,50.3,0,,Real Estate,3281440256.0,52.6
STMRF,Stanmore Resources Limited,1.922,17,4,8,10,6,2,5,52,-3.0,49.0,Weak,Watchlist only,55,0.0,0.0,4.4,75.6,1,,Basic Materials,1622504832.0,17792.05
AIRRF,Aurion Resources Ltd,1.855,13,12,7,8,6,6,2,54,-5.0,49.0,Weak,Watchlist only,61,-0.4,-1.1,-0.0,57.4,1,,Basic Materials,314679264.0,58206.92
EGHT,8x8 Inc Common Stock,2.275,16,7,5,16,5,4,5,58,-9.0,49.0,Weak,Watchlist only,50,23.0,40.4,13.9,62.9,2,,Technology,289439040.0,1212294.43
FGROY,FirstGroup PLC ADR,2.29,8,5,12,8,3,5,5,46,0.0,49.0,Weak,Watchlist only,25,0.0,8.5,1.1,52.9,1,,Industrials,1118846592.0,0.0
PIAGF,Piaggio & C. SpA,2.36,17,9,5,11,6,9,5,62,-13.0,49.0,Weak,Watchlist only,63,18.0,18.0,16.4,91.2,2,,Consumer Cyclical,729256960.0,0.0
WIIOX,WASATCH INTERNATIONAL OPPORTUNITIES FUND INSTITUTIONAL CLASS SHARES,2.01,16,5,5,9,4,7,3,49,-3.0,49.0,Weak,Watchlist only,42,3.1,3.1,1.6,57.5,0,,nan,0.0,0.0
ALT,Altimmune Inc,3.01,12,6,8,9,7,5,2,49,-5.0,49.0,Weak,🔥 COILED: Watchlist only,45,1.0,6.0,2.1,53.8,1,,Healthcare,527024992.0,3809475.67
TGAFF,Taiga Building Products Ltd,2.65,13,6,8,9,4,2,4,46,-2.0,49.0,Weak,🔥 COILED: Watchlist only,41,0.0,0.0,0.3,61.6,0,,Industrials,282814624.0,230.53
TSRYF,Treasury Wine Estates Ltd,3.38,14,5,8,11,3,5,5,51,-2.0,49.0,Weak,Watchlist only,52,0.0,9.0,4.7,69.6,2,,Consumer Defensive,2503964672.0,1781.5
JSHCX,JANUS SHORT-TERM BOND FUND CLASS C,2.87,12,5,8,8,4,4,3,44,2.0,49.0,Weak,Watchlist only,33,0.3,0.3,0.2,58.8,0,,nan,0.0,0.0
FDMIF,Founders Metals Inc.,3.4,14,11,12,16,4,4,5,66,-20.0,49.0,Weak,Watchlist only,50,15.6,17.2,15.1,69.5,3,,Basic Materials,390035744.0,33373.94
MHIIX,MFS HIGH INCOME FUND I,3.07,11,9,5,8,4,4,3,44,2.0,49.0,Weak,Watchlist only,33,0.7,0.3,0.2,53.2,0,,nan,0.0,0.0
JFHYX,John Hancock Focused High Yield Fund Cla,3.01,12,8,5,8,4,4,3,44,2.0,49.0,Weak,Watchlist only,32,0.7,0.7,0.2,54.4,0,,nan,0.0,0.0
FMAXPX,FMAXPX,3.136,10,9,9,8,4,7,3,50,-4.0,49.0,Weak,Watchlist only,42,0.1,0.2,0.1,60.8,0,,nan,nan,0.0
SFGLF,Steadfast Group Ltd,4.08,15,4,7,7,6,2,3,44,0.0,49.0,Weak,🔥 COILED: Watchlist only,46,0.0,0.0,0.5,56.3,0,,Financial Services,3836371456.0,129.3
TPLWF,Temple & Webster Group Ltd,4.25,15,12,5,11,6,6,4,59,-13.0,49.0,Weak,Watchlist only,45,3.5,21.8,7.0,58.4,3,,Consumer Cyclical,412542592.0,3024.61
SABS,SAB Biotherapeutics Inc,3.85,14,10,8,8,9,3,2,54,-3.0,49.0,Weak,Watchlist only,60,8.1,7.5,4.8,58.5,2,,Healthcare,259970272.0,466001.61
EMBC,Embecta Corp,3.5,12,7,4,14,5,2,5,49,0.0,49.0,Weak,Watchlist only,30,-4.4,7.7,0.3,50.4,0,,Healthcare,201174208.0,1008358.58
DLTH,Duluth Holdings Inc,4.16,7,12,8,9,7,4,3,50,-5.0,49.0,Weak,Watchlist only,57,2.5,-1.0,-0.6,49.3,2,,Consumer Cyclical,126587272.0,532318.03
RENT,Rent the Runway Inc,3.62,12,16,5,9,5,0,5,52,-3.0,49.0,Weak,Watchlist only,31,2.0,19.1,5.2,56.5,2,,Consumer Cyclical,115644792.0,136338.36
GPIOX,GRANDEUR PEAK INTERNATIONAL OPPORTUNITIES FUND GRANDEUR PEAK INTERNATIONAL OPPORTUNITIES FUND INVESTOR CLASS,3.68,18,6,5,9,6,8,4,56,-7.0,49.0,Weak,Watchlist only,61,5.7,6.7,4.0,65.0,0,,nan,0.0,0.0
FTEMUX,FTEMUX,3.314,16,7,8,8,3,7,3,52,-6.0,49.0,Weak,Watchlist only,36,0.1,0.2,0.1,63.6,0,,nan,nan,0.0
TCPC,BlackRock TCP Capital Corp,3.9,16,9,7,18,4,3,5,62,-16.0,49.0,Weak,Watchlist only,38,20.0,24.6,15.7,73.1,3,,Financial Services,319669568.0,923768.68
WTLLF,Water Intelligence plc,3.81,8,9,6,8,8,4,4,47,2.0,49.0,Weak,Watchlist only,46,3.3,-5.5,-0.2,51.0,0,,Industrials,58932432.0,1754.08
GPIIX,GRANDEUR PEAK INTERNATIONAL OPPORTUNITIES FUND GRANDEUR PEAK INTERNATIONAL OPPORTUNITIES FUND INSTITUTIONAL CLASS,3.72,18,6,5,9,6,8,4,56,-7.0,49.0,Weak,Watchlist only,61,5.7,6.6,4.0,65.1,0,,nan,0.0,0.0
HYIFX,INVESCO HIGH YIELD FUND CLASS R6,3.51,10,11,4,8,4,4,3,44,2.0,49.0,Weak,Watchlist only,34,0.6,0.6,0.1,50.6,0,,nan,0.0,0.0
WAGOX,WASATCH GLOBAL OPPORTUNITIES FUND INVESTOR CLASS SHARES,4.16,16,6,5,9,3,4,4,47,-1.0,49.0,Weak,Watchlist only,57,3.5,6.4,3.0,66.4,0,,nan,0.0,0.0
MNSAF,Mineros S.A.,5.55,17,8,4,9,6,4,5,53,-2.0,49.0,Weak,Watchlist only,65,11.0,11.8,11.3,67.2,2,,Basic Materials,1209415296.0,15761.69
UNIF,U & I Financial Corp,4.31,17,5,7,14,6,0,5,54,-5.0,49.0,Weak,Watchlist only,61,1.4,3.9,3.3,71.7,1,,Financial Services,21906320.0,0.0
HIICX,CATALYST/SMH HIGH INCOME FUND CATALYST/SMH HIGH INCOME FUND CLASS C,4.07,8,7,6,9,8,4,2,44,2.0,49.0,Weak,Watchlist only,52,1.0,0.5,0.1,49.7,0,,nan,0.0,0.0
BMHL,Bluemount Holdings Limited Class B Ordinary Shares,5.64,12,10,4,8,6,5,2,47,2.0,49.0,Weak,Watchlist only,59,0.7,1.1,-0.7,48.4,1,,Financial Services,109481432.0,3475.32
NAKA,Nakamoto Inc.,4.95,17,10,6,15,9,5,5,67,-16.0,49.0,Weak,Watchlist only,57,0.0,-0.4,7.6,57.9,1,,Financial Services,86314616.0,339220.03
KHYCX,DEUTSCHE HIGH INCOME FUND CLASS C,4.43,11,8,6,8,4,4,3,44,2.0,49.0,Weak,Watchlist only,37,0.7,0.2,0.1,53.5,0,,nan,0.0,0.0
KHYIX,DEUTSCHE HIGH INCOME FUND INSTITUTIONAL CLASS,4.44,10,9,6,8,4,4,3,44,2.0,49.0,Weak,Watchlist only,34,0.7,0.2,0.2,53.5,0,,nan,0.0,0.0
PASHX,T. ROWE PRICE SHORT-TERM BOND FUND INC. T. ROWE PRICE SHORT-TERM BOND FUND-ADVISOR CLASS,4.61,10,7,6,8,4,4,3,42,2.0,49.0,Weak,🔥 COILED: Watchlist only,32,0.0,0.2,0.1,53.4,0,,nan,0.0,0.0
VLVCY,Volvo Car AB (publ.),4.31,12,10,4,11,3,4,2,46,0.0,49.0,Weak,Watchlist only,32,5.6,5.6,2.0,52.7,0,,Consumer Cyclical,7268880384.0,1075.26
NUAI,"New Era Energy & Digital, Inc.",5.16,11,6,3,15,3,6,5,49,-3.0,49.0,Weak,🔥 COILED: Watchlist only,51,6.8,-2.9,4.5,52.7,2,,Technology,583942208.0,12855311.78
SLNG,Stabilis Solutions Inc,4.73,12,12,5,14,9,0,5,57,-6.0,49.0,Weak,Watchlist only,49,-0.8,3.5,5.3,58.2,1,,Energy,94655168.0,24925.62
LINK,Interlink Electronics Inc,4.57,10,10,4,12,9,3,5,53,-5.0,49.0,Weak,Watchlist only,52,12.1,-5.6,2.8,52.9,1,,Technology,82687536.0,104433.66
HLDYX,THE HARTFORD EMERGING MARKETS LOCAL DEBT FUND CLASS Y,4.89,15,5,10,9,1,6,3,49,-3.0,49.0,Weak,Watchlist only,46,0.8,1.7,0.6,58.3,0,,nan,0.0,0.0
HWH,HWH International Inc,1.46,10,12,5,11,6,7,5,56,-6.0,48.0,Weak,Watchlist only,50,1.4,2.1,6.1,59.5,1,,Consumer Cyclical,7625928.0,2054590.8
LSRCX,SMALL-CAP VALUE SERIES CLASS C,1.12,14,5,9,9,6,4,4,51,-6.0,48.0,Weak,Watchlist only,48,2.8,2.8,1.9,63.9,0,,nan,0.0,0.0
IPLXX,Voya Investors Trust - Voya Liquid Assets Portfolio,1.0,15,5,4,8,4,4,3,43,2.0,48.0,Weak,Watchlist only,32,0.0,0.0,0.0,57.7,0,,nan,nan,0.0
ISPXX,Voya Investors Trust - Voya Liquid Assets Portfolio,1.0,15,5,4,8,4,4,3,43,2.0,48.0,Weak,Watchlist only,34,0.0,0.0,0.0,57.7,0,,nan,nan,0.0
ITLXX,Voya Investors Trust - Voya Liquid Assets Portfolio,1.0,15,5,4,8,4,4,3,43,2.0,48.0,Weak,Watchlist only,32,0.0,0.0,0.0,57.7,0,,nan,nan,0.0
TCDXX,BlackRock Liquidity Funds - TempCash,1.0,15,7,8,6,4,7,3,50,-10.0,48.0,Weak,🔥 COILED: Watchlist only,38,0.0,0.0,0.0,54.4,0,,nan,nan,0.0
ALZN,Alzamend Neuro Inc,1.38,16,5,5,15,3,4,5,53,-5.0,48.0,Weak,Watchlist only,38,2.2,9.5,4.9,58.3,2,,Healthcare,4337404.0,108419.49
SNOA,Sonoma Pharmaceuticals Inc,1.25,11,13,6,13,6,4,2,55,-3.0,48.0,Weak,Watchlist only,30,10.6,7.8,6.9,57.9,1,,Healthcare,3959851.0,87041.03
MGIMF,Verve Group SE,2.4,12,4,10,9,6,1,3,45,-2.0,48.0,Weak,🔥 COILED: Watchlist only,51,0.0,0.0,2.6,61.3,0,,Technology,411740896.0,53.5
MXCHF,Orbia Advance Corporation S.A.B. de C.V,1.32,14,5,10,8,4,5,4,50,-5.0,48.0,Weak,Watchlist only,54,0.0,0.0,0.3,57.9,1,,Industrials,2504371968.0,7194.75
SLSN,"Solesence, Inc. Common Stock",1.03,13,6,3,15,3,5,5,50,-2.0,48.0,Weak,Watchlist only,39,25.6,3.0,11.6,56.9,0,,Consumer Defensive,88643720.0,38067.4
HUIZ,Huize Holding Ltd,1.21,5,15,8,9,3,2,5,47,0.0,48.0,Weak,Watchlist only,37,1.7,0.4,-0.1,48.9,1,,Financial Services,14557803.0,156524.62
ITXXF,Itaconix plc,1.55,15,5,8,9,6,4,4,51,-8.0,48.0,Weak,🔥 COILED: Watchlist only,54,0.0,0.0,0.6,79.6,1,,Basic Materials,19959460.0,59.32
MRNFF,Meren Energy Inc.,1.46,6,15,9,8,3,4,3,48,-1.0,48.0,Weak,Watchlist only,29,2.1,-3.3,1.0,51.4,1,,Energy,1115590272.0,162410.28
MAAL,The Marketing Alliance Inc,1.79,13,3,6,9,6,5,5,47,-2.0,48.0,Weak,Watchlist only,54,0.0,-4.3,3.7,61.4,0,,Financial Services,11005195.0,0.0
CICOF,COSCO SHIPPING Holdings Co. Ltd,2.0,18,8,7,13,6,3,5,60,-12.0,48.0,Weak,Watchlist only,55,1.0,1.0,4.2,69.5,0,,Industrials,28550774784.0,0.0
IVCHF,Invicta Holdings Ltd,1.98,12,6,10,7,3,2,3,43,0.0,48.0,Weak,🔥 COILED: Watchlist only,51,0.0,0.0,0.0,50.0,0,,Industrials,171523488.0,45.5
OLPX,Olaplex Holdings Inc,2.07,17,7,5,12,6,2,3,52,-7.0,48.0,Weak,Watchlist only,54,0.0,0.5,0.6,63.7,1,,Consumer Cyclical,1367758080.0,2610513.69
SEV,Aptera Motors Corp. Class B Common Stock,2.12,15,11,8,7,5,2,4,52,-2.0,48.0,Weak,Watchlist only,31,19.1,24.0,11.4,60.0,2,,nan,81739680.0,0.0
ZHYBF,Zhong Yuan Bio-Technology Holdings Limited,2.02,10,6,11,8,3,2,3,43,0.0,48.0,Weak,🔥 COILED: Watchlist only,39,0.0,0.0,0.0,50.0,0,,Consumer Defensive,35753228.0,3.9
ACJJF,Acom Co. Ltd,2.44,10,6,11,8,3,2,3,43,0.0,48.0,Weak,🔥 COILED: Watchlist only,47,0.0,0.0,0.0,50.0,0,,Financial Services,3822537984.0,5.16
ZTG,Zenta Group Company Limited,10.05,18,8,7,18,6,4,5,66,-23,48,Weak,Watchlist only,0,196.5,187.1,131.7,91.3,2,5,Industrials,30821068.0,0.0
USEA,United Maritime Corporation,2.72,17,8,3,10,5,6,4,53,-8.0,48.0,Weak,Watchlist only,70,0.7,4.2,3.5,58.8,1,,Industrials,24322254.0,58416.78
DRAFX,Destinations Real Assets Fund,2.77,10,3,7,7,4,6,3,40,0.0,48.0,Weak,🔥 COILED: Watchlist only,55,-0.7,-0.7,0.1,52.8,0,,nan,0.0,0.0
SWPFF,Swire Properties Limited,2.75,11,6,10,9,3,4,5,48,0.0,48.0,Weak,Watchlist only,25,0.0,0.0,0.6,58.2,1,,Real Estate,17163249664.0,0.0
TNGCF,Tongcheng Travel Holdings Limited,2.8,10,6,11,8,3,2,3,43,0.0,48.0,Weak,🔥 COILED: Watchlist only,51,0.0,0.0,0.0,50.0,0,,Consumer Cyclical,6591793664.0,137.29
MPZZF,MPC Container Ships ASA,2.455,7,9,8,14,6,1,3,48,0.0,48.0,Weak,Watchlist only,49,3.6,-3.3,-0.7,48.0,0,,Industrials,1225119488.0,13894.32
GROY,Gold Royalty Corp.,2.87,13,5,10,16,2,2,5,53,-5.0,48.0,Weak,Watchlist only,27,6.7,11.2,6.8,60.3,2,,Basic Materials,717816576.0,3027763.97
SHVTF,Select Harvests Ltd,3.35,17,8,7,13,4,7,5,61,-13.0,48.0,Weak,Watchlist only,0,17.5,17.5,16.3,85.5,2,,Consumer Defensive,392263200.0,307.5
SMNOF,SMN Corporation,2.97,9,6,11,9,3,2,3,43,0.0,48.0,Weak,🔥 COILED: Watchlist only,53,0.0,0.0,0.0,50.0,0,,Communication Services,43442288.0,42.0
PN,Skycorp Solar Group Limited Ordinary Shares,8.29,11,12,1,13,5,0,5,47,-4.0,48.0,Weak,Watchlist only,52,-65.0,-12.2,-2.8,50.8,1,,Technology,46704084.0,467671.61
ELAMF,Elamex SA de CV,2.81,15,4,7,11,6,2,3,48,-5.0,48.0,Weak,🔥 COILED: Watchlist only,41,0.0,0.0,0.1,50.0,1,,Consumer Defensive,7473704.0,18.5
MHIJX,MFS HIGH INCOME FUND R4,3.09,8,10,6,8,4,4,3,43,2.0,48.0,Weak,Watchlist only,32,0.7,0.7,0.2,54.3,0,,nan,0.0,0.0
JYHIX,JOHN HANCOCK FOCUSED HIGH YIELD FUND CLASS I,3.02,11,9,7,8,4,4,3,46,2.0,48.0,Weak,Watchlist only,33,0.7,0.7,0.2,56.1,0,,nan,0.0,0.0
GROY-WS,GROY-WS,2.87,13,5,10,16,2,2,5,53,-5.0,48.0,Weak,Watchlist only,27,6.7,11.2,6.8,60.3,2,,nan,nan,3029327.72
GRBMF,Grupo Bimbo S.A.B. De C.V.,3.52,18,6,8,12,4,2,5,55,-3.0,48.0,Weak,Watchlist only,59,0.6,10.7,4.9,72.6,2,,Consumer Defensive,14461111296.0,0.0
SWSSF,Swiss Water Decaffeinated Coffee Inc,4.2,16,6,10,11,6,6,3,58,-13.0,48.0,Weak,Watchlist only,57,0.0,0.0,1.2,99.8,0,,Consumer Defensive,32944754.0,172.0
DEXSF,DEXUS,4.32,18,4,6,9,4,5,5,51,-3.0,48.0,Weak,Watchlist only,38,13.7,12.5,9.1,79.0,2,,Real Estate,3780879616.0,273.57
HYINX,INVESCO HIGH YIELD FUND INVESTOR CLASS,3.51,11,9,4,8,4,4,3,43,2.0,48.0,Weak,Watchlist only,33,0.6,0.6,0.1,51.1,0,,nan,0.0,0.0
AHHYX,INVESCO HIGH YIELD FUND CLASS Y,3.52,11,9,4,8,4,4,3,43,2.0,48.0,Weak,Watchlist only,35,0.6,0.6,0.1,51.9,0,,nan,0.0,0.0
WPPGF,WPP plc,4.064,14,5,6,11,6,0,5,47,1.0,48.0,Weak,Watchlist only,40,-7.2,9.8,3.8,60.4,2,,Communication Services,3742480128.0,6201.81
TBNGY,Bukit Asam Tbk PT ADR,3.8,16,5,8,13,3,1,5,51,-3.0,48.0,Weak,Watchlist only,34,0.0,0.0,3.2,71.3,0,,Energy,1838778368.0,705.75
BOF,BranchOut Food Inc. Common Stock,4.12,15,6,9,7,7,2,2,48,-5.0,48.0,Weak,🔥 COILED: Watchlist only,64,4.3,1.7,0.8,51.3,2,,Consumer Defensive,57435112.0,446355.58
WYHG,Wing Yip Food Holdings Group Limited American Depositary Shares,9.83,20,12,5,7,8,8,5,65,-22,48,Weak,Watchlist only,57,152.7,166.4,128.9,82.2,2,6,Consumer Defensive,42781288.0,93384.27
LOLDX,Lord Abbett Short Duration Income Cl F3,3.84,10,7,8,8,3,4,3,43,2.0,48.0,Weak,Watchlist only,33,0.3,0.3,0.1,56.2,0,,nan,0.0,0.0
GMWPX,GOLDMAN SACHS LOCAL EMERGING MARKETS DEBT FUND CLASS P SHARES,4.01,9,8,6,8,3,4,3,41,2.0,48.0,Weak,🔥 COILED: Watchlist only,37,0.5,0.2,0.1,50.1,0,,nan,nan,0.0
AUNA,Auna S.A.,5.2,14,14,10,5,7,0,3,53,-10.0,48.0,Weak,🔥 COILED: Watchlist only,40,0.2,6.6,1.3,54.1,0,,Healthcare,328810080.0,266329.44
KHYQX,DEUTSCHE HIGH INCOME FUND CLASS R6,4.43,10,9,5,8,4,4,3,43,2.0,48.0,Weak,Watchlist only,34,0.7,0.2,0.2,53.0,0,,nan,0.0,0.0
PRDSF,Prada S.p.A,5.02,16,5,9,6,6,5,3,50,-10.0,48.0,Weak,🔥 COILED: Watchlist only,51,4.6,-0.6,1.2,54.8,0,,Consumer Cyclical,12319345664.0,0.0
SDSAX,WESTERN ASSET GLOBAL STRATEGIC INCOME FUND CLASS A,4.94,9,11,5,8,3,4,3,43,2.0,48.0,Weak,Watchlist only,29,0.4,0.4,0.0,47.3,0,,nan,0.0,0.0
IVFIX,FEDERATED INTERNATIONAL STRATEGIC VALUE DIVIDEND FUND INSTITUTIONAL SHARES,4.98,11,12,9,7,6,2,3,50,-10.0,48.0,Weak,🔥 COILED: Watchlist only,49,-1.2,1.0,0.2,54.3,0,,nan,0.0,0.0
SHIAX,WESTERN ASSET SHORT DURATION HIGH INCOME FUND CLASS A,4.75,11,8,5,8,4,4,3,43,2.0,48.0,Weak,Watchlist only,31,0.4,0.4,0.1,52.5,0,,nan,0.0,0.0
HLDSX,THE HARTFORD EMERGING MARKETS LOCAL DEBT FUND CLASS R4,4.96,14,5,10,9,1,6,3,48,-3.0,48.0,Weak,Watchlist only,46,0.6,1.6,0.5,57.4,0,,nan,0.0,0.0
LWHIX,WESTERN ASSET SHORT DURATION HIGH INCOME FUND CLASS C,4.75,12,8,4,8,4,4,3,43,2.0,48.0,Weak,Watchlist only,31,0.4,0.4,0.1,51.3,0,,nan,0.0,0.0
IVFLX,FEDERATED INTERNATIONAL STRATEGIC VALUE DIVIDEND FUND CLASS R6 SHARES,4.97,11,12,9,7,6,2,3,50,-10.0,48.0,Weak,🔥 COILED: Watchlist only,49,-1.2,1.0,0.2,54.2,0,,nan,0.0,0.0
NWSZF,NWS Holdings Limited,1.0,9,4,10,9,3,2,3,40,2.0,47.0,Weak,🔥 COILED: Watchlist only,41,0.0,0.0,-0.0,48.1,0,,Industrials,4565157376.0,6.33
VMVXX,JPMorgan Trust I - JPMorgan Prime Money Market Fund,1.001,14,5,8,6,6,7,3,49,-10.0,47.0,Weak,🔥 COILED: Watchlist only,41,0.0,0.0,0.0,53.1,0,,nan,nan,0.0
BVSFF,Bravura Solutions Limited,1.05,7,7,11,8,4,2,3,42,0.0,47.0,Weak,🔥 COILED: Watchlist only,30,0.0,0.0,0.0,50.1,0,,Technology,479680992.0,139.25
ICON,Icon Energy Corp.,1.02,12,5,6,12,2,7,5,49,-5.0,47.0,Weak,Watchlist only,45,-3.8,0.0,1.7,51.4,1,,Industrials,3567616.0,383002.78
PCUUF,Pecoy Copper Corp.,1.09,7,12,9,8,3,2,4,45,2.0,47.0,Weak,Watchlist only,33,6.9,0.9,2.3,50.6,1,,nan,nan,0.0
TTGPF,TT Electronics plc,1.75,16,9,12,13,6,8,5,69,-18.0,47.0,Weak,Watchlist only,63,9.4,9.4,8.8,95.6,2,,Technology,237243232.0,1906.5
KRNGF,Karoon Energy Ltd,1.14,10,8,6,9,4,2,5,44,0.0,47.0,Weak,Watchlist only,28,-3.0,6.5,2.2,54.8,0,,Energy,1030740288.0,0.0
SCTSF,Scottie Resources Corp,1.59,13,10,10,13,5,2,5,58,-9.0,47.0,Weak,Watchlist only,49,8.2,6.7,7.1,58.7,2,,Basic Materials,122323808.0,46799.19
GRNQ,GreenPro Capital Corp,10.0,17,10,6,8,6,12,5,64,-22,47,Weak,Watchlist only,73,758.4,726.4,378.9,94.9,3,8,Industrials,27634970.0,106380.6
COLZF,Coca-Cola Içecek Anonim Sirketi,1.68,6,7,10,8,3,5,3,42,0.0,47.0,Weak,🔥 COILED: Watchlist only,47,0.0,0.0,-0.1,42.5,0,,Consumer Defensive,4784714752.0,1341.69
YUEIF,Yue Yuen Industrial (Holdings) Limited,1.8,18,6,8,9,4,1,5,51,-4.0,47.0,Weak,Watchlist only,0,4.0,10.4,5.8,68.9,2,,Consumer Cyclical,2908116224.0,0.0
TRKYY,Türkiye Sinai Kalkinma Bankasi A.S,1.8,7,7,11,9,3,2,3,42,0.0,47.0,Weak,🔥 COILED: Watchlist only,47,0.0,0.0,0.0,51.9,0,,Financial Services,338800000.0,30.0
LEDS,SemiLEDS Corporation,2.13,13,9,2,11,7,5,5,52,-3.0,47.0,Weak,Watchlist only,54,9.2,-12.0,1.6,51.6,1,,Technology,16019847.0,33325.31
XTGRF,Xtra-Gold Resources Corp,1.84,10,12,7,13,4,2,5,53,-4.0,47.0,Weak,Watchlist only,23,11.5,4.5,6.9,59.2,0,,Basic Materials,92972432.0,11851.0
WAIOX,WASATCH INTERNATIONAL OPPORTUNITIES FUND INVESTOR CLASS SHARES,1.94,16,5,6,9,1,7,3,47,-3.0,47.0,Weak,Watchlist only,42,3.2,3.2,1.7,58.0,0,,nan,0.0,0.0
PRPS,Propellus Inc,2.3,18,10,7,12,7,10,4,68,-21.0,47.0,Weak,Watchlist only,59,2.2,5.0,3.8,87.7,1,,Financial Services,17542234.0,761.0
NTCL,NETCLASS TECHNOLOGY INC Class A Ordinary Shares,2.89,13,11,3,10,9,0,2,48,-1.0,47.0,Weak,Watchlist only,67,-0.3,-17.2,-2.3,50.9,2,,Technology,105499512.0,1754800.08
LNSPF,LondonMetric Property Plc,2.47,10,7,11,7,3,1,3,42,0.0,47.0,Weak,🔥 COILED: Watchlist only,18,0.0,0.0,0.0,46.3,0,,Real Estate,6304780288.0,1118.0
GZPHF,Guangzhou Baiyunshan Pharmaceutical Holdings Company Limited,2.34,10,6,11,9,3,2,3,44,0.0,47.0,Weak,Watchlist only,47,0.0,0.0,0.0,31.1,0,,Healthcare,3479192832.0,418.8
ANVI,"Anvi Global Holdings, Inc.",2.46,7,7,11,9,3,2,3,42,0.0,47.0,Weak,🔥 COILED: Watchlist only,44,0.0,0.0,0.0,51.9,0,,Basic Materials,295076992.0,4.0
BLIV,BeLive Holdings Ordinary Share,2.36,12,5,9,7,6,3,5,47,-5.0,47.0,Weak,🔥 COILED: Watchlist only,52,7.3,-0.8,1.3,53.2,1,,Technology,24989044.0,5640.56
MOBBW,Mobilicom Limited Warrants,2.13,4,14,3,14,3,2,5,45,4.0,47.0,Weak,Watchlist only,47,29.9,5.4,9.4,52.4,1,,nan,727576960.0,14239.39
TKGBY,Turkiye Garanti Bankasi AS,2.79,6,12,5,12,3,2,2,42,2.0,47.0,Weak,Watchlist only,30,4.5,-1.1,0.7,49.5,1,,Financial Services,13572413440.0,9265.12
NPPHY,Nippon Paint Holdings Co. Ltd.,4.21,16,9,3,14,7,6,5,60,-13.0,47.0,Weak,Watchlist only,64,1.7,21.5,9.1,59.6,2,,Basic Materials,13916751872.0,2764.21
RKIGF,Reko International Group Inc,3.0,12,6,10,8,3,2,3,44,0.0,47.0,Weak,Watchlist only,49,0.0,0.0,0.0,50.0,0,,Industrials,16452939.0,12.5
PEXUF,PTT Exploration and Production Public Company Limited ,3.48,8,7,11,8,3,2,3,42,0.0,47.0,Weak,🔥 COILED: Watchlist only,47,0.0,0.0,0.0,50.0,0,,Energy,13815548928.0,0.0
GRAB,Grab Holdings Ltd,3.67,14,12,4,9,5,5,2,51,-4.0,47.0,Weak,Watchlist only,41,7.9,11.2,2.4,54.2,2,,Technology,14151399424.0,49543273.51
OFS,OFS Capital Corp,3.79,13,14,10,10,4,3,3,57,-11.0,47.0,Weak,Watchlist only,39,15.2,14.2,7.5,59.8,3,,Financial Services,45553468.0,86188.6
NEHCX,LOOMIS SAYLES HIGH INCOME FUND CLASS C,3.66,11,8,4,8,4,4,3,42,2.0,47.0,Weak,Watchlist only,37,0.5,0.3,0.1,50.3,0,,nan,0.0,0.0
WAFMX,WASATCH FRONTIER EMERGING SMALL COUNTRIES FUND INVESTOR CLASS SHARES,3.73,17,5,5,9,1,7,3,47,-3.0,47.0,Weak,Watchlist only,47,3.3,2.2,1.3,55.6,0,,nan,0.0,0.0
VESTF,Corporación Inmobiliaria Vesta S.A.B. de C.V,3.95,16,5,7,13,3,2,4,50,-3.0,47.0,Weak,Watchlist only,0,0.0,2.6,1.1,71.7,0,,Real Estate,1518225664.0,0.0
BDCO,Blue Dolphin Energy Co,4.0,12,4,8,8,5,4,3,44,0.0,47.0,Weak,Watchlist only,53,-5.0,-3.8,-1.6,48.9,0,,Energy,56703476.0,10351.32
TLIH,Ten-League International Holdings Limited Ordinary Shares,5.76,10,4,9,14,3,4,5,49,-2.0,47.0,Weak,Watchlist only,62,-1.2,-0.4,3.5,66.7,0,,Industrials,11291270.0,263970.17
NWPP,New Peoples Bankshares Inc,4.5,17,4,8,15,6,3,4,57,-13.0,47.0,Weak,Watchlist only,66,0.2,3.4,1.4,72.6,0,,Financial Services,102230944.0,0.0
KHYAX,DEUTSCHE HIGH INCOME FUND CLASS A,4.43,10,8,5,8,4,4,3,42,2.0,47.0,Weak,Watchlist only,34,0.7,0.2,0.2,53.6,0,,nan,0.0,0.0
TKNO,Alpha Teknova Inc,6.53,19,11,10,13,6,8,5,72,-28,47,Weak,Watchlist only,69,29.3,25.6,21.8,73.6,3,,Healthcare,291124160.0,202227.21
LVITX,Western Asset Core Plus VIT Portfolio CL,4.65,9,8,5,8,3,4,3,40,2.0,47.0,Weak,🔥 COILED: Watchlist only,37,0.4,0.6,0.0,49.1,0,,Other,0.0,0.0
CVHSY,Cablevisión Holding S.A,5.0,8,4,11,10,6,5,3,47,0.0,47.0,Weak,Watchlist only,52,0.0,0.0,0.0,55.1,0,,Communication Services,903212864.0,0.0
PHYQX,PRUDENTIAL HIGH YIELD FUND CLASS Q,4.76,9,11,4,8,3,4,3,42,2.0,47.0,Weak,Watchlist only,32,0.4,0.4,0.0,48.4,0,,nan,0.0,0.0
PHYZX,PRUDENTIAL HIGH YIELD FUND CLASS Z,4.77,9,11,4,8,3,4,3,42,2.0,47.0,Weak,Watchlist only,32,0.4,0.4,0.0,48.4,0,,nan,0.0,0.0
HOSGX,SHORT-TERM GOVERNMENT SECURITIES FUND SHORT-TERM GOVERNMENT SECURITIES FUND,4.98,8,8,5,8,4,4,3,40,2.0,47.0,Weak,🔥 COILED: Watchlist only,30,0.0,0.4,0.0,48.8,0,,nan,0.0,0.0
ITRYF,Ishares PLC - Ishares Treasury Bond 0-1 year UCITS ETF,4.992,13,9,10,12,6,7,3,60,-13.0,47.0,Weak,Watchlist only,61,0.2,0.2,0.2,94.4,0,,Other,nan,365709.58
EMTRF,Element 29 Resources Inc,1.24,17,4,6,15,3,5,5,55,-9.0,46.0,Weak,Watchlist only,71,2.1,3.3,5.6,63.3,1,,Basic Materials,188697568.0,72066.88
CCXIW,Churchill Capital Corp XI Warrants,7.905,16,9,9,13,7,3,5,62,-14.0,46.0,Weak,Watchlist only,0,19.8,12.8,16.5,64.5,3,,nan,nan,0.0
MBGPF,Moberg Pharma AB (publ),1.1,15,4,11,9,6,2,3,50,-7.0,46.0,Weak,Watchlist only,0,0.0,0.0,0.0,63.3,1,,Healthcare,51700692.0,0.0
JDDSF,JD Sports Fashion plc,1.06,4,4,10,9,6,5,3,41,0.0,46.0,Weak,🔥 COILED: Watchlist only,35,0.0,0.0,-0.4,44.1,0,,Consumer Cyclical,5789293056.0,276.0
PANHF,Ping An Healthcare and Technology Company Limited,0.97,5,7,8,13,0,6,2,41,0.0,46.0,Weak,🔥 COILED: Watchlist only,19,0.0,5.3,1.5,49.5,0,,Healthcare,4253251840.0,58.56
APWC,Asia Pacific Wire & Cable Corp Ltd,1.6,14,8,3,11,7,4,4,51,-3.0,46.0,Weak,Watchlist only,46,8.1,7.4,4.0,56.2,1,,Industrials,56488464.0,11069.93
ACMIF,ACMIF,1.439,8,12,7,10,5,2,2,46,-1.0,46.0,Weak,Watchlist only,54,10.6,5.8,2.7,52.1,0,,nan,nan,19022.95
AIB,"BlockchAIn Digital Infrastructure, Inc",1.92,9,8,10,17,4,2,4,54,-8.0,46.0,Weak,Watchlist only,0,8.5,7.3,1.8,51.0,1,,Technology,77927488.0,0.0
BKEAY,Bank of East Asia Limited,2.2,18,8,6,11,6,2,5,56,-10.0,46.0,Weak,Watchlist only,66,7.8,37.5,18.1,86.0,2,,Financial Services,4547377152.0,0.0
PALI,Palisade Bio Inc,2.09,13,6,10,9,7,4,5,54,-8.0,46.0,Weak,Watchlist only,62,6.6,3.5,4.9,56.6,1,,Healthcare,335394752.0,5322832.89
BEOLF,Beyond Oil Ltd.,1.62,7,14,4,11,4,4,3,47,-1.0,46.0,Weak,Watchlist only,26,3.2,0.0,1.2,49.7,1,,Consumer Defensive,137256928.0,9524.43
SHFH,Scientist Home Future Health Limited,1.9,10,6,11,8,6,2,3,46,-5.0,46.0,Weak,🔥 COILED: Watchlist only,0,0.0,0.0,0.0,50.0,1,,Healthcare,45060400.0,0.0
NUAIW,"New Era Energy & Digital, Inc.",2.35,13,8,3,7,5,3,2,41,2.0,46.0,Weak,Watchlist only,59,7.8,-6.0,7.1,54.0,1,,nan,nan,137413.66
TZROP,tZERO Group Inc,1.98,4,4,11,10,3,6,3,41,0.0,46.0,Weak,🔥 COILED: Watchlist only,38,0.0,0.0,0.0,51.9,0,,Financial Services,nan,6337.1
TELDF,Telefónica Deutschland Holding AG,2.263,10,7,6,7,3,5,3,41,0.0,46.0,Weak,🔥 COILED: Watchlist only,40,0.0,0.0,0.0,54.8,0,,Communication Services,6687346688.0,124.0
BMRPF,B&M European Value Retail S.A,3.045,18,4,7,13,6,5,5,58,-12.0,46.0,Weak,Watchlist only,53,6.8,6.8,8.6,88.2,0,,Consumer Defensive,2140731648.0,14001.98
MMTHF,Momentum Group Limited,2.15,15,6,10,6,6,2,3,48,-10.0,46.0,Weak,🔥 COILED: Watchlist only,53,0.0,0.0,0.8,50.0,0,,Financial Services,901726208.0,52.36
VFORF,VFORF,1.87,7,15,9,9,4,4,3,51,-5.0,46.0,Weak,Watchlist only,29,0.5,5.1,0.8,50.7,1,,Communication Services,44204052.0,3645.74
PRT,PermRock Royalty Trust,2.25,7,12,5,8,4,2,5,43,2.0,46.0,Weak,Watchlist only,32,3.2,-0.9,1.5,51.9,1,,Energy,25426378.0,53898.22
CABI,Cabbacis Inc.,2.0,12,6,5,11,3,1,3,41,0.0,46.0,Weak,🔥 COILED: Watchlist only,21,0.0,0.0,0.3,45.6,0,,Consumer Defensive,15584014.0,0.0
BOREF,Borealis Exploration Ltd,2.0,9,4,11,11,4,4,3,46,-5.0,46.0,Weak,🔥 COILED: Watchlist only,43,0.0,0.0,0.0,52.4,1,,Financial Services,10897809.0,940.43
DSX,Diana Shipping Inc.,2.51,19,6,6,16,3,4,5,59,-13.0,46.0,Weak,Watchlist only,51,9.1,13.1,8.7,67.1,2,,Industrials,294029184.0,607667.89
UNJCF,Unicaja Banco S.A,3.05,9,6,11,7,3,2,3,41,0.0,46.0,Weak,🔥 COILED: Watchlist only,57,0.0,0.0,0.0,50.0,0,,Financial Services,7833011200.0,2.5
PAZRF,Plaza Retail REIT,3.72,15,4,7,13,7,5,5,56,-10.0,46.0,Weak,Watchlist only,65,0.3,0.3,2.9,74.9,0,,Real Estate,360533184.0,0.0
RROTF,Roots Corporation,2.55,10,6,3,13,3,7,2,44,2.0,46.0,Weak,Watchlist only,47,8.1,8.1,0.9,47.0,1,,Consumer Cyclical,126615544.0,418.39
MHIKX,MFS HIGH INCOME FUND R5,3.08,8,8,6,8,4,4,3,41,2.0,46.0,Weak,Watchlist only,32,0.7,0.7,0.2,54.4,0,,nan,0.0,0.0
ASOMY,ASOS plc PK,5.15,16,8,10,17,6,7,5,69,-28.0,46.0,Weak,Watchlist only,70,4.3,11.0,8.8,78.4,3,,Consumer Cyclical,424752992.0,1564.44
CCEL,CryoCell International Inc,3.57,13,6,5,11,3,2,3,43,-3.0,46.0,Weak,Watchlist only,42,6.2,2.0,2.5,53.7,1,,Healthcare,28193024.0,12334.69
XFOR,X4 Pharmaceuticals Inc,4.17,15,10,4,10,7,3,5,54,-6.0,46.0,Weak,Watchlist only,48,4.2,4.5,3.6,55.6,1,,Healthcare,378222016.0,675697.18
MASK,3 E Network Technology Group Ltd Class A Ordinary Shares,1.55,8,12,8,8,3,2,2,43,2.0,46.0,Weak,Watchlist only,37,5.4,2.0,-3.5,43.1,1,,Technology,4631380.0,2471308.6
HFUS,Hartford Great Health Corp,4.0,8,7,10,8,3,2,3,41,0.0,46.0,Weak,🔥 COILED: Watchlist only,34,0.0,0.0,-0.0,47.2,0,,Communication Services,100108016.0,155.85
SBDS,"Solo Brands, Inc.",3.9,8,11,7,12,3,3,5,49,-3.0,46.0,Weak,Watchlist only,35,2.9,-7.1,0.9,50.5,1,,Consumer Cyclical,10832179.0,34270.91
PNAGF,PETRONAS Gas Berhad,4.45,3,4,10,10,6,5,3,41,0.0,46.0,Weak,🔥 COILED: Watchlist only,39,0.0,0.0,-0.1,47.1,0,,Energy,8558014976.0,0.0
MCSNX,MFS Commodity Strategy Fund Class R1,4.26,4,10,5,7,3,5,3,37,4.0,46.0,Weak,🔥 COILED: Watchlist only,38,-1.2,-3.6,-0.3,48.8,0,,nan,nan,0.0
SICUF,Siam City Cement Public Company Limited,4.55,9,6,11,7,3,2,3,41,0.0,46.0,Weak,🔥 COILED: Watchlist only,52,0.0,0.0,0.0,50.0,0,,Basic Materials,1790293888.0,5.18
IGR,CBRE Clarion Global Real Estate Income Fund,4.68,9,5,9,7,3,3,3,39,2.0,46.0,Weak,🔥 COILED: Watchlist only,53,-1.3,1.7,0.1,51.5,0,,Financial Services,1039987000.0,817561.56
OMSE,OMS Energy Technologies Inc.,4.388,15,16,6,2,5,5,4,53,-8.0,46.0,Weak,Watchlist only,31,4.0,1.7,2.7,56.7,1,,Energy,198659920.0,49380.73
GCV,Gabelli Convertible and Income Securities Mutual Fund,4.63,10,8,4,10,3,8,3,46,0.0,46.0,Weak,Watchlist only,64,2.7,0.2,0.5,52.2,0,,Financial Services,119904700.0,72382.76
OIBIX,Oppenheimer Int'l Bd Fd Cl I,4.61,13,6,7,7,3,7,3,46,-5.0,46.0,Weak,🔥 COILED: Watchlist only,36,0.2,2.2,0.3,52.5,0,,nan,0.0,0.0
PIMSX,VIRTUS MULTI-SECTOR SHORT TERM BOND FUND CLASS I SHARES,4.55,10,7,5,8,4,4,3,41,2.0,46.0,Weak,Watchlist only,30,0.2,0.4,0.1,53.2,0,,nan,0.0,0.0
ADBG,Leverage Shares 2X Long ADBE Daily ETF,4.63,14,10,5,15,5,4,5,58,-10.0,46.0,Weak,Watchlist only,37,10.0,47.5,14.2,62.5,2,,nan,nan,1850331.11
PTAUF,Port of Tauranga Limited,4.89,9,6,11,7,3,2,3,41,0.0,46.0,Weak,🔥 COILED: Watchlist only,52,0.0,0.0,0.0,50.0,0,,Industrials,3326425344.0,34.89
IVFAX,FEDERATED INTERNATIONAL STRATEGIC VALUE DIVIDEND FUND CLASS A SHARES,4.97,11,12,9,7,6,0,3,48,-10.0,46.0,Weak,🔥 COILED: Watchlist only,49,-1.2,1.0,0.3,54.8,0,,nan,0.0,0.0
JDYRX,PRUDENTIAL HIGH YIELD FUND CLASS R,4.76,10,8,4,8,4,4,3,41,2.0,46.0,Weak,Watchlist only,32,0.4,0.4,0.1,51.0,0,,nan,0.0,0.0
PDVRX,PUTNAM DIVERSIFIED INCOME TRUST CLASS R SHARES,4.87,10,8,4,8,4,4,3,41,2.0,46.0,Weak,Watchlist only,30,0.6,0.4,0.1,50.8,0,,nan,0.0,0.0
AIRJW,AirJoule Technologies Corporation,1.54,17,7,7,16,7,7,5,66,-18.2,45.8,Weak,Watchlist only,58,43.9,37.5,28.1,69.1,2,,nan,nan,39080.29
CLNXX,Columbia Funds Series Trust II - Columbia Money Market Fund,1.0,10,9,11,6,4,2,3,45,-8.0,45.0,Weak,🔥 COILED: Watchlist only,46,0.0,0.0,0.0,50.8,0,,nan,nan,0.0
OGI,OrganiGram Holdings Inc,0.99,9,9,9,12,5,2,3,49,-5.0,45.0,Weak,Watchlist only,18,2.3,7.6,3.3,54.5,2,,Healthcare,152037024.0,819375.81
MMTLF,Madison Metals Inc.,0.764,8,11,7,13,3,4,2,48,-3.0,45.0,Weak,Watchlist only,45,9.8,6.9,4.9,52.7,1,,Energy,69444312.0,8230.43
PFHO,Pacific Health Care Organization Inc,0.9,5,12,9,13,4,1,5,49,-4.0,45.0,Weak,Watchlist only,26,5.9,9.0,4.3,52.8,2,,Healthcare,14336000.0,0.0
SUPIF,Supermarket Income REIT plc,1.1,9,6,11,8,6,2,3,45,-3.0,45.0,Weak,Watchlist only,49,0.0,0.0,0.0,79.6,0,,Industrials,nan,0.0
REI,Ring Energy Inc,1.28,13,13,7,10,3,7,5,58,-13.0,45.0,Weak,Watchlist only,39,3.2,-2.3,4.4,56.4,1,,Energy,342702400.0,3584060.22
SRRLF,Sirius Real Estate Limited,1.35,10,13,5,7,3,3,3,44,1.0,45.0,Weak,Watchlist only,41,6.3,3.9,3.6,64.2,1,,Real Estate,2143994112.0,173.71
GLBXF,Globex Mining Enterprises Inc,1.36,8,10,8,14,3,5,4,52,-7.0,45.0,Weak,Watchlist only,27,3.0,3.0,0.8,50.8,1,,Basic Materials,82048088.0,41628.89
HSTI,High Sierra Technologies Inc,1.4,9,7,10,9,3,4,3,45,-5.0,45.0,Weak,🔥 COILED: Watchlist only,43,0.0,0.0,0.0,51.9,1,,Healthcare,29346446.0,78.75
JCSE,JE Cleantech Holdings Ltd,1.43,16,6,9,6,7,1,5,50,-8.0,45.0,Weak,🔥 COILED: Watchlist only,55,-3.4,-2.7,2.7,53.7,0,,Industrials,6984128.0,534325.72
PZCUY,PZ Cussons PLC ADR,1.51,10,6,10,8,3,2,3,42,0.0,45.0,Weak,Watchlist only,32,0.0,0.0,-0.0,10.4,1,,Consumer Defensive,317366944.0,0.0
ONTTF,Oxford Nanopore Technologies Limited,1.62,13,14,10,6,4,2,3,52,-11.0,45.0,Weak,Watchlist only,40,9.5,5.2,4.9,57.1,2,,Healthcare,1897150336.0,26810.18
FHRRX,FRANKLIN HIGH INCOME FUND CLASS R6,1.74,10,5,6,8,4,4,3,40,2.0,45.0,Weak,Watchlist only,33,0.6,0.6,0.2,54.8,0,,nan,0.0,0.0
PSGTY,Semen Indonesia Persero Tbk PT,1.63,9,5,10,7,3,4,5,43,2.0,45.0,Weak,Watchlist only,19,0.0,0.0,1.1,48.6,0,,Basic Materials,629773376.0,0.0
DSITF,Dixons Carphone plc,2.24,17,3,8,13,6,3,5,55,-13.0,45.0,Weak,Watchlist only,57,0.0,1.8,3.0,82.0,0,,Consumer Cyclical,2045115136.0,0.0
RPID,Rapid Micro Biosystems Inc,2.08,14,6,9,11,1,4,5,50,-5.0,45.0,Weak,Watchlist only,35,-1.4,4.5,2.2,55.7,1,,Healthcare,99145400.0,170660.57
GFSEF,GFSEF,2.0,8,7,10,7,3,2,3,40,0.0,45.0,Weak,🔥 COILED: Watchlist only,43,0.0,0.0,-0.0,47.9,0,,Financial Services,15649690624.0,0.0
PTTWF,Orange Polska S.A,2.05,7,7,10,8,3,2,3,40,0.0,45.0,Weak,🔥 COILED: Watchlist only,47,0.0,0.0,0.0,51.9,0,,Communication Services,2690332928.0,11.61
WSSTF,Western Bulk Chartering AS,2.22,15,5,7,13,6,9,3,58,-13.0,45.0,Weak,Watchlist only,59,0.9,0.9,0.8,100.0,0,,Industrials,76312600.0,115.26
GLBS,Globus Maritime Ltd,3.17,18,10,4,15,6,4,5,62,-15.0,45.0,Weak,Watchlist only,69,7.1,7.8,7.4,57.9,1,,Industrials,45754472.0,118808.53
SAXJY,Sa Sa International Holdings Ltd ADR,2.55,19,8,5,15,3,7,2,59,-10.0,45.0,Weak,Watchlist only,47,12.1,24.4,9.3,63.8,2,,Consumer Cyclical,380140704.0,843.74
TV,Grupo Televisa SAB ADR,2.84,10,15,8,8,8,0,4,53,-6.0,45.0,Weak,Watchlist only,40,-1.4,1.8,2.2,55.6,1,,Communication Services,1407250304.0,1656824.32
VULNF,Vulcan Energy Resources Limited,2.0,8,13,9,8,3,2,5,48,-3.0,45.0,Weak,Watchlist only,25,7.8,3.9,2.8,50.8,2,,Basic Materials,1282810752.0,2588.45
TRDTF,Trident Resources Corp.,2.51,12,14,7,8,3,2,2,48,-1.0,45.0,Weak,Watchlist only,45,9.0,3.1,2.9,51.5,1,,Basic Materials,116194256.0,26206.77
KPRX,Kiora Pharmaceuticals Inc,2.56,7,12,11,15,4,0,3,52,-8.0,45.0,Weak,Watchlist only,61,0.2,2.4,0.4,50.9,1,,Healthcare,11496453.0,185673.01
XCIKX,Credit Suisse Asset Management Income Fd Inc,2.72,11,7,6,8,4,4,3,43,2.0,45.0,Weak,Watchlist only,39,0.7,1.1,0.3,57.5,0,,Other,0.0,0.0
WMMVF,Wal Mart de Mexico SAB de CV,2.862,8,11,9,10,4,3,3,48,-1.0,45.0,Weak,Watchlist only,29,-1.7,6.0,0.5,50.4,1,,Consumer Defensive,52044349440.0,79637.63
HAIIF,Haitian International Holdings Limited,3.0,16,4,3,11,8,5,5,52,-3.0,45.0,Weak,Watchlist only,64,7.1,7.1,4.9,74.9,0,,Industrials,4468800000.0,9.5
SLVYY,Solvay SA ADR,3.04,11,10,9,9,4,4,4,51,-6.0,45.0,Weak,Watchlist only,42,-0.3,2.4,1.6,57.4,1,,Basic Materials,3162350080.0,36154.13
LTNYX,Opnhmr Rchstr Ltd Tm Nw Yk Mncpl Fd A,2.78,6,13,3,8,3,4,3,40,2.0,45.0,Weak,Watchlist only,33,0.4,0.4,-0.0,44.6,0,,nan,0.0,0.0
MLACX,MAINSTAY LARGE CAP GROWTH FUND CLASS C,2.86,16,5,4,9,1,7,3,45,-3.0,45.0,Weak,Watchlist only,42,5.5,3.2,2.2,56.8,0,,nan,0.0,0.0
URLGX,COLUMBIA SELECT LARGE CAP GROWTH FUND COLUMBIA SELECT LARGE CAP GROWTH FUND CLASS R,3.13,18,5,4,9,1,5,4,46,-4.0,45.0,Weak,Watchlist only,58,6.1,5.0,3.4,61.8,0,,nan,0.0,0.0
VFS,VinFast Auto Ltd. Ordinary Shares,3.28,15,12,3,9,4,2,5,50,-3.0,45.0,Weak,Watchlist only,29,5.8,6.8,4.8,58.0,1,,Consumer Cyclical,7907632128.0,566964.38
ARAAF,Aclara Resources Inc,2.717,10,14,9,10,3,2,2,50,-6.0,45.0,Weak,Watchlist only,48,7.8,4.3,3.6,53.2,2,,Basic Materials,752060736.0,158802.46
MHIHX,MFS HIGH INCOME FUND R3,3.07,8,8,5,8,4,4,3,40,2.0,45.0,Weak,Watchlist only,31,0.7,0.7,0.2,54.3,0,,nan,0.0,0.0
MHITX,MFS HIGH INCOME FUND A,3.08,8,8,5,8,4,4,3,40,2.0,45.0,Weak,Watchlist only,31,0.7,0.7,0.2,54.4,0,,nan,0.0,0.0
MHICX,MFS HIGH INCOME FUND C,3.09,8,8,5,8,4,4,3,40,2.0,45.0,Weak,Watchlist only,33,0.7,0.7,0.2,54.3,0,,nan,0.0,0.0
UPBMF,United Plantations Berhad,3.507,7,7,10,8,3,2,3,40,0.0,45.0,Weak,🔥 COILED: Watchlist only,47,0.0,0.0,0.0,51.9,0,,Consumer Defensive,2181771008.0,1.08
ZIVO,Zivo Bioscience Inc,4.02,5,11,5,12,8,0,2,43,-1.0,45.0,Weak,Watchlist only,33,0.5,-19.6,-5.1,45.3,1,,Healthcare,15443978.0,2022.51
DFITX,DFA International Real Estate Sec I,3.9,13,5,6,7,3,4,4,42,0.0,45.0,Weak,Watchlist only,52,-1.3,2.4,0.9,59.0,0,,nan,0.0,0.0
ORSYX,Oppenheimer Rochester Shrt Trm Mncl Cl Y,3.7,9,11,4,8,4,4,3,43,2.0,45.0,Weak,Watchlist only,30,0.3,0.3,0.1,57.7,0,,nan,0.0,0.0
STMUX,Invesco Short Term Municipal Fund Class R6,3.71,9,8,4,8,4,4,3,40,2.0,45.0,Weak,Watchlist only,31,0.3,0.3,0.1,53.7,0,,nan,nan,0.0
MNGPF,Man Group plc,4.06,15,2,7,13,6,11,5,59,-14.0,45.0,Weak,Watchlist only,61,8.0,-1.2,6.1,62.3,0,,Financial Services,4358557696.0,0.0
GRCLF,GrainCorp Limited,4.0,11,6,5,12,5,1,5,45,0.0,45.0,Weak,Watchlist only,32,-9.1,6.7,2.1,54.4,1,,Consumer Defensive,869285504.0,0.0
MPGPY,Pagegroup PLC ADR,5.37,15,4,5,10,1,5,5,45,0.0,45.0,Weak,Watchlist only,0,-9.7,89.8,14.7,57.2,2,,Industrials,604045376.0,0.0
SVRE,SaverOne 2014 Ltd. American Depositary Shares,3.86,12,9,5,14,5,2,5,52,-5.0,45.0,Weak,Watchlist only,52,1.6,4.0,10.6,61.1,1,,Technology,3849072.0,102874.47
HYPMY,Hypera SA,4.2,12,14,7,10,3,2,5,53,-6.0,45.0,Weak,Watchlist only,35,0.7,5.3,1.9,55.6,0,,Healthcare,2991966976.0,20396.77
IOVA,Iovance Biotherapeutics Inc,6.21,20,13,6,9,6,12,5,71,-29,45,Weak,Watchlist only,68,32.4,21.1,32.3,69.8,3,,Healthcare,1888705152.0,14135920.14
OSSFF,Össur hf,4.15,8,3,10,9,3,6,3,42,0.0,45.0,Weak,Watchlist only,36,0.0,0.0,-0.0,0.3,0,,Healthcare,1769210112.0,43.25
GIMDX,GOLDMAN SACHS LOCAL EMERGING MARKETS DEBT FUND INSTITUTIONAL,4.01,6,8,6,8,3,4,3,38,2.0,45.0,Weak,🔥 COILED: Watchlist only,37,0.5,0.2,0.1,49.9,0,,nan,0.0,0.0
HIIIX,CATALYST/SMH HIGH INCOME FUND CATALYST/SMH HIGH INCOME FUND CLASS I,4.07,9,7,4,9,4,4,3,40,2.0,45.0,Weak,Watchlist only,51,1.2,0.7,0.2,51.1,0,,nan,0.0,0.0
GIMSX,GOLDMAN SACHS LOCAL EMERGING MARKETS DEBT FUND CLASS R6 SHARES,4.01,6,8,6,8,3,4,3,38,2.0,45.0,Weak,🔥 COILED: Watchlist only,35,0.2,0.2,-0.0,43.6,0,,nan,nan,0.0
ABUS,Arbutus Biopharma Corp,4.54,14,10,6,3,7,6,2,48,-8.0,45.0,Weak,🔥 COILED: Watchlist only,58,2.9,1.6,0.9,51.1,1,,Healthcare,839535296.0,1630167.49
CSHR,CoinShares PLC Ordinary Shares,4.88,17,4,4,12,3,3,5,48,-3.0,45.0,Weak,Watchlist only,0,14.3,16.7,7.9,58.6,2,,Financial Services,603553344.0,0.0
MCSIX,MFS COMMODITY STRATEGY FUND I,4.28,4,10,6,7,3,5,3,38,2.0,45.0,Weak,🔥 COILED: Watchlist only,37,-1.2,-3.6,-0.4,48.3,0,,nan,0.0,0.0
MCSRX,MFS COMMODITY STRATEGY FUND R6,4.27,4,10,6,7,3,5,3,38,2.0,45.0,Weak,🔥 COILED: Watchlist only,37,-1.2,-3.6,-0.4,48.2,0,,nan,0.0,0.0
HLNCF,Haleon plc,4.985,10,10,10,12,7,2,4,55,-11.0,45.0,Weak,Watchlist only,58,-0.9,0.5,1.9,55.7,0,,Healthcare,39219437568.0,39190.61
IVFCX,FEDERATED INTERNATIONAL STRATEGIC VALUE DIVIDEND FUND CLASS C SHARES,4.91,10,12,9,7,6,0,3,47,-10.0,45.0,Weak,🔥 COILED: Watchlist only,49,-1.2,1.0,0.3,55.0,0,,nan,0.0,0.0
ESFCX,ASHMORE EMERGING MARKETS SHORT DURATION FUND CLASS C,4.57,5,12,4,8,4,4,3,40,2.0,45.0,Weak,Watchlist only,35,0.2,0.4,-0.0,46.1,0,,nan,nan,0.0
ELCPF,EDP - Energias de Portugal S.A,5.05,14,9,9,6,3,5,4,50,-8.0,45.0,Weak,🔥 COILED: Watchlist only,48,3.3,-0.1,1.3,52.6,1,,Utilities,20090859520.0,0.0
MPFRF,Mapfre S.A,5.4,17,4,7,15,3,7,5,58,-13.0,45.0,Weak,Watchlist only,0,11.1,11.1,8.1,97.5,2,,Financial Services,14890366976.0,0.0
OPRT,Oportun Financial Corp,8.05,18,9,7,15,6,8,5,68,-28,45,Weak,Watchlist only,72,43.0,51.9,34.9,78.3,3,,Financial Services,220459792.0,532896.14
PBHAX,PRUDENTIAL HIGH YIELD FUND CLASS A,4.76,6,11,4,8,4,4,3,40,2.0,45.0,Weak,Watchlist only,32,0.4,0.4,0.0,48.5,0,,nan,0.0,0.0
NHLTY,NHLTY,1.14,11,12,3,8,3,2,3,42,2.0,44.0,Weak,Watchlist only,22,19.5,17.1,8.3,56.2,2,,nan,nan,0.0
BMNU,T-REX 2X Long BMNR Daily Target ETF,11.38,13,5,7,15,7,3,5,55,-9.0,44.0,Weak,Watchlist only,52,1.9,16.1,26.1,67.0,2,,nan,nan,0.0
LBGJ,Li Bang International Corporation Inc. Ordinary Shares,4.12,20,8,4,12,6,4,5,59,-20,44,Weak,Watchlist only,61,22788.9,13190.3,149.9,73.8,4,8,Industrials,3201900.0,223036.1
TSYHF,TravelSky Technology Limited,1.1,5,13,7,10,3,2,4,44,2.0,44.0,Weak,Watchlist only,28,-1.8,2.8,0.7,50.7,0,,Technology,3452926976.0,27890.79
RAPH,Raphael Pharmaceutical Inc.,1.4,12,6,11,8,3,6,3,49,-8.0,44.0,Weak,Watchlist only,55,0.0,0.0,0.0,76.9,1,,Healthcare,28246984.0,14.69
TXWHY,Texwinca Holdings Limited,1.5,7,7,10,7,3,2,3,39,0.0,44.0,Weak,🔥 COILED: Watchlist only,46,0.0,0.0,0.0,51.9,0,,Consumer Cyclical,207254432.0,8.0
APTPF,Airports of Thailand Public Company Limited,1.725,15,6,11,8,3,6,3,52,-13.0,44.0,Weak,🔥 COILED: Watchlist only,55,0.0,0.0,0.2,100.0,0,,Industrials,18314999808.0,0.0
CVPBF,CP ALL Public Company Limited,1.475,13,10,8,12,4,2,2,51,-3.0,44.0,Weak,Watchlist only,38,10.9,10.9,7.4,72.0,2,,Consumer Defensive,14551009280.0,0.0
ZIZTF,Zip Co Limited,1.95,6,6,8,9,8,0,2,39,2.0,44.0,Weak,Watchlist only,47,-3.9,-3.9,-1.2,48.2,1,,Financial Services,2164897024.0,2003.38
CPCAF,Cathay Pacific Airways Limited,1.87,17,4,6,13,6,6,5,57,-13.0,44.0,Weak,Watchlist only,72,0.0,20.6,8.1,93.5,2,,Industrials,10277106688.0,0.0
SABR,Sabre Corpo,2.24,19,9,8,13,6,8,5,68,-27,44,Weak,Watchlist only,68,19.8,32.5,17.0,69.5,4,,Technology,670056000.0,7287464.54
HKD,AMTD Digital Inc.,1.67,15,8,9,8,2,2,5,49,-8.0,44.0,Weak,Watchlist only,46,5.0,3.1,2.7,57.2,0,,Technology,559417280.0,2176901.29
APHD,Verde Bio Holdings Inc,1.7,16,6,7,13,4,2,3,51,-7.0,44.0,Weak,Watchlist only,37,0.0,0.0,15.2,65.3,1,,Consumer Defensive,30414866.0,518.22
OSOL,Osprey Solana Trust,2.28,13,8,5,16,7,4,5,58,-15.0,44.0,Weak,Watchlist only,39,2.3,9.6,6.9,61.2,1,,nan,nan,54045.94
OMGGF,Omai Gold Mines Corp,1.91,17,11,7,15,4,7,5,66,-22.0,44.0,Weak,Watchlist only,61,7.3,11.7,10.8,62.6,3,,Basic Materials,1254915712.0,187149.87
FVHIX,FRANKLIN HIGH INCOME FUND ADVISOR CLASS,1.75,8,9,3,8,4,4,3,39,2.0,44.0,Weak,Watchlist only,37,0.6,0.0,0.1,50.6,0,,nan,0.0,0.0
AKKVF,Akastor ASA,1.4,12,5,9,9,3,1,5,44,0.0,44.0,Weak,Watchlist only,0,0.0,1.4,1.7,47.0,0,,Energy,490604640.0,0.0
ANVS,Annovis Bio Inc,1.86,11,8,9,9,2,3,2,44,-3.0,44.0,Weak,Watchlist only,30,5.1,6.3,4.3,55.9,2,,Healthcare,84658320.0,1070783.77
KHDHF,KHD Humboldt Wedag International AG,2.35,18,9,5,15,6,8,5,66,-18.0,44.0,Weak,Watchlist only,61,27.0,27.0,23.8,99.1,2,,Industrials,109531816.0,66.0
CLILF,CapitaLand Investment Limited,2.0,16,4,7,7,4,0,5,43,-2.0,44.0,Weak,Watchlist only,25,0.0,9.3,3.5,61.3,1,,Real Estate,9947114496.0,2620.37
GEAHF,Great Eagle Holdings Limited,2.21,9,6,9,12,4,3,3,46,-2.0,44.0,Weak,Watchlist only,52,0.0,0.0,0.1,61.0,1,,Real Estate,1649195648.0,0.0
FLNT,Fluent Inc,3.81,15,14,12,13,6,0,4,64,-25.0,44.0,Weak,Watchlist only,56,9.5,11.7,8.3,62.3,4,,Communication Services,71259552.0,227439.57
ADIL,Adial Pharmaceuticals Inc,4.8,19,8,8,18,6,7,5,71,-30,44,Weak,Watchlist only,58,45.9,79.1,45.9,89.3,3,,Healthcare,5187563.0,67253.46
QIHCF,Haier Smart Home Co. Ltd,2.42,13,6,12,8,6,6,3,54,-13.0,44.0,Weak,Watchlist only,59,0.0,0.0,0.0,96.5,0,,Consumer Cyclical,36467290112.0,15.5
CMHHF,China Merchants Port Holdings Company Limited,1.93,14,6,4,8,4,3,5,44,0.0,44.0,Weak,Watchlist only,36,0.0,0.0,4.0,55.3,0,,Industrials,8941759488.0,8937.58
SERA,Sera Prognostics Inc,2.0,7,9,9,10,7,4,2,48,-5.0,44.0,Weak,Watchlist only,37,-4.8,-7.8,-1.8,48.3,2,,Healthcare,89086104.0,59540.5
SORA,Top Win International Limited,2.305,13,11,2,7,9,6,5,53,-9.0,44.0,Weak,Watchlist only,38,36.4,3.8,18.6,60.9,0,,Consumer Cyclical,62035676.0,59611.7
ADTI,"Adapti, Inc.",2.76,16,5,4,13,5,3,2,48,-7.0,44.0,Weak,Watchlist only,57,7.8,-3.8,4.9,53.4,1,,Consumer Defensive,25270212.0,246.52
HRSHF,Haier Smart Home Co. Ltd,2.74,11,2,4,9,6,3,4,39,0.0,44.0,Weak,🔥 COILED: Watchlist only,37,3.9,-7.1,0.4,51.2,0,,Consumer Cyclical,24086996992.0,2486.94
TNLIF,Trainline Plc,2.965,8,6,10,9,3,2,3,41,0.0,44.0,Weak,Watchlist only,31,0.0,0.0,-0.0,28.8,0,,Consumer Cyclical,1064314496.0,82.2
REDLF,Red 5 Limited,3.64,18,13,10,6,6,6,5,64,-16.0,44.0,Weak,Watchlist only,54,8.8,6.4,9.1,58.6,0,,Basic Materials,3310610944.0,5557.49
JHYCX,JOHN HANCOCK FOCUSED HIGH YIELD FUND CLASS C,3.02,10,7,6,8,4,4,3,42,2.0,44.0,Weak,Watchlist only,31,0.7,0.7,0.3,56.4,0,,nan,0.0,0.0
MZDAY,Mazda Motor Corp ADR,3.6,12,10,2,9,7,4,5,49,-5.0,44.0,Weak,Watchlist only,55,-4.8,4.7,2.0,55.0,0,,Consumer Cyclical,4276687872.0,51183.45
ILPMY,Permanent TSB Group Holdings PLC ADR,3.36,12,7,10,11,6,2,3,51,-12.0,44.0,Weak,🔥 COILED: Watchlist only,33,0.0,0.0,0.4,60.4,0,,Financial Services,1938196480.0,1096.06
CCGPY,C&C Group plc,4.3,12,7,14,14,4,1,4,56,-12.0,44.0,Weak,Watchlist only,36,2.9,3.4,2.6,67.0,0,,Consumer Defensive,448139648.0,886.57
AMHYX,INVESCO HIGH YIELD FUND CLASS A,3.51,6,10,4,8,4,4,3,39,2.0,44.0,Weak,Watchlist only,34,0.6,0.6,0.1,48.9,0,,nan,0.0,0.0
ATAI,ATAI Life Sciences BV,7.18,15,6,7,13,3,6,5,55,-11.0,44.0,Weak,Watchlist only,62,0.0,0.1,6.7,72.6,1,,Healthcare,1656750080.0,5230689.71
WIGOX,WASATCH GLOBAL OPPORTUNITIES FUND INSTITUTIONAL CLASS SHARES,4.23,16,6,5,9,3,4,4,47,-6.0,44.0,Weak,Watchlist only,57,3.4,6.3,2.9,65.6,0,,nan,0.0,0.0
EURBF,EURBF,5.17,19,11,8,5,6,4,5,58,-14.0,44.0,Weak,Watchlist only,57,8.6,8.6,5.0,64.7,1,,Financial Services,15080270848.0,2393.66
LOQPF,Accesso Technology Group PLC,4.13,13,6,12,10,6,4,3,54,-13.0,44.0,Weak,Watchlist only,50,0.0,0.0,0.2,94.0,0,,Technology,113372656.0,250.0
XHGIX,Western Assets High Income Fund II,4.07,9,10,3,8,3,4,2,39,2.0,44.0,Weak,Watchlist only,25,1.0,-0.2,-0.1,43.8,0,,Other,0.0,0.0
MAKSF,Marks and Spencer Group PLC,5.5,18,4,7,13,4,6,5,57,-13.0,44.0,Weak,Watchlist only,64,8.9,15.8,8.9,90.8,2,,Consumer Cyclical,8877057024.0,6746.69
PMSTX,VIRTUS MULTI-SECTOR SHORT TERM BOND FUND CLASS C1,4.6,7,8,6,8,3,4,3,39,2.0,44.0,Weak,Watchlist only,32,0.2,0.2,0.1,51.6,0,,nan,0.0,0.0
BGKKF,Bangkok Bank Public Company Limited,4.99,8,7,11,9,3,2,3,43,-2.0,44.0,Weak,Watchlist only,0,0.0,0.0,0.0,61.9,0,,Financial Services,8398908928.0,0.0
AACAF,AAC Technologies Holdings Inc,4.8,5,6,10,10,3,4,3,41,0.0,44.0,Weak,Watchlist only,29,0.0,0.0,-0.0,19.6,0,,Technology,5835769856.0,0.0
PRTIX,U.S. TREASURY INTERMEDIATE FUND U.S. TREASURY INTERMEDIATE FUND,4.98,7,9,6,8,0,4,3,37,2.0,44.0,Weak,🔥 COILED: Watchlist only,28,0.0,0.4,-0.1,45.2,0,,nan,0.0,0.0
SHICX,WESTERN ASSET SHORT DURATION HIGH INCOME FUND CLASS C1,4.78,6,10,5,8,3,4,3,39,2.0,44.0,Weak,Watchlist only,33,0.4,0.2,0.1,49.3,0,,nan,0.0,0.0
TRZTX,T. Rowe Price U.S. Treasury Intermediate Index Fund,4.98,7,9,6,8,0,4,3,37,2.0,44.0,Weak,🔥 COILED: Watchlist only,28,0.0,0.4,-0.2,44.8,0,,nan,nan,0.0
JAFJX,John Hancock Variable Insurance Trust - Capital Appreciation Value Trust,5.01,18,5,4,9,1,4,3,44,-3.0,44.0,Weak,Watchlist only,46,5.5,3.3,2.2,57.1,0,,nan,nan,0.0
DHSBF,Dah Sing Banking Group Ltd,1.0,7,6,10,7,3,2,3,38,0.0,43.0,Weak,🔥 COILED: Watchlist only,44,0.0,0.0,0.0,50.0,0,,Financial Services,1405752192.0,3.2
PDSB,PDS Biotechnology Corp,0.747,6,13,9,11,3,2,2,46,-3.0,43.0,Weak,Watchlist only,26,6.9,6.6,0.8,46.9,2,,Healthcare,68095096.0,786911.33
JOFXX,JPMorgan Trust IV - Institutional Tax Free Money Market Fund,1.0,12,7,11,6,4,2,3,45,-10.0,43.0,Weak,🔥 COILED: Watchlist only,43,0.0,0.0,0.0,51.9,0,,nan,nan,0.0
JPAXX,JPMorgan Trust I - JPMorgan Prime Money Market Fund,1.0,14,5,6,6,4,7,3,45,-10.0,43.0,Weak,🔥 COILED: Watchlist only,33,0.0,0.0,0.0,54.1,0,,nan,nan,0.0
LGNRF,Legend Holdings Corporation,1.13,7,6,10,7,3,2,3,38,0.0,43.0,Weak,🔥 COILED: Watchlist only,44,0.0,0.0,0.0,50.0,0,,Technology,2662540800.0,1.04
PBTDF,Plover Bay Technologies Limited,1.07,8,8,5,8,4,3,2,38,0.0,43.0,Weak,🔥 COILED: Watchlist only,39,0.0,0.0,-0.2,47.1,0,,Technology,1260582272.0,900.2
CRDOF,Cerrado Gold Inc,1.51,16,12,8,14,6,9,5,70,-25.0,43.0,Weak,Watchlist only,69,9.4,21.8,14.8,70.4,3,,Basic Materials,181807472.0,236126.35
KLDCF,Kenorland Minerals Ltd,1.594,11,14,7,5,9,3,2,51,-11.0,43.0,Weak,🔥 COILED: Watchlist only,44,5.2,5.8,2.8,53.7,1,,Basic Materials,120063616.0,42719.53
SKWG,Skywealth Group Inc,2.0,16,6,10,8,6,2,3,51,-13.0,43.0,Weak,🔥 COILED: Watchlist only,57,0.0,0.0,1.7,100.0,0,,Industrials,330750.0,2.96
FHQRX,FRANKLIN HIGH INCOME FUND CLASS A,1.73,11,5,6,8,4,4,3,41,2.0,43.0,Weak,Watchlist only,32,0.6,0.6,0.2,55.7,0,,nan,nan,0.0
ASTO,Astro Communications Inc,1.75,10,7,9,9,3,2,3,43,-3.0,43.0,Weak,Watchlist only,43,0.0,0.0,0.0,71.5,0,,Industrials,1733532.0,47.65
SBTU,SBTU,2.42,13,7,9,13,3,0,5,50,-8.0,43.0,Weak,Watchlist only,34,-5.5,7.1,4.1,53.0,0,,nan,nan,0.0
SER,Serina Therapeutics Inc,2.35,14,14,13,8,6,9,5,69,-27,43,Weak,Watchlist only,42,15.2,12.4,11.9,64.8,4,,Healthcare,26845534.0,1474745.86
COBA,COBA,2.65,11,15,9,9,6,2,2,54,-11.0,43.0,Weak,Watchlist only,53,2.3,6.0,2.7,55.6,0,,nan,107249000.0,12256.25
YNAJF,Yantai North Andre Juice Company Limited,2.09,8,6,10,9,3,1,3,40,0.0,43.0,Weak,Watchlist only,0,0.0,0.0,-0.0,2.2,0,,Consumer Defensive,362639776.0,0.0
LFS,"LEIFRAS Co., Ltd. American Depositary Shares",2.45,15,15,4,4,5,7,5,55,-10.0,43.0,Weak,Watchlist only,39,12.4,18.4,7.6,58.1,2,,Communication Services,54675692.0,0.0
GYYMF,The Gym Group plc,2.67,15,6,10,7,6,4,3,51,-13.0,43.0,Weak,🔥 COILED: Watchlist only,56,0.0,0.0,0.3,100.0,0,,Consumer Cyclical,464552832.0,6.75
WPNTF,Warpaint London PLC,2.9,15,5,9,15,6,6,5,61,-18.0,43.0,Weak,Watchlist only,47,10.3,10.3,8.8,76.9,3,,Consumer Defensive,202170272.0,420.68
TRTI,Transtech Industries Inc,2.85,15,7,8,8,6,2,4,50,-7.0,43.0,Weak,Watchlist only,48,0.0,3.6,1.9,65.4,1,,Industrials,8341760.0,1754.79
LNVGF,Lenovo Group,3.22,16,6,3,9,5,4,5,48,-5.0,43.0,Weak,Watchlist only,61,12.2,4.5,5.4,57.9,0,,Technology,38330396672.0,116462.71
MBRFY,Marfrig Global Foods S.A.,3.24,12,13,3,7,4,4,5,48,-3.0,43.0,Weak,Watchlist only,28,-6.6,6.2,2.5,53.0,0,,Consumer Defensive,4288926976.0,375939.01
CASBF,CanSino Biologics Inc,3.145,13,6,7,10,4,1,5,46,-3.0,43.0,Weak,Watchlist only,34,0.0,0.0,3.0,70.8,0,,Healthcare,741131392.0,364.67
BDN,Brandywine Realty Trust,3.22,16,10,4,6,5,3,4,48,-8.0,43.0,Weak,Watchlist only,58,5.6,4.9,3.2,57.1,1,,Real Estate,541980928.0,3005449.97
NAAS,Naas Technology Inc ADR,3.33,14,16,7,5,9,5,2,58,-15.0,43.0,Weak,Watchlist only,68,6.0,8.1,2.6,55.6,2,,Consumer Cyclical,37853332.0,33512.11
RAAQW,Real Asset Acquisition Corp.,4.9,19,10,5,16,6,8,5,69,-26,43,Weak,Watchlist only,74,276.9,276.9,172.8,75.1,2,4,nan,nan,52942.71
NPSCY,Nippon Steel Corp ADR,4.37,16,7,5,15,6,1,5,55,-10.0,43.0,Weak,Watchlist only,59,4.0,16.8,10.6,80.8,2,,Basic Materials,18082975744.0,225425.86
POAHY,Porsche Automobile Holding SE,3.28,10,8,3,14,0,3,5,43,0.0,43.0,Weak,Watchlist only,23,-1.8,6.8,1.9,54.1,0,,Consumer Cyclical,10782018560.0,209513.45
MBPFF,Mitchells & Butlers plc,3.77,18,4,4,12,6,7,5,56,-13.0,43.0,Weak,Watchlist only,72,10.2,10.2,7.5,100.0,2,,Consumer Cyclical,2024112384.0,44.7
XRX,Xerox Corp,3.23,17,14,3,9,8,2,5,58,-13.0,43.0,Weak,Watchlist only,59,-7.4,23.8,9.3,57.2,3,,Industrials,456420832.0,4827438.68
HNST,Honest Company Inc,5.42,17,8,6,14,6,12,5,68,-30,43,Weak,Watchlist only,72,45.7,45.7,37.3,83.0,3,,Consumer Defensive,362158656.0,2680385.83
TQPIX,Touchstone Strategic Income Opportunities Fund Institutional Class,3.22,4,10,4,8,3,4,3,36,2.0,43.0,Weak,🔥 COILED: Watchlist only,29,0.3,0.3,-0.2,44.2,0,,nan,nan,0.0
HBRIY,Harbour Energy PLC ADR,3.4,10,14,5,8,4,7,5,53,-11.0,43.0,Weak,Watchlist only,47,2.1,-6.1,3.2,53.9,1,,Energy,5679401472.0,25775.82
SNLGF,San Lorenzo Gold Corp,3.99,18,7,6,16,5,5,5,62,-19.0,43.0,Weak,Watchlist only,66,15.3,27.8,16.2,66.7,3,,Basic Materials,377185280.0,32854.91
ORMP,Oramed Pharmaceuticals Inc,4.3,15,10,5,6,5,7,4,52,-10.0,43.0,Weak,Watchlist only,57,4.4,3.4,2.4,54.1,1,,Healthcare,151835760.0,174728.4
NDRBF,NIBE Industrier AB (publ),4.32,18,8,7,11,4,3,5,56,-13.0,43.0,Weak,Watchlist only,59,13.2,13.2,13.2,89.8,2,,Industrials,8412598272.0,0.0
LNXSY,LANXESS Aktiengesellschaft,3.85,14,8,11,16,4,3,5,61,-18.0,43.0,Weak,Watchlist only,46,6.2,9.2,6.6,74.0,3,,Basic Materials,1656122112.0,3906.19
SAFLY,Safilo Group SpA ADR,4.75,18,9,5,14,6,8,5,65,-18.0,43.0,Weak,Watchlist only,64,26.3,26.3,23.2,98.9,2,,Healthcare,737865024.0,32.03
ERDCF,Erdene Resource Development Corporation,4.17,12,10,8,13,4,2,5,54,-12.0,43.0,Weak,Watchlist only,33,6.4,11.2,8.8,64.3,3,,Basic Materials,287404576.0,54033.08
TPCS,TechPrecision Corporation Common stock,4.64,10,5,9,7,3,7,2,43,-5.0,43.0,Weak,🔥 COILED: Watchlist only,54,1.3,1.8,0.7,53.4,1,,Industrials,39895156.0,42893.29
PHCHX,VIRTUS HIGH YIELD FUND CLASS A,3.78,6,8,5,8,4,4,3,38,2.0,43.0,Weak,Watchlist only,34,0.5,0.3,0.0,48.9,0,,nan,0.0,0.0
GXYEF,Galaxy Entertainment Group Ltd,4.74,16,11,7,8,6,0,5,53,-6.0,43.0,Weak,Watchlist only,46,0.0,9.5,8.4,60.0,1,,Consumer Cyclical,18436603904.0,0.0
HRASF,Hera S.p.A,4.1,7,6,10,7,3,2,3,38,0.0,43.0,Weak,🔥 COILED: Watchlist only,52,0.0,0.0,0.0,50.0,0,,Utilities,6061331968.0,10.84
HYSNY,Hysan Development Co Ltd,4.813,18,4,5,15,6,5,5,58,-15.0,43.0,Weak,Watchlist only,71,9.4,9.4,8.0,88.8,1,,Real Estate,2268637184.0,0.0
ECHIX,EATON VANCE HIGH INCOME OPPORTUNITIES FUND EATON VANCE HIGH INCOME OPPORTUNITIES FUND CLASS C,4.22,9,6,3,8,5,4,3,38,2.0,43.0,Weak,Watchlist only,38,0.2,0.5,0.0,49.4,0,,nan,0.0,0.0
HNSPF,Hansoh Pharmaceutical Group Company Limited,4.11,9,5,6,9,3,1,5,38,0.0,43.0,Weak,🔥 COILED: Watchlist only,32,0.0,7.5,2.5,55.6,0,,Healthcare,27216607232.0,114.75
NSANY,Nissan Motor Co Ltd ADR,4.245,9,14,5,8,4,4,5,49,-6.0,43.0,Weak,Watchlist only,27,-4.7,4.7,3.1,55.8,1,,Consumer Cyclical,7587150336.0,174867.4
SNTL,Spectacular Solar Inc,3.79,6,15,3,18,4,2,2,50,-8.0,43.0,Weak,Watchlist only,31,-6.0,8.3,0.3,49.1,2,,Industrials,41828288.0,6919.43
FNEVY,Fraser and Neave Ltd ADR,4.53,7,4,10,7,3,4,3,38,0.0,43.0,Weak,🔥 COILED: Watchlist only,37,0.0,0.0,-0.0,53.3,0,,Consumer Defensive,1514173440.0,0.0
LINJX,LORD ABBETT NEW JERSEY TAX-FREE INCOME FUND CLASS I,4.69,7,12,2,8,3,4,2,38,2.0,43.0,Weak,Watchlist only,35,0.2,0.4,-0.2,40.0,0,,nan,0.0,0.0
OIBNX,Oppenheimer International Bond R,4.61,13,5,7,7,3,7,3,45,-7.0,43.0,Weak,🔥 COILED: Watchlist only,36,0.4,2.2,0.4,53.8,0,,nan,0.0,0.0
NARAX,VIRTUS MULTI-SECTOR SHORT TERM BOND FUND CLASS A,4.54,7,8,5,8,3,4,3,38,2.0,43.0,Weak,Watchlist only,33,0.2,0.2,0.1,51.6,0,,nan,0.0,0.0
OIBAX,Oppenheimer International Bond A,4.62,13,5,7,7,3,7,3,45,-7.0,43.0,Weak,🔥 COILED: Watchlist only,36,0.2,2.2,0.4,53.2,0,,nan,0.0,0.0
LNJFX,LORD ABBETT NEW JERSEY TAX-FREE INCOME FUND CLASS F,4.69,8,11,2,8,3,4,2,38,2.0,43.0,Weak,Watchlist only,35,0.4,0.6,-0.2,41.4,0,,nan,0.0,0.0
DIALF,Dialight plc,6.38,17,4,6,12,6,6,5,56,-13.0,43.0,Weak,Watchlist only,54,0.0,30.2,9.5,99.8,2,,Industrials,163889696.0,152.5
ALKEF,Alkane Resources Limited,1.03,14,10,8,8,5,1,5,51,-9.0,42.0,Weak,Watchlist only,39,8.4,7.3,6.1,60.0,1,,Basic Materials,1475501184.0,461508.66
BQSSF,Boss Resources Ltd,0.95,14,5,11,10,3,2,5,50,-8.0,42.0,Weak,Watchlist only,30,10.3,0.7,5.4,57.7,1,,Energy,394416544.0,48891.11
NWTG,Newton Golf Company,1.06,8,12,5,15,5,2,5,52,-8.0,42.0,Weak,Watchlist only,23,1.0,-3.6,1.4,52.5,2,,Consumer Cyclical,4847513.0,76705.72
MEGL,Magic Empire Global Limited,1.23,15,12,8,13,5,4,3,60,-23.0,42.0,Weak,🔥 COILED: Watchlist only,51,7.8,12.8,3.5,54.9,4,,Financial Services,6279422.0,37929.18
PRQR,ProQR Therapeutics BV,1.9,14,6,8,9,5,6,5,53,-11.0,42.0,Weak,Watchlist only,50,6.7,6.1,6.8,58.2,1,,Healthcare,158043824.0,516464.73
CHN,China Fund Inc,1.255,14,6,6,10,2,2,4,44,-2.0,42.0,Weak,Watchlist only,28,19.0,6.4,7.5,56.7,0,,Financial Services,145902700.0,1597438.27
IKT,Inhibikase Therapeutics Inc,2.41,18,8,5,10,5,5,5,56,-14.0,42.0,Weak,Watchlist only,69,5.7,3.4,8.3,64.7,1,,Healthcare,219174176.0,882299.26
FRZCF,Frasers Centrepoint Trust,1.73,8,4,10,7,3,2,3,37,0.0,42.0,Weak,🔥 COILED: Watchlist only,38,0.0,0.0,-0.0,44.4,0,,Real Estate,3525435904.0,228.81
FEAM,5E Advanced Materials Inc,1.74,16,9,8,13,4,2,5,57,-18,42,Weak,Watchlist only,32,56.8,55.4,36.4,71.5,3,10,Basic Materials,74104672.0,232024.84
FCHIX,FRANKLIN HIGH INCOME FUND CLASS C,1.79,10,5,6,8,4,4,3,40,2.0,42.0,Weak,Watchlist only,33,0.6,0.6,0.3,56.3,0,,nan,0.0,0.0
CAPFF,Capital Limited,1.43,5,14,5,8,3,3,3,41,2.0,42.0,Weak,Watchlist only,39,7.5,0.7,2.1,50.3,1,,Basic Materials,406262848.0,71.42
PTCHF,PureTech Health plc,1.565,5,8,7,12,3,3,2,40,-3.0,42.0,Weak,Watchlist only,31,2.3,-2.0,-0.4,38.7,2,,Healthcare,453244672.0,5435.5
IPM,Intelligent Protection Management Corp,1.82,11,7,9,10,3,3,4,47,-8.0,42.0,Weak,🔥 COILED: Watchlist only,51,0.0,2.2,0.7,52.8,1,,Technology,25550030.0,366868.57
RIOFF,Rio2 Limited,2.32,17,11,8,17,4,2,5,64,-20.0,42.0,Weak,Watchlist only,59,19.6,22.8,18.6,68.5,3,,Basic Materials,1190204928.0,646850.27
NUFMF,Nufarm Limited,1.94,9,7,11,10,2,5,3,47,-5.0,42.0,Weak,Watchlist only,52,0.0,1.0,0.4,59.7,1,,Basic Materials,756294912.0,882.0
JAGU,Jaguar Uranium Corp.,1.71,3,13,7,12,3,2,3,43,-1.0,42.0,Weak,Watchlist only,0,11.0,-1.2,1.5,49.8,1,,Energy,41397240.0,0.0
PHUN,Phunware Inc,2.18,17,7,9,9,5,6,4,57,-15.0,42.0,Weak,Watchlist only,67,1.9,3.3,1.9,55.4,1,,Technology,41099316.0,183813.24
BGLC,BioNexus Gene Lab Corp Common stock,1.58,6,11,5,13,6,2,2,45,-1.0,42.0,Weak,Watchlist only,25,19.7,2.6,0.1,45.7,2,,Basic Materials,5547736.0,73379.84
SIGGF,Sigma Healthcare Limited,2.212,8,8,6,12,4,2,4,44,-2.0,42.0,Weak,Watchlist only,40,2.9,2.9,1.5,61.8,0,,Healthcare,27104614400.0,132.7
ACIU,AC Immune Ltd,2.32,4,13,9,10,4,2,2,44,-3.0,42.0,Weak,Watchlist only,21,-2.1,3.6,0.4,49.0,2,,Healthcare,228990544.0,407781.93
OGNNF,OGNNF,2.56,15,10,8,4,5,4,5,51,-14.0,42.0,Weak,🔥 COILED: Watchlist only,61,-0.2,1.0,2.2,53.6,0,,Basic Materials,140807456.0,67424.7
LQRCF,Black Mammoth Metals Corporation,2.98,15,10,9,13,5,1,5,58,-21.0,42.0,Weak,Watchlist only,48,12.0,12.5,8.2,58.6,3,,Basic Materials,114585928.0,11083.52
RYDVX,ROYCE DIVIDEND VALUE FUND SERVICE CLASS,2.69,16,5,6,9,3,6,5,50,-8.0,42.0,Weak,Watchlist only,47,2.3,6.3,3.2,70.2,0,,nan,0.0,0.0
LAUQX,LORD ABBETT INCOME FUND CLASS R2,2.41,6,9,5,8,3,4,2,37,2.0,42.0,Weak,Watchlist only,30,0.4,0.4,-0.0,45.8,0,,nan,0.0,0.0
RDVIX,ROYCE DIVIDEND VALUE FUND INVESTMENT CLASS,2.69,16,5,6,9,3,6,5,50,-8.0,42.0,Weak,Watchlist only,49,2.3,6.3,3.1,70.3,0,,nan,0.0,0.0
DDD,3D Systems Corporation,3.54,19,9,3,12,3,2,5,53,-12.0,42.0,Weak,Watchlist only,67,31.1,36.7,19.6,67.4,2,,Technology,451127456.0,3922517.08
MINE,Mayfair Gold Corp.,2.71,13,14,11,13,4,4,5,64,-25.0,42.0,Weak,Watchlist only,37,11.5,14.8,10.7,62.1,4,,Basic Materials,198058560.0,58253.93
IORMX,AIM TaxExempt Funds Invesco TaxExempt Funds Invesco Oppenheimer Rochester Ltd Term NY Mun Fd Cl R6,2.78,6,11,2,8,3,4,3,37,2.0,42.0,Weak,Watchlist only,30,0.4,0.4,-0.1,41.5,0,,nan,nan,0.0
ISPC,iSpecimen Inc,2.2,5,13,6,7,3,4,2,40,-1.0,42.0,Weak,Watchlist only,49,20.2,-1.3,2.3,49.1,2,,Healthcare,4570159.0,379532.01
JHHBX,JOHN HANCOCK FOCUSED HIGH YIELD FUND CLASS A,3.02,10,5,6,8,4,4,3,40,2.0,42.0,Weak,Watchlist only,32,0.7,0.7,0.2,55.7,0,,nan,0.0,0.0
FCGBX,TEMPLETON GLOBAL BALANCED FUND CLASS C,3.22,17,6,6,7,3,6,4,49,-7.0,42.0,Weak,Watchlist only,66,0.6,3.5,1.5,67.7,0,,nan,0.0,0.0
MHIBX,MFS HIGH INCOME FUND B,3.08,5,9,4,8,4,4,3,37,2.0,42.0,Weak,Watchlist only,34,0.3,0.3,0.1,49.4,0,,nan,0.0,0.0
TCINX,TEMPLETON GLOBAL BALANCED FUND CLASS C1,3.24,17,6,6,7,3,6,4,49,-7.0,42.0,Weak,Watchlist only,66,0.6,3.5,1.5,67.6,0,,nan,0.0,0.0
MHIGX,MFS HIGH INCOME FUND R1,3.08,5,9,4,8,4,4,3,37,2.0,42.0,Weak,Watchlist only,31,0.3,0.3,0.1,49.4,0,,nan,0.0,0.0
APLS,Apellis Pharmaceuticals Inc,3.326,8,7,5,11,0,3,3,37,0.0,42.0,Weak,🔥 COILED: Watchlist only,26,6.3,3.0,-0.7,42.1,0,,Healthcare,5252712960.0,3327978.91
ZURA,Zura Bio Limited Class A Ordinary Shares,5.71,12,10,11,7,7,4,4,55,-13.0,42.0,Weak,Watchlist only,62,3.1,7.9,5.9,58.9,1,,Healthcare,366239552.0,975387.5
TUSK,Mammoth Energy Services Inc,2.94,9,12,9,7,3,2,3,45,-3.0,42.0,Weak,Watchlist only,52,13.1,4.6,4.9,55.3,2,,Industrials,159926544.0,240174.56
GMPUF,Gestamp Automoción S.A,3.725,12,7,10,6,4,2,3,44,-10.0,42.0,Weak,🔥 COILED: Watchlist only,42,0.0,0.0,0.1,51.8,0,,Consumer Cyclical,2119033856.0,82.4
ORSTX,Oppenheimer Rchstr Shrt Trm Mncl Fd Cl A,3.7,9,8,4,8,1,4,3,37,2.0,42.0,Weak,Watchlist only,30,0.3,0.3,0.1,53.9,0,,nan,0.0,0.0
LSHNX,Loomis Sayles High Income Fund Class N,3.64,6,8,4,8,4,4,3,37,2.0,42.0,Weak,Watchlist only,33,0.6,0.0,0.0,48.7,0,,nan,0.0,0.0
IHRT,iHeartMedia Inc Class A,3.8,7,12,9,8,2,2,2,42,-5.0,42.0,Weak,🔥 COILED: Watchlist only,32,8.6,4.1,0.1,48.4,2,,Communication Services,591761664.0,1136592.4
CCCC,C4 Therapeutics Inc,3.64,8,12,8,9,6,2,2,47,-3.0,42.0,Weak,Watchlist only,48,-0.5,-0.3,-1.3,47.1,2,,Healthcare,471049568.0,2202627.04
CFEIY,China Feihe Limited,4.39,4,7,10,7,3,3,3,37,0.0,42.0,Weak,🔥 COILED: Watchlist only,38,0.0,0.0,-0.1,45.2,0,,Consumer Defensive,3866564608.0,50.85
KHYSX,DEUTSCHE HIGH INCOME FUND CLASS S,4.43,6,8,4,8,4,4,3,37,2.0,42.0,Weak,Watchlist only,34,0.5,0.0,0.0,49.4,0,,nan,0.0,0.0
MCSFX,MFS Commodity Strategy Fund Class B,4.24,4,10,5,7,3,1,3,33,4.0,42.0,Weak,🔥 COILED: Watchlist only,37,-1.2,-3.6,-0.3,48.6,0,,nan,nan,0.0
MCSOX,MFS Commodity Strategy Fund Class R2,4.24,4,10,5,7,3,1,3,33,4.0,42.0,Weak,🔥 COILED: Watchlist only,38,-0.9,-3.4,-0.2,49.0,0,,nan,nan,0.0
MCSTX,MFS Commodity Strategy Fund Class R4,4.27,4,10,5,7,3,1,3,33,4.0,42.0,Weak,🔥 COILED: Watchlist only,38,-1.2,-3.6,-0.3,48.7,0,,nan,nan,0.0
GGB,Gerdau SA ADR,5.04,15,6,6,14,5,4,5,55,-13.0,42.0,Weak,Watchlist only,71,1.6,5.7,4.3,65.3,0,,Basic Materials,9039893504.0,17725562.13
NCTY,The9 Ltd ADR,5.01,13,12,4,15,5,6,5,60,-18.0,42.0,Weak,Watchlist only,34,10.1,35.0,11.5,58.9,3,,Financial Services,71629624.0,49297.96
OPTH,Optimi Health Corp. Common Shares,5.15,17,12,6,10,6,4,5,60,-16.0,42.0,Weak,Watchlist only,62,9.8,8.4,7.6,59.8,2,,Healthcare,31926978.0,22551.52
OIBCX,Oppenheimer International Bond C,4.61,13,5,8,7,1,7,3,44,-7.0,42.0,Weak,🔥 COILED: Watchlist only,36,0.4,2.4,0.5,54.2,0,,nan,0.0,0.0
INBQX,AIM Investment Funds Invesco Investment Funds Invesco Oppenheimer Intl Bd Fd Cl R5,4.63,13,5,8,7,1,7,3,44,-7.0,42.0,Weak,🔥 COILED: Watchlist only,36,0.4,2.4,0.4,53.9,0,,nan,nan,0.0
MLLCF,Molecular Partners AG,3.8,7,4,8,9,6,7,3,44,-5.0,42.0,Weak,Watchlist only,54,0.0,0.0,-0.4,45.6,1,,Healthcare,181929136.0,78.0
PGNT,Paragon Technologies Inc,4.78,8,10,3,9,4,2,2,38,-1.0,42.0,Weak,Watchlist only,30,1.9,0.0,1.1,51.7,2,,Technology,8781225.0,932.3
CHEV,Cheviot Financial Corp,1.0,12,5,7,11,4,3,5,47,-8.8,41.2,Weak,Watchlist only,18,0.0,0.0,24.0,58.8,1,,Industrials,12933190.0,2452.39
RANKF,The Rank Group Plc,1.5,15,6,11,10,4,2,3,51,-13.0,41.0,Weak,Watchlist only,52,0.0,0.0,1.4,99.9,0,,Consumer Cyclical,491516672.0,0.0
JOAXX,JPMorgan Trust IV - Institutional Tax Free Money Market Fund,1.0,10,7,9,6,4,7,3,46,-10.0,41.0,Weak,🔥 COILED: Watchlist only,31,0.0,0.0,-0.0,48.4,0,,nan,nan,0.0
CILXX,Western Asset Institutional Liquid Reserves Ltd.,1.0,15,8,6,6,6,2,3,46,-10.0,41.0,Weak,🔥 COILED: Watchlist only,52,0.0,0.0,0.0,59.5,0,,nan,nan,0.0
IDSXX,Columbia Funds Series Trust II  - Columbia Government Money Market Fund,1.0,10,7,11,6,4,2,3,43,-10.0,41.0,Weak,🔥 COILED: Watchlist only,46,0.0,0.0,0.0,50.8,0,,nan,nan,0.0
JIMXX,JPMorgan Trust I - JPMorgan Prime Money Market Fund,1.0,11,5,10,6,4,7,3,46,-10.0,41.0,Weak,🔥 COILED: Watchlist only,37,0.0,0.0,0.0,55.3,0,,nan,nan,0.0
JOCXX,JPMorgan Trust IV - Institutional Tax Free Money Market Fund,1.0,10,7,11,6,4,2,3,43,-10.0,41.0,Weak,🔥 COILED: Watchlist only,43,0.0,0.0,0.0,51.9,0,,nan,nan,0.0
WAAXX,Western Asset Premier Institutional Liquid Reserves Capital Shares,1.0,13,7,11,6,4,2,3,46,-10.0,41.0,Weak,🔥 COILED: Watchlist only,43,0.0,0.0,0.0,55.2,0,,nan,nan,0.0
AMLTF,AMP Ltd,1.3,17,4,6,12,6,4,5,54,-13.0,41.0,Weak,Watchlist only,53,0.0,18.2,7.1,99.9,2,,Financial Services,2225560576.0,0.0
SKYX,SKYX Platforms Corp,1.19,9,13,8,7,8,3,3,51,-11.0,41.0,Weak,Watchlist only,43,7.2,4.4,3.8,54.1,2,,Industrials,143225552.0,1075731.83
INHD,Inno Holdings Inc. Common Stock,39.49,19,9,7,15,7,2,5,64,-23,41,Weak,Watchlist only,65,3009.4,2869.2,384.7,98.2,4,7,Basic Materials,5379631.0,368198.32
SMDRF,Sierra Madre Gold and Silver Ltd,1.0,8,10,9,7,4,1,3,42,-1.0,41.0,Weak,Watchlist only,23,16.5,7.7,5.4,53.1,1,,Basic Materials,249189616.0,93279.43
CRDL,Cardiol Therapeutics Inc Class A,1.36,19,8,6,15,5,6,5,64,-21.0,41.0,Weak,Watchlist only,65,12.4,10.6,10.8,66.0,3,,Healthcare,130257632.0,599821.96
DSEAF,DSEAF,0.9,8,10,6,9,6,4,5,48,-5.0,41.0,Weak,Watchlist only,0,-9.6,8.7,2.0,50.4,2,,Basic Materials,70899632.0,0.0
SNLAF,Sino Land Company Limited,1.36,6,7,9,7,3,1,3,36,0.0,41.0,Weak,🔥 COILED: Watchlist only,22,0.0,0.0,-0.3,48.1,0,,Real Estate,12653707264.0,0.0
SMHGF,SMHGF,1.489,10,3,10,7,3,2,3,38,0.0,41.0,Weak,Watchlist only,44,0.0,0.0,-0.0,3.3,0,,Healthcare,3825203456.0,5.5
INCPF,InnoCare Pharma Limited,1.55,8,3,10,9,3,2,3,38,0.0,41.0,Weak,Watchlist only,29,0.0,0.0,-0.0,0.0,0,,Healthcare,2731344640.0,28.0
HBMHF,HBM Holdings Limited,1.56,8,3,10,9,3,2,3,38,0.0,41.0,Weak,Watchlist only,34,0.0,0.0,-0.0,0.1,0,,Healthcare,1303004544.0,111.48
HBGRF,Heidelberger Druckmaschinen Aktiengesellschaft,1.7,10,8,10,6,3,1,3,41,-8.0,41.0,Weak,🔥 COILED: Watchlist only,22,0.0,0.0,0.1,49.3,0,,Industrials,482373088.0,161.23
MNTK,Montauk Renewables Inc,1.7,9,4,3,13,5,4,5,43,0.0,41.0,Weak,Watchlist only,41,-7.1,-5.6,-0.9,49.9,0,,Basic Materials,241979936.0,273950.44
FBASF,Fibra UNO,1.753,11,7,7,15,3,2,4,49,-8.0,41.0,Weak,Watchlist only,42,-1.5,3.1,0.4,51.3,0,,Real Estate,6460956672.0,0.0
DOUG,Douglas Elliman Inc,1.79,4,15,7,3,8,3,2,42,-6.0,41.0,Weak,🔥 COILED: Watchlist only,46,4.7,4.7,0.9,51.0,1,,Real Estate,160449232.0,541452.64
HERE,Here Group Limited,1.91,6,11,8,11,4,2,2,44,-1.0,41.0,Weak,Watchlist only,21,2.7,4.4,0.1,47.5,0,,Consumer Cyclical,119102312.0,294601.91
SDM,Smart Digital Group Limited Ordinary Shares,1.85,7,3,10,9,0,6,3,38,0.0,41.0,Weak,Watchlist only,28,0.0,0.0,-0.0,28.7,0,,Communication Services,58691252.0,403288.0
IPHLF,IPH Limited,2.68,13,6,11,8,6,2,3,49,-13.0,41.0,Weak,🔥 COILED: Watchlist only,45,0.0,0.0,1.8,100.0,0,,Industrials,572480448.0,6.6
PHDWY,PT Ace Hardware Indonesia Tbk,1.973,5,6,9,9,3,3,3,38,0.0,41.0,Weak,Watchlist only,17,0.0,0.0,-0.4,18.8,0,,Consumer Cyclical,342407808.0,1.03
CMPRF,Gentera S.A.B. de C.V,2.41,17,5,7,15,4,1,5,54,-13.0,41.0,Weak,Watchlist only,0,0.0,0.0,2.2,81.6,0,,Financial Services,4216568576.0,0.0
LAUSX,LORD ABBETT INCOME FUND CLASS C,2.4,6,9,4,8,3,4,2,36,2.0,41.0,Weak,Watchlist only,30,0.4,0.4,-0.0,45.8,0,,nan,0.0,0.0
LAGVX,LORD ABBETT INCOME FUND CLASS A,2.39,4,9,6,8,3,4,2,36,2.0,41.0,Weak,Watchlist only,28,0.4,0.4,-0.1,44.1,0,,nan,0.0,0.0
LAUVX,LORD ABBETT INCOME FUND CLASS R6,2.39,4,11,4,8,3,4,2,36,2.0,41.0,Weak,Watchlist only,28,0.4,0.4,-0.1,44.1,0,,nan,0.0,0.0
LAUTX,LORD ABBETT INCOME FUND CLASS R5,2.39,4,11,4,8,3,4,2,36,2.0,41.0,Weak,Watchlist only,28,0.4,0.4,-0.1,43.1,0,,nan,0.0,0.0
BZQIF,Bezeq The Israel Telecommunication Corp. Ltd,2.58,20,4,6,13,4,2,5,54,-13.0,41.0,Weak,Watchlist only,54,12.2,12.2,7.6,82.2,2,,Communication Services,7347604480.0,0.0
GNCGF,Greencore Group plc,3.51,16,4,5,14,6,4,5,54,-13.0,41.0,Weak,Watchlist only,57,8.7,8.7,10.4,92.0,1,,Consumer Defensive,2116872448.0,272.63
ANGX,"Angel Studios, Inc.",4.3,15,10,9,10,7,2,5,58,-15.0,41.0,Weak,Watchlist only,57,5.1,5.9,5.3,58.8,1,,Communication Services,497721024.0,0.0
EDIT,Editas Medicine Inc,2.9,10,16,7,6,3,6,2,50,-13.0,41.0,Weak,Watchlist only,63,7.8,6.2,2.9,52.1,2,,Healthcare,415881600.0,2055739.12
KEGX,Key Energy Services Inc,2.36,14,12,2,12,6,2,5,53,-15.0,41.0,Weak,Watchlist only,55,-5.6,-6.0,0.3,52.3,1,,Energy,37416356.0,0.0
PAYD,Paid Inc,2.46,11,3,7,11,6,1,4,43,-5.0,41.0,Weak,Watchlist only,41,0.0,0.0,0.4,55.3,1,,Technology,21611656.0,505.91
KOS,Kosmos Energy Ltd,2.47,9,12,5,15,3,2,5,51,-8.0,41.0,Weak,Watchlist only,36,-3.5,-9.9,0.9,50.6,1,,Energy,1791431552.0,17266117.08
VIMGF,Vimian Group AB (publ),2.77,8,3,10,7,3,4,3,38,0.0,41.0,Weak,Watchlist only,41,0.0,0.0,-0.0,0.0,0,,Healthcare,1466058496.0,392.85
TTSH,Tile Shop Holdings Inc,2.98,9,12,9,5,8,3,3,49,-13.0,41.0,Weak,🔥 COILED: Watchlist only,38,4.2,1.7,2.7,54.1,1,,Consumer Cyclical,113491952.0,176695.34
TLSI,TriSalus Life Sciences Inc.,4.87,15,14,10,14,6,7,5,71,-30,41,Weak,Watchlist only,56,6.8,14.1,9.6,64.9,4,,Healthcare,202674560.0,219849.27
LTCN,Grayscale Litecoin Trust,3.25,2,10,4,9,4,2,3,34,4.0,41.0,Weak,Watchlist only,23,-0.2,-5.8,-0.9,46.8,0,,nan,66925280.0,147084.94
AHT,Ashford Hospitality Trust Inc,3.24,8,5,10,13,7,2,3,48,-8.0,41.0,Weak,Watchlist only,47,0.6,0.0,0.7,55.7,1,,Real Estate,20374758.0,82655.6
OLCYX,Oppenheimer Roc Limited Term Ca Muni Cla,3.11,6,10,2,8,3,4,3,36,2.0,41.0,Weak,Watchlist only,33,0.3,0.3,-0.1,43.9,0,,nan,0.0,0.0
OLCCX,Oppenheimer Roc Limited Term Ca Muni Fd,3.09,6,10,2,8,3,4,3,36,2.0,41.0,Weak,Watchlist only,33,0.3,0.3,-0.0,44.2,0,,nan,0.0,0.0
OLCAX,Oppenheimer Rochester Ltd Term CA MuniA,3.1,6,10,2,8,3,4,3,36,2.0,41.0,Weak,Watchlist only,33,0.3,0.3,-0.1,41.0,0,,nan,0.0,0.0
IORLX,AIM TaxExempt Funds Invesco TaxExempt Funds Invesco Oppenheimer Rochester Ltd Term Calif Mun Fd Cl R6,3.1,6,10,2,8,3,4,3,36,2.0,41.0,Weak,Watchlist only,32,0.3,0.3,-0.1,43.8,0,,nan,nan,0.0
TTRAF,Telstra Corporation Limited,3.53,14,6,7,9,3,3,5,47,-2.0,41.0,Weak,Watchlist only,38,0.0,6.6,3.4,67.5,0,,Communication Services,40058470400.0,0.0
BLMC,Biloxi Marsh Lands Corp,3.75,15,4,6,12,6,6,5,54,-13.0,41.0,Weak,Watchlist only,60,7.1,7.1,5.1,99.9,1,,Energy,6137318.0,0.0
CILJF,China Life Insurance Co Ltd,3.66,7,8,6,10,5,7,3,46,-3.0,41.0,Weak,Watchlist only,45,-0.8,0.3,0.2,50.5,0,,Financial Services,98926460928.0,13825.89
VSTM,Verastem Inc,5.91,12,8,9,13,7,0,5,54,-13.0,41.0,Weak,Watchlist only,47,-3.1,-4.4,3.8,58.9,1,,Healthcare,339192256.0,2176157.71
BDWBY,Budweiser Brewing Company APAC Limited,3.3,6,3,8,9,3,6,3,38,0.0,41.0,Weak,Watchlist only,16,-1.2,-0.2,-0.7,45.3,0,,Consumer Defensive,11890254848.0,1728.5
HAIVF,Haivision Systems Inc,3.1,3,14,8,10,3,1,2,41,-1.0,41.0,Weak,Watchlist only,18,-0.3,3.3,-0.8,43.2,0,,Technology,118791104.0,16897.61
XCXEX,MFS High Income Municipal Trust,4.1,10,7,11,6,4,2,3,43,-10.0,41.0,Weak,🔥 COILED: Watchlist only,46,0.0,0.0,0.0,54.5,0,,Other,0.0,0.0
DELHY,Delivery Hero SE,4.21,9,4,8,11,3,5,3,43,-5.0,41.0,Weak,Watchlist only,55,-1.6,-2.3,-0.8,49.2,1,,Consumer Cyclical,13334587392.0,237123.82
WMGTF,Wilmington plc,4.479,8,4,9,7,3,2,3,36,0.0,41.0,Weak,🔥 COILED: Watchlist only,42,0.0,0.0,-0.0,43.9,0,,Consumer Defensive,401142816.0,7.34
CRNZF,Cairn Energy PLC,5.07,17,4,7,13,6,2,5,54,-13.0,41.0,Weak,Watchlist only,61,0.0,0.0,4.7,100.0,0,,Energy,296636384.0,61.5
NTWK,NetSol Technologies Inc,4.37,7,11,10,5,9,3,3,48,-8.0,41.0,Weak,Watchlist only,55,2.1,0.2,0.2,50.0,1,,Technology,54215832.0,65866.54
MCSAX,MFS COMMODITY STRATEGY FUND A,4.25,4,10,6,7,3,1,3,34,2.0,41.0,Weak,🔥 COILED: Watchlist only,36,-1.2,-3.6,-0.4,48.1,0,,nan,0.0,0.0
MCSHX,MFS Commodity Strategy Fund Class C,4.21,4,10,6,7,3,1,3,34,2.0,41.0,Weak,🔥 COILED: Watchlist only,35,-1.2,-3.7,-0.4,48.1,0,,nan,nan,0.0
MCSQX,MFS Series Trust XV - MFS Commodity Strategy Fund,4.25,4,10,6,7,3,1,3,34,2.0,41.0,Weak,🔥 COILED: Watchlist only,36,-1.2,-3.6,-0.4,48.1,0,,nan,nan,0.0
PHK,PIMCO High Income Fund,4.71,15,15,4,3,6,9,3,55,-12.0,41.0,Weak,Watchlist only,51,1.3,1.7,1.2,61.3,0,,Financial Services,763023300.0,717239.82
OIBYX,Oppenheimer International Bond Y,4.62,13,5,7,7,1,7,3,43,-7.0,41.0,Weak,🔥 COILED: Watchlist only,34,0.4,2.4,0.4,53.7,0,,nan,0.0,0.0
BUGDF,Bumrungrad Hospital PCL DRC,4.75,6,4,11,7,3,2,3,36,0.0,41.0,Weak,🔥 COILED: Watchlist only,39,0.0,0.0,0.0,50.8,0,,Healthcare,4292819712.0,0.0
ACRE,Ares Commercial Real Estate,4.71,16,12,3,6,5,2,5,49,-8.0,41.0,Weak,Watchlist only,40,9.3,4.2,3.8,57.1,2,,Real Estate,280179616.0,467124.03
PSPFX,GLOBAL RESOURCES FUND GLOBAL RESOURCES FUND,4.56,13,5,8,9,0,3,4,42,-1.0,41.0,Weak,Watchlist only,28,4.1,4.6,3.4,57.6,0,,nan,0.0,0.0
PRKIX,U.S. TREASURY INTERMEDIATE FUND U.S. TREASURY INTERMEDIATE FUND- I CLASS,4.98,7,7,5,8,0,4,3,34,2.0,41.0,Weak,🔥 COILED: Watchlist only,27,0.0,0.4,-0.1,46.7,0,,nan,0.0,0.0
AREN,Arena Group Holdings Inc,1.58,15,9,5,13,5,5,5,57,-14.5,40.5,Weak,Watchlist only,33,35.0,68.1,31.4,69.1,2,,Communication Services,62835688.0,142212.73
GRAN,Grande Group Limited Class A Ordinary Shares,1.5,8,8,7,11,7,3,3,47,-8.0,40.0,Weak,Watchlist only,48,1.4,7.1,2.1,52.6,1,,Financial Services,24388200.0,162701.83
MCSXX,BlackRock Liquidity Funds - MuniCash,1.0,10,7,10,6,4,2,3,42,-10.0,40.0,Weak,🔥 COILED: Watchlist only,43,0.0,0.0,0.0,51.9,0,,nan,nan,0.0
JOIXX,JPMorgan Trust IV - Institutional Tax Free Money Market Fund,1.0,13,7,8,6,6,2,3,45,-10.0,40.0,Weak,🔥 COILED: Watchlist only,46,0.0,0.0,0.0,58.1,0,,nan,nan,0.0
MPFXX,Morgan Stanley Institutional Liquidity Funds - Prime Portfolio,1.0,9,7,11,6,4,2,3,42,-10.0,40.0,Weak,🔥 COILED: Watchlist only,36,0.0,0.0,0.0,54.3,0,,nan,nan,0.0
LGDTF,Liberty Gold Corp,1.2,18,13,9,14,4,4,5,67,-25.0,40.0,Weak,Watchlist only,57,20.0,23.7,17.2,66.2,3,,Basic Materials,567529600.0,721132.0
BYAH,"Park Ha Biological Technology Co., Ltd.",3.22,19,11,7,7,8,3,5,60,-25,40,Weak,Watchlist only,62,825.3,705.0,333.5,87.5,3,5,Consumer Defensive,3958668.0,113702.41
GPSAF,GPSAF,1.23,5,4,10,8,3,2,3,35,0.0,40.0,Weak,🔥 COILED: Watchlist only,31,0.0,0.0,0.0,50.0,0,,nan,609934848.0,50.0
NOWG,Nowigence Inc.,1.24,10,5,10,7,4,1,3,40,-5.0,40.0,Weak,🔥 COILED: Watchlist only,32,0.0,0.0,-0.0,47.6,1,,Technology,16162911.0,407.91
PPKRF,PPKRF,1.3,5,4,9,9,3,2,3,35,0.0,40.0,Weak,🔥 COILED: Watchlist only,39,0.0,0.0,0.0,50.0,0,,Consumer Cyclical,4795471872.0,1.0
BTCS,BTCS Inc,1.065,8,6,10,11,2,3,3,43,-3.0,40.0,Weak,Watchlist only,23,1.4,5.4,0.6,48.3,1,,Financial Services,64707980.0,1398821.76
XHLD,"TEN Holdings, Inc. Common Stock",2.81,15,13,5,6,8,5,5,57,-22,40,Weak,Watchlist only,64,157.8,34.4,77.4,69.1,3,7,Communication Services,6089322.0,1305084.25
ZZHGF,ZhongAn Online P & C Insurance Co. Ltd,1.5,8,3,9,9,3,2,3,37,0.0,40.0,Weak,Watchlist only,29,0.0,0.0,-0.0,0.0,0,,Financial Services,2527219456.0,0.88
GNNSF,Genscript Biotech Corporation,2.0,15,4,7,9,6,2,5,48,-8.0,40.0,Weak,Watchlist only,55,0.0,9.9,7.7,72.2,2,,Healthcare,3495528448.0,878.71
MIMSX,BNY MELLON MID CAP MULTI-STRATEGY FUND INVESTOR SHARES,1.83,11,7,9,4,6,2,3,42,-10.0,40.0,Weak,🔥 COILED: Watchlist only,27,0.0,0.0,0.1,52.0,0,,nan,0.0,0.0
NCNA,NuCana PLC,1.36,3,10,9,10,4,2,5,43,-1.0,40.0,Weak,Watchlist only,23,7.9,2.3,0.3,46.9,1,,Healthcare,8636090.0,171552.43
JBFCF,Jollibee Foods Corporation,2.47,12,11,8,5,7,5,2,50,-8.0,40.0,Weak,Watchlist only,36,2.9,2.1,2.5,55.7,0,,Consumer Cyclical,2555197440.0,4858.09
HWGLF,Harworth Group plc,2.07,5,4,9,9,3,2,3,35,0.0,40.0,Weak,🔥 COILED: Watchlist only,38,0.0,0.0,0.0,50.0,0,,Real Estate,673164672.0,3.0
ENADF,Enad Global 7 AB (publ),2.24,17,4,6,14,6,6,5,58,-18.0,40.0,Weak,Watchlist only,57,0.0,7.7,5.8,80.8,1,,Communication Services,221733264.0,1345.92
PMDI,Psychemedics Corporation,2.49,15,6,12,8,6,5,3,55,-18.0,40.0,Weak,Watchlist only,59,0.0,0.0,0.6,80.4,1,,Healthcare,13440905.0,2681.28
RUMBW,Rumble Inc.,1.7,9,14,9,5,6,2,2,47,-8.0,40.0,Weak,Watchlist only,47,15.6,5.6,3.0,52.0,1,,nan,nan,21011.16
LLESF,Lend Lease Group,2.15,3,12,2,12,5,2,2,38,2.0,40.0,Weak,Watchlist only,34,6.4,-6.1,0.8,48.9,1,,Real Estate,2272122880.0,0.0
CMRF,CIM Real Estate Finance Trust Inc.,2.3,6,8,7,8,0,4,5,38,2.0,40.0,Weak,Watchlist only,28,9.5,7.0,2.1,50.7,1,,Real Estate,1122601984.0,0.0
PNTOF,Pantoro Ltd,1.72,7,11,8,14,3,2,5,50,-15.0,40.0,Weak,Watchlist only,25,17.8,23.7,13.3,61.6,3,,Basic Materials,956829312.0,1150.19
LAUYX,LORD ABBETT INCOME FUND CLASS I,2.39,9,9,3,8,0,4,2,35,2.0,40.0,Weak,Watchlist only,28,0.4,0.4,-0.2,44.5,0,,nan,0.0,0.0
LOGVX,Lord Abbett Income Cl F3,2.39,4,11,3,8,3,4,2,35,2.0,40.0,Weak,Watchlist only,28,0.4,0.4,-0.1,44.5,0,,nan,0.0,0.0
SANA,Sana Biotechnology Inc,3.41,12,10,5,6,7,6,2,48,-13.0,40.0,Weak,🔥 COILED: Watchlist only,51,4.9,6.2,2.4,53.0,2,,Healthcare,823743104.0,3925021.45
GBGPF,GB Group plc,2.62,8,3,10,8,3,2,3,37,0.0,40.0,Weak,Watchlist only,28,0.0,0.0,-0.0,0.0,0,,Technology,605126208.0,560.31
DDEJF,Dundee Corp,2.65,11,14,7,4,5,3,4,48,-11.0,40.0,Weak,🔥 COILED: Watchlist only,31,3.9,-1.1,3.7,54.4,0,,Basic Materials,265028080.0,37533.34
HYEX,Grey Cloak Tech Inc,1.39,7,10,3,7,3,6,2,38,2.0,40.0,Weak,Watchlist only,28,-4.6,52.1,2.1,48.7,2,,Healthcare,39183912.0,767.4
CRHKF,China Resources Beer Holdings Co Ltd,2.96,4,7,8,9,3,1,3,35,0.0,40.0,Weak,🔥 COILED: Watchlist only,14,0.0,0.0,-0.5,44.8,0,,Consumer Defensive,11386439680.0,31.16
EVEX,Eve Holding Inc,2.62,11,8,3,12,2,2,5,43,-3.0,40.0,Weak,Watchlist only,36,12.4,8.3,5.3,53.7,2,,Industrials,1015307840.0,1312533.5
JFU,9F Inc,2.466,10,11,6,7,3,2,4,43,-3.0,40.0,Weak,Watchlist only,33,22.7,9.1,6.9,55.6,2,,Technology,35389464.0,22736.05
PUMSY,PUMA SE,3.08,4,10,7,10,6,2,2,41,-1.0,40.0,Weak,Watchlist only,50,-4.0,-0.5,-2.3,44.7,1,,Consumer Cyclical,4801663488.0,43979.23
DNERF,Downer EDI Limited,3.0,8,3,9,9,3,2,3,37,0.0,40.0,Weak,Watchlist only,33,0.0,0.0,-0.0,0.0,0,,Industrials,1984904192.0,3.8
TINCX,TEMPLETON GLOBAL BALANCED FUND CLASS A1,3.23,17,6,6,7,3,4,4,47,-7.0,40.0,Weak,Watchlist only,67,0.3,3.5,1.4,66.9,0,,nan,0.0,0.0
FGGBX,Templeton Global Balanced Fund6,3.23,17,6,6,7,3,4,4,47,-7.0,40.0,Weak,Watchlist only,66,0.6,3.5,1.5,67.8,0,,nan,nan,0.0
ETU,T-Rex 2X Long Ether Daily Target ETF,4.28,10,8,9,11,4,0,5,47,-8.0,40.0,Weak,Watchlist only,28,-2.3,2.4,2.7,52.8,0,,nan,nan,180034.36
ASCOF,Ascopiave S.p.A,3.33,8,3,9,9,3,2,3,37,0.0,40.0,Weak,Watchlist only,33,0.0,0.0,-0.0,0.0,0,,Utilities,720738048.0,1.0
CMVLF,Cellectis S.A,3.47,13,6,12,7,6,6,3,53,-18.0,40.0,Weak,🔥 COILED: Watchlist only,41,0.0,0.0,0.1,88.5,1,,Healthcare,452751648.0,21.5
IMMQF,Immobiliare Grande Distribuzione SIIQ S.p.A,3.46,7,6,10,9,3,2,3,40,-5.0,40.0,Weak,🔥 COILED: Watchlist only,44,0.0,0.0,0.0,50.0,1,,Real Estate,381783008.0,22.44
AMDD,Direxion Daily AMD Bear 1X Shares,29.32,15,8,5,14,5,4,5,56,-16.0,40.0,Weak,Watchlist only,52,-1.7,6.0,14.4,64.7,0,,nan,nan,11346648.43
POELF,The Navigator Company S.A,3.6,8,3,9,9,3,2,3,37,0.0,40.0,Weak,Watchlist only,29,0.0,0.0,-0.0,0.0,0,,Basic Materials,2560258816.0,354.28
LMPMY,Lee & Man Paper Manufacturing Ltd ADR,5.07,17,5,6,9,6,5,5,53,-13.0,40.0,Weak,Watchlist only,62,0.0,-2.7,8.5,87.7,0,,Basic Materials,1692230016.0,0.0
THFWF,FW Thorpe Plc,3.85,13,6,12,8,6,2,3,50,-13.0,40.0,Weak,Watchlist only,49,0.0,0.0,0.1,98.8,0,,Industrials,549960896.0,9.5
FULC,Fulcrum Therapeutics Inc,3.77,4,5,11,14,2,2,4,42,-3.0,40.0,Weak,Watchlist only,25,1.3,0.3,1.2,49.1,1,,Healthcare,224554288.0,1190636.04
NIABY,NIBE Industrier AB (publ),4.135,12,4,9,10,3,2,5,45,-5.0,40.0,Weak,Watchlist only,45,8.4,8.2,6.7,73.3,1,,Industrials,7902980608.0,631.46
PHCIX,VIRTUS HIGH YIELD FUND CLASS I,3.79,6,8,5,8,1,4,3,35,2.0,40.0,Weak,Watchlist only,33,0.5,0.3,0.0,48.9,0,,nan,0.0,0.0
IVA,Inventiva Sa,4.66,15,8,9,14,3,0,4,53,-13.0,40.0,Weak,Watchlist only,48,0.9,3.3,4.4,56.7,1,,Healthcare,883849728.0,340807.98
DXST,Decent Holding Inc Ordinary Shares,2.64,15,12,8,9,4,7,5,60,-18.0,40.0,Weak,Watchlist only,52,17.3,17.9,10.2,56.7,3,,Industrials,8712500.0,1089152.77
GCMDX,GOLDMAN SACHS LOCAL EMERGING MARKETS DEBT FUND CLASS C,4.01,6,7,6,8,3,4,3,37,0.0,40.0,Weak,Watchlist only,33,0.2,0.0,-0.1,38.0,0,,nan,0.0,0.0
GLIRX,GOLDMAN SACHS LOCAL EMERGING MARKETS DEBT FUND INVESTOR SHARES,4.01,6,7,6,8,3,4,3,37,0.0,40.0,Weak,Watchlist only,31,0.2,0.0,-0.1,39.3,0,,nan,0.0,0.0
GAMDX,GOLDMAN SACHS LOCAL EMERGING MARKETS DEBT FUND CLASS A,4.02,6,7,6,8,3,4,3,37,0.0,40.0,Weak,Watchlist only,33,0.2,0.0,-0.1,37.9,0,,nan,0.0,0.0
EIHIX,EATON VANCE HIGH INCOME OPPORTUNITIES FUND EATON VANCE HIGH INCOME OPPORTUNITIES FUND CLASS I,4.22,10,6,4,8,5,4,3,40,-3.0,40.0,Weak,Watchlist only,38,0.5,0.5,0.1,50.6,0,,nan,0.0,0.0
SLMUF,SLMUF,4.17,13,6,11,9,6,2,3,50,-13.0,40.0,Weak,Watchlist only,43,0.0,0.0,0.0,99.1,0,,Financial Services,nan,36.63
OCINF,OCI N.V,4.65,17,4,8,10,6,6,4,55,-18.0,40.0,Weak,Watchlist only,64,4.5,4.5,2.7,98.4,1,,Basic Materials,938814464.0,2037.0
BCOMF,B Communications Ltd,4.3,8,6,10,8,3,2,3,40,0.0,40.0,Weak,Watchlist only,33,0.0,0.0,-0.0,34.3,0,,Communication Services,451979904.0,0.0
FF,FutureFuel Corp,5.21,19,13,8,6,6,11,5,68,-29,40,Weak,Watchlist only,71,4.8,10.4,8.5,68.7,3,,Basic Materials,191683520.0,311248.07
GNRV,Grand River Commerce Inc,5.495,18,5,6,10,5,7,4,55,-15.0,40.0,Weak,Watchlist only,59,3.0,5.7,2.8,70.6,0,,Financial Services,29915428.0,3200.44
HOIBX,Homestead Intermediate Bond Fund,4.52,7,7,4,8,0,4,3,33,2.0,40.0,Weak,🔥 COILED: Watchlist only,28,0.0,0.2,-0.2,43.9,0,,nan,nan,0.0
QLMHIX,Legg Mason Partners Variable Income Trust - Western Asset Core Plus VIT Portfolio,4.64,9,7,5,8,2,4,3,38,-3.0,40.0,Weak,🔥 COILED: Watchlist only,36,0.2,0.4,-0.1,47.3,0,,nan,nan,0.0
AVAL,Grupo Aval,5.11,12,6,8,14,3,2,3,48,-8.0,40.0,Weak,Watchlist only,56,-0.8,3.4,0.7,52.1,0,,Financial Services,5686562304.0,152782.59
IMPP,Imperial Petroleum Inc,4.65,6,10,8,7,2,2,2,37,0.0,40.0,Weak,Watchlist only,41,-0.6,-4.3,-2.0,43.0,1,,Energy,230137520.0,672130.01
XGCVX,Gabelli Convertible and Income Securities Fd Inc,4.54,11,6,2,9,0,3,2,33,2.0,40.0,Weak,🔥 COILED: Watchlist only,42,2.5,-0.2,0.1,49.0,0,,Other,0.0,0.0
ITIPF,iShares II Public Limited Company - iShares $ Tips 0-5 UCITS ETF,4.91,2,14,2,10,3,3,2,36,4.0,40.0,Weak,Watchlist only,30,0.3,0.6,-0.1,46.3,0,,nan,nan,32186.64
CSWYF,China Shineway Pharmaceutical Group Limited,1.004,5,4,9,8,3,2,3,34,0.0,39.0,Poor,🔥 COILED: Stay away,38,0.0,0.0,0.0,50.0,0,,Healthcare,758421568.0,1.0
BBOP,Bebop Channel Corp,1.0,8,3,10,7,3,2,3,36,0.0,39.0,Poor,Stay away,37,0.0,0.0,-0.0,0.0,0,,Communication Services,8733041.0,5.0
ZLIOF,Zoomlion Heavy Industry Science and Technology Co. Ltd,1.0,7,5,6,12,5,1,3,39,0.0,39.0,Poor,Stay away,0,0.0,2.0,0.7,57.7,0,,Industrials,11329121280.0,0.0
SCTTF,Scott Technology Limited,1.14,8,3,9,8,3,2,3,36,0.0,39.0,Poor,Stay away,30,0.0,0.0,-0.0,0.0,0,,Industrials,95869136.0,75.0
GMXTF,GMéxico Transportes S.A.B. de C.V,1.23,8,3,9,8,3,2,3,36,0.0,39.0,Poor,Stay away,29,0.0,0.0,-0.0,2.4,0,,Industrials,4940832768.0,9.31
YRD,Yirendai Ltd,1.23,8,15,5,6,3,2,2,41,-8.0,39.0,Poor,🔥 COILED: Stay away,31,9.8,1.7,4.2,52.3,1,,Financial Services,106735928.0,91973.83
VGLIF,VGLIF,1.25,8,3,10,7,3,2,3,36,0.0,39.0,Poor,Stay away,43,0.0,0.0,-0.0,0.1,0,,Technology,298542976.0,320.5
SWRBF,Swire Pacific Limited,1.574,7,5,11,7,3,2,3,38,-2.0,39.0,Poor,Stay away,45,0.0,0.0,0.0,69.6,0,,Industrials,10886654976.0,0.0
ALEC,Alector Inc,1.83,9,14,8,17,4,4,5,61,-27.0,39.0,Poor,Stay away,33,13.0,22.8,15.0,60.8,4,,Healthcare,200955584.0,1464147.9
CURV,Torrid Holdings Inc,2.56,13,3,5,15,5,0,5,46,-7.0,39.0,Poor,Stay away,62,-1.9,8.0,5.6,62.9,2,,Consumer Cyclical,138302880.0,659790.65
HLFDF,Halfords Group plc,3.2,15,4,6,12,3,6,3,49,-13.0,39.0,Poor,Stay away,58,0.0,0.0,4.2,99.9,1,,Consumer Cyclical,403073760.0,0.0
ZMTBY,Zumtobel Group AG,1.92,8,3,10,7,3,2,3,36,0.0,39.0,Poor,Stay away,31,0.0,0.0,-0.0,5.6,0,,Industrials,162576816.0,46.27
XCFT,"xCraft Enterprises, Inc",1.95,8,3,10,7,3,2,3,36,0.0,39.0,Poor,Stay away,37,0.0,0.0,-0.0,0.0,0,,Technology,2920756.0,18.5
EDVGF,Endeavour Group Limited,2.25,10,4,10,5,4,3,3,39,-8.0,39.0,Poor,🔥 COILED: Stay away,31,0.0,0.0,0.1,52.1,0,,Consumer Defensive,3683392512.0,155.5
HMDCF,HUTCHMED (China) Limited,2.16,7,4,9,7,3,1,3,34,0.0,39.0,Poor,🔥 COILED: Stay away,20,0.0,0.0,-0.6,46.9,0,,Healthcare,1857063936.0,87.05
GLGDF,GoGold Resources Inc.,2.53,18,9,8,15,4,2,5,61,-20.0,39.0,Poor,Stay away,55,18.8,17.7,13.9,65.7,3,,Basic Materials,1040282368.0,460124.94
SSCC,SMURFIT-STONE CONTAINER Corp,2.22,7,6,10,8,3,2,3,39,-5.0,39.0,Poor,🔥 COILED: Stay away,33,0.0,0.0,0.0,50.0,1,,Technology,260140752.0,0.04
KGGNF,Kogan.com Ltd,2.16,8,3,10,7,3,2,3,36,0.0,39.0,Poor,Stay away,28,0.0,0.0,-0.0,0.1,1,,Consumer Cyclical,206542304.0,5.15
NXB,NextBoat Inc.,2.18,16,12,7,15,4,3,4,61,-23.0,39.0,Poor,Stay away,0,13.2,10.7,5.1,55.1,4,,Consumer Cyclical,58247696.0,0.0
WAEMX,WASATCH EMERGING MARKETS SMALL CAP FUND INVESTOR CLASS SHARES,2.04,10,10,4,9,4,2,3,42,-3.0,39.0,Poor,Stay away,44,6.8,4.1,2.8,55.8,0,,nan,0.0,0.0
RTWFF,RTW Venture Fund Limited,2.44,16,6,10,9,6,4,3,54,-18.0,39.0,Poor,Stay away,61,0.0,0.0,0.7,82.9,1,,nan,nan,872.0
RHEPZ,"Regional Health Properties, Inc.",2.41,9,15,3,9,6,2,2,46,-8.0,39.0,Poor,🔥 COILED: Stay away,53,2.1,-9.1,0.3,51.4,0,,nan,nan,1582.53
RSDEF,Ramsdens Holdings PLC,2.392,5,4,9,8,3,2,3,34,0.0,39.0,Poor,🔥 COILED: Stay away,30,0.0,0.0,0.0,50.0,0,,Consumer Cyclical,77411208.0,456.25
TRNLY,Trendlines Group Ltd ADR,2.1,11,10,5,9,4,2,3,44,-1.0,39.0,Poor,Stay away,48,0.0,0.0,2.1,54.3,0,,Financial Services,66952704.0,620.51
RETO,ReTo Eco-Solutions Inc,2.852,13,11,9,3,7,7,4,54,-15.0,39.0,Poor,Stay away,61,3.7,1.7,2.0,54.6,1,,Basic Materials,7585171.0,122578.32
CCUP,T-REX 2X Long CRCL Daily Target ETF,1.41,3,10,8,10,4,2,2,39,2.0,39.0,Poor,Stay away,22,-3.8,1.4,-8.7,42.0,0,,nan,nan,1982125.42
NINTF,Ninety One Group,2.6,3,6,8,8,3,5,3,36,0.0,39.0,Poor,Stay away,19,0.0,0.0,-1.2,33.7,0,,Financial Services,2886976768.0,55.39
WOOF,Pet Acquisition LLC,2.77,9,5,5,12,3,4,5,43,-4.0,39.0,Poor,Stay away,41,-0.4,9.1,0.5,51.8,1,,Consumer Cyclical,926285760.0,2642619.22
COTGF,COTGF,3.47,14,4,9,6,6,2,3,44,-10.0,39.0,Poor,🔥 COILED: Stay away,46,0.0,0.0,0.8,57.5,0,,Technology,249815760.0,4545.42
DAVA,Endava Ltd,2.91,10,7,6,12,2,2,4,43,-5.0,39.0,Poor,Stay away,28,0.7,5.4,0.1,49.8,1,,Technology,152187024.0,797885.27
KPGHF,Kelly Partners Group Holdings Limited,3.0,13,5,4,8,1,3,5,39,2.0,39.0,Poor,Stay away,30,7.9,11.1,6.2,59.1,2,,Industrials,134466624.0,13980.22
MEDXF,Medexus Pharmaceuticals Inc,3.55,13,7,4,9,5,4,2,44,-5.0,39.0,Poor,Stay away,58,1.5,-1.7,1.3,56.5,2,,Healthcare,82394160.0,12016.1
FORA,Forian Inc,2.62,11,11,3,11,3,2,3,44,-5.0,39.0,Poor,Stay away,47,-0.8,2.3,0.1,49.8,2,,Healthcare,67792720.0,67158.24
LRMR,Larimar Therapeutics Inc,4.2,15,10,9,4,7,7,3,55,-14.0,39.0,Poor,Stay away,52,9.8,4.7,8.1,61.9,1,,Healthcare,341774848.0,2672598.29
CTNR,Central Natural Resources Inc,3.05,11,6,12,9,6,2,3,49,-13.0,39.0,Poor,Stay away,36,0.0,0.0,0.0,98.7,0,,Energy,8915078.0,246.5
NISTF,Nippon Steel Corporation,4.3,16,4,4,9,5,5,5,48,-9.0,39.0,Poor,Stay away,57,14.7,17.4,11.7,72.2,2,,Basic Materials,17873924096.0,74375.32
FPAFY,First Pacific Company Ltd,3.45,11,3,4,11,1,1,5,36,0.0,39.0,Poor,Stay away,25,-5.2,-1.1,-0.0,52.2,0,,Consumer Defensive,2812999168.0,49515.26
LSLPF,LSL Property Services plc,3.68,17,4,6,9,6,2,5,49,-13.0,39.0,Poor,Stay away,49,0.0,0.0,2.5,100.0,0,,Real Estate,321893312.0,0.0
CLTFF,Celtic plc,2.9,9,9,4,6,7,7,2,44,-8.0,39.0,Poor,Stay away,48,0.8,2.8,-0.3,46.6,0,,Communication Services,313796736.0,1010.77
ACB,Aurora Cannabis Inc,2.98,14,12,9,14,4,2,5,60,-22.0,39.0,Poor,Stay away,29,5.3,10.8,6.7,63.1,3,,Healthcare,207534384.0,1337965.97
CMU,MFS High Yield Municipal Closed Fund,3.73,18,11,4,4,6,4,5,52,-13.0,39.0,Poor,Stay away,56,11.3,12.7,8.6,74.9,2,,Financial Services,85655744.0,96570.12
TQPCX,Touchstone Strategic Income Opportunities Fund Class C,3.25,9,9,4,8,0,4,3,37,-3.0,39.0,Poor,🔥 COILED: Stay away,30,0.3,0.0,-0.2,43.8,0,,nan,nan,0.0
PTXLF,PTT Exploration and Production Public Company Limited,3.85,15,6,10,7,6,2,3,49,-13.0,39.0,Poor,Stay away,59,0.0,0.0,0.7,100.0,0,,Energy,13896693760.0,3.0
PGEN,Precigen Inc,6.91,18,4,7,18,7,2,5,61,-22.0,39.0,Poor,Stay away,73,16.3,24.7,17.5,75.3,3,,Healthcare,1376132352.0,5100722.44
PBM,Psyence Biomedical Ltd. Common Shares,3.49,15,14,5,11,3,7,5,60,-21.0,39.0,Poor,Stay away,47,3.9,23.8,10.6,59.3,3,,Healthcare,9058563.0,965384.84
AHIYX,INVESCO HIGH YIELD FUND CLASS R5,3.5,9,7,3,8,0,4,3,34,2.0,39.0,Poor,Stay away,33,0.6,0.3,-0.0,47.3,0,,nan,0.0,0.0
XCMUX,MFS High Yield Municipal Trust,3.73,11,7,11,6,4,2,3,44,-10.0,39.0,Poor,🔥 COILED: Stay away,35,0.0,0.0,0.0,50.0,0,,Other,0.0,0.0
NEHYX,LOOMIS SAYLES HIGH INCOME FUND CLASS Y,3.63,6,8,4,8,1,4,3,34,2.0,39.0,Poor,Stay away,34,0.6,0.3,0.1,49.3,0,,nan,0.0,0.0
GSISF,Genesis Minerals Limited,4.795,16,6,6,5,4,9,5,51,-12.0,39.0,Poor,Stay away,55,12.8,9.0,13.0,64.0,1,,Basic Materials,4960903168.0,1407.38
GSM,Ferroglobe PLC,4.13,17,6,7,18,5,4,5,62,-24.0,39.0,Poor,⚠️ EXHAUSTION RISK: Stay away,41,28.7,23.3,18.3,70.8,3,,Basic Materials,835266432.0,1329110.7
PRLD,Prelude Therapeutics Inc,4.68,14,16,5,14,8,2,2,61,-23.0,39.0,Poor,Stay away,64,-7.3,19.1,4.9,54.9,4,,Healthcare,324952832.0,701732.34
MGPUF,M&G Plc,4.9,20,5,9,13,6,9,5,67,-28.0,39.0,Poor,Stay away,70,6.5,4.3,5.4,81.4,0,,Financial Services,10000998400.0,1716.25
JTKWY,Just Eat Takeaway.com NV ADR,4.185,15,17,9,5,4,3,5,58,-17.0,39.0,Poor,Stay away,36,7.3,7.3,6.5,63.3,1,,nan,4094232832.0,5956.5
JRNGF,Journey Energy Inc,3.046,3,12,8,7,3,5,4,42,-3.0,39.0,Poor,Stay away,21,-3.0,-8.3,-1.9,45.7,0,,Energy,295566784.0,92477.05
CMCM,Cheetah Mobile Inc,3.252,11,14,10,15,3,2,5,60,-24.0,39.0,Poor,Stay away,17,14.1,12.9,7.3,55.6,4,,Communication Services,127879144.0,35326.88
SFGYY,Sony Financial Group Inc.,4.77,11,3,7,13,5,0,5,44,-10.0,39.0,Poor,🔥 COILED: Stay away,52,-3.6,1.1,0.6,53.7,0,,Financial Services,5755847168.0,0.0
VRRM,Verra Mobility Corp,5.12,12,6,2,11,0,3,5,39,0.0,39.0,Poor,Stay away,27,-0.4,31.3,5.6,53.8,2,,Technology,651679552.0,2347315.56
NEXPF,Nexi S.p.A,4.5,5,5,8,9,3,3,3,36,0.0,39.0,Poor,Stay away,44,0.0,0.0,-0.3,34.0,1,,Technology,5463928832.0,509.47
SMGRF,Summerset Group Holdings Limited,4.72,9,3,6,11,6,1,3,39,0.0,39.0,Poor,Stay away,23,-0.6,-0.6,-0.1,46.8,0,,Healthcare,1096649216.0,25.0
CSNRF,CoinShares,4.59,17,4,8,9,6,2,3,49,-13.0,39.0,Poor,Stay away,54,0.0,0.0,0.1,100.0,1,,Financial Services,1054149504.0,25.5
EDAP,EDAP TMS SA,5.435,18,4,8,15,5,9,5,64,-25.0,39.0,Poor,Stay away,63,5.6,10.9,9.0,78.1,3,,Healthcare,161922176.0,67703.78
CNNRF,Canadian Net Real Estate Investment Trust,4.8,14,7,4,4,3,8,4,44,-8.0,39.0,Poor,Stay away,61,1.8,2.3,2.3,57.4,1,,Real Estate,97775176.0,2506.0
APPIF,Appier Group Inc.,6.19,17,9,5,14,8,3,5,61,-18.0,39.0,Poor,Stay away,48,29.0,29.0,24.8,80.8,2,,Technology,507294624.0,57.89
PDVGX,Putnam Diversified Income Class R6,4.88,9,7,3,8,0,4,3,34,2.0,39.0,Poor,Stay away,30,0.4,0.2,-0.0,47.6,0,,nan,0.0,0.0
WAGIX,WESTERN ASSET GLOBAL STRATEGIC INCOME FUND CLASS IS,4.96,9,7,3,8,0,4,3,34,2.0,39.0,Poor,Stay away,28,0.2,0.4,-0.1,46.5,0,,nan,0.0,0.0
PHYEX,PGIM HIGH YIELD FUND CLASS R2,4.76,9,7,3,8,0,4,3,34,2.0,39.0,Poor,Stay away,31,0.2,0.4,-0.0,46.8,0,,nan,nan,0.0
CONC,ConectiSys Corporation,1.0,9,6,11,9,3,2,3,43,-8.0,38.0,Poor,Stay away,49,0.0,0.0,0.0,79.1,1,,Financial Services,888579.0,4.6
RSHPF,Irish Residential Properties REIT Plc,1.32,15,4,5,10,6,2,4,46,-13.0,38.0,Poor,🔥 COILED: Stay away,61,0.0,2.7,2.2,88.6,0,,Real Estate,617768384.0,838.23
HSWLF,Hostelworld Group plc,1.25,5,3,10,9,3,2,3,35,0.0,38.0,Poor,Stay away,32,0.0,0.0,-0.0,2.8,0,,Consumer Cyclical,154111216.0,506.61
VODPF,Vodafone Group PLC,1.58,14,5,9,9,1,2,5,45,-10.0,38.0,Poor,Stay away,38,-3.7,1.9,1.1,53.9,1,,Communication Services,35921715200.0,0.0
GWLLF,Great Wall Motor Co Ltd,1.11,5,4,8,11,3,3,4,38,0.0,38.0,Poor,Stay away,20,0.0,0.0,-1.2,36.9,0,,Consumer Cyclical,11552563200.0,1952.5
ALLR,Allarity Therapeutics Inc,1.4,14,14,11,10,4,5,5,63,-25.0,38.0,Poor,Stay away,46,13.8,14.8,11.1,61.8,3,,Healthcare,26252694.0,2360106.3
LOKVW,Live Oak Acquisition Corp. V Warrants,1.9,17,8,5,13,5,10,5,63,-21.0,38.0,Poor,Stay away,66,22.6,22.6,19.4,86.4,2,,nan,nan,37034.01
OPESF,Otello Corporation ASA,1.9,12,6,11,7,3,6,3,48,-13.0,38.0,Poor,Stay away,60,0.0,0.0,0.0,100.0,0,,Communication Services,130534648.0,18.54
JCTC,Jewett-Cameron Trading Company Ltd.,2.8,18,14,6,15,7,2,5,67,-29,38,Poor,Stay away,62,0.0,10.2,7.0,62.3,4,,Basic Materials,7286633.0,21330.63
KNIT,Kinetic Group Inc,2,8,3,9,7,3,2,3,35,0.0,38.0,Poor,Stay away,39,0.0,0.0,-0.0,0.0,0,,Communication Services,52840400.0,10.0
SPFX,Standard Premium Finance Holdings Inc.,3.15,10,2,5,10,6,2,5,40,-2.0,38.0,Poor,Stay away,58,0.0,-2.8,3.4,60.0,0,,Financial Services,5489757.0,543.83
SNTUF,SNTUF,2.1,12,6,11,6,3,2,3,43,-10.0,38.0,Poor,🔥 COILED: Stay away,50,0.0,0.0,0.0,50.0,0,,Financial Services,nan,40.0
DMPZF,Domino's Pizza Group plc,2.68,17,4,7,10,6,2,5,51,-13.0,38.0,Poor,Stay away,50,0.0,11.7,5.3,91.2,2,,Consumer Cyclical,949082880.0,0.0
ITRG,Integra Resources Corp,2.41,12,12,12,11,5,1,5,58,-20.0,38.0,Poor,Stay away,32,11.6,13.1,8.8,60.1,3,,Basic Materials,525854304.0,2500456.33
DMTRF,3-D Matrix Ltd,2.5,11,7,10,5,4,5,3,45,-15.0,38.0,Poor,🔥 COILED: Stay away,27,0.0,0.0,0.6,54.0,1,,Healthcare,270478144.0,460.73
CHMI,Cherry Hill Mortgage Investment Corp,2.39,16,6,3,10,3,2,4,44,-6.0,38.0,Poor,Stay away,33,6.2,5.8,3.2,57.5,0,,Real Estate,88329128.0,241797.26
GEG,Great Elm Group Inc,2.23,11,14,5,8,4,1,2,45,-5.0,38.0,Poor,Stay away,50,2.3,3.7,1.5,51.8,1,,Financial Services,71493976.0,123206.68
WLMIF,Wilmar International Limited,3.08,12,2,2,11,6,1,4,38,0.0,38.0,Poor,Stay away,52,-5.2,-3.4,1.2,54.7,0,,Consumer Defensive,16606111744.0,5222.0
ARHVF,Archer Limited,2.5,4,3,10,10,3,5,3,38,0.0,38.0,Poor,Stay away,30,0.0,0.0,-0.2,34.4,1,,Energy,290523648.0,0.0
NLST,Netlist Inc,3.81,20,6,6,12,7,2,5,58,-20,38,Poor,⚠️ EXHAUSTION RISK: Stay away,57,60.1,53.6,36.4,71.6,4,10,Technology,1039949504.0,1417982.29
KRNGY,Karoon Energy Ltd,2.41,17,4,5,12,4,4,5,51,-13.0,38.0,Poor,Stay away,49,0.0,26.8,10.4,80.1,2,,Energy,1014977024.0,100.1
ESVIF,Ensign Energy Services Inc,2.51,6,12,5,7,3,3,5,41,-1.0,38.0,Poor,Stay away,35,0.4,-9.7,0.1,49.4,1,,Energy,571487936.0,80164.42
ALMP,ALMP,2.75,12,6,11,6,3,2,3,43,-10.0,38.0,Poor,🔥 COILED: Stay away,50,0.0,0.0,0.0,50.0,0,,Industrials,88000000.0,10.64
CYCN,Cyclerion Therapeutics Inc,3.56,14,13,5,2,9,3,2,48,-13.0,38.0,Poor,🔥 COILED: Stay away,54,1.7,-1.7,0.8,54.4,2,,Healthcare,13250761.0,2123076.84
HEGIF,Hengan Intl Group Ltd-H,3.2,5,6,10,7,0,4,3,35,0.0,38.0,Poor,Stay away,29,0.0,0.0,-0.0,33.4,0,,Consumer Defensive,3532390912.0,0.0
PRKWF,Parkway Life Real Estate Investment Trust,3.2,9,7,11,8,0,2,3,40,-2.0,38.0,Poor,Stay away,51,0.0,0.0,0.0,61.0,0,,Real Estate,2088489984.0,0.0
ESPR,Esperion Therapeutics Inc,3.18,16,3,9,12,5,4,3,52,-14.0,38.0,Poor,Stay away,57,1.0,0.3,0.8,64.8,0,,Healthcare,805761984.0,7901981.69
OSIIX,Oppenheimer Global Strtgc Incm Fd Cl I,3.12,13,5,8,6,1,7,3,43,-10.0,38.0,Poor,🔥 COILED: Stay away,36,0.3,2.0,0.3,53.2,0,,nan,0.0,0.0
THYUX,HIGH YIELD FUND HIGH YIELD FUND,3.2,6,8,3,8,1,4,3,33,2.0,38.0,Poor,Stay away,33,0.0,0.3,-0.0,47.6,0,,nan,0.0,0.0
TKECY,Tokyo Electric Power Co,3.36,10,11,12,13,4,5,5,60,-22.0,38.0,Poor,Stay away,27,3.4,10.9,7.0,62.8,3,,Utilities,5224808960.0,2657.75
TSVNF,Team17 Group plc,3.4,5,4,9,7,3,2,3,33,0.0,38.0,Poor,🔥 COILED: Stay away,40,0.0,0.0,0.0,50.0,1,,Communication Services,489922400.0,1.0
PDGNF,Pendragon PLC,5.865,16,2,5,11,6,3,5,48,-10.0,38.0,Poor,Stay away,62,4.7,41.3,19.1,85.0,2,,Consumer Cyclical,376251488.0,1247.4
PPT,Putnam Premier Income Trust,3.44,11,13,5,5,4,4,3,45,-8.0,38.0,Poor,Stay away,27,1.8,0.6,0.7,56.2,1,,Financial Services,328274496.0,189450.38
DHX,DHI Group Inc,4.13,11,8,9,9,5,2,4,48,-13.0,38.0,Poor,Stay away,58,1.2,9.5,2.7,55.9,2,,Technology,158538528.0,376991.4
IOTR,iOThree Limited Ordinary Shares,2.88,4,9,8,9,4,0,2,36,-1.0,38.0,Poor,Stay away,42,-7.4,-16.0,-5.7,44.4,1,,Communication Services,9362254.0,725737.57
MIDSX,MIDAS FUND MIDAS FUND,3.49,13,5,10,9,1,2,5,45,-7.0,38.0,Poor,Stay away,38,9.4,10.4,8.1,61.8,2,,nan,0.0,0.0
SGAMY,Sega Sammy Holdings Inc ADR,4.2,13,11,4,13,6,4,5,56,-18.0,38.0,Poor,Stay away,45,-6.2,12.3,4.2,57.1,3,,Communication Services,3040475648.0,7039.77
WTI,W&T Offshore Inc,3.34,2,12,9,12,4,0,2,41,-3.0,38.0,Poor,Stay away,37,-3.5,-13.2,-3.2,46.5,1,,Energy,609988544.0,4266754.24
MDXG,MiMedx Group Inc,4.18,9,6,4,14,5,2,3,43,-3.0,38.0,Poor,Stay away,44,-2.1,1.2,-0.1,51.7,0,,Healthcare,563014848.0,1055203.36
FHTX,Foghorn Therapeutics Inc,5.57,13,12,5,12,8,2,2,54,-17.0,38.0,Poor,Stay away,68,17.5,9.9,11.4,61.4,3,,Healthcare,219590064.0,171339.7
AARD,"Aardvark Therapeutics, Inc. Common Stock",7.3,17,8,7,11,5,3,5,56,-18.0,38.0,Poor,Stay away,56,14.1,14.2,13.5,59.9,3,,Healthcare,83120424.0,219286.16
AMBP,Ardagh Metal Packaging SA,5.02,16,6,1,10,5,7,5,50,-12.0,38.0,Poor,Stay away,62,3.5,6.4,4.5,59.3,1,,Consumer Cyclical,2378871040.0,1290551.54
ECC,Eagle Point Credit Company Inc.,3.9,14,14,9,8,4,5,3,57,-17.0,38.0,Poor,Stay away,37,1.6,8.0,2.9,60.6,3,,Financial Services,536767584.0,1768417.84
HELP,Cybin Inc. Common Stock,11.1,18,6,7,16,6,9,5,67,-30,38,Poor,Stay away,70,36.4,43.6,37.3,83.3,3,,Healthcare,214544784.0,875111.56
MOLN,Molecular Partners AG ADR,4.05,12,5,8,8,3,3,3,42,-5.0,38.0,Poor,Stay away,37,3.1,2.0,1.0,52.3,1,,Healthcare,147418880.0,4762.69
APIBX,API SHORT TERM BOND FUND INSTITUTIONAL CLASS,4.17,4,10,1,8,3,4,3,33,2.0,38.0,Poor,Stay away,29,0.2,0.2,-0.1,46.6,0,,nan,0.0,0.0
SHTPY,SHTPY,4.37,5,3,10,9,3,2,3,35,0.0,38.0,Poor,Stay away,34,0.0,0.0,-0.0,0.0,0,,Healthcare,2632743680.0,5.51
EGFIX,EDGEWOOD GROWTH FUND INSTITUTIONAL CLASS SHARES,4.5,11,6,6,6,5,7,2,43,-13.0,38.0,Poor,🔥 COILED: Stay away,28,3.5,4.2,0.5,40.1,0,,nan,0.0,0.0
PIGDX,PNC INTERNATIONAL GROWTH FUND CLASS I,4.47,12,5,6,9,1,2,3,38,-3.0,38.0,Poor,Stay away,40,3.7,2.3,1.7,54.9,0,,nan,0.0,0.0
REIGX,Federated Hermes International Growth Fund Class R6 Shares,4.49,12,5,6,9,1,2,3,38,-3.0,38.0,Poor,Stay away,40,3.7,2.0,1.6,54.7,0,,nan,nan,0.0
RKUNF,Rakuten Group Inc,5.307,14,6,10,14,3,6,5,58,-20.0,38.0,Poor,Stay away,50,6.1,8.5,5.4,66.4,2,,Consumer Cyclical,10238080000.0,0.0
AGXKF,Anglo Asian Mining PLC,5.095,10,10,4,12,6,4,5,51,-13.0,38.0,Poor,Stay away,48,-12.6,-5.6,-0.5,52.6,0,,Basic Materials,537407488.0,1502.5
JPPPF,JPPPF,4.64,5,4,9,7,3,2,3,33,0.0,38.0,Poor,🔥 COILED: Stay away,38,0.0,0.0,0.0,50.0,0,,Basic Materials,517092224.0,0.15
FINV,FinVolution Group,4.82,6,7,6,13,3,0,3,38,0.0,38.0,Poor,Stay away,38,-1.4,2.1,-0.4,49.1,0,,Financial Services,1206440320.0,1430149.71
PDVCX,PUTNAM DIVERSIFIED INCOME TRUST CLASS C SHARES,4.83,9,6,3,8,0,4,3,33,2.0,38.0,Poor,Stay away,30,0.4,0.4,0.0,49.2,0,,nan,0.0,0.0
PDVMX,PUTNAM DIVERSIFIED INCOME TRUST CLASS M SHARES,4.8,9,7,2,8,0,4,3,33,2.0,38.0,Poor,Stay away,30,0.4,0.2,-0.0,47.6,0,,nan,0.0,0.0
PRHCX,PRUDENTIAL HIGH YIELD FUND CLASS C,4.75,9,6,3,8,0,4,3,33,2.0,38.0,Poor,Stay away,31,0.4,0.4,-0.0,46.7,0,,nan,0.0,0.0
KGDEF,Kingdee International Software Group Company Limited,0.749,3,4,8,8,3,3,3,32,0.0,37.0,Poor,🔥 COILED: Stay away,15,0.0,0.0,-4.1,44.9,0,,Technology,3715807232.0,63.96
SUNE,SUNation Energy Inc.,2.47,13,11,3,3,2,6,2,40,-8.0,37.0,Poor,🔥 COILED: Stay away,40,7.9,-5.0,1.6,51.0,0,,Technology,5030189.0,1325432.54
AMMHF,AMMB Holdings Berhad,1.255,8,7,10,6,4,4,3,42,-10.0,37.0,Poor,🔥 COILED: Stay away,23,0.0,0.0,-0.0,42.4,0,,Financial Services,4149642496.0,100.35
MYO,Myomo Inc,1.31,18,12,7,8,8,3,5,61,-29,37,Poor,Stay away,57,31.0,31.0,23.2,64.5,3,,Healthcare,49457472.0,882628.8
OLNCF,Omni-Lite Industries Canada Inc,1.49,12,3,9,6,6,5,3,44,-10.0,37.0,Poor,Stay away,58,0.0,0.0,0.1,55.9,0,,Industrials,20430386.0,21060.22
GREE,Greenidge Generation Holdings Inc,2.14,14,15,2,7,6,1,5,50,-13.0,37.0,Poor,Stay away,57,-24.6,27.4,7.0,54.7,2,,Financial Services,25117708.0,480507.66
SHPMF,Shanghai Pharmaceuticals Holding Co. Ltd,1.46,5,4,10,7,3,2,3,34,0.0,37.0,Poor,Stay away,33,0.0,0.0,-0.0,0.0,0,,Healthcare,5414208512.0,0.0
NNDM,Nano Dimension Ltd,1.57,12,11,11,11,5,3,4,57,-18.0,37.0,Poor,Stay away,32,1.9,6.8,3.6,58.7,1,,Technology,326365376.0,2797526.33
PBMLF,Pacific Booker Minerals Inc,1.857,11,13,6,0,8,8,5,51,-14.0,37.0,Poor,Stay away,54,7.3,7.3,6.4,62.7,1,,Basic Materials,28084336.0,1696.98
OCG,Oriental Culture Holding Ltd,1.65,9,6,9,8,2,4,4,42,-5.0,37.0,Poor,Stay away,36,3.8,2.5,-0.1,49.4,1,,Consumer Cyclical,3527728.0,489704.41
XCIFX,MFS Intermediate High Income Fund,1.77,8,7,10,6,1,7,3,42,-10.0,37.0,Poor,🔥 COILED: Stay away,28,0.0,0.0,-0.0,47.8,0,,Other,0.0,0.0
ALLO,Allogene Therapeutics Inc,1.97,11,12,9,7,5,6,2,52,-18.0,37.0,Poor,🔥 COILED: Stay away,34,0.0,8.2,4.1,53.9,3,,Healthcare,704115264.0,5714159.31
POSC,Positron Corp,1.64,6,9,5,12,2,4,2,40,-3.0,37.0,Poor,Stay away,34,-1.8,2.5,-2.0,46.7,1,,Healthcare,61486916.0,38009.21
SPHIF,Super Hi International Holding Ltd.,1.9,5,3,10,8,3,2,3,34,0.0,37.0,Poor,Stay away,32,0.0,0.0,-0.0,9.7,0,,Consumer Cyclical,1117895424.0,29.84
LXRX,Lexicon Pharmaceuticals Inc,2.36,10,6,6,15,5,5,4,51,-15.0,37.0,Poor,Stay away,59,0.9,2.6,1.6,53.7,1,,Healthcare,843973120.0,2439753.74
FKKEF,Charter Hall Social Infrastructure REIT,1.705,7,3,8,7,3,3,3,34,0.0,37.0,Poor,Stay away,13,0.0,0.0,-0.5,0.0,0,,Real Estate,719951040.0,0.0
TUYA,Tuya Inc ADR,1.76,6,13,6,7,4,2,2,40,-1.0,37.0,Poor,Stay away,20,3.5,8.6,1.0,49.3,2,,Technology,1232352384.0,1373194.97
AIMD,Ainos Inc,1.53,8,11,3,13,3,2,2,42,-3.0,37.0,Poor,Stay away,32,12.5,1.3,-0.2,46.7,1,,Technology,16422929.0,331164.47
GRGTF,Grainger plc,2.49,15,4,7,12,6,1,5,50,-13.0,37.0,Poor,Stay away,54,0.0,0.0,4.9,72.2,0,,Real Estate,1545059840.0,518.0
LPRO,Open Lending Corp,3.14,16,6,9,7,6,2,3,49,-17.0,37.0,Poor,🔥 COILED: Stay away,61,0.0,0.0,1.1,69.9,1,,Financial Services,264806256.0,695912.35
RAASY,Cloopen Group Holding Ltd - ADR,2.08,15,13,10,4,4,6,4,56,-19.0,37.0,Poor,Stay away,61,4.5,3.0,2.1,63.2,1,,Technology,119771456.0,17449.74
WFF,WF Holding Limited Ordinary Shares,2.724,16,12,8,14,6,6,5,67,-28,37,Poor,Stay away,52,34.8,19.5,15.4,58.9,4,,Industrials,10529457.0,70510.88
MAQC,Maquia Capital Acquisition Corp,2.36,15,4,5,10,6,2,5,47,-13.0,37.0,Poor,Stay away,34,0.0,6.3,2.6,99.7,0,,Financial Services,11170651.0,14.5
WIEMX,WASATCH EMERGING MARKETS SMALL CAP FUND INSTITUTIONAL CLASS SHARES,2.1,10,9,3,9,4,2,3,40,-3.0,37.0,Poor,Stay away,42,6.6,4.0,2.5,55.6,0,,nan,0.0,0.0
FGROF,FirstGroup plc,2.4,15,4,6,9,6,4,3,47,-13.0,37.0,Poor,Stay away,42,0.8,0.8,0.5,97.6,0,,Industrials,1357823488.0,80.0
SIHBY,Shenzhen Investment Bay Area Co Ltd,2.25,6,3,9,8,3,5,3,37,0.0,37.0,Poor,Stay away,29,0.0,0.0,-0.8,22.6,0,,Industrials,822269504.0,81.97
OABI,OmniAb Inc.,2.24,11,14,6,8,8,2,3,52,-16.0,37.0,Poor,Stay away,55,12.6,9.8,7.2,58.5,3,,Healthcare,360256832.0,541242.26
XBIT,XBiotech Inc,2.28,8,15,9,4,4,7,3,50,-16.0,37.0,Poor,Stay away,26,1.8,0.0,0.4,49.5,2,,Healthcare,72255920.0,60722.33
DCX,Digital Currency X Technology Inc.,1.0,8,7,3,11,2,2,2,35,2.0,37.0,Poor,Stay away,22,-19.4,40.4,-2.5,45.6,2,,Consumer Cyclical,48766116.0,296271.26
GIPIF,Green Impact Partners Inc,2.25,8,6,10,7,3,2,3,39,-5.0,37.0,Poor,Stay away,35,0.0,0.0,-0.0,33.4,1,,Industrials,47230416.0,22.0
ZJYL,JIN MEDICAL INTERNATIONAL LTD. Ordinary Shares,1.92,8,6,2,10,0,4,5,35,2.0,37.0,Poor,Stay away,39,0.5,-15.8,-5.3,45.4,0,,Healthcare,19333568.0,117297.64
MPMCX,BNY MELLON MID CAP MULTI-STRATEGY FUND CLASS M SHARES,2.48,9,5,9,5,6,2,3,39,-10.0,37.0,Poor,🔥 COILED: Stay away,28,0.0,0.0,0.1,52.3,0,,nan,0.0,0.0
LAUKX,LORD ABBETT INCOME FUND CLASS R4,2.39,6,9,3,8,0,4,2,32,2.0,37.0,Poor,Stay away,28,0.4,0.4,-0.2,44.4,0,,nan,0.0,0.0
YAHOF,Z Holdings Corporation,2.9,11,3,4,8,5,3,5,39,-2.0,37.0,Poor,Stay away,47,5.5,5.5,3.4,66.8,0,,Consumer Cyclical,17391804416.0,0.0
SDRMF,SiteMinder Limited,2.555,4,9,4,11,8,2,2,40,-3.0,37.0,Poor,Stay away,42,7.8,-5.4,-0.2,48.1,1,,Technology,808326464.0,1802.48
KIERF,Kier Group plc,2.75,7,3,11,8,3,2,3,37,-3.0,37.0,Poor,Stay away,45,0.0,0.0,0.0,72.9,0,,Industrials,1198368768.0,11.63
BTSGY,BTS Group Holdings PCL ADR,3.08,5,4,10,7,3,2,3,34,0.0,37.0,Poor,Stay away,33,0.0,0.0,-0.0,0.0,0,,Industrials,656627136.0,0.0
RAY,Raytech Holding Limited Ordinary Shares,2.87,4,9,3,11,2,6,2,37,0.0,37.0,Poor,Stay away,39,7.9,17.6,-0.8,48.8,2,,Consumer Defensive,9790441.0,151732.9
FUTG,Leverage Shares 2x Long FUTU Daily ETF,3.824,12,4,5,14,0,5,5,45,-8.0,37.0,Poor,Stay away,22,1.4,9.6,0.7,49.5,1,,nan,nan,0.0
ALNPY,ANA Holdings Inc ADR,3.8,11,5,1,10,3,3,2,35,2.0,37.0,Poor,Stay away,50,7.6,0.5,-0.3,50.3,0,,Industrials,7766415872.0,6603.75
VZLA,Vizsla Resources Corp,3.53,12,7,8,14,3,6,5,55,-18.0,37.0,Poor,Stay away,45,9.0,9.0,6.9,58.2,3,,Basic Materials,1240476288.0,7354552.47
ELLRY,ElringKlinger AG,2.66,3,3,9,10,3,3,3,34,0.0,37.0,Poor,Stay away,30,0.0,0.0,-3.0,9.5,1,,Consumer Cyclical,430847968.0,177.4
QH,Quhuo Limited American Depository Shares,4.53,3,8,4,10,6,4,2,37,-1.0,37.0,Poor,Stay away,48,-1.3,-2.4,-11.1,43.4,2,,Technology,12505394.0,2376158.69
XVVRX,Invesco Senior Income Trust,3.36,7,7,9,6,3,7,3,42,-10.0,37.0,Poor,🔥 COILED: Stay away,35,0.0,0.3,0.1,51.4,0,,Other,0.0,0.0
IMSRW,Terrestrial Energy Inc.,2.5,7,8,3,7,4,4,2,35,2.0,37.0,Poor,Stay away,23,15.2,16.3,6.5,52.5,2,,nan,nan,148702.01
HCAEF,Admie Holding S.A.,3.59,12,6,10,6,3,2,3,42,-10.0,37.0,Poor,🔥 COILED: Stay away,54,0.0,0.0,0.0,50.0,0,,Utilities,832104512.0,15.0
NCMI,National CineMedia Inc,4.03,17,9,8,10,3,0,4,51,-14.0,37.0,Poor,Stay away,63,0.8,7.8,2.0,56.4,1,,Communication Services,332920032.0,427479.42
ACOPY,The A2 Milk Company Ltd,5.3,14,9,7,6,6,3,5,50,-13.0,37.0,Poor,Stay away,41,14.0,11.8,9.5,71.3,2,,Consumer Defensive,2771128064.0,808.3
ANTX,AN2 Therapeutics Inc,6.08,17,6,7,14,6,9,5,64,-25.0,37.0,Poor,Stay away,65,14.1,23.6,16.6,73.3,3,,Healthcare,150187392.0,517857.7
XHIOX,Western Asset High Income Opportunity Fund Inc,3.86,6,10,4,8,3,4,2,37,0.0,37.0,Poor,Stay away,26,0.5,-0.5,-0.2,39.3,0,,Other,0.0,0.0
GTN,Gray Television Inc,4.28,13,8,5,14,5,5,5,55,-18.0,37.0,Poor,Stay away,35,5.4,10.0,4.3,57.9,3,,Communication Services,414036000.0,1265964.93
LPFCX,ALPS/RED ROCKS LISTED PRIVATE EQUITY FUND CLASS C,4.59,14,6,5,9,3,4,5,46,-9.0,37.0,Poor,Stay away,53,4.8,7.7,4.1,67.9,0,,nan,0.0,0.0
SITIF,SITC International Holdings Company Limited,5.01,18,3,4,8,6,6,5,50,-13.0,37.0,Poor,Stay away,67,0.0,22.8,7.5,86.5,2,,Industrials,11636963328.0,6273.59
OERLF,OC Oerlikon Corporation AG,6.12,20,9,6,13,6,12,5,71,-30,37,Poor,Stay away,69,40.9,40.9,35.6,99.6,3,,Industrials,1437811968.0,0.0
TIGR,Up Fintech Holding Ltd,4.74,5,8,6,12,2,1,3,37,0.0,37.0,Poor,Stay away,21,-2.9,-2.7,-1.0,47.3,0,,Financial Services,850615168.0,4341213.09
HLFFF,HelloFresh SE,4.42,7,10,7,7,4,2,2,39,-5.0,37.0,Poor,Stay away,32,9.2,7.2,2.2,53.2,1,,Consumer Cyclical,709572992.0,1407.88
OMCC,Old Market Capital Corporation,4.34,13,11,12,4,8,3,3,54,-17.0,37.0,Poor,Stay away,47,4.6,3.3,3.3,63.7,2,,Communication Services,29315410.0,9048.44
FBBPF,FIBRA Prologis,4.57,7,13,11,5,4,1,4,45,-11.0,37.0,Poor,🔥 COILED: Stay away,46,0.7,1.3,2.5,52.9,0,,Real Estate,7832219648.0,6658.51
CLSZ,Tradr 2X Short CLSK Daily ETF,4.55,5,7,6,12,3,2,2,37,0.0,37.0,Poor,Stay away,0,0.0,12.3,-6.6,37.9,2,,nan,nan,0.0
UGP,Ultrapar Participacoes SA ADR,6.37,16,11,6,14,7,1,5,60,-23.0,37.0,Poor,Stay away,62,-1.4,-2.9,3.0,61.8,0,,Energy,5204761088.0,2385744.51
ABDBY,Alm. Brand A/S,5.0,5,3,10,8,3,2,3,34,0.0,37.0,Poor,Stay away,46,0.0,0.0,-0.0,0.5,0,,Financial Services,3421142784.0,11.04
LANJX,LORD ABBETT NEW JERSEY TAX-FREE INCOME FUND CLASS A,4.68,6,12,2,8,3,4,2,37,0.0,37.0,Poor,Stay away,33,0.2,0.4,-0.3,35.7,0,,nan,0.0,0.0
WXM,WF International Limited Ordinary Shares,4.41,16,13,6,13,8,3,5,64,-28.2,36.8,Poor,Stay away,66,29.7,18.5,25.6,66.9,4,,Industrials,428099.0,23376.7
LGBOF,Lingbao Gold Group Company Ltd.,1.0,10,6,11,6,3,2,3,41,-10.0,36.0,Poor,🔥 COILED: Stay away,45,0.0,0.0,0.0,50.0,0,,Basic Materials,1379396992.0,0.0
TRSNF,TRSNF,1.0,5,3,10,7,3,2,3,33,0.0,36.0,Poor,Stay away,30,0.0,0.0,-0.0,0.0,0,,Utilities,444673792.0,5.0
AHMA,Ambitions Enterprise Management Co. L.L.C Class A Ordinary Shares,1.68,14,8,9,2,2,2,2,39,-8.0,36.0,Poor,🔥 COILED: Stay away,40,20.9,0.6,3.3,51.3,1,,Consumer Cyclical,31508498.0,0.0
DFORF,D4t4 Solutions Plc,1.0,5,3,9,9,3,1,3,33,0.0,36.0,Poor,Stay away,15,0.0,0.0,-0.4,0.0,0,,Technology,38201184.0,240.38
QNCX,"Quince Therapeutics, Inc.",29.54,18,7,6,14,7,11,5,68,-30,36,Poor,Stay away,60,28.3,61.6,40.1,91.6,3,,Healthcare,21515182.0,3539245.86
HOJI,House of Jane Inc,1.0,5,3,10,7,3,2,3,33,0.0,36.0,Poor,Stay away,19,0.0,0.0,-0.0,0.0,0,,Consumer Defensive,11031895.0,12.0
EJPXX,JPMorgan Trust I - JPMorgan Prime Money Market Fund,1.0,14,5,6,6,4,7,3,45,-12.0,36.0,Poor,Stay away,39,0.0,0.0,0.0,60.9,0,,nan,nan,0.0
VYAXX,Voya Funds Trust - Government Money Market Fund Series II,1.0,18,5,5,8,4,6,3,49,-13.0,36.0,Poor,Stay away,49,0.0,0.0,0.0,98.6,0,,nan,nan,0.0
SDIIF,SDI Group plc,1.29,15,4,6,9,6,4,5,49,-13.0,36.0,Poor,Stay away,61,0.0,14.2,7.0,80.0,2,,Technology,109801776.0,272.5
AIKO,Alternative Investment Corporation,0.983,3,4,8,8,3,7,3,36,-5.0,36.0,Poor,🔥 COILED: Stay away,26,0.0,0.0,-2.5,46.3,1,,Financial Services,17602666.0,4.5
KOOYF,Kootenay Silver Inc,0.888,4,10,9,8,4,2,2,39,-3.0,36.0,Poor,Stay away,29,8.0,5.8,2.4,51.3,1,,Basic Materials,117722456.0,246364.29
DDHRF,Dream Hard Asset Alternatives Trust Units,1.17,8,3,10,7,3,4,3,38,-5.0,36.0,Poor,Stay away,36,0.0,0.0,-0.0,37.0,1,,Real Estate,22287918.0,0.0
SRTMF,SRTMF,1.22,10,6,11,6,3,2,3,41,-10.0,36.0,Poor,🔥 COILED: Stay away,0,0.0,0.0,0.0,50.0,0,,Technology,333013792.0,0.0
RNLXY,Renalytix Plc,2.37,17,11,7,16,6,6,5,68,-30,36,Poor,Stay away,76,23.8,33.1,20.4,72.1,3,,nan,294987616.0,2878.44
HPURF,Hexagon Purus ASA,1.2,12,6,12,10,6,2,3,51,-18.0,36.0,Poor,Stay away,47,0.0,0.0,0.4,98.8,1,,Industrials,51418336.0,233.72
LLDTF,Lloyds Banking Group plc,1.57,18,11,6,5,7,2,5,54,-18.0,36.0,Poor,Stay away,51,5.4,8.3,7.0,57.7,1,,Financial Services,81572052992.0,0.0
AUHEF,Anhui Expressway Company Limited,1.27,5,3,10,7,3,2,3,33,0.0,36.0,Poor,Stay away,36,0.0,0.0,-0.0,0.0,0,,Industrials,2169911552.0,0.0
ASNFF,ASNFF,1.25,10,6,11,6,3,2,3,41,-10.0,36.0,Poor,🔥 COILED: Stay away,45,0.0,0.0,0.0,50.0,0,,Technology,1174951680.0,1.15
PYIYF,Property For Industry Ltd.,1.26,10,6,11,6,3,2,3,41,-10.0,36.0,Poor,🔥 COILED: Stay away,50,0.0,0.0,0.0,50.0,0,,Real Estate,632997568.0,650.0
OXSQ,Oxford Square Capital Corp,1.49,12,9,3,1,3,7,3,38,-10.0,36.0,Poor,🔥 COILED: Stay away,19,3.5,3.5,1.6,54.0,1,,Financial Services,129067384.0,1361967.49
CBUS,Cibus Global LLC,1.87,13,6,3,11,3,0,2,38,-5.0,36.0,Poor,Stay away,49,-3.1,5.1,1.7,54.2,1,,Healthcare,113363976.0,422369.85
ALMMF,Aluminum Corporation of China Limited,1.1,9,13,8,4,3,2,5,44,-8.0,36.0,Poor,Stay away,25,20.9,2.8,7.6,55.3,0,,Basic Materials,22987663360.0,9632.09
BEEM,Beam Global,1.12,6,8,7,12,4,2,2,41,-3.0,36.0,Poor,Stay away,30,7.7,2.8,1.5,49.1,2,,Technology,31526252.0,905729.05
PEJMF,Peijia Medical Limited,1.387,8,4,9,7,3,2,3,36,-5.0,36.0,Poor,🔥 COILED: Stay away,29,0.0,0.0,-0.0,48.1,1,,Healthcare,928412224.0,3800.0
EUSHY,Eurocash SA PK,1.36,7,7,8,7,3,1,3,36,-5.0,36.0,Poor,🔥 COILED: Stay away,17,0.0,0.0,-0.8,44.5,1,,Consumer Defensive,189262064.0,28.88
MPPTF,Mpact Limited,1.4,5,3,10,7,3,2,3,33,0.0,36.0,Poor,Stay away,33,0.0,0.0,-0.0,0.0,0,,Consumer Cyclical,203525840.0,0.0
BCTCF,BC Technology Group Limited,1.5,11,7,10,5,4,1,3,41,-13.0,36.0,Poor,🔥 COILED: Stay away,23,0.0,0.0,1.2,51.2,1,,Financial Services,1321977856.0,73.6
GRWPF,Growthpoint Properties Australia,1.54,5,3,10,7,3,2,3,33,0.0,36.0,Poor,Stay away,32,0.0,0.0,-0.0,0.0,1,,Real Estate,1161626240.0,0.0
KITT,Nauticus Robotics Inc.,1.07,12,11,8,17,4,6,3,61,-23.0,36.0,Poor,Stay away,29,29.1,39.5,11.9,54.8,4,,Industrials,8254826.0,630985.62
ZHJD,ZHJD,1.78,15,5,6,10,6,2,5,49,-13.0,36.0,Poor,Stay away,51,0.0,0.0,2.7,99.9,0,,Consumer Cyclical,159198000.0,0.0
RFGPF,Retail Food Group Limited,1.6,5,4,9,8,0,2,3,31,0.0,36.0,Poor,🔥 COILED: Stay away,35,0.0,0.0,0.0,50.0,0,,Consumer Cyclical,101135048.0,2300.0
HYHHF,Hygeia Healthcare Holdings Co Ltd,1.68,5,3,10,7,3,2,3,33,0.0,36.0,Poor,Stay away,31,0.0,0.0,-0.0,0.0,0,,Healthcare,1025346624.0,4.5
IDXG,Interpace Biosciences Inc,1.58,9,12,3,10,3,6,2,45,-9.0,36.0,Poor,Stay away,40,9.7,9.0,1.6,50.7,2,,Healthcare,46260508.0,8400.32
OST,Ostin Technology Group Co Ltd,1.695,6,4,10,8,3,2,3,36,-5.0,36.0,Poor,🔥 COILED: Stay away,47,0.0,0.0,-0.0,50.1,1,,Technology,10108845.0,10073.31
VNTEF,VNTEF,1.7,5,3,10,7,3,2,3,33,0.0,36.0,Poor,Stay away,0,0.0,0.0,-0.0,0.0,0,,Real Estate,466556000.0,0.0
SYKWF,SKY Network Television Limited,1.89,10,6,11,6,3,2,3,41,-10.0,36.0,Poor,🔥 COILED: Stay away,35,0.0,0.0,0.0,50.0,0,,Communication Services,234047520.0,0.0
LGCL,Lucas GC Limited Ordinary Shares,1.32,5,5,2,9,5,6,2,34,2.0,36.0,Poor,Stay away,23,10.0,-25.0,-0.5,48.9,0,,Technology,86864520.0,112824.47
YNNHF,Yihai International Holding Ltd,1.992,12,6,11,7,3,4,3,46,-13.0,36.0,Poor,Stay away,53,0.0,0.0,0.0,95.7,0,,Consumer Defensive,1932502912.0,5.72
NXDR,NXDR,2.54,19,13,3,11,7,7,5,65,-29.0,36.0,Poor,Stay away,61,12.9,14.4,9.0,65.2,3,,Communication Services,770403200.0,3863828.03
THM,International Tower Hill Mines Ltd,2.11,6,12,6,9,4,2,2,41,-3.0,36.0,Poor,Stay away,42,10.5,1.9,5.0,53.2,2,,Basic Materials,661903040.0,1228807.46
CMCAU,Capitalworks Emerging Markets Acquisition Corp Unit,2.0,5,3,10,7,3,2,3,33,0.0,36.0,Poor,Stay away,31,0.0,0.0,-0.0,0.0,0,,Financial Services,nan,4.0
TLGUF,TLGUF,2.0,5,3,10,7,3,2,3,33,0.0,36.0,Poor,Stay away,31,0.0,0.0,-0.0,0.0,0,,Financial Services,nan,1.0
OVID,Ovid Therapeutics Inc,2.65,17,12,10,15,5,2,3,64,-26.0,36.0,Poor,Stay away,49,11.8,10.4,8.2,59.7,4,,Healthcare,447936256.0,2463685.59
MSC,Studio City International Holdings Ltd,1.9,7,13,7,4,3,3,4,41,-13.0,36.0,Poor,Stay away,25,8.6,3.8,3.8,52.2,1,,Consumer Cyclical,437175168.0,10293.85
JZCLF,JZ Capital Partners Limited,2.25,5,3,10,7,3,2,3,33,0.0,36.0,Poor,Stay away,33,0.0,0.0,-0.0,0.0,0,,nan,224700448.0,15.0
CHR,Cheer Holding Inc.,1.86,5,9,8,8,4,2,3,39,-1.0,36.0,Poor,Stay away,43,-4.1,-9.3,-2.3,47.5,0,,Communication Services,4420695.0,158361.52
HTZWW,Hertz Global Hldgs New Equity Warrants,0.96,9,15,4,14,3,2,2,49,-16.0,36.0,Poor,Stay away,13,21.6,10.4,4.1,45.2,3,,nan,nan,99864.11
DAMD,Defiance Daily Target 2X Short AMD ETF,1.58,4,12,4,9,2,4,5,40,-4.0,36.0,Poor,Stay away,21,-5.4,6.0,-6.8,45.2,0,,nan,nan,0.0
OCDGF,Ocado Group PLC,2.89,17,5,5,14,6,6,5,58,-22.0,36.0,Poor,Stay away,50,16.1,21.4,11.8,69.1,3,,Consumer Defensive,2265188608.0,775.24
LKFLF,Luk Fook Holdings (International) Limited,3.0,13,4,9,9,6,2,3,46,-13.0,36.0,Poor,Stay away,43,0.0,0.0,0.7,80.2,0,,Consumer Cyclical,1570513408.0,521.06
FSROF,FSROF,2.62,12,6,10,10,3,2,3,46,-13.0,36.0,Poor,Stay away,46,0.0,0.0,0.0,98.8,0,,nan,457748736.0,51.98
AIFU,Fanhua Inc.,36.2,9,4,8,13,5,2,2,43,-5.0,36.0,Poor,Stay away,50,2.8,6.4,3.2,55.6,1,,Financial Services,263101328.0,19471.69
CINSF,China Taiping Insurance Holdings Company Limited,2.81,10,6,11,6,3,2,3,41,-10.0,36.0,Poor,🔥 COILED: Stay away,0,0.0,0.0,0.0,50.0,0,,Financial Services,10099191808.0,47.5
HTWSF,Helios Towers plc,2.662,5,9,5,10,2,0,3,34,2.0,36.0,Poor,Stay away,40,-6.4,-0.4,-1.7,45.5,0,,Communication Services,3065930752.0,5592.19
JSHIX,JANUS SHORT-TERM BOND FUND CLASS I,2.87,6,7,11,6,4,4,3,41,-10.0,36.0,Poor,🔥 COILED: Stay away,28,0.0,0.3,0.0,50.3,0,,nan,0.0,0.0
TSRYY,Treasury Wine Estates Ltd PK,3.67,14,7,6,14,6,6,5,58,-22.0,36.0,Poor,Stay away,72,6.1,17.3,8.0,65.9,3,,Consumer Defensive,2692293632.0,385721.62
YMDAF,Yamada Holdings Co. Ltd,3.16,10,6,11,6,3,2,3,41,-10.0,36.0,Poor,🔥 COILED: Stay away,34,0.0,0.0,0.0,50.0,0,,Consumer Cyclical,2059765120.0,0.0
CESTY,Chinese Estates Holdings Ltd ADR,3.2,8,3,10,7,0,2,3,33,0.0,36.0,Poor,Stay away,28,0.0,0.0,-0.0,0.0,1,,Real Estate,305219040.0,3.55
EVTK,Eventiko Inc,2.91,6,3,8,7,3,3,3,33,0.0,36.0,Poor,Stay away,30,0.0,0.0,-0.9,36.3,0,,Consumer Cyclical,12577500.0,89.64
HAIUF,Healthcare AI Acquisition Corp.,3.01,5,3,10,7,3,2,3,33,0.0,36.0,Poor,Stay away,33,0.0,0.0,-0.0,0.0,0,,Financial Services,nan,0.0
TMVWY,TeamViewer AG,3.55,17,3,7,11,1,0,5,44,-8.0,36.0,Poor,Stay away,47,-2.5,14.3,5.6,70.8,2,,Technology,1132019456.0,6342.03
BEVFF,Diversified Royalty Corp,3.3,10,8,7,10,1,3,3,42,-6.0,36.0,Poor,Stay away,52,0.3,3.8,1.1,54.0,1,,Industrials,575459200.0,8278.77
SFIX,Stitch Fix,4.03,11,5,7,15,5,3,5,51,-20.0,36.0,Poor,🔥 COILED: Stay away,53,-1.7,14.2,1.1,52.3,3,,Consumer Cyclical,486702816.0,2327460.72
PINWF,Pinnacle Renewable Energy Inc,5.865,16,2,5,11,6,1,5,46,-10.0,36.0,Poor,Stay away,60,4.7,41.3,19.1,84.3,2,,Technology,379821664.0,1324.9
BOVNF,BioInvent International AB (publ),3.289,8,4,9,7,3,2,3,36,-5.0,36.0,Poor,🔥 COILED: Stay away,30,0.0,0.0,-0.0,45.5,1,,Healthcare,216404224.0,9.08
QTRX,Quanterix Corp,3.83,11,12,7,5,9,2,2,48,-13.0,36.0,Poor,Stay away,45,8.8,-2.3,2.5,53.2,2,,Healthcare,179002720.0,791781.67
LPERX,ALPS/RED ROCKS LISTED PRIVATE EQUITY FUND CLASS R,3.55,14,6,5,9,3,6,5,48,-12.0,36.0,Poor,Stay away,52,4.7,7.9,4.0,67.8,0,,nan,0.0,0.0
DIDIY,DiDi Global Inc.,3.44,1,7,9,7,2,5,2,33,0.0,36.0,Poor,Stay away,30,-3.1,-1.7,-1.7,44.3,0,,Technology,16317208576.0,9612470.07
BTDPF,Barratt Developments plc,3.95,17,4,7,11,3,2,5,49,-13.0,36.0,Poor,Stay away,47,0.0,12.9,4.4,97.9,2,,Consumer Cyclical,4901827584.0,0.0
SNIRF,Senior plc,3.865,11,4,9,4,6,4,3,41,-10.0,36.0,Poor,🔥 COILED: Stay away,52,0.0,0.0,0.2,56.4,0,,Industrials,1596224128.0,439.72
ZNTL,Zentalis Pharmaceuticals Llc,5.0,16,13,6,7,7,2,5,56,-18.0,36.0,Poor,Stay away,71,1.6,12.4,6.3,58.9,3,,Healthcare,275491168.0,1308735.64
NEFHX,LOOMIS SAYLES HIGH INCOME FUND CLASS A,3.63,6,7,3,8,0,4,3,31,2.0,36.0,Poor,Stay away,35,0.6,0.0,-0.1,45.7,0,,nan,0.0,0.0
RUMOF,Rumo S.A,3.8,5,3,10,7,3,2,3,33,0.0,36.0,Poor,Stay away,34,0.0,0.0,-0.0,0.0,0,,Industrials,7051605504.0,50.0
OSSUY,Össur hf,4.15,16,4,6,10,6,2,5,49,-13.0,36.0,Poor,Stay away,44,0.0,8.8,3.4,99.7,1,,Healthcare,1626394368.0,35.61
BUKS,Butler National Corp,4.78,12,7,2,9,7,4,5,46,-8.0,36.0,Poor,Stay away,67,0.6,-0.8,2.1,56.7,0,,Industrials,260785040.0,99919.11
PLMUF,Plum Acquisition Corp. III,4.01,5,3,10,7,3,2,3,33,0.0,36.0,Poor,Stay away,29,0.0,0.0,-0.0,36.0,0,,Financial Services,nan,176.23
TZA,Direxion Daily Small Cap Bear 3X Shares,38.84,15,8,7,11,6,0,5,52,-14.0,36.0,Poor,Stay away,48,-5.7,-6.2,15.7,71.7,0,,nan,nan,115720857.82
AEAEU,Altenergy Acquisition Corp Unit,4.5,5,3,10,7,3,2,3,33,0.0,36.0,Poor,Stay away,27,0.0,0.0,-0.0,0.0,0,,Financial Services,nan,1.34
AIRJ,AirJoule Technologies Corporation,5.59,18,6,3,16,3,4,5,55,-19.0,36.0,Poor,Stay away,58,27.3,24.8,18.4,62.3,3,,Industrials,384459712.0,518090.08
DVTC,Development Technologies Corp,5.0,10,7,10,6,3,2,3,41,-10.0,36.0,Poor,🔥 COILED: Stay away,37,0.0,0.0,0.0,51.9,0,,Financial Services,272504992.0,0.59
GGROU,Golden Growers Cooperative,5.0,5,3,10,7,3,2,3,33,0.0,36.0,Poor,Stay away,35,0.0,0.0,-0.0,2.6,0,,Consumer Defensive,77452496.0,1245.0
GWAV,Greenwave Technology Solutions Inc. Common Stock,4.3,16,13,2,9,7,2,5,54,-16.2,35.8,Poor,Stay away,46,32.7,53.4,28.1,62.7,2,,Industrials,2704597.0,241193.31
OBGRF,Orbit Garant Drilling Inc,1.0,14,6,4,7,4,1,5,41,-5.5,35.5,Poor,Stay away,26,20.5,20.5,32.4,57.0,2,,Basic Materials,52294188.0,2388.44
CCTC,Clean Coal Technologies Inc,4.08,17,7,6,16,7,5,5,63,-25.8,35.2,Poor,Stay away,62,6.8,22.9,21.2,66.4,3,,Industrials,130232720.0,0.0
CGXYF,China Galaxy Securities Co. Ltd,1.0,9,6,11,6,3,2,3,40,-10.0,35.0,Poor,🔥 COILED: Stay away,34,0.0,0.0,0.0,50.0,0,,Financial Services,10934402048.0,0.0
TOP,Zhong Yang Financial Group Limited Ordinary Shares,10.665,19,8,6,14,7,2,5,61,-24,35,Poor,Stay away,63,411.5,389.2,117.5,88.2,3,6,Financial Services,40081440.0,515130.4
BBOE,Black Box Entertainment Ltd,0.61,3,3,9,11,3,3,3,35,0.0,35.0,Poor,Stay away,30,0.0,0.0,-5.5,1.3,0,,Financial Services,13822455.0,335.31
VCNX,Vaccinex Inc,1.12,11,6,6,13,4,0,2,42,-7.0,35.0,Poor,Stay away,64,-5.1,-5.1,0.4,50.6,1,,Healthcare,2676637.0,2603.64
FIUXX,First American Funds Inc. - First American Institutional Prime Obligations Fund,1.0,8,7,11,6,3,2,3,40,-10.0,35.0,Poor,🔥 COILED: Stay away,43,0.0,0.0,0.0,54.9,0,,nan,nan,0.0
ALBKY,Alpha Bank SA,1.21,15,5,5,16,3,2,4,50,-11.0,35.0,Poor,Stay away,67,2.5,6.1,3.3,59.7,0,,Financial Services,9973065728.0,80871.0
AACG,ATA Creativity Global,0.9,1,12,6,8,3,2,2,34,-3.0,35.0,Poor,Stay away,26,-2.2,1.1,-3.1,43.2,2,,Consumer Defensive,47096996.0,31589.65
FRAZ,Francisco Industries Inc,1.05,9,6,11,6,3,2,3,40,-10.0,35.0,Poor,🔥 COILED: Stay away,52,0.0,0.0,0.0,50.0,0,,Consumer Defensive,nan,24.98
MOGLF,Mongolian Mining Corporation,0.89,5,5,3,7,3,2,5,30,2.0,35.0,Poor,Stay away,25,2.3,-6.3,-1.0,47.3,0,,Basic Materials,1842015616.0,2839.75
CHOLF,China Oilfield Services Limited,0.88,4,3,10,7,3,5,3,35,0.0,35.0,Poor,Stay away,0,0.0,0.0,-0.8,39.0,0,,Energy,5582762496.0,34.01
IBG,Innovation Beverage Group Limited,1.08,11,14,10,10,8,2,4,59,-25.0,35.0,Poor,Stay away,37,27.8,25.6,14.5,60.8,4,,Consumer Defensive,2124581.0,399287.5
DJTU,T-Rex 2X Long DJT Daily Target ETF,14.59,15,5,7,15,5,0,5,52,-15.0,35.0,Poor,Stay away,59,-10.7,19.9,16.5,64.1,2,,nan,nan,831406.93
CSYJF,CSE Global Limited,1.03,4,4,10,7,3,1,3,32,0.0,35.0,Poor,Stay away,49,0.0,0.0,-0.3,42.0,0,,Technology,868779328.0,0.0
DCMDF,DATA Communications Management Corp,2.02,17,3,4,13,3,5,5,50,-15.0,35.0,Poor,Stay away,69,1.5,5.5,9.0,69.3,0,,Industrials,69133128.0,6000.0
PVTRF,Pivotree Inc.,1.29,9,6,11,9,3,4,3,45,-13.0,35.0,Poor,Stay away,47,0.0,0.0,0.0,100.0,0,,Technology,33779236.0,91.25
BRCNF,Burcon NutraScience Corp,1.338,7,12,6,9,3,1,2,40,-5.0,35.0,Poor,Stay away,30,-0.9,2.1,-0.6,47.8,2,,Consumer Defensive,16753805.0,2143.12
BSKZF,Bambuser AB (publ),1.39,9,4,11,7,3,2,3,39,-7.0,35.0,Poor,Stay away,48,0.0,0.0,0.0,64.5,1,,Technology,11192210.0,50.48
BKHAR,Black Hawk Acquisition Corporation Rights,1.45,6,6,6,8,3,2,4,35,0.0,35.0,Poor,Stay away,42,-11.6,-5.8,-7.3,42.5,0,,nan,1766400.0,0.0
BOLD,"Boundless Bio, Inc. Common Stock",2.84,18,7,7,13,7,8,5,65,-30,35,Poor,Stay away,67,13.6,12.7,12.2,78.6,3,,Healthcare,32348322.0,161514.42
ADTGKX,ADTGKX,1.432,9,7,4,8,0,4,3,35,-3.0,35.0,Poor,Stay away,29,0.0,0.1,-0.1,46.6,0,,nan,nan,0.0
IAUX-WS,IAUX-WS,1.52,15,10,6,9,5,4,5,54,-17.0,35.0,Poor,Stay away,57,13.4,10.1,9.8,60.7,3,,nan,nan,10172698.42
GDGIF,GDGIF,1.22,6,8,9,10,3,2,3,41,-6.0,35.0,Poor,Stay away,0,1.7,1.7,0.5,44.7,1,,Basic Materials,30817898.0,0.0
NXCLF,LIFULL Co. Ltd,1.58,15,5,7,9,6,2,4,48,-13.0,35.0,Poor,Stay away,54,0.0,0.0,0.4,100.0,0,,Communication Services,197644496.0,0.0
BGMS,"Bio Green Med Solution, Inc.",0.97,14,6,7,13,2,5,5,52,-17.0,35.0,Poor,Stay away,39,6.6,10.3,5.2,54.8,3,,Healthcare,5850623.0,824167.04
YITYY,Yit Oyj ADR,1.55,7,3,10,9,3,2,3,37,-5.0,35.0,Poor,Stay away,33,0.0,0.0,-0.0,7.4,1,,Industrials,715002752.0,7.5
CUBT,Curative Biotechnology Inc,1.25,13,16,4,15,4,3,5,60,-23.0,35.0,Poor,Stay away,55,4.2,20.9,6.0,52.1,3,,Healthcare,11870842.0,1599.37
FRCEF,Fletcher Building Limited,2.1,13,5,7,11,6,6,5,53,-18.0,35.0,Poor,Stay away,64,0.0,0.0,5.2,99.4,1,,Basic Materials,1752082816.0,69.75
EQTL,Equitech International Corporation,1.65,6,3,4,8,3,5,3,32,0.0,35.0,Poor,Stay away,29,0.0,0.0,-0.4,27.7,0,,Technology,2749187.0,60.88
SKYQ,Sky Quarry Inc,3.86,10,4,7,12,5,4,5,47,-10.0,35.0,Poor,Stay away,53,-9.2,-31.6,-3.2,50.2,0,,Energy,9349560.0,2883580.86
ITMPF,ITM Power Plc,1.45,8,12,4,7,3,2,2,38,-3.0,35.0,Poor,Stay away,49,7.4,2.8,1.3,48.2,2,,Industrials,1601267968.0,20596.63
FAURY,Faurecia S.E,1.93,8,3,9,9,3,2,3,37,-5.0,35.0,Poor,Stay away,30,0.0,0.0,-0.0,0.0,1,,Consumer Cyclical,1425507456.0,0.55
GKSDF,Grupo KUO S.A.B. de C.V,1.9,8,3,9,9,3,2,3,37,-5.0,35.0,Poor,Stay away,31,0.0,0.0,-0.0,0.0,1,,Consumer Defensive,826638848.0,75.5
CRRNF,Cairn Homes plc,1.99,9,6,11,6,3,2,3,40,-10.0,35.0,Poor,🔥 COILED: Stay away,42,0.0,0.0,0.0,50.0,0,,Consumer Cyclical,1236098944.0,0.0
IDPUF,IDP Education Limited,2.03,7,3,8,7,3,1,3,32,0.0,35.0,Poor,Stay away,17,0.0,0.0,-0.2,0.0,0,,Consumer Defensive,565022528.0,35.37
GEODF,Geodrill Limited,1.87,6,14,6,9,4,2,2,43,-6.0,35.0,Poor,Stay away,27,7.5,3.3,2.3,52.1,2,,Basic Materials,103578608.0,29632.25
VTCHF,VTCHF,1.81,6,8,7,9,3,0,2,35,0.0,35.0,Poor,Stay away,22,-1.6,1.1,-2.3,42.6,0,,nan,nan,3655.12
LNNGF,Li Ning Company Limited,1.9,5,5,8,9,3,0,5,35,0.0,35.0,Poor,Stay away,15,-5.0,-2.6,-2.2,45.5,0,,Consumer Cyclical,6121007104.0,676.83
FTROF,First Resources Limited,2.26,12,6,11,8,3,2,3,45,-13.0,35.0,Poor,Stay away,57,0.0,0.0,0.0,100.0,0,,Consumer Defensive,4077327872.0,79.5
MXCHY,Orbia Advance Corp,2.71,13,8,7,13,5,2,5,53,-18.0,35.0,Poor,Stay away,55,-0.7,0.0,1.5,62.4,1,,Industrials,2518820352.0,8239.6
CCO,Clear Channel Outdoor Holdings Inc,2.41,12,7,5,8,5,8,3,48,-13.0,35.0,Poor,Stay away,56,0.0,0.0,-0.1,49.2,1,,Communication Services,1226650368.0,4953918.01
THSGF,Thesis Gold Inc,2.25,17,10,11,10,4,4,5,61,-24.0,35.0,Poor,Stay away,44,9.8,10.8,9.5,59.9,3,,Basic Materials,689002880.0,67149.5
MOPLF,Molinos Rio de la Plata S.A.,2.35,9,6,11,6,3,2,3,40,-10.0,35.0,Poor,🔥 COILED: Stay away,51,0.0,0.0,0.0,50.0,1,,Consumer Defensive,473325504.0,46.97
LNAI,Lunai Bioworks Inc.,2.42,9,6,4,8,7,2,2,38,-3.0,35.0,Poor,Stay away,51,19.8,4.3,-2.7,47.3,1,,Healthcare,13012264.0,1012054.32
UHPSX,ULTRASHORT CHINA PROFUND ULTRASHORT CHINA PROFUND SERVICE CLASS,2.21,3,7,2,9,5,2,2,30,2.0,35.0,Poor,Stay away,35,-4.3,-12.3,-7.2,35.3,0,,nan,0.0,0.0
RGLSF,Regulus Resources Inc,3.08,18,6,13,5,5,6,4,57,-22.0,35.0,Poor,Stay away,63,7.7,5.5,5.1,63.2,2,,Basic Materials,377889472.0,7654.57
AVXL,Anavex Life Sciences Corp,3.28,17,4,7,16,6,7,5,62,-25.0,35.0,Poor,Stay away,36,21.5,32.3,19.0,72.1,3,,Healthcare,261334352.0,1713931.36
AGMRF,Silver Mountain Resources Inc.,2.66,14,11,11,13,5,5,5,64,-27.0,35.0,Poor,Stay away,45,15.2,24.4,14.0,64.1,4,,Basic Materials,208509216.0,92873.06
BHR,Braemar Hotel & Resorts Inc,2.12,3,13,2,9,3,4,4,38,-3.0,35.0,Poor,Stay away,19,-9.0,-1.4,-2.3,46.1,1,,Real Estate,183354640.0,441564.2
UHPIX,ULTRASHORT CHINA PROFUND ULTRASHORT CHINA PROFUND INVESTOR CLASS,2.53,3,7,2,9,5,2,2,30,2.0,35.0,Poor,Stay away,35,-4.2,-12.2,-7.0,35.8,0,,nan,0.0,0.0
FKINX,FRANKLIN INCOME FUND CLASS A,2.56,16,6,3,6,1,5,3,40,-10.0,35.0,Poor,🔥 COILED: Stay away,52,0.4,1.2,0.2,54.5,0,,nan,0.0,0.0
KLTHF,Koolearn Technology Holding Limited,2.8,9,6,11,6,3,2,3,40,-10.0,35.0,Poor,🔥 COILED: Stay away,50,0.0,0.0,0.0,50.0,0,,Consumer Defensive,2947582976.0,762.5
ZKH,ZKH Group Limited,2.82,7,6,5,7,5,4,5,39,-5.0,35.0,Poor,Stay away,24,-2.4,-4.1,-1.0,49.4,1,,Consumer Cyclical,461901760.0,119782.58
CURI,Curiositystream Inc.,2.68,10,14,8,10,8,2,3,55,-21.0,35.0,Poor,Stay away,30,10.7,12.6,4.7,56.3,4,,Communication Services,191498944.0,570029.02
FCAFF,Firm Capital Apartment Real Estate Investment Trust,2.75,8,3,10,8,3,2,3,37,-5.0,35.0,Poor,Stay away,30,0.0,0.0,-0.0,0.1,1,,Real Estate,20912032.0,58.5
GNZUY,"Guangzhou Automobile Group Co., Ltd.",2.89,4,5,5,9,3,3,3,32,0.0,35.0,Poor,Stay away,30,0.0,2.1,0.3,48.7,1,,Consumer Cyclical,3059119616.0,9.31
CATX,Perspective Therapeutics Inc.,2.97,6,11,8,9,2,2,2,40,-5.0,35.0,Poor,Stay away,28,-0.7,0.7,-1.2,46.0,2,,Healthcare,406004480.0,2011609.04
CULP,"Culp, Inc. Common Stock",3.54,11,10,5,6,9,4,5,50,-13.0,35.0,Poor,Stay away,58,0.0,0.9,1.0,54.5,1,,Consumer Cyclical,40014400.0,29704.06
OPSIX,Oppenheimer Strat Income Fund,3.13,11,7,7,6,1,7,3,42,-10.0,35.0,Poor,Stay away,37,0.3,2.0,0.3,52.3,0,,nan,0.0,0.0
FHNGY,The Foschini Group Limited,3.4,5,8,3,10,3,2,2,33,2.0,35.0,Poor,Stay away,23,8.3,4.9,-1.0,45.3,0,,Consumer Cyclical,1067730880.0,250.7
RGLXY,RTL Group SA ADR,3.6,3,3,10,8,3,5,3,35,0.0,35.0,Poor,Stay away,24,0.0,0.0,-1.0,35.8,0,,Communication Services,5539792384.0,0.0
AOAO,Alpha One Inc,3.55,5,4,9,7,3,4,3,35,-5.0,35.0,Poor,🔥 COILED: Stay away,34,0.0,0.0,-0.0,48.1,1,,Communication Services,38954460.0,0.4
SMSI,Smith Micro Software Inc,2.8,16,6,6,11,7,2,5,53,-18.0,35.0,Poor,Stay away,53,12.4,10.7,6.3,59.4,3,,Technology,4124965.0,58932.95
NMCCX,VOYA MIDCAP OPPORTUNITIES FUND CLASS C,3.66,9,5,5,7,3,6,2,37,-5.0,35.0,Poor,Stay away,40,1.7,0.5,-0.1,49.9,0,,nan,0.0,0.0
MQ,Marqeta Inc,16.69,13,7,2,14,5,4,5,50,-15.0,35.0,Poor,Stay away,51,-5.4,-0.2,2.5,60.0,0,,Technology,1708842240.0,3996188.14
DNGFF,Dongfang Electric Corporation Limited,2.88,3,6,10,7,0,3,3,32,0.0,35.0,Poor,Stay away,21,0.0,0.2,-1.7,39.5,0,,Industrials,13954483200.0,329.03
EOGSF,Emerald Resources NL,3.81,6,8,8,1,6,7,4,40,-10.0,35.0,Poor,🔥 COILED: Stay away,31,0.0,7.3,-1.3,46.3,0,,Basic Materials,2709180928.0,0.0
UFI,Unifi Inc,6.9,17,11,5,15,6,7,5,66,-29,35,Poor,Stay away,72,12.4,12.0,11.2,69.3,3,,Consumer Cyclical,77508848.0,52272.9
MGHTF,Mercury NZ Limited,4.37,12,6,11,8,3,2,3,45,-13.0,35.0,Poor,Stay away,47,0.0,0.0,0.0,99.9,0,,Utilities,6194007552.0,300.76
AMPY,Amplify Energy Corp,4.08,9,16,8,4,3,2,3,45,-8.0,35.0,Poor,Stay away,23,8.8,-1.2,2.9,52.6,1,,Energy,191573696.0,971872.65
ATOS,Atossa Genetics Inc,2.42,3,13,9,7,4,3,4,43,-6.0,35.0,Poor,Stay away,26,10.5,0.4,2.5,49.0,1,,Healthcare,41765428.0,84410.6
TBTC,Table Trac Inc,4.51,8,10,7,3,4,3,3,38,-8.0,35.0,Poor,🔥 COILED: Stay away,53,0.9,2.5,1.1,53.4,0,,Consumer Cyclical,20753704.0,5186.94
XIGRX,Voya Clarion Global Re Incm Fd,4.61,2,4,8,7,3,3,3,30,0.0,35.0,Poor,🔥 COILED: Stay away,33,-2.1,-0.9,-1.4,43.2,0,,Other,0.0,0.0
AYAAY,Ayala Land Inc,5.0,5,3,10,7,3,1,3,32,0.0,35.0,Poor,Stay away,20,0.0,0.0,-0.1,0.4,0,,Real Estate,3577076224.0,5.52
PRVFF,Pro Real Estate Investment Trust,5.34,5,4,3,9,3,3,5,32,0.0,35.0,Poor,Stay away,37,7.9,7.9,-11.1,48.5,0,,Real Estate,352957056.0,20.61
SDSIX,WESTERN ASSET GLOBAL STRATEGIC INCOME FUND CLASS C1,4.95,9,8,3,8,0,4,3,35,-3.0,35.0,Poor,Stay away,28,0.4,0.4,-0.0,47.1,0,,nan,0.0,0.0
PHYGX,PGIM HIGH YIELD FUND CLASS R4,4.76,9,8,3,8,0,4,3,35,-3.0,35.0,Poor,Stay away,31,0.4,0.4,-0.0,47.2,0,,nan,nan,0.0
DGNX,Diginex Limited Ordinary Shares,1.47,11,13,5,6,8,4,5,52,-16.0,34.0,Poor,Stay away,36,-18.3,9.7,6.5,55.6,2,,Industrials,32011034.0,397721.5
PRSXX,PRSXX,1.0,12,7,5,6,4,7,3,44,-10.0,34.0,Poor,Stay away,33,0.0,0.0,0.0,55.1,0,,nan,nan,0.0
BATMF,British American Tobacco (Malaysia) Berhad,1.07,4,7,10,6,6,3,3,39,-10.0,34.0,Poor,🔥 COILED: Stay away,0,0.0,0.0,-0.8,44.2,0,,Consumer Defensive,305517088.0,0.0
PTOAF,Pieridae Energy Limited,1.36,17,18,3,5,7,3,5,58,-24.0,34.0,Poor,Stay away,58,15.3,9.7,10.9,63.3,2,,Energy,373996544.0,74887.88
PEPG,PepGen Ltd,2.41,17,13,5,10,6,3,4,58,-27,34,Poor,Stay away,33,35.4,14.8,21.2,65.9,4,,Healthcare,96145208.0,1797989.74
CGCTW,Cartesian Growth Corporation III Warrant,1.4,11,14,2,14,8,2,5,56,-20,34,Poor,Stay away,53,100.3,100.3,33.7,57.8,2,8,nan,nan,69534.04
CNDT,Conduent Inc,1.75,16,10,9,11,5,4,5,60,-24.0,34.0,Poor,Stay away,52,10.8,19.9,8.9,63.2,3,,Technology,237298128.0,1299073.34
GRWG,GrowGeneration Corp,1.48,11,12,9,5,2,5,2,46,-13.0,34.0,Poor,Stay away,61,2.1,6.5,1.6,52.7,1,,Consumer Cyclical,102454992.0,555374.09
SEER,Seer Inc,2.19,16,4,7,14,5,4,3,53,-17.0,34.0,Poor,Stay away,59,6.3,6.8,4.2,59.7,1,,Healthcare,101715872.0,237709.98
HMCLF,HMCLF,2.06,13,4,7,7,6,2,5,44,-13.0,34.0,Poor,Stay away,31,0.0,0.0,2.1,97.8,1,,Real Estate,792222208.0,124.67
HANOF,HANOF,2.67,13,5,5,11,6,2,5,47,-13.0,34.0,Poor,Stay away,55,0.0,0.0,6.7,100.0,0,,Technology,602782976.0,2.5
IMSIX,IMS STRATEGIC INCOME FUND INSTITUTIONAL CLASS SHARES,1.97,15,6,2,6,3,4,3,39,-10.0,34.0,Poor,🔥 COILED: Stay away,41,1.0,0.5,0.1,50.6,0,,nan,0.0,0.0
BOMXF,Bolsa Mexicana de Valores S.A.B. de C.V,2.23,17,5,6,5,6,2,5,46,-12.0,34.0,Poor,Stay away,64,0.0,6.7,3.4,68.8,0,,Financial Services,1241487872.0,0.0
FDCHF,Funding Circle Holdings plc,2.95,14,3,3,8,3,0,5,36,-2.0,34.0,Poor,Stay away,37,-7.8,-7.8,4.5,69.3,0,,Financial Services,619370624.0,248.0
HIND,"Vyome Holdings, Inc.",2.14,10,9,6,7,5,2,2,41,-5.0,34.0,Poor,Stay away,37,6.5,0.0,0.6,50.4,2,,Healthcare,15861873.0,380301.17
YOTA,Yotta Acquisition Corporation Common Stock,2.0,5,3,10,10,3,2,3,36,-5.0,34.0,Poor,Stay away,30,0.0,0.0,-0.0,1.0,1,,Financial Services,7365208.0,105.3
SHGR,Success Hldg Grp,2.374,12,6,10,8,3,2,3,44,-13.0,34.0,Poor,Stay away,50,0.0,0.0,0.1,100.0,0,,Financial Services,50114384.0,20.5
SBFM,Sunshine Biopharma Inc,1.4,6,10,2,10,9,2,2,41,-5.0,34.0,Poor,Stay away,50,13.8,-18.1,-9.1,39.6,2,,Healthcare,39768224.0,515712.31
MKZR,"MacKenzie Realty Capital, Inc. Common Stock",1.5,6,7,2,15,5,2,2,39,-3.0,34.0,Poor,Stay away,27,26.1,0.0,2.1,48.1,1,,Real Estate,5233443.0,31264.31
RPGL,Republic Power Group Limited Class A Ordinary Shares,1.92,8,13,9,3,3,6,2,44,-8.0,34.0,Poor,Stay away,42,-3.0,7.9,0.9,49.3,0,,Technology,3317041.0,0.0
AEMMF,A2A S.p.A,2.6,10,6,11,9,3,2,3,44,-13.0,34.0,Poor,Stay away,47,0.0,0.0,0.0,98.7,0,,Utilities,8124445696.0,34.06
PHCI,Panamera Holdings Corporation,2.5,11,7,11,4,4,1,3,41,-15.0,34.0,Poor,🔥 COILED: Stay away,19,0.0,0.0,0.3,47.5,1,,Basic Materials,191364928.0,179.8
RMCO,Royalty Management Holding Corporation,2.39,7,8,10,5,3,2,4,39,-8.0,34.0,Poor,Stay away,36,2.8,3.9,2.1,51.6,2,,Financial Services,38656868.0,62755.73
SLUNF,Solutions 30 SE,2.84,5,4,9,8,3,2,3,34,-5.0,34.0,Poor,🔥 COILED: Stay away,28,0.0,0.0,0.0,50.0,1,,Technology,304077536.0,425.3
CMDXF,Computer Modelling Group Ltd,2.7,11,6,7,6,3,5,3,41,-10.0,34.0,Poor,Stay away,33,-0.4,6.3,-0.3,49.8,0,,Technology,219943072.0,33770.83
DRCT,Direct Digital Holdings Inc,2.62,9,6,8,11,0,6,3,43,-9.0,34.0,Poor,Stay away,48,5.2,0.0,-0.5,48.4,2,,Communication Services,2033604.0,298394.56
LTNCX,Oppenheimer Rochester LtdTerm NY MunisC,2.76,6,10,1,8,3,4,2,34,0.0,34.0,Poor,Stay away,30,0.4,0.4,-0.2,39.0,0,,nan,0.0,0.0
RKLZ,Defiance Daily Target 2x Short RKLB ETF,3.45,1,8,3,8,5,4,2,31,0.0,34.0,Poor,Stay away,30,-29.9,-25.3,-19.9,42.4,0,,nan,nan,0.0
PGCSF,Prosegur Compañía de Seguridad S.A,3.45,17,4,6,10,3,2,5,47,-13.0,34.0,Poor,Stay away,55,0.0,12.9,4.4,100.0,2,,Industrials,1628347136.0,56.54
WEJTY,Webjet Limited,1.25,3,6,8,7,3,1,3,31,0.0,34.0,Poor,Stay away,9,0.0,0.0,-3.4,39.8,0,,Consumer Cyclical,1103819776.0,65.25
SBC,SBC Medical Group Holdings Incorporated,2.97,4,4,9,9,2,0,3,31,0.0,34.0,Poor,Stay away,17,-2.3,1.4,-3.3,44.0,0,,Industrials,314911200.0,69475.86
VDTA,"Vertical Data, Inc",3.53,11,4,2,12,7,2,2,40,-6.0,34.0,Poor,Stay away,0,-4.6,-9.5,-3.1,48.6,0,,Technology,125638808.0,0.0
AGEN,Agenus Inc,7.49,17,5,3,9,5,5,5,49,-15.0,34.0,Poor,Stay away,58,-5.3,21.0,18.1,66.5,2,,Healthcare,134088632.0,633734.88
XBIO,Xenetic Biosciences Inc,2.85,10,8,2,12,3,2,4,41,-7.0,34.0,Poor,Stay away,35,11.8,6.1,4.1,54.1,1,,Healthcare,7858322.0,281169.78
ILPMF,Permanent TSB Group Holdings plc,3.05,4,3,10,8,3,3,3,34,0.0,34.0,Poor,Stay away,29,0.0,0.0,-0.4,17.6,0,,Financial Services,1809372160.0,2690.0
VNUYX,Vontobel U.S. Equity Y,3.52,16,6,4,9,1,4,4,44,-10.0,34.0,Poor,Stay away,39,2.9,4.5,2.2,63.9,0,,nan,nan,0.0
VNUAX,Vontobel U.S. Equity A,3.48,16,6,4,9,1,4,4,44,-10.0,34.0,Poor,Stay away,39,3.0,4.5,2.2,63.9,0,,nan,nan,0.0
ASOMF,ASOS Plc,3.7,15,6,12,8,3,2,3,49,-18.0,34.0,Poor,Stay away,55,0.0,0.0,0.1,96.1,1,,Consumer Cyclical,421163552.0,59.15
MDBPF,Medibank Private Limited,3.9,8,7,11,6,4,2,3,41,-10.0,34.0,Poor,Stay away,0,0.0,0.0,0.0,56.7,0,,Financial Services,10740613120.0,0.0
BDORY,Banco Do Brasil SA,4.05,7,5,8,9,1,0,4,34,0.0,34.0,Poor,Stay away,24,-3.8,-2.6,-1.6,46.8,0,,Financial Services,21864282112.0,587774.87
CLOV,Clover Health Investments Corp,4.66,11,12,4,6,8,2,3,46,-13.0,34.0,Poor,🔥 COILED: Stay away,63,7.4,2.4,4.5,54.2,2,,Healthcare,2101470464.0,6828926.4
ATHGF,Auction Technology Group plc,5.446,15,6,10,8,3,2,3,47,-18.0,34.0,Poor,🔥 COILED: Stay away,51,0.0,0.0,3.1,100.0,1,,Technology,462562880.0,1.0
MGNX,MacroGenics Inc,4.01,7,9,3,8,8,2,2,39,-3.0,34.0,Poor,Stay away,54,6.1,0.0,-0.8,48.1,2,,Healthcare,270143264.0,1111755.08
TCAPF,TP ICAP Group PLC,4.57,14,3,6,8,6,2,3,42,-13.0,34.0,Poor,🔥 COILED: Stay away,49,0.0,0.0,0.3,83.0,0,,Financial Services,2922688256.0,82.28
KNCAF,Konica Minolta Inc,3.54,4,3,10,9,0,5,3,34,0.0,34.0,Poor,Stay away,0,0.0,0.0,-0.7,23.5,0,,Industrials,1846270208.0,0.0
OKUR,"OnKure Therapeutics, Inc.",4.15,10,10,7,4,9,2,2,44,-13.0,34.0,Poor,Stay away,54,3.8,-1.7,0.6,50.0,2,,Healthcare,169661008.0,183852.91
MWUIX,METROPOLITAN WEST ULTRA SHORT BOND FUND CLASS I,4.17,6,7,9,6,4,4,3,39,-10.0,34.0,Poor,🔥 COILED: Stay away,31,0.0,0.2,0.0,50.5,0,,nan,0.0,0.0
MWUSX,METROPOLITAN WEST ULTRA SHORT BOND FUND CLASS M,4.16,11,5,8,6,4,7,3,44,-10.0,34.0,Poor,Stay away,31,0.0,0.2,0.1,55.5,0,,nan,0.0,0.0
CHRCF,CHRCF,4.15,4,6,10,7,3,3,3,36,-5.0,34.0,Poor,Stay away,26,0.0,0.0,-0.3,34.1,1,,Technology,518375136.0,98.98
AHT-P-F,Ashford Hospitality Trust Inc 7.375% Series F Cumulative Preferred Stock,6.37,8,11,7,4,7,3,2,42,-11.0,34.0,Poor,🔥 COILED: Stay away,42,0.0,4.3,1.8,53.8,0,,Other,nan,6172.87
HSLV,Highlander Silver Corp.,4.89,15,12,9,9,4,4,3,56,-23.0,34.0,Poor,Stay away,0,11.4,13.2,8.1,57.2,4,,Basic Materials,1000843264.0,0.0
NQCCX,NUVEEN NWQ LARGE-CAP VALUE FUND CLASS C,4.85,17,5,4,7,3,4,4,44,-10.0,34.0,Poor,Stay away,63,1.9,3.4,1.7,61.9,0,,nan,0.0,0.0
PRWBX,T. ROWE PRICE SHORT-TERM BOND FUND INC. T. ROWE PRICE SHORT-TERM BOND FUND INC.,4.6,8,7,8,6,3,4,3,39,-10.0,34.0,Poor,🔥 COILED: Stay away,29,0.0,0.2,0.0,51.4,0,,nan,0.0,0.0
FTCO,Fortitude Gold Corp,4.68,2,6,8,8,2,3,2,31,0.0,34.0,Poor,Stay away,27,-0.8,-3.5,-1.7,44.3,1,,Basic Materials,130781632.0,69766.88
VRHI,VRHI,2.346,15,6,6,10,6,7,5,55,-22.0,33.0,Poor,Stay away,69,34.1,17.3,17.4,67.7,2,,Healthcare,20000004.0,486.34
FBLG,"FibroBiologics, Inc. Common Stock",1.02,17,10,7,11,4,3,5,57,-29,33,Poor,Stay away,43,41.9,38.6,27.1,67.3,4,,Healthcare,5573539.0,1187423.74
WETO,Webus International Limited Ordinary Shares,5.77,20,9,5,9,6,4,5,58,-23,33,Poor,Stay away,64,19133.3,4961.4,173.1,75.9,3,7,Technology,83230000.0,624247.66
RKDA,Arcadia Biosciences Inc,0.715,8,14,11,13,4,4,5,59,-26.0,33.0,Poor,Stay away,22,13.0,15.0,6.1,53.8,4,,Consumer Defensive,2200866.0,502551.06
SMRT,SmartRent Inc,1.37,17,9,7,12,6,7,5,63,-30,33,Poor,Stay away,47,34.3,44.5,27.4,78.9,4,,Technology,237190816.0,1067639.58
MMLTF,MMG Limited,1.03,11,5,4,6,3,6,5,40,-10.0,33.0,Poor,Stay away,25,0.0,-4.6,3.3,56.5,0,,Basic Materials,14690042880.0,6031.28
CEVIF,China Everbright Limited,1.23,9,4,11,6,3,6,3,42,-12.0,33.0,Poor,Stay away,50,0.0,0.0,0.0,63.8,1,,Financial Services,2966046720.0,0.0
SAPLF,Sylvania Platinum Limited,1.1,1,12,4,7,3,2,2,31,2.0,33.0,Poor,Stay away,32,-0.5,-4.8,-2.0,43.8,1,,Basic Materials,383059808.0,23242.82
MGX,"Metagenomi, Inc. Common Stock",1.24,5,17,9,4,3,3,2,43,-11.0,33.0,Poor,Stay away,34,1.6,1.6,1.1,51.5,2,,Healthcare,50070320.0,372881.15
CCOZF,China Coal Energy Company Limited,1.36,2,5,6,7,6,2,2,30,0.0,33.0,Poor,Stay away,31,0.0,-4.9,-1.1,49.9,0,,Energy,17236260864.0,0.0
PGWFF,PGG Wrightson Limited,1.35,10,6,11,6,0,2,3,38,-10.0,33.0,Poor,🔥 COILED: Stay away,0,0.0,0.0,0.0,50.0,0,,Industrials,190219888.0,0.0
ECELF,Eurocell plc,1.51,12,3,4,4,6,1,5,35,-10.0,33.0,Poor,🔥 COILED: Stay away,35,0.0,0.0,0.7,53.3,0,,Industrials,142897856.0,107.82
AUTL,Autolus Therapeutics Ltd,2.0,20,9,6,13,6,3,5,62,-30,33,Poor,Stay away,63,30.7,31.6,21.9,70.7,3,,Healthcare,441797824.0,2576381.67
CPNNF,Central Pattana Public Company Limited,1.56,10,6,11,8,3,2,3,43,-13.0,33.0,Poor,Stay away,44,0.0,0.0,0.0,100.0,0,,Real Estate,7001668096.0,5.96
JMHSF,James Halstead plc,1.69,12,6,8,9,3,2,3,43,-13.0,33.0,Poor,Stay away,30,0.0,0.0,0.4,81.0,0,,Industrials,649601792.0,954.82
BFNH,BioForce Nanosciences Holdings Inc,1.84,15,9,4,15,7,3,4,57,-24.0,33.0,Poor,Stay away,55,-3.2,47.2,13.3,61.0,3,,Consumer Defensive,44284688.0,1165.58
TETOF,Tectonic Metals Inc,1.6,12,12,11,14,4,2,4,59,-24.0,33.0,Poor,Stay away,50,6.8,9.6,5.2,56.6,3,,Basic Materials,238990512.0,106798.95
CRGO,Freightos Limited Ordinary shares,1.25,7,9,6,8,2,2,2,36,-3.0,33.0,Poor,Stay away,22,5.9,-6.0,-2.1,45.6,1,,Industrials,84760936.0,109035.92
IHHHF,IHH Healthcare Berhad,1.71,7,6,11,6,3,2,3,38,-10.0,33.0,Poor,🔥 COILED: Stay away,0,0.0,0.0,0.0,50.0,0,,Healthcare,15109822464.0,0.0
DTNOF,Dno ASA,1.73,3,6,6,9,3,0,4,31,2.0,33.0,Poor,Stay away,29,-7.5,-7.5,-2.3,41.2,1,,Energy,2018249984.0,0.0
CTRM,Castor Maritime Inc,2.09,14,9,6,8,9,3,2,51,-16.0,33.0,Poor,Stay away,45,6.6,12.4,3.5,55.6,3,,Industrials,21740296.0,57554.58
CLWY,Calloway's Nursery Inc,5.51,15,5,5,11,3,2,5,46,-13.0,33.0,Poor,Stay away,56,0.0,0.0,16.3,100.0,0,,Consumer Cyclical,15646768.0,0.0
IDAI,Trust Stamp Inc,3.13,15,6,7,15,7,3,5,58,-23.0,33.0,Poor,Stay away,52,20.8,51.2,26.0,72.6,3,,Technology,13215914.0,253586.82
SATLW,Satellogic Inc. Warrant,0.83,8,12,8,14,3,2,4,51,-16,33,Poor,Stay away,35,124.3,118.4,40.1,55.0,4,10,nan,nan,65095.13
WRN,Western Copper and Gold Corp,2.33,10,8,9,6,4,2,5,44,-11.0,33.0,Poor,Stay away,32,10.4,8.4,6.5,57.1,2,,Basic Materials,661106048.0,1587372.89
KRYXF,Koryx Copper Inc.,2.3,15,10,10,6,5,1,4,51,-18.0,33.0,Poor,Stay away,56,4.5,6.4,4.0,55.5,1,,Basic Materials,288461056.0,21037.52
AYTU,Aytu BioScience Inc,2.33,14,14,7,6,5,2,5,53,-20.0,33.0,Poor,Stay away,42,8.4,7.9,5.8,61.2,1,,Healthcare,24149718.0,104852.28
DEWY,The Dewey Electronics Corporation,2.35,5,3,10,9,3,2,3,35,-5.0,33.0,Poor,Stay away,38,0.0,0.0,-0.0,0.3,1,,Industrials,3211817.0,45.01
FISRX,FRANKLIN INCOME FUND CLASS R,2.49,15,5,3,6,1,5,3,38,-10.0,33.0,Poor,🔥 COILED: Stay away,50,0.4,0.8,0.2,54.7,0,,nan,0.0,0.0
SRTS,Sensus Healthcare Inc,2.98,7,13,9,2,3,6,3,43,-11.0,33.0,Poor,Stay away,22,3.1,1.4,0.4,49.9,2,,Healthcare,44447560.0,90119.71
BMNM,Bimini Capital Management Inc,2.65,15,6,7,7,4,3,5,47,-14.0,33.0,Poor,Stay away,47,3.9,13.2,7.3,64.6,3,,Financial Services,25258964.0,3736.1
MXEYX,Great-West Core Strategies: Inflation-Protected Securities Fund Investor Class,2.65,5,9,8,6,3,4,3,38,-8.0,33.0,Poor,Stay away,24,0.0,0.4,-0.0,43.9,0,,nan,nan,0.0
HTCO,Caravelle International Group,3.35,6,6,6,12,2,2,4,38,-5.0,33.0,Poor,Stay away,24,-0.9,6.3,-2.0,46.0,1,,Industrials,27823484.0,348508.47
RCG,RENN Fund Inc,2.9,10,7,6,8,5,5,2,43,-10.0,33.0,Poor,Stay away,38,-3.3,-3.7,-2.1,45.0,0,,Financial Services,19538964.0,9264.84
WHLM,Wilhelmina,0.5,3,3,8,8,3,5,3,33,0.0,33.0,Poor,Stay away,9,0.0,0.0,-25.2,0.9,0,,Industrials,13529574.0,424.76
ATPC,Agape ATP Corporation Common Stock,2.49,8,7,3,9,2,2,2,33,2.0,33.0,Poor,Stay away,38,6.0,-3.5,-3.6,46.7,0,,Consumer Defensive,4252660.0,1477938.94
UK,Ucommune International Ltd,2.06,8,5,7,10,2,3,3,38,-5.0,33.0,Poor,Stay away,29,-1.4,0.0,-1.3,47.3,1,,Real Estate,2121986.0,31154.04
SLFPF,Abrdn PLC,3.39,17,11,6,6,6,6,5,57,-24.0,33.0,Poor,Stay away,62,5.0,12.3,8.3,63.5,3,,Financial Services,5528461824.0,0.0
DNN,Denison Mines Corp,3.13,10,12,7,5,5,2,2,43,-13.0,33.0,Poor,Stay away,29,7.2,1.3,4.9,54.7,2,,Energy,3086107904.0,53922061.51
ZNNGY,"Zhongyuan Bank Co., Ltd.",3.11,10,6,11,8,3,2,3,43,-13.0,33.0,Poor,Stay away,45,0.0,0.0,0.0,96.0,0,,Financial Services,2273399040.0,4.0
XMGFX,MFS Government Markets Income Trust,3.01,6,7,1,8,0,4,2,28,2.0,33.0,Poor,Stay away,25,0.3,0.7,-0.3,44.0,0,,Other,0.0,0.0
ADTGFX,ADTGFX,3.153,9,7,2,8,0,4,3,33,-3.0,33.0,Poor,Stay away,29,-0.0,0.0,-0.1,45.5,0,,nan,nan,0.0
DETRF,Deterra Royalties Limited,3.03,5,5,3,9,0,5,3,30,0.0,33.0,Poor,Stay away,33,-5.6,-0.7,-4.2,43.2,0,,Basic Materials,1688966272.0,9054.78
WZZZY,Wizz Air Holdings PLC,3.618,2,3,6,7,6,7,2,33,0.0,33.0,Poor,Stay away,40,0.0,0.0,-1.8,30.1,0,,Industrials,1365687552.0,266.94
SCPKF,7C Solarparken AG,3.48,8,4,10,6,3,2,3,36,-8.0,33.0,Poor,🔥 COILED: Stay away,36,0.0,0.0,-0.0,48.1,0,,Technology,281392000.0,22.5
MSTU,T-REX 2X Long MSTR Daily Target ETF,1.875,3,7,7,7,2,2,3,31,2.0,33.0,Poor,Stay away,22,-2.3,4.2,-5.2,43.1,1,,nan,nan,22570724.39
PMOIF,Harbour Energy plc,3.16,3,10,6,7,3,2,2,33,0.0,33.0,Poor,Stay away,29,5.3,-9.7,-2.0,46.0,1,,Energy,5757846528.0,0.0
SHCAF,Sharp Corporation,3.646,5,3,10,7,3,2,3,33,0.0,33.0,Poor,Stay away,25,0.0,0.0,-0.0,0.1,0,,Technology,2367372032.0,70.5
TCLAF,Transcontinental Inc,3.84,5,5,6,7,4,1,2,30,0.0,33.0,Poor,Stay away,31,-0.3,-1.8,-1.1,41.8,0,,Consumer Cyclical,306045248.0,0.0
SANG,Sangoma Technologies Corp,4.01,8,9,6,10,6,4,2,45,-13.0,33.0,Poor,Stay away,31,-1.5,-2.4,-0.0,51.1,1,,Technology,117141344.0,5989.89
NTRB,Nutriband Inc,2.915,3,13,6,9,4,4,2,41,-6.0,33.0,Poor,Stay away,24,0.2,-0.5,-1.7,43.2,2,,Healthcare,43518420.0,25046.31
NEXXY,Nexi S.p.A,4.6,10,3,9,7,6,0,5,40,-10.0,33.0,Poor,Stay away,45,-2.7,-1.5,1.1,58.6,1,,Technology,4581428224.0,3608.96
KSIOF,kneat.com inc.,4.611,13,2,10,12,3,2,3,45,-15.0,33.0,Poor,Stay away,53,-0.2,0.2,0.7,57.7,1,,Healthcare,373184736.0,17147.08
LAWR,"Robot Consulting Co., Ltd. ADS",3.75,10,8,11,6,3,6,3,47,-17.0,33.0,Poor,Stay away,53,0.0,0.0,0.0,67.5,1,,Industrials,172350000.0,603737.0
JUKIY,Juki Corporation,3.99,11,3,10,6,4,3,3,40,-10.0,33.0,Poor,Stay away,39,0.0,0.0,-0.0,34.7,0,,Industrials,117932912.0,16.13
LDLKX,LORD ABBETT SHORT DURATION INCOME FUND CLASS R4,3.84,7,7,8,6,3,4,3,38,-10.0,33.0,Poor,🔥 COILED: Stay away,28,0.0,0.3,0.1,51.5,0,,nan,0.0,0.0
NUVI,Emo Capital Corp,0.021,18,11,7,11,6,2,5,60,-27,33,Poor,Stay away,53,320.0,57.9,135.2,62.0,2,2,Financial Services,12019999744.0,0.0
CYRB,Cyber App Solutions Corp.,4.0,8,3,9,7,3,2,3,35,-5.0,33.0,Poor,Stay away,31,0.0,0.0,-0.0,39.6,1,,Energy,383516192.0,69.9
SUSRF,Surgical Science Sweden AB (publ),4.0,10,3,11,8,6,2,3,43,-13.0,33.0,Poor,Stay away,41,0.0,0.0,0.1,92.0,0,,Healthcare,280117536.0,525.93
AHT-P-G,Ashford Hospitality Trust Inc 7.375% Series G Cumulative Preferred Stock,4.82,3,3,8,9,3,2,2,30,0.0,33.0,Poor,Stay away,27,-8.0,-7.1,-6.7,41.1,0,,Other,nan,4501.55
DBVTF,DBV Technologies S.A,4.26,7,3,10,7,3,2,3,35,-5.0,33.0,Poor,Stay away,42,0.0,0.0,-0.0,33.4,1,,Healthcare,1260676480.0,17.5
TLOFF,Talon Metals Corp,4.71,17,10,10,14,4,2,5,62,-27.0,33.0,Poor,Stay away,43,25.9,18.0,17.0,63.4,4,,Basic Materials,782643328.0,959030.34
AHT-PF,Ashford Hospitality Trust Inc,6.37,8,11,9,6,7,3,2,46,-16.0,33.0,Poor,🔥 COILED: Stay away,42,0.0,4.3,1.5,53.5,1,,Real Estate,102808168.0,5966.87
WGRX,"Wellgistics Health, Inc. Common Stock",3.03,14,5,4,12,3,2,2,42,-9.0,33.0,Poor,Stay away,50,-15.4,6.6,-2.5,49.7,1,,Healthcare,11033935.0,340484.16
CENN,Cenntro Electric Group Ltd,3.41,5,6,7,15,2,4,2,41,-8.0,33.0,Poor,Stay away,48,4.3,0.0,-0.5,47.6,2,,Consumer Cyclical,6462643.0,64908.13
APHBF,APHBF,4.44,4,4,2,12,4,2,2,30,0.0,33.0,Poor,Stay away,44,0.0,0.9,-1.8,44.5,0,,nan,nan,156.0
SEIGY,Semperit Aktiengesellschaft Holding,3.9,5,3,3,9,6,5,2,33,0.0,33.0,Poor,Stay away,30,-0.3,-0.3,-3.3,38.6,0,,Industrials,390483776.0,69.6
YACAF,Yancoal Australia Ltd,4.0,5,11,5,6,3,6,5,41,-8.0,33.0,Poor,Stay away,21,-0.1,-10.1,-0.1,48.5,0,,Energy,6777089024.0,15019.16
SEAC,SeaChange International Inc,3.3,3,4,7,13,6,3,2,38,-5.0,33.0,Poor,Stay away,24,0.0,0.0,-5.3,22.2,1,,Technology,8398952.0,359.5
ADTGZX,ADTGZX,4.829,7,8,1,8,0,2,2,28,2.0,33.0,Poor,Stay away,25,-0.3,-0.3,-0.5,41.6,0,,nan,nan,0.0
SUMMF,Summit Royalties Ltd.,0.974,5,15,10,3,4,2,3,42,-11.0,32.0,Poor,Stay away,25,1.3,4.3,1.9,53.1,0,,Basic Materials,76119480.0,0.0
SOSAF,SosTravel.com S.P.A.,1.01,4,4,9,9,3,1,3,33,0.0,32.0,Poor,Stay away,28,0.0,0.0,0.0,50.0,0,,Consumer Cyclical,13216139.0,0.72
CCVTF,China Conch Venture Holdings Limited,1.17,7,6,10,6,3,2,3,37,-10.0,32.0,Poor,🔥 COILED: Stay away,45,0.0,0.0,0.0,50.0,0,,Industrials,2096688000.0,2.98
AFLYY,Air France KLM SA,1.42,16,8,7,5,3,3,2,44,-15.0,32.0,Poor,Stay away,69,2.2,11.8,1.4,52.4,2,,Industrials,3291897088.0,156149.14
CHXMF,Troilus Gold Corp,1.29,13,5,12,14,3,4,4,55,-23.0,32.0,Poor,Stay away,56,5.3,11.2,6.4,56.9,3,,Basic Materials,809922688.0,155803.07
TRUBF,TRUBF,1.6,15,4,6,10,3,2,5,45,-13.0,32.0,Poor,Stay away,44,0.0,0.0,5.7,99.9,0,,nan,438952224.0,81.47
BGOUF,Bang & Olufsen a/s,1.36,5,3,10,7,3,3,3,34,-5.0,32.0,Poor,Stay away,26,0.0,0.0,-0.1,20.4,1,,Technology,204009648.0,306.43
RPNMF,Rapala VMC Corporation,1.45,7,3,9,8,3,1,3,34,-5.0,32.0,Poor,Stay away,25,0.0,0.0,-0.0,0.0,1,,Consumer Cyclical,55288268.0,45.0
FNDM,Fund.com Inc,1.5,10,7,11,6,3,2,3,42,-15.0,32.0,Poor,🔥 COILED: Stay away,34,0.0,0.0,0.0,46.3,1,,Financial Services,7913057.0,0.0
VNTXF,VNTXF,1.5,12,6,11,8,3,4,3,47,-18.0,32.0,Poor,Stay away,53,0.0,0.0,0.0,99.9,1,,Consumer Defensive,7582417.0,11.63
NFGC,New Found Gold Corp,1.58,10,12,11,12,3,1,4,53,-21.0,32.0,Poor,Stay away,33,10.5,9.7,7.4,56.7,3,,Basic Materials,674064896.0,1816450.68
MEOBF,Mesoblast Ltd,1.7,15,5,7,12,4,2,5,50,-18.0,32.0,Poor,Stay away,57,0.0,0.0,1.5,86.5,1,,Healthcare,2197803520.0,268.5
IPHA,Innate Pharma,1.785,7,10,9,4,9,0,3,42,-11.0,32.0,Poor,Stay away,47,2.3,1.4,0.8,51.2,2,,Healthcare,168086880.0,89943.37
AMC,AMC Entertainment Holdings Inc,2.57,17,9,3,15,3,4,5,56,-24.0,32.0,Poor,Stay away,55,-7.2,12.7,4.7,57.2,3,,Communication Services,1478176640.0,27707144.41
MRT,Marti Technologies Inc.,1.79,12,5,2,14,3,3,5,44,-15.0,32.0,Poor,Stay away,30,2.3,-11.4,2.3,53.0,1,,Technology,153839392.0,49451.76
CHRHF,Chervon Holdings Limited,2.55,12,2,5,11,3,1,5,39,-3.0,32.0,Poor,Stay away,44,-3.8,-3.8,0.8,60.2,0,,Industrials,1139650048.0,81.89
SHGKY,Sun Hung Kai & Company Lt,2.12,7,4,10,6,6,1,3,37,-10.0,32.0,Poor,🔥 COILED: Stay away,28,0.0,0.0,-0.2,50.1,0,,Financial Services,830904448.0,0.0
MHGU,Meritage Hospitality Group Inc,2.41,14,12,11,7,9,2,4,59,-27.0,32.0,Poor,Stay away,47,20.5,8.1,5.3,56.1,3,,Consumer Cyclical,14015943.0,7841.49
VRTK,Vartech Systems Inc,2.05,7,6,10,6,3,2,3,37,-10.0,32.0,Poor,🔥 COILED: Stay away,45,0.0,0.0,0.0,50.0,0,,Technology,4431382.0,88.52
WAI,Top KingWin Ltd,2.561,16,7,6,15,6,0,5,55,-23.0,32.0,Poor,Stay away,59,0.0,34.8,13.2,71.2,3,,Financial Services,4690880.0,438766.67
ADTGEX,ADTGEX,2.203,9,6,2,8,0,4,3,32,-3.0,32.0,Poor,Stay away,31,0.0,0.1,-0.0,47.4,0,,nan,nan,0.0
ADTGDX,ADTGDX,2.212,9,7,1,8,0,4,3,32,-3.0,32.0,Poor,Stay away,31,-0.0,0.0,-0.0,46.7,0,,nan,nan,0.0
SNT,Senstar Technologies Ltd,1.864,7,6,1,12,0,2,4,32,0.0,32.0,Poor,Stay away,20,7.1,4.7,1.0,49.0,1,,Industrials,60662292.0,48517.78
ZGM,Zenta Group Company Limited Ordinary Shares,2.95,18,10,4,2,9,3,5,51,-17,32,Poor,Stay away,54,71.5,65.7,42.8,68.9,2,12,Industrials,19484584.0,0.0
FDMDF,4DMedical Limited,3.2,19,7,6,10,6,6,5,59,-30,32,Poor,Stay away,55,26.5,26.5,18.2,80.8,3,,Healthcare,1582959872.0,6020.27
GLVHF,Glenveagh Properties PLC,2.54,9,6,11,8,3,2,3,42,-13.0,32.0,Poor,Stay away,54,0.0,0.0,0.0,100.0,0,,Consumer Cyclical,1310544384.0,1428.6
BTBIF,BTB Real Estate Investment Trust,2.72,1,7,2,7,7,3,2,29,0.0,32.0,Poor,Stay away,27,-0.9,0.0,-2.1,44.3,0,,Real Estate,240537696.0,0.0
EP,Empire Petroleum Corp,2.65,7,14,9,3,8,4,2,47,-16.0,32.0,Poor,Stay away,31,3.1,0.4,3.1,53.5,2,,Energy,105847264.0,57277.63
UFCP,Union Financial Corporation,2.51,7,6,10,6,3,2,3,37,-10.0,32.0,Poor,🔥 COILED: Stay away,44,0.0,0.0,0.0,50.0,0,,Financial Services,8266010.0,26.73
STGPF,Scentre Group,3.1,20,9,5,9,6,8,5,62,-30,32,Poor,Stay away,63,26.5,26.5,21.8,89.6,3,,Real Estate,15837626368.0,0.0
ALTI,Alvarium Tiedemann Holdings Inc.,4.34,16,6,5,16,5,6,5,59,-27.0,32.0,Poor,⚠️ EXHAUSTION RISK: Stay away,65,20.6,30.7,16.5,65.4,3,,Financial Services,468499104.0,146209.45
MGF,MFS Government Markets Income Closed Fund,2.84,5,15,6,6,4,3,3,42,-8.0,32.0,Poor,Stay away,30,1.1,1.1,0.4,52.5,1,,Financial Services,101681392.0,78978.78
ZH,Zhihu Inc ADR,3.25,11,5,9,8,3,3,3,42,-15.0,32.0,Poor,🔥 COILED: Stay away,41,-0.9,3.8,0.4,52.7,1,,Communication Services,268187744.0,324787.99
JELCF,Johnson Electric Holdings Limited,3.416,6,3,11,7,3,2,3,35,-3.0,32.0,Poor,Stay away,0,0.0,0.0,0.0,76.3,0,,Consumer Cyclical,4295440896.0,0.0
VYGR,Voyager Therapeutics Inc,3.13,6,11,8,5,4,6,2,42,-13.0,32.0,Poor,Stay away,18,0.0,1.3,-1.3,45.1,2,,Healthcare,201202880.0,625352.27
RTB,"RTB Digital, Inc.",15.91,13,5,4,8,5,2,2,39,-7.0,32.0,Poor,Stay away,51,-4.0,4.0,0.5,52.9,1,,Technology,22232636.0,213167.98
PDRX,Pd-Rx Pharmaceutical,3.35,9,6,11,8,3,2,3,42,-13.0,32.0,Poor,Stay away,56,0.0,0.0,0.0,99.8,0,,Healthcare,5745551.0,121.28
VTEX,VTEX,4.29,16,5,4,9,3,0,5,42,-10.0,32.0,Poor,Stay away,64,-1.8,10.6,1.8,55.2,2,,Technology,635913216.0,1269007.12
VNUIX,Vontobel U.S. Equity Institutional,3.63,16,6,4,7,1,4,4,42,-10.0,32.0,Poor,Stay away,37,2.8,4.3,2.0,62.2,0,,nan,nan,0.0
FRRPF,Fiera Capital Corporation,3.66,10,12,6,4,4,2,2,40,-8.0,32.0,Poor,Stay away,31,4.6,5.5,1.3,52.3,1,,Financial Services,415776096.0,0.0
GLOH,Glow Holdings Inc,3.75,10,7,11,6,3,2,3,42,-15.0,32.0,Poor,🔥 COILED: Stay away,45,0.0,0.0,0.0,51.9,1,,Financial Services,7964186.0,287.5
LLDYX,LORD ABBETT SHORT DURATION INCOME FUND CLASS I,3.83,7,7,7,6,3,4,3,37,-10.0,32.0,Poor,🔥 COILED: Stay away,29,0.0,0.3,0.1,52.0,0,,nan,0.0,0.0
SIDU,Sidus Space Inc,2.09,6,11,7,7,2,2,2,37,-3.0,32.0,Poor,Stay away,25,13.6,6.1,0.2,46.5,2,,Industrials,422011776.0,20170919.88
MAYX,Mayex USA Inc,4.2,9,3,10,6,3,5,3,39,-10.0,32.0,Poor,Stay away,35,0.0,0.0,-0.1,2.5,0,,Financial Services,5460000.0,57.73
MAIFF,Minera Alamos Inc,3.78,17,9,9,8,4,2,5,54,-22.0,32.0,Poor,Stay away,39,14.5,21.5,11.4,61.9,3,,Basic Materials,495871360.0,596116.18
RRTS,Roadrunner Transportation Systems Inc,4.71,5,5,7,8,6,4,2,37,-5.0,32.0,Poor,Stay away,54,-1.9,-4.8,-3.2,38.1,2,,Industrials,168100848.0,7917.82
ROC,Rank One Computing Corporation Common stock,4.91,14,5,6,2,5,2,3,37,-8.0,32.0,Poor,Stay away,0,9.4,4.7,2.6,51.7,1,,nan,87768584.0,0.0
OM,Outset Medical Inc,5.2,14,12,6,12,7,2,5,58,-26.0,32.0,Poor,Stay away,43,9.5,22.9,11.1,61.8,4,,Healthcare,87681144.0,455351.5
DQJCF,Pan Pacific International Holdings Corporation,5.27,7,11,3,10,0,5,4,40,-8.0,32.0,Poor,Stay away,30,0.6,6.2,-1.1,49.1,0,,Consumer Defensive,14723181568.0,0.0
PYTCF,Playtech plc,5.33,15,5,7,10,6,2,5,50,-18.0,32.0,Poor,Stay away,62,0.0,0.0,1.6,100.0,1,,Consumer Cyclical,1144733824.0,381.74
CCM,Concord Medical Services Holdings,4.96,11,14,2,12,5,3,3,50,-18.0,32.0,Poor,Stay away,54,6.7,17.5,8.6,58.9,3,,Healthcare,20189012.0,15661.07
ATXG,Addentax Group Corp,3.64,6,10,6,11,3,2,2,40,-6.0,32.0,Poor,Stay away,45,3.1,-1.6,2.1,49.6,2,,Industrials,3905115.0,66771.92
PIFRX,PUTNAM INCOME FUND CLASS R SHARES,4.93,9,7,2,8,0,4,2,32,-3.0,32.0,Poor,Stay away,28,0.2,0.0,-0.3,41.7,0,,nan,0.0,0.0
PUICX,PUTNAM INCOME FUND CLASS C SHARES,4.94,9,7,2,8,0,4,2,32,-3.0,32.0,Poor,Stay away,28,0.2,0.0,-0.3,41.6,0,,nan,0.0,0.0
LONJX,Lord Abbett New Jersey Tax Free Cl F3,4.69,2,11,2,8,3,4,2,32,0.0,32.0,Poor,Stay away,35,0.2,0.4,-0.3,39.4,0,,nan,0.0,0.0
TRBFX,T. ROWE PRICE LIMITED DURATION INFLATION FOCUSED BOND FUND INC. T. ROWE PRICE LIMITED DURATION INFLATION FOCUSED BOND FUND INC.,4.75,4,9,8,6,3,4,3,37,-10.0,32.0,Poor,🔥 COILED: Stay away,29,0.0,0.0,-0.0,47.3,0,,nan,0.0,0.0
NUVB-WS,NUVB-WS,6.11,7,3,2,13,3,1,3,32,0.0,32.0,Poor,Stay away,49,-8.8,-5.9,-1.9,49.7,0,,nan,nan,6239713.3
EDTXF,Spectral Med Inc,0.99,10,10,3,8,5,2,4,42,-11.0,31.0,Poor,Stay away,53,-0.5,1.4,1.2,53.2,1,,Healthcare,297820256.0,10643.46
FAIXX,First American Funds Inc. - First American Institutional Prime Obligations Fund,1.0,15,6,11,6,6,2,3,49,-23.0,31.0,Poor,🔥 COILED: Stay away,41,0.0,0.0,0.0,99.9,0,,nan,nan,0.0
PIHG,Plural Industry Holding Group Co. Limited,2.5,11,6,11,7,6,2,3,46,-18.0,31.0,Poor,Stay away,39,0.0,0.0,5.3,89.0,1,,Financial Services,10786939.0,20.5
GROY-WT,Gold Royalty Corp,0.92,6,7,8,7,2,2,5,37,-6.0,31.0,Poor,Stay away,27,2.2,0.0,-0.9,47.6,1,,nan,nan,46491.35
SWSSU,Springwater Special Situations Corp Unit,1.065,5,3,10,7,3,2,3,33,-5.0,31.0,Poor,Stay away,29,0.0,0.0,-0.0,0.0,1,,Financial Services,nan,1.0
OBRUF,Oberon Uranium Corp.,1.137,9,6,11,8,3,6,3,46,-18.0,31.0,Poor,Stay away,56,0.0,0.0,0.0,99.8,1,,Energy,34545616.0,389.05
EPGNF,Epigenomics AG,1.12,10,6,11,6,3,2,3,41,-15.0,31.0,Poor,🔥 COILED: Stay away,35,0.0,0.0,0.0,50.0,1,,Healthcare,982213.0,0.0
NGHLF,Nightingale Health Oyj,1.19,5,3,9,8,3,2,3,33,-5.0,31.0,Poor,Stay away,15,0.0,0.0,-0.1,0.0,1,,Healthcare,71829592.0,1.0
FLRAF,Essentra plc,1.49,20,9,6,11,6,8,5,65,-30,31,Poor,Stay away,0,35.5,35.5,30.3,95.3,2,,Basic Materials,339045408.0,0.0
CIIT,"Tianci International, Inc. Common Stock",3.76,17,2,7,9,7,2,5,49,-16.0,31.0,Poor,Stay away,62,9.0,3.9,36.8,77.7,2,,Industrials,4342688.0,278995.51
MGMNF,Magna Mining Inc,1.84,15,11,14,11,4,2,5,62,-29,31,Poor,Stay away,49,14.3,15.0,11.5,65.0,4,,Basic Materials,423896480.0,133836.62
SCPAF,Shopping Centres Australasia Property Group,1.55,8,6,10,6,3,2,3,38,-10.0,31.0,Poor,Stay away,0,0.0,0.0,-0.0,3.3,0,,Real Estate,1608239104.0,0.0
FEEXY,Ferrexpo plc,1.65,5,3,10,7,3,2,3,33,-5.0,31.0,Poor,Stay away,24,0.0,0.0,-0.0,5.2,1,,Basic Materials,242713328.0,133.14
HDALF,Haidilao International Holding Ltd,1.47,3,7,5,9,3,2,2,31,0.0,31.0,Poor,Stay away,18,2.1,0.0,-4.8,43.7,0,,Consumer Cyclical,9823450112.0,0.0
EVTV,Envirotech Vehicles Inc,1.805,7,10,7,7,3,2,5,41,-8.0,31.0,Poor,Stay away,44,-7.0,-8.4,0.0,50.1,1,,Consumer Cyclical,23275294.0,9155899.31
THCH,TH International Limited,1.78,9,12,6,3,5,4,2,41,-13.0,31.0,Poor,🔥 COILED: Stay away,33,-1.1,9.9,1.7,51.4,2,,Consumer Cyclical,57345384.0,10021.73
PSHG,Performance Shipping Inc,1.73,3,6,4,9,5,0,4,31,0.0,31.0,Poor,Stay away,31,-5.5,-3.4,-1.5,47.7,0,,Industrials,21383312.0,116036.57
GNSS,Genasys Inc,1.76,7,16,8,3,3,5,2,44,-16.0,31.0,Poor,Stay away,34,0.0,5.4,2.3,52.9,1,,Technology,90173176.0,153821.69
POLA,Polar Power Inc,1.87,13,13,3,8,5,4,5,51,-18.0,31.0,Poor,Stay away,41,10.7,24.7,11.4,59.0,3,,Industrials,6843499.0,1054121.27
NTCPF,NorthIsle Copper and Gold Inc,2.77,18,4,7,14,7,6,5,61,-30,31,Poor,⚠️ EXHAUSTION RISK: Stay away,65,17.4,34.5,17.8,72.1,3,,Basic Materials,703962368.0,438630.25
BPOSF,bpost SA/NV,1.99,5,3,9,8,3,2,3,33,-5.0,31.0,Poor,Stay away,14,0.0,0.0,-0.3,0.0,1,,Industrials,398001888.0,0.55
ACDSF,Ascendas Real Estate Investment Trust,1.9,4,3,9,8,1,1,2,28,0.0,31.0,Poor,Stay away,17,-1.6,0.0,-1.2,42.6,0,,Real Estate,9982722048.0,13083.79
BSMAF,Bursa Malaysia Bhd Ord,2.18,10,3,10,9,4,2,3,41,-13.0,31.0,Poor,Stay away,42,0.0,0.0,0.0,88.2,0,,Financial Services,1764272128.0,169.0
TTEC,TTEC Holdings Inc,2.6,13,6,5,14,3,4,5,50,-19.0,31.0,Poor,Stay away,34,0.8,30.7,9.0,60.8,3,,Technology,111670984.0,427799.83
NSANF,Nissan Motor Co. Ltd.,2.11,8,6,5,12,4,2,5,42,-11.0,31.0,Poor,Stay away,26,-3.7,8.2,0.8,51.1,2,,Consumer Cyclical,8041679360.0,41572.35
ITAYY,Indo Tambangraya Megah Tbk PT ADR,2.65,2,3,3,9,6,6,2,31,0.0,31.0,Poor,Stay away,28,-1.9,-9.9,-3.3,36.2,0,,Energy,1376900352.0,1411.38
QKIE,QKIE,2.24,5,2,1,11,6,4,2,31,0.0,31.0,Poor,Stay away,49,-5.9,-6.7,-3.0,32.0,0,,Financial Services,1189168256.0,633.69
JVTSF,Juventus Football Club S.p.A,2.47,12,8,8,3,3,4,3,41,-13.0,31.0,Poor,Stay away,42,8.3,0.7,3.0,52.9,1,,Communication Services,1015477696.0,0.0
AFGVY,Agfa Gevaert NV ADR,2.29,5,3,10,7,3,2,3,33,-5.0,31.0,Poor,Stay away,37,0.0,0.0,-0.0,0.4,1,,Industrials,177269504.0,2.5
CCLD,"CareCloud, Inc.",2.32,7,6,2,10,1,3,3,32,-6.0,31.0,Poor,Stay away,32,-3.7,6.9,-2.2,48.1,0,,Healthcare,99858424.0,499847.66
TUXS,Tuxis Corporation,2.35,12,6,11,9,3,2,3,46,-18.0,31.0,Poor,Stay away,54,0.0,0.0,0.0,99.0,1,,Industrials,2843476.0,44.5
DGQTF,DGQTF,1.83,5,9,7,3,8,2,5,39,-8.0,31.0,Poor,Stay away,0,-8.5,-17.2,-4.4,46.7,1,,nan,nan,0.0
YSHLF,Yangzijiang Shipbuilding (Holdings) Ltd,2.88,8,4,7,7,1,5,4,36,-10.0,31.0,Poor,🔥 COILED: Stay away,38,0.0,4.0,0.6,53.5,0,,Industrials,11547103232.0,0.0
CYFWF,Cyfrowy Polsat S.A,2.64,8,4,10,6,3,2,3,36,-10.0,31.0,Poor,🔥 COILED: Stay away,36,0.0,0.0,-0.0,48.1,0,,Communication Services,1453857408.0,47.25
CEBUY,Cebu Air Inc ADR,2.6,15,6,11,6,6,2,3,49,-23.0,31.0,Poor,🔥 COILED: Stay away,56,0.0,0.0,0.2,100.0,0,,Industrials,311274016.0,44.28
ADTGSX,ADTGSX,2.676,9,7,1,8,0,4,2,31,-3.0,31.0,Poor,Stay away,25,-0.2,-0.3,-0.4,41.1,0,,nan,nan,0.0
ADTGBX,ADTGBX,2.668,9,7,1,8,0,4,2,31,-3.0,31.0,Poor,Stay away,26,-0.2,-0.3,-0.4,41.4,0,,nan,nan,0.0
WTF,Waton Financial Limited Ordinary Shares,2.98,9,9,9,3,4,3,4,41,-13.0,31.0,Poor,🔥 COILED: Stay away,35,11.2,-1.3,1.6,51.8,1,,Financial Services,148571408.0,106347.95
MLCI,Mount Logan Capital Inc. Common Stock,3.01,2,12,6,2,3,4,2,31,-6.0,31.0,Poor,Stay away,19,-2.9,-4.1,-4.7,41.0,1,,Financial Services,33006866.0,63786.48
ATHR,"Aether Holdings, Inc.",4.21,9,14,3,6,8,2,2,44,-11.0,31.0,Poor,Stay away,44,25.7,6.0,7.8,55.5,2,,Technology,41047972.0,19512.83
RYOJ,"rYojbaba Co., Ltd. Common Shares",4.85,15,5,3,11,3,3,5,45,-10.0,31.0,Poor,Stay away,46,3.2,18.6,8.3,57.3,2,,Industrials,34996500.0,692537.12
HNNMY,H & M Hennes & Mauritz AB ADR,3.69,15,6,6,9,5,4,5,50,-19.0,31.0,Poor,Stay away,62,1.7,12.8,4.8,66.2,3,,Consumer Cyclical,27936526336.0,107083.26
MDDNF,Meridian Energy Limited,3.28,4,3,6,7,3,3,2,28,0.0,31.0,Poor,Stay away,40,0.0,0.0,-0.9,29.4,1,,Utilities,9182930944.0,0.0
AMXEF,Amex Exploration Inc,3.11,15,10,6,9,5,4,5,54,-21.0,31.0,Poor,Stay away,45,9.5,14.3,9.0,59.1,3,,Basic Materials,511855104.0,52922.42
CGROF,The Character Group plc,3.26,8,4,10,6,3,2,3,36,-10.0,31.0,Poor,🔥 COILED: Stay away,42,0.0,0.0,-0.0,48.1,0,,Consumer Cyclical,56792292.0,4.25
HLDCY,Henderson Land Development,3.49,6,6,3,13,0,0,5,33,0.0,31.0,Poor,Stay away,17,-4.9,-1.3,-0.9,48.0,0,,Real Estate,17816303616.0,20024.02
PPOEF,PGE Polska Grupa Energetyczna S.A,3.56,10,6,11,6,3,2,3,41,-15.0,31.0,Poor,🔥 COILED: Stay away,45,0.0,0.0,0.0,50.0,1,,Utilities,7987618304.0,0.0
CTAGF,Capita PLC,3.5,5,3,10,8,3,4,3,36,-5.0,31.0,Poor,Stay away,40,0.0,0.0,-0.0,34.7,1,,Industrials,419231136.0,49.0
KTCC,Key Tronic Corporation,4.12,16,14,4,9,7,3,3,56,-23.0,31.0,Poor,Stay away,67,3.0,13.2,3.7,57.2,4,,Technology,42676932.0,22378.0
BBXIA,BBX Capital Inc,3.8,12,3,3,9,3,2,2,34,-3.0,31.0,Poor,Stay away,58,0.5,-5.0,-1.6,45.4,2,,Industrials,64234444.0,1875.2
BWTL,Bowlin Travel Centers Inc,3.7,16,4,6,11,1,1,5,44,-13.0,31.0,Poor,Stay away,24,0.0,0.0,2.5,80.7,0,,Consumer Cyclical,15188172.0,113.01
CHYCY,Chiyoda Corp ADR,4.08,3,4,8,7,3,3,3,31,0.0,31.0,Poor,Stay away,19,0.0,0.0,-1.3,14.0,0,,Industrials,1153276160.0,86.23
APYX,Apyx Medical Inc,4.16,12,8,7,6,5,2,2,42,-15.0,31.0,Poor,Stay away,54,1.0,8.6,0.8,50.6,2,,Healthcare,179639248.0,130382.45
ASPHF,Ascentage Pharma Group International,4.53,4,3,9,8,3,3,3,33,-5.0,31.0,Poor,Stay away,15,0.0,0.0,-0.4,0.0,1,,Healthcare,1752872960.0,72.5
SWRHF,Shibusawa Logistics Corporation,4.565,8,4,10,6,3,2,3,36,-10.0,31.0,Poor,🔥 COILED: Stay away,29,0.0,0.0,-0.0,48.1,0,,Industrials,259903392.0,1.0
RLEA,Rubber Leaf Inc,4.5,12,6,11,9,3,2,3,46,-18.0,31.0,Poor,Stay away,53,0.0,0.0,0.1,99.9,1,,Basic Materials,184992544.0,23.61
TRZOX,T. Rowe Price Short-Term Bond Fund,4.6,5,7,8,6,3,4,3,36,-10.0,31.0,Poor,🔥 COILED: Stay away,30,0.0,0.2,0.0,51.4,0,,nan,nan,0.0
PRTHU,Priority Technology Holdings Inc Unit,5.0,5,3,10,7,3,2,3,33,-5.0,31.0,Poor,Stay away,32,0.0,0.0,-0.0,0.0,1,,Technology,302850496.0,5.0
IRLTF,Intralot S.A. Integrated Lottery Systems and Services,1.0,5,3,10,7,3,1,3,32,-5.0,30.0,Poor,Stay away,0,0.0,0.0,-0.0,0.0,1,,Consumer Cyclical,1846765056.0,13.78
MAVXX,Morgan Stanley Institutional Liquidity Funds - Prime Portfolio,1.0,9,5,6,6,4,7,3,40,-10.0,30.0,Poor,Stay away,35,0.0,0.0,0.0,55.0,0,,nan,nan,0.0
SLNCF,Silence Therapeutics plc,1.5,3,3,9,8,6,3,3,35,-5.0,30.0,Poor,Stay away,24,0.0,0.0,-2.2,37.1,1,,Healthcare,150206064.0,166.25
PHIO,Phio Pharmaceuticals Corp,1.06,13,8,3,5,3,7,3,42,-13.0,30.0,Poor,Stay away,44,2.9,-0.9,2.0,52.5,1,,Healthcare,13243666.0,2154379.32
CLXLF,Calix Limited,1.1,12,6,11,8,3,2,3,45,-18.0,30.0,Poor,Stay away,51,0.0,0.0,0.0,100.0,1,,Basic Materials,237363152.0,83.93
MRM,Medirom Healthcare Technologies Inc,0.916,5,13,6,1,4,2,2,33,-8.0,30.0,Poor,Stay away,22,-3.6,-8.4,-4.3,41.4,0,,Consumer Cyclical,9403322.0,1142360.56
DCHIY,Digital China Holdings Ltd ADR,1.12,5,6,3,8,3,3,2,30,0.0,30.0,Poor,Stay away,27,1.8,1.8,-1.1,34.2,0,,Industrials,394971328.0,40.27
BAIGF,Bairong Inc.,1.2,7,6,10,9,3,2,3,40,-13.0,30.0,Poor,Stay away,38,0.0,0.0,0.0,80.8,0,,Technology,539498496.0,64.93
WVMDF,West Vault Mining Inc,1.09,4,9,4,7,4,2,2,32,-5.0,30.0,Poor,Stay away,26,-0.2,-2.7,-1.5,45.0,1,,Basic Materials,70271440.0,12046.72
SKHRF,Stakeholder Gold Corp,1.25,10,9,6,6,6,2,3,42,-18.0,30.0,Poor,🔥 COILED: Stay away,60,-1.6,2.5,1.7,53.5,1,,Basic Materials,27349696.0,3043.21
TOIPF,Thai Oil Public Company Limited,1.25,5,3,6,9,3,1,3,30,0.0,30.0,Poor,Stay away,22,0.0,0.0,-0.2,7.0,0,,Energy,4169320448.0,0.0
AUST,Austin Gold Corp,1.22,16,9,5,13,5,2,5,55,-25.0,30.0,Poor,Stay away,33,20.8,22.0,14.5,62.8,3,,Basic Materials,18262354.0,568652.95
ELRRF,Eloro Resources Ltd,1.39,14,8,9,12,5,4,5,57,-25.0,30.0,Poor,Stay away,41,12.1,16.8,12.6,62.7,3,,Basic Materials,183072496.0,101703.75
ACRV,"Acrivon Therapeutics, Inc. Common Stock",1.69,7,14,5,3,8,6,2,45,-16.0,30.0,Poor,Stay away,39,11.2,1.2,2.6,52.0,2,,Healthcare,60992460.0,1276348.84
MCHX,Marchex Inc,1.81,13,4,3,14,7,2,4,47,-15.0,30.0,Poor,Stay away,67,2.8,8.4,2.1,55.1,2,,Communication Services,69112368.0,22664.83
DWTX,"Dogwood Therapeutics, Inc.",1.75,17,6,4,14,1,3,5,50,-20.0,30.0,Poor,Stay away,37,10.8,13.6,9.7,63.2,3,,Healthcare,54143580.0,285429.12
SURRY,Sun Art Retail Group Ltd ADR,1.21,8,8,12,9,3,1,5,46,-16.0,30.0,Poor,Stay away,20,11.7,11.7,6.1,55.7,3,,Consumer Cyclical,1510668800.0,0.0
KDCXF,Kudelski SA,1.62,9,6,11,6,3,2,3,40,-15.0,30.0,Poor,🔥 COILED: Stay away,51,0.0,0.0,0.0,50.0,1,,Technology,158513568.0,12.98
REAX,Real Brokerage Inc,1.99,11,15,5,7,8,2,2,50,-21.0,30.0,Poor,Stay away,33,21.3,19.2,9.4,57.6,4,,Real Estate,347669376.0,2171993.21
IPHYF,Innate Pharma,1.65,4,4,10,7,3,1,3,32,-5.0,30.0,Poor,Stay away,26,0.0,0.0,-0.1,40.6,1,,Healthcare,154940416.0,179.0
OSTX,OS Therapies Incorporated,1.63,10,10,9,3,4,4,2,42,-13.0,30.0,Poor,Stay away,35,4.5,4.5,2.5,51.4,2,,Healthcare,80168584.0,559474.44
JYOGF,Jersey Oil and Gas Plc,1.75,12,6,11,8,3,2,3,45,-18.0,30.0,Poor,Stay away,52,0.0,0.0,0.0,90.8,1,,Energy,57168348.0,442.5
DRMTY,Dr. Martens plc,2.08,15,5,8,8,6,6,5,53,-23.0,30.0,Poor,Stay away,61,0.0,4.0,2.8,83.0,0,,Consumer Cyclical,875734208.0,986.58
HLOSF,Healios K.K,1.8,4,4,8,7,3,1,3,30,-5.0,30.0,Poor,🔥 COILED: Stay away,18,0.0,0.0,-0.8,47.3,1,,Healthcare,243003424.0,105.75
LPIX,LPIX,6.432,18,8,5,14,6,4,5,60,-30,30,Poor,Stay away,68,24.6,82.8,50.0,91.3,3,,Industrials,43522868.0,48.79
SLGCX,LARGE CAPITALIZATION GROWTH PORTFOLIO LARGE CAPITALIZATION GROWTH PORTFOLIO CLASS C,2.05,15,5,4,9,1,5,3,42,-15.0,30.0,Poor,Stay away,40,4.6,5.1,2.7,59.6,0,,nan,0.0,0.0
DRTSW,Alpha Tau Medical Ltd. Warrant,3.23,15,6,4,3,5,3,2,38,-8.0,30.0,Poor,Stay away,62,19.6,-8.8,6.8,53.6,0,,nan,nan,33571.08
ADTGUX,ADTGUX,2.34,4,8,1,8,0,2,2,25,2.0,30.0,Poor,Stay away,25,-0.3,-0.4,-0.6,40.9,0,,nan,nan,0.0
DBMBF,FIBRA Macquarie México,2.485,11,3,8,1,6,1,5,35,-10.0,30.0,Poor,🔥 COILED: Stay away,35,-2.2,-5.5,-0.5,50.4,1,,Real Estate,1994474496.0,0.0
SUMXF,Supremex Inc,2.59,8,8,8,2,3,3,3,35,-10.0,30.0,Poor,🔥 COILED: Stay away,28,0.0,0.0,-0.0,48.3,0,,Consumer Cyclical,63990912.0,0.0
MGHL,Morgan Group Holding Co,2.2,6,3,9,8,3,3,3,35,-5.0,30.0,Poor,Stay away,41,0.0,0.0,-0.4,6.9,1,,Financial Services,1500225.0,61.51
PEW-WS,PEW-WS,2.6,13,8,4,1,2,3,2,33,-8.0,30.0,Poor,🔥 COILED: Stay away,34,3.6,9.2,1.7,51.9,1,,nan,nan,629842.53
BBDO,Banco Bradesco S/A ADR,3.15,7,6,5,11,5,0,4,38,-8.0,30.0,Poor,Stay away,36,-2.5,-2.8,-1.4,48.2,0,,Financial Services,31186771968.0,60819.54
AKBTY,Akbank Turk Anonim Sirketi,2.85,6,9,9,6,4,2,2,38,-13.0,30.0,Poor,🔥 COILED: Stay away,25,10.9,3.6,0.9,49.4,0,,Financial Services,7254000128.0,28074.21
LHYFF,Lhyfe SA,2.86,7,6,5,7,3,1,3,32,-5.0,30.0,Poor,Stay away,25,0.0,0.0,-0.0,31.9,1,,Basic Materials,137480576.0,12.5
METXF,METXF,2.95,12,6,11,6,0,2,3,40,-15.0,30.0,Poor,🔥 COILED: Stay away,46,0.0,0.0,0.0,50.0,1,,Healthcare,88646008.0,0.5
PIAHY,Ping An Healthcare and Technology Company Limited,1.88,3,2,4,7,3,5,3,27,0.0,30.0,Poor,Stay away,18,0.0,0.0,-2.8,0.0,0,,Healthcare,3189938944.0,58.36
HLYK,Healthlynked Corp,3.108,9,14,10,7,8,0,2,50,-23.0,30.0,Poor,🔥 COILED: Stay away,54,-5.2,13.0,5.0,52.8,4,,Healthcare,10293864.0,2442.03
SHJBF,Shanghai Junshi Biosciences Co. Ltd,3.35,10,6,11,8,3,4,3,45,-18.0,30.0,Poor,Stay away,53,0.0,0.0,0.0,99.8,1,,Healthcare,4841863680.0,59.45
FXCNF,FIH Mobile Limited,3.0,4,4,11,5,6,7,3,40,-10.0,30.0,Poor,Stay away,39,0.0,0.0,0.1,57.7,0,,Technology,2747351552.0,43.5
EFOI,Energy Focu,3.09,12,8,7,6,4,2,4,43,-13.0,30.0,Poor,Stay away,51,-0.6,8.8,3.1,53.8,2,,Consumer Cyclical,24011966.0,912369.84
KGFHF,Kingfisher plc,3.95,12,4,7,6,1,1,4,35,-10.0,30.0,Poor,🔥 COILED: Stay away,44,-3.2,3.4,0.5,53.1,0,,Consumer Cyclical,6457529856.0,0.0
YEXT,Yext Inc,5.57,12,7,6,8,3,3,5,44,-12.0,30.0,Poor,Stay away,57,1.1,13.2,4.0,60.1,2,,Technology,389965152.0,1819756.14
SHIM,Shimmick Corporation Common Stock,4.18,16,8,11,9,2,4,5,55,-23.0,30.0,Poor,Stay away,50,8.6,13.9,6.0,58.0,4,,Industrials,158206576.0,90288.38
CAMP,CAMP4 THERAPEUTICS CORPORATION,4.5,18,14,6,5,4,3,4,54,-27,30,Poor,Stay away,52,29.7,49.5,17.4,62.2,4,,Healthcare,216530592.0,365387.26
WHWK,"Whitehawk Therapeutics, Inc.",4.7,18,13,8,10,4,3,5,61,-29,30,Poor,Stay away,52,22.1,22.7,17.4,69.3,4,,Healthcare,214623696.0,698405.51
NHPEF,New Hope Corporation Ltd,3.68,2,5,7,10,3,4,2,33,-6.0,30.0,Poor,Stay away,37,-2.1,-2.4,-2.2,46.0,1,,Energy,3766784256.0,0.0
NEUP,Neuphoria Therapeutics Inc,3.9,8,5,2,7,2,6,5,35,-5.0,30.0,Poor,Stay away,25,-0.5,-0.5,2.3,51.7,1,,Healthcare,25401388.0,537067.37
CPPKF,Copperbank Resources Corp,4.31,15,9,9,14,3,2,4,56,-24.0,30.0,Poor,Stay away,54,8.3,12.5,8.0,60.2,4,,Basic Materials,1341524224.0,80026.12
ESFIX,ASHMORE EMERGING MARKETS SHORT DURATION FUND INSTITUTIONAL CLASS SHARES,4.7,6,12,4,6,3,4,2,37,-10.0,30.0,Poor,Stay away,32,0.2,0.4,-0.1,45.0,0,,nan,0.0,0.0
TRPZX,T. Rowe Price Limited Duration Inflation Focused Bond Fund Z Class,4.69,7,8,8,6,3,2,3,37,-10.0,30.0,Poor,Stay away,27,-0.2,0.0,-0.0,46.4,0,,nan,nan,0.0
PCHUY,PTT Global Chemical PCL ADR,5.525,17,9,5,12,6,8,5,62,-28.0,30.0,Poor,Stay away,69,13.2,13.2,11.8,100.0,3,,Basic Materials,4400636928.0,0.0
JQC,Nuveen Credit Strategies Income Closed Fund,4.77,9,8,8,6,0,4,2,37,-10.0,30.0,Poor,Stay away,38,0.0,0.4,-0.2,46.5,0,,Financial Services,810943500.0,823801.43
SOPH,Sophia Genetics SA,6.69,17,10,2,13,7,5,5,59,-29.0,30.0,Poor,Stay away,75,16.1,10.6,12.1,62.6,3,,Healthcare,356080224.0,124125.85
LUNG,Pulmonx Corp,2.05,17,8,4,16,6,1,5,57,-27.5,29.5,Poor,Stay away,56,27.3,68.0,28.2,71.1,3,,Healthcare,68424272.0,1162899.3
BJCHY,Beijing Capital International Airport Co Ltd ADR,0.97,10,8,9,5,1,4,2,39,-15.0,29.0,Poor,🔥 COILED: Stay away,27,0.0,0.0,0.2,50.6,1,,Industrials,923162496.0,258.78
VTLXX,VTLXX,1.0,5,5,10,4,3,2,3,32,-8.0,29.0,Poor,🔥 COILED: Stay away,26,0.0,0.0,-0.2,42.9,0,,nan,nan,0.0
IQ,iQIYI Inc,1.29,15,7,6,7,5,3,5,48,-17.0,29.0,Poor,Stay away,39,0.8,6.6,4.9,61.7,1,,Communication Services,1042226752.0,11639107.12
KMFG,KMFG,0.935,6,3,6,7,3,1,3,29,0.0,29.0,Poor,Stay away,29,0.0,0.0,-0.4,2.2,0,,Consumer Cyclical,60500000.0,227.25
CLWT,Euro Tech Holdings Company Ltd,1.51,9,10,2,3,6,2,2,34,-6.0,29.0,Poor,Stay away,40,-1.9,-8.5,-1.9,48.0,1,,Industrials,8597298.0,30580.46
LRE,"Lead Real Estate Co., Ltd American Depositary Shares",1.25,0,7,3,7,5,0,2,24,0.0,29.0,Poor,Stay away,34,-1.6,-12.7,-4.7,39.5,0,,Real Estate,17188796.0,304460.96
AMXOF,"América Móvil, S.A.B. de C.V.",1.28,7,10,4,5,3,3,2,34,-8.0,29.0,Poor,Stay away,41,3.2,3.2,0.2,48.0,0,,Communication Services,81715126272.0,6227.45
CVM,CEL-SCI Corp,1.61,16,11,10,10,6,2,5,60,-29,29,Poor,Stay away,28,32.0,35.3,25.5,68.8,4,,Healthcare,22174460.0,183257.04
VNOV,VNOV,1.38,5,3,10,6,3,6,3,36,-10.0,29.0,Poor,Stay away,25,0.0,0.0,-0.1,1.4,0,,Healthcare,11505686.0,65.05
SWVL,Swvl Holdings Corp,1.41,5,14,8,1,4,4,2,38,-10.0,29.0,Poor,Stay away,33,1.4,1.4,-0.0,48.9,1,,Industrials,15715764.0,242232.38
NZRFF,The New Zealand Refining Company Limited,1.62,10,6,11,7,3,2,3,42,-13.0,29.0,Poor,Stay away,56,0.0,0.0,0.0,98.9,0,,Energy,671310400.0,0.0
SYYYF,Synthomer plc,1.4,16,4,9,10,4,1,5,49,-23.0,29.0,Poor,Stay away,60,18.6,18.6,8.9,76.7,3,,Basic Materials,268867648.0,205.25
UTKN,"Universal Token, Inc.",1.4,5,7,7,5,8,2,3,37,-8.0,29.0,Poor,Stay away,33,22.8,2.9,3.4,52.7,1,,Industrials,163310096.0,797.87
AAME,Atlantic American Corporation,1.6,3,14,9,3,3,2,2,36,-8.0,29.0,Poor,Stay away,22,3.2,3.9,0.2,46.3,1,,Financial Services,37938844.0,21469.34
BLUMY,Blue Moon Group Holdings Limited,1.785,7,6,11,7,3,2,3,39,-13.0,29.0,Poor,Stay away,40,0.0,0.0,0.0,88.1,1,,Consumer Defensive,2081780864.0,40.46
FHAIX,FRANKLIN HIGH INCOME FUND CLASS A,1.75,6,8,4,6,3,4,3,34,-8.0,29.0,Poor,Stay away,31,0.6,0.0,-0.0,47.1,0,,nan,0.0,0.0
MDAI,Spectral AI Inc.,1.66,6,14,9,5,4,2,2,42,-13.0,29.0,Poor,Stay away,33,5.1,1.2,0.8,48.7,2,,Healthcare,61738532.0,607696.62
POTMF,Portmeirion Group PLC,1.9,8,4,9,5,3,2,3,34,-10.0,29.0,Poor,🔥 COILED: Stay away,32,0.0,0.0,-0.0,45.4,0,,Consumer Cyclical,26204238.0,0.38
GCLAF,GCLAF,2.2,7,6,10,8,3,2,3,39,-13.0,29.0,Poor,Stay away,46,0.0,0.0,0.0,97.0,0,,nan,117453600.0,7.31
SWAG,Software Acquisition Group III Inc,1.98,5,11,6,6,7,2,2,39,-8.0,29.0,Poor,Stay away,42,0.0,-3.4,-2.1,44.3,1,,Communication Services,39041924.0,146958.55
LPSN,LivePerson Inc,2.21,15,10,5,11,5,3,5,54,-25.0,29.0,Poor,Stay away,33,24.2,46.4,18.7,66.7,3,,Technology,27517820.0,259235.91
EBON,Ebang International Holdings,1.91,2,7,8,7,4,2,2,32,-3.0,29.0,Poor,Stay away,26,-2.1,-5.5,-4.3,42.6,2,,Technology,13139049.0,9674.59
CELZ,Creative Medical Technology Holdings Inc,1.15,10,14,5,6,3,2,5,45,-21,29,Poor,Stay away,24,50.5,41.9,29.2,57.1,3,7,Healthcare,7615136.0,75636.08
PMAX,Powell Max Limited Class A Ordinary Shares,1.53,6,7,9,8,2,0,2,34,-5.0,29.0,Poor,Stay away,26,-11.0,-14.0,-9.7,39.9,1,,Financial Services,3636505.0,510264.41
RMHVX,Easterly ROCMuni High Inc Muncpl Bd Inv,2.21,16,4,10,6,6,4,3,49,-23.0,29.0,Poor,Stay away,39,0.5,0.5,0.4,99.0,0,,nan,nan,0.0
LSHGF,LSHGF,2.016,8,3,8,7,3,0,3,32,-3.0,29.0,Poor,Stay away,56,-8.8,-8.8,-5.0,38.2,0,,nan,nan,5458.58
RZLV,Rezolve AI Limited Ordinary Shares,2.64,14,8,8,10,3,3,3,49,-23.0,29.0,Poor,Stay away,46,10.9,14.8,5.9,56.7,4,,Technology,1022992768.0,20376531.15
HITI,High Tide Inc,2.29,14,12,4,2,5,3,4,44,-13.0,29.0,Poor,Stay away,32,7.0,6.5,4.5,58.5,2,,Healthcare,209196912.0,601472.12
VROYF,VROYF,2.62,15,9,10,10,5,4,5,58,-29,29,Poor,Stay away,53,11.5,13.7,8.4,60.2,4,,Basic Materials,nan,47030.45
LRAXF,Lara Exploration Ltd,3.1,15,14,5,5,6,2,5,52,-21.0,29.0,Poor,Stay away,68,12.7,5.1,5.7,55.0,1,,Basic Materials,154373424.0,6474.36
AVD,American Vanguard Corporation,2.57,4,13,9,5,4,2,2,39,-13.0,29.0,Poor,Stay away,33,4.5,1.6,0.2,48.8,2,,Basic Materials,71800800.0,241663.26
JSHSX,JANUS SHORT-TERM BOND FUND CLASS S,2.87,9,5,5,6,4,4,3,36,-10.0,29.0,Poor,Stay away,29,0.0,0.3,0.1,52.9,0,,nan,0.0,0.0
CTMX,CytomX Therapeutics Inc,3.37,4,14,6,0,9,6,2,41,-13.0,29.0,Poor,Stay away,34,2.7,1.2,0.3,49.0,2,,Healthcare,653108736.0,4400432.95
IFABF,iFabric Corp,3.4,7,4,3,9,5,2,5,35,-6.0,29.0,Poor,Stay away,47,-4.9,-14.4,-4.2,46.0,0,,Consumer Cyclical,91201400.0,8420.55
SECUF,SSC Security Services Corp,3.11,12,4,8,3,6,6,3,42,-13.0,29.0,Poor,Stay away,56,0.0,-0.6,0.1,77.8,0,,Industrials,56984572.0,2398.53
CLRO,ClearOne Inc,9.8,18,12,3,10,8,2,3,56,-23,29,Poor,Stay away,60,127.4,76.9,73.9,67.5,3,6,Technology,8444135.0,22462.05
HRST,Harvest Oil & Gas Corp,3.13,11,8,12,6,0,1,3,41,-17.0,29.0,Poor,🔥 COILED: Stay away,45,0.0,0.0,0.2,67.7,1,,Energy,3172011.0,43.13
EKHAX,WELLS FARGO HIGH YIELD BOND FUND CLASS A,3.0,5,9,5,6,4,4,3,36,-10.0,29.0,Poor,Stay away,31,0.3,0.3,0.0,48.5,0,,nan,0.0,0.0
MHGUP,Meritage Hospitality Group Inc. PFD CV SER B,6.0,11,5,8,3,4,3,4,38,-12.0,29.0,Poor,Stay away,33,0.0,-4.0,1.8,67.0,0,,Other,nan,503.05
RADLY,Raia Drogasil SA ADR,3.966,15,8,7,14,3,6,5,58,-29,29,Poor,Stay away,52,11.4,10.4,7.8,62.8,3,,Healthcare,5979994112.0,19503.0
DTCGF,Dometic Group AB (publ),2.89,5,6,10,6,3,3,3,36,-10.0,29.0,Poor,Stay away,23,0.0,0.0,-0.7,28.0,0,,Consumer Cyclical,1102275072.0,0.0
SSP,E. W. Scripps Co Class A,2.95,6,12,5,4,3,6,3,39,-13.0,29.0,Poor,Stay away,27,4.2,0.3,-0.4,47.9,2,,Communication Services,305746336.0,921536.38
DOMO,Domo Inc,3.8,13,8,8,5,3,4,5,46,-15.0,29.0,Poor,Stay away,52,2.7,-3.8,5.2,56.5,1,,Technology,174732672.0,1161899.37
RAYA,Erayak Power Solution Group Inc. Class A Ordinary Shares,2.45,3,14,5,11,4,2,2,41,-12.0,29.0,Poor,Stay away,52,8.4,-12.0,-4.0,44.0,1,,Industrials,3664982.0,288102.77
CSPCY,CSPC Pharmaceutical Group Limited,4.37,12,9,10,4,6,2,5,48,-19.0,29.0,Poor,Stay away,41,-0.7,2.8,3.9,60.5,0,,Healthcare,10378960896.0,14362.3
BRDNF,BRDNF,3.94,4,4,9,6,3,5,3,34,-10.0,29.0,Poor,🔥 COILED: Stay away,23,0.0,0.0,-0.3,44.1,0,,Basic Materials,1352037888.0,178.33
LAW,CS Disco LLC,4.34,12,14,8,10,4,4,5,57,-28,29,Poor,Stay away,47,9.6,23.3,8.4,59.7,3,,Technology,251406880.0,297584.34
ODYS,Odysight.ai Inc. Common Stock,4.4,11,8,6,6,3,2,3,39,-13.0,29.0,Poor,Stay away,27,2.1,-5.6,-0.6,49.0,1,,Technology,69122568.0,236594.85
WAINX,WASATCH EMERGING INDIA FUND INVESTOR CLASS SHARES,4.26,16,5,6,7,3,4,4,45,-19.0,29.0,Poor,Stay away,48,1.9,6.5,2.1,64.1,0,,nan,0.0,0.0
WIINX,WASATCH EMERGING INDIA FUND INSTITUTIONAL CLASS SHARES,4.37,16,5,6,7,3,4,4,45,-19.0,29.0,Poor,Stay away,48,1.9,6.6,2.0,63.6,0,,nan,0.0,0.0
ADTGPX,ADTGPX,3.761,7,7,1,8,0,4,2,29,-3.0,29.0,Poor,Stay away,25,-0.2,-0.3,-0.4,41.0,0,,nan,nan,0.0
TARA,Protara Therapeutics Inc,4.1,7,14,9,5,3,2,2,42,-16.0,29.0,Poor,🔥 COILED: Stay away,28,1.7,1.5,1.6,51.6,2,,Healthcare,247860672.0,805431.92
AHT-PG,Ashford Hospitality Trust Inc,4.82,3,3,8,10,3,2,2,31,-5.0,29.0,Poor,Stay away,27,-8.0,-7.1,-6.7,41.1,1,,Real Estate,104801256.0,4294.9
RTGN,RetinalGenix Technologies Inc,4.0,12,6,10,8,3,2,3,44,-18.0,29.0,Poor,Stay away,49,0.0,0.0,0.0,100.0,1,,Healthcare,75374512.0,154.2
LXEO,"Lexeo Therapeutics, Inc. Common Stock",4.55,5,13,7,5,4,2,2,38,-13.0,29.0,Poor,Stay away,30,4.6,-3.4,0.7,49.5,2,,Healthcare,353347328.0,1050090.52
XGN,Exagen Inc,6.59,18,3,7,16,5,5,5,59,-30,29,Poor,Stay away,72,41.1,33.1,29.8,73.9,3,,Healthcare,115725632.0,384473.45
EARN,Ellington Residential Mortgage,4.35,2,13,9,6,3,0,3,36,-8.0,29.0,Poor,Stay away,23,-2.9,-1.1,-0.8,45.7,0,,Financial Services,174319232.0,397515.93
DRIP,Direxion Daily S&P Oil & Gas Exp. & Prod. Bear 2X Shares,44.66,15,6,6,5,7,0,5,44,-13.0,29.0,Poor,Stay away,70,8.8,9.1,24.0,73.7,2,,nan,nan,16090041.59
ILKAF,Iluka Resources Limited,4.5,6,9,9,10,3,2,3,42,-13.0,29.0,Poor,Stay away,37,4.7,9.0,1.5,49.8,3,,Basic Materials,2539924224.0,44604.65
TACT,TransAct Technologies Incorporated,5.68,17,8,5,16,7,2,5,60,-29,29,Poor,Stay away,63,16.4,14.3,8.1,66.3,3,,Technology,47887460.0,57584.59
XMMTX,MFS Multimarket Income Trust,4.82,6,7,2,8,0,4,2,29,-3.0,29.0,Poor,Stay away,25,0.6,0.8,-0.1,45.0,0,,Other,0.0,0.0
CTHCF,Cathay Real Estate Development Co Ltd,0.985,6,5,6,13,1,2,2,35,-3.0,28.0,Poor,Stay away,37,5.6,-0.4,0.8,50.1,1,,Other,118571648.0,16536.78
BFDXX,BlackRock Liquidity Funds - Federal Trust Fund,1.0,20,5,5,9,6,6,5,56,-28,28,Poor,Stay away,61,290.9,290.9,155.9,100.0,2,2,nan,nan,0.0
ODOT,Osprey Polkadot Trust,1.0,1,6,5,9,3,2,2,28,0.0,28.0,Poor,Stay away,21,-5.7,-14.5,-6.7,35.5,0,,nan,nan,1363.21
OPRXX,OPRXX,1.0,5,4,10,4,3,2,3,31,-8.0,28.0,Poor,🔥 COILED: Stay away,31,0.0,0.0,-0.2,42.9,0,,nan,nan,0.0
DYLLF,Deep Yellow Ltd,0.952,8,6,7,6,1,3,2,33,-8.0,28.0,Poor,Stay away,23,10.1,2.4,1.5,50.3,0,,Energy,1077965824.0,118186.18
VRNO,Verano Holdings Corp.,5.4,9,12,5,3,7,2,2,40,-13.0,28.0,Poor,Stay away,60,1.5,-2.9,-0.1,52.2,1,,Healthcare,408107616.0,0.0
MHIFF,Mineral Hill Industries Ltd,1.23,9,6,11,7,3,4,3,43,-18.0,28.0,Poor,Stay away,58,0.0,0.0,0.0,99.8,1,,Financial Services,2536230.0,45.17
KBSX,FST Corp. Ordinary Shares,0.94,10,8,1,10,0,2,5,36,-8.0,28.0,Poor,Stay away,33,4.4,4.4,-1.0,48.3,0,,Consumer Cyclical,57349728.0,68320.14
BDMD,Baird Medical Investment Holdings Limited,1.18,7,14,8,10,3,5,4,51,-24.0,28.0,Poor,Stay away,27,13.5,15.7,8.3,58.1,4,,Healthcare,42855548.0,805441.53
SKRKF,SKRKF,1.32,12,6,8,1,1,2,5,35,-10.0,28.0,Poor,Stay away,45,-5.9,-4.8,-0.3,50.4,0,,nan,nan,0.0
PCCYF,PetroChina Co Ltd Class H,1.23,10,10,4,9,5,0,3,41,-13.0,28.0,Poor,Stay away,31,-6.8,7.0,-0.6,49.3,0,,Energy,332594642944.0,60165.28
GIBO,Global IBO Group Ltd,30.4,16,11,2,9,7,0,5,50,-22.0,28.0,Poor,Stay away,58,12.7,0.0,11.8,65.2,1,,Communication Services,84001736.0,291798.66
WHGOF,White Gold Corp,1.32,15,14,10,8,5,2,5,59,-29,28,Poor,Stay away,54,18.2,16.8,12.9,62.9,4,,Basic Materials,336753248.0,128685.91
QTRHF,Quarterhill Inc,2.19,17,6,4,14,7,5,5,58,-30,28,Poor,Stay away,69,13.5,20.3,15.5,73.2,3,,Technology,167972848.0,22379.94
RHCGF,Ryman Healthcare Limited,1.255,19,4,5,12,4,2,5,51,-23.0,28.0,Poor,Stay away,30,16.2,16.2,9.8,77.4,3,,Healthcare,1432177920.0,15.05
SEGG,Lottery.com Inc.,2.59,18,7,6,5,5,2,5,48,-20,28,Poor,Stay away,63,496.8,325.3,86.3,73.2,3,10,Consumer Cyclical,27347096.0,4350730.6
ACXP,Acurx Pharmaceuticals LLC,1.46,4,12,6,6,4,6,3,41,-13.0,28.0,Poor,Stay away,26,2.8,0.7,-1.2,45.7,1,,Healthcare,7606996.0,1183585.4
HBPCF,Helix BioPharma Corp,1.71,5,3,9,8,3,2,3,33,-5.0,28.0,Poor,Stay away,39,0.0,0.0,-0.0,0.2,1,,Healthcare,130606544.0,8.5
CSTE,Caesarstone Ltd,2.2,16,4,6,5,7,3,2,43,-15.0,28.0,Poor,Stay away,62,6.3,0.0,0.1,51.2,2,,Industrials,59818344.0,459980.86
SMSOF,Samsonite International S.A,1.72,7,12,4,7,3,0,3,36,-4.0,28.0,Poor,Stay away,21,-4.4,11.0,0.1,48.8,2,,Consumer Cyclical,2491193856.0,8247.53
JDLGF,JD Logistics Inc,1.525,4,7,9,4,3,3,3,33,-10.0,28.0,Poor,🔥 COILED: Stay away,27,0.0,0.0,-0.9,41.0,0,,Industrials,11075524608.0,299.91
KPDCF,Keppel DC REIT,1.75,3,4,4,11,0,1,4,27,2.0,28.0,Poor,Stay away,24,-4.1,-2.8,-1.8,43.5,0,,Real Estate,4403112960.0,755.49
IBIO,"iBio, Inc. Common Stock",1.39,3,7,8,7,2,4,2,33,-5.0,28.0,Poor,Stay away,23,0.0,-0.7,-3.5,41.5,1,,Healthcare,95879616.0,3248317.12
JELD,Jeld-Wen Holding Inc,1.77,18,5,7,16,3,3,5,57,-29,28,Poor,Stay away,46,30.1,60.9,24.4,69.2,4,,Industrials,160241456.0,1692933.17
ANRGF,Anaergia Inc,1.687,6,12,9,2,3,2,2,36,-8.0,28.0,Poor,Stay away,27,7.5,-0.8,0.6,47.8,1,,Industrials,349280480.0,13029.56
PSEC,Prospect Capital Corporation,2.21,8,14,5,3,6,2,3,41,-11.0,28.0,Poor,Stay away,21,2.8,4.7,0.3,49.5,2,,Financial Services,1142297472.0,4463316.16
VFF,Village Farms International Inc,2.04,4,16,10,5,3,3,3,44,-16.0,28.0,Poor,Stay away,25,2.5,4.6,2.7,53.0,1,,Consumer Defensive,282293056.0,1925464.85
CNPRF,Condor Petroleum Inc,2.66,13,12,4,4,6,2,5,46,-18.0,28.0,Poor,Stay away,47,2.7,-0.7,3.6,57.8,1,,Energy,163574384.0,10870.85
OZFRY,OFX Group Ltd ADR,2.5,17,4,7,13,6,6,5,58,-30,28,Poor,Stay away,60,0.0,13.6,4.6,99.2,3,,Financial Services,101967656.0,441.81
BEEP,Mobile Infrastructure Corporation,2.04,18,10,5,12,3,6,5,59,-29,28,Poor,Stay away,42,15.9,16.6,11.1,62.7,3,,Industrials,92683040.0,56931.05
RMJAX,Easterly ROCMuni High Inc Muncpl Bd A,2.2,16,4,10,6,6,3,3,48,-23.0,28.0,Poor,Stay away,38,0.5,0.5,0.3,99.0,0,,nan,nan,0.0
ORGO,Organogenesis Holdings Inc,2.41,2,11,3,8,3,2,2,31,-1.0,28.0,Poor,Stay away,37,-1.6,-0.8,-1.4,47.4,1,,Healthcare,319112864.0,1313482.48
MIN,MFS Intermediate Income Trust,2.44,5,13,4,3,5,4,2,36,-8.0,28.0,Poor,Stay away,25,1.7,1.7,0.4,52.4,0,,Financial Services,277667712.0,266584.06
XBP,XBP Europe Holdings Inc,3.0,11,2,4,7,7,4,5,40,-12.0,28.0,Poor,Stay away,46,-2.6,6.4,2.5,53.6,1,,Technology,27125356.0,32231.65
KRYXD,Koryx Copper Inc.,2.128,3,6,4,8,0,2,2,25,0.0,28.0,Poor,Stay away,35,-4.3,-12.8,-6.4,42.8,0,,Basic Materials,nan,20922.76
ADTGAX,ADTGAX,2.623,4,8,1,8,0,4,3,28,-3.0,28.0,Poor,Stay away,29,-0.1,-0.2,-0.2,40.6,0,,nan,nan,0.0
UNICY,Unicharm Corp,3.09,10,11,1,9,6,4,5,46,-18.0,28.0,Poor,Stay away,56,-1.6,7.7,3.1,56.1,0,,Consumer Defensive,9808715776.0,592385.79
UTSI,UTStarcom Holdings Corp,2.55,11,14,6,2,3,3,4,43,-16.0,28.0,Poor,Stay away,35,4.1,4.5,3.2,54.2,1,,Technology,26678448.0,5251.3
PPBT,Purple Biotech,1.41,3,6,7,8,0,2,2,28,0.0,28.0,Poor,Stay away,20,2.9,1.4,-5.7,38.1,0,,Healthcare,2880726.0,300890.06
JSHAX,JANUS SHORT-TERM BOND FUND CLASS A,2.87,4,5,8,6,3,4,3,33,-10.0,28.0,Poor,🔥 COILED: Stay away,24,0.0,0.0,-0.1,42.8,0,,nan,0.0,0.0
HTSUY,Hisamitsu Pharmaceutical Company Inc Unsponsored ADR,2.94,3,7,8,6,3,3,3,33,-10.0,28.0,Poor,🔥 COILED: Stay away,12,0.0,0.0,-2.5,45.1,0,,Healthcare,nan,10.93
OCCI,OFS Credit Company Inc,2.5,6,11,6,5,4,2,2,36,-8.0,28.0,Poor,Stay away,26,3.7,6.4,1.0,48.7,1,,Financial Services,94681680.0,320869.39
ADPXY,Audio Pixels Holdings Ltd ADR,3.0,5,3,10,7,3,2,3,33,-5.0,28.0,Poor,Stay away,25,0.0,0.0,-0.0,0.1,1,,Technology,87630304.0,230.09
CNF,CNFinance Holdings Ltd,2.26,4,11,2,8,2,2,2,31,-1.0,28.0,Poor,Stay away,30,2.7,-2.2,-5.8,42.9,1,,Financial Services,53103384.0,22171.81
OSICX,Oppenheimer Strategic Income Fund C,3.12,11,6,6,6,1,7,3,40,-15.0,28.0,Poor,Stay away,37,0.3,2.0,0.2,51.5,0,,nan,0.0,0.0
OSINX,Oppenheimer Strat Incm N,3.13,11,6,6,6,1,7,3,40,-15.0,28.0,Poor,Stay away,37,0.3,2.0,0.2,51.5,0,,nan,0.0,0.0
MIHRX,MFS HIGH INCOME FUND R2,3.06,5,9,4,6,4,4,3,35,-10.0,28.0,Poor,Stay away,29,0.3,0.3,0.0,48.2,0,,nan,0.0,0.0
SHKLF,Sinotruk (Hong Kong) Ltd,3.38,9,6,11,7,0,2,3,38,-13.0,28.0,Poor,Stay away,53,0.0,0.0,0.0,100.0,0,,Industrials,9750380544.0,9.5
ADAG,Adagene Inc,4.14,15,8,6,11,9,2,5,56,-28,28,Poor,Stay away,59,11.0,22.8,9.7,59.8,4,,Healthcare,236539872.0,167928.78
TQPYX,Touchstone Strategic Income Opportunities Fund,3.22,9,7,3,6,0,4,2,31,-8.0,28.0,Poor,🔥 COILED: Stay away,27,0.3,0.0,-0.3,43.4,0,,nan,nan,0.0
DNUT,Krispy Kreme Inc,3.23,7,12,8,3,3,2,2,37,-13.0,28.0,Poor,Stay away,30,0.6,3.9,-0.4,47.0,2,,Consumer Defensive,563747968.0,4227573.93
ORYZF,Oryzon Genomics S.A,3.5,7,4,1,9,4,3,2,30,-5.0,28.0,Poor,Stay away,37,1.4,-4.2,-1.4,43.7,1,,Healthcare,286798240.0,230.98
DWSN,Dawson Geophysical Company,4.78,4,13,3,3,6,4,2,35,-8.0,28.0,Poor,Stay away,49,3.7,0.4,0.1,49.7,1,,Energy,136943024.0,97511.03
LDLFX,LORD ABBETT SHORT DURATION INCOME FUND CLASS F,3.83,7,7,3,6,3,4,3,33,-10.0,28.0,Poor,🔥 COILED: Stay away,26,0.0,0.3,0.0,50.4,0,,nan,0.0,0.0
SILXF,Silex Systems Limited,3.4,6,6,5,12,0,2,2,33,-5.0,28.0,Poor,Stay away,38,5.9,-1.4,-0.9,47.5,2,,Technology,1164832128.0,21398.59
NEWP,New Pacific Metals Corp,5.91,17,4,6,15,5,4,5,56,-28.0,28.0,Poor,Stay away,62,24.2,32.5,24.4,73.6,3,,Basic Materials,784696128.0,948094.82
CRCT,Cricut Inc,6.07,16,5,4,18,7,2,5,57,-30,28,Poor,Stay away,64,30.5,42.8,24.7,81.1,2,,Technology,866881408.0,582560.28
ACRG,American Clean Resources Group Inc.,5.99,11,6,7,10,4,7,5,50,-22.0,28.0,Poor,Stay away,41,8.9,49.8,16.7,67.0,3,,Basic Materials,57815404.0,895.65
JVA,Coffee Holding Co Inc,3.5,5,12,7,6,4,3,2,39,-11.0,28.0,Poor,Stay away,22,3.2,1.2,1.2,50.5,1,,Consumer Defensive,25688700.0,73256.98
FRNWF,Future plc,4.16,3,6,3,8,3,3,2,28,0.0,28.0,Poor,Stay away,21,0.0,2.2,-2.3,17.9,0,,Communication Services,452146272.0,56.18
DOYU,DouYu International Holdings,4.55,7,6,7,11,2,0,4,37,-9.0,28.0,Poor,Stay away,30,-3.6,2.7,-2.0,45.4,0,,Communication Services,154515760.0,43752.85
HOSBX,SHORT-TERM BOND FUND SHORT-TERM BOND FUND,4.92,6,7,5,6,0,4,3,31,-8.0,28.0,Poor,🔥 COILED: Stay away,26,0.0,0.2,-0.1,43.7,0,,nan,0.0,0.0
BCWG,BCW Group Holding Inc,1.0,7,3,10,6,3,2,3,34,-10.0,27.0,Poor,Stay away,35,0.0,0.0,-0.0,20.1,0,,Communication Services,100000000.0,16.5
LTFXX,LeggMason Partners Institutional Trust - Western Asset Institutional Tax Free Reserves,1.0,4,5,9,6,3,2,3,32,-10.0,27.0,Poor,🔥 COILED: Stay away,29,0.0,0.0,-0.0,48.1,0,,nan,nan,0.0
VPMXX,JPMorgan Trust I - JPMorgan Prime Money Market Fund,1.0,4,4,8,6,3,4,3,32,-10.0,27.0,Poor,🔥 COILED: Stay away,36,0.0,0.0,-0.0,41.6,0,,nan,nan,0.0
VSLXX,JPMorgan Trust IV - JPMorgan Securities Lending Money Market Fund,1.0,4,4,10,6,3,2,3,32,-10.0,27.0,Poor,🔥 COILED: Stay away,33,0.0,0.0,-0.0,48.1,0,,nan,nan,0.0
BUYXX,BUYXX,1.0,5,5,10,4,3,2,3,32,-10.0,27.0,Poor,🔥 COILED: Stay away,30,0.0,0.0,-0.2,42.7,0,,nan,nan,0.0
CAJXX,CAJXX,1.0,5,5,10,4,3,2,3,32,-10.0,27.0,Poor,🔥 COILED: Stay away,28,0.0,0.0,-0.2,42.7,0,,nan,nan,0.0
TSSXX,TSSXX,1.0,4,4,10,5,3,1,3,30,-8.0,27.0,Poor,🔥 COILED: Stay away,32,0.0,0.0,-0.8,44.0,0,,nan,nan,0.0
KSHTY,Kuaishou Technology,1.11,4,8,6,7,0,2,2,29,-3.0,27.0,Poor,Stay away,36,1.4,0.0,-0.7,48.7,0,,Communication Services,25135198208.0,11383.8
EXFY,Expensify Inc,1.98,19,7,8,5,5,9,3,56,-29,27,Poor,Stay away,62,7.0,13.8,8.7,64.9,3,,Technology,111386024.0,629567.35
RHEP,"Regional Health Properties, Inc.",1.01,2,5,8,9,0,1,2,27,0.0,27.0,Poor,Stay away,21,-3.5,0.0,-3.7,35.8,0,,Healthcare,4709600.0,4818.44
BENZF,Benz Mining Corp,2.662,18,4,6,16,3,5,5,57,-30,27,Poor,Stay away,70,13.3,23.2,18.9,69.9,3,,Basic Materials,420660128.0,21704.77
SPWH,Sportsmans,1.18,7,12,9,1,4,2,2,37,-13.0,27.0,Poor,Stay away,26,1.7,3.1,0.0,47.2,2,,Consumer Cyclical,54627712.0,573371.88
LNGPF,Longfor Group Holdings Limited,0.882,4,7,2,7,3,2,2,27,0.0,27.0,Poor,Stay away,18,-4.2,8.8,-5.3,31.6,1,,Real Estate,9264275456.0,1.9
CSGQF,Costain Group PLC,1.375,5,4,9,6,3,2,3,32,-10.0,27.0,Poor,🔥 COILED: Stay away,40,0.0,0.0,0.0,50.0,0,,Industrials,367232992.0,212.0
NNXPF,NanoXplore Inc,1.15,10,10,8,15,4,3,5,55,-26.0,27.0,Poor,Stay away,17,6.5,14.5,4.3,55.8,3,,Basic Materials,254082352.0,48764.82
IRCDF,Intercede Group plc,1.37,5,4,9,6,3,2,3,32,-10.0,27.0,Poor,🔥 COILED: Stay away,38,0.0,0.0,0.0,50.0,0,,Technology,82422688.0,67.5
AUHYF,Anadolu Hayat Emeklilik Anonim Sirketi,1.418,5,4,9,6,3,2,3,32,-10.0,27.0,Poor,🔥 COILED: Stay away,26,0.0,0.0,0.0,50.0,0,,Financial Services,609800192.0,122.14
FDDMF,FDM Group (Holdings) plc,1.43,4,4,9,6,3,3,3,32,-10.0,27.0,Poor,🔥 COILED: Stay away,39,0.0,0.0,-0.2,48.0,0,,Technology,156362368.0,91.66
ECNLF,Aquafil S.p.A,1.52,13,4,5,7,3,6,4,42,-18.0,27.0,Poor,Stay away,48,0.0,3.4,1.7,98.7,1,,Consumer Cyclical,136965744.0,66.0
GZTGF,G City Ltd,1.5,2,3,1,10,3,3,5,27,0.0,27.0,Poor,Stay away,22,-57.1,-57.1,-42.4,31.4,0,,Real Estate,257207856.0,503.43
GDRPF,Golden Resources Development International Limited,1.59,5,4,9,6,3,2,3,32,-10.0,27.0,Poor,🔥 COILED: Stay away,36,0.0,0.0,0.0,50.0,0,,nan,2698876416.0,78.34
DLEXY,Datalex plc,1.55,8,4,9,6,3,2,3,35,-13.0,27.0,Poor,🔥 COILED: Stay away,41,0.0,0.0,-0.0,48.1,1,,Technology,145819168.0,11.9
AGPYY,Agile Group Holdings Ltd ADR,1.002,3,3,8,9,3,3,3,32,-5.0,27.0,Poor,Stay away,13,0.0,0.0,-2.4,0.0,1,,Real Estate,230099760.0,1.51
CHLWF,Charter Hall Long WALE REIT,1.73,5,4,9,6,3,2,3,32,-10.0,27.0,Poor,🔥 COILED: Stay away,26,0.0,0.0,0.0,50.0,1,,Real Estate,1238156160.0,2.87
ETCC,Environmmtl Tectonic,1.75,13,6,2,13,3,5,5,47,-23.0,27.0,Poor,Stay away,60,6.7,10.8,6.1,54.5,3,,Industrials,14750993.0,14946.2
LMGHF,LINK Mobility Group Holding ASA,2.1,5,4,9,6,3,2,3,32,-10.0,27.0,Poor,🔥 COILED: Stay away,39,0.0,0.0,0.0,50.0,0,,Communication Services,592870784.0,5812.47
APGOF,Apollo Silver Corp,2.25,15,8,9,8,5,4,5,54,-27.0,27.0,Poor,Stay away,41,21.2,22.3,16.2,66.4,4,,Basic Materials,144275872.0,121039.03
OPNDF,OpenDoor Inc,2.0,10,6,11,7,3,2,3,42,-18.0,27.0,Poor,Stay away,37,0.0,0.0,0.0,90.6,1,,Communication Services,60476328.0,26.0
EVCO,EVCO,2.0,10,6,11,7,3,2,3,42,-18.0,27.0,Poor,Stay away,43,0.0,0.0,0.0,83.6,1,,Financial Services,9752008.0,1.67
RMHIX,Easterly ROCMuni High Inc Muncpl Bd I,2.21,13,5,10,6,6,2,3,45,-23.0,27.0,Poor,🔥 COILED: Stay away,39,0.0,0.0,0.1,98.7,0,,nan,nan,0.0
BNNLF,Bannerman Resources Ltd,2.375,6,14,9,2,4,2,5,42,-18.0,27.0,Poor,Stay away,32,11.5,1.1,4.2,53.7,2,,Energy,544259072.0,56075.31
HOPHF,Hemogenyx Pharmaceuticals Plc,2.33,7,6,10,6,3,2,3,37,-15.0,27.0,Poor,🔥 COILED: Stay away,46,0.0,0.0,0.0,50.0,1,,Healthcare,15843909.0,1250.0
SQFT,Presidio Property Trust,2.29,3,7,8,7,0,2,2,29,-3.0,27.0,Poor,Stay away,30,5.5,-0.4,-1.1,44.5,2,,Real Estate,3051160.0,411625.36
LCMRF,La Comer S.A.B. de C.V,2.429,9,3,11,6,3,2,3,37,-13.0,27.0,Poor,Stay away,50,0.0,0.0,0.0,76.3,0,,Consumer Cyclical,nan,57.6
PCSA,Processa Pharmaceuticals Inc,2.3,9,12,3,5,3,2,5,39,-13.0,27.0,Poor,Stay away,31,12.7,-19.9,1.2,50.6,2,,Healthcare,7562976.0,393023.37
ELPKF,Elopak ASA,2.81,5,4,9,6,3,2,3,32,-10.0,27.0,Poor,🔥 COILED: Stay away,25,0.0,0.0,0.0,50.0,0,,Consumer Cyclical,755150016.0,10.0
EKNPF,EKINOPS S.A.,3.35,19,4,6,10,6,7,5,57,-30,27,Poor,Stay away,0,12.8,12.8,9.2,99.4,3,,Technology,80205360.0,0.0
EYUUF,Electricity Gnrtng NVtg,3.208,5,4,9,6,3,2,3,32,-10.0,27.0,Poor,🔥 COILED: Stay away,26,0.0,0.0,0.0,50.0,1,,Utilities,1688899712.0,0.02
NPSGF,Nippon Sheet Glass Company Limited,3.0,7,3,10,6,3,2,3,34,-10.0,27.0,Poor,Stay away,27,0.0,0.0,-0.0,0.0,0,,Consumer Cyclical,426847008.0,13.5
CDTG,CDT Environmental Technology Investment Holdings Limited ordinary shares,1.56,11,16,3,9,4,4,2,49,-20,27,Poor,Stay away,44,57.6,51.5,16.3,53.0,4,8,Industrials,10362030.0,37351.22
GBCS,Global Healthcare REIT Inc,5.48,15,9,12,4,7,1,3,51,-22.0,27.0,Poor,Stay away,57,1.3,2.4,4.4,66.1,0,,Healthcare,9109165.0,0.0
TPGTF,TPG Telecom Limited,2.98,4,3,1,10,4,3,2,27,0.0,27.0,Poor,Stay away,11,0.0,0.0,-3.2,0.0,0,,Communication Services,6438736384.0,5.1
MAQAF,Atlas Arteria Limited,3.3,6,3,0,8,3,5,2,27,0.0,27.0,Poor,Stay away,27,-7.7,-9.2,-6.0,47.5,0,,Industrials,4904479232.0,0.0
RPAY,Repay Holdings Corp,3.99,11,8,9,9,5,0,2,44,-20.0,27.0,Poor,Stay away,58,0.8,10.8,0.9,52.7,3,,Technology,327683008.0,1245835.7
TQPAX,Touchstone Strategic Income Opportunities Fund Class A,3.23,5,7,6,6,0,4,2,30,-8.0,27.0,Poor,🔥 COILED: Stay away,25,0.0,0.0,-0.3,41.1,0,,nan,nan,0.0
HNORF,Harvey Norman Holdings Ltd,3.72,5,6,8,5,3,4,3,34,-10.0,27.0,Poor,Stay away,37,0.0,0.0,-0.0,36.3,0,,Consumer Cyclical,4635144704.0,439.67
LALDX,LORD ABBETT SHORT DURATION INCOME FUND CLASS A,3.83,5,8,5,6,3,4,3,34,-10.0,27.0,Poor,Stay away,27,0.0,0.3,-0.0,46.7,0,,nan,0.0,0.0
KYIVW,Kyivstar Group Ltd. Warrant,5.11,16,8,2,13,3,5,5,52,-25.0,27.0,Poor,Stay away,50,34.5,34.5,12.1,54.4,3,,nan,nan,24350.0
GMYYF,MONETA Money Bank a.s,4.15,5,4,9,6,3,2,3,32,-10.0,27.0,Poor,🔥 COILED: Stay away,38,0.0,0.0,0.0,50.0,0,,Financial Services,2120650112.0,0.15
BHLLD,Bunker Hill Mining Corp,4.04,5,9,7,5,7,2,2,37,-13.0,27.0,Poor,Stay away,51,0.5,-5.8,-2.8,44.2,2,,Basic Materials,190136480.0,30277.25
CAEN,California-Engels Mining Company,4.0,5,4,9,6,3,2,3,32,-10.0,27.0,Poor,🔥 COILED: Stay away,38,0.0,0.0,-0.0,48.1,0,,Basic Materials,2783560.0,5.23
ISCDF,Isracard Ltd,4.4,5,4,9,6,3,2,3,32,-10.0,27.0,Poor,🔥 COILED: Stay away,38,0.0,0.0,0.0,50.0,0,,Financial Services,1432423168.0,0.14
ACRS,Aclaris Therapeutics Inc,6.09,18,6,4,16,5,2,5,56,-29.0,27.0,Poor,Stay away,75,14.5,11.1,9.6,62.1,3,,Healthcare,608933632.0,1572043.76
FLWS,1-800 FLOWERS.COM Inc,4.03,12,5,7,6,1,5,5,41,-19.0,27.0,Poor,🔥 COILED: Stay away,52,4.9,3.6,1.0,52.0,1,,Consumer Cyclical,289725152.0,996287.64
SMSKF,Sumiseki HoldingsInc.,3.298,3,6,8,6,3,5,3,34,-10.0,27.0,Poor,Stay away,11,0.0,0.0,-1.6,31.1,0,,Energy,276981184.0,1.5
OWLT,Owlet Inc,5.44,5,12,5,4,9,2,2,39,-13.0,27.0,Poor,Stay away,45,3.6,2.6,0.2,49.9,2,,Healthcare,148195968.0,245365.47
SCYX,Scynexis Inc,5.2,20,5,4,14,7,2,5,57,-30,27,Poor,Stay away,57,39.4,31.3,17.0,65.2,3,,Healthcare,46126380.0,63425.0
HCGI,Huntwicke Capital Group Inc,6.15,3,4,8,8,0,1,3,27,-5.0,27.0,Poor,🔥 COILED: Stay away,15,0.0,0.0,-12.5,48.2,1,,Financial Services,26443322.0,68.5
TRLDX,T. ROWE PRICE LIMITED DURATION INFLATION FOCUSED BOND FUND INC. T. ROWE PRICE LIMITED DURATION INFLATION FOCUSED BOND FUND-I CLASS,4.71,7,7,6,6,3,2,3,34,-10.0,27.0,Poor,Stay away,30,-0.2,0.0,-0.1,45.8,0,,nan,0.0,0.0
WEICF,Weichai Power Co. Ltd,4.445,8,6,8,10,0,4,2,38,-7.0,27.0,Poor,Stay away,47,11.4,2.1,2.2,51.1,1,,Consumer Cyclical,44176936960.0,0.0
NUVB,Nuvation Bio Inc,6.11,7,3,2,13,3,1,3,32,-5.0,27.0,Poor,Stay away,49,-8.8,-5.9,-1.9,49.7,1,,Healthcare,1800204288.0,6238536.29
SDSYX,WESTERN ASSET GLOBAL STRATEGIC INCOME FUND CLASS I,4.95,9,7,3,6,0,4,3,32,-8.0,27.0,Poor,Stay away,26,0.2,0.2,-0.2,41.3,0,,nan,0.0,0.0
BVYXX,BVYXX,1.0,5,4,10,4,3,2,3,31,-10.0,26.0,Poor,🔥 COILED: Stay away,30,0.0,0.0,-0.2,42.7,0,,nan,nan,0.0
CAHXX,CAHXX,1.0,5,4,10,4,3,2,3,31,-10.0,26.0,Poor,🔥 COILED: Stay away,30,0.0,0.0,-0.2,42.7,0,,nan,nan,0.0
FIDXX,FIDXX,1.0,5,4,10,4,3,2,3,31,-10.0,26.0,Poor,🔥 COILED: Stay away,30,0.0,0.0,-0.2,43.0,0,,nan,nan,0.0
LDIXX,LDIXX,1.0,5,4,10,4,3,2,3,31,-10.0,26.0,Poor,🔥 COILED: Stay away,31,0.0,0.0,-0.2,44.1,0,,nan,nan,0.0
LEIXX,LEIXX,1.0,5,4,10,4,3,2,3,31,-10.0,26.0,Poor,🔥 COILED: Stay away,30,0.0,0.0,-0.2,44.4,0,,nan,nan,0.0
OPGXX,OPGXX,1.0,5,4,10,4,3,2,3,31,-10.0,26.0,Poor,🔥 COILED: Stay away,26,0.0,0.0,-0.2,42.8,0,,nan,nan,0.0
OPTXX,OPTXX,1.0,5,4,10,4,3,2,3,31,-10.0,26.0,Poor,🔥 COILED: Stay away,28,0.0,0.0,-0.2,42.8,0,,nan,nan,0.0
VTGXX,VTGXX,1.0,5,4,10,4,3,2,3,31,-10.0,26.0,Poor,🔥 COILED: Stay away,30,0.0,0.0,-0.2,42.7,0,,nan,nan,0.0
VTTXX,VTTXX,1.0,5,4,10,4,3,2,3,31,-10.0,26.0,Poor,🔥 COILED: Stay away,28,0.0,0.0,-0.1,46.2,0,,nan,nan,0.0
WOMXX,WOMXX,1.0,5,4,10,4,3,2,3,31,-10.0,26.0,Poor,🔥 COILED: Stay away,30,0.0,0.0,-0.2,43.1,0,,nan,nan,0.0
WMNXX,WMNXX,1.0,5,4,10,4,3,2,3,31,-10.0,26.0,Poor,🔥 COILED: Stay away,30,0.0,0.0,-0.2,43.2,0,,nan,nan,0.0
PBSFY,ProSiebenSat1 Media AG,1.07,3,6,1,9,3,2,2,26,0.0,26.0,Poor,Stay away,18,9.2,-4.9,-4.9,39.1,1,,Communication Services,996434368.0,0.0
GERN,Geron Corporation,1.57,17,10,8,8,7,2,3,55,-29.0,26.0,Poor,Stay away,61,17.2,8.3,10.5,61.0,3,,Healthcare,776240384.0,11925645.57
FRSPF,First Phosphate Corp.,1.31,18,11,7,5,4,5,5,55,-27,26,Poor,Stay away,54,28.4,21.5,19.4,66.5,4,,Basic Materials,237531312.0,228658.93
PZG,Paramount Gold Nevada Corp,1.39,15,11,9,10,5,2,5,57,-29,26,Poor,Stay away,35,19.8,19.8,16.7,66.5,4,,Basic Materials,115808920.0,1032829.3
FGSGF,Flat Glass Group Co. Ltd,1.2,5,3,9,6,3,4,3,33,-10.0,26.0,Poor,Stay away,25,0.0,0.0,-0.0,0.0,0,,Technology,2788911616.0,29.5
WRAP,Wrap Technologies Inc,1.95,10,13,3,1,9,3,2,41,-13.0,26.0,Poor,Stay away,59,10.8,8.3,6.3,56.4,2,,Technology,75804016.0,366016.69
QRHC,Quest Resource Holding Corp,1.27,6,11,6,5,7,0,2,37,-15.0,26.0,Poor,Stay away,43,-3.8,1.6,-1.1,48.2,1,,Industrials,28870712.0,169100.2
KLTR,Kaltura Inc,1.72,16,6,3,16,7,2,5,55,-29,26,Poor,⚠️ EXHAUSTION RISK: Stay away,63,25.5,25.5,18.4,65.8,3,,Technology,218043376.0,597583.47
EQS,Equus Total Return Closed Fund,1.16,7,7,5,8,0,0,2,29,-3.0,26.0,Poor,Stay away,20,0.0,4.5,-1.6,46.1,2,,Financial Services,19134374.0,16885.88
CARV,Carver Bancorp Inc,1.69,13,7,4,16,5,1,5,51,-23.0,26.0,Poor,Stay away,44,-4.6,11.2,4.5,55.2,3,,Financial Services,7137585.0,43212.64
GSTK,GSTK,1.22,3,6,9,5,4,3,3,33,-10.0,26.0,Poor,Stay away,12,0.0,0.0,-1.4,33.3,0,,Healthcare,46036276.0,28.35
SMBMF,Sembcorp Marine Ltd,1.61,3,10,8,6,1,6,2,36,-10.0,26.0,Poor,Stay away,34,6.8,5.6,-2.8,47.4,0,,Energy,5322466304.0,0.0
MAYNF,Mayne Pharma Group Limited,2.3,10,9,8,11,3,6,5,52,-26.0,26.0,Poor,Stay away,54,10.6,64.3,16.9,57.7,4,,Healthcare,129993320.0,0.0
RC,Ready Capital Corp,1.55,6,14,7,1,4,2,2,36,-8.0,26.0,Poor,Stay away,25,6.9,4.7,0.3,48.2,2,,Real Estate,283899520.0,2758882.82
HRBR,Harbor Diversified,2.1,12,2,8,15,5,0,3,45,-19.0,26.0,Poor,Stay away,63,0.0,1.0,1.8,68.8,1,,Industrials,91150544.0,40658.5
JEM,707 Cayman Holdings Limited Ordinary Shares,4.72,14,5,3,10,1,0,5,38,-15.0,26.0,Poor,Stay away,50,-18.1,-0.4,1.1,52.6,1,,Consumer Cyclical,2701902.0,400610.43
DURCF,DURCF,1.89,6,3,10,5,3,3,3,33,-10.0,26.0,Poor,Stay away,44,0.0,0.0,-0.2,19.9,0,,Industrials,503412512.0,355.38
DMCHY,DMCI Holdings Inc ADR,1.09,3,3,2,8,3,2,2,23,0.0,26.0,Poor,Stay away,13,0.0,-5.2,-7.0,0.0,0,,Industrials,2655493888.0,9.34
CNTB,Connect Biopharma Holdings Ltd,2.19,3,14,6,3,6,2,2,36,-13.0,26.0,Poor,Stay away,31,4.8,-0.5,1.2,50.3,2,,Healthcare,144816864.0,214778.32
CNICF,China International Capital Corporation Limited,2.35,6,4,11,6,3,2,3,35,-12.0,26.0,Poor,Stay away,42,0.0,0.0,0.0,61.7,0,,Financial Services,11344053248.0,0.0
LTGHY,Life Healthcare Group Holdings,2.84,15,11,6,5,7,7,5,56,-30,26,Poor,Stay away,57,5.2,13.6,6.5,65.9,3,,Healthcare,883302784.0,85378.38
RUBLF,Rubellite Energy Inc,3.02,12,3,3,9,3,2,5,37,-11.0,26.0,Poor,Stay away,53,-7.2,-1.9,1.6,56.2,0,,Energy,229746304.0,13800.49
LAUFX,LORD ABBETT INCOME FUND CLASS F,2.38,6,7,4,6,0,4,2,29,-8.0,26.0,Poor,🔥 COILED: Stay away,27,0.0,0.0,-0.4,40.9,0,,nan,0.0,0.0
LAURX,LORD ABBETT INCOME FUND CLASS R3,2.39,6,7,4,6,0,4,2,29,-8.0,26.0,Poor,🔥 COILED: Stay away,27,0.0,0.0,-0.4,40.9,0,,nan,0.0,0.0
VETTF,Vector Limited,2.73,8,3,10,7,3,2,3,36,-13.0,26.0,Poor,Stay away,32,0.0,0.0,-0.0,92.8,0,,Utilities,2230000128.0,0.0
GUKYF,Gulf Keystone Petroleum Ltd,2.34,8,8,6,4,3,3,2,34,-8.0,26.0,Poor,Stay away,34,1.7,1.7,-0.0,46.1,1,,Energy,543608448.0,0.0
GARLF,Netcoins Holdings Inc,2.27,11,10,12,9,3,4,5,54,-28,26,Poor,Stay away,41,5.3,12.4,6.2,56.7,3,,Financial Services,206521760.0,38099.19
GUROF,GURU Organic Energy Corp,2.74,11,7,7,2,4,3,2,36,-15.0,26.0,Poor,🔥 COILED: Stay away,31,0.0,8.7,2.7,59.1,2,,Consumer Defensive,78759288.0,649.22
NNBR,NN Inc,3.87,19,9,4,11,7,4,5,59,-29,26,Poor,Stay away,65,15.9,13.2,10.8,61.8,3,,Industrials,162014672.0,518625.71
HURRY,HÃ¼rriyet Gazetecilik ve Matbaacilik A.S.,3.0,8,4,10,6,3,2,3,36,-15.0,26.0,Poor,🔥 COILED: Stay away,36,0.0,0.0,-0.0,48.1,1,,Communication Services,88800000.0,16.8
BHST,BioHarvest Sciences Inc. Common Stock,2.51,8,16,2,7,4,2,2,41,-18.0,26.0,Poor,Stay away,24,17.3,25.5,5.1,50.8,3,,Consumer Defensive,80697520.0,51515.6
YOLO,AdvisorShares Pure Cannabis,2.58,3,11,5,4,4,2,2,31,-8.0,26.0,Poor,Stay away,26,0.7,-1.9,-1.0,45.9,1,,nan,nan,88910.49
GPTGF,GPT Group,3.41,8,5,8,4,4,2,2,33,-10.0,26.0,Poor,Stay away,37,0.0,0.0,-0.7,44.6,0,,Real Estate,6589586432.0,0.0
CABA,Cabaletta Bio Inc,2.76,6,11,8,5,4,2,2,38,-13.0,26.0,Poor,Stay away,43,1.5,1.5,-0.7,46.6,2,,Healthcare,572322368.0,3307059.32
AQMS,Aqua Metals Inc,2.68,3,14,8,5,4,2,3,39,-13.0,26.0,Poor,Stay away,23,-6.3,0.8,-1.6,45.0,2,,Industrials,11733401.0,865559.19
QHUOD,Quhuo Limited,6.37,11,3,3,7,7,7,5,43,-15.0,26.0,Poor,Stay away,61,15.6,-43.7,-0.6,52.1,1,,Technology,9281347.0,79190.1
IMOPX,VOYA MIDCAP OPPORTUNITIES PORTFOLIO CLASS S2,2.81,8,7,4,6,0,2,2,29,-8.0,26.0,Poor,🔥 COILED: Stay away,19,1.4,0.4,-2.0,40.6,0,,nan,0.0,0.0
AFMMX,API SHORT TERM BOND FUND CLASS L SHARES,3.45,6,9,1,6,0,4,3,29,-8.0,26.0,Poor,🔥 COILED: Stay away,25,0.0,0.0,-0.2,42.9,0,,nan,0.0,0.0
SGPPY,The SPAR Group Ltd,2.91,3,5,9,5,3,5,3,33,-10.0,26.0,Poor,Stay away,17,0.0,0.0,-1.5,39.5,0,,Consumer Defensive,715452032.0,4.83
FWDI,"Forward Industries, Inc.",4.16,5,8,9,6,3,2,3,36,-13.0,26.0,Poor,Stay away,33,1.0,-2.3,0.1,49.5,2,,Consumer Cyclical,315148288.0,819638.03
ITOR,Intorio Corp.,3.55,8,6,10,6,3,2,3,38,-15.0,26.0,Poor,Stay away,36,0.0,0.0,-0.0,29.4,1,,Consumer Defensive,192001744.0,17.25
LWSOX,WESTERN ASSET SHORT-TERM BOND FUND CLASS C,3.66,5,7,3,6,3,4,3,31,-10.0,26.0,Poor,🔥 COILED: Stay away,29,0.0,0.3,0.0,50.6,0,,nan,0.0,0.0
LTRCF,The Lottery Corporation Limited,3.795,7,3,9,5,3,6,3,36,-13.0,26.0,Poor,Stay away,48,0.0,0.0,0.0,74.1,0,,Consumer Cyclical,8446803968.0,25.56
CYGIY,CyberAgent Inc ADR,4.3,9,3,4,3,6,1,5,31,-8.0,26.0,Poor,Stay away,45,0.0,-6.5,-1.4,47.5,0,,Communication Services,3904662784.0,0.0
NABL,N-Able Inc,4.87,17,7,4,14,5,4,5,56,-30.0,26.0,Poor,Stay away,49,11.7,25.2,7.1,58.9,3,,Technology,723372608.0,1193957.3
PNNT,PennantPark Investment Corporation,3.62,15,13,8,6,3,3,5,53,-27.0,26.0,Poor,Stay away,23,8.7,11.7,5.9,60.5,3,,Financial Services,263143280.0,689945.71
MJWNY,Naked Wines plc,3.715,5,5,2,10,3,3,3,31,-5.0,26.0,Poor,Stay away,29,-3.5,2.0,-0.8,44.7,1,,Consumer Defensive,64449884.0,159.01
LDLVX,LORD ABBETT SHORT DURATION INCOME FUND CLASS R6,3.83,5,7,5,6,3,4,3,33,-10.0,26.0,Poor,Stay away,26,0.0,0.3,0.0,50.2,0,,nan,0.0,0.0
SMHB,ETRACS 2xMonthly Pay Leveraged US Small Cap High Dividend ETN,3.961,4,6,1,10,3,4,2,30,-4.0,26.0,Poor,Stay away,44,-0.7,-1.2,-2.8,43.9,0,,nan,nan,24173.0
IHRTB,iHeartMedia Inc,4.0,15,6,11,6,6,2,3,49,-28.0,26.0,Poor,🔥 COILED: Stay away,55,0.0,0.0,0.6,100.0,1,,Communication Services,604609600.0,10.21
EMHXY,European Metals Holdings Limited,3.926,5,4,1,8,0,7,3,28,-5.0,26.0,Poor,Stay away,23,0.0,0.0,-1.2,44.0,1,,Basic Materials,49889424.0,65.12
SKK,SKK Holdings Limited,4.61,6,3,5,9,3,2,3,31,-5.0,26.0,Poor,Stay away,34,-0.9,-4.0,-3.3,46.2,1,,Industrials,9770229.0,265186.94
BKISF,iShares IV Public Limited Company - iShares US Mortgage Backed Securities UCITS ETF,4.1,4,7,8,6,3,3,2,33,-10.0,26.0,Poor,Stay away,19,0.0,0.0,-0.3,25.4,0,,Other,nan,47580.27
HUPHY,Hutchison Port Holdings Trust,4.1,5,7,7,6,3,3,2,33,-10.0,26.0,Poor,Stay away,28,0.0,3.0,-0.1,45.6,0,,Industrials,1916442240.0,211.88
LZM,Lifezone Metals Limited,3.94,12,8,10,7,4,3,5,49,-21.0,26.0,Poor,Stay away,26,19.4,19.8,11.2,58.9,3,,Basic Materials,467903744.0,346815.23
FIEE,"FiEE, Inc.",3.29,6,12,2,3,3,6,2,34,-6.0,26.0,Poor,Stay away,20,8.2,1.5,-1.3,46.1,0,,Technology,37568476.0,65461.98
AAFRF,Airtel Africa Plc,4.55,8,7,5,5,3,3,2,33,-10.0,26.0,Poor,Stay away,41,-1.0,-2.1,-0.3,47.9,0,,Communication Services,16599324672.0,11691.03
STTK,Shattuck Labs Inc,7.16,15,3,5,14,3,2,3,45,-19.0,26.0,Poor,Stay away,63,-0.4,1.0,1.7,53.1,2,,Healthcare,374967744.0,604925.04
TBCRF,Timbercreek Financial Corp,4.49,7,14,2,1,3,5,2,34,-8.0,26.0,Poor,Stay away,16,1.4,3.0,0.6,50.2,0,,Financial Services,388940096.0,7879.73
TOYWF,TOYWF,1.15,6,10,6,6,4,2,2,36,-8.0,26.0,Poor,Stay away,33,15.0,4.5,-11.6,42.2,1,,nan,nan,0.0
KKPNY,Koninklijke KPN NV ADR,4.69,1,7,0,7,4,2,2,23,0.0,26.0,Poor,Stay away,18,-3.5,-2.1,-2.9,38.1,0,,Communication Services,18715381760.0,578395.13
SHIYX,WESTERN ASSET SHORT DURATION HIGH INCOME FUND CLASS I,4.76,9,7,2,6,0,4,3,31,-8.0,26.0,Poor,Stay away,27,0.2,0.2,-0.1,45.3,0,,nan,0.0,0.0
LWSRX,WESTERN ASSET SHORT DURATION HIGH INCOME FUND CLASS R,4.73,9,7,2,6,0,4,3,31,-8.0,26.0,Poor,Stay away,28,0.2,0.2,-0.1,45.1,0,,nan,0.0,0.0
PSSMF,PSSMF,1,2,4,10,6,3,2,3,30,-10.0,25.0,Poor,🔥 COILED: Stay away,31,0.0,0.0,0.0,50.0,0,,Basic Materials,8239617536.0,20.0
LEXLF,Lexington Gold Ltd,1,2,4,10,6,3,2,3,30,-10.0,25.0,Poor,🔥 COILED: Stay away,0,0.0,0.0,0.0,50.0,0,,Basic Materials,473861056.0,0.0
CGC,Canopy Growth Corp,0.932,8,12,8,4,4,2,2,40,-15.0,25.0,Poor,Stay away,30,1.5,3.0,-0.0,48.2,2,,Healthcare,467043712.0,19964939.7
FXTGY,Foxtons Group PLC,1.026,5,3,10,6,3,2,3,32,-10.0,25.0,Poor,Stay away,31,0.0,0.0,-0.0,22.7,0,,Real Estate,151760864.0,0.0
GLCP,GLCP,1,2,4,10,6,3,2,3,30,-10.0,25.0,Poor,🔥 COILED: Stay away,31,0.0,0.0,0.0,50.0,0,,Industrials,154394752.0,45.0
PSPX,PSPX,1,2,4,10,6,3,2,3,30,-10.0,25.0,Poor,🔥 COILED: Stay away,31,0.0,0.0,0.0,50.0,0,,Consumer Cyclical,14375000.0,4.5
YQAI,YouneeqAI Technical Services Inc.,1.0,8,6,10,9,3,1,3,40,-18.0,25.0,Poor,Stay away,41,0.0,0.0,0.3,84.8,1,,Technology,10511393.0,77.32
BMMAX,Blackrock Multi-Manager Alt Fund Cl A,1,2,4,10,6,3,2,3,30,-10.0,25.0,Poor,🔥 COILED: Stay away,30,0.0,0.0,0.0,50.0,0,,Other,0.0,0.0
BMMCX,Blackrock Multi-Manager Alt Fund Cl C,1,2,4,10,6,3,2,3,30,-10.0,25.0,Poor,🔥 COILED: Stay away,30,0.0,0.0,0.0,50.0,0,,Other,0.0,0.0
CPVPX,Columbia Leg Captl Preservation Port A,1,2,4,10,6,3,2,3,30,-10.0,25.0,Poor,🔥 COILED: Stay away,30,0.0,0.0,0.0,50.0,0,,Other,0.0,0.0
IUGXX,Invesco Treasurers Series Trust - Invesco Premier U.S. Government Money Portfolio,1,2,4,10,6,3,2,3,30,-10.0,25.0,Poor,🔥 COILED: Stay away,30,0.0,0.0,0.0,50.0,0,,Other,nan,0.0
SPAXX,Fidelity® Government Money Market Fund,1,2,4,10,6,3,2,3,30,-10.0,25.0,Poor,🔥 COILED: Stay away,0,0.0,0.0,0.0,50.0,0,,nan,nan,0.0
VUSXX,Vanguard Treasury Money Market Fund,1,2,4,10,6,3,2,3,30,-10.0,25.0,Poor,🔥 COILED: Stay away,30,0.0,0.0,0.0,50.0,0,,nan,nan,0.0
FDRXX,Fidelity Govt Cash Rsrvs,1,2,4,10,6,3,2,3,30,-10.0,25.0,Poor,🔥 COILED: Stay away,30,0.0,0.0,0.0,50.0,0,,nan,nan,0.0
VMFXX,Vanguard Federal Money Market Fund Investor Shares,1,2,4,10,6,3,2,3,30,-10.0,25.0,Poor,🔥 COILED: Stay away,30,0.0,0.0,0.0,50.0,0,,nan,nan,0.0
FGTXX,Goldman Sachs Financial Square Government Fund Institutional Shares,1,2,4,10,6,3,2,3,30,-10.0,25.0,Poor,🔥 COILED: Stay away,30,0.0,0.0,0.0,50.0,0,,nan,nan,0.0
TFDXX,BlackRock Liquidity Funds FedFund Institutional Shares,1,2,4,10,6,3,2,3,30,-10.0,25.0,Poor,🔥 COILED: Stay away,30,0.0,0.0,0.0,50.0,0,,nan,nan,0.0
FTIXX,Goldman Sachs Financial Square Treasury Instruments Fund Institutional Shares,1,2,4,10,6,3,2,3,30,-10.0,25.0,Poor,🔥 COILED: Stay away,30,0.0,0.0,0.0,50.0,0,,nan,nan,0.0
AALXX,Thrivent Money Market Fund Class S,1,2,4,10,6,3,2,3,30,-10.0,25.0,Poor,🔥 COILED: Stay away,30,0.0,0.0,0.0,50.0,0,,nan,nan,0.0
AGPXX,Invesco Short-Term Investments Trust Government & Agency Portfolio Institutional,1,2,4,10,6,3,2,3,30,-10.0,25.0,Poor,🔥 COILED: Stay away,30,0.0,0.0,0.0,50.0,0,,nan,nan,0.0
DAPXX,Dreyfus Government Securities Cash Management Administrative Shares,1,2,4,10,6,3,2,3,30,-10.0,25.0,Poor,🔥 COILED: Stay away,30,0.0,0.0,0.0,50.0,0,,nan,nan,0.0
MVRXX,Morgan Stanley Institutional Liquidity Funds -  Government Portfolio,1,2,4,10,6,3,2,3,30,-10.0,25.0,Poor,🔥 COILED: Stay away,30,0.0,0.0,0.0,50.0,0,,nan,nan,0.0
MISXX,Morgan Stanley Institutional Liquidity Funds - Treasury Portfolio,1,2,4,10,6,3,2,3,30,-10.0,25.0,Poor,🔥 COILED: Stay away,30,0.0,0.0,0.0,50.0,0,,nan,nan,0.0
FXFXX,First American Funds Inc. - Treasury Obligations Fund,1,2,4,10,6,3,2,3,30,-10.0,25.0,Poor,🔥 COILED: Stay away,30,0.0,0.0,0.0,50.0,0,,nan,nan,0.0
FGXXX,First American Funds Inc. - Government Obligations Fund,1,2,4,10,6,3,2,3,30,-10.0,25.0,Poor,🔥 COILED: Stay away,30,0.0,0.0,0.0,50.0,0,,nan,nan,0.0
DTRXX,Dreyfus Treasury Obligations Cash Management,1,2,4,10,6,3,2,3,30,-10.0,25.0,Poor,🔥 COILED: Stay away,30,0.0,0.0,0.0,50.0,0,,nan,nan,0.0
GVMXX,State Street Master Funds - State Street U.S. Government Money Market Portfolio,1,2,4,10,6,3,2,3,30,-10.0,25.0,Poor,🔥 COILED: Stay away,30,0.0,0.0,0.0,50.0,0,,nan,nan,0.0
FSIXX,Fidelity Colchester Street Trust - Treasury Only Portfolio,1,2,4,10,6,3,2,3,30,-10.0,25.0,Poor,🔥 COILED: Stay away,30,0.0,0.0,0.0,50.0,0,,nan,nan,0.0
TPIXX,State Street Institutional Investment Trust - State Street Institutional Treasury Plus Money Market,1,2,4,10,6,3,2,3,30,-10.0,25.0,Poor,🔥 COILED: Stay away,30,0.0,0.0,0.0,50.0,0,,nan,nan,0.0
FRAXX,Goldman Sachs Trust - Goldman Sachs Financial Square Treasury Instruments Fund,1,2,4,10,6,3,2,3,30,-10.0,25.0,Poor,🔥 COILED: Stay away,30,0.0,0.0,0.0,50.0,0,,nan,nan,0.0
TTTXX,BlackRock Liquidity Funds - Treasury Trust Fund,1,2,4,10,6,3,2,3,30,-10.0,25.0,Poor,🔥 COILED: Stay away,30,0.0,0.0,0.0,50.0,0,,nan,nan,0.0
FIGXX,Fidelity Colchester Street Trust - Government Portfolio,1,2,4,10,6,3,2,3,30,-10.0,25.0,Poor,🔥 COILED: Stay away,30,0.0,0.0,0.0,50.0,0,,nan,nan,0.0
FMJXX,Goldman Sachs Investor Money Market Fund Class I,1,2,4,10,6,3,2,3,30,-10.0,25.0,Poor,🔥 COILED: Stay away,30,0.0,0.0,0.0,50.0,0,,nan,nan,0.0
SWGXX,Schwab Government Money Fund,1,2,4,10,6,3,2,3,30,-10.0,25.0,Poor,🔥 COILED: Stay away,30,0.0,0.0,0.0,50.0,0,,nan,nan,0.0
SWVXX,Schwab Value Advantage Money Fund,1,2,4,10,6,3,2,3,30,-10.0,25.0,Poor,🔥 COILED: Stay away,30,0.0,0.0,0.0,50.0,0,,nan,nan,0.0
DGCXX,Dreyfus Government Cash Management Fund,1,2,4,10,6,3,2,3,30,-10.0,25.0,Poor,🔥 COILED: Stay away,30,0.0,0.0,0.0,50.0,0,,nan,nan,0.0
MUSXX,MainStay U.S. Government Liquidity Fund Class I,1,2,4,10,6,3,2,3,30,-10.0,25.0,Poor,🔥 COILED: Stay away,30,0.0,0.0,0.0,50.0,0,,nan,nan,0.0
TSCXX,T. Rowe Price Cash Reserves Fund,1,2,4,10,6,3,2,3,30,-10.0,25.0,Poor,🔥 COILED: Stay away,30,0.0,0.0,0.0,50.0,0,,nan,nan,0.0
SAHXX,State Street Institutional U.S. Government Money Market Fund,1,2,4,10,6,3,2,3,30,-10.0,25.0,Poor,🔥 COILED: Stay away,30,0.0,0.0,0.0,50.0,0,,nan,nan,0.0
TSTXX,BlackRock Liquidity Funds - T-Fund,1,2,4,10,6,3,2,3,30,-10.0,25.0,Poor,🔥 COILED: Stay away,30,0.0,0.0,0.0,50.0,0,,nan,nan,0.0
INFXX,Institutional Fiduciary Trust Money Market Fund,1,2,4,10,6,3,2,3,30,-10.0,25.0,Poor,🔥 COILED: Stay away,30,0.0,0.0,0.0,50.0,0,,nan,nan,0.0
AAOXX,American Beacon U.S. Government Money Market Select Fund,1,2,4,10,6,3,2,3,30,-10.0,25.0,Poor,🔥 COILED: Stay away,30,0.0,0.0,0.0,50.0,0,,nan,nan,0.0
ABZXX,American Funds U.S. Government Money Market Fund,1,2,4,10,6,3,2,3,30,-10.0,25.0,Poor,🔥 COILED: Stay away,30,0.0,0.0,0.0,50.0,0,,nan,nan,0.0
ACAXX,American Century Investment Trust - Prime Money Market Fund,1,2,4,10,6,3,2,3,30,-10.0,25.0,Poor,🔥 COILED: Stay away,30,0.0,0.0,0.0,50.0,0,,nan,nan,0.0
ACNXX,AIM Investment Securities Funds (Invesco Investment Securities Funds) - Government Money Market Fund,1,2,4,10,6,3,2,3,30,-10.0,25.0,Poor,🔥 COILED: Stay away,30,0.0,0.0,0.0,50.0,0,,nan,nan,0.0
ACXXX,AIM Investment Securities Funds (Invesco Investment Securities Funds) - Government Money Market Fund,1,2,4,10,6,3,2,3,30,-10.0,25.0,Poor,🔥 COILED: Stay away,30,0.0,0.0,0.0,50.0,0,,nan,nan,0.0
ACZXX,AIM Investment Securities Funds (Invesco Investment Securities Funds) - Government Money Market Fund,1,2,4,10,6,3,2,3,30,-10.0,25.0,Poor,🔥 COILED: Stay away,30,0.0,0.0,0.0,50.0,0,,nan,nan,0.0
AEAXX,AB Government Exchange Reserves,1,2,4,10,6,3,2,3,30,-10.0,25.0,Poor,🔥 COILED: Stay away,30,0.0,0.0,0.0,50.0,0,,nan,nan,0.0
ADAXX,AIM Investment Securities Funds (Invesco Investment Securities Funds) - Government Money Market Fund,1,2,4,10,6,3,2,3,30,-10.0,25.0,Poor,🔥 COILED: Stay away,30,0.0,0.0,0.0,50.0,0,,nan,nan,0.0
AECXX,AB Fixed-Income Shares Inc. - AB Government Money Market Portfolio,1,2,4,10,6,3,2,3,30,-10.0,25.0,Poor,🔥 COILED: Stay away,30,0.0,0.0,0.0,50.0,0,,nan,nan,0.0
AGCXX,Short-Term Investment Trust - Invesco Government & Agency Portfolio,1,2,4,10,6,3,2,3,30,-10.0,25.0,Poor,🔥 COILED: Stay away,30,0.0,0.0,0.0,50.0,0,,nan,nan,0.0
AEYXX,AB Government Exchange Reserves,1,2,4,10,6,3,2,3,30,-10.0,25.0,Poor,🔥 COILED: Stay away,30,0.0,0.0,0.0,50.0,0,,nan,nan,0.0
AGHXX,American Century Investment Trust - Premium Money Market Fund,1,2,4,10,6,3,2,3,30,-10.0,25.0,Poor,🔥 COILED: Stay away,30,0.0,0.0,0.0,50.0,0,,nan,nan,0.0
AGQXX,American Century Investment Trust - Premium Money Market Fund,1,2,4,10,6,3,2,3,30,-10.0,25.0,Poor,🔥 COILED: Stay away,30,0.0,0.0,0.0,50.0,0,,nan,nan,0.0
AGRXX,AllianceBernstein Bond Fund - Government Reserves Portfolio Fund,1,2,4,10,6,3,2,3,30,-10.0,25.0,Poor,🔥 COILED: Stay away,30,0.0,0.0,0.0,50.0,0,,nan,nan,0.0
AIEXX,AB Government Exchange Reserves,1,2,4,10,6,3,2,3,30,-10.0,25.0,Poor,🔥 COILED: Stay away,30,0.0,0.0,0.0,50.0,0,,nan,nan,0.0
AIMXX,AIM Investment Securities Funds (Invesco Investment Securities Funds) - Government Money Market Fund,1,2,4,10,6,3,2,3,30,-10.0,25.0,Poor,🔥 COILED: Stay away,30,0.0,0.0,0.0,50.0,0,,nan,nan,0.0
AIYXX,AIM Investment Securities Funds (Invesco Investment Securities Funds) - Government Money Market Fund,1,2,4,10,6,3,2,3,30,-10.0,25.0,Poor,🔥 COILED: Stay away,30,0.0,0.0,0.0,50.0,0,,nan,nan,0.0
AMMXX,Thrivent Mutual Funds - Thrivent Money Market Fund,1,2,4,10,6,3,2,3,30,-10.0,25.0,Poor,🔥 COILED: Stay away,30,0.0,0.0,0.0,50.0,0,,nan,nan,0.0
AMGXX,PIMCO Funds - PIMCO Government Money Market Fund,1,2,4,10,6,3,2,3,30,-10.0,25.0,Poor,🔥 COILED: Stay away,30,0.0,0.0,0.0,50.0,0,,nan,nan,0.0
AMAXX,PIMCO Funds - PIMCO Government Money Market Fund,1,2,4,10,6,3,2,3,30,-10.0,25.0,Poor,🔥 COILED: Stay away,30,0.0,0.0,0.0,50.0,0,,nan,nan,0.0
APCXX,Cavanal Hill Funds - Government Securities Money Market Fund,1,2,4,10,6,3,2,3,30,-10.0,25.0,Poor,🔥 COILED: Stay away,30,0.0,0.0,0.0,50.0,0,,nan,nan,0.0
APGXX,Cavanal Hill Funds - U.S. Treasury Fund,1,2,4,10,6,3,2,3,30,-10.0,25.0,Poor,🔥 COILED: Stay away,30,0.0,0.0,0.0,50.0,0,,nan,nan,0.0
APHXX,Cavanal Hill Funds - Government Securities Money Market Fund,1,2,4,10,6,3,2,3,30,-10.0,25.0,Poor,🔥 COILED: Stay away,30,0.0,0.0,0.0,50.0,0,,nan,nan,0.0
APKXX,Cavanal Hill Funds - U.S. Treasury Fund,1,2,4,10,6,3,2,3,30,-10.0,25.0,Poor,🔥 COILED: Stay away,30,0.0,0.0,0.0,50.0,0,,nan,nan,0.0
APNXX,Cavanal Hill Funds - U.S. Treasury Fund,1,2,4,10,6,3,2,3,30,-10.0,25.0,Poor,🔥 COILED: Stay away,30,0.0,0.0,0.0,50.0,0,,nan,nan,0.0
APPXX,Cavanal Hill Funds - Government Securities Money Market Fund,1,2,4,10,6,3,2,3,30,-10.0,25.0,Poor,🔥 COILED: Stay away,30,0.0,0.0,0.0,50.0,0,,nan,nan,0.0
ARCXX,American Century Investment Trust - Prime Money Market Fund,1,2,4,10,6,3,2,3,30,-10.0,25.0,Poor,🔥 COILED: Stay away,30,0.0,0.0,0.0,50.0,0,,nan,nan,0.0
APSXX,Cavanal Hill Funds - Government Securities Money Market Fund,1,2,4,10,6,3,2,3,30,-10.0,25.0,Poor,🔥 COILED: Stay away,30,0.0,0.0,0.0,50.0,0,,nan,nan,0.0
BBSXX,BBH Trust - BBH U.S. Government Money Market Fund,1,2,4,10,6,3,2,3,30,-10.0,25.0,Poor,🔥 COILED: Stay away,30,0.0,0.0,0.0,50.0,0,,nan,nan,0.0
BCHXX,BlackRock Liquidity Funds - T-Fund,1,2,4,10,6,3,2,3,30,-10.0,25.0,Poor,🔥 COILED: Stay away,30,0.0,0.0,0.0,50.0,0,,nan,nan,0.0
BCTXX,American Century California Tax-Free and Municipal Funds - California Tax-Free Money Market Fund,1,2,4,10,6,3,2,3,30,-10.0,25.0,Poor,🔥 COILED: Stay away,30,0.0,0.0,0.0,50.0,0,,nan,nan,0.0
BECXX,BlackRock Liquidity Funds - Federal Trust Fund,1,2,4,10,6,3,2,3,30,-10.0,25.0,Poor,🔥 COILED: Stay away,30,0.0,0.0,0.0,50.0,0,,nan,nan,0.0
BFFXX,BlackRock Liquidity Funds - FedFund,1,2,4,10,6,3,2,3,30,-10.0,25.0,Poor,🔥 COILED: Stay away,30,0.0,0.0,0.0,50.0,0,,nan,nan,0.0
BFMXX,BlackRock Liquidity Funds - Federal Trust Fund,1,2,4,10,6,3,2,3,30,-10.0,25.0,Poor,🔥 COILED: Stay away,30,0.0,0.0,0.0,50.0,0,,nan,nan,0.0
BFRXX,BlackRock Liquidity Funds - FedFund,1,2,4,10,6,3,2,3,30,-10.0,25.0,Poor,🔥 COILED: Stay away,30,0.0,0.0,0.0,50.0,0,,nan,nan,0.0
BFTXX,BlackRock Liquidity Funds - Federal Trust Fund,1,2,4,10,6,3,2,3,30,-10.0,25.0,Poor,🔥 COILED: Stay away,30,0.0,0.0,0.0,50.0,0,,nan,nan,0.0
BGSXX,Northern Institutional Funds - U.S. Government Select Portfolio,1,2,4,10,6,3,2,3,30,-10.0,25.0,Poor,🔥 COILED: Stay away,30,0.0,0.0,0.0,50.0,0,,nan,nan,0.0
BMMIX,CollegeAdvantage 529 Savings Plan - BlackRock Money Market Option,1,2,4,10,6,3,2,3,30,-10.0,25.0,Poor,🔥 COILED: Stay away,30,0.0,0.0,0.0,50.0,0,,nan,nan,0.0
BNGXX,Northern Institutional Funds - U.S. Government Portfolio,1,2,4,10,6,3,2,3,30,-10.0,25.0,Poor,🔥 COILED: Stay away,30,0.0,0.0,0.0,50.0,0,,nan,nan,0.0
BNTXX,American Century Municipal Trust - Tax-Free Money Market Fund,1,2,4,10,6,3,2,3,30,-10.0,25.0,Poor,🔥 COILED: Stay away,30,0.0,0.0,0.0,50.0,0,,nan,nan,0.0
BPRXX,American Century Investment Trust - Prime Money Market Fund,1,2,4,10,6,3,2,3,30,-10.0,25.0,Poor,🔥 COILED: Stay away,30,0.0,0.0,0.0,50.0,0,,nan,nan,0.0
BRIXX,Blackrock Funds III - Treasury Money Market Fund,1,2,4,10,6,3,2,3,30,-10.0,25.0,Poor,🔥 COILED: Stay away,30,0.0,0.0,0.0,50.0,0,,nan,nan,0.0
BSCXX,Northern Institutional Funds - U.S. Government Select Portfolio,1,2,4,10,6,3,2,3,30,-10.0,25.0,Poor,🔥 COILED: Stay away,30,0.0,0.0,0.0,50.0,0,,nan,nan,0.0
BTCXX,BlackRock Liquidity Funds - Treasury Trust Fund,1,2,4,10,6,3,2,3,30,-10.0,25.0,Poor,🔥 COILED: Stay away,30,0.0,0.0,0.0,50.0,0,,nan,nan,0.0
BTRXX,BlackRock Liquidity Funds - T-Fund,1,2,4,10,6,3,2,3,30,-10.0,25.0,Poor,🔥 COILED: Stay away,30,0.0,0.0,0.0,50.0,0,,nan,nan,0.0
CACPX,Future Scholar 529 College Savings Plan - Conservative Portfolio,1,2,4,10,6,3,2,3,30,-10.0,25.0,Poor,🔥 COILED: Stay away,30,0.0,0.0,0.0,50.0,0,,nan,nan,0.0
CACXX,Money Market Obligations Trust - Federated Hermes California Municipal Cash Trust,1,2,4,10,6,3,2,3,30,-10.0,25.0,Poor,🔥 COILED: Stay away,30,0.0,0.0,0.0,50.0,0,,nan,nan,0.0
CAGXX,Cash Account Trust - Government & Agency Securities Portfolio,1,2,4,10,6,3,2,3,30,-10.0,25.0,Poor,🔥 COILED: Stay away,30,0.0,0.0,0.0,50.0,0,,nan,nan,0.0
CAIXX,Money Market Obligations Trust - Federated Hermes California Municipal Cash Trust,1,2,4,10,6,3,2,3,30,-10.0,25.0,Poor,🔥 COILED: Stay away,30,0.0,0.0,0.0,50.0,0,,nan,nan,0.0
CBDAX,Future Scholar 529 College Savings Plan - Columbia Bank Deposit 529 Portfolio,1,2,4,10,6,3,2,3,30,-10.0,25.0,Poor,🔥 COILED: Stay away,30,0.0,0.0,0.0,50.0,0,,nan,nan,0.0
CALXX,Money Market Obligations Trust - Federated Hermes California Municipal Cash Trust,1,2,4,10,6,3,2,3,30,-10.0,25.0,Poor,🔥 COILED: Stay away,30,0.0,0.0,0.0,50.0,0,,nan,nan,0.0
CBDEX,Future Scholar 529 College Savings Plan - Columbia Bank Deposit 529 Portfolio,1,2,4,10,6,3,2,3,30,-10.0,25.0,Poor,🔥 COILED: Stay away,30,0.0,0.0,0.0,50.0,0,,nan,nan,0.0
CBDCX,Future Scholar 529 College Savings Plan - Columbia Bank Deposit 529 Portfolio,1,2,4,10,6,3,2,3,30,-10.0,25.0,Poor,🔥 COILED: Stay away,30,0.0,0.0,0.0,50.0,0,,nan,nan,0.0
CBDPX,Future Scholar 529 College Savings Plan - Columbia Bank Deposit 529 Portfolio,1,2,4,10,6,3,2,3,30,-10.0,25.0,Poor,🔥 COILED: Stay away,30,0.0,0.0,0.0,50.0,0,,nan,nan,0.0
CCCPX,Future Scholar 529 College Savings Plan - Conservative Portfolio,1,2,4,10,6,3,2,3,30,-10.0,25.0,Poor,🔥 COILED: Stay away,30,0.0,0.0,0.0,50.0,0,,nan,nan,0.0
CCCXX,Money Market Obligations Trust - Federated Hermes California Municipal Cash Trust,1,2,4,10,6,3,2,3,30,-10.0,25.0,Poor,🔥 COILED: Stay away,30,0.0,0.0,0.0,50.0,0,,nan,nan,0.0
CCSXX,Money Market Obligations Trust - Federated Hermes California Municipal Cash Trust,1,2,4,10,6,3,2,3,30,-10.0,25.0,Poor,🔥 COILED: Stay away,30,0.0,0.0,0.0,50.0,0,,nan,nan,0.0
CEAXX,Citizensselect Funds - Dreyfus Institutional Preferred Treasury Securities Money Market Fund,1,2,4,10,6,3,2,3,30,-10.0,25.0,Poor,🔥 COILED: Stay away,30,0.0,0.0,0.0,50.0,0,,nan,nan,0.0
CEIXX,Citizensselect Funds - Dreyfus Institutional Preferred Treasury Securities Money Market Fund,1,2,4,10,6,3,2,3,30,-10.0,25.0,Poor,🔥 COILED: Stay away,30,0.0,0.0,0.0,50.0,0,,nan,nan,0.0
CECPX,Future Scholar 529 College Savings Plan - Conservative Portfolio,1,2,4,10,6,3,2,3,30,-10.0,25.0,Poor,🔥 COILED: Stay away,30,0.0,0.0,0.0,50.0,0,,nan,nan,0.0
CIFXX,LeggMason Partners Institutional Trust - Western Asset Institutional Tax Free Reserves,1,2,4,10,6,3,2,3,30,-10.0,25.0,Poor,🔥 COILED: Stay away,30,0.0,0.0,0.0,50.0,0,,nan,nan,0.0
CIIXX,Legg Mason Partners Institutional Trust - Western Asset Institutional U.S. Treasury Reserves,1,2,4,10,6,3,2,3,30,-10.0,25.0,Poor,🔥 COILED: Stay away,30,0.0,0.0,0.0,50.0,0,,nan,nan,0.0
CNFXX,City National Rochdale Funds - City National Rochdale Government Money Market Fund,1,2,4,10,6,3,2,3,30,-10.0,25.0,Poor,🔥 COILED: Stay away,30,0.0,0.0,0.0,50.0,0,,nan,nan,0.0
CNIXX,City National Rochdale Funds - City National Rochdale Government Money Market Fund,1,2,4,10,6,3,2,3,30,-10.0,25.0,Poor,🔥 COILED: Stay away,30,0.0,0.0,0.0,50.0,0,,nan,nan,0.0
CNGXX,City National Rochdale Funds - City National Rochdale Government Money Market Fund,1,2,4,10,6,3,2,3,30,-10.0,25.0,Poor,🔥 COILED: Stay away,30,0.0,0.0,0.0,50.0,0,,nan,nan,0.0
COSXX,Morgan Stanley Institutional Liquidity Funds -  Government Portfolio,1,2,4,10,6,3,2,3,30,-10.0,25.0,Poor,🔥 COILED: Stay away,30,0.0,0.0,0.0,50.0,0,,nan,nan,0.0
CPFXX,American Century Government Income Trust - Capital Preservation Fund,1,2,4,10,6,3,2,3,30,-10.0,25.0,Poor,🔥 COILED: Stay away,30,0.0,0.0,0.0,50.0,0,,nan,nan,0.0
CRHXX,MFS Series Trust I - MFS U.S. Government Cash Reserve Fund,1,2,4,10,6,3,2,3,30,-10.0,25.0,Poor,🔥 COILED: Stay away,30,0.0,0.0,0.0,50.0,0,,nan,nan,0.0
CRKXX,MFS Series Trust I - MFS U.S. Government Cash Reserve Fund,1,2,4,10,6,3,2,3,30,-10.0,25.0,Poor,🔥 COILED: Stay away,30,0.0,0.0,0.0,50.0,0,,nan,nan,0.0
CRJXX,MFS Series Trust I - MFS U.S. Government Cash Reserve Fund,1,2,4,10,6,3,2,3,30,-10.0,25.0,Poor,🔥 COILED: Stay away,30,0.0,0.0,0.0,50.0,0,,nan,nan,0.0
CRRXX,MFS Series Trust I - MFS U.S. Government Cash Reserve Fund,1,2,4,10,6,3,2,3,30,-10.0,25.0,Poor,🔥 COILED: Stay away,30,0.0,0.0,0.0,50.0,0,,nan,nan,0.0
CRVXX,MFS Series Trust I - MFS U.S. Government Cash Reserve Fund,1,2,4,10,6,3,2,3,30,-10.0,25.0,Poor,🔥 COILED: Stay away,30,0.0,0.0,0.0,50.0,0,,nan,nan,0.0
CRMXX,MFS Series Trust I - MFS U.S. Government Cash Reserve Fund,1,2,4,10,6,3,2,3,30,-10.0,25.0,Poor,🔥 COILED: Stay away,30,0.0,0.0,0.0,50.0,0,,nan,nan,0.0
CVGXX,BofA Funds Series Trust - BofA Money Market Reserves,1,2,4,10,6,3,2,3,30,-10.0,25.0,Poor,🔥 COILED: Stay away,30,0.0,0.0,0.0,50.0,0,,nan,nan,0.0
CVTXX,Short-Term Investment Trust - Invesco Treasury Portfolio,1,2,4,10,6,3,2,3,30,-10.0,25.0,Poor,🔥 COILED: Stay away,30,0.0,0.0,0.0,50.0,0,,nan,nan,0.0
DAGXX,Dreyfus Government Cash Management Fund,1,2,4,10,6,3,2,3,30,-10.0,25.0,Poor,🔥 COILED: Stay away,30,0.0,0.0,0.0,50.0,0,,nan,nan,0.0
DARXX,Dreyfus Treasury Securities Cash Management,1,2,4,10,6,3,2,3,30,-10.0,25.0,Poor,🔥 COILED: Stay away,30,0.0,0.0,0.0,50.0,0,,nan,nan,0.0
DBBXX,Cash Account Trust - Government & Agency Securities Portfolio,1,2,4,10,6,3,2,3,30,-10.0,25.0,Poor,🔥 COILED: Stay away,30,0.0,0.0,0.0,50.0,0,,nan,nan,0.0
DCMXX,Cash Account Trust - Government & Agency Securities Portfolio,1,2,4,10,6,3,2,3,30,-10.0,25.0,Poor,🔥 COILED: Stay away,30,0.0,0.0,0.0,50.0,0,,nan,nan,0.0
DGPXX,Dreyfus Government Cash Management Funds - Dreyfus Government Prime Cash Management,1,2,4,10,6,3,2,3,30,-10.0,25.0,Poor,🔥 COILED: Stay away,30,0.0,0.0,0.0,50.0,0,,nan,nan,0.0
DGQXX,Dreyfus Government Cash Management Fund,1,2,4,10,6,3,2,3,30,-10.0,25.0,Poor,🔥 COILED: Stay away,30,0.0,0.0,0.0,50.0,0,,nan,nan,0.0
DGEXX,Morgan Stanley U.S Government Money Market Trust Fund,1,2,4,10,6,3,2,3,30,-10.0,25.0,Poor,🔥 COILED: Stay away,30,0.0,0.0,0.0,50.0,0,,nan,nan,0.0
DGUXX,Dreyfus Government Cash Management Fund,1,2,4,10,6,3,2,3,30,-10.0,25.0,Poor,🔥 COILED: Stay away,30,0.0,0.0,0.0,50.0,0,,nan,nan,0.0
DHLXX,Dreyfus Institutional Reserves Funds - Dreyfus Institutional Treasury and Agency Cash Advantage Fund,1,2,4,10,6,3,2,3,30,-10.0,25.0,Poor,🔥 COILED: Stay away,30,0.0,0.0,0.0,50.0,0,,nan,nan,0.0
DGVXX,Dreyfus Government Cash Management Fund,1,2,4,10,6,3,2,3,30,-10.0,25.0,Poor,🔥 COILED: Stay away,30,0.0,0.0,0.0,50.0,0,,nan,nan,0.0
DIPXX,Dreyfus Government Cash Management Funds - Dreyfus Government Prime Cash Management,1,2,4,10,6,3,2,3,30,-10.0,25.0,Poor,🔥 COILED: Stay away,30,0.0,0.0,0.0,50.0,0,,nan,nan,0.0
DIRXX,Dreyfus Treasury Securities Cash Management,1,2,4,10,6,3,2,3,30,-10.0,25.0,Poor,🔥 COILED: Stay away,30,0.0,0.0,0.0,50.0,0,,nan,nan,0.0
DNSXX,Dreyfus Institutional Reserves Funds - Dreyfus Institutional Treasury and Agency Cash Advantage Fund,1,2,4,10,6,3,2,3,30,-10.0,25.0,Poor,🔥 COILED: Stay away,30,0.0,0.0,0.0,50.0,0,,nan,nan,0.0
DOAXX,DWS Money Market Prime Series - DWS Cash Investment Trust,1,2,4,10,6,3,2,3,30,-10.0,25.0,Poor,🔥 COILED: Stay away,30,0.0,0.0,0.0,50.0,0,,nan,nan,0.0
DOCXX,DWS Money Market Prime Series - DWS Cash Investment Trust,1,2,4,10,6,3,2,3,30,-10.0,25.0,Poor,🔥 COILED: Stay away,30,0.0,0.0,0.0,50.0,0,,nan,nan,0.0
DPRXX,Dreyfus Treasury Securities Cash Management,1,2,4,10,6,3,2,3,30,-10.0,25.0,Poor,🔥 COILED: Stay away,30,0.0,0.0,0.0,50.0,0,,nan,nan,0.0
DOSXX,DWS Money Market Prime Series - DWS Cash Investment Trust,1,2,4,10,6,3,2,3,30,-10.0,25.0,Poor,🔥 COILED: Stay away,30,0.0,0.0,0.0,50.0,0,,nan,nan,0.0
DPGXX,Dreyfus Government Cash Management Fund,1,2,4,10,6,3,2,3,30,-10.0,25.0,Poor,🔥 COILED: Stay away,30,0.0,0.0,0.0,50.0,0,,nan,nan,0.0
DSHXX,Dreyfus Institutional Reserves Funds - Dreyfus Institutional Preferred Government Money Market Fund,1,2,4,10,6,3,2,3,30,-10.0,25.0,Poor,🔥 COILED: Stay away,30,0.0,0.0,0.0,50.0,0,,nan,nan,0.0
DSVXX,Dreyfus Institutional Reserves Funds - Dreyfus Institutional Preferred Government Money Market Fund,1,2,4,10,6,3,2,3,30,-10.0,25.0,Poor,🔥 COILED: Stay away,30,0.0,0.0,0.0,50.0,0,,nan,nan,0.0
DTAXX,Dreyfus Treasury Obligations Cash Management,1,2,4,10,6,3,2,3,30,-10.0,25.0,Poor,🔥 COILED: Stay away,30,0.0,0.0,0.0,50.0,0,,nan,nan,0.0
DTCXX,Cash Account Trust - DWS Tax-Exempt Portfolio,1,2,4,10,6,3,2,3,30,-10.0,25.0,Poor,🔥 COILED: Stay away,30,0.0,0.0,0.0,50.0,0,,nan,nan,0.0
DTBXX,Cash Account Trust - DWS Tax-Exempt Portfolio,1,2,4,10,6,3,2,3,30,-10.0,25.0,Poor,🔥 COILED: Stay away,30,0.0,0.0,0.0,50.0,0,,nan,nan,0.0
DTGXX,Cash Account Trust - Government & Agency Securities Portfolio,1,2,4,10,6,3,2,3,30,-10.0,25.0,Poor,🔥 COILED: Stay away,30,0.0,0.0,0.0,50.0,0,,nan,nan,0.0
DTDXX,Cash Account Trust - DWS Tax-Exempt Portfolio,1,2,4,10,6,3,2,3,30,-10.0,25.0,Poor,🔥 COILED: Stay away,30,0.0,0.0,0.0,50.0,0,,nan,nan,0.0
DTHXX,Dreyfus Treasury Securities Cash Management,1,2,4,10,6,3,2,3,30,-10.0,25.0,Poor,🔥 COILED: Stay away,30,0.0,0.0,0.0,50.0,0,,nan,nan,0.0
DTKXX,Dreyfus Treasury Obligations Cash Management,1,2,4,10,6,3,2,3,30,-10.0,25.0,Poor,🔥 COILED: Stay away,30,0.0,0.0,0.0,50.0,0,,nan,nan,0.0
DTLXX,Dreyfus Institutional Liquidity Funds - Dreyfus Treasury and Agency Liquidity Money Market Fund,1,2,4,10,6,3,2,3,30,-10.0,25.0,Poor,🔥 COILED: Stay away,30,0.0,0.0,0.0,50.0,0,,nan,nan,0.0
DTNXX,Dreyfus Treasury Obligations Cash Management,1,2,4,10,6,3,2,3,30,-10.0,25.0,Poor,🔥 COILED: Stay away,30,0.0,0.0,0.0,50.0,0,,nan,nan,0.0
DTPXX,Dreyfus Treasury Obligations Cash Management,1,2,4,10,6,3,2,3,30,-10.0,25.0,Poor,🔥 COILED: Stay away,30,0.0,0.0,0.0,50.0,0,,nan,nan,0.0
DVRXX,Dreyfus Treasury Securities Cash Management,1,2,4,10,6,3,2,3,30,-10.0,25.0,Poor,🔥 COILED: Stay away,30,0.0,0.0,0.0,50.0,0,,nan,nan,0.0
DVPXX,Dreyfus Government Cash Management Funds - Dreyfus Government Prime Cash Management,1,2,4,10,6,3,2,3,30,-10.0,25.0,Poor,🔥 COILED: Stay away,30,0.0,0.0,0.0,50.0,0,,nan,nan,0.0
DTVXX,Dreyfus Treasury Obligations Cash Management,1,2,4,10,6,3,2,3,30,-10.0,25.0,Poor,🔥 COILED: Stay away,30,0.0,0.0,0.0,50.0,0,,nan,nan,0.0
DWGXX,Morgan Stanley U.S Government Money Market Trust Fund,1,2,4,10,6,3,2,3,30,-10.0,25.0,Poor,🔥 COILED: Stay away,30,0.0,0.0,0.0,50.0,0,,nan,nan,0.0
ELMXX,Elfun Government Money Market Fund,1,2,4,10,6,3,2,3,30,-10.0,25.0,Poor,🔥 COILED: Stay away,30,0.0,0.0,0.0,50.0,0,,nan,nan,0.0
FAAXX,First American Funds Inc. - Government Obligations Fund,1,2,4,10,6,3,2,3,30,-10.0,25.0,Poor,🔥 COILED: Stay away,30,0.0,0.0,0.0,50.0,0,,nan,nan,0.0
FCEXX,Fidelity Colchester Street Trust - Treasury Portfolio,1,2,4,10,6,3,2,3,30,-10.0,25.0,Poor,🔥 COILED: Stay away,30,0.0,0.0,0.0,50.0,0,,nan,nan,0.0
FAPXX,First American Funds Inc. - Retail Prime Obligations Fund,1,2,4,10,6,3,2,3,30,-10.0,25.0,Poor,🔥 COILED: Stay away,30,0.0,0.0,0.0,50.0,0,,nan,nan,0.0
FATXX,First American Funds Inc. - Treasury Obligations Fund,1,2,4,10,6,3,2,3,30,-10.0,25.0,Poor,🔥 COILED: Stay away,30,0.0,0.0,0.0,50.0,0,,nan,nan,0.0
FCGXX,Fidelity Colchester Street Trust - Government Portfolio,1,2,4,10,6,3,2,3,30,-10.0,25.0,Poor,🔥 COILED: Stay away,30,0.0,0.0,0.0,50.0,0,,nan,nan,0.0
FCOXX,Fidelity Colchester Street Trust - Money Market Portfolio,1,2,4,10,6,3,2,3,30,-10.0,25.0,Poor,🔥 COILED: Stay away,30,0.0,0.0,0.0,50.0,0,,nan,nan,0.0
FCIXX,Fidelity Colchester Street Trust - Money Market Portfolio,1,2,4,10,6,3,2,3,30,-10.0,25.0,Poor,🔥 COILED: Stay away,30,0.0,0.0,0.0,50.0,0,,nan,nan,0.0
FCSXX,Fidelity Colchester Street Trust - Treasury Portfolio,1,2,4,10,6,3,2,3,30,-10.0,25.0,Poor,🔥 COILED: Stay away,30,0.0,0.0,0.0,50.0,0,,nan,nan,0.0
FCVXX,Fidelity Colchester Street Trust - Government Portfolio,1,2,4,10,6,3,2,3,30,-10.0,25.0,Poor,🔥 COILED: Stay away,30,0.0,0.0,0.0,50.0,0,,nan,nan,0.0
FCYXX,Goldman Sachs Trust - Investor Tax-Exempt Money Market Fund,1,2,4,10,6,3,2,3,30,-10.0,25.0,Poor,🔥 COILED: Stay away,30,0.0,0.0,0.0,50.0,0,,nan,nan,0.0
FDEXX,Fidelity Newbury Street Trust - Tax-Exempt Fund,1,2,4,10,6,3,2,3,30,-10.0,25.0,Poor,🔥 COILED: Stay away,30,0.0,0.0,0.0,50.0,0,,nan,nan,0.0
FDLXX,Fidelity Hereford Street Trust - Fidelity Treasury Only Money Market Fund,1,2,4,10,6,3,2,3,30,-10.0,25.0,Poor,🔥 COILED: Stay away,30,0.0,0.0,0.0,50.0,0,,nan,nan,0.0
FDCXX,Fidelity Newbury Street Trust - Treasury Fund,1,2,4,10,6,3,2,3,30,-10.0,25.0,Poor,🔥 COILED: Stay away,30,0.0,0.0,0.0,50.0,0,,nan,nan,0.0
FEDXX,Goldman Sachs Trust - Goldman Sachs Financial Square Federal Fund,1,2,4,10,6,3,2,3,30,-10.0,25.0,Poor,🔥 COILED: Stay away,30,0.0,0.0,0.0,50.0,0,,nan,nan,0.0
FDUXX,Fidelity Newbury Street Trust - Treasury Fund,1,2,4,10,6,3,2,3,30,-10.0,25.0,Poor,🔥 COILED: Stay away,30,0.0,0.0,0.0,50.0,0,,nan,nan,0.0
FEAXX,Goldman Sachs Trust - Goldman Sachs Investor Tax-Exempt Money Market Fund,1,2,4,10,6,3,2,3,30,-10.0,25.0,Poor,🔥 COILED: Stay away,30,0.0,0.0,0.0,50.0,0,,nan,nan,0.0
FEIXX,First American Funds Inc. - Retail Prime Obligations Fund,1,2,4,10,6,3,2,3,30,-10.0,25.0,Poor,🔥 COILED: Stay away,30,0.0,0.0,0.0,50.0,0,,nan,nan,0.0
FERXX,Fidelity Newbury Street Trust - Tax-Exempt Fund,1,2,4,10,6,3,2,3,30,-10.0,25.0,Poor,🔥 COILED: Stay away,30,0.0,0.0,0.0,50.0,0,,nan,nan,0.0
FESXX,Goldman Sachs Trust - Goldman Sachs Investor Tax-Exempt Money Market Fund,1,2,4,10,6,3,2,3,30,-10.0,25.0,Poor,🔥 COILED: Stay away,30,0.0,0.0,0.0,50.0,0,,nan,nan,0.0
FEXXX,Fidelity Colchester Street Trust - Tax-Exempt Portfolio,1,2,4,10,6,3,2,3,30,-10.0,25.0,Poor,🔥 COILED: Stay away,30,0.0,0.0,0.0,50.0,0,,nan,nan,0.0
FETXX,Fidelity Colchester Street Trust - Tax-Exempt Portfolio,1,2,4,10,6,3,2,3,30,-10.0,25.0,Poor,🔥 COILED: Stay away,30,0.0,0.0,0.0,50.0,0,,nan,nan,0.0
FFCXX,First American Funds Inc. - Retail Tax Free Obligations Fund,1,2,4,10,6,3,2,3,30,-10.0,25.0,Poor,🔥 COILED: Stay away,30,0.0,0.0,0.0,50.0,0,,nan,nan,0.0
FGAXX,Goldman Sachs Trust - Goldman Sachs Financial Square Treasury Obligations Fund,1,2,4,10,6,3,2,3,30,-10.0,25.0,Poor,🔥 COILED: Stay away,30,0.0,0.0,0.0,50.0,0,,nan,nan,0.0
FFTXX,Money Market Obligations Trust - Federated Institutional Tax-Free Cash Trust,1,2,4,10,6,3,2,3,30,-10.0,25.0,Poor,🔥 COILED: Stay away,30,0.0,0.0,0.0,50.0,0,,nan,nan,0.0
FGDXX,First American Funds Inc. - Government Obligations Fund,1,2,4,10,6,3,2,3,30,-10.0,25.0,Poor,🔥 COILED: Stay away,30,0.0,0.0,0.0,50.0,0,,nan,nan,0.0
FGEXX,Fidelity Colchester Street Trust - Government Portfolio,1,2,4,10,6,3,2,3,30,-10.0,25.0,Poor,🔥 COILED: Stay away,30,0.0,0.0,0.0,50.0,0,,nan,nan,0.0
FGNXX,Fidelity Salem Street Trust - Government Money Market Fund,1,2,4,10,6,3,2,3,30,-10.0,25.0,Poor,🔥 COILED: Stay away,30,0.0,0.0,0.0,50.0,0,,nan,nan,0.0
FGGXX,Goldman Sachs Trust - Goldman Sachs Financial Square Government Fund,1,2,4,10,6,3,2,3,30,-10.0,25.0,Poor,🔥 COILED: Stay away,30,0.0,0.0,0.0,50.0,0,,nan,nan,0.0
FGUXX,First American Funds Inc. - Government Obligations Fund,1,2,4,10,6,3,2,3,30,-10.0,25.0,Poor,🔥 COILED: Stay away,30,0.0,0.0,0.0,50.0,0,,nan,nan,0.0
FHIXX,First American Funds Inc. - Retail Tax Free Obligations Fund,1,2,4,10,6,3,2,3,30,-10.0,25.0,Poor,🔥 COILED: Stay away,30,0.0,0.0,0.0,50.0,0,,nan,nan,0.0
FGVXX,First American Funds Inc. - Government Obligations Fund,1,2,4,10,6,3,2,3,30,-10.0,25.0,Poor,🔥 COILED: Stay away,30,0.0,0.0,0.0,50.0,0,,nan,nan,0.0
FGZXX,First American Funds Inc. - Government Obligations Fund,1,2,4,10,6,3,2,3,30,-10.0,25.0,Poor,🔥 COILED: Stay away,30,0.0,0.0,0.0,50.0,0,,nan,nan,0.0
FHMXX,Goldman Sachs Trust - Investor Money Market Fund,1,2,4,10,6,3,2,3,30,-10.0,25.0,Poor,🔥 COILED: Stay away,30,0.0,0.0,0.0,50.0,0,,nan,nan,0.0
FHSXX,Goldman Sachs Trust - Investor Money Market Fund,1,2,4,10,6,3,2,3,30,-10.0,25.0,Poor,🔥 COILED: Stay away,30,0.0,0.0,0.0,50.0,0,,nan,nan,0.0
FIKXX,Goldman Sachs Trust - Goldman Sachs Financial Square Federal Fund,1,2,4,10,6,3,2,3,30,-10.0,25.0,Poor,🔥 COILED: Stay away,30,0.0,0.0,0.0,50.0,0,,nan,nan,0.0
FILXX,Goldman Sachs Trust - Goldman Sachs Financial Square Federal Fund,1,2,4,10,6,3,2,3,30,-10.0,25.0,Poor,🔥 COILED: Stay away,30,0.0,0.0,0.0,50.0,0,,nan,nan,0.0
FIHXX,Goldman Sachs Trust - Goldman Sachs Financial Square Federal Fund,1,2,4,10,6,3,2,3,30,-10.0,25.0,Poor,🔥 COILED: Stay away,30,0.0,0.0,0.0,50.0,0,,nan,nan,0.0
FIRXX,Goldman Sachs Trust - Goldman Sachs Financial Square Federal Fund,1,2,4,10,6,3,2,3,30,-10.0,25.0,Poor,🔥 COILED: Stay away,30,0.0,0.0,0.0,50.0,0,,nan,nan,0.0
FIOXX,Goldman Sachs Trust - Goldman Sachs Financial Square Federal Fund,1,2,4,10,6,3,2,3,30,-10.0,25.0,Poor,🔥 COILED: Stay away,30,0.0,0.0,0.0,50.0,0,,nan,nan,0.0
FIWXX,Goldman Sachs Trust - Goldman Sachs Financial Square Federal Fund,1,2,4,10,6,3,2,3,30,-10.0,25.0,Poor,🔥 COILED: Stay away,30,0.0,0.0,0.0,50.0,0,,nan,nan,0.0
FKIXX,Goldman Sachs Trust - Investor Tax-Exempt Money Market Fund,1,2,4,10,6,3,2,3,30,-10.0,25.0,Poor,🔥 COILED: Stay away,30,0.0,0.0,0.0,50.0,0,,nan,nan,0.0
FLPXX,Meeder Funds - Institutional Prime Money Market Fund,1,2,4,10,6,3,2,3,30,-10.0,25.0,Poor,🔥 COILED: Stay away,30,0.0,0.0,0.0,50.0,0,,nan,nan,0.0
FLIXX,First American Funds Inc. - Treasury Obligations Fund,1,2,4,10,6,3,2,3,30,-10.0,25.0,Poor,🔥 COILED: Stay away,30,0.0,0.0,0.0,50.0,0,,nan,nan,0.0
FMAXX,Fidelity Massachusetts Municipal Trust - Fidelity Massachusetts AMT Tax-Free Money Market Fund,1,2,4,10,6,3,2,3,30,-10.0,25.0,Poor,🔥 COILED: Stay away,30,0.0,0.0,0.0,50.0,0,,nan,nan,0.0
FMEXX,Goldman Sachs Trust - Investor Money Market Fund,1,2,4,10,6,3,2,3,30,-10.0,25.0,Poor,🔥 COILED: Stay away,30,0.0,0.0,0.0,50.0,0,,nan,nan,0.0
FMFXX,Franklin U.S. Government Money Fund,1,2,4,10,6,3,2,3,30,-10.0,25.0,Poor,🔥 COILED: Stay away,30,0.0,0.0,0.0,50.0,0,,nan,nan,0.0
FMKXX,Goldman Sachs Trust - Investor Money Market Fund,1,2,4,10,6,3,2,3,30,-10.0,25.0,Poor,🔥 COILED: Stay away,30,0.0,0.0,0.0,50.0,0,,nan,nan,0.0
FMGXX,Goldman Sachs Trust - Investor Money Market Fund,1,2,4,10,6,3,2,3,30,-10.0,25.0,Poor,🔥 COILED: Stay away,30,0.0,0.0,0.0,50.0,0,,nan,nan,0.0
FMOXX,Fidelity Newbury Street Trust - Tax-Exempt Fund,1,2,4,10,6,3,2,3,30,-10.0,25.0,Poor,🔥 COILED: Stay away,30,0.0,0.0,0.0,50.0,0,,nan,nan,0.0
FMQXX,Fidelity Salem Street Trust - Fidelity SAI Municipal Money Market Fund,1,2,4,10,6,3,2,3,30,-10.0,25.0,Poor,🔥 COILED: Stay away,30,0.0,0.0,0.0,50.0,0,,nan,nan,0.0
FMSXX,Fidelity Massachusetts Municipal Trust - Fidelity Massachusetts AMT Tax-Free Money Market Fund,1,2,4,10,6,3,2,3,30,-10.0,25.0,Poor,🔥 COILED: Stay away,30,0.0,0.0,0.0,50.0,0,,nan,nan,0.0
FMPXX,Fidelity Colchester Street Trust - Money Market Portfolio,1,2,4,10,6,3,2,3,30,-10.0,25.0,Poor,🔥 COILED: Stay away,30,0.0,0.0,0.0,50.0,0,,nan,nan,0.0
FMYXX,Fidelity Colchester Street Trust - Money Market Portfolio,1,2,4,10,6,3,2,3,30,-10.0,25.0,Poor,🔥 COILED: Stay away,30,0.0,0.0,0.0,50.0,0,,nan,nan,0.0
FNCXX,Money Market Obligations Trust - Federated New York Municipal Cash Trust,1,2,4,10,6,3,2,3,30,-10.0,25.0,Poor,🔥 COILED: Stay away,30,0.0,0.0,0.0,50.0,0,,nan,nan,0.0
FNDXX,Federated Private Liquidity Funds-Prime Private Liquidity Fund,1,2,4,10,6,3,2,3,30,-10.0,25.0,Poor,🔥 COILED: Stay away,30,0.0,0.0,0.0,50.0,0,,nan,nan,0.0
FNKXX,Fidelity New York Municipal Trust II - Fidelity New York AMT Tax-Free Money Market Fund,1,2,4,10,6,3,2,3,30,-10.0,25.0,Poor,🔥 COILED: Stay away,30,0.0,0.0,0.0,50.0,0,,nan,nan,0.0
FNTXX,Money Market Obligations Trust - Federated New York Municipal Cash Trust,1,2,4,10,6,3,2,3,30,-10.0,25.0,Poor,🔥 COILED: Stay away,30,0.0,0.0,0.0,50.0,0,,nan,nan,0.0
FOAXX,Goldman Sachs Trust - Goldman Sachs Financial Square Government Fund,1,2,4,10,6,3,2,3,30,-10.0,25.0,Poor,🔥 COILED: Stay away,30,0.0,0.0,0.0,50.0,0,,nan,nan,0.0
FODXX,First American Funds Inc. - U.S. Treasury Money Market Fund,1,2,4,10,6,3,2,3,30,-10.0,25.0,Poor,🔥 COILED: Stay away,30,0.0,0.0,0.0,50.0,0,,nan,nan,0.0
FOCXX,First American Funds Inc. - Treasury Obligations Fund,1,2,4,10,6,3,2,3,30,-10.0,25.0,Poor,🔥 COILED: Stay away,30,0.0,0.0,0.0,50.0,0,,nan,nan,0.0
FOEXX,First American Funds Inc. - U.S. Treasury Money Market Fund,1,2,4,10,6,3,2,3,30,-10.0,25.0,Poor,🔥 COILED: Stay away,30,0.0,0.0,0.0,50.0,0,,nan,nan,0.0
FOIXX,Fidelity Colchester Street Trust - Treasury Only Portfolio,1,2,4,10,6,3,2,3,30,-10.0,25.0,Poor,🔥 COILED: Stay away,30,0.0,0.0,0.0,50.0,0,,nan,nan,0.0
FOPXX,Fidelity Colchester Street Trust - Treasury Only Portfolio,1,2,4,10,6,3,2,3,30,-10.0,25.0,Poor,🔥 COILED: Stay away,30,0.0,0.0,0.0,50.0,0,,nan,nan,0.0
FOSXX,Goldman Sachs Trust - Goldman Sachs Financial Square Government Fund,1,2,4,10,6,3,2,3,30,-10.0,25.0,Poor,🔥 COILED: Stay away,30,0.0,0.0,0.0,50.0,0,,nan,nan,0.0
FOXXX,Fidelity Colchester Street Trust - Treasury Only Portfolio,1,2,4,10,6,3,2,3,30,-10.0,25.0,Poor,🔥 COILED: Stay away,30,0.0,0.0,0.0,50.0,0,,nan,nan,0.0
FOYXX,First American Funds Inc. - U.S. Treasury Money Market Fund,1,2,4,10,6,3,2,3,30,-10.0,25.0,Poor,🔥 COILED: Stay away,30,0.0,0.0,0.0,50.0,0,,nan,nan,0.0
FPIXX,First American Funds Inc. - First American Institutional Prime Obligations Fund,1.0,5,3,10,6,3,2,3,32,-10.0,25.0,Poor,Stay away,32,0.0,0.0,-0.0,0.0,0,,nan,nan,0.0
FPPXX,First American Funds Inc. - Government Obligations Fund,1,2,4,10,6,3,2,3,30,-10.0,25.0,Poor,🔥 COILED: Stay away,30,0.0,0.0,0.0,50.0,0,,nan,nan,0.0
FOZXX,First American Funds Inc. - U.S. Treasury Money Market Fund,1,2,4,10,6,3,2,3,30,-10.0,25.0,Poor,🔥 COILED: Stay away,30,0.0,0.0,0.0,50.0,0,,nan,nan,0.0
FRBXX,Fidelity Colchester Street Trust - Treasury Portfolio,1,2,4,10,6,3,2,3,30,-10.0,25.0,Poor,🔥 COILED: Stay away,30,0.0,0.0,0.0,50.0,0,,nan,nan,0.0
FRFXX,Money Market Obligations Trust - Federated Hermes Capital Reserve Fund,1,2,4,10,6,3,2,3,30,-10.0,25.0,Poor,🔥 COILED: Stay away,30,0.0,0.0,0.0,50.0,0,,nan,nan,0.0
FPUXX,First American Funds Inc. - Retail Prime Obligations Fund,1,2,4,10,6,3,2,3,30,-10.0,25.0,Poor,🔥 COILED: Stay away,30,0.0,0.0,0.0,50.0,0,,nan,nan,0.0
FRRXX,Franklin U.S. Government Money Fund,1,2,4,10,6,3,2,3,30,-10.0,25.0,Poor,🔥 COILED: Stay away,30,0.0,0.0,0.0,50.0,0,,nan,nan,0.0
FRQXX,Franklin U.S. Government Money Fund,1,2,4,10,6,3,2,3,30,-10.0,25.0,Poor,🔥 COILED: Stay away,30,0.0,0.0,0.0,50.0,0,,nan,nan,0.0
FRSXX,Fidelity Colchester Street Trust - Treasury Only Portfolio,1,2,4,10,6,3,2,3,30,-10.0,25.0,Poor,🔥 COILED: Stay away,30,0.0,0.0,0.0,50.0,0,,nan,nan,0.0
FSBXX,Fidelity California Municipal Trust II - Fidelity California AMT Tax-Free Money Market Fund,1,2,4,10,6,3,2,3,30,-10.0,25.0,Poor,🔥 COILED: Stay away,30,0.0,0.0,0.0,50.0,0,,nan,nan,0.0
FSGXX,Goldman Sachs Trust - Goldman Sachs Financial Square Government Fund,1,2,4,10,6,3,2,3,30,-10.0,25.0,Poor,🔥 COILED: Stay away,30,0.0,0.0,0.0,50.0,0,,nan,nan,0.0
FSKXX,Fidelity Court Street Trust II - Fidelity New Jersey AMT Tax-Free Money Market Fund,1,2,4,10,6,3,2,3,30,-10.0,25.0,Poor,🔥 COILED: Stay away,30,0.0,0.0,0.0,50.0,0,,nan,nan,0.0
FSNXX,Fidelity New York Municipal Trust II - Fidelity New York AMT Tax-Free Money Market Fund,1,2,4,10,6,3,2,3,30,-10.0,25.0,Poor,🔥 COILED: Stay away,30,0.0,0.0,0.0,50.0,0,,nan,nan,0.0
FSJXX,Fidelity Court Street Trust II - Fidelity New Jersey AMT Tax-Free Money Market Fund,1,2,4,10,6,3,2,3,30,-10.0,25.0,Poor,🔥 COILED: Stay away,30,0.0,0.0,0.0,50.0,0,,nan,nan,0.0
FSOXX,Goldman Sachs Trust - Goldman Sachs Financial Square Government Fund,1,2,4,10,6,3,2,3,30,-10.0,25.0,Poor,🔥 COILED: Stay away,30,0.0,0.0,0.0,50.0,0,,nan,nan,0.0
FSRXX,Fidelity Newbury Street Trust - Treasury Fund,1,2,4,10,6,3,2,3,30,-10.0,25.0,Poor,🔥 COILED: Stay away,30,0.0,0.0,0.0,50.0,0,,nan,nan,0.0
FSXXX,Fidelity Colchester Street Trust - Tax-Exempt Portfolio,1,2,4,10,6,3,2,3,30,-10.0,25.0,Poor,🔥 COILED: Stay away,30,0.0,0.0,0.0,50.0,0,,nan,nan,0.0
FTAXX,First American Funds Inc. - Retail Tax Free Obligations Fund,1,2,4,10,6,3,2,3,30,-10.0,25.0,Poor,🔥 COILED: Stay away,30,0.0,0.0,0.0,50.0,0,,nan,nan,0.0
FTCXX,Fidelity Colchester Street Trust - Tax-Exempt Portfolio,1,2,4,10,6,3,2,3,30,-10.0,25.0,Poor,🔥 COILED: Stay away,30,0.0,0.0,0.0,50.0,0,,nan,nan,0.0
FTDXX,First American Funds Inc. - Treasury Obligations Fund,1,2,4,10,6,3,2,3,30,-10.0,25.0,Poor,🔥 COILED: Stay away,30,0.0,0.0,0.0,50.0,0,,nan,nan,0.0
FTGXX,First American Funds Inc. - Government Obligations Fund,1,2,4,10,6,3,2,3,30,-10.0,25.0,Poor,🔥 COILED: Stay away,30,0.0,0.0,0.0,50.0,0,,nan,nan,0.0
FTFXX,Money Market Obligations Trust - Federated Institutional Tax-Free Cash Trust,1,2,4,10,6,3,2,3,30,-10.0,25.0,Poor,🔥 COILED: Stay away,30,0.0,0.0,0.0,50.0,0,,nan,nan,0.0
FTJXX,First American Funds Inc. - Retail Tax Free Obligations Fund,1,2,4,10,6,3,2,3,30,-10.0,25.0,Poor,🔥 COILED: Stay away,30,0.0,0.0,0.0,50.0,0,,nan,nan,0.0
FTQXX,Franklin U.S. Government Money Fund,1,2,4,10,6,3,2,3,30,-10.0,25.0,Poor,🔥 COILED: Stay away,30,0.0,0.0,0.0,50.0,0,,nan,nan,0.0
FTOXX,Goldman Sachs Trust - Goldman Sachs Financial Square Treasury Obligations Fund,1,2,4,10,6,3,2,3,30,-10.0,25.0,Poor,🔥 COILED: Stay away,30,0.0,0.0,0.0,50.0,0,,nan,nan,0.0
FTKXX,First American Funds Inc. - U.S. Treasury Money Market Fund,1,2,4,10,6,3,2,3,30,-10.0,25.0,Poor,🔥 COILED: Stay away,30,0.0,0.0,0.0,50.0,0,,nan,nan,0.0
FTUXX,Fidelity Colchester Street Trust - Treasury Portfolio,1,2,4,10,6,3,2,3,30,-10.0,25.0,Poor,🔥 COILED: Stay away,30,0.0,0.0,0.0,50.0,0,,nan,nan,0.0
FTTXX,Fifth Third Funds - Fifth Third US Treasury Money Market Fund,1,2,4,10,6,3,2,3,30,-10.0,25.0,Poor,🔥 COILED: Stay away,30,0.0,0.0,0.0,50.0,0,,nan,nan,0.0
FTVXX,Fidelity Colchester Street Trust - Treasury Portfolio,1,2,4,10,6,3,2,3,30,-10.0,25.0,Poor,🔥 COILED: Stay away,30,0.0,0.0,0.0,50.0,0,,nan,nan,0.0
FTYXX,Fidelity Colchester Street Trust - Treasury Only Portfolio,1,2,4,10,6,3,2,3,30,-10.0,25.0,Poor,🔥 COILED: Stay away,30,0.0,0.0,0.0,50.0,0,,nan,nan,0.0
FTXXX,Goldman Sachs Trust - Goldman Sachs Investor Tax-Exempt Money Market Fund,1,2,4,10,6,3,2,3,30,-10.0,25.0,Poor,🔥 COILED: Stay away,30,0.0,0.0,0.0,50.0,0,,nan,nan,0.0
FTZXX,First American Funds Inc. - Retail Tax Free Obligations Fund,1,2,4,10,6,3,2,3,30,-10.0,25.0,Poor,🔥 COILED: Stay away,30,0.0,0.0,0.0,50.0,0,,nan,nan,0.0
FUGXX,Invesco Treasurers Series Trust - Invesco Premier U.S. Government Money Portfolio,1,2,4,10,6,3,2,3,30,-10.0,25.0,Poor,🔥 COILED: Stay away,30,0.0,0.0,0.0,50.0,0,,nan,nan,0.0
FUIXX,First American Funds Inc. - U.S. Treasury Money Market Fund,1,2,4,10,6,3,2,3,30,-10.0,25.0,Poor,🔥 COILED: Stay away,30,0.0,0.0,0.0,50.0,0,,nan,nan,0.0
FUPXX,First American Funds Inc. - Treasury Obligations Fund,1,2,4,10,6,3,2,3,30,-10.0,25.0,Poor,🔥 COILED: Stay away,30,0.0,0.0,0.0,50.0,0,,nan,nan,0.0
FUZXX,First American Funds Inc. - Treasury Obligations Fund,1,2,4,10,6,3,2,3,30,-10.0,25.0,Poor,🔥 COILED: Stay away,30,0.0,0.0,0.0,50.0,0,,nan,nan,0.0
FVAXX,Goldman Sachs Trust - Goldman Sachs Financial Square Federal Fund,1,2,4,10,6,3,2,3,30,-10.0,25.0,Poor,🔥 COILED: Stay away,30,0.0,0.0,0.0,50.0,0,,nan,nan,0.0
FVSXX,Goldman Sachs Trust - Goldman Sachs Financial Square Federal Fund,1,2,4,10,6,3,2,3,30,-10.0,25.0,Poor,🔥 COILED: Stay away,30,0.0,0.0,0.0,50.0,0,,nan,nan,0.0
FVIXX,First American Funds Inc. - Government Obligations Fund,1,2,4,10,6,3,2,3,30,-10.0,25.0,Poor,🔥 COILED: Stay away,30,0.0,0.0,0.0,50.0,0,,nan,nan,0.0
FXRXX,First American Funds Inc. - U.S. Treasury Money Market Fund,1,2,4,10,6,3,2,3,30,-10.0,25.0,Poor,🔥 COILED: Stay away,30,0.0,0.0,0.0,50.0,0,,nan,nan,0.0
FYAXX,Goldman Sachs Trust - Goldman Sachs Financial Square Treasury Obligations Fund,1,2,4,10,6,3,2,3,30,-10.0,25.0,Poor,🔥 COILED: Stay away,30,0.0,0.0,0.0,50.0,0,,nan,nan,0.0
FYRXX,First American Funds Inc. - Retail Prime Obligations Fund,1,2,4,10,6,3,2,3,30,-10.0,25.0,Poor,🔥 COILED: Stay away,30,0.0,0.0,0.0,50.0,0,,nan,nan,0.0
FYSXX,Goldman Sachs Trust - Goldman Sachs Financial Square Treasury Instruments Fund,1,2,4,10,6,3,2,3,30,-10.0,25.0,Poor,🔥 COILED: Stay away,30,0.0,0.0,0.0,50.0,0,,nan,nan,0.0
FZAXX,Fidelity Hereford Street Trust - Fidelity Government Money Market Fund,1,2,4,10,6,3,2,3,30,-10.0,25.0,Poor,🔥 COILED: Stay away,30,0.0,0.0,0.0,50.0,0,,nan,nan,0.0
FZEXX,Fidelity Newbury Street Trust - Tax-Exempt Fund,1,2,4,10,6,3,2,3,30,-10.0,25.0,Poor,🔥 COILED: Stay away,30,0.0,0.0,0.0,50.0,0,,nan,nan,0.0
FZBXX,Fidelity Hereford Street Trust - Fidelity Government Money Market Fund,1,2,4,10,6,3,2,3,30,-10.0,25.0,Poor,🔥 COILED: Stay away,30,0.0,0.0,0.0,50.0,0,,nan,nan,0.0
FZFXX,Fidelity Newbury Street Trust - Treasury Fund,1,2,4,10,6,3,2,3,30,-10.0,25.0,Poor,🔥 COILED: Stay away,30,0.0,0.0,0.0,50.0,0,,nan,nan,0.0
FZGXX,Fidelity Hereford Street Trust - Fidelity Government Money Market Fund,1,2,4,10,6,3,2,3,30,-10.0,25.0,Poor,🔥 COILED: Stay away,30,0.0,0.0,0.0,50.0,0,,nan,nan,0.0
FZRXX,First American Funds Inc. - Retail Prime Obligations Fund,1,2,4,10,6,3,2,3,30,-10.0,25.0,Poor,🔥 COILED: Stay away,30,0.0,0.0,0.0,50.0,0,,nan,nan,0.0
GABXX,The Gabelli Money Market Funds - The Gabelli U.S. Treasury Money Market Fund,1,2,4,10,6,3,2,3,30,-10.0,25.0,Poor,🔥 COILED: Stay away,30,0.0,0.0,0.0,50.0,0,,nan,nan,0.0
GCFXX,Goldman Sachs Trust - Goldman Sachs Financial Square Federal Fund,1,2,4,10,6,3,2,3,30,-10.0,25.0,Poor,🔥 COILED: Stay away,30,0.0,0.0,0.0,50.0,0,,nan,nan,0.0
GBCXX,The Gabelli Money Market Funds - The Gabelli U.S. Treasury Money Market Fund,1,2,4,10,6,3,2,3,30,-10.0,25.0,Poor,🔥 COILED: Stay away,30,0.0,0.0,0.0,50.0,0,,nan,nan,0.0
GCGXX,Goldman Sachs Trust - Goldman Sachs Financial Square Government Fund,1,2,4,10,6,3,2,3,30,-10.0,25.0,Poor,🔥 COILED: Stay away,30,0.0,0.0,0.0,50.0,0,,nan,nan,0.0
GBAXX,The Gabelli Money Market Funds - The Gabelli U.S. Treasury Money Market Fund,1,2,4,10,6,3,2,3,30,-10.0,25.0,Poor,🔥 COILED: Stay away,30,0.0,0.0,0.0,50.0,0,,nan,nan,0.0
GCTXX,Goldman Sachs Trust - Goldman Sachs Financial Square Treasury Obligations Fund,1,2,4,10,6,3,2,3,30,-10.0,25.0,Poor,🔥 COILED: Stay away,30,0.0,0.0,0.0,50.0,0,,nan,nan,0.0
GCIXX,Goldman Sachs Trust - Goldman Sachs Financial Square Treasury Instruments Fund,1,2,4,10,6,3,2,3,30,-10.0,25.0,Poor,🔥 COILED: Stay away,30,0.0,0.0,0.0,50.0,0,,nan,nan,0.0
GFAXX,SEI Daily Income Trust - Government Fund,1,2,4,10,6,3,2,3,30,-10.0,25.0,Poor,🔥 COILED: Stay away,30,0.0,0.0,0.0,50.0,0,,nan,nan,0.0
GFCXX,Goldman Sachs Trust - Goldman Sachs Financial Square Federal Fund,1,2,4,10,6,3,2,3,30,-10.0,25.0,Poor,🔥 COILED: Stay away,30,0.0,0.0,0.0,50.0,0,,nan,nan,0.0
GICXX,Goldman Sachs Trust - Goldman Sachs Financial Square Treasury Instruments Fund,1,2,4,10,6,3,2,3,30,-10.0,25.0,Poor,🔥 COILED: Stay away,30,0.0,0.0,0.0,50.0,0,,nan,nan,0.0
GGPXX,Goldman Sachs Trust - Goldman Sachs Financial Square Government Fund,1,2,4,10,6,3,2,3,30,-10.0,25.0,Poor,🔥 COILED: Stay away,30,0.0,0.0,0.0,50.0,0,,nan,nan,0.0
GFPXX,Goldman Sachs Trust - Goldman Sachs Financial Square Federal Fund,1,2,4,10,6,3,2,3,30,-10.0,25.0,Poor,🔥 COILED: Stay away,30,0.0,0.0,0.0,50.0,0,,nan,nan,0.0
GIPXX,Goldman Sachs Trust - Goldman Sachs Financial Square Treasury Instruments Fund,1,2,4,10,6,3,2,3,30,-10.0,25.0,Poor,🔥 COILED: Stay away,30,0.0,0.0,0.0,50.0,0,,nan,nan,0.0
GMBXX,General Money Market Fund Inc.,1,2,4,10,6,3,2,3,30,-10.0,25.0,Poor,🔥 COILED: Stay away,30,0.0,0.0,0.0,50.0,0,,nan,nan,0.0
GMCXX,AIM Investment Secs Fds (Invesco Invt Secs Fds) - Invesco U.S. Government Money Portfolio,1,2,4,10,6,3,2,3,30,-10.0,25.0,Poor,🔥 COILED: Stay away,30,0.0,0.0,0.0,50.0,0,,nan,nan,0.0
GMGXX,General Money Market Fund Inc.,1,2,4,10,6,3,2,3,30,-10.0,25.0,Poor,🔥 COILED: Stay away,30,0.0,0.0,0.0,50.0,0,,nan,nan,0.0
GMIXX,Nationwide Mutual Funds - Nationwide Money Market Fund,1,2,4,10,6,3,2,3,30,-10.0,25.0,Poor,🔥 COILED: Stay away,30,0.0,0.0,0.0,50.0,0,,nan,nan,0.0
GMLXX,AIM Investment Secs Fds (Invesco Invt Secs Fds) - Invesco U.S. Government Money Portfolio,1,2,4,10,6,3,2,3,30,-10.0,25.0,Poor,🔥 COILED: Stay away,30,0.0,0.0,0.0,50.0,0,,nan,nan,0.0
GMMXX,General Money Market Fund Inc.,1,2,4,10,6,3,2,3,30,-10.0,25.0,Poor,🔥 COILED: Stay away,30,0.0,0.0,0.0,50.0,0,,nan,nan,0.0
GMQXX,AIM Investment Secs Fds (Invesco Invt Secs Fds) - Invesco U.S. Government Money Portfolio,1,2,4,10,6,3,2,3,30,-10.0,25.0,Poor,🔥 COILED: Stay away,30,0.0,0.0,0.0,50.0,0,,nan,nan,0.0
GMOXX,AB Fixed-Income Shares Inc. - AB Government Money Market Portfolio,1,2,4,10,6,3,2,3,30,-10.0,25.0,Poor,🔥 COILED: Stay away,30,0.0,0.0,0.0,50.0,0,,nan,nan,0.0
GMRXX,AIM Investment Secs Fds (Invesco Invt Secs Fds) - Invesco U.S. Government Money Portfolio,1,2,4,10,6,3,2,3,30,-10.0,25.0,Poor,🔥 COILED: Stay away,30,0.0,0.0,0.0,50.0,0,,nan,nan,0.0
GMYXX,GuideStone Funds - Money Market Fund,1,2,4,10,6,3,2,3,30,-10.0,25.0,Poor,🔥 COILED: Stay away,30,0.0,0.0,0.0,50.0,0,,nan,nan,0.0
GOAXX,Money Market Obligations Trust - Federated Hermes Government Obligations Tax-Managed Fund,1,2,4,10,6,3,2,3,30,-10.0,25.0,Poor,🔥 COILED: Stay away,30,0.0,0.0,0.0,50.0,0,,nan,nan,0.0
GMZXX,GuideStone Funds - Money Market Fund,1,2,4,10,6,3,2,3,30,-10.0,25.0,Poor,🔥 COILED: Stay away,30,0.0,0.0,0.0,50.0,0,,nan,nan,0.0
GOFXX,Money Market Obligations Trust - Federated Government Obligations Fund,1,2,4,10,6,3,2,3,30,-10.0,25.0,Poor,🔥 COILED: Stay away,30,0.0,0.0,0.0,50.0,0,,nan,nan,0.0
GOTXX,Money Market Obligations Trust - Federated Hermes Government Obligations Tax-Managed Fund,1,2,4,10,6,3,2,3,30,-10.0,25.0,Poor,🔥 COILED: Stay away,30,0.0,0.0,0.0,50.0,0,,nan,nan,0.0
GOVXX,Money Market Obligations Trust - Federated Government Obligations Fund,1,2,4,10,6,3,2,3,30,-10.0,25.0,Poor,🔥 COILED: Stay away,30,0.0,0.0,0.0,50.0,0,,nan,nan,0.0
GOIXX,Federated Hermes Govt Obl IS,1,2,4,10,6,3,2,3,30,-10.0,25.0,Poor,🔥 COILED: Stay away,30,0.0,0.0,0.0,50.0,0,,nan,nan,0.0
GPGXX,Goldman Sachs Trust - Goldman Sachs Financial Square Government Fund,1,2,4,10,6,3,2,3,30,-10.0,25.0,Poor,🔥 COILED: Stay away,30,0.0,0.0,0.0,50.0,0,,nan,nan,0.0
GPIXX,Goldman Sachs Trust - Goldman Sachs Financial Square Treasury Instruments Fund,1,2,4,10,6,3,2,3,30,-10.0,25.0,Poor,🔥 COILED: Stay away,30,0.0,0.0,0.0,50.0,0,,nan,nan,0.0
GPFXX,Goldman Sachs Trust - Goldman Sachs Financial Square Federal Fund,1,2,4,10,6,3,2,3,30,-10.0,25.0,Poor,🔥 COILED: Stay away,30,0.0,0.0,0.0,50.0,0,,nan,nan,0.0
GPOXX,Goldman Sachs Trust - Goldman Sachs Financial Square Treasury Obligations Fund,1,2,4,10,6,3,2,3,30,-10.0,25.0,Poor,🔥 COILED: Stay away,30,0.0,0.0,0.0,50.0,0,,nan,nan,0.0
GPTXX,Goldman Sachs Trust - Goldman Sachs Investor Tax-Exempt Money Market Fund,1,2,4,10,6,3,2,3,30,-10.0,25.0,Poor,🔥 COILED: Stay away,30,0.0,0.0,0.0,50.0,0,,nan,nan,0.0
GPVXX,Short-Term Investment Trust - Invesco Government & Agency Portfolio,1,2,4,10,6,3,2,3,30,-10.0,25.0,Poor,🔥 COILED: Stay away,30,0.0,0.0,0.0,50.0,0,,nan,nan,0.0
GRCXX,Money Market Obligations Trust - Federated Hermes Government Reserves Fund,1,2,4,10,6,3,2,3,30,-10.0,25.0,Poor,🔥 COILED: Stay away,30,0.0,0.0,0.0,50.0,0,,nan,nan,0.0
GRAXX,Money Market Obligations Trust - Federated Hermes Government Reserves Fund,1,2,4,10,6,3,2,3,30,-10.0,25.0,Poor,🔥 COILED: Stay away,30,0.0,0.0,0.0,50.0,0,,nan,nan,0.0
GRFXX,Money Market Obligations Trust - Federated Hermes Government Reserves Fund,1,2,4,10,6,3,2,3,30,-10.0,25.0,Poor,🔥 COILED: Stay away,30,0.0,0.0,0.0,50.0,0,,nan,nan,0.0
GRGXX,Money Market Obligations Trust - Federated Hermes Government Reserves Fund,1,2,4,10,6,3,2,3,30,-10.0,25.0,Poor,🔥 COILED: Stay away,30,0.0,0.0,0.0,50.0,0,,nan,nan,0.0
GSFXX,Goldman Sachs Trust - Goldman Sachs Financial Square Federal Fund,1,2,4,10,6,3,2,3,30,-10.0,25.0,Poor,🔥 COILED: Stay away,30,0.0,0.0,0.0,50.0,0,,nan,nan,0.0
GSOXX,Goldman Sachs Trust - Goldman Sachs Financial Square Treasury Obligations Fund,1,2,4,10,6,3,2,3,30,-10.0,25.0,Poor,🔥 COILED: Stay away,30,0.0,0.0,0.0,50.0,0,,nan,nan,0.0
GSIXX,Goldman Sachs Trust - Goldman Sachs Financial Square Treasury Instruments Fund,1,2,4,10,6,3,2,3,30,-10.0,25.0,Poor,🔥 COILED: Stay away,30,0.0,0.0,0.0,50.0,0,,nan,nan,0.0
GSGXX,Goldman Sachs Trust - Goldman Sachs Financial Square Government Fund,1,2,4,10,6,3,2,3,30,-10.0,25.0,Poor,🔥 COILED: Stay away,30,0.0,0.0,0.0,50.0,0,,nan,nan,0.0
GTPXX,Goldman Sachs Trust - Goldman Sachs Financial Square Treasury Obligations Fund,1,2,4,10,6,3,2,3,30,-10.0,25.0,Poor,🔥 COILED: Stay away,30,0.0,0.0,0.0,50.0,0,,nan,nan,0.0
GTOXX,Goldman Sachs Trust - Goldman Sachs Financial Square Treasury Obligations Fund,1,2,4,10,6,3,2,3,30,-10.0,25.0,Poor,🔥 COILED: Stay away,30,0.0,0.0,0.0,50.0,0,,nan,nan,0.0
GTRXX,Goldman Sachs Trust - Goldman Sachs Financial Square Treasury Obligations Fund,1,2,4,10,6,3,2,3,30,-10.0,25.0,Poor,🔥 COILED: Stay away,30,0.0,0.0,0.0,50.0,0,,nan,nan,0.0
GTSXX,Money Market Obligations Trust - Federated Hermes Government Obligations Tax-Managed Fund,1,2,4,10,6,3,2,3,30,-10.0,25.0,Poor,🔥 COILED: Stay away,30,0.0,0.0,0.0,50.0,0,,nan,nan,0.0
GVCXX,Goldman Sachs Trust - Goldman Sachs Financial Square Government Fund,1,2,4,10,6,3,2,3,30,-10.0,25.0,Poor,🔥 COILED: Stay away,30,0.0,0.0,0.0,50.0,0,,nan,nan,0.0
GVRXX,Goldman Sachs Trust - Goldman Sachs Financial Square Government Fund,1,2,4,10,6,3,2,3,30,-10.0,25.0,Poor,🔥 COILED: Stay away,30,0.0,0.0,0.0,50.0,0,,nan,nan,0.0
GVSXX,State Street Insti U.S. Government Money Market Fd Service Class,1,2,4,10,6,3,2,3,30,-10.0,25.0,Poor,🔥 COILED: Stay away,30,0.0,0.0,0.0,50.0,0,,nan,nan,0.0
GVIXX,Allspring Funds Trust - Allspring Government Money Market Fund,1,2,4,10,6,3,2,3,30,-10.0,25.0,Poor,🔥 COILED: Stay away,30,0.0,0.0,0.0,50.0,0,,nan,nan,0.0
HBIXX,HSBC Funds - HSBC U.S. Treasury Money Market Fund,1,2,4,10,6,3,2,3,30,-10.0,25.0,Poor,🔥 COILED: Stay away,30,0.0,0.0,0.0,50.0,0,,nan,nan,0.0
GVVXX,State Street Master Funds - State Street U.S. Government Money Market Portfolio,1,2,4,10,6,3,2,3,30,-10.0,25.0,Poor,🔥 COILED: Stay away,30,0.0,0.0,0.0,50.0,0,,nan,nan,0.0
HDIXX,Homestead Funds Inc. - Daily Income Fund,1,2,4,10,6,3,2,3,30,-10.0,25.0,Poor,🔥 COILED: Stay away,30,0.0,0.0,0.0,50.0,0,,nan,nan,0.0
HGDXX,HSBC Funds - HSBC U.S. Government Money Market Fund,1,2,4,10,6,3,2,3,30,-10.0,25.0,Poor,🔥 COILED: Stay away,30,0.0,0.0,0.0,50.0,0,,nan,nan,0.0
HGFXX,HSBC Funds - HSBC U.S. Government Money Market Fund,1,2,4,10,6,3,2,3,30,-10.0,25.0,Poor,🔥 COILED: Stay away,30,0.0,0.0,0.0,50.0,0,,nan,nan,0.0
HGIXX,HSBC Funds - HSBC U.S. Government Money Market Fund,1,2,4,10,6,3,2,3,30,-10.0,25.0,Poor,🔥 COILED: Stay away,30,0.0,0.0,0.0,50.0,0,,nan,nan,0.0
HTDXX,HSBC Funds - HSBC U.S. Treasury Money Market Fund,1,2,4,10,6,3,2,3,30,-10.0,25.0,Poor,🔥 COILED: Stay away,30,0.0,0.0,0.0,50.0,0,,nan,nan,0.0
HGGXX,HSBC Funds - HSBC U.S. Government Money Market Fund,1,2,4,10,6,3,2,3,30,-10.0,25.0,Poor,🔥 COILED: Stay away,30,0.0,0.0,0.0,50.0,0,,nan,nan,0.0
HTFXX,HSBC Funds - HSBC U.S. Treasury Money Market Fund,1,2,4,10,6,3,2,3,30,-10.0,25.0,Poor,🔥 COILED: Stay away,30,0.0,0.0,0.0,50.0,0,,nan,nan,0.0
HTYXX,HSBC Funds - HSBC U.S. Treasury Money Market Fund,1,2,4,10,6,3,2,3,30,-10.0,25.0,Poor,🔥 COILED: Stay away,30,0.0,0.0,0.0,50.0,0,,nan,nan,0.0
HTGXX,HSBC Funds - HSBC U.S. Treasury Money Market Fund,1,2,4,10,6,3,2,3,30,-10.0,25.0,Poor,🔥 COILED: Stay away,30,0.0,0.0,0.0,50.0,0,,nan,nan,0.0
IATXX,Transamerica Funds - Transamerica Government Money Market,1,2,4,10,6,3,2,3,30,-10.0,25.0,Poor,🔥 COILED: Stay away,30,0.0,0.0,0.0,50.0,0,,nan,nan,0.0
ICTXX,Investors Cash Trust - DWS Treasury Portfolio,1,2,4,10,6,3,2,3,30,-10.0,25.0,Poor,🔥 COILED: Stay away,30,0.0,0.0,0.0,50.0,0,,nan,nan,0.0
IMLXX,Transamerica Funds - Transamerica Government Money Market,1,2,4,10,6,3,2,3,30,-10.0,25.0,Poor,🔥 COILED: Stay away,30,0.0,0.0,0.0,50.0,0,,nan,nan,0.0
ICAXX,DWS Government Money Market Series - Institutional,1,2,4,10,6,3,2,3,30,-10.0,25.0,Poor,🔥 COILED: Stay away,30,0.0,0.0,0.0,50.0,0,,nan,nan,0.0
IMRXX,AIM Treasurer's Series Trust (Invesco Treasurer's Series Trust) - Invesco Premier Portfolio,1,2,4,10,6,3,2,3,30,-10.0,25.0,Poor,🔥 COILED: Stay away,30,0.0,0.0,0.0,50.0,0,,nan,nan,0.0
INGXX,Legg Mason Partners Institutional Trust - Western Asset Institutional Government Reserves,1,2,4,10,6,3,2,3,30,-10.0,25.0,Poor,🔥 COILED: Stay away,30,0.0,0.0,0.0,50.0,0,,nan,nan,0.0
INAXX,AIM Investment Securities Funds (Invesco Investment Securities Funds) - Government Money Market Fund,1,2,4,10,6,3,2,3,30,-10.0,25.0,Poor,🔥 COILED: Stay away,30,0.0,0.0,0.0,50.0,0,,nan,nan,0.0
INVXX,AIM Investment Securities Funds (Invesco Investment Securities Funds) - Government Money Market Fund,1,2,4,10,6,3,2,3,30,-10.0,25.0,Poor,🔥 COILED: Stay away,30,0.0,0.0,0.0,50.0,0,,nan,nan,0.0
IPPXX,AIM Treasurer's Series Trust (Invesco Treasurer's Series Trust) - Invesco Premier Portfolio,1,2,4,10,6,3,2,3,30,-10.0,25.0,Poor,🔥 COILED: Stay away,30,0.0,0.0,0.0,50.0,0,,nan,nan,0.0
IPTXX,AIM Treasurer's Series Trust (Invesco Treasurer's Series Trust) - Invesco Premier Portfolio,1,2,4,10,6,3,2,3,30,-10.0,25.0,Poor,🔥 COILED: Stay away,30,0.0,0.0,0.0,50.0,0,,nan,nan,0.0
IPVXX,AIM Treasurer's Series Trust (Invesco Treasurer's Series Trust) - Invesco Premier Portfolio,1,2,4,10,6,3,2,3,30,-10.0,25.0,Poor,🔥 COILED: Stay away,30,0.0,0.0,0.0,50.0,0,,nan,nan,0.0
IRVXX,AIM Treasurer's Series Trust (Invesco Treasurer's Series Trust) - Invesco Premier Portfolio,1,2,4,10,6,3,2,3,30,-10.0,25.0,Poor,🔥 COILED: Stay away,30,0.0,0.0,0.0,50.0,0,,nan,nan,0.0
ISSXX,Federated Private Liquidity Funds-Prime Private Liquidity Fund,1,2,4,10,6,3,2,3,30,-10.0,25.0,Poor,🔥 COILED: Stay away,30,0.0,0.0,0.0,50.0,0,,nan,nan,0.0
IRCXX,AIM Treasurer's Series Trust (Invesco Treasurer's Series Trust) - Invesco Premier Portfolio,1,2,4,10,6,3,2,3,30,-10.0,25.0,Poor,🔥 COILED: Stay away,30,0.0,0.0,0.0,50.0,0,,nan,nan,0.0
ITVXX,Investors Cash Trust - DWS Treasury Portfolio,1,2,4,10,6,3,2,3,30,-10.0,25.0,Poor,🔥 COILED: Stay away,30,0.0,0.0,0.0,50.0,0,,nan,nan,0.0
IUSXX,Treasury Portfolio - Deutsche U.S. Treasury Money Fund,1,2,4,10,6,3,2,3,30,-10.0,25.0,Poor,🔥 COILED: Stay away,30,0.0,0.0,0.0,50.0,0,,nan,nan,0.0
IVMXX,Voya Government Money Market Portfolio,1,2,4,10,6,3,2,3,30,-10.0,25.0,Poor,🔥 COILED: Stay away,30,0.0,0.0,0.0,50.0,0,,nan,nan,0.0
JHOXX,John Hancock Variable Insurance Trust - Money Market Trust,1,2,4,10,6,3,2,3,30,-10.0,25.0,Poor,🔥 COILED: Stay away,30,0.0,0.0,0.0,50.0,0,,nan,nan,0.0
JMCXX,John Hancock Money Market Fund Class C,1,2,4,10,6,3,2,3,30,-10.0,25.0,Poor,🔥 COILED: Stay away,30,0.0,0.0,0.0,50.0,0,,nan,nan,0.0
JAMXX,Janus Investment Fund - Janus Money Market Fund,1,2,4,10,6,3,2,3,30,-10.0,25.0,Poor,🔥 COILED: Stay away,30,0.0,0.0,0.0,50.0,0,,nan,nan,0.0
JNSXX,Edward Jones Money Market Fund,1,2,4,10,6,3,2,3,30,-10.0,25.0,Poor,🔥 COILED: Stay away,30,0.0,0.0,0.0,50.0,0,,nan,nan,0.0
JNMXX,Janus Investment Fund - Janus Money Market Fund,1,2,4,10,6,3,2,3,30,-10.0,25.0,Poor,🔥 COILED: Stay away,30,0.0,0.0,0.0,50.0,0,,nan,nan,0.0
JRSXX,ftse-kicks-2011-off-boosted-by-oil-manufacturing.aspx,1,2,4,10,6,3,2,3,30,-10.0,25.0,Poor,🔥 COILED: Stay away,30,0.0,0.0,0.0,50.0,0,,nan,nan,0.0
LACXX,Lord Abbett U.S. Govt & Govt Sponsored Enterprises Money Mkt Fd Inc.,1,2,4,10,6,3,2,3,30,-10.0,25.0,Poor,🔥 COILED: Stay away,30,0.0,0.0,0.0,50.0,0,,nan,nan,0.0
KMMXX,DWS Money Market Prime Series - DWS Money Market Fund,1,2,4,10,6,3,2,3,30,-10.0,25.0,Poor,🔥 COILED: Stay away,30,0.0,0.0,0.0,50.0,0,,nan,nan,0.0
LAIXX,Legg Mason Partners Institutional Trust - U.S. Treasury Obligations Money Market Fund,1,2,4,10,6,3,2,3,30,-10.0,25.0,Poor,🔥 COILED: Stay away,30,0.0,0.0,0.0,50.0,0,,nan,nan,0.0
LAOXX,Legg Mason Partners Institutional Trust - U.S. Treasury Obligations Money Market Fund,1,2,4,10,6,3,2,3,30,-10.0,25.0,Poor,🔥 COILED: Stay away,30,0.0,0.0,0.0,50.0,0,,nan,nan,0.0
LAYXX,Lord Abbett U.S. Govt & Govt Sponsored Entpr MMkt Fd Cl I,1,2,4,10,6,3,2,3,30,-10.0,25.0,Poor,🔥 COILED: Stay away,30,0.0,0.0,0.0,50.0,0,,nan,nan,0.0
LGRXX,Legg Mason Partners Institutional Trust - Western Asset Institutional Government Reserves,1,2,4,10,6,3,2,3,30,-10.0,25.0,Poor,🔥 COILED: Stay away,30,0.0,0.0,0.0,50.0,0,,nan,nan,0.0
LCCXX,Lord Abbett U.S. Government & Government Sponsored Enterprises Money Market Fund,1,2,4,10,6,3,2,3,30,-10.0,25.0,Poor,🔥 COILED: Stay away,30,0.0,0.0,0.0,50.0,0,,nan,nan,0.0
LTRXX,Legg Mason Partners Institutional Trust - Western Asset Institutional U.S. Treasury Reserves,1,2,4,10,6,3,2,3,30,-10.0,25.0,Poor,🔥 COILED: Stay away,30,0.0,0.0,0.0,50.0,0,,nan,nan,0.0
LWPXX,Legg Mason Partners Institutional Trust - Western Asset Institutional Government Reserves,1,2,4,10,6,3,2,3,30,-10.0,25.0,Poor,🔥 COILED: Stay away,30,0.0,0.0,0.0,50.0,0,,nan,nan,0.0
LUIXX,Legg Mason Partners Institutional Trust - U.S. Treasury Obligations Money Market Fund,1,2,4,10,6,3,2,3,30,-10.0,25.0,Poor,🔥 COILED: Stay away,30,0.0,0.0,0.0,50.0,0,,nan,nan,0.0
MAAXX,Money Market Fund,1,2,4,10,6,3,2,3,30,-10.0,25.0,Poor,🔥 COILED: Stay away,30,0.0,0.0,0.0,50.0,0,,nan,nan,0.0
MAMXX,Morgan Stanley Institutional Liquidity Funds - Treasury Securities Portfolio,1,2,4,10,6,3,2,3,30,-10.0,25.0,Poor,🔥 COILED: Stay away,30,0.0,0.0,0.0,50.0,0,,nan,nan,0.0
MAOXX,Morgan Stanley Institutional Liquidity Funds - Treasury Portfolio,1,2,4,10,6,3,2,3,30,-10.0,25.0,Poor,🔥 COILED: Stay away,30,0.0,0.0,0.0,50.0,0,,nan,nan,0.0
MAYXX,Morgan Stanley Institutional Liquidity Funds -  Government Portfolio,1,2,4,10,6,3,2,3,30,-10.0,25.0,Poor,🔥 COILED: Stay away,30,0.0,0.0,0.0,50.0,0,,nan,nan,0.0
MCBXX,BlackRock Financial Institutions Series Trust - BlackRock Summit Cash Reserves Fund,1,2,4,10,6,3,2,3,30,-10.0,25.0,Poor,🔥 COILED: Stay away,30,0.0,0.0,0.0,50.0,0,,nan,nan,0.0
MCDXX,BlackRock Liquidity Funds - MuniCash,1,2,4,10,6,3,2,3,30,-10.0,25.0,Poor,🔥 COILED: Stay away,30,0.0,0.0,0.0,50.0,0,,nan,nan,0.0
MCCXX,MFS Series Trust I - MFS U.S. Government Cash Reserve Fund,1,2,4,10,6,3,2,3,30,-10.0,25.0,Poor,🔥 COILED: Stay away,30,0.0,0.0,0.0,50.0,0,,nan,nan,0.0
MCPXX,BlackRock Liquidity Funds MuniCash - Capital,1,2,4,10,6,3,2,3,30,-10.0,25.0,Poor,🔥 COILED: Stay away,30,0.0,0.0,0.0,50.0,0,,nan,nan,0.0
MCMXX,MFS Series Trust IV - MFS U.S. Government Money Market Fund,1,2,4,10,6,3,2,3,30,-10.0,25.0,Poor,🔥 COILED: Stay away,30,0.0,0.0,0.0,50.0,0,,nan,nan,0.0
MCHXX,Morgan Stanley Institutional Liquidity Funds - Government Securities Portfolio,1,2,4,10,6,3,2,3,30,-10.0,25.0,Poor,🔥 COILED: Stay away,30,0.0,0.0,0.0,50.0,0,,nan,nan,0.0
MCRXX,MFS Series Trust I - MFS U.S. Government Cash Reserve Fund,1,2,4,10,6,3,2,3,30,-10.0,25.0,Poor,🔥 COILED: Stay away,30,0.0,0.0,0.0,50.0,0,,nan,nan,0.0
MFCXX,Money Market Obligations Trust - Federated Municipal Obligations Fund,1,2,4,10,6,3,2,3,30,-10.0,25.0,Poor,🔥 COILED: Stay away,30,0.0,0.0,0.0,50.0,0,,nan,nan,0.0
MFSXX,Money Market Obligations Trust - Federated Municipal Obligations Fund,1,2,4,10,6,3,2,3,30,-10.0,25.0,Poor,🔥 COILED: Stay away,30,0.0,0.0,0.0,50.0,0,,nan,nan,0.0
MGAXX,Morgan Stanley Institutional Liquidity Funds - Government Securities Portfolio,1,2,4,10,6,3,2,3,30,-10.0,25.0,Poor,🔥 COILED: Stay away,30,0.0,0.0,0.0,50.0,0,,nan,nan,0.0
MGOXX,Morgan Stanley Institutional Liquidity Funds -  Government Portfolio,1,2,4,10,6,3,2,3,30,-10.0,25.0,Poor,🔥 COILED: Stay away,30,0.0,0.0,0.0,50.0,0,,nan,nan,0.0
MGPXX,Morgan Stanley Institutional Liquidity Funds - Government Securities Portfolio,1,2,4,10,6,3,2,3,30,-10.0,25.0,Poor,🔥 COILED: Stay away,30,0.0,0.0,0.0,50.0,0,,nan,nan,0.0
MGSXX,Morgan Stanley Institutional Liquidity Funds -  Government Portfolio,1,2,4,10,6,3,2,3,30,-10.0,25.0,Poor,🔥 COILED: Stay away,30,0.0,0.0,0.0,50.0,0,,nan,nan,0.0
MHSXX,Morgan Stanley Institutional Liquidity Funds - Treasury Portfolio,1,2,4,10,6,3,2,3,30,-10.0,25.0,Poor,🔥 COILED: Stay away,30,0.0,0.0,0.0,50.0,0,,nan,nan,0.0
MIFXX,Nationwide Mutual Funds - Nationwide Money Market Fund,1,2,4,10,6,3,2,3,30,-10.0,25.0,Poor,🔥 COILED: Stay away,30,0.0,0.0,0.0,50.0,0,,nan,nan,0.0
MIPXX,The MainStay Funds - MainStay Money Market Fund,1,2,4,10,6,3,2,3,30,-10.0,25.0,Poor,🔥 COILED: Stay away,30,0.0,0.0,0.0,50.0,0,,nan,nan,0.0
MJCXX,Prudential Government Money Market Fund Inc.,1,2,4,10,6,3,2,3,30,-10.0,25.0,Poor,🔥 COILED: Stay away,30,0.0,0.0,0.0,50.0,0,,nan,nan,0.0
MJAXX,Prudential Government Money Market Fund Inc.,1,2,4,10,6,3,2,3,30,-10.0,25.0,Poor,🔥 COILED: Stay away,30,0.0,0.0,0.0,50.0,0,,nan,nan,0.0
MJLXX,JPMorgan Trust II - JPMorgan Liquid Assets Money Market Fund,1,2,4,10,6,3,2,3,30,-10.0,25.0,Poor,🔥 COILED: Stay away,30,0.0,0.0,0.0,50.0,0,,nan,nan,0.0
MMIXX,Wells Fargo Funds Trust - National Tax-Free Money Market Fund,1,2,4,10,6,3,2,3,30,-10.0,25.0,Poor,🔥 COILED: Stay away,30,0.0,0.0,0.0,50.0,0,,nan,nan,0.0
MNVXX,Morgan Stanley Institutional Liquidity Funds - Treasury Securities Portfolio,1,2,4,10,6,3,2,3,30,-10.0,25.0,Poor,🔥 COILED: Stay away,30,0.0,0.0,0.0,50.0,0,,nan,nan,0.0
MODXX,Money Market Obligations Trust - Federated Municipal Obligations Fund,1,2,4,10,6,3,2,3,30,-10.0,25.0,Poor,🔥 COILED: Stay away,30,0.0,0.0,0.0,50.0,0,,nan,nan,0.0
MOFXX,Money Market Obligations Trust - Federated Municipal Obligations Fund,1,2,4,10,6,3,2,3,30,-10.0,25.0,Poor,🔥 COILED: Stay away,30,0.0,0.0,0.0,50.0,0,,nan,nan,0.0
MOTXX,Money Market Obligations Trust - Federated Municipal Obligations Fund,1,2,4,10,6,3,2,3,30,-10.0,25.0,Poor,🔥 COILED: Stay away,30,0.0,0.0,0.0,50.0,0,,nan,nan,0.0
MOIXX,Money Market Obligations Trust - Federated Municipal Obligations Fund,1,2,4,10,6,3,2,3,30,-10.0,25.0,Poor,🔥 COILED: Stay away,30,0.0,0.0,0.0,50.0,0,,nan,nan,0.0
MOSXX,Money Market Obligations Trust - Federated Municipal Obligations Fund,1,2,4,10,6,3,2,3,30,-10.0,25.0,Poor,🔥 COILED: Stay away,30,0.0,0.0,0.0,50.0,0,,nan,nan,0.0
MPCXX,Morgan Stanley Institutional Liquidity Funds -  Government Portfolio,1,2,4,10,6,3,2,3,30,-10.0,25.0,Poor,🔥 COILED: Stay away,30,0.0,0.0,0.0,50.0,0,,nan,nan,0.0
MPIXX,ProFunds - Money Market ProFund,1,2,4,10,6,3,2,3,30,-10.0,25.0,Poor,🔥 COILED: Stay away,30,0.0,0.0,0.0,50.0,0,,nan,nan,0.0
MPMXX,Morgan Stanley Institutional Liquidity Funds - Prime Portfolio,1,2,4,10,6,3,2,3,30,-10.0,25.0,Poor,🔥 COILED: Stay away,30,0.0,0.0,0.0,50.0,0,,nan,nan,0.0
MPNXX,Morgan Stanley Institutional Liquidity Funds - Prime Portfolio,1,2,4,10,6,3,2,3,30,-10.0,25.0,Poor,🔥 COILED: Stay away,30,0.0,0.0,0.0,50.0,0,,nan,nan,0.0
MPRXX,Morgan Stanley Institutional Liquidity Funds - Treasury Securities Portfolio,1,2,4,10,6,3,2,3,30,-10.0,25.0,Poor,🔥 COILED: Stay away,30,0.0,0.0,0.0,50.0,0,,nan,nan,0.0
MPSXX,ProFunds - Money Market ProFund,1,2,4,10,6,3,2,3,30,-10.0,25.0,Poor,🔥 COILED: Stay away,30,0.0,0.0,0.0,50.0,0,,nan,nan,0.0
MPVXX,Morgan Stanley Institutional Liquidity Funds - Prime Portfolio,1,2,4,10,6,3,2,3,30,-10.0,25.0,Poor,🔥 COILED: Stay away,30,0.0,0.0,0.0,50.0,0,,nan,nan,0.0
MREXX,Morgan Stanley Institutional Liquidity Funds - Treasury Portfolio,1,2,4,10,6,3,2,3,30,-10.0,25.0,Poor,🔥 COILED: Stay away,30,0.0,0.0,0.0,50.0,0,,nan,nan,0.0
MSAXX,BlackRock Summit Cash Reserves Fund Cl A,1,2,4,10,6,3,2,3,30,-10.0,25.0,Poor,🔥 COILED: Stay away,30,0.0,0.0,0.0,50.0,0,,nan,nan,0.0
MSCXX,The MainStay Funds - MainStay Money Market Fund,1,2,4,10,6,3,2,3,30,-10.0,25.0,Poor,🔥 COILED: Stay away,30,0.0,0.0,0.0,50.0,0,,nan,nan,0.0
MSDXX,Morgan Stanley Institutional Liquidity Funds -  Government Portfolio,1,2,4,10,6,3,2,3,30,-10.0,25.0,Poor,🔥 COILED: Stay away,30,0.0,0.0,0.0,50.0,0,,nan,nan,0.0
MSEXX,Morgan Stanley Institutional Liquidity Funds - Treasury Securities Portfolio,1,2,4,10,6,3,2,3,30,-10.0,25.0,Poor,🔥 COILED: Stay away,30,0.0,0.0,0.0,50.0,0,,nan,nan,0.0
MSRXX,MFS Series Trust I - MFS U.S. Government Cash Reserve Fund,1,2,4,10,6,3,2,3,30,-10.0,25.0,Poor,🔥 COILED: Stay away,30,0.0,0.0,0.0,50.0,0,,nan,nan,0.0
MSGXX,Morgan Stanley Institutional Liquidity Funds -  Government Portfolio,1,2,4,10,6,3,2,3,30,-10.0,25.0,Poor,🔥 COILED: Stay away,30,0.0,0.0,0.0,50.0,0,,nan,nan,0.0
MSIXX,MainStay Funds Trust - Cash Reserves Sweeps Fund,1,2,4,10,6,3,2,3,30,-10.0,25.0,Poor,🔥 COILED: Stay away,30,0.0,0.0,0.0,50.0,0,,nan,nan,0.0
MSSXX,Morgan Stanley Institutional Liquidity Funds - Treasury Securities Portfolio,1,2,4,10,6,3,2,3,30,-10.0,25.0,Poor,🔥 COILED: Stay away,30,0.0,0.0,0.0,50.0,0,,nan,nan,0.0
MSTXX,Morgan Stanley Institutional Liquidity Funds - Treasury Portfolio,1,2,4,10,6,3,2,3,30,-10.0,25.0,Poor,🔥 COILED: Stay away,30,0.0,0.0,0.0,50.0,0,,nan,nan,0.0
MSVXX,Morgan Stanley Institutional Liquidity Funds - Government Securities Portfolio,1,2,4,10,6,3,2,3,30,-10.0,25.0,Poor,🔥 COILED: Stay away,30,0.0,0.0,0.0,50.0,0,,nan,nan,0.0
MSUXX,Morgan Stanley Institutional Liquidity Funds - Treasury Portfolio,1,2,4,10,6,3,2,3,30,-10.0,25.0,Poor,🔥 COILED: Stay away,30,0.0,0.0,0.0,50.0,0,,nan,nan,0.0
MTCXX,Morgan Stanley Institutional Liquidity Funds - Treasury Portfolio,1,2,4,10,6,3,2,3,30,-10.0,25.0,Poor,🔥 COILED: Stay away,30,0.0,0.0,0.0,50.0,0,,nan,nan,0.0
MTNXX,Morgan Stanley Institutional Liquidity Funds - Treasury Portfolio,1,2,4,10,6,3,2,3,30,-10.0,25.0,Poor,🔥 COILED: Stay away,30,0.0,0.0,0.0,50.0,0,,nan,nan,0.0
MTSXX,Morgan Stanley Institutional Liquidity Funds - Treasury Portfolio,1,2,4,10,6,3,2,3,30,-10.0,25.0,Poor,🔥 COILED: Stay away,30,0.0,0.0,0.0,50.0,0,,nan,nan,0.0
MTTXX,Morgan Stanley Institutional Liquidity Funds - Treasury Portfolio,1,2,4,10,6,3,2,3,30,-10.0,25.0,Poor,🔥 COILED: Stay away,30,0.0,0.0,0.0,50.0,0,,nan,nan,0.0
MUIXX,Morgan Stanley Institutional Liquidity Funds - Government Securities Portfolio,1,2,4,10,6,3,2,3,30,-10.0,25.0,Poor,🔥 COILED: Stay away,30,0.0,0.0,0.0,50.0,0,,nan,nan,0.0
MVAXX,Morgan Stanley Institutional Liquidity Funds - Government Securities Portfolio,1,2,4,10,6,3,2,3,30,-10.0,25.0,Poor,🔥 COILED: Stay away,30,0.0,0.0,0.0,50.0,0,,nan,nan,0.0
MVVXX,Morgan Stanley Institutional Liquidity Funds -  Government Portfolio,1,2,4,10,6,3,2,3,30,-10.0,25.0,Poor,🔥 COILED: Stay away,30,0.0,0.0,0.0,50.0,0,,nan,nan,0.0
MVYXX,Morgan Stanley Institutional Liquidity Funds - Treasury Portfolio,1,2,4,10,6,3,2,3,30,-10.0,25.0,Poor,🔥 COILED: Stay away,30,0.0,0.0,0.0,50.0,0,,nan,nan,0.0
MVIXX,Morgan Stanley Institutional Liquidity Funds - Government Securities Portfolio,1,2,4,10,6,3,2,3,30,-10.0,25.0,Poor,🔥 COILED: Stay away,30,0.0,0.0,0.0,50.0,0,,nan,nan,0.0
MYMXX,AB Fixed-Income Shares Inc. - AB Government Money Market Portfolio,1,2,4,10,6,3,2,3,30,-10.0,25.0,Poor,🔥 COILED: Stay away,30,0.0,0.0,0.0,50.0,0,,nan,nan,0.0
NCGXX,North Capital Funds Trust - Treasury Money Market Fund,1,2,4,10,6,3,2,3,30,-10.0,25.0,Poor,🔥 COILED: Stay away,30,0.0,0.0,0.0,50.0,0,,nan,nan,0.0
NITXX,Northern Institutional Funds - Treasury Portfolio,1,2,4,10,6,3,2,3,30,-10.0,25.0,Poor,🔥 COILED: Stay away,30,0.0,0.0,0.0,50.0,0,,nan,nan,0.0
NOGXX,Northern Funds - U.S. Government Money Market Fund,1,2,4,10,6,3,2,3,30,-10.0,25.0,Poor,🔥 COILED: Stay away,30,0.0,0.0,0.0,50.0,0,,nan,nan,0.0
NISXX,Money Market Obligations Trust - Federated New York Municipal Cash Trust,1,2,4,10,6,3,2,3,30,-10.0,25.0,Poor,🔥 COILED: Stay away,30,0.0,0.0,0.0,50.0,0,,nan,nan,0.0
NTPXX,Northern Institutional Funds - Treasury Portfolio,1,2,4,10,6,3,2,3,30,-10.0,25.0,Poor,🔥 COILED: Stay away,30,0.0,0.0,0.0,50.0,0,,nan,nan,0.0
NOSXX,Northern Funds - U.S. Government Select Money Market Fund,1,2,4,10,6,3,2,3,30,-10.0,25.0,Poor,🔥 COILED: Stay away,30,0.0,0.0,0.0,50.0,0,,nan,nan,0.0
NWGXX,Allspring Funds Trust - Allspring Government Money Market Fund,1,2,4,10,6,3,2,3,30,-10.0,25.0,Poor,🔥 COILED: Stay away,30,0.0,0.0,0.0,50.0,0,,nan,nan,0.0
NWTXX,Wells Fargo Funds Trust - 100% Treasury Money Market Fund,1,2,4,10,6,3,2,3,30,-10.0,25.0,Poor,🔥 COILED: Stay away,30,0.0,0.0,0.0,50.0,0,,nan,nan,0.0
NWSXX,Nationwide Mutual Funds - Nationwide Money Market Fund,1,2,4,10,6,3,2,3,30,-10.0,25.0,Poor,🔥 COILED: Stay away,30,0.0,0.0,0.0,50.0,0,,nan,nan,0.0
NYCXX,Money Market Obligations Trust - New York Cash II Fund,1,2,4,10,6,3,2,3,30,-10.0,25.0,Poor,🔥 COILED: Stay away,30,0.0,0.0,0.0,50.0,0,,nan,nan,0.0
OMBXX,AIM Investment Secs Fds (Invesco Invt Secs Fds) - Invesco U.S. Government Money Portfolio,1,2,4,10,6,3,2,3,30,-10.0,25.0,Poor,🔥 COILED: Stay away,30,0.0,0.0,0.0,50.0,0,,nan,nan,0.0
PBMXX,Prudential Government Money Market Fund Inc.,1,2,4,10,6,3,2,3,30,-10.0,25.0,Poor,🔥 COILED: Stay away,30,0.0,0.0,0.0,50.0,0,,nan,nan,0.0
PCOXX,Money Market Obligations Trust - Federated Prime Cash Obligations Fund,1,2,4,10,6,3,2,3,30,-10.0,25.0,Poor,🔥 COILED: Stay away,30,0.0,0.0,0.0,50.0,0,,nan,nan,0.0
PBHXX,The Payden & Rygel Investment Group - Payden Cash Reserves Money Market Fund,1,2,4,10,6,3,2,3,30,-10.0,25.0,Poor,🔥 COILED: Stay away,30,0.0,0.0,0.0,50.0,0,,nan,nan,0.0
PCEXX,PACE Select Advisors Trust - PACE Money Market Investments,1,2,4,10,6,3,2,3,30,-10.0,25.0,Poor,🔥 COILED: Stay away,30,0.0,0.0,0.0,50.0,0,,nan,nan,0.0
PCVXX,Money Market Obligations Trust - Federated Prime Cash Obligations Fund,1,2,4,10,6,3,2,3,30,-10.0,25.0,Poor,🔥 COILED: Stay away,30,0.0,0.0,0.0,50.0,0,,nan,nan,0.0
PCUXX,Fundvantage Trust - Pac Capital US Government Money Market Fund,1,2,4,10,6,3,2,3,30,-10.0,25.0,Poor,🔥 COILED: Stay away,30,0.0,0.0,0.0,50.0,0,,nan,nan,0.0
PCSXX,Principal Fds Inc. Money Market Fd A Cl,1,2,4,10,6,3,2,3,30,-10.0,25.0,Poor,🔥 COILED: Stay away,30,0.0,0.0,0.0,50.0,0,,nan,nan,0.0
PGDXX,Putnam Investment Funds - Government Money Market Fund,1,2,4,10,6,3,2,3,30,-10.0,25.0,Poor,🔥 COILED: Stay away,30,0.0,0.0,0.0,50.0,0,,nan,nan,0.0
PFCXX,Putnam Money Market Fund,1,2,4,10,6,3,2,3,30,-10.0,25.0,Poor,🔥 COILED: Stay away,30,0.0,0.0,0.0,50.0,0,,nan,nan,0.0
PGKXX,Putnam Investment Funds - Government Money Market Fund,1,2,4,10,6,3,2,3,30,-10.0,25.0,Poor,🔥 COILED: Stay away,30,0.0,0.0,0.0,50.0,0,,nan,nan,0.0
PGEXX,Putnam Investment Funds - Government Money Market Fund,1,2,4,10,6,3,2,3,30,-10.0,25.0,Poor,🔥 COILED: Stay away,30,0.0,0.0,0.0,50.0,0,,nan,nan,0.0
PGFXX,PIMCO Funds - PIMCO Government Money Market Fund,1,2,4,10,6,3,2,3,30,-10.0,25.0,Poor,🔥 COILED: Stay away,30,0.0,0.0,0.0,50.0,0,,nan,nan,0.0
PGLXX,Putnam Investment Funds - Government Money Market Fund,1,2,4,10,6,3,2,3,30,-10.0,25.0,Poor,🔥 COILED: Stay away,30,0.0,0.0,0.0,50.0,0,,nan,nan,0.0
PGOXX,PIMCO Funds - PIMCO Government Money Market Fund,1,2,4,10,6,3,2,3,30,-10.0,25.0,Poor,🔥 COILED: Stay away,30,0.0,0.0,0.0,50.0,0,,nan,nan,0.0
PGPXX,PIMCO Funds - PIMCO Government Money Market Fund,1,2,4,10,6,3,2,3,30,-10.0,25.0,Poor,🔥 COILED: Stay away,30,0.0,0.0,0.0,50.0,0,,nan,nan,0.0
PGRXX,Putnam Investment Funds - Government Money Market Fund,1,2,4,10,6,3,2,3,30,-10.0,25.0,Poor,🔥 COILED: Stay away,30,0.0,0.0,0.0,50.0,0,,nan,nan,0.0
PGYXX,PIMCO Funds - PIMCO Government Money Market Fund,1,2,4,10,6,3,2,3,30,-10.0,25.0,Poor,🔥 COILED: Stay away,30,0.0,0.0,0.0,50.0,0,,nan,nan,0.0
PIFXX,Plan Investment Fund Inc. - Government Portfolio,1,2,4,10,6,3,2,3,30,-10.0,25.0,Poor,🔥 COILED: Stay away,30,0.0,0.0,0.0,50.0,0,,nan,nan,0.0
PINXX,BlackRock Funds - BlackRock Wealth Liquid Environmentally Aware Fund,1,2,4,10,6,3,2,3,30,-10.0,25.0,Poor,🔥 COILED: Stay away,30,0.0,0.0,0.0,50.0,0,,nan,nan,0.0
PISXX,Wells Fargo Funds Trust - Treasury Plus Money Market Fund,1,2,4,10,6,3,2,3,30,-10.0,25.0,Poor,🔥 COILED: Stay away,30,0.0,0.0,0.0,50.0,0,,nan,nan,0.0
PIVXX,Wells Fargo Funds Trust - Treasury Plus Money Market Fund,1,2,4,10,6,3,2,3,30,-10.0,25.0,Poor,🔥 COILED: Stay away,30,0.0,0.0,0.0,50.0,0,,nan,nan,0.0
PMJXX,Principal Fds Inc. Money Market Fd J Cl,1,2,4,10,6,3,2,3,30,-10.0,25.0,Poor,🔥 COILED: Stay away,30,0.0,0.0,0.0,50.0,0,,nan,nan,0.0
PMTXX,Pioneer Money Market Trust - Pioneer U.S. Government Money Market Fund,1,2,4,10,6,3,2,3,30,-10.0,25.0,Poor,🔥 COILED: Stay away,30,0.0,0.0,0.0,50.0,0,,nan,nan,0.0
PMZXX,Prudential Government Money Market Fund Inc.,1,2,4,10,6,3,2,3,30,-10.0,25.0,Poor,🔥 COILED: Stay away,30,0.0,0.0,0.0,50.0,0,,nan,nan,0.0
PRMXX,Federated Private Liquidity Funds-Prime Private Liquidity Fund,1,2,4,10,6,3,2,3,30,-10.0,25.0,Poor,🔥 COILED: Stay away,30,0.0,0.0,0.0,50.0,0,,nan,nan,0.0
PRRXX,T. Rowe Price Government Money Fund Inc.,1,2,4,10,6,3,2,3,30,-10.0,25.0,Poor,🔥 COILED: Stay away,30,0.0,0.0,0.0,50.0,0,,nan,nan,0.0
PRTXX,T. Rowe Price U.S. Treasury Funds Inc. - T. Rowe Price U.S. Treasury Money Fund,1,2,4,10,6,3,2,3,30,-10.0,25.0,Poor,🔥 COILED: Stay away,30,0.0,0.0,0.0,50.0,0,,nan,nan,0.0
PRVXX,Wells Fargo Funds Trust - Treasury Plus Money Market Fund,1,2,4,10,6,3,2,3,30,-10.0,25.0,Poor,🔥 COILED: Stay away,30,0.0,0.0,0.0,50.0,0,,nan,nan,0.0
PRYXX,Pioneer Money Market Trust - Pioneer U.S. Government Money Market Fund,1,2,4,10,6,3,2,3,30,-10.0,25.0,Poor,🔥 COILED: Stay away,30,0.0,0.0,0.0,50.0,0,,nan,nan,0.0
PTBXX,Putnam Money Market Fund,1,2,4,10,6,3,2,3,30,-10.0,25.0,Poor,🔥 COILED: Stay away,30,0.0,0.0,0.0,50.0,0,,nan,nan,0.0
PURXX,Putnam Money Market Fund,1,2,4,10,6,3,2,3,30,-10.0,25.0,Poor,🔥 COILED: Stay away,30,0.0,0.0,0.0,50.0,0,,nan,nan,0.0
PTEXX,T. Rowe Price Tax-Exempt Money Fund Inc.,1,2,4,10,6,3,2,3,30,-10.0,25.0,Poor,🔥 COILED: Stay away,30,0.0,0.0,0.0,50.0,0,,nan,nan,0.0
RGYXX,HSBC Funds - HSBC U.S. Government Money Market Fund,1,2,4,10,6,3,2,3,30,-10.0,25.0,Poor,🔥 COILED: Stay away,30,0.0,0.0,0.0,50.0,0,,nan,nan,0.0
RBEXX,American Funds U.S. Government Money Market Fund,1,2,4,10,6,3,2,3,30,-10.0,25.0,Poor,🔥 COILED: Stay away,30,0.0,0.0,0.0,50.0,0,,nan,nan,0.0
RPGXX,Davis Series Inc. - Davis Government Money Market Fund,1,2,4,10,6,3,2,3,30,-10.0,25.0,Poor,🔥 COILED: Stay away,30,0.0,0.0,0.0,50.0,0,,nan,nan,0.0
RMGXX,Ubs Money Series - RMA Government Money Market Fund,1,2,4,10,6,3,2,3,30,-10.0,25.0,Poor,🔥 COILED: Stay away,30,0.0,0.0,0.0,50.0,0,,nan,nan,0.0
RYFXX,Rydex Series Funds - U.S. Government Money Market Fund,1,2,4,10,6,3,2,3,30,-10.0,25.0,Poor,🔥 COILED: Stay away,30,0.0,0.0,0.0,50.0,0,,nan,nan,0.0
SALXX,State Street Master Funds - State Street U.S. Government Money Market Portfolio,1,2,4,10,6,3,2,3,30,-10.0,25.0,Poor,🔥 COILED: Stay away,30,0.0,0.0,0.0,50.0,0,,nan,nan,0.0
SAEXX,State Street Institutional Investment Trust - State Street Institutional Treasury Plus Money Market,1,2,4,10,6,3,2,3,30,-10.0,25.0,Poor,🔥 COILED: Stay away,30,0.0,0.0,0.0,50.0,0,,nan,nan,0.0
SAMXX,State Street Master Funds - State Street U.S. Government Money Market Portfolio,1,2,4,10,6,3,2,3,30,-10.0,25.0,Poor,🔥 COILED: Stay away,30,0.0,0.0,0.0,50.0,0,,nan,nan,0.0
SAJXX,State Street Institutional Investment Trust - State Street Institutional Treasury Plus Money Market,1,2,4,10,6,3,2,3,30,-10.0,25.0,Poor,🔥 COILED: Stay away,30,0.0,0.0,0.0,50.0,0,,nan,nan,0.0
SCAXX,Schwab California Municipal Money Fund Ultra Shares,1,2,4,10,6,3,2,3,30,-10.0,25.0,Poor,🔥 COILED: Stay away,30,0.0,0.0,0.0,50.0,0,,nan,nan,0.0
SCIXX,Cash Account Trust - DWS Tax-Exempt Portfolio,1,2,4,10,6,3,2,3,30,-10.0,25.0,Poor,🔥 COILED: Stay away,30,0.0,0.0,0.0,50.0,0,,nan,nan,0.0
SCOXX,Schwab Treasury Obligations Money Fund Ultra Shares,1,2,4,10,6,3,2,3,30,-10.0,25.0,Poor,🔥 COILED: Stay away,30,0.0,0.0,0.0,50.0,0,,nan,nan,0.0
SCPXX,SEI Daily Income Trust - Treasury II Fund,1,2,4,10,6,3,2,3,30,-10.0,25.0,Poor,🔥 COILED: Stay away,30,0.0,0.0,0.0,50.0,0,,nan,nan,0.0
SEGXX,UBS Series Funds - UBS Select Government Preferred Fund,1,2,4,10,6,3,2,3,30,-10.0,25.0,Poor,🔥 COILED: Stay away,30,0.0,0.0,0.0,50.0,0,,nan,nan,0.0
SCTXX,Schwab AMT Tax-Free Money Fund Ultra Shares,1,2,4,10,6,3,2,3,30,-10.0,25.0,Poor,🔥 COILED: Stay away,30,0.0,0.0,0.0,50.0,0,,nan,nan,0.0
SEOXX,SEI Daily Income Trust - Government Fund,1,2,4,10,6,3,2,3,30,-10.0,25.0,Poor,🔥 COILED: Stay away,30,0.0,0.0,0.0,50.0,0,,nan,nan,0.0
SETXX,UBS (Cayman) Select Treasury Institutional Fund,1,2,4,10,6,3,2,3,30,-10.0,25.0,Poor,🔥 COILED: Stay away,30,0.0,0.0,0.0,50.0,0,,nan,nan,0.0
SGAXX,The Saratoga Advantage Trust - U.S. Government Money Market Portfolio,1,2,4,10,6,3,2,3,30,-10.0,25.0,Poor,🔥 COILED: Stay away,30,0.0,0.0,0.0,50.0,0,,nan,nan,0.0
SGPXX,UBS Series Funds - UBS Select Government Preferred Fund,1,2,4,10,6,3,2,3,30,-10.0,25.0,Poor,🔥 COILED: Stay away,30,0.0,0.0,0.0,50.0,0,,nan,nan,0.0
SGMXX,The Saratoga Advantage Trust - U.S. Government Money Market Portfolio,1,2,4,10,6,3,2,3,30,-10.0,25.0,Poor,🔥 COILED: Stay away,30,0.0,0.0,0.0,50.0,0,,nan,nan,0.0
SGUXX,Schwab Government Money Fund Ultra Shares,1,2,4,10,6,3,2,3,30,-10.0,25.0,Poor,🔥 COILED: Stay away,30,0.0,0.0,0.0,50.0,0,,nan,nan,0.0
SMGXX,Legg Mason Partners Money Market Trust - Western Asset Government Reserves,1,2,4,10,6,3,2,3,30,-10.0,25.0,Poor,🔥 COILED: Stay away,30,0.0,0.0,0.0,50.0,0,,nan,nan,0.0
SNAXX,The Charles Schwab Family of Funds - Schwab Value Advantage Money Fund,1,2,4,10,6,3,2,3,30,-10.0,25.0,Poor,🔥 COILED: Stay away,30,0.0,0.0,0.0,50.0,0,,nan,nan,0.0
SNOXX,Charles Schwab Family of Funds - Schwab Treasury Obligations Money Fund,1,2,4,10,6,3,2,3,30,-10.0,25.0,Poor,🔥 COILED: Stay away,30,0.0,0.0,0.0,50.0,0,,nan,nan,0.0
SNRXX,Schwab Charles Family Funds - Retirment Government Money Fund,1,2,4,10,6,3,2,3,30,-10.0,25.0,Poor,🔥 COILED: Stay away,30,0.0,0.0,0.0,50.0,0,,nan,nan,0.0
SNSXX,The Charles Schwab Family of Funds - Schwab U.S. Treasury Money Fund,1,2,4,10,6,3,2,3,30,-10.0,25.0,Poor,🔥 COILED: Stay away,30,0.0,0.0,0.0,50.0,0,,nan,nan,0.0
SNVXX,Schwab Government Money Fund,1,2,4,10,6,3,2,3,30,-10.0,25.0,Poor,🔥 COILED: Stay away,30,0.0,0.0,0.0,50.0,0,,nan,nan,0.0
SNYXX,Schwab New York Municipal Money Fund Ultra Shares,1,2,4,10,6,3,2,3,30,-10.0,25.0,Poor,🔥 COILED: Stay away,30,0.0,0.0,0.0,50.0,0,,nan,nan,0.0
SPRXX,Fidelity Hereford Street Trust - Fidelity Money Market Fund,1,2,4,10,6,3,2,3,30,-10.0,25.0,Poor,🔥 COILED: Stay away,30,0.0,0.0,0.0,50.0,0,,nan,nan,0.0
SSJXX,State Street Institutional Investment Trust- Treasury Money Market Fund,1,2,4,10,6,3,2,3,30,-10.0,25.0,Poor,🔥 COILED: Stay away,30,0.0,0.0,0.0,50.0,0,,nan,nan,0.0
SSKXX,State Street Institutional Investment Trust - State Street Institutional Tax Free Money Market Fund,1,2,4,10,6,3,2,3,30,-10.0,25.0,Poor,🔥 COILED: Stay away,30,0.0,0.0,0.0,50.0,0,,nan,nan,0.0
SSNXX,State Street Institutional Investment Trust - State Street Institutional Tax Free Money Market Fund,1,2,4,10,6,3,2,3,30,-10.0,25.0,Poor,🔥 COILED: Stay away,30,0.0,0.0,0.0,50.0,0,,nan,nan,0.0
SSQXX,State Street Institutional Investment Trust - State Street Institutional Treasury Plus Money Market,1,2,4,10,6,3,2,3,30,-10.0,25.0,Poor,🔥 COILED: Stay away,30,0.0,0.0,0.0,50.0,0,,nan,nan,0.0
SSOXX,State Street Master Funds - State Street U.S. Government Money Market Portfolio,1,2,4,10,6,3,2,3,30,-10.0,25.0,Poor,🔥 COILED: Stay away,30,0.0,0.0,0.0,50.0,0,,nan,nan,0.0
STGXX,Wells Fargo Funds Trust - Money Market Fund,1,2,4,10,6,3,2,3,30,-10.0,25.0,Poor,🔥 COILED: Stay away,30,0.0,0.0,0.0,50.0,0,,nan,nan,0.0
STPXX,UBS Money Series - UBS Select Treasury Preferred Fund,1,2,4,10,6,3,2,3,30,-10.0,25.0,Poor,🔥 COILED: Stay away,30,0.0,0.0,0.0,50.0,0,,nan,nan,0.0
SUTXX,Schwab U.S. Treasury Money Fund Ultra Shares,1,2,4,10,6,3,2,3,30,-10.0,25.0,Poor,🔥 COILED: Stay away,30,0.0,0.0,0.0,50.0,0,,nan,nan,0.0
SWKXX,The Charles Schwab Family of Funds - Schwab California Municipal Money Fund,1,2,4,10,6,3,2,3,30,-10.0,25.0,Poor,🔥 COILED: Stay away,30,0.0,0.0,0.0,50.0,0,,nan,nan,0.0
SWTXX,The Charles Schwab Family of Funds - Schwab Municipal Money Fund,1,2,4,10,6,3,2,3,30,-10.0,25.0,Poor,🔥 COILED: Stay away,30,0.0,0.0,0.0,50.0,0,,nan,nan,0.0
SWOXX,Schwab Municipal Money Fund,1,2,4,10,6,3,2,3,30,-10.0,25.0,Poor,🔥 COILED: Stay away,30,0.0,0.0,0.0,50.0,0,,nan,nan,0.0
SWWXX,The Charles Schwab Family of Funds - Schwab AMT Tax-Free Money Fund,1,2,4,10,6,3,2,3,30,-10.0,25.0,Poor,🔥 COILED: Stay away,30,0.0,0.0,0.0,50.0,0,,nan,nan,0.0
TAMXX,Transamerica Funds - Transamerica Government Money Market,1,2,4,10,6,3,2,3,30,-10.0,25.0,Poor,🔥 COILED: Stay away,30,0.0,0.0,0.0,50.0,0,,nan,nan,0.0
SWYXX,The Charles Schwab Family of Funds - Schwab New York Municipal Money Fund,1,2,4,10,6,3,2,3,30,-10.0,25.0,Poor,🔥 COILED: Stay away,30,0.0,0.0,0.0,50.0,0,,nan,nan,0.0
TACXX,Short-Term Investment Trust - Invesco Treasury Obligations Portfolio,1,2,4,10,6,3,2,3,30,-10.0,25.0,Poor,🔥 COILED: Stay away,30,0.0,0.0,0.0,50.0,0,,nan,nan,0.0
SZCXX,The Saratoga Advantage Trust - U.S. Government Money Market Portfolio,1,2,4,10,6,3,2,3,30,-10.0,25.0,Poor,🔥 COILED: Stay away,30,0.0,0.0,0.0,50.0,0,,nan,nan,0.0
TAQXX,State Street Institutional Investment Trust -Treasury Obligations Money Market Fund,1,2,4,10,6,3,2,3,30,-10.0,25.0,Poor,🔥 COILED: Stay away,30,0.0,0.0,0.0,50.0,0,,nan,nan,0.0
TBVXX,Money Market Obligations Trust - Federated Tax-Free Obligations Fund,1,2,4,10,6,3,2,3,30,-10.0,25.0,Poor,🔥 COILED: Stay away,30,0.0,0.0,0.0,50.0,0,,nan,nan,0.0
TBIXX,Money Market Obligations Trust - Federated Tax-Free Obligations Fund,1,2,4,10,6,3,2,3,30,-10.0,25.0,Poor,🔥 COILED: Stay away,30,0.0,0.0,0.0,50.0,0,,nan,nan,0.0
TBSXX,Money Market Obligations Trust - Federated Tax-Free Obligations Fund,1,2,4,10,6,3,2,3,30,-10.0,25.0,Poor,🔥 COILED: Stay away,30,0.0,0.0,0.0,50.0,0,,nan,nan,0.0
TCGXX,SEI Daily Income Trust - Government II Fund,1,2,4,10,6,3,2,3,30,-10.0,25.0,Poor,🔥 COILED: Stay away,30,0.0,0.0,0.0,50.0,0,,nan,nan,0.0
TCIXX,TIAA-CREF Funds - TIAA-CREF Money Market Fund,1,2,4,10,6,3,2,3,30,-10.0,25.0,Poor,🔥 COILED: Stay away,30,0.0,0.0,0.0,50.0,0,,nan,nan,0.0
TCRXX,American Century Investment Trust - Premium Money Market Fund,1,2,4,10,6,3,2,3,30,-10.0,25.0,Poor,🔥 COILED: Stay away,30,0.0,0.0,0.0,50.0,0,,nan,nan,0.0
TFFXX,BlackRock Liquidity Funds - Federal Trust Fund,1,2,4,10,6,3,2,3,30,-10.0,25.0,Poor,🔥 COILED: Stay away,30,0.0,0.0,0.0,50.0,0,,nan,nan,0.0
TERXX,T. Rowe Price Tax-Exempt Money Fund Inc.,1,2,4,10,6,3,2,3,30,-10.0,25.0,Poor,🔥 COILED: Stay away,30,0.0,0.0,0.0,50.0,0,,nan,nan,0.0
TFGXX,Transamerica Funds - Government Money Market Fund,1,2,4,10,6,3,2,3,30,-10.0,25.0,Poor,🔥 COILED: Stay away,30,0.0,0.0,0.0,50.0,0,,nan,nan,0.0
TGRXX,Transamerica Funds - Government Money Market Fund,1,2,4,10,6,3,2,3,30,-10.0,25.0,Poor,🔥 COILED: Stay away,30,0.0,0.0,0.0,50.0,0,,nan,nan,0.0
TIEXX,TIAA-CREF Funds - TIAA-CREF Money Market Fund,1,2,4,10,6,3,2,3,30,-10.0,25.0,Poor,🔥 COILED: Stay away,30,0.0,0.0,0.0,50.0,0,,nan,nan,0.0
TGTXX,Transamerica Funds - Government Money Market Fund,1,2,4,10,6,3,2,3,30,-10.0,25.0,Poor,🔥 COILED: Stay away,30,0.0,0.0,0.0,50.0,0,,nan,nan,0.0
TIMXX,RBC Funds Trust - U.S. Government Money Market Fund,1,2,4,10,6,3,2,3,30,-10.0,25.0,Poor,🔥 COILED: Stay away,30,0.0,0.0,0.0,50.0,0,,nan,nan,0.0
TIRXX,TIAA-CREF Funds - TIAA-CREF Money Market Fund,1,2,4,10,6,3,2,3,30,-10.0,25.0,Poor,🔥 COILED: Stay away,30,0.0,0.0,0.0,50.0,0,,nan,nan,0.0
TLMXX,TIAA-CREF Life Money Market Fund,1,2,4,10,6,3,2,3,30,-10.0,25.0,Poor,🔥 COILED: Stay away,30,0.0,0.0,0.0,50.0,0,,nan,nan,0.0
TISXX,Money Market Obligations Trust - Federated Hermes U.S. Treasury Cash Reserves,1,2,4,10,6,3,2,3,30,-10.0,25.0,Poor,🔥 COILED: Stay away,30,0.0,0.0,0.0,50.0,0,,nan,nan,0.0
TMHXX,TIAA-CREF Life Funds - Money Market Fund,1,2,4,10,6,3,2,3,30,-10.0,25.0,Poor,🔥 COILED: Stay away,30,0.0,0.0,0.0,50.0,0,,nan,nan,0.0
TMDXX,T. Rowe Price State Tax-Free Income Trust - T. Rowe Price Maryland Tax-Free Money Fund,1,2,4,10,6,3,2,3,30,-10.0,25.0,Poor,🔥 COILED: Stay away,30,0.0,0.0,0.0,50.0,0,,nan,nan,0.0
TPFXX,Short-Term Investment Trust - Invesco Treasury Portfolio,1,2,4,10,6,3,2,3,30,-10.0,25.0,Poor,🔥 COILED: Stay away,30,0.0,0.0,0.0,50.0,0,,nan,nan,0.0
TPPXX,TIAA-CREF Funds - TIAA-CREF Money Market Fund,1,2,4,10,6,3,2,3,30,-10.0,25.0,Poor,🔥 COILED: Stay away,30,0.0,0.0,0.0,50.0,0,,nan,nan,0.0
TPLXX,State Street Institutional Investment Trust - International Treasure Plus Money Market Fund,1,2,4,10,6,3,2,3,30,-10.0,25.0,Poor,🔥 COILED: Stay away,30,0.0,0.0,0.0,50.0,0,,nan,nan,0.0
TPVXX,State Street Institutional Investment Trust - State Street Institutional Treasury Plus Money Market,1,2,4,10,6,3,2,3,30,-10.0,25.0,Poor,🔥 COILED: Stay away,30,0.0,0.0,0.0,50.0,0,,nan,nan,0.0
TRPXX,Short-Term Investment Trust - Invesco Treasury Portfolio,1,2,4,10,6,3,2,3,30,-10.0,25.0,Poor,🔥 COILED: Stay away,30,0.0,0.0,0.0,50.0,0,,nan,nan,0.0
TRGXX,T. Rowe Price U.S. Treasury Funds Inc. - T. Rowe Price U.S. Treasury Money Fund,1,2,4,10,6,3,2,3,30,-10.0,25.0,Poor,🔥 COILED: Stay away,30,0.0,0.0,0.0,50.0,0,,nan,nan,0.0
TRIXX,State Street Institutional Investment Trust - Treasury Fund,1,2,4,10,6,3,2,3,30,-10.0,25.0,Poor,🔥 COILED: Stay away,30,0.0,0.0,0.0,50.0,0,,nan,nan,0.0
TRVXX,State Street Institutional Investment Trust - Treasury Fund,1,2,4,10,6,3,2,3,30,-10.0,25.0,Poor,🔥 COILED: Stay away,30,0.0,0.0,0.0,50.0,0,,nan,nan,0.0
TTGXX,T Rowe Price Government Money Funds Inc - Government Money Fund,1,2,4,10,6,3,2,3,30,-10.0,25.0,Poor,🔥 COILED: Stay away,30,0.0,0.0,0.0,50.0,0,,nan,nan,0.0
TSPXX,Short-Term Investment Trust - Invesco Treasury Obligations Portfolio,1,2,4,10,6,3,2,3,30,-10.0,25.0,Poor,🔥 COILED: Stay away,30,0.0,0.0,0.0,50.0,0,,nan,nan,0.0
TRZXX,T. Rowe Price U.S. Treasury Funds Inc. - T. Rowe Price U.S. Treasury Money Fund,1,2,4,10,6,3,2,3,30,-10.0,25.0,Poor,🔥 COILED: Stay away,30,0.0,0.0,0.0,50.0,0,,nan,nan,0.0
TTOXX,Money Market Obligations Trust - Federated Trust for U.S. Treasury Obligations,1,2,4,10,6,3,2,3,30,-10.0,25.0,Poor,🔥 COILED: Stay away,30,0.0,0.0,0.0,50.0,0,,nan,nan,0.0
TUGXX,RBC Funds Trust - U.S. Government Money Market Fund,1,2,4,10,6,3,2,3,30,-10.0,25.0,Poor,🔥 COILED: Stay away,30,0.0,0.0,0.0,50.0,0,,nan,nan,0.0
TUIXX,RBC Funds Trust - U.S. Government Money Market Fund,1,2,4,10,6,3,2,3,30,-10.0,25.0,Poor,🔥 COILED: Stay away,30,0.0,0.0,0.0,50.0,0,,nan,nan,0.0
TWNXX,T. Rowe Price State Tax-Free Income Trust - T. Rowe Price Maryland Tax-Free Money Fund,1,2,4,10,6,3,2,3,30,-10.0,25.0,Poor,🔥 COILED: Stay away,30,0.0,0.0,0.0,50.0,0,,nan,nan,0.0
TXMXX,Cash Account Trust - DWS Tax-Exempt Portfolio,1,2,4,10,6,3,2,3,30,-10.0,25.0,Poor,🔥 COILED: Stay away,30,0.0,0.0,0.0,50.0,0,,nan,nan,0.0
TXPXX,Short-Term Investment Trust - Invesco Treasury Obligations Portfolio,1,2,4,10,6,3,2,3,30,-10.0,25.0,Poor,🔥 COILED: Stay away,30,0.0,0.0,0.0,50.0,0,,nan,nan,0.0
UATXX,USAA Mutual Funds Trust - USAA Treasury Money Market Trust,1,2,4,10,6,3,2,3,30,-10.0,25.0,Poor,🔥 COILED: Stay away,30,0.0,0.0,0.0,50.0,0,,nan,nan,0.0
TYCXX,Short-Term Investment Trust - Invesco Treasury Portfolio,1,2,4,10,6,3,2,3,30,-10.0,25.0,Poor,🔥 COILED: Stay away,30,0.0,0.0,0.0,50.0,0,,nan,nan,0.0
UPPXX,UBS Select Prime Preferred Fund,1,2,4,10,6,3,2,3,30,-10.0,25.0,Poor,🔥 COILED: Stay away,30,0.0,0.0,0.0,50.0,0,,nan,nan,0.0
USAXX,USAA Mutual Funds Trust - USAA Money Market Fund,1,2,4,10,6,3,2,3,30,-10.0,25.0,Poor,🔥 COILED: Stay away,30,0.0,0.0,0.0,50.0,0,,nan,nan,0.0
UPRXX,Ubs Money Series - Prime Reserve  Fund,1,2,4,10,6,3,2,3,30,-10.0,25.0,Poor,🔥 COILED: Stay away,30,0.0,0.0,0.0,50.0,0,,nan,nan,0.0
USEXX,USAA Mutual Funds Trust - USAA Tax Exempt Money Market Fund,1,2,4,10,6,3,2,3,30,-10.0,25.0,Poor,🔥 COILED: Stay away,30,0.0,0.0,0.0,50.0,0,,nan,nan,0.0
UTIXX,Money Market Obligations Trust - Federated Hermes U.S. Treasury Cash Reserves,1,2,4,10,6,3,2,3,30,-10.0,25.0,Poor,🔥 COILED: Stay away,30,0.0,0.0,0.0,50.0,0,,nan,nan,0.0
VETXX,Goldman Sachs Trust - Goldman Sachs Financial Square Government Fund,1,2,4,10,6,3,2,3,30,-10.0,25.0,Poor,🔥 COILED: Stay away,30,0.0,0.0,0.0,50.0,0,,nan,nan,0.0
VCTXX,Vanguard California Municipal Money Market Fund,1,2,4,10,6,3,2,3,30,-10.0,25.0,Poor,🔥 COILED: Stay away,30,0.0,0.0,0.0,50.0,0,,nan,nan,0.0
UTSXX,Shelton Funds - The United States Treasury Trust,1,2,4,10,6,3,2,3,30,-10.0,25.0,Poor,🔥 COILED: Stay away,30,0.0,0.0,0.0,50.0,0,,nan,nan,0.0
VMRXX,Vanguard Money Market Reserves - Vanguard Cash Reserves Federal Money Market Fund,1,2,4,10,6,3,2,3,30,-10.0,25.0,Poor,🔥 COILED: Stay away,30,0.0,0.0,0.0,50.0,0,,nan,nan,0.0
VMSXX,Vanguard Municipal Bond Funds - Vanguard Municipal Money Market Fund,1,2,4,10,6,3,2,3,30,-10.0,25.0,Poor,🔥 COILED: Stay away,30,0.0,0.0,0.0,50.0,0,,nan,nan,0.0
VYFXX,Vanguard New York Tax-Exempt Money Market Fund,1,2,4,10,6,3,2,3,30,-10.0,25.0,Poor,🔥 COILED: Stay away,30,0.0,0.0,0.0,50.0,0,,nan,nan,0.0
WACXX,Western Asset Premier Institutional Government Reserves Preferred Shares,1,2,4,10,6,3,2,3,30,-10.0,25.0,Poor,🔥 COILED: Stay away,30,0.0,0.0,0.0,50.0,0,,nan,nan,0.0
WABXX,Western Asset Premier Institutional Government Reserves Capital Shares,1,2,4,10,6,3,2,3,30,-10.0,25.0,Poor,🔥 COILED: Stay away,30,0.0,0.0,0.0,50.0,0,,nan,nan,0.0
WAGXX,Wilmington Funds - Wilmington U.S. Government Money Market Fund,1,2,4,10,6,3,2,3,30,-10.0,25.0,Poor,🔥 COILED: Stay away,30,0.0,0.0,0.0,50.0,0,,nan,nan,0.0
WADXX,Western Asset Premier Institutional U.S. Treasury Reserves Capital Shares,1,2,4,10,6,3,2,3,30,-10.0,25.0,Poor,🔥 COILED: Stay away,30,0.0,0.0,0.0,50.0,0,,nan,nan,0.0
WAEXX,Western Asset Premier Institutional U.S. Treasury Reserves Preferred Shares,1,2,4,10,6,3,2,3,30,-10.0,25.0,Poor,🔥 COILED: Stay away,30,0.0,0.0,0.0,50.0,0,,nan,nan,0.0
WCGXX,Northern Institutional Funds - U.S. Government Select Portfolio,1,2,4,10,6,3,2,3,30,-10.0,25.0,Poor,🔥 COILED: Stay away,30,0.0,0.0,0.0,50.0,0,,nan,nan,0.0
WFFXX,Allspring Funds Trust - Allspring Government Money Market Fund,1,2,4,10,6,3,2,3,30,-10.0,25.0,Poor,🔥 COILED: Stay away,30,0.0,0.0,0.0,50.0,0,,nan,nan,0.0
WGAXX,Allspring Funds Trust - Allspring Government Money Market Fund,1,2,4,10,6,3,2,3,30,-10.0,25.0,Poor,🔥 COILED: Stay away,30,0.0,0.0,0.0,50.0,0,,nan,nan,0.0
WFGXX,Allspring Funds Trust - Allspring Government Money Market Fund,1,2,4,10,6,3,2,3,30,-10.0,25.0,Poor,🔥 COILED: Stay away,30,0.0,0.0,0.0,50.0,0,,nan,nan,0.0
WFNXX,Wells Fargo Funds Trust - National Tax-Free Money Market Fund,1,2,4,10,6,3,2,3,30,-10.0,25.0,Poor,🔥 COILED: Stay away,30,0.0,0.0,0.0,50.0,0,,nan,nan,0.0
WGSXX,WT Mutual Fund - Wilmington U.S. Government Money Market Fund,1,2,4,10,6,3,2,3,30,-10.0,25.0,Poor,🔥 COILED: Stay away,30,0.0,0.0,0.0,50.0,0,,nan,nan,0.0
WGEXX,Wilmington Funds - Wilmington U.S. Government Money Market Fund,1,2,4,10,6,3,2,3,30,-10.0,25.0,Poor,🔥 COILED: Stay away,30,0.0,0.0,0.0,50.0,0,,nan,nan,0.0
WGOXX,Wilmington Funds - Wilmington U.S. Government Money Market Fund,1,2,4,10,6,3,2,3,30,-10.0,25.0,Poor,🔥 COILED: Stay away,30,0.0,0.0,0.0,50.0,0,,nan,nan,0.0
WMOXX,Wells Fargo Funds Trust - Money Market Fund,1,2,4,10,6,3,2,3,30,-10.0,25.0,Poor,🔥 COILED: Stay away,30,0.0,0.0,0.0,50.0,0,,nan,nan,0.0
WMPXX,Wells Fargo Funds Trust - Money Market Fund,1,2,4,10,6,3,2,3,30,-10.0,25.0,Poor,🔥 COILED: Stay away,30,0.0,0.0,0.0,50.0,0,,nan,nan,0.0
WNTXX,Wells Fargo Funds Trust - National Tax-Free Money Market Fund,1,2,4,10,6,3,2,3,30,-10.0,25.0,Poor,🔥 COILED: Stay away,30,0.0,0.0,0.0,50.0,0,,nan,nan,0.0
WOTXX,Wells Fargo Funds Trust - 100% Treasury Money Market Fund,1,2,4,10,6,3,2,3,30,-10.0,25.0,Poor,🔥 COILED: Stay away,30,0.0,0.0,0.0,50.0,0,,nan,nan,0.0
WTAXX,Wilmington Funds - Wilmington U.S. Treasury Money Market Fund,1,2,4,10,6,3,2,3,30,-10.0,25.0,Poor,🔥 COILED: Stay away,30,0.0,0.0,0.0,50.0,0,,nan,nan,0.0
WTIXX,Wilmington Funds - Wilmington U.S. Treasury Money Market Fund,1,2,4,10,6,3,2,3,30,-10.0,25.0,Poor,🔥 COILED: Stay away,30,0.0,0.0,0.0,50.0,0,,nan,nan,0.0
WTEXX,WT Mutual Fund - Wilmington Tax-Exempt Money Market Fund,1,2,4,10,6,3,2,3,30,-10.0,25.0,Poor,🔥 COILED: Stay away,30,0.0,0.0,0.0,50.0,0,,nan,nan,0.0
WTLXX,Wells Fargo Funds Trust - Treasury Plus Money Market Fund,1,2,4,10,6,3,2,3,30,-10.0,25.0,Poor,🔥 COILED: Stay away,30,0.0,0.0,0.0,50.0,0,,nan,nan,0.0
WTPXX,Wells Fargo Funds Trust - Treasury Plus Money Market Fund,1,2,4,10,6,3,2,3,30,-10.0,25.0,Poor,🔥 COILED: Stay away,30,0.0,0.0,0.0,50.0,0,,nan,nan,0.0
WTRXX,Wells Fargo Funds Trust - 100% Treasury Money Market Fund,1,2,4,10,6,3,2,3,30,-10.0,25.0,Poor,🔥 COILED: Stay away,30,0.0,0.0,0.0,50.0,0,,nan,nan,0.0
FOBXX,Franklin Templeton Trust - Onchain US Government Money Fund,1,2,4,10,6,3,2,3,30,-10.0,25.0,Poor,🔥 COILED: Stay away,30,0.0,0.0,0.0,50.0,0,,nan,nan,0.0
WTSXX,WT Mutual Fund - Wilmington Tax-Exempt Money Market Fund,1,2,4,10,6,3,2,3,30,-10.0,25.0,Poor,🔥 COILED: Stay away,30,0.0,0.0,0.0,50.0,0,,nan,nan,0.0
TRSXX,TRSXX,1.0,4,4,10,5,3,1,3,30,-10.0,25.0,Poor,🔥 COILED: Stay away,25,0.0,0.0,-0.8,44.0,0,,nan,nan,0.0
FYIXX,Fidelity Treasury Only Money Market Fund,1,2,4,10,6,3,2,3,30,-10.0,25.0,Poor,🔥 COILED: Stay away,30,0.0,0.0,0.0,50.0,0,,nan,nan,0.0
KCLHF,KCLHF,1.06,2,4,10,6,3,2,3,30,-10.0,25.0,Poor,🔥 COILED: Stay away,0,0.0,0.0,0.0,50.0,0,,nan,4759977472.0,0.0
GP,GreenPower Motor Company Inc,1.47,12,5,5,5,5,3,2,37,-15.0,25.0,Poor,Stay away,46,-1.3,-2.6,-1.2,50.2,1,,Industrials,5632839.0,684671.89
EVCOU,EVCOU,1.1,2,4,10,6,3,2,3,30,-10.0,25.0,Poor,🔥 COILED: Stay away,30,0.0,0.0,0.0,50.0,0,,nan,nan,0.25
GORO,Gold Resource Corporation,2.12,9,7,1,2,5,4,5,33,-8.0,25.0,Poor,Stay away,48,-4.9,-7.4,-8.3,47.5,1,,Basic Materials,207218912.0,3294246.97
ENTX,Entera Bio Ltd,2.82,17,7,3,9,7,4,5,52,-25.0,25.0,Poor,Stay away,54,-4.4,32.4,12.1,60.9,3,,Healthcare,60134084.0,166791.34
PXHI,Phonex Inc,1.208,3,5,6,10,3,0,3,30,-5.0,25.0,Poor,Stay away,35,-1.0,-5.9,-1.0,47.4,1,,Consumer Cyclical,39470540.0,11877.51
INMB,INmune Bio Inc,1.91,14,12,4,6,7,7,5,55,-28,25,Poor,Stay away,49,7.9,11.0,6.0,58.7,4,,Healthcare,35890100.0,459326.2
CVPUF,CP ALL Public Company Limited,1.3,7,3,10,7,3,2,3,35,-13.0,25.0,Poor,Stay away,33,0.0,0.0,-0.0,86.7,0,,Consumer Defensive,15148871680.0,0.0
HRZCF,HRZCF,1.3,2,4,10,6,3,2,3,30,-10.0,25.0,Poor,🔥 COILED: Stay away,31,0.0,0.0,0.0,50.0,0,,Industrials,4156417024.0,4.5
CIMEF,CIMC Enric Holdings Limited,0.93,3,7,9,4,3,1,3,30,-10.0,25.0,Poor,🔥 COILED: Stay away,21,0.0,0.0,-1.3,43.5,0,,Energy,2767987456.0,104.2
KNFSF,Kiatnakin Bank Public Company. Ltd,1.32,2,4,10,6,3,2,3,30,-10.0,25.0,Poor,🔥 COILED: Stay away,31,0.0,0.0,0.0,50.0,0,,Financial Services,1613675136.0,30.04
ECXJ,Cxj Group Co Ltd,1.35,6,3,3,8,5,3,2,30,-5.0,25.0,Poor,Stay away,44,0.0,0.0,-3.5,29.1,1,,Consumer Cyclical,134986864.0,50.85
ICDX,ICDX,1.3,2,4,10,6,3,2,3,30,-10.0,25.0,Poor,🔥 COILED: Stay away,31,0.0,0.0,0.0,50.0,0,,Consumer Cyclical,8384999.0,9.0
PULM,Pulmatrix Inc,1.66,11,5,8,8,5,2,2,41,-16.0,25.0,Poor,Stay away,33,-2.4,-6.2,-1.0,49.9,1,,Healthcare,4684055.0,26924.93
MBAI,Check-Cap Ltd.,1.43,14,10,9,8,4,4,5,54,-29,25,Poor,Stay away,34,33.6,22.2,23.5,66.6,3,,Healthcare,12909699.0,1813609.31
IAUX,i-80 Gold Corp.,1.52,15,10,6,9,5,4,5,54,-27.0,25.0,Poor,Stay away,57,13.4,10.1,9.8,60.7,4,,Basic Materials,1258594688.0,10172980.15
OPK,Opko Health Inc,1.32,13,10,1,10,7,4,2,47,-22.0,25.0,Poor,Stay away,45,-1.1,12.8,-0.2,49.4,3,,Healthcare,1147740160.0,2679669.91
YADGF,Yadea Group Holdings Ltd,0.86,3,6,8,6,3,3,3,32,-10.0,25.0,Poor,Stay away,15,0.0,0.0,-3.0,39.0,0,,Consumer Cyclical,4584581632.0,100.94
RWSPF,RWS Holdings plc,1.53,17,4,5,14,4,6,5,55,-30,25,Poor,Stay away,54,21.4,66.3,31.6,81.6,3,,Technology,573447296.0,383.71
STCPF,Sella Capital Real Estate Ltd,1.5,2,4,10,6,3,2,3,30,-10.0,25.0,Poor,🔥 COILED: Stay away,30,0.0,0.0,0.0,50.0,0,,Real Estate,384328800.0,0.0
MYSE,"Myseum, Inc.",2.43,6,11,5,6,8,0,4,40,-13.0,25.0,Poor,Stay away,52,1.7,-3.2,1.5,52.1,1,,Technology,8118926.0,1543368.9
STNDF,Santander UK plc,1.5,2,4,10,6,3,2,3,30,-10.0,25.0,Poor,🔥 COILED: Stay away,31,0.0,0.0,0.0,50.0,0,,Financial Services,nan,889.13
SLRD,SLRD,1.5,2,4,10,6,3,2,3,30,-10.0,25.0,Poor,🔥 COILED: Stay away,0,0.0,0.0,0.0,50.0,0,,Industrials,nan,0.0
EMMS,Emmis Communications Corp,1.6,11,4,7,11,0,3,4,40,-18.0,25.0,Poor,Stay away,39,0.0,3.2,1.3,83.7,1,,Communication Services,26798264.0,574.74
TRSG,Tungray Technologies Inc Class A Ordinary Shares,1.428,4,4,1,8,5,0,2,24,0.0,25.0,Poor,Stay away,47,-5.7,-4.8,-4.2,41.9,0,,Industrials,26329112.0,26239.51
NBP,NovaBridge Biosciences,1.7,2,11,6,5,5,6,2,37,-13.0,25.0,Poor,Stay away,32,3.7,-4.0,-1.1,46.9,2,,Healthcare,197758944.0,1036939.94
CLRPF,Clarity Pharmaceuticals Ltd,2.05,17,11,6,5,4,6,5,54,-29,25,Poor,Stay away,38,41.4,15.2,26.6,64.6,3,,Healthcare,613537664.0,5004.43
MTPTF,Motorpoint Group plc,1.78,2,4,10,6,3,2,3,30,-10.0,25.0,Poor,🔥 COILED: Stay away,30,0.0,0.0,0.0,50.0,1,,Consumer Cyclical,141745376.0,88.75
CLIHF,CLS Holdings plc,1.8,2,4,10,6,3,2,3,30,-10.0,25.0,Poor,🔥 COILED: Stay away,30,0.0,0.0,0.0,50.0,1,,Real Estate,716599360.0,0.5
DYSL,Dynasil Corporation of America,1.8,9,3,11,9,3,2,3,40,-18.0,25.0,Poor,Stay away,42,0.0,0.0,0.0,83.9,1,,Technology,22198900.0,19.5
ENVB,Enveric Biosciences Inc,1.56,14,6,5,11,0,1,5,42,-20.0,25.0,Poor,Stay away,28,9.1,18.2,5.9,54.9,3,,Healthcare,7216493.0,1538476.56
PHBBF,"Pharmaron Beijing Co., Ltd.",1.93,2,4,10,6,3,2,3,30,-10.0,25.0,Poor,🔥 COILED: Stay away,31,0.0,0.0,0.0,50.0,0,,Healthcare,3545957120.0,4.0
VSTKF,VNV Global AB (publ),1.985,10,3,10,6,3,2,3,37,-15.0,25.0,Poor,Stay away,37,0.0,0.0,-0.0,5.5,1,,Financial Services,254093104.0,467.68
NEOV,NeoVolta Inc. Common Stock,2.82,15,5,8,13,5,3,5,54,-30,25,Poor,Stay away,51,32.4,25.9,19.3,62.6,4,,Industrials,110910976.0,610378.11
WIT,Wipro Limited ADR,1.99,11,8,4,6,2,1,5,37,-10.0,25.0,Poor,Stay away,29,2.1,11.8,1.7,52.4,2,,Technology,21610151936.0,9948261.57
SPIDY,Septeni Holdings Co Ltd ADR,2.13,2,4,10,6,3,2,3,30,-10.0,25.0,Poor,🔥 COILED: Stay away,30,0.0,0.0,0.0,50.0,0,,Communication Services,441858080.0,1.01
CMPX,Compass Therapeutics Inc.,1.99,1,12,5,5,6,2,2,33,-11.0,25.0,Poor,Stay away,25,2.6,-6.1,-1.9,45.2,1,,Healthcare,383587296.0,3688054.58
EXSPF,Expert.ai S.p.A,1.83,7,6,9,6,3,3,3,37,-15.0,25.0,Poor,Stay away,25,0.0,0.0,-0.1,39.1,1,,Technology,227302176.0,422.85
AIMFF,Aimia Inc,2.01,15,13,6,7,4,2,2,49,-22.0,25.0,Poor,Stay away,39,9.2,9.8,5.9,65.6,3,,Basic Materials,180244288.0,16294.06
CWID,Country-Wide Insurance Company,2.15,12,6,11,6,3,4,3,45,-23.0,25.0,Poor,Stay away,51,0.0,0.0,0.0,99.9,0,,Financial Services,nan,4.0
ATIIW,Archimedes Tech SPAC Partners II Co. Warrant,1.51,6,3,4,8,3,2,2,28,-3.0,25.0,Poor,Stay away,34,-4.4,-16.1,-10.4,43.8,0,,nan,nan,65860.77
ALSUF,ALSUF,2,2,4,10,6,3,2,3,30,-10.0,25.0,Poor,🔥 COILED: Stay away,0,0.0,0.0,0.0,50.0,0,,Financial Services,nan,0.0
CMCUF,CMCUF,2,2,4,10,6,3,2,3,30,-10.0,25.0,Poor,🔥 COILED: Stay away,0,0.0,0.0,0.0,50.0,0,,Financial Services,nan,0.0
PLSDF,Pulse Seismic Inc,2.25,0,5,6,7,2,3,2,25,0.0,25.0,Poor,Stay away,16,-0.9,-2.6,-2.5,38.8,0,,Energy,125265696.0,12000.34
ADWYF,ADWYF,2.259,2,4,10,6,3,2,3,30,-10.0,25.0,Poor,🔥 COILED: Stay away,30,0.0,0.0,0.0,50.0,0,,Communication Services,88286512.0,0.0
ANIX,Anixa Biosciences Inc,3.43,10,9,3,7,5,4,5,43,-16.0,25.0,Poor,Stay away,51,-3.7,-8.5,1.5,55.1,1,,Healthcare,87842984.0,195246.08
ORXGF,Orca Energy Group Inc,1.95,2,1,9,8,3,0,2,25,0.0,25.0,Poor,Stay away,12,-3.5,-3.5,-3.1,30.4,0,,Energy,48315192.0,0.0
SBYSF,Sibanye Stillwater Limited,2.08,6,7,8,6,3,3,2,35,-10.0,25.0,Poor,Stay away,28,0.0,0.0,-2.9,26.5,1,,Basic Materials,8424691712.0,1340.05
TRSBF,3SBio Inc,2.15,6,3,10,4,3,3,3,32,-10.0,25.0,Poor,Stay away,23,0.0,0.0,-1.1,35.5,0,,Healthcare,6251630592.0,792.52
JFHHF,Jupiter Fund Management Plc,2.61,12,6,11,6,3,4,3,45,-23.0,25.0,Poor,Stay away,54,0.0,0.0,0.0,99.9,0,,Financial Services,1310166528.0,276.5
LGYV,Legacy Ventures International Inc,2.5,2,4,10,6,3,2,3,30,-10.0,25.0,Poor,🔥 COILED: Stay away,30,0.0,0.0,0.0,50.0,0,,Financial Services,125787664.0,0.0
OZVN,OZ Vision Inc.,2.5,2,4,10,6,3,2,3,30,-10.0,25.0,Poor,🔥 COILED: Stay away,0,0.0,0.0,0.0,50.0,0,,Industrials,73432384.0,0.0
JUKCF,JUKCF,2.64,2,4,10,6,3,2,3,30,-10.0,25.0,Poor,🔥 COILED: Stay away,31,0.0,0.0,0.0,50.0,1,,Industrials,78030800.0,12.5
PEW,GrabAGun Digital Holdings Inc.,2.6,13,8,4,1,2,3,2,33,-13.0,25.0,Poor,🔥 COILED: Stay away,35,3.6,9.2,1.7,51.9,2,,Industrials,75264184.0,623156.97
AIPG,AI Technology Group Inc,2.5,5,4,10,6,3,4,3,35,-15.0,25.0,Poor,🔥 COILED: Stay away,50,0.0,0.0,-0.0,42.9,1,,Financial Services,4008782.0,60.66
XFCOX,Aberdeen Global Income Fd Inc,2.74,4,3,10,6,3,3,3,32,-10.0,25.0,Poor,Stay away,34,0.0,0.0,-0.0,36.9,0,,Other,0.0,0.0
IONZ,Defiance Daily Target 2x Short IONQ ETF,3.46,3,10,4,12,7,0,2,38,-11.0,25.0,Poor,Stay away,25,-22.4,-39.1,-18.9,42.5,0,,nan,nan,6716893.67
ZHAOF,Zhaojin Mining Industry Company Limited,2.06,3,5,10,5,3,1,3,30,-8.0,25.0,Poor,Stay away,0,0.0,0.0,-1.0,43.0,0,,Basic Materials,10485483520.0,0.0
IHPGF,IntegraFin Holdings plc,2.75,2,4,10,6,3,2,3,30,-10.0,25.0,Poor,🔥 COILED: Stay away,31,0.0,0.0,0.0,50.0,0,,Financial Services,908531712.0,1.0
IPFPF,International Personal Finance plc,2.83,7,3,10,7,3,2,3,35,-13.0,25.0,Poor,Stay away,44,0.0,0.0,0.0,94.9,0,,Financial Services,628432704.0,15.0
SARDF,Sanford Limited,2.78,5,3,10,9,3,2,3,35,-13.0,25.0,Poor,Stay away,34,0.0,0.0,-0.0,82.0,0,,Consumer Defensive,259947056.0,0.0
IXHL,Incannex Healthcare Ltd ADR,3.11,9,11,8,4,4,2,2,40,-13.0,25.0,Poor,Stay away,54,6.1,-1.6,-0.2,46.6,2,,Healthcare,36585212.0,909893.58
PFPLF,Propel Funeral Partners Limited,3,2,4,10,6,3,2,3,30,-10.0,25.0,Poor,🔥 COILED: Stay away,30,0.0,0.0,0.0,50.0,0,,Consumer Cyclical,413920800.0,0.0
FRFBF,ForFarmers N.V.,3.17,2,4,10,6,3,2,3,30,-10.0,25.0,Poor,🔥 COILED: Stay away,31,0.0,0.0,0.0,50.0,1,,Consumer Defensive,280641024.0,1.0
HLTRF,HLS Therapeutics Inc,2.98,4,6,1,7,3,3,3,27,-5.0,25.0,Poor,Stay away,15,0.0,-1.0,-1.4,38.0,1,,Healthcare,98516040.0,95.4
CANF,Can Fite Biopharma Ltd ADR,3.56,15,14,11,2,5,2,5,54,-27,25,Poor,Stay away,54,8.5,10.2,9.0,60.6,3,,Healthcare,6770448.0,523146.68
EKHIX,WELLS FARGO HIGH YIELD BOND FUND INSTITUTIONAL CLASS,3.0,7,7,3,6,0,4,3,30,-8.0,25.0,Poor,Stay away,33,0.3,0.3,-0.1,45.8,0,,nan,0.0,0.0
OUTKY,Outokumpu Oyj ADR,3.02,4,10,6,2,6,0,2,30,-8.0,25.0,Poor,Stay away,34,-6.5,-0.1,-3.4,46.4,1,,Basic Materials,3252506368.0,0.0
DAHSF,Dah Sing Financial Holdings Limited,3.34,5,4,9,4,3,2,3,30,-10.0,25.0,Poor,🔥 COILED: Stay away,33,0.0,0.0,0.0,50.0,0,,Financial Services,1067380800.0,0.52
CTNGY,Costain Group PLC,3.3,7,3,10,7,3,2,3,35,-13.0,25.0,Poor,Stay away,42,0.0,0.0,0.0,97.4,0,,Industrials,440679584.0,3.0
UPC,Universe Pharmaceuticals Inc,6.24,18,9,3,6,4,2,5,47,-20,25,Poor,Stay away,48,79.3,64.6,29.7,59.7,3,10,Healthcare,2154061.0,180529.37
XPIMX,Putnam Master Intermediate Income Trust,3.36,9,7,2,6,0,4,2,30,-8.0,25.0,Poor,Stay away,23,0.3,0.0,-0.1,45.8,0,,Other,0.0,0.0
CIIHF,CITIC Securities Company Limited,3.5,5,3,11,8,3,2,3,35,-13.0,25.0,Poor,Stay away,38,0.0,0.0,0.0,82.7,0,,Financial Services,49352417280.0,0.0
ZHUZF,Zhuzhou CRRC Times Electric Co. Ltd,3.65,2,4,10,6,3,2,3,30,-10.0,25.0,Poor,🔥 COILED: Stay away,30,0.0,0.0,0.0,50.0,0,,Industrials,4794186240.0,0.0
EENNF,ENAV S.p.A,3.52,2,4,10,6,3,2,3,30,-10.0,25.0,Poor,🔥 COILED: Stay away,30,0.0,0.0,0.0,50.0,0,,Industrials,1901944832.0,0.0
JPDYY,Japan Display Inc ADR,3.77,9,6,10,6,3,3,3,40,-15.0,25.0,Poor,Stay away,32,0.0,0.0,-0.2,30.1,1,,Technology,1424104448.0,50.0
ISLCF,ISLCF,3.69,2,4,10,6,3,2,3,30,-10.0,25.0,Poor,🔥 COILED: Stay away,30,0.0,0.0,0.0,50.0,0,,nan,1258648832.0,0.0
PGUCY,Prosegur Cash S.A,3.595,5,3,10,6,3,2,3,32,-10.0,25.0,Poor,Stay away,29,0.0,0.0,-0.0,0.0,0,,Industrials,1231464192.0,1.51
PXMBF,Paxman AB,3.5,2,4,10,6,3,2,3,30,-10.0,25.0,Poor,🔥 COILED: Stay away,31,0.0,0.0,0.0,50.0,0,,Healthcare,81456960.0,27.0
XPPTX,Putnam Premier Income Trust,3.67,9,7,2,6,0,4,2,30,-8.0,25.0,Poor,Stay away,24,0.3,0.0,-0.2,44.3,0,,Other,0.0,0.0
SBSTX,WESTERN ASSET SHORT-TERM BOND FUND CLASS A,3.66,7,7,3,6,0,4,3,30,-8.0,25.0,Poor,Stay away,27,0.0,0.3,-0.0,47.0,0,,nan,0.0,0.0
AIOT,"PowerFleet, Inc.",4.13,15,9,7,5,3,7,2,48,-28.0,25.0,Poor,🔥 COILED: Stay away,48,5.6,9.0,1.4,52.9,3,,Technology,511101120.0,1502688.51
FNFPA,First Niles Financial Inc. PFD SER A,3.8,5,3,10,6,3,2,3,32,-10.0,25.0,Poor,Stay away,31,0.0,0.0,-0.0,0.0,0,,Other,0.0,18.74
CHPXF,China Pacific Insurance (Group) Co. Ltd,3.65,4,4,10,5,3,5,3,34,-12.0,25.0,Poor,Stay away,0,0.0,0.0,-0.5,62.9,0,,Financial Services,64183500800.0,777.5
CYRBY,Cyrela Brazil Realty SA,4.21,6,4,8,9,2,2,2,33,-8.0,25.0,Poor,Stay away,19,-1.9,0.2,-3.5,47.1,0,,Consumer Cyclical,1476377856.0,11084.08
CUGCY,China Oriental Group Co Ltd ADR,4.2,6,3,11,7,3,2,3,35,-13.0,25.0,Poor,Stay away,38,0.0,0.0,0.0,95.7,0,,Basic Materials,876665024.0,2.5
BTQ,BTQ Technologies Corp. Common Stock,4.0,7,9,11,10,9,2,4,52,-25.0,25.0,Poor,Stay away,45,13.0,20.1,6.2,53.7,4,,Technology,599370304.0,3522258.8
ADWPF,Andrew Peller Limited,5.65,16,1,10,6,3,6,3,45,-23.0,25.0,Poor,Stay away,55,0.0,0.0,1.4,80.2,0,,Consumer Defensive,182081232.0,0.0
RAFI,Regency Affiliates Inc,4.22,3,8,7,5,3,5,2,33,-8.0,25.0,Poor,Stay away,34,-0.7,-1.9,-1.0,33.4,0,,Financial Services,18741268.0,1231.71
OTPMF,OPTiM Corporation,4.42,2,4,10,6,3,2,3,30,-10.0,25.0,Poor,🔥 COILED: Stay away,31,0.0,0.0,0.0,50.0,0,,Technology,240884000.0,4.5
MMT,MFS Multimarket Income Trust,4.38,8,10,4,3,2,3,3,33,-8.0,25.0,Poor,Stay away,24,0.9,1.6,-0.0,47.9,1,,Financial Services,245301904.0,92632.53
ALEDY,Allied Group Ltd ADR,5,2,4,10,6,3,2,3,30,-10.0,25.0,Poor,🔥 COILED: Stay away,30,0.0,0.0,0.0,50.0,1,,Financial Services,702736896.0,0.0
AECLY,AE & CI Ltd. (South Africa) ADR,5.0,5,3,10,6,3,2,3,32,-10.0,25.0,Poor,Stay away,27,0.0,0.0,-0.0,0.0,0,,Basic Materials,527588864.0,4.5
MDNC,Medinotec Inc.,5,2,4,10,6,3,2,3,30,-10.0,25.0,Poor,🔥 COILED: Stay away,31,0.0,0.0,0.0,50.0,0,,Healthcare,58777740.0,5.0
YI,111 Inc,3.79,6,10,5,4,3,4,2,34,-13.0,25.0,Poor,Stay away,15,-1.6,-0.3,-1.8,46.3,1,,Healthcare,41521668.0,25838.93
FOSL,Fossil Group Inc,5.82,18,4,6,15,5,1,5,54,-29.2,24.8,Broken,Avoid/exit,82,19.5,45.9,20.2,74.6,3,,Consumer Cyclical,240543520.0,809402.87
CGMLF,Chalice Mining Limited,0.86,11,7,13,8,3,4,5,51,-27.0,24.0,Broken,Avoid/exit,36,13.2,13.2,8.0,65.3,4,,Basic Materials,346654752.0,4332.68
PMCOF,Prospector Metals Corp.,0.898,14,8,8,10,4,1,5,50,-26.0,24.0,Broken,Avoid/exit,49,10.9,9.6,6.9,56.8,3,,Basic Materials,167798512.0,164338.0
NWPIF,ClearStream Energy Services Inc,0.983,3,5,3,8,0,0,2,21,0.0,24.0,Broken,Avoid/exit,30,-5.5,7.1,-4.2,40.1,0,,Energy,133101504.0,0.0
AZI,Autozi Internet Technology (Global) Ltd. Class A Ordinary Shares,1.6,14,14,6,6,3,2,2,47,-28,24,Broken,Avoid/exit,47,36.8,29.0,22.9,57.4,3,,Consumer Cyclical,3280622.0,512297.58
SSIXX,State Street Institutional Liquid Reserves Fund,1.0,4,3,10,6,3,2,3,31,-10.0,24.0,Broken,Avoid/exit,33,0.0,0.0,-0.0,0.0,0,,nan,nan,0.0
SSHXX,State Street Institutional Liquid Reserves Fund,1.0,4,3,10,6,3,2,3,31,-10.0,24.0,Broken,Avoid/exit,33,0.0,0.0,-0.0,0.0,0,,nan,nan,0.0
SSVXX,State Street Institutional Liquid Reserves Fund,1.0,4,3,10,6,3,2,3,31,-10.0,24.0,Broken,Avoid/exit,32,0.0,0.0,-0.0,0.0,0,,nan,nan,0.0
SSYXX,State Street Institutional Liquid Reserves Fund,1.0,4,3,10,6,3,2,3,31,-10.0,24.0,Broken,Avoid/exit,32,0.0,0.0,-0.0,0.0,0,,nan,nan,0.0
SSZXX,State Street Institutional Liquid Reserves Fund,1.0,4,5,10,6,3,2,3,33,-12.0,24.0,Broken,Avoid/exit,33,0.0,0.0,-0.0,67.6,0,,nan,nan,0.0
TILXX,State Street Institutional Investment Trust - International Liquid Reserves Fund,1.0,4,3,10,6,3,2,3,31,-10.0,24.0,Broken,Avoid/exit,32,0.0,0.0,-0.0,0.0,0,,nan,nan,0.0
TSMXX,TSMXX,1.0,3,4,10,5,3,1,3,29,-10.0,24.0,Broken,🔥 COILED: Avoid/exit,26,0.0,0.0,-1.4,41.3,0,,nan,nan,0.0
MPCMF,Mapletree Commercial Trust,0.998,4,6,6,4,3,5,3,31,-10.0,24.0,Broken,Avoid/exit,24,0.0,0.0,-0.4,38.4,0,,Real Estate,5627854336.0,187.31
VANI,Vivani Medical Inc.,1.36,13,6,8,2,7,3,2,41,-17.0,24.0,Broken,Avoid/exit,58,4.6,-2.2,1.8,52.9,1,,Healthcare,108656232.0,270245.11
MTEK,Maris Tech Ltd,1.16,11,8,6,11,3,2,5,46,-20.0,24.0,Broken,Avoid/exit,32,1.8,11.5,5.4,55.7,3,,Technology,11395885.0,437305.42
CGPZF,C&C Group plc,1.34,6,3,10,5,3,4,3,34,-10.0,24.0,Broken,Avoid/exit,31,0.0,0.0,-0.7,36.4,0,,Consumer Defensive,537767552.0,0.0
KMRK,K-Tech Solutions Company Limited Class A Ordinary Shares,1.23,11,8,9,15,2,2,5,52,-28,24,Broken,Avoid/exit,29,27.9,20.6,11.5,56.7,3,,Consumer Cyclical,40090000.0,125010.36
RKTO,RKTO,0.793,4,9,7,6,2,2,2,32,-8.0,24.0,Broken,Avoid/exit,25,0.3,-5.6,-4.7,43.8,0,,nan,39406772.0,3183556.8
BCCMY,BAIC Motor Corporation Limited,1.135,4,6,7,5,3,3,3,31,-10.0,24.0,Broken,Avoid/exit,25,0.0,0.0,-1.3,24.8,0,,Consumer Cyclical,1242377344.0,150.35
BLNC,Balance Labs Inc,1.55,5,5,10,6,3,2,3,34,-15.0,24.0,Broken,🔥 COILED: Avoid/exit,38,0.0,0.0,-0.0,40.2,1,,Industrials,72621096.0,219.98
UNLRY,Unilever Indonesia Tbk PT ADR,1.92,1,3,7,8,3,0,2,24,0.0,24.0,Broken,Avoid/exit,30,-7.2,-11.5,-5.2,35.2,0,,Consumer Defensive,3814257920.0,0.0
CLIK,Click Holdings Limited,1.42,4,12,6,3,3,4,3,35,-11.0,24.0,Broken,Avoid/exit,23,-0.7,-11.3,-4.1,43.7,1,,Consumer Cyclical,6395545.0,901360.45
WMTN,WestMountain Gold Inc,0.676,4,6,8,5,3,7,3,36,-15.0,24.0,Broken,Avoid/exit,19,0.0,0.0,-8.5,30.4,1,,Basic Materials,36252956.0,26.61
FHIRX,FRANKLIN HIGH INCOME FUND CLASS R,1.8,7,7,2,6,0,4,3,29,-8.0,24.0,Broken,Avoid/exit,30,0.6,0.0,-0.2,45.2,0,,nan,0.0,0.0
EMNSF,Elementis plc,2.07,4,3,8,6,3,4,3,31,-10.0,24.0,Broken,Avoid/exit,0,0.0,0.0,-0.1,14.9,0,,Basic Materials,1282643968.0,0.0
FRACF,Foraco International SA,1.93,13,14,6,4,3,2,4,46,-22.0,24.0,Broken,Avoid/exit,27,19.1,11.6,9.7,61.5,3,,Basic Materials,214512928.0,8214.32
HMENF,Hemisphere Energy Corporation,1.75,2,7,2,9,2,0,2,24,0.0,24.0,Broken,Avoid/exit,24,-3.8,-9.4,-3.6,39.3,0,,Energy,201044560.0,59181.25
HUYA,HUYA Inc,2.41,9,8,8,6,2,3,2,38,-14.0,24.0,Broken,Avoid/exit,18,-2.8,0.4,-0.9,47.6,1,,Communication Services,588265472.0,1459503.84
XDNCF,XD Inc,2.7,5,4,9,6,0,2,3,29,-10.0,24.0,Broken,🔥 COILED: Avoid/exit,35,0.0,0.0,0.0,50.0,0,,Communication Services,1301346432.0,1.75
XMINX,MFS Intermediate Income Trust,2.59,4,9,3,6,3,4,2,31,-10.0,24.0,Broken,Avoid/exit,25,0.4,0.4,-0.1,42.8,0,,Other,0.0,0.0
WFCNP,Wells Fargo & Company PFD DIV EQUALIZ,2.75,9,6,11,6,3,6,3,44,-23.0,24.0,Broken,Avoid/exit,59,0.0,0.0,0.0,99.9,0,,Other,nan,34.26
WBDSF,WBDSF,3.0,7,3,10,4,3,1,3,31,-10.0,24.0,Broken,Avoid/exit,24,0.0,0.0,-0.1,2.5,0,,Industrials,2966396416.0,7.87
YDES,YD Bio Ltd,2.364,4,13,6,9,3,4,5,44,-18.0,24.0,Broken,Avoid/exit,38,7.5,15.9,2.6,49.3,3,,Healthcare,255701152.0,0.0
XGUTX,Gabelli Utility Trust,3.05,2,11,2,6,3,3,2,29,-8.0,24.0,Broken,Avoid/exit,22,-0.3,-2.6,-1.4,40.1,0,,Other,0.0,0.0
RXRX,Recursion Pharmaceuticals Inc,3.18,7,11,7,2,7,2,2,38,-15.0,24.0,Broken,Avoid/exit,33,4.6,5.6,0.4,49.4,1,,Healthcare,2016896384.0,26007332.71
AFCG,AFC Gamma Inc,2.76,8,10,8,4,2,2,2,36,-12.0,24.0,Broken,Avoid/exit,36,3.0,4.5,-1.3,44.2,2,,Financial Services,86115568.0,289167.35
YHGJ,Yunhong Green CTI Ltd.,3.125,5,12,5,4,5,2,4,37,-13.0,24.0,Broken,Avoid/exit,35,5.2,6.7,3.7,52.3,2,,Consumer Cyclical,9602018.0,52753.5
CRRFY,Carrefour SA PK,3.68,5,10,0,8,2,3,2,30,-6.0,24.0,Broken,Avoid/exit,42,-0.3,-2.0,-0.4,48.0,0,,Consumer Defensive,12843181056.0,281093.57
HIO,Western Asset High Income Opportunity Closed Fund,3.54,5,7,3,7,0,3,2,27,-3.0,24.0,Broken,Avoid/exit,31,0.9,-0.8,-0.7,42.6,1,,Financial Services,412730600.0,421712.74
MTC,MMTEC Inc,2.995,7,5,4,8,0,4,5,33,-9.0,24.0,Broken,Avoid/exit,27,-23.8,1.5,-6.4,46.1,1,,Technology,397355360.0,2815057.1
EVAX,Evaxion Biotech AS,2.995,8,13,9,4,4,2,2,42,-16.0,24.0,Broken,Avoid/exit,20,5.8,-1.8,0.0,46.4,2,,Healthcare,32276632.0,548888.53
KSTOF,Kistos Holdings Plc,3.88,5,4,10,6,0,6,3,34,-15.0,24.0,Broken,🔥 COILED: Avoid/exit,50,0.0,0.0,-0.0,49.9,1,,Energy,546491392.0,78.63
GOGO,Gogo Inc,3.64,3,6,1,11,0,2,3,26,-3.0,24.0,Broken,Avoid/exit,26,-12.0,-3.4,-7.8,44.7,0,,Communication Services,557182720.0,2066042.14
CMND,Clearmind Medicine Inc. Common Shares,1.75,9,13,8,1,7,2,2,42,-16.0,24.0,Broken,Avoid/exit,49,8.0,5.4,-2.8,44.5,2,,Healthcare,2985766.0,649106.03
LDLRX,LORD ABBETT SHORT DURATION INCOME FUND CLASS R3,3.83,3,6,5,6,0,4,3,27,-8.0,24.0,Broken,🔥 COILED: Avoid/exit,22,0.0,0.0,-0.1,41.5,0,,nan,0.0,0.0
ISMOX,VOYA MIDCAP OPPORTUNITIES PORTFOLIO CLASS S,3.23,8,7,4,6,0,2,2,29,-10.0,24.0,Broken,🔥 COILED: Avoid/exit,21,1.3,0.3,-1.8,41.0,0,,nan,0.0,0.0
VRHYX,VIRTUS HIGH YIELD FUND CLASS R6,3.78,6,7,3,6,0,4,3,29,-8.0,24.0,Broken,Avoid/exit,31,0.3,0.3,-0.1,44.0,0,,nan,0.0,0.0
MXEGX,GREAT-WEST CORE STRATEGIES: INFLATION-PROTECTED SECURITIES FUND INSTITUTIONAL CLASS,3.75,4,6,6,6,0,4,3,29,-8.0,24.0,Broken,Avoid/exit,20,-0.3,0.0,-0.2,42.5,0,,nan,nan,0.0
MSOX,AdvisorShares Trust - AdvisorShares MSOS 2x Daily ETF,2.34,6,13,6,0,3,2,2,32,-8.0,24.0,Broken,Avoid/exit,31,4.0,1.3,-2.7,45.9,1,,nan,nan,2059210.21
RSGUF,Rogers Sugar Inc,4.78,4,2,6,10,3,1,2,28,-4.0,24.0,Broken,Avoid/exit,33,-4.8,-4.6,-3.2,26.0,0,,Consumer Defensive,631070272.0,17640.82
ASTL,Algoma Steel Group Inc,3.97,7,5,2,11,0,6,5,36,-12.0,24.0,Broken,Avoid/exit,34,3.5,-8.7,-2.8,46.7,1,,Basic Materials,549601664.0,1563113.04
RXST,Rxsight Inc,6.08,8,7,4,16,3,1,5,44,-20.0,24.0,Broken,Avoid/exit,48,0.0,13.2,5.2,58.6,3,,Healthcare,211122704.0,853716.75
LWSIX,WESTERN ASSET GLOBAL STRATEGIC INCOME FUND CLASS C,4.93,6,7,3,6,0,4,3,29,-8.0,24.0,Broken,Avoid/exit,26,0.2,0.4,-0.1,43.1,0,,nan,0.0,0.0
PDVYX,PUTNAM DIVERSIFIED INCOME TRUST CLASS Y SHARES,4.91,9,7,2,6,0,4,3,31,-10.0,24.0,Broken,Avoid/exit,28,0.4,0.2,-0.1,46.7,0,,nan,0.0,0.0
TOMZ,TOMI Environmental Solutions Inc,1.84,17,8,6,10,5,2,5,53,-30,23,Broken,Avoid/exit,59,15.0,12.9,22.5,68.2,4,,Industrials,23436502.0,299839.54
SWSXX,SWSXX,1.0,3,4,10,4,3,1,3,28,-10.0,23.0,Broken,🔥 COILED: Avoid/exit,25,0.0,0.0,-1.0,44.1,0,,nan,nan,0.0
BYSD,Bayside Corp,1.07,10,6,5,7,6,1,3,38,-15.0,23.0,Broken,Avoid/exit,53,-3.6,-1.7,-0.9,47.9,1,,Technology,17124206.0,352.0
FCHL,Fitness Champs Holdings Limited Common Stock,1.23,11,7,7,3,4,3,2,37,-15.0,23.0,Broken,Avoid/exit,35,21.8,6.0,5.1,53.2,2,,Consumer Defensive,1780301.0,0.0
OMZNF,Osisko Metals Incorporated,1.3,18,9,6,5,9,2,4,53,-28,23,Broken,Avoid/exit,53,15.0,15.7,9.5,59.9,4,,Basic Materials,988627776.0,113344.76
PMVP,Pmv Pharmaceuticals Inc,1.18,1,10,1,8,4,2,2,28,-3.0,23.0,Broken,Avoid/exit,32,4.4,-11.3,-1.4,47.3,1,,Healthcare,63464808.0,711521.19
EFGD,Eurobank Ergasias Services And Holdings SA,1.0,4,3,10,4,3,3,3,30,-10.0,23.0,Broken,Avoid/exit,15,0.0,0.0,-0.8,0.8,0,,nan,nan,0.0
AMRQF,Amaroq Ltd.,1.422,14,5,6,9,5,4,5,48,-23.0,23.0,Broken,Avoid/exit,59,3.9,16.1,9.8,72.2,3,,Basic Materials,568562432.0,119612.58
PECN,Photoelectron Corp,1.038,2,4,4,9,0,0,4,23,-5.0,23.0,Broken,🔥 COILED: Avoid/exit,17,-7.5,-8.2,-3.3,42.0,1,,Healthcare,20110000.0,17.03
LOVFF,Cannara Biotech Inc,1.38,12,9,2,6,7,3,5,44,-21.0,23.0,Broken,Avoid/exit,65,0.4,6.2,3.3,57.2,0,,Healthcare,114587280.0,6142.77
HSDT,Helius Medical Technologies Inc Class A,1.68,8,6,8,5,3,3,2,35,-12.0,23.0,Broken,Avoid/exit,31,-1.2,-1.2,-0.9,48.3,1,,Financial Services,70647880.0,650327.02
NPT,Texxon Holding Ltd.,3.81,14,3,8,12,6,3,5,51,-28.0,23.0,Broken,Avoid/exit,38,24.1,38.5,27.0,74.4,3,,Consumer Cyclical,27509400.0,0.0
ADSLF,Andean Silver Limited,1.52,13,8,11,7,3,4,5,51,-26.0,23.0,Broken,Avoid/exit,54,10.1,10.9,8.2,58.8,4,,Basic Materials,318289600.0,175342.05
AMS,American Shared Hospital Service,1.46,4,3,5,11,0,0,2,25,-5.0,23.0,Broken,Avoid/exit,30,0.0,2.1,-1.6,47.6,1,,Healthcare,9142500.0,72136.82
EZGO,EZGO Technologies Ltd,1.0,4,12,3,4,6,2,2,33,-13.0,23.0,Broken,Avoid/exit,33,6.5,-6.5,-3.3,44.5,2,,Consumer Cyclical,3504966.0,193985.04
HHLKF,Hot Chili Limited,1.16,5,15,8,4,3,2,2,39,-16.0,23.0,Broken,Avoid/exit,42,10.5,2.7,2.3,50.4,2,,Basic Materials,298214912.0,56334.75
USIO,Usio Inc,2.31,17,8,2,7,5,3,5,47,-24.0,23.0,Broken,Avoid/exit,65,7.9,22.2,7.9,61.2,4,,Technology,42773788.0,65122.92
MPJPY,Metaplanet Inc.,1.44,5,14,6,2,3,3,2,35,-13.0,23.0,Broken,Avoid/exit,21,3.6,-1.4,0.5,49.5,0,,nan,nan,0.0
MPGPF,PageGroup plc,1.4,3,3,10,5,3,3,3,30,-10.0,23.0,Broken,Avoid/exit,0,0.0,0.0,-0.9,17.8,0,,Industrials,488840832.0,0.0
ITFY,Interfoundry Inc,3.98,12,4,5,5,4,3,5,38,-15.0,23.0,Broken,Avoid/exit,52,0.0,-11.6,14.2,56.7,1,,Energy,171038304.0,417.97
GDTRF,Gladiator Metals Corp,2.34,14,14,7,5,6,4,3,53,-28.0,23.0,Broken,Avoid/exit,62,15.3,9.3,10.7,58.1,3,,Basic Materials,175606112.0,41416.9
SHWGY,Shandong Weigao Group Medical Polymer Co Ltd ADR,1.6,6,6,10,5,0,3,3,33,-10.0,23.0,Broken,Avoid/exit,21,0.0,0.0,-0.5,37.7,0,,Healthcare,1935832832.0,0.0
ONXYY,Ontex Group NV,1.79,5,3,10,4,3,2,3,30,-10.0,23.0,Broken,Avoid/exit,19,0.0,0.0,-0.0,0.0,0,,Consumer Defensive,285445952.0,37.25
CTNT,Cheetah Net Supply Chain Service Inc. Class A Common Stock,1.85,14,6,4,12,2,2,3,43,-18.0,23.0,Broken,Avoid/exit,56,-1.1,24.2,4.9,55.0,3,,Industrials,5149340.0,358949.86
LICN,Lichen China Limited Class A Ordinary Shares,1.19,9,13,5,2,3,4,2,38,-13.0,23.0,Broken,Avoid/exit,20,9.2,0.0,-4.5,44.7,2,,Industrials,29915022.0,101320.06
RMSG,Real Messenger Corporation Ordinary Shares,0.41,7,10,9,5,3,2,2,38,-13.0,23.0,Broken,Avoid/exit,29,22.4,-0.3,1.8,46.3,2,,Technology,9878278.0,5816471.26
SIEB,Siebert Financial Corp,1.66,7,12,9,3,3,2,2,38,-15.0,23.0,Broken,Avoid/exit,28,3.7,-3.5,0.1,48.5,2,,Financial Services,80653648.0,34031.42
SY,So-Young International Inc,2.11,12,12,7,6,5,5,5,52,-29,23,Broken,Avoid/exit,30,15.3,9.9,11.9,64.5,3,,Healthcare,203772144.0,825419.92
HUATF,Huatai Securities Co. Ltd,2.1,10,6,11,6,3,4,3,43,-23.0,23.0,Broken,Avoid/exit,45,0.0,0.0,0.0,95.0,0,,Financial Services,18956412928.0,15.4
PBMRY,Bumi Resources Tbk PT ADR,2.23,5,3,10,6,3,3,3,33,-10.0,23.0,Broken,Avoid/exit,23,0.0,0.0,-0.2,8.5,0,,Energy,7370450432.0,33.51
MMTOF,Mitsubishi Motors Corp.,2.5,17,4,8,6,4,2,5,46,-23.0,23.0,Broken,Avoid/exit,46,0.0,6.4,6.0,89.9,0,,Consumer Cyclical,2716855808.0,0.0
HUTCY,Hutchison Telecommunications Hong Kong Holdings Ltd ADR,2.0,1,5,1,8,3,2,3,23,0.0,23.0,Broken,Avoid/exit,26,-9.1,-9.1,-6.7,38.4,0,,Communication Services,671460736.0,223.27
QUEXF,Q2 Metals Corp.,1.69,2,7,6,10,4,0,2,31,-8.0,23.0,Broken,Avoid/exit,42,-8.4,-7.2,-7.0,38.5,1,,Basic Materials,426579008.0,35922.09
AREC,American Resources Corp Class A,2.27,14,7,8,12,4,2,5,52,-29.0,23.0,Broken,Avoid/exit,42,24.0,28.2,18.8,67.8,4,,Basic Materials,254591632.0,5338498.57
ABOS,Acumen Pharmaceuticals Inc,2.28,4,13,5,3,6,2,2,35,-13.0,23.0,Broken,Avoid/exit,43,5.1,5.1,0.5,49.2,2,,Healthcare,165401168.0,469703.54
MGMLF,Maple Gold Mines Ltd,2.01,14,14,9,4,3,5,4,53,-28,23,Broken,Avoid/exit,54,5.2,8.9,7.0,57.1,3,,Basic Materials,158748976.0,78437.71
ORXOY,Orexo AB ADR,1.77,3,6,2,11,1,3,2,28,-5.0,23.0,Broken,Avoid/exit,19,0.0,0.0,-2.9,26.6,1,,Healthcare,71834832.0,21.54
MOGU,MOGU Inc,1.87,6,4,6,12,1,0,2,31,-8.0,23.0,Broken,Avoid/exit,13,-10.1,-0.5,-5.3,44.1,0,,Consumer Cyclical,16837700.0,382380.88
AOGO,Arogo Capital Acquisition Corp,2.0,8,3,10,6,3,2,3,35,-15.0,23.0,Broken,Avoid/exit,28,0.0,0.0,-0.0,0.0,1,,Financial Services,8746994.0,4.82
FOCIF,Focusrite plc,2.14,5,3,7,6,3,3,3,30,-10.0,23.0,Broken,Avoid/exit,27,0.0,0.0,-0.7,34.4,0,,Consumer Cyclical,150405360.0,38.4
BZUN,Baozun Inc,2.9,15,7,3,12,3,4,3,47,-24.0,23.0,Broken,Avoid/exit,57,-2.7,17.9,2.8,55.3,3,,Consumer Cyclical,154040240.0,322771.35
MTGRY,Mount Gibson Iron Ltd ADR,2.825,7,3,10,6,0,6,3,35,-15.0,23.0,Broken,Avoid/exit,38,0.0,0.0,-0.0,10.7,1,,Basic Materials,333471104.0,293.08
HNSBF,Hansa Biopharma AB (publ),3.7,18,4,5,12,3,6,5,53,-30,23,Broken,Avoid/exit,66,27.6,27.6,15.1,100.0,3,,Healthcare,289228480.0,162.3
PIM,Putnam Master Intermediate Income Trust,3.14,4,14,2,2,4,3,2,31,-8.0,23.0,Broken,Avoid/exit,28,1.6,-0.3,-0.0,48.2,1,,Financial Services,150335136.0,116653.95
CRE,Cre8 Enterprise Limited Class A Ordinary Shares,2.71,10,8,6,0,3,4,2,33,-8.0,23.0,Broken,Avoid/exit,43,4.6,2.2,-0.2,48.9,0,,Industrials,6303773.0,322380.25
BNZI,Banzai International Inc,1.91,3,12,3,4,3,4,2,31,-8.0,23.0,Broken,Avoid/exit,23,4.9,-14.3,-12.1,40.2,1,,Technology,4587603.0,102026.95
UBXG,U-BX Technology Ltd. Ordinary Shares,10.5,18,9,5,5,6,7,5,55,-30,23,Broken,Avoid/exit,57,17.2,83.6,42.4,71.9,4,,Communication Services,5508637.0,45489.35
BBXIB,BBX Capital Inc,5.0,18,4,6,12,6,2,5,53,-30,23,Broken,Avoid/exit,49,0.0,16.3,7.9,85.8,3,,Industrials,49186460.0,15.11
MLLUY,Metallurgical Corporation of China Ltd ADR,3.558,4,6,4,5,3,5,3,30,-10.0,23.0,Broken,Avoid/exit,19,0.0,0.0,-0.2,28.4,0,,Industrials,3680521472.0,19.65
KSKGF,Kingsgate Consolidated Limited,3.15,6,9,9,5,3,2,2,36,-13.0,23.0,Broken,Avoid/exit,24,11.0,7.9,3.8,51.3,1,,Basic Materials,1105297664.0,0.0
TMQ,Trilogy Metals Inc,3.6,14,10,11,7,3,2,5,52,-27.0,23.0,Broken,Avoid/exit,33,13.2,13.9,10.1,60.9,4,,Basic Materials,659124288.0,6830924.04
NCT,Intercont (Cayman) Limited Ordinary shares,3.52,13,16,4,10,5,0,5,53,-30.0,23.0,Broken,Avoid/exit,67,3.5,15.0,8.0,62.1,4,,Industrials,5837400.0,1382340.35
MGLUY,Magazine Luiza S.A,3.72,4,6,6,2,0,7,5,30,-10.0,23.0,Broken,Avoid/exit,19,0.5,-4.1,-2.2,46.0,0,,Consumer Cyclical,1021243008.0,405.52
SKYC,Qualis Innovations Inc,4.12,10,8,3,14,4,2,2,43,-20.0,23.0,Broken,Avoid/exit,30,0.0,36.9,2.3,50.7,3,,Financial Services,535975968.0,235.38
DIBS,1Stdibs.Com Inc,4.96,17,8,4,8,9,1,5,52,-29,23,Broken,Avoid/exit,51,18.9,20.1,10.4,63.1,4,,Communication Services,149460752.0,206553.91
ADVB,Advanced Biomed Inc. Common Stock,7.44,10,5,1,10,2,4,5,37,-14.0,23.0,Broken,Avoid/exit,52,-26.2,-55.7,-14.6,47.3,0,,Healthcare,7175613.0,207362.59
REMYY,Remy Cointreau SA ADR,5.18,9,10,1,3,6,4,3,36,-13.0,23.0,Broken,Avoid/exit,57,-6.2,2.4,-0.9,49.9,0,,Consumer Defensive,2490254848.0,16491.45
ECTXF,Electrolux Professional AB (publ),4.65,5,3,10,4,3,2,3,30,-10.0,23.0,Broken,Avoid/exit,19,0.0,0.0,-0.1,0.1,0,,Industrials,1336398080.0,96.25
PSTCX,VIRTUS MULTI-SECTOR SHORT TERM BOND FUND CLASS C,4.61,6,6,3,6,0,4,3,28,-8.0,23.0,Broken,Avoid/exit,26,0.0,0.2,-0.1,44.1,0,,nan,0.0,0.0
VMSSX,VIRTUS MULTI-SECTOR SHORT TERM BOND FUND CLASS R6,4.56,6,6,3,6,0,4,3,28,-8.0,23.0,Broken,Avoid/exit,27,0.0,0.2,-0.1,44.3,0,,nan,0.0,0.0
ESFAX,ASHMORE EMERGING MARKETS SHORT DURATION FUND CLASS A,4.78,5,9,4,6,3,4,2,33,-10.0,23.0,Broken,Avoid/exit,32,0.0,0.2,-0.2,37.9,0,,nan,0.0,0.0
AVCTF,Avacta Group Plc,0.94,5,10,4,4,3,7,2,35,-13.0,22.0,Broken,Avoid/exit,43,3.7,3.7,-0.1,43.2,1,,Healthcare,455110272.0,5244.28
BCDA,Biocardia Inc,0.95,7,6,3,3,4,2,5,30,-13.0,22.0,Broken,🔥 COILED: Avoid/exit,28,23.3,4.4,6.7,55.0,2,,Healthcare,11715965.0,1017397.27
ESHSF,Eddy Smart Home Solutions Ltd.,1,5,4,9,6,3,2,3,32,-15.0,22.0,Broken,🔥 COILED: Avoid/exit,40,0.0,0.0,0.0,50.0,1,,Technology,6128623.0,400.0
TWODF,Taylor Wimpey plc,1.04,1,5,7,5,4,5,2,29,-10.0,22.0,Broken,Avoid/exit,26,-2.8,-3.7,-1.2,45.7,0,,Consumer Cyclical,3299808768.0,0.0
NZTCF,Spark New Zealand Ltd,1.1,13,5,7,2,1,1,4,33,-10.0,22.0,Broken,Avoid/exit,24,-2.7,5.8,0.7,53.1,0,,Communication Services,2192526848.0,0.0
SVIN,Scheid Vineyards Inc,1.0,15,4,5,11,4,1,5,45,-23.0,22.0,Broken,Avoid/exit,28,0.0,44.9,16.9,78.3,3,,Consumer Defensive,981076.0,247.26
UBSFY,UbiSoft Entertainment Inc,1.14,5,6,3,7,3,0,2,26,-5.0,22.0,Broken,Avoid/exit,37,-12.3,7.5,-5.0,44.8,1,,Communication Services,747698944.0,191873.9
GROV,"Grove Collaborative Holdings, Inc.",1.12,4,13,8,2,4,6,3,40,-16.0,22.0,Broken,Avoid/exit,35,3.7,4.7,0.8,49.6,1,,Consumer Defensive,51484396.0,66449.71
CGTX,Cognition Therapeutics Inc,1.13,13,14,8,6,3,2,4,50,-28,22,Broken,Avoid/exit,37,23.4,17.7,12.8,59.3,4,,Healthcare,115908880.0,1883992.54
CABR,"Caring Brands, Inc. Common Stock",1.61,17,10,5,10,6,0,5,53,-27.0,22.0,Broken,Avoid/exit,55,3.2,15.8,9.6,66.0,3,,Healthcare,10727977.0,143622.4
ACMDY,Atlas Consolidated Mining and Development Corporation,1.35,2,4,10,6,0,2,3,27,-10.0,22.0,Broken,🔥 COILED: Avoid/exit,28,0.0,0.0,0.0,50.0,0,,Basic Materials,398445888.0,5.07
HNFD,HNFD,1.35,5,3,10,6,0,2,3,29,-10.0,22.0,Broken,Avoid/exit,31,0.0,0.0,-0.0,0.0,0,,Industrials,nan,142.65
NXTN,Next10 Inc,1.65,3,6,1,9,3,0,5,27,-5.0,22.0,Broken,Avoid/exit,29,-29.2,-17.5,-16.4,45.3,1,,Industrials,267160864.0,0.0
ATDRY,Auto Trader Group PLC ADR,1.66,12,4,4,12,3,1,4,40,-18.0,22.0,Broken,Avoid/exit,45,-4.0,7.1,-0.3,51.3,0,,Communication Services,4897204736.0,1047595.74
BBMPY,BBMG Corp ADR,1.52,5,4,9,4,0,2,3,27,-10.0,22.0,Broken,🔥 COILED: Avoid/exit,22,0.0,0.0,0.0,50.0,1,,Basic Materials,811510592.0,2.25
MCCRF,Mccoy Global Inc,1.55,5,10,9,3,2,3,3,35,-13.0,22.0,Broken,Avoid/exit,31,0.6,0.6,-0.1,48.1,0,,Energy,43165048.0,10235.23
FPLPF,Provident Financial plc,1.561,9,6,5,7,0,2,3,32,-13.0,22.0,Broken,Avoid/exit,46,0.0,0.0,0.0,100.0,0,,Financial Services,390818016.0,111.63
FENG,Phoenix New Media Limited,1.48,8,13,4,1,3,2,2,33,-11.0,22.0,Broken,Avoid/exit,25,0.0,2.8,-0.3,48.2,1,,Communication Services,19457458.0,7743.31
XJNGF,Xinjiang Goldwind Science & Technology Co. Ltd,1.16,6,6,8,4,3,3,2,32,-10.0,22.0,Broken,Avoid/exit,17,-0.9,-0.9,-4.6,31.1,0,,Industrials,7264916480.0,819.0
FFXXF,Helios Fairfax Partners Corporation,2.05,15,4,5,5,3,4,5,41,-17.0,22.0,Broken,Avoid/exit,55,1.0,0.5,5.0,68.2,0,,Financial Services,184906432.0,4121.5
TURB,"Turbo Energy, S.A. American Depositary Shares",1.36,3,3,9,11,3,0,2,31,-9.0,22.0,Broken,Avoid/exit,24,-8.7,-11.1,-6.1,42.8,2,,Technology,20789652.0,2972179.76
PKCPY,AKR Corporindo Tbk PT ADR,1.63,4,3,9,6,3,1,3,29,-10.0,22.0,Broken,Avoid/exit,20,0.0,0.0,-0.2,38.7,0,,Energy,1409743616.0,20.9
HCAT,Health Catalyst Inc,2.31,17,6,10,7,5,6,4,55,-29.0,22.0,Broken,Avoid/exit,65,11.1,14.9,6.5,61.6,3,,Healthcare,99756920.0,865084.89
GENK,"GEN Restaurant Group, Inc. Class A Common Stock",2.07,10,6,6,8,5,2,3,40,-21.0,22.0,Broken,Avoid/exit,46,3.0,12.5,4.9,58.2,3,,Consumer Cyclical,63621712.0,52733.47
AEMD,Aethlon Medical Inc,3.02,17,6,4,11,3,5,5,51,-29,22,Broken,Avoid/exit,56,6.7,402.9,101.1,63.2,3,,Healthcare,3342204.0,314449.92
CIMDF,CIMB Group Holdings Berhad,1.89,2,3,4,4,6,7,3,29,-10.0,22.0,Broken,Avoid/exit,32,0.0,0.0,-3.7,46.0,0,,Financial Services,21607139328.0,0.0
SCHYF,Sands China Ltd,1.77,7,3,10,6,0,3,3,32,-10.0,22.0,Broken,Avoid/exit,25,0.0,0.0,-0.4,33.3,0,,Consumer Cyclical,18595127296.0,0.0
VGZ,Vista Gold Corporation,2.03,13,9,7,12,5,2,5,53,-29,22,Broken,Avoid/exit,35,14.0,18.7,12.2,62.6,4,,Basic Materials,344492352.0,1751436.35
NEARX,NEAR-TERM TAX FREE FUND NEAR-TERM TAX FREE FUND,2.09,4,4,5,6,3,4,3,29,-10.0,22.0,Broken,Avoid/exit,21,0.0,0.0,-0.1,37.4,0,,nan,0.0,0.0
DAGXF,DB Agriculture Double Long ETN,1.9,7,3,6,4,3,3,3,29,-10.0,22.0,Broken,Avoid/exit,11,0.0,0.0,-0.7,5.6,0,,nan,nan,237.0
OPTXW,Syntec Optics Holdings Inc.,1.14,8,8,4,2,0,6,2,30,-8.0,22.0,Broken,Avoid/exit,30,8.7,-7.7,-11.3,45.0,1,,nan,nan,90858.71
GELYF,Geely Automobile Holdings Ltd,2.38,10,5,3,10,0,0,2,30,-8.0,22.0,Broken,Avoid/exit,27,-9.8,1.7,-2.3,46.6,0,,Consumer Cyclical,26097717248.0,63131.23
SPAIF,Sprout AI Inc,2.34,17,5,7,15,2,2,2,50,-28.0,22.0,Broken,Avoid/exit,45,27.5,30.0,14.7,58.6,3,,Technology,65641088.0,101552.05
SBNYL,Signature Bank,1.45,5,10,0,13,3,6,2,39,-13.0,22.0,Broken,Avoid/exit,26,-18.5,30.6,-1.7,46.8,3,,Financial Services,nan,61443.51
FTBAYX,FTBAYX,2.273,3,6,2,8,0,3,2,24,-5.0,22.0,Broken,Avoid/exit,23,-0.5,-0.1,-0.8,37.7,0,,nan,nan,0.0
BLSG,Leverage Shares 2X Long BLSH Daily ETF,1.566,6,8,7,5,0,6,2,34,-12.0,22.0,Broken,Avoid/exit,25,4.4,-11.2,-7.1,42.7,1,,nan,nan,0.0
GCTS,GCT Semiconductor Holding Inc,2.37,11,14,5,6,9,2,2,49,-28,22,Broken,Avoid/exit,57,25.4,15.6,9.4,55.7,4,,Technology,269183488.0,3001375.61
SHANY,Shandong Molong Petroleum Machinery Company Limited,2.5,5,4,9,6,3,2,3,32,-15.0,22.0,Broken,🔥 COILED: Avoid/exit,24,0.0,0.0,0.0,50.0,1,,Energy,99731048.0,1.7
KLNG,Koil Energy Solutions Inc.,2.26,4,6,8,6,3,0,2,29,-10.0,22.0,Broken,Avoid/exit,33,-5.8,-5.8,-5.4,41.3,0,,Energy,31591512.0,27343.0
LTCEF,LTCEF,2.35,6,13,6,4,3,0,3,35,-13.0,22.0,Broken,Avoid/exit,41,-0.8,-7.8,-0.8,47.8,0,,nan,nan,9393.46
ALSSF,Alsea S.A.B. de C.V,2.41,6,8,6,1,3,3,2,29,-10.0,22.0,Broken,Avoid/exit,27,0.0,4.9,-0.6,41.1,0,,Consumer Cyclical,2313625344.0,0.0
AUTLF,Austal Limited,2.65,6,15,7,3,3,2,2,38,-16.0,22.0,Broken,Avoid/exit,25,3.1,2.7,1.6,50.3,1,,Industrials,1160638080.0,7302.26
SWDCF,Swedencare AB (publ),2.3,0,1,0,10,0,4,2,17,0.0,22.0,Broken,Avoid/exit,10,-26.5,-26.5,-24.4,7.1,0,,Consumer Defensive,487514912.0,143.12
BLRX,BioLineRx Ltd,2.79,5,11,3,3,2,4,2,30,-8.0,22.0,Broken,Avoid/exit,31,3.3,-2.4,-2.2,44.7,1,,Healthcare,14960542.0,34229.93
VTSI,VirTra Inc,3.07,5,10,8,2,4,2,3,34,-13.0,22.0,Broken,Avoid/exit,15,-2.8,-2.1,-0.6,47.5,1,,Technology,38895684.0,53079.44
DTST,Data Storage Corp,3.32,6,12,4,4,3,2,2,33,-11.0,22.0,Broken,Avoid/exit,20,14.1,1.8,3.1,52.4,2,,Technology,7649997.0,50948.87
FNYUSX,FNYUSX,3.278,6,5,10,6,0,4,3,34,-17.0,22.0,Broken,🔥 COILED: Avoid/exit,32,0.1,0.1,0.0,47.3,0,,nan,nan,0.0
SCGPY,Serco Group PLC,2.83,3,3,10,5,3,5,3,32,-10.0,22.0,Broken,Avoid/exit,18,0.0,0.0,-1.3,1.2,0,,Industrials,3558276352.0,0.0
TMCI,Treace Medical Concepts Inc,4.38,18,5,6,9,3,2,2,45,-23.0,22.0,Broken,Avoid/exit,63,0.0,8.1,1.1,52.7,2,,Healthcare,239381280.0,697161.4
SBSYX,WESTERN ASSET SHORT-TERM BOND FUND CLASS I,3.65,3,6,3,6,0,4,3,25,-8.0,22.0,Broken,🔥 COILED: Avoid/exit,23,0.0,0.0,-0.1,41.4,0,,nan,0.0,0.0
SSTLX,WESTERN ASSET SHORT-TERM BOND FUND CLASS C1,3.66,6,6,2,6,0,4,3,27,-8.0,22.0,Broken,Avoid/exit,25,0.0,0.3,-0.1,43.4,0,,nan,0.0,0.0
NWHUF,Northwest Healthcare Properties REIT,3.95,5,5,7,3,5,3,4,32,-10.0,22.0,Broken,Avoid/exit,34,1.0,-0.7,-0.1,50.0,2,,Real Estate,957523840.0,0.0
TTGT,"TechTarget, Inc. Common Stock",4.31,12,9,3,10,3,0,5,42,-20.0,22.0,Broken,Avoid/exit,32,-4.0,21.1,4.5,56.9,3,,Technology,305826624.0,509986.08
OBIO,Orchestra BioMed Holdings Inc.,4.15,13,7,5,8,3,3,5,44,-22.0,22.0,Broken,Avoid/exit,59,4.0,14.0,4.6,58.4,3,,Healthcare,231139552.0,248407.44
YTFD,Yacht Finders Inc,3.99,12,4,3,4,4,7,3,37,-20.0,22.0,Broken,🔥 COILED: Avoid/exit,34,32.6,0.0,1.4,51.9,0,,Financial Services,20744010.0,4.5
LDLAX,LORD ABBETT SHORT DURATION INCOME FUND CLASS C,3.85,3,6,5,6,0,4,3,27,-8.0,22.0,Broken,Avoid/exit,23,0.0,0.0,-0.1,40.8,0,,nan,0.0,0.0
LDLQX,LORD ABBETT SHORT DURATION INCOME FUND CLASS R2,3.83,3,6,5,6,0,4,3,27,-8.0,22.0,Broken,Avoid/exit,23,0.0,0.0,-0.1,40.8,0,,nan,0.0,0.0
LDLTX,LORD ABBETT SHORT DURATION INCOME FUND CLASS R5,3.82,6,6,2,6,0,4,3,27,-8.0,22.0,Broken,Avoid/exit,26,0.0,0.3,-0.1,43.3,0,,nan,0.0,0.0
ZDCAF,Zedcor Inc.,3.46,2,7,9,8,0,2,2,30,-8.0,22.0,Broken,Avoid/exit,12,-0.3,-5.2,-5.0,39.5,1,,Industrials,456578560.0,23918.27
TTTRF,Treatt plc,3.5,3,4,1,10,3,4,2,27,-1.0,22.0,Broken,Avoid/exit,32,-12.5,-12.5,-11.3,17.0,0,,Basic Materials,236140528.0,446.83
ANY,Sphere 3D Corp,2.24,11,5,3,12,2,6,3,42,-20.0,22.0,Broken,Avoid/exit,34,-4.7,26.9,2.2,50.3,3,,Financial Services,27722850.0,1110592.1
LDDFF,Liberty Defense Holdings Ltd,4.01,4,10,7,3,2,2,2,30,-11.0,22.0,Broken,Avoid/exit,33,-2.4,-1.5,-3.4,43.2,1,,Industrials,8175328.0,24123.49
SPCE,Virgin Galactic Holdings Inc,2.93,10,11,5,10,4,2,5,47,-23.0,22.0,Broken,Avoid/exit,30,14.5,13.6,6.8,54.1,4,,Industrials,493013312.0,9388263.07
AHT-P-I,Ashford Hospitality Trust Inc 7.50% Series I Cumulative Preferred Stock,5.015,8,4,8,4,1,2,2,29,-10.0,22.0,Broken,Avoid/exit,26,-4.5,-2.7,-1.9,47.1,0,,Other,nan,7772.28
RKUNY,Rakuten Inc ADR,5.44,14,12,6,9,6,2,5,54,-30,22,Broken,Avoid/exit,43,2.9,13.3,6.7,70.5,3,,Consumer Cyclical,10520659968.0,36939.51
TBSIX,T. Rowe Price Short-Term Bond Fund I Cla,4.6,6,6,2,6,0,4,3,27,-8.0,22.0,Broken,Avoid/exit,27,0.0,0.2,-0.1,46.2,0,,nan,0.0,0.0
HGRAF,HydroGraph Clean Power Inc.,4.0,13,8,5,6,5,5,5,47,-28.0,22.0,Broken,Avoid/exit,39,9.3,8.4,6.0,54.4,3,,Basic Materials,1712362496.0,1804285.3
AGNT,"eXp World Holdings, Inc.",4.13,6,13,2,1,4,2,2,30,-8.0,22.0,Broken,Avoid/exit,20,5.9,6.7,-3.3,43.8,1,,Real Estate,773965696.0,1163516.81
CMCT,Creative Media & Community Trust Corporation,4.34,14,5,6,14,3,2,5,49,-25.2,21.8,Broken,Avoid/exit,33,27.3,70.2,25.0,67.4,3,,Real Estate,8537676.0,129037.69
ACCL,Acco Group Holdings Limited Ordinary Shares,2.84,16,6,4,11,5,2,5,49,-27.5,21.5,Broken,⚠️ EXHAUSTION RISK: Avoid/exit,62,28.3,34.0,26.9,85.9,2,,Industrials,20645852.0,0.0
UVRBF,Universal Robina Corporation,1.0,5,3,10,8,3,2,3,34,-13.0,21.0,Broken,Avoid/exit,0,0.0,0.0,-0.0,84.5,0,,Consumer Defensive,2136426112.0,0.0
VTXXF,Vertex Minerals Limited,0.11,3,6,3,7,3,2,5,29,-8.0,21.0,Broken,Avoid/exit,23,10.0,10.0,-25.6,14.5,2,,Basic Materials,286577472.0,120.23
TMLL,Third Millennium Industries Inc,1,5,4,9,5,3,2,3,31,-15.0,21.0,Broken,🔥 COILED: Avoid/exit,26,0.0,0.0,0.0,50.0,1,,Financial Services,62403024.0,4.5
NVNI,Nvni Group Limited Ordinary Shares,1.03,2,4,1,11,4,2,2,26,-5.0,21.0,Broken,Avoid/exit,28,-1.9,-11.2,-9.1,43.1,1,,Technology,12276739.0,351166.8
TMCXX,BlackRock Liquidity Funds - TempCash,1.0,3,5,4,6,3,2,3,26,-10.0,21.0,Broken,🔥 COILED: Avoid/exit,33,0.0,0.0,-0.0,40.8,0,,nan,nan,0.0
HELFY,HelloFresh SE,0.933,5,15,3,5,3,0,2,33,-15.0,21.0,Broken,Avoid/exit,18,-7.6,2.1,-4.5,41.8,1,,Consumer Cyclical,670840896.0,11396.59
SDA,SunCar Technology Group Inc.,0.789,3,9,5,3,5,2,2,29,-8.0,21.0,Broken,Avoid/exit,35,0.9,2.5,-1.0,46.6,0,,Consumer Cyclical,140772912.0,418133.21
GHG,GreenTree Hospitality Group Ltd,1.14,4,13,6,2,3,1,2,31,-11.0,21.0,Broken,Avoid/exit,32,-0.9,2.7,-0.3,48.5,0,,Consumer Cyclical,118049872.0,28393.09
CXMSF,CEMEX S.A.B. de C.V,1.18,2,5,8,4,4,1,2,26,-10.0,21.0,Broken,🔥 COILED: Avoid/exit,30,0.0,-5.6,-2.0,46.6,0,,Basic Materials,21082222592.0,0.0
LNDAF,Línea Directa Aseguradora S.A,1.4,4,4,4,6,3,2,3,26,-10.0,21.0,Broken,🔥 COILED: Avoid/exit,38,0.0,0.0,-0.0,46.3,0,,Financial Services,1522971904.0,459.24
LGCFF,Lavras Gold Corp.,1.49,11,14,10,5,4,4,4,52,-29,21,Broken,Avoid/exit,37,14.5,13.1,9.8,62.5,3,,Basic Materials,102068488.0,94438.56
PCSV,Pcs Edventures Com,1.56,5,4,7,7,3,0,3,29,-8.0,21.0,Broken,Avoid/exit,47,-8.2,-7.1,-4.6,42.7,0,,Consumer Defensive,16355240.0,6191.48
PPCB,"Propanc Biopharma, Inc. Common Stock",1.36,10,11,4,2,3,2,2,34,-18.0,21.0,Broken,Avoid/exit,41,30.8,-6.2,4.8,51.0,1,,Healthcare,3303638.0,70834.74
BRR,"ProCap Financial, Inc.",1.71,3,4,5,5,2,7,5,31,-10.0,21.0,Broken,Avoid/exit,34,0.0,-8.1,-3.1,47.0,0,,Financial Services,174806896.0,868816.82
SDCHD,"SideChannel, Inc.",1.75,5,2,3,8,1,2,2,23,2.0,21.0,Broken,Avoid/exit,35,-4.9,-4.4,-4.2,41.8,0,,Technology,8893424.0,2927.09
CRBU,Caribou Biosciences Inc,1.64,7,14,5,2,4,2,2,36,-13.0,21.0,Broken,Avoid/exit,26,8.6,0.6,1.4,49.2,2,,Healthcare,198857072.0,1609609.3
COTY,Coty Inc,2.72,14,3,4,14,3,4,5,47,-26.0,21.0,Broken,Avoid/exit,46,1.1,4.6,3.6,59.0,1,,Consumer Defensive,1628862976.0,8080208.55
RMXI,"RMX Industries,  Inc.",6.51,17,5,8,11,3,2,5,51,-30,21,Broken,Avoid/exit,64,0.0,157.3,53.6,85.1,3,,Technology,57827840.0,6716.35
ABTS,Abits Group Inc.,1.48,15,7,9,8,6,2,5,52,-29,21,Broken,Avoid/exit,36,31.0,21.3,21.2,62.6,3,,Financial Services,6100580.0,992291.53
GUOSF,Guotai Junan Securities Co. Ltd,2.0,10,6,11,6,3,2,3,41,-23.0,21.0,Broken,Avoid/exit,46,0.0,0.0,0.0,95.1,0,,Financial Services,35257851904.0,2.0
DBLVF,Doubleview Gold Corp,1.49,9,12,9,2,3,2,2,39,-16.0,21.0,Broken,Avoid/exit,43,12.0,3.5,3.1,49.9,2,,Basic Materials,460123616.0,165515.12
LCTC,Lifeloc Technologies Inc,4.0,12,3,7,14,6,4,5,51,-30.0,21.0,Broken,Avoid/exit,66,5.3,16.6,9.1,70.9,3,,Technology,6193386.0,189.32
SHTDF,Sinopharm Group Co. Ltd,2.13,4,3,10,5,3,3,3,31,-10.0,21.0,Broken,Avoid/exit,19,0.0,0.0,-0.6,34.5,0,,Healthcare,7146302464.0,1022.78
CHHHF,CareRx Corporation,2.36,3,4,6,8,0,1,2,24,-3.0,21.0,Broken,Avoid/exit,25,-1.7,-1.7,-3.9,41.1,0,,Healthcare,146562608.0,0.0
HGPI,Horizon Group Properties Inc,2.35,16,6,4,14,6,2,3,51,-30,21,Broken,Avoid/exit,53,0.0,135.0,17.4,65.3,3,,Real Estate,22635690.0,329.66
TDTH,Trident Digital Tech Holdings Ltd American Depository Shares,2.44,12,4,4,8,3,0,2,33,-13.0,21.0,Broken,Avoid/exit,49,-3.9,-16.4,-3.8,48.9,1,,Technology,15619416.0,50801.82
HCTI,Healthcare Triangle Inc,1.19,1,11,2,3,3,2,2,24,-8.0,21.0,Broken,Avoid/exit,21,3.9,-30.4,-19.6,32.9,1,,Healthcare,4882699.0,289557.54
PPENF,Pampa EnergÃ­a S.A.,1.75,3,3,8,5,3,3,3,28,-10.0,21.0,Broken,Avoid/exit,10,0.0,0.0,-3.7,0.0,0,,Industrials,3560540416.0,74.1
ARQ,Arq Inc,2.11,3,15,5,5,4,2,2,36,-13.0,21.0,Broken,Avoid/exit,33,2.4,3.4,0.3,47.2,2,,Industrials,111608264.0,495997.46
GENVR,Gen Digital Inc. Contingent Value Rights,2.53,15,4,6,17,3,2,5,52,-29.0,21.0,Broken,Avoid/exit,45,34.6,99.2,38.1,62.9,3,,nan,nan,38001.29
AISP,Airship AI Holdings Inc,1.92,6,12,4,1,2,2,2,29,-8.0,21.0,Broken,Avoid/exit,21,9.1,-5.4,-3.9,40.9,1,,Technology,103663072.0,816216.48
SOLLY,Shui On Land Ltd ADR,3.1,18,4,5,9,6,4,5,51,-30,21,Broken,Avoid/exit,23,13.6,13.6,8.4,92.7,3,,Real Estate,542905088.0,29.79
MXGFF,Maxim Power Corp,2.92,1,2,1,8,3,3,3,21,0.0,21.0,Broken,Avoid/exit,17,-2.1,-3.6,-1.8,37.3,0,,Utilities,204051952.0,407.74
CLPR,Clipper Realty Inc,2.8,1,11,8,2,3,1,2,28,-8.0,21.0,Broken,Avoid/exit,16,0.0,-2.8,-1.5,43.3,1,,Real Estate,134645632.0,72100.32
SPPSX,SHORT PRECIOUS METALS PROFUND SHORT PRECIOUS METALS PROFUND SERVICE CLASS,3.0,0,2,3,7,3,4,2,21,0.0,21.0,Broken,Avoid/exit,29,-9.4,-11.2,-9.1,35.6,0,,nan,0.0,0.0
SPPIX,SHORT PRECIOUS METALS PROFUND SHORT PRECIOUS METALS PROFUND INVESTOR CLASS,3.05,0,2,3,7,3,4,2,21,0.0,21.0,Broken,Avoid/exit,31,-9.0,-10.8,-8.8,35.7,0,,nan,0.0,0.0
SPRS,Surge Components Inc,3.83,9,11,2,5,6,0,5,38,-20.0,21.0,Broken,Avoid/exit,47,-1.8,0.0,0.6,51.6,0,,Technology,20237444.0,3183.52
EEIQ,Elite Education Group International Ltd,2.34,9,11,8,0,4,2,2,36,-13.0,21.0,Broken,Avoid/exit,32,14.7,2.7,-0.7,45.9,2,,Consumer Defensive,5149154.0,861524.02
LWSTX,WESTERN ASSET SHORT-TERM BOND FUND CLASS IS,3.66,3,6,2,6,0,4,3,24,-8.0,21.0,Broken,🔥 COILED: Avoid/exit,22,0.0,0.0,-0.1,41.3,0,,nan,0.0,0.0
LWARX,Western Asset Short-Term Bond Fund Cl R,3.65,3,6,2,6,0,4,3,24,-8.0,21.0,Broken,🔥 COILED: Avoid/exit,22,0.0,0.0,-0.1,41.3,0,,nan,0.0,0.0
AQST,Aquestive Therapeutics Inc,3.92,6,11,4,3,3,2,2,31,-11.0,21.0,Broken,Avoid/exit,26,5.4,4.0,1.0,49.6,2,,Healthcare,519363488.0,3157426.21
INTS,"Intensity Therapeutics, Inc. Common stock",4.25,4,12,3,4,5,4,2,34,-11.0,21.0,Broken,Avoid/exit,49,4.9,-4.1,-2.6,44.9,2,,Healthcare,10784252.0,430576.68
FIP,FTAI Infrastructure Inc.,4.055,4,10,2,5,4,2,2,29,-9.0,21.0,Broken,Avoid/exit,19,1.4,-7.6,1.0,48.7,1,,Industrials,510466560.0,1384257.37
TLS,Telos Corp,4.57,8,9,4,2,3,5,2,33,-15.0,21.0,Broken,Avoid/exit,53,5.4,1.3,-0.9,48.7,2,,Technology,306758624.0,896404.76
AEC,Anfield Energy Inc.,4.11,4,10,4,1,4,6,2,31,-11.0,21.0,Broken,Avoid/exit,29,3.8,-10.7,-2.6,45.9,1,,Energy,83650888.0,95918.95
CHNR,China Natural Resources Inc,3.8,7,5,6,8,0,4,3,33,-12.0,21.0,Broken,Avoid/exit,27,1.9,0.0,0.1,49.5,1,,Basic Materials,5867332.0,369536.62
EDHL,Everbright Digital Holding Limited Ordinary Shares,4.02,8,9,7,4,2,6,2,38,-15.0,21.0,Broken,Avoid/exit,40,-3.4,9.2,-1.2,49.1,2,,Communication Services,4350810.0,517847.31
IMRX,Immuneering Corp,4.46,8,14,4,0,4,6,2,38,-17.0,21.0,Broken,Avoid/exit,30,5.4,1.6,-0.1,48.1,2,,Healthcare,289844352.0,1634285.14
GGT,Gabelli MultiMedia Mutual Fund,4.14,5,9,5,3,2,3,2,29,-8.0,21.0,Broken,Avoid/exit,47,2.7,1.5,0.6,52.3,1,,Financial Services,179154272.0,242261.86
COYA,"Coya Therapeutics, Inc. Common Stock",4.58,6,11,5,4,4,2,2,34,-13.0,21.0,Broken,Avoid/exit,27,12.3,4.6,1.1,49.4,2,,Healthcare,108841328.0,183081.59
BFLY,Butterfly Network Inc,8.3,18,8,3,10,5,5,4,53,-30,21,Broken,Avoid/exit,67,1.6,25.4,9.4,57.9,4,,Healthcare,1357916288.0,5671162.26
VIVO,VivoPower PLC,3.83,5,11,5,5,6,2,2,36,-13.0,21.0,Broken,Avoid/exit,44,8.2,-2.0,-4.4,45.0,1,,Technology,96376000.0,902311.69
VBIX,Viewbix Inc. Common Stock,5.09,12,3,1,8,3,4,5,36,-15.0,21.0,Broken,Avoid/exit,53,-10.5,-19.8,-5.0,49.0,1,,Communication Services,48544468.0,59511.18
BTE,Baytex Energy Corp,4.14,9,8,4,6,2,2,3,34,-13.0,21.0,Broken,Avoid/exit,36,-2.8,-5.7,-1.8,46.9,1,,Energy,3674872064.0,21419828.72
USAS,Americas Silver Corp,4.67,11,5,9,12,2,1,4,44,-23.0,21.0,Broken,Avoid/exit,42,18.5,15.0,9.6,56.1,4,,Basic Materials,1608513152.0,4931745.6
CHND,China Media Inc,1,2,4,10,6,3,2,3,30,-15.0,20.0,Broken,🔥 COILED: Avoid/exit,31,0.0,0.0,0.0,50.0,1,,Communication Services,39750000.0,6.77
GPAIF,Grounded People Apparel Inc.,1.03,2,4,10,6,3,2,3,30,-15.0,20.0,Broken,🔥 COILED: Avoid/exit,31,0.0,0.0,0.0,50.0,1,,Consumer Cyclical,28299496.0,14.75
SGTSY,Singulus Technologies AG ADR,1.0,8,3,9,4,3,2,3,32,-15.0,20.0,Broken,Avoid/exit,30,0.0,0.0,-0.0,0.0,1,,Industrials,17793054.0,4.0
CNENF,Claren Energy Corp,0.55,8,3,9,4,4,1,3,32,-15.0,20.0,Broken,Avoid/exit,17,0.0,0.0,-1.2,0.0,1,,Energy,11162271.0,53.42
MBHCF,MBH Corporation PLC,1,2,4,10,6,3,2,3,30,-15.0,20.0,Broken,🔥 COILED: Avoid/exit,31,0.0,0.0,0.0,50.0,1,,Real Estate,6667460.0,4.5
SOBR,Sobr Safe Inc,0.531,2,10,0,9,2,0,2,25,-3.0,20.0,Broken,Avoid/exit,22,-5.2,-22.0,-20.4,43.6,1,,Technology,3143349.0,2962633.11
INPEF,INPEF,1.08,2,4,10,6,3,2,3,30,-15.0,20.0,Broken,🔥 COILED: Avoid/exit,0,0.0,0.0,0.0,50.0,1,,Healthcare,nan,0.0
ABSCF,AB Science S.A.,1.12,7,3,9,6,3,1,3,32,-15.0,20.0,Broken,Avoid/exit,15,0.0,0.0,-0.0,0.1,1,,Healthcare,78149384.0,86.38
AKRRF,Philly Shipyard ASA,1.1,12,6,11,6,3,4,3,45,-28.0,20.0,Broken,Avoid/exit,49,0.0,0.0,0.0,100.0,1,,Industrials,13318691.0,22.5
NWWDF,New World Development Company Limited,1.23,12,6,11,6,3,4,3,45,-28.0,20.0,Broken,Avoid/exit,53,0.0,0.0,0.0,99.9,1,,Real Estate,3070252032.0,63.5
NOWGD,Nowigence Inc,1.24,5,3,8,6,3,5,2,32,-15.0,20.0,Broken,Avoid/exit,29,0.0,0.0,-1.6,42.9,1,,Technology,25731354.0,407.11
STIM,Neuronetics Inc,2.25,17,9,5,5,5,4,5,50,-30,20,Broken,Avoid/exit,56,14.2,19.7,16.3,66.3,3,,Healthcare,101598248.0,1935432.66
PLG,Platinum Group Metals Ltd,1.47,14,5,8,9,5,3,5,49,-27.0,20.0,Broken,Avoid/exit,27,12.2,13.1,9.5,61.2,4,,Basic Materials,210530960.0,2864668.42
VICP,Vicapsys Life Sciences Inc,1.45,4,1,2,8,3,4,3,25,-5.0,20.0,Broken,Avoid/exit,30,0.0,-0.7,-0.3,17.5,1,,Healthcare,47262100.0,16.3
NUCLW,Eagle Nuclear Energy Corp. Warrants,0.99,7,10,5,6,4,4,2,38,-18.0,20.0,Broken,Avoid/exit,0,32.0,4.2,1.1,47.0,1,,nan,nan,0.0
URG,Ur Energy Inc,1.31,6,12,9,2,2,2,2,35,-13.0,20.0,Broken,Avoid/exit,19,4.8,1.6,1.8,50.1,2,,Energy,766850432.0,9790319.71
HCWB,HCW Biologics Inc,3.41,12,8,6,5,9,3,2,45,-28.0,20.0,Broken,Avoid/exit,66,8.3,18.4,4.6,54.2,3,,Healthcare,11672674.0,7049438.37
PETS,PetMed Express Inc,1.97,10,6,9,6,3,3,3,40,-25.0,20.0,Broken,🔥 COILED: Avoid/exit,30,-0.5,-3.9,0.0,50.4,1,,Healthcare,38885724.0,896106.34
HOLO,MicroCloud Hologram Inc.,1.55,5,9,6,5,4,6,3,38,-16.0,20.0,Broken,Avoid/exit,32,-3.1,-2.5,-0.5,48.2,1,,Technology,39523820.0,1041008.75
BMR,Beamr Imaging Ltd. Ordinary Share,1.32,3,13,4,9,3,6,2,40,-18.0,20.0,Broken,Avoid/exit,16,8.2,11.9,0.9,48.6,3,,Technology,29506724.0,213230.06
RENX,RenX Enterprises Corp.,1.92,12,6,7,0,1,7,2,35,-15.0,20.0,Broken,Avoid/exit,47,4.9,-1.5,-0.4,49.8,1,,Real Estate,4312897.0,1134139.93
TCMFF,Telecom Argentina S.A,1.225,5,5,3,6,3,3,2,27,-10.0,20.0,Broken,Avoid/exit,32,0.0,0.0,-5.9,42.8,0,,Communication Services,3768954112.0,0.0
NAUFF,NevGold Corp,1.22,9,13,3,2,4,2,2,35,-13.0,20.0,Broken,Avoid/exit,33,14.0,4.3,0.1,46.1,2,,Basic Materials,333954432.0,149523.08
VNRX,Volitionrx Ltd,0.766,6,4,1,8,2,2,2,25,-5.0,20.0,Broken,Avoid/exit,29,-4.2,-29.1,-21.1,30.0,1,,Healthcare,17254382.0,260063.39
CMMB,Chemomab Therapeutics Ltd DRC,1.8,13,13,6,7,4,3,2,48,-28.0,20.0,Broken,Avoid/exit,28,17.6,28.6,11.4,59.0,4,,Healthcare,12960680.0,104133.98
BESS-WT,Bimergen Energy Corporation,1.19,4,12,1,0,5,2,2,26,-6.0,20.0,Broken,Avoid/exit,0,-1.7,-9.8,-13.9,40.2,0,,nan,nan,0.0
CAMLF,Central Asia Metals plc,2.26,16,5,7,9,4,2,5,48,-28.0,20.0,Broken,Avoid/exit,44,18.3,18.3,16.0,89.7,3,,Basic Materials,316956544.0,1019.96
SDCH,SideChannel Inc.,1.75,5,2,3,8,1,2,2,23,-3.0,20.0,Broken,Avoid/exit,36,-4.9,-4.4,-4.2,41.8,1,,Technology,9145514.0,83299.25
CRCE,Crown Resources Corp,1.329,5,5,8,2,6,2,2,30,-15.0,20.0,Broken,🔥 COILED: Avoid/exit,25,0.0,-12.0,-3.7,43.4,1,,Energy,2601000.0,771.81
CAOVF,China Overseas Land & Investment Limited,1.65,3,4,9,6,3,3,2,30,-10.0,20.0,Broken,Avoid/exit,31,0.0,0.0,-3.1,13.2,0,,Real Estate,22437011456.0,250.74
FNCHF,FINEOS Corporation Holdings plc,2.16,9,6,11,6,3,2,3,40,-23.0,20.0,Broken,Avoid/exit,52,0.0,0.0,0.0,100.0,0,,Technology,745289792.0,172.5
CGEN,Compugen,2.3,7,9,8,5,2,0,2,33,-13.0,20.0,Broken,Avoid/exit,42,-1.5,-1.7,-1.0,48.7,0,,Healthcare,209977904.0,421153.81
FIGI,Freedom Internet Group Inc,2.05,2,4,10,6,3,2,3,30,-15.0,20.0,Broken,🔥 COILED: Avoid/exit,31,0.0,0.0,0.0,50.0,1,,Financial Services,22821026.0,3.75
LPCN,Lipocine Inc,2.13,4,7,6,6,4,6,2,35,-13.0,20.0,Broken,Avoid/exit,31,0.9,-2.7,-2.8,42.5,1,,Healthcare,18219800.0,182910.65
GRI,GRI Bio Inc.,1.55,6,11,5,2,2,2,2,30,-8.0,20.0,Broken,Avoid/exit,23,9.9,3.3,-0.1,46.5,1,,Healthcare,3559384.0,161921.26
OQLGF,Olympique Lyonnais Groupe SA,2.3,2,4,10,6,3,2,3,30,-15.0,20.0,Broken,🔥 COILED: Avoid/exit,31,0.0,0.0,0.0,50.0,1,,Communication Services,376590208.0,0.83
AMTX,Aemetis Inc,1.63,7,11,6,2,3,2,2,33,-13.0,20.0,Broken,Avoid/exit,21,4.5,-11.9,1.2,48.8,2,,Basic Materials,173101536.0,1228378.12
FLX,BingEx Ltd,2.11,4,12,9,2,4,0,2,33,-13.0,20.0,Broken,Avoid/exit,13,-1.4,0.0,-1.9,45.1,0,,Industrials,165273600.0,165123.78
KSCP,Knightscope Inc,1.53,7,7,2,7,0,0,2,25,-5.0,20.0,Broken,Avoid/exit,13,-23.1,-10.0,-7.5,44.8,1,,Industrials,40282636.0,477784.39
BNSOF,Bonso Electronics International Inc.,2.3,6,2,3,8,4,0,2,25,-5.0,20.0,Broken,Avoid/exit,48,-3.4,-3.8,-2.3,12.2,1,,Technology,11317245.0,735.18
NDBI,NUCLEAR DIAMOND BATTERIES INC.,1.98,6,8,6,0,2,2,2,26,-6.0,20.0,Broken,Avoid/exit,29,15.1,-20.8,-2.2,46.9,1,,Industrials,nan,307.71
WRFRF,Wharf Real Estate Investment Company Limited,2.7,4,3,10,4,0,3,3,27,-10.0,20.0,Broken,Avoid/exit,20,0.0,0.0,-0.4,24.3,1,,Real Estate,8805059584.0,0.0
HISEF,Hisense Home Appliances Group Co. Ltd,2.719,0,1,2,8,3,4,2,20,0.0,20.0,Broken,Avoid/exit,27,-16.3,-16.3,-13.0,20.7,0,,Consumer Cyclical,4488895488.0,140.64
TANAF,TANAF,1.0,4,4,5,6,3,3,5,30,-10.0,20.0,Broken,Avoid/exit,10,0.0,0.0,-1.2,38.4,0,,Healthcare,136098816.0,6870.44
KLXE,KLX Energy Services Holdings Inc,2.15,3,15,6,1,3,2,2,32,-13.0,20.0,Broken,Avoid/exit,23,-0.5,-10.4,-3.4,43.9,1,,Energy,59666608.0,220674.82
JNSTX,JANUS SHORT-TERM BOND FUND CLASS D,2.87,3,7,2,6,0,4,3,25,-8.0,20.0,Broken,Avoid/exit,21,0.0,0.0,-0.1,43.1,0,,nan,0.0,0.0
IAMOX,VOYA MIDCAP OPPORTUNITIES PORTFOLIO CLASS ADV,2.23,8,5,4,6,0,2,2,27,-10.0,20.0,Broken,Avoid/exit,18,1.4,0.5,-2.4,38.6,0,,nan,0.0,0.0
ELRXF,AB Electrolux (publ),2.41,3,4,7,5,3,3,2,27,-10.0,20.0,Broken,Avoid/exit,22,0.0,0.0,-5.7,35.3,0,,Consumer Cyclical,1481688960.0,42.79
BCTX,Briacell Therapeutics Corp,3.45,7,10,6,3,3,0,2,31,-11.0,20.0,Broken,Avoid/exit,34,-5.0,-7.3,-1.6,48.3,1,,Healthcare,28361306.0,236289.14
HLFDY,Halfords Group PLC ADR,6.54,17,3,4,5,6,3,5,43,-23.0,20.0,Broken,Avoid/exit,56,0.0,0.0,16.8,100.0,1,,Consumer Cyclical,371481504.0,0.0
TNYZF,Tiny Ltd.,5.004,18,6,5,7,3,5,5,49,-29,20,Broken,Avoid/exit,65,22.2,11.2,11.6,63.5,3,,Financial Services,103117408.0,3930.65
LSF,Laird Superfood Inc,4.54,13,11,4,6,6,4,4,48,-26,20,Broken,Avoid/exit,60,8.1,20.7,7.1,58.3,4,,Consumer Defensive,36974608.0,75445.06
SLE,Super League Enterprise Inc.,2.77,3,12,8,0,3,2,2,30,-8.0,20.0,Broken,Avoid/exit,40,0.7,3.0,-1.3,45.8,1,,Communication Services,5094194.0,341640.91
BWEN,Broadwind Energy Inc,4.47,12,5,2,6,7,2,3,37,-18.0,20.0,Broken,Avoid/exit,57,14.6,-13.7,0.1,50.2,0,,Industrials,95020712.0,406780.34
DJTWW,Trump Media & Technology Group Corp.,3.78,8,6,7,9,1,6,5,42,-25.0,20.0,Broken,Avoid/exit,31,-1.6,13.9,3.5,52.1,4,,nan,1293337344.0,45166.62
LDDFD,Liberty Defense Holdings Ltd,4.17,4,11,7,4,4,0,3,33,-13.0,20.0,Broken,Avoid/exit,35,-1.1,-7.3,-1.7,47.7,1,,Industrials,9262727.0,24121.35
FRGT,Freight Technologies Inc,3.0,7,3,1,7,3,2,2,25,-5.0,20.0,Broken,Avoid/exit,57,9.1,-4.8,-10.5,44.0,1,,Technology,2483022.0,186134.11
DIFTY,Daito Trust Construction Co,4.95,5,5,1,7,3,4,3,28,-8.0,20.0,Broken,Avoid/exit,23,-10.8,0.8,-1.8,47.1,0,,Real Estate,6062416896.0,140233.91
ABTZY,Aboitiz Equity Ventures Inc ADR,4.59,5,3,5,6,3,2,3,27,-10.0,20.0,Broken,Avoid/exit,32,0.0,0.0,-0.0,1.9,0,,Utilities,2548737536.0,0.0
DPCDF,DPCDF,3.55,3,3,10,5,3,3,3,30,-10.0,20.0,Broken,Avoid/exit,12,0.0,0.0,-1.7,14.6,0,,Consumer Cyclical,613079616.0,93.45
RVSN,Rail Vision Ltd. Ordinary Share,4.39,5,10,6,6,4,2,2,35,-13.0,20.0,Broken,Avoid/exit,34,8.9,7.9,2.0,50.2,2,,Industrials,10456918.0,111735.42
GRNT,Granite Ridge Resources Inc,4.66,5,11,6,6,4,2,3,37,-17.0,20.0,Broken,Avoid/exit,14,0.0,-5.5,-0.5,48.5,1,,Energy,658160960.0,724184.79
GSOL,Grayscale Solana Trust ETF,5.49,3,6,9,2,0,5,2,27,-10.0,20.0,Broken,Avoid/exit,24,-2.7,-3.8,-2.7,44.8,1,,nan,nan,1024932.29
POIXX,Money Market Obligations Trust - Federated Institutional Prime Obligations Fund,1.0,14,4,6,6,4,2,3,39,-23.0,19.0,Broken,Avoid/exit,40,0.0,0.0,0.0,84.9,0,,nan,nan,0.0
FITGF,FIT Hon Teng Limited,0.711,8,6,2,10,0,1,2,29,-6.0,19.0,Broken,Avoid/exit,30,20.5,1.3,-0.8,47.1,1,,Technology,8533048832.0,4924.85
EPSM,Epsium Enterprise Limited Ordinary Shares,1.47,13,9,6,11,4,2,5,50,-29,19,Broken,Avoid/exit,40,8.1,10.5,8.7,60.2,4,,Consumer Defensive,20939932.0,597270.5
GBCEY,Globe Trade Centre SA ADR,1.23,5,3,10,5,3,2,3,31,-15.0,19.0,Broken,Avoid/exit,28,0.0,0.0,-0.0,0.0,1,,Real Estate,353166880.0,67.88
BATL,Battalion Oil Corp,1.35,5,10,9,2,3,2,2,33,-15.0,19.0,Broken,Avoid/exit,20,-1.5,-22.0,-7.9,44.9,1,,Energy,30826386.0,6829484.69
ICLTF,GreenFirst Forest Products Inc,1.3,6,8,8,5,0,2,2,31,-15.0,19.0,Broken,Avoid/exit,20,0.0,-1.5,-3.1,45.1,1,,Basic Materials,34720456.0,7769.69
CAPTF,Capitan Mining Inc,1.39,14,12,8,5,5,2,3,49,-28,19,Broken,Avoid/exit,43,16.8,11.6,9.6,59.6,4,,Basic Materials,219861472.0,101266.99
FTEXX,Fidelity Union Street Trust II - Fidelity Municipal Money Market Fund,1.88,0,3,1,7,3,0,5,19,0.0,19.0,Broken,Avoid/exit,20,-16.1,-23.6,-11.1,38.5,0,,nan,nan,0.0
MENS,Jyong Biotech Ltd. Ordinary Shares,2.02,2,6,5,8,7,4,2,34,-13.0,19.0,Broken,Avoid/exit,30,-9.4,-25.5,-8.0,41.8,1,,Healthcare,158897808.0,444849.83
MTRBF,Metro Bank Holdings PLC,2.1,6,5,3,0,6,4,2,26,-10.0,19.0,Broken,Avoid/exit,54,0.0,-7.5,-2.4,41.5,0,,Financial Services,1515267072.0,2055.03
MCRNF,Micro-Mechanics (Holdings) Ltd,2.17,3,4,4,5,3,5,2,26,-10.0,19.0,Broken,Avoid/exit,45,0.0,0.0,-1.5,31.6,0,,Technology,327420096.0,0.0
PLYX,"Polaryx Therapeutics, Inc. Common Stock",2.22,7,8,8,3,2,2,2,32,-13.0,19.0,Broken,Avoid/exit,0,3.3,5.2,-0.8,47.6,1,,Healthcare,119305104.0,0.0
GAIA,Gaia Inc,1.9,8,12,5,3,2,2,2,34,-15.0,19.0,Broken,Avoid/exit,19,2.7,2.2,-2.9,39.3,2,,Communication Services,61260308.0,72062.56
YQ,17 Education Technology Group Inc,2.01,4,8,2,8,2,2,2,28,-9.0,19.0,Broken,Avoid/exit,24,14.9,-8.6,-4.3,43.7,2,,Consumer Defensive,22762750.0,19527.84
AMBO,Ambow Education Holding Ltd,2.05,2,8,7,5,3,0,2,27,-8.0,19.0,Broken,Avoid/exit,32,-3.3,-10.9,-5.1,39.3,0,,Consumer Defensive,7179408.0,124148.93
CYH,Community Health Systems Inc,2.95,5,11,2,3,2,2,2,27,-8.0,19.0,Broken,Avoid/exit,29,6.5,6.1,-1.8,46.2,1,,Healthcare,393157600.0,1748450.66
NAII,Natural Alternatives International,2.38,6,14,3,6,4,2,5,40,-21.0,19.0,Broken,Avoid/exit,27,-2.1,2.6,2.5,52.6,1,,Consumer Defensive,15876329.0,20456.47
PTXKY,XL Axiata Tbk PT ADR,2.71,5,10,4,5,2,3,2,31,-10.0,19.0,Broken,Avoid/exit,20,1.3,3.8,-0.8,47.4,1,,Communication Services,2839178496.0,7653.83
SLDP,Solid Power Inc,2.19,3,12,6,3,4,2,2,32,-13.0,19.0,Broken,Avoid/exit,21,6.1,1.9,-2.4,44.2,2,,Consumer Cyclical,690204992.0,8849839.45
VNJA,Vanjia Corp,4.2,5,9,2,4,3,0,2,25,-6.0,19.0,Broken,Avoid/exit,19,-3.4,7.1,-7.3,46.6,1,,Consumer Cyclical,82500000.0,166.45
SYPR,Sypris Solutions Inc,2.08,7,10,9,9,4,4,2,45,-26.0,19.0,Broken,Avoid/exit,19,8.3,10.1,2.7,49.6,4,,Consumer Cyclical,70183944.0,151085.5
AIIO,Robo.ai Inc.,3.05,5,12,3,3,5,4,2,34,-13.0,19.0,Broken,Avoid/exit,43,7.0,6.6,-4.4,46.9,1,,Consumer Cyclical,55789548.0,4175162.61
JASBX,JANUS SHORT-TERM BOND FUND CLASS T,2.87,3,6,2,6,0,4,3,24,-8.0,19.0,Broken,Avoid/exit,21,0.0,0.0,-0.1,41.5,0,,nan,0.0,0.0
JSHNX,JANUS SHORT-TERM BOND FUND CLASS N,2.85,3,6,2,6,0,4,3,24,-8.0,19.0,Broken,Avoid/exit,20,0.0,0.0,-0.1,44.2,0,,nan,0.0,0.0
LASE,Laser Photonics Corporation Common Stock,1.15,6,11,5,5,3,2,2,34,-13.0,19.0,Broken,Avoid/exit,40,17.3,3.6,-0.4,46.6,1,,Industrials,119561616.0,5198841.28
PLUT,Plutus Financial Group Limited Ordinary Shares,2.743,3,1,1,8,7,2,2,24,-5.0,19.0,Broken,Avoid/exit,25,-8.0,-2.0,-6.4,29.5,1,,Financial Services,47585000.0,14063.39
XNROX,Neuberger Berman Real Estate Securities Income Fd Inc,3.26,3,3,6,7,3,2,2,26,-10.0,19.0,Broken,Avoid/exit,31,-1.8,-1.2,-1.5,41.0,0,,Other,0.0,0.0
ZTCOF,ZTE Corp-H,2.87,3,2,9,4,3,3,2,26,-10.0,19.0,Broken,Avoid/exit,23,-4.0,-4.0,-5.6,18.9,0,,Technology,21861355520.0,330.25
GUZOF,Grupo Herdez S.A.B. de C.V,3.0,4,5,6,2,3,4,3,27,-8.0,19.0,Broken,Avoid/exit,18,0.0,0.0,-1.0,40.4,0,,Consumer Defensive,1222111104.0,0.0
CINT,Ci&T Inc,3.51,10,7,9,6,2,3,5,42,-23.0,19.0,Broken,Avoid/exit,25,9.0,15.5,4.2,55.6,3,,Technology,505132736.0,172448.42
JAGGF,Jaguar Mining Inc,4.39,14,6,7,11,3,2,5,48,-29,19,Broken,Avoid/exit,32,11.4,18.3,11.5,66.4,3,,Basic Materials,391668672.0,111284.0
NUVID,NUVID,0.021,3,3,8,5,3,1,3,26,-10.0,19.0,Broken,Avoid/exit,25,0.0,0.0,-81.3,12.0,0,,Financial Services,12020000.0,9.87
DFILF,Dairy Farm International Holdings Limited,3.65,4,3,10,5,3,1,3,29,-10.0,19.0,Broken,Avoid/exit,0,0.0,0.0,-0.3,33.8,0,,Consumer Defensive,6294475776.0,0.0
RXT,Rackspace Technology Inc,4.82,9,10,8,8,2,2,5,44,-23.0,19.0,Broken,Avoid/exit,53,14.5,19.9,4.1,51.2,4,,Technology,1393153792.0,13335820.98
TSI,TCW Strategic Income Closed Fund,4.39,6,7,4,5,0,3,2,27,-8.0,19.0,Broken,Avoid/exit,11,0.0,0.0,-0.6,40.4,0,,Financial Services,239697200.0,128747.73
MLGO,MicroAlgo Inc.,4.02,5,6,8,4,2,2,2,29,-10.0,19.0,Broken,Avoid/exit,44,-0.7,-2.9,-2.2,44.4,0,,Technology,51315724.0,329105.7
UONEK,Urban One Inc Class D,5.4,17,9,4,10,3,2,5,50,-29.0,19.0,Broken,Avoid/exit,55,10.4,9.3,9.5,61.3,3,,Communication Services,21277166.0,15312.5
TLRY,Tilray Inc,4.44,13,8,5,9,2,2,3,42,-23.0,19.0,Broken,Avoid/exit,33,5.7,11.3,1.7,50.9,3,,Healthcare,620745920.0,6891440.49
TOI,Oncology Institute Inc,5.13,5,11,2,4,8,0,2,32,-11.0,19.0,Broken,Avoid/exit,59,-1.2,-6.7,-1.6,48.5,2,,Healthcare,485417152.0,1953762.62
AGMH,AGM Group Holdings Inc Class A,1.03,7,15,4,3,5,2,2,38,-18.0,18.0,Broken,Avoid/exit,32,35.2,-3.7,6.3,52.4,1,,Technology,2689749.0,1305591.58
ANZLY,Air New Zealand Ltd ADR,1.195,13,4,9,4,3,4,4,41,-23.0,18.0,Broken,Avoid/exit,39,3.5,3.5,2.3,74.0,2,,Industrials,750186368.0,349.11
MWG,Multi Ways Holdings Ltd,1.15,3,8,7,6,3,2,2,31,-13.0,18.0,Broken,Avoid/exit,27,-2.3,-8.0,-6.2,35.6,1,,Industrials,6170429.0,220257.43
LOT,Lotus Technology Inc.,0.922,7,15,1,1,2,2,2,30,-13.0,18.0,Broken,Avoid/exit,15,9.8,1.7,-2.2,42.5,2,,Consumer Cyclical,841492864.0,111652.55
TAOP,Taoping Inc,0.765,6,4,0,7,2,2,2,23,-5.0,18.0,Broken,Avoid/exit,23,19.5,-21.1,-20.6,31.5,1,,Technology,12196065.0,199776.48
BUMTF,BUMTF,0.809,1,1,0,7,3,4,2,18,0.0,18.0,Broken,Avoid/exit,8,0.0,-37.8,-25.0,0.0,0,,Consumer Defensive,2254387200.0,60.34
GIGM,Giga Media Ltd,1.43,12,11,2,4,5,2,3,39,-21.0,18.0,Broken,Avoid/exit,38,9.2,3.6,3.0,54.2,2,,Communication Services,15804695.0,8823.05
MTPLF,Metaplanet Inc.,1.4,5,14,5,0,4,2,2,32,-19.0,18.0,Broken,🔥 COILED: Avoid/exit,25,1.4,-2.1,-0.8,48.1,1,,Consumer Cyclical,1985906816.0,2905301.5
BAINF,BASE Inc,1.4,4,3,9,5,3,1,3,28,-10.0,18.0,Broken,Avoid/exit,14,0.0,0.0,-0.4,0.0,0,,Technology,161220320.0,32.0
VGAS,Verde Clean Fuels Inc.,1.34,14,5,2,15,0,5,5,46,-28,18,Broken,Avoid/exit,33,31.4,31.4,13.8,56.5,3,,Utilities,67269928.0,22195.57
GLXZ,Galaxy Gaming Inc,1.61,3,13,5,1,2,2,2,28,-10.0,18.0,Broken,Avoid/exit,20,-0.6,-1.2,-1.7,44.6,0,,Consumer Cyclical,40212432.0,63811.05
MVO,MV Oil Trust,0.6,3,8,3,2,3,2,2,23,-8.0,18.0,Broken,Avoid/exit,11,0.0,-4.8,-21.0,26.7,0,,Energy,18515000.0,318048.9
RVRC,Revium Recovery Inc,1.67,12,6,11,6,3,2,3,43,-28.0,18.0,Broken,Avoid/exit,52,0.0,0.0,0.0,100.0,1,,Healthcare,101417592.0,7.79
GANX,Gain Therapeutics Inc,1.78,8,6,9,2,7,4,2,38,-23.0,18.0,Broken,Avoid/exit,38,1.1,-2.2,0.8,50.7,2,,Healthcare,79336512.0,937278.32
ADTGLX,ADTGLX,1.737,9,7,1,6,0,4,3,30,-15.0,18.0,Broken,Avoid/exit,24,-0.0,0.1,-0.1,44.3,0,,nan,nan,0.0
NGEN,NervGen Pharma Corp.,1.72,6,13,5,1,4,2,2,33,-13.0,18.0,Broken,Avoid/exit,15,7.5,2.7,-0.2,44.5,2,,Healthcare,202847984.0,277220.52
NNXXY,Nexity SA,1.82,4,3,9,5,3,3,3,30,-15.0,18.0,Broken,Avoid/exit,14,0.0,0.0,-0.4,0.0,1,,Real Estate,542960768.0,22.28
NNCSF,Nanosonics Limited,2.19,1,6,4,6,6,3,2,28,-10.0,18.0,Broken,Avoid/exit,22,0.0,0.0,-4.0,19.1,0,,Healthcare,761989504.0,196.44
ADTGMX,ADTGMX,2.15,9,7,1,6,0,4,3,30,-15.0,18.0,Broken,Avoid/exit,24,-0.1,-0.1,-0.2,42.0,0,,nan,nan,0.0
DHF,BNY Mellon High Yield Strategies Fund,2.37,7,7,2,3,0,7,2,28,-10.0,18.0,Broken,Avoid/exit,28,1.3,0.4,-0.4,45.2,1,,Financial Services,191221200.0,382369.51
AURE,Prestige Wealth Inc.,1.75,7,6,5,5,2,6,2,33,-13.0,18.0,Broken,Avoid/exit,40,-2.8,-1.1,-2.2,44.6,1,,Financial Services,88320000.0,86913.02
CRMZ,CreditRiskMonitor.Com Inc,2.15,3,8,7,1,2,5,2,28,-10.0,18.0,Broken,Avoid/exit,25,-0.5,-2.3,-1.7,41.8,0,,Technology,24334552.0,0.0
TCRT,Alaunos Therapeutics Inc,1.99,6,12,7,6,4,2,2,39,-21.0,18.0,Broken,Avoid/exit,21,5.9,3.6,0.0,47.0,2,,Healthcare,5763464.0,185916.95
GLND,Greenland Energy Company Common Stock,2.21,7,6,6,2,2,2,3,28,-10.0,18.0,Broken,Avoid/exit,0,12.8,0.5,0.7,48.8,0,,Energy,125942960.0,0.0
CHLLF,China Literature Limited,2.55,4,3,9,5,3,3,3,30,-15.0,18.0,Broken,Avoid/exit,13,0.0,0.0,-0.8,0.0,1,,Communication Services,2992922624.0,19.76
AJMPF,Ashmore Group Plc,2.95,10,3,4,2,3,1,2,25,-10.0,18.0,Broken,Avoid/exit,52,-5.4,-5.4,-1.8,42.9,0,,Financial Services,1787912320.0,0.0
ONL,Orion Office Reit Inc,2.6,5,6,8,1,0,3,2,25,-10.0,18.0,Broken,Avoid/exit,43,-0.4,0.8,-2.8,41.4,1,,Real Estate,166227952.0,286707.83
SPRO,Spero Therapeutics Inc,1.27,6,9,2,3,4,2,2,28,-8.0,18.0,Broken,Avoid/exit,13,5.8,9.5,-11.3,31.5,2,,Healthcare,163282208.0,484021.22
NXTC,NextCure  Inc,5.59,11,13,3,4,5,7,5,48,-28.0,18.0,Broken,Avoid/exit,35,11.1,33.7,19.6,58.2,3,,Healthcare,11522586.0,49749.28
GNLN,Greenlane Holdings Inc,1.96,6,12,4,3,4,2,2,33,-15.0,18.0,Broken,Avoid/exit,29,10.7,-6.7,-6.9,39.0,1,,Consumer Defensive,1925949.0,83420.96
MNKD,MannKind Corp,3.89,4,3,7,4,5,2,2,27,-13.0,18.0,Broken,Avoid/exit,47,-5.4,0.0,-2.0,48.2,1,,Healthcare,1087504640.0,5081016.26
STG,Sunlands Technology Group,3.55,3,14,4,0,3,0,2,26,-8.0,18.0,Broken,Avoid/exit,39,4.6,-6.8,0.5,49.7,1,,Consumer Defensive,45781284.0,137828.31
NWL,Newell Brands Inc,6.02,18,8,1,9,5,2,5,48,-30,18,Broken,Avoid/exit,63,17.1,19.7,8.7,61.9,3,,Consumer Defensive,1631722624.0,7358579.28
IPCEF,IPCEF,2.35,0,4,2,8,0,2,2,18,0.0,18.0,Broken,Avoid/exit,7,6.8,-14.5,-9.4,37.5,0,,nan,554134528.0,1569.29
ATLX,Atlas Lithium Corporation Common Stock,2.97,6,10,6,1,4,2,2,31,-13.0,18.0,Broken,Avoid/exit,15,9.2,5.3,-0.5,45.1,2,,Basic Materials,125336272.0,686817.2
CRBJF,China Resources Land Ltd,3.8,8,3,11,6,3,4,3,38,-23.0,18.0,Broken,Avoid/exit,0,0.0,0.0,0.0,92.2,0,,Real Estate,27097569280.0,60.45
PPAAY,Perusahaan Gas Negara Persero Tbk PT ADR,4.1,5,5,6,4,3,1,4,28,-10.0,18.0,Broken,Avoid/exit,9,-3.5,-3.5,-0.8,42.0,0,,Utilities,2507887872.0,397.83
AHT-PI,Ashford Hospitality Trust Inc,5.015,8,4,8,5,1,2,2,30,-15.0,18.0,Broken,Avoid/exit,26,-4.5,-2.7,-1.9,47.2,1,,Real Estate,104520272.0,7644.6
IDN,Intellicheck Mobilisa Inc,3.79,6,9,5,0,2,2,2,26,-8.0,18.0,Broken,Avoid/exit,18,3.0,3.3,-1.1,43.8,1,,Technology,87890296.0,339113.44
NORD,Nordicus Partners Corporation,2.45,5,10,7,0,3,4,2,31,-13.0,18.0,Broken,Avoid/exit,23,8.9,8.9,2.7,49.1,2,,Industrials,73664744.0,1682.0
TAOFF,Hyperion Metals Limited,2.35,3,7,8,4,3,3,2,30,-15.0,18.0,Broken,Avoid/exit,26,0.0,2.6,-3.9,32.4,1,,Basic Materials,1517046656.0,5050.36
BSAI,BSAI,5.912,7,7,2,3,7,2,5,33,-15.0,18.0,Broken,Avoid/exit,48,-13.1,-9.0,-7.2,47.8,1,,Basic Materials,121213648.0,1123.23
BTGO,"BitGo Holdings, Inc.",4.99,4,13,8,1,2,2,2,32,-15.0,18.0,Broken,Avoid/exit,0,-1.2,-1.4,-1.7,46.3,1,,Financial Services,650532288.0,0.0
PYPD,PolyPid,4.81,12,14,2,5,4,4,2,43,-26,18,Broken,Avoid/exit,49,10.1,13.4,6.4,54.3,4,,Healthcare,93377760.0,76251.29
JBLU,JetBlue Airways Corp,6.19,17,8,4,9,3,2,4,47,-29.0,18.0,Broken,Avoid/exit,64,2.0,24.0,6.0,58.6,4,,Industrials,1800571392.0,22178391.6
RSKD,Riskified Ltd,5.19,11,6,7,5,5,4,2,40,-25.0,18.0,Broken,🔥 COILED: Avoid/exit,58,-1.0,4.6,0.2,52.2,1,,Technology,692813376.0,682449.56
SONM,Sonim Technologies Inc,3.96,9,8,6,10,4,4,2,43,-23.0,18.0,Broken,Avoid/exit,37,21.8,26.5,7.0,53.4,4,,Technology,6683207.0,51088.73
NXLLF,Nuix Limited,0.81,3,5,2,3,3,2,4,22,-10.0,17.0,Broken,🔥 COILED: Avoid/exit,15,0.0,-8.6,-2.3,42.2,0,,Technology,338752096.0,352.73
LGMK,LogicMark Inc,0.657,9,6,0,6,2,0,2,25,-11.0,17.0,Broken,Avoid/exit,40,7.7,-8.2,-8.6,48.2,0,,Healthcare,899759.0,4595.35
SRFM,Surf Air Mobility Inc.,0.808,7,8,5,4,2,2,2,30,-13.0,17.0,Broken,Avoid/exit,32,7.2,2.4,-1.4,45.6,2,,Industrials,109432592.0,3327474.36
SLND,"Southland Holdings, Inc.",0.614,4,7,1,8,0,2,2,24,-7.0,17.0,Broken,Avoid/exit,32,13.3,0.6,-8.5,44.4,1,,Industrials,65062660.0,189939.85
DLPN,Dolphin Entertainment Inc,1.08,8,7,4,6,2,2,3,32,-16.0,17.0,Broken,Avoid/exit,22,1.9,1.9,-1.0,47.7,2,,Communication Services,14969861.0,42648.45
CNIKF,Canada Nickel Company Inc,1.16,15,5,4,4,1,4,5,38,-21.0,17.0,Broken,Avoid/exit,47,3.2,8.9,8.1,60.7,2,,Basic Materials,276997920.0,85053.87
SGLA,Sino Green Land Corporation,2.2,8,2,3,5,6,0,5,29,-15.0,17.0,Broken,Avoid/exit,50,-20.0,-20.0,0.6,51.4,1,,Industrials,226930528.0,673.03
RTMAF,Reitmans (Canada) Limited,1.32,4,3,10,6,3,3,3,32,-15.0,17.0,Broken,Avoid/exit,15,0.0,0.0,-0.6,5.4,1,,Consumer Cyclical,70181752.0,658.13
CNTY,Century Casinos Inc,1.19,9,9,5,0,2,2,2,29,-15.0,17.0,Broken,Avoid/exit,14,0.8,0.8,-2.4,43.7,1,,Consumer Cyclical,40849192.0,76433.07
DLNDY,D&L Industries Inc ADR,1.26,3,10,4,4,3,1,2,27,-10.0,17.0,Broken,Avoid/exit,13,-7.4,-3.1,-4.3,36.9,0,,Basic Materials,422857184.0,942.68
AERG,Applied Energetics,1.2,3,5,9,4,2,4,2,29,-15.0,17.0,Broken,Avoid/exit,19,-3.2,-4.2,-4.3,41.0,1,,Technology,369508000.0,119992.5
RFL,"Rafael Holdings, Inc.",2.02,6,9,1,6,6,2,2,32,-13.0,17.0,Broken,Avoid/exit,46,1.0,-3.3,-5.6,45.1,2,,Real Estate,72296872.0,104303.66
LLEIF,LleidaNetworks Serveis Telemàtics S.A,1.55,7,6,10,6,3,2,3,37,-23.0,17.0,Broken,Avoid/exit,54,0.0,0.0,0.0,93.4,0,,Communication Services,24643744.0,25.5
RDZN,Roadzen Inc.,1.24,6,6,10,7,2,4,4,39,-22.0,17.0,Broken,Avoid/exit,28,6.4,8.8,0.5,47.5,3,,Technology,156142864.0,346505.05
NRDE,Nu Ride Inc,1.65,2,5,2,8,2,0,3,22,-5.0,17.0,Broken,Avoid/exit,26,-2.9,-4.6,-6.1,44.1,1,,Financial Services,28812370.0,17426.63
BPOSY,Bpost SA ADR,1.75,4,3,10,6,3,3,3,32,-15.0,17.0,Broken,Avoid/exit,16,0.0,0.0,-0.5,0.2,1,,Industrials,388001856.0,60.81
CYBQY,Cyberdyne Inc ADR,1.355,3,3,8,5,3,3,2,27,-10.0,17.0,Broken,Avoid/exit,27,0.0,-5.6,-3.6,27.0,0,,Healthcare,456043008.0,349.76
IWGFF,IWG PLC,2.53,3,5,4,9,3,0,3,27,-10.0,17.0,Broken,Avoid/exit,43,-7.0,-3.1,-3.1,43.4,0,,Real Estate,2325319936.0,40534.73
RSSS,Research Solutions Inc,2.18,6,4,8,0,0,4,2,24,-10.0,17.0,Broken,Avoid/exit,21,-1.8,-0.9,-1.9,40.2,0,,Technology,75256944.0,85176.55
SFHG,Samfine Creation Holdings Group Limited,2.39,6,11,5,2,4,4,2,34,-15.0,17.0,Broken,Avoid/exit,46,-0.4,-3.2,-1.8,46.9,1,,Industrials,9419200.0,28430.4
IGTAU,Inception Growth Acquisition Ltd Unit,2.31,8,6,11,4,3,2,3,37,-23.0,17.0,Broken,Avoid/exit,29,0.0,0.0,0.0,80.3,0,,Financial Services,nan,2.05
NEXM,NexMetals Mining Corp. Common Shares,2.23,7,12,9,1,2,2,2,35,-18.0,17.0,Broken,Avoid/exit,27,4.7,0.5,0.5,48.8,2,,Basic Materials,93041704.0,79841.06
SPRU,Spruce Power Holding Corp,2.3,11,6,6,3,0,2,2,30,-13.0,17.0,Broken,Avoid/exit,28,17.9,2.7,1.5,48.7,2,,Technology,48678648.0,167559.56
RBBN,Ribbon Communications Inc,2.1,6,7,4,4,2,2,2,27,-10.0,17.0,Broken,Avoid/exit,22,-0.9,4.0,-3.2,43.5,0,,Technology,540746944.0,814816.88
LPA,Logistic Properties of the Americas,2.94,2,9,5,0,4,2,2,24,-10.0,17.0,Broken,Avoid/exit,25,0.3,1.4,-3.9,43.1,1,,Real Estate,91059312.0,55810.5
CATO,Cato Corporation,3.3,16,6,3,3,3,3,2,36,-19.0,17.0,Broken,Avoid/exit,43,-0.9,0.9,-0.8,49.6,1,,Consumer Cyclical,65465052.0,77986.55
CCIF,Carlyle Credit Income Fund,2.8,9,10,7,2,2,3,2,35,-18.0,17.0,Broken,Avoid/exit,24,1.8,4.1,0.8,50.4,1,,Financial Services,65079768.0,149469.27
LTRN,Lantern Pharma Inc,2.78,6,11,3,3,5,2,2,32,-13.0,17.0,Broken,Avoid/exit,41,4.9,-3.1,-4.2,42.6,2,,Healthcare,48356124.0,274873.81
PTLO,Portillo's Inc,4.38,4,4,8,1,3,2,2,24,-10.0,17.0,Broken,Avoid/exit,26,-5.2,1.0,-3.9,44.0,0,,Consumer Cyclical,279028608.0,2375749.03
KOSS,Koss Corporation,3.73,6,12,6,1,2,3,2,32,-13.0,17.0,Broken,Avoid/exit,27,1.4,-0.8,-1.0,45.6,1,,Technology,38481072.0,36207.49
PILBF,Pilbara Minerals Limited,3.05,6,11,5,1,3,2,2,30,-13.0,17.0,Broken,Avoid/exit,40,1.3,3.4,-1.1,44.6,2,,Basic Materials,14080234496.0,74206.48
SMWB,SimilarWeb Ltd,7.38,15,5,8,7,5,1,5,46,-27.0,17.0,Broken,Avoid/exit,67,2.2,21.8,7.5,64.6,3,,Technology,379310336.0,623574.89
QXL,Quantum X Labs Inc.,4.71,6,12,3,0,7,2,2,32,-13.0,17.0,Broken,Avoid/exit,46,4.7,-11.5,-1.8,47.9,2,,Technology,60547220.0,59469.67
SCRPF,Sembcorp Industries Ltd,4.34,3,2,4,6,3,3,3,24,-10.0,17.0,Broken,Avoid/exit,10,0.0,-5.7,-2.8,32.0,0,,Utilities,9256988672.0,324.88
ALGS,Aligos Therapeutics Inc,5.51,11,14,4,3,4,2,2,40,-26.0,17.0,Broken,Avoid/exit,29,27.5,17.5,10.8,56.9,3,,Healthcare,33045112.0,116212.25
INLF,INLIF LIMITED Ordinary Shares,5.44,16,7,2,7,7,0,5,44,-25.5,16.5,Broken,Avoid/exit,65,5.0,45.1,39.7,58.3,3,,Industrials,51773436.0,55453.82
IGDFF,IG Design Group plc,1.27,17,5,2,7,6,4,5,46,-30,16,Broken,Avoid/exit,57,0.0,28.9,10.9,93.6,3,,Consumer Cyclical,95308144.0,2260.5
TRLC,TriLinc Global Impact Fund LLC,0.8,6,3,8,5,0,3,3,28,-15.0,16.0,Broken,Avoid/exit,12,0.0,0.0,-0.9,0.0,1,,Financial Services,48732956.0,387.1
WTO,UTime Limited,14.5,15,2,4,15,3,2,5,46,-30,16,Broken,Avoid/exit,54,-25.8,133.5,47.5,63.0,3,,Technology,2112049.0,321835.27
STEX,Streamex Corp,0.723,6,9,8,0,2,6,2,33,-15.0,16.0,Broken,Avoid/exit,23,-3.5,-5.4,-7.2,42.0,2,,Financial Services,228279040.0,1471559.15
MXCT,MaxCyte Inc,1.11,5,11,3,0,8,2,2,31,-13.0,16.0,Broken,Avoid/exit,43,5.7,-0.9,-1.8,46.7,2,,Healthcare,131759656.0,980682.87
ESLA,Estrella Immunopharma Inc.,0.746,6,11,5,3,2,2,2,31,-15.0,16.0,Broken,Avoid/exit,22,3.6,-2.4,-5.4,39.8,2,,Healthcare,44755596.0,174228.43
JZXN,Jiuzi Holdings Inc,1.56,12,7,4,4,4,5,5,41,-28.0,16.0,Broken,Avoid/exit,58,17.3,20.0,10.5,54.9,3,,Consumer Cyclical,1661051.0,1796829.01
CABPF,CAB Payments Holdings Limited,1.04,5,3,7,5,3,1,2,26,-10.0,16.0,Broken,Avoid/exit,35,-1.9,-1.9,-1.6,20.7,0,,Financial Services,312251648.0,2180.25
LBUY,Leafbuyer Technologies Inc,0.26,7,7,1,4,3,0,2,24,-8.0,16.0,Broken,Avoid/exit,41,4.0,-10.3,-32.8,46.6,0,,Communication Services,20014222.0,499.11
MMHTF,Miramar Hotel and Investment Company Limited,1.27,8,3,11,6,3,2,3,36,-23.0,16.0,Broken,Avoid/exit,46,0.0,0.0,0.0,94.9,0,,Consumer Cyclical,877518784.0,65.01
ORGN,Origin Materials Inc,0.95,7,12,5,0,3,2,2,31,-15.0,16.0,Broken,Avoid/exit,29,0.0,9.6,-6.8,35.2,2,,Basic Materials,7098982.0,209745.96
ZENA,ZenaTech Inc.,1.38,4,12,6,0,4,2,3,31,-13.0,16.0,Broken,Avoid/exit,24,6.2,-7.4,0.2,48.5,2,,Technology,129730184.0,1761425.29
EDUC,Educational Development Corporation,1.38,4,9,3,0,4,4,2,26,-8.0,16.0,Broken,Avoid/exit,32,-0.7,-4.8,-3.5,31.3,0,,Communication Services,12086137.0,205016.94
HSTXF,Heliostar Metals Ltd,1.34,13,10,10,5,4,2,3,47,-29,16,Broken,Avoid/exit,27,15.5,14.5,9.6,60.3,4,,Basic Materials,393549024.0,248880.5
LANV,Lanvin Group Holdings Limited,1.2,5,4,4,7,2,2,2,26,-6.0,16.0,Broken,Avoid/exit,25,-4.8,-1.6,-6.0,40.9,2,,Consumer Cyclical,213856976.0,52216.0
ERLFF,Entree Resources Ltd,1.81,1,9,3,6,8,0,2,29,-13.0,16.0,Broken,Avoid/exit,45,1.2,-4.7,-4.2,41.7,2,,Basic Materials,379600832.0,17584.77
BZAI,"Blaize Holdings, Inc.",0.972,6,11,5,1,4,2,2,31,-13.0,16.0,Broken,Avoid/exit,18,20.2,-2.3,-2.2,44.1,2,,Technology,254716016.0,5028700.62
ACTU,"Actuate Therapeutics, Inc. Common stock",1.23,3,14,3,6,3,2,3,34,-16.0,16.0,Broken,Avoid/exit,24,5.1,-2.4,-3.7,43.5,1,,Healthcare,43545052.0,93281.33
HOUR,Hour Loop Inc,1.84,3,9,3,0,2,2,2,21,-8.0,16.0,Broken,🔥 COILED: Avoid/exit,27,3.4,-4.2,-1.4,46.7,0,,Consumer Cyclical,67216504.0,1529140.2
HURA,TuHURA Biosciences Inc,2.115,3,9,8,0,6,2,2,30,-15.0,16.0,Broken,Avoid/exit,40,-2.5,-1.6,-3.1,44.1,1,,Healthcare,135006960.0,862839.06
TII,Titan Mining Corporation,2.31,12,9,8,4,4,2,2,41,-23.0,16.0,Broken,Avoid/exit,34,13.2,10.0,8.8,58.5,3,,Basic Materials,226062640.0,358395.63
WEWA,Wewards Inc,2.0,5,3,7,5,3,2,3,28,-15.0,16.0,Broken,Avoid/exit,25,0.0,0.0,-0.0,0.0,1,,Technology,214966896.0,6.0
HTLM,HomesToLife Ltd,1.85,7,4,6,0,2,2,2,23,-10.0,16.0,Broken,Avoid/exit,33,-1.1,-6.1,-2.3,47.3,0,,Consumer Cyclical,172648448.0,133777.91
MYCOF,Mydecine Innovations Group Inc,0.73,7,4,3,0,6,4,2,26,-10.0,16.0,Broken,Avoid/exit,31,-8.8,-8.8,-14.4,44.9,0,,Healthcare,103044568.0,0.0
AIRE,reAlpha Tech Corp. Common Stock,1.43,7,9,3,6,0,4,2,31,-15.0,16.0,Broken,Avoid/exit,39,2.1,-8.3,-6.1,43.6,1,,Real Estate,12124337.0,458977.28
ODV,Osisko Development Corp.,2.31,3,13,7,1,3,2,2,31,-13.0,16.0,Broken,Avoid/exit,16,3.1,-1.7,-3.0,44.4,2,,Basic Materials,816653312.0,2332166.42
DRDGF,Drdgold,2.06,3,3,6,3,3,3,2,23,-10.0,16.0,Broken,Avoid/exit,16,0.0,0.0,-2.5,8.4,0,,Basic Materials,2177168128.0,0.0
TMOAY,TomTom NV ADR,2.219,4,8,2,4,4,2,2,26,-10.0,16.0,Broken,Avoid/exit,15,-0.5,5.2,-3.0,37.5,0,,Technology,683969472.0,1701.75
YSG,Yatsen Holding,3.24,4,11,4,3,7,0,2,31,-13.0,16.0,Broken,Avoid/exit,38,-6.9,-1.8,-3.1,46.3,1,,Consumer Defensive,287982784.0,213218.85
CLRB,Cellectar Biosciences Inc,2.52,8,8,8,0,2,0,2,28,-15.0,16.0,Broken,🔥 COILED: Avoid/exit,25,-0.4,2.0,-1.4,46.5,1,,Healthcare,21977484.0,399070.67
XDHFX,Dreyfus High Yield Strategies Fund,2.67,6,7,2,6,0,4,3,28,-15.0,16.0,Broken,Avoid/exit,27,0.4,0.4,-0.3,42.1,0,,Other,0.0,0.0
GMTLF,Guardian Metal Resources PLC,2.335,6,10,6,2,3,2,2,31,-13.0,16.0,Broken,Avoid/exit,32,18.5,4.2,5.6,51.2,2,,Basic Materials,689793344.0,170583.04
RAVE,Rave Restaurant Group Inc,3.13,5,4,6,4,3,2,2,26,-10.0,16.0,Broken,Avoid/exit,54,1.0,0.0,-1.9,45.9,0,,Consumer Cyclical,40787196.0,55528.21
MIMI,Mint Incorporation Limited Class A Ordinary Shares,1.94,6,12,2,3,4,2,2,31,-13.0,16.0,Broken,Avoid/exit,30,12.8,-10.6,-3.2,46.1,1,,Industrials,8039137.0,526043.06
CARD,MAX™ Auto Industry -3X Inverse Leveraged ETNs,2.371,1,10,5,3,3,2,2,26,-8.0,16.0,Broken,Avoid/exit,18,0.3,-12.5,-2.4,46.5,1,,nan,nan,21015.43
LAES,SEALSQ Corp,2.49,6,9,6,4,4,2,2,33,-15.0,16.0,Broken,Avoid/exit,26,5.5,-3.1,-2.7,43.5,2,,Technology,770798080.0,17083462.77
ABAT,American Battery Technology Company Common Stock,2.39,6,13,6,2,3,2,2,34,-16.0,16.0,Broken,Avoid/exit,26,17.2,4.8,1.3,47.9,2,,Industrials,493820160.0,7644027.98
CVOSF,Coveo Solutions Inc.,3.02,9,6,6,6,3,4,3,37,-21.0,16.0,Broken,Avoid/exit,31,-1.3,-1.9,-1.0,48.5,1,,Technology,303520704.0,7068.85
NAGE,"Niagen Bioscience, Inc.",3.04,0,5,2,8,4,0,2,21,-3.0,16.0,Broken,Avoid/exit,16,-8.4,-4.7,-8.1,40.3,0,,Healthcare,273976480.0,1025530.61
PCELF,PowerCell Sweden AB (publ),1.91,3,3,10,6,3,3,3,31,-15.0,16.0,Broken,Avoid/exit,23,0.0,0.0,-1.3,31.4,1,,Industrials,174835136.0,218.5
PLCE,Children’s Place Inc,2.65,6,13,4,0,4,2,2,31,-13.0,16.0,Broken,Avoid/exit,25,8.6,0.4,-1.3,45.0,2,,Consumer Cyclical,80407000.0,552109.79
CJAX,Barrister Energy LLC,3.55,10,6,11,6,3,2,3,41,-28.0,16.0,Broken,Avoid/exit,49,0.0,0.0,0.0,91.6,1,,Energy,50299080.0,6.23
EZRA,"Reliance Global Group, Inc.",2.57,13,15,3,3,6,6,2,48,-30,16,Broken,Avoid/exit,50,30.1,15.8,8.1,52.6,3,,Financial Services,2061884.0,194251.78
HIX,Western Asset High Income II Closed Fund,3.92,2,7,3,3,3,4,2,24,-8.0,16.0,Broken,Avoid/exit,37,0.8,-0.8,-0.1,47.8,1,,Financial Services,329388400.0,366764.25
CLIR,ClearSign Combustion Corporation,3.84,11,5,4,10,2,0,4,36,-20.0,16.0,Broken,Avoid/exit,45,-1.5,14.6,0.8,50.6,3,,Industrials,26494968.0,41692.64
SSM,Sono Group N.V.,3.58,2,2,2,9,2,2,2,21,-5.0,16.0,Broken,Avoid/exit,17,-7.5,-11.4,-7.1,37.6,1,,Consumer Cyclical,5991171.0,32783.65
RGTZ,Defiance Daily Target 2x Short RGTI ETF,3.64,1,10,2,8,4,0,2,27,-11.0,16.0,Broken,Avoid/exit,18,-23.8,-33.8,-22.1,41.3,0,,nan,nan,0.0
BBAI,BigBearai Holdings Inc,3.01,9,8,6,2,2,2,2,31,-13.0,16.0,Broken,Avoid/exit,20,6.4,5.6,-0.2,46.5,2,,Technology,2093009024.0,76359706.06
INDI,indie Semiconductor Inc,3.43,6,10,2,5,2,2,2,29,-13.0,16.0,Broken,Avoid/exit,29,8.5,-5.8,-4.7,44.3,2,,Technology,1014185280.0,4467684.86
AHT-P-H,Ashford Hospitality Trust Inc 7.50% Series H Cumulative Preferred Stock,5.087,7,7,8,6,5,2,2,37,-21.0,16.0,Broken,Avoid/exit,34,-4.4,-4.8,-1.7,47.8,0,,Other,nan,5587.9
CLBEY,Calbee Inc,4.522,6,8,1,4,4,4,2,29,-13.0,16.0,Broken,Avoid/exit,21,-5.8,1.1,-1.4,48.0,0,,Consumer Defensive,2122437504.0,4298.32
NTHI,"NeOnc Technologies Holdings, Inc. Common Stock",3.5,5,9,5,0,4,6,2,31,-15.0,16.0,Broken,Avoid/exit,24,0.3,-3.6,-4.3,39.5,2,,Healthcare,113157136.0,69625.55
APVO,Aptevo Therapeutics Inc,4.07,1,4,4,5,2,4,4,24,-8.0,16.0,Broken,Avoid/exit,23,-1.5,-6.9,-4.4,42.3,0,,Healthcare,5881615.0,177742.65
COIG,Leverage Shares 2X Long COIN Daily ETF,3.864,0,2,3,9,0,0,2,16,0.0,16.0,Broken,Avoid/exit,14,-22.5,-21.2,-16.9,39.4,1,,nan,nan,93323.02
GRLRF,Greenland Resources Inc,0.95,6,9,6,2,2,6,2,33,-18.0,15.0,Broken,Avoid/exit,27,2.2,1.8,-0.3,47.1,2,,Basic Materials,139244576.0,84473.62
GLNS,Golden Star Resource Corp ,0.802,3,3,8,4,3,3,3,27,-15.0,15.0,Broken,Avoid/exit,13,0.0,0.0,-2.7,0.3,1,,Basic Materials,7070000.0,27.85
CJPXX,JPMorgan Trust I - JPMorgan Prime Money Market Fund,1.0,4,6,2,6,0,5,3,26,-11.0,15.0,Broken,Avoid/exit,37,0.0,0.0,-0.0,46.3,0,,nan,nan,0.0
ITVPF,ITV plc,0.93,3,4,4,2,3,7,2,25,-10.0,15.0,Broken,Avoid/exit,19,0.0,0.0,-2.9,4.6,0,,Communication Services,3814761472.0,0.0
MIST,Milestone Pharmaceuticals Inc,1.18,6,12,5,2,4,2,2,33,-16.0,15.0,Broken,Avoid/exit,22,2.6,-1.7,0.1,47.7,2,,Healthcare,160602400.0,2795454.57
BMEA,Biomea Fusion Inc,1.25,1,8,8,2,2,2,2,25,-13.0,15.0,Broken,Avoid/exit,28,2.5,-0.8,-0.6,47.6,2,,Healthcare,99050232.0,1495367.33
EU,enCore Energy Corp. Common Shares,1.15,6,10,7,1,2,2,2,30,-13.0,15.0,Broken,Avoid/exit,22,1.8,-5.0,-2.8,43.7,2,,Energy,306888160.0,3554048.68
HYPR,Hyperfine Inc,0.982,6,11,4,1,2,2,2,28,-13.0,15.0,Broken,Avoid/exit,22,5.8,2.9,-3.8,40.9,2,,Healthcare,143941984.0,594414.25
AMST,Amesite Operating Co,1.0,5,12,4,3,4,2,2,32,-15.0,15.0,Broken,Avoid/exit,34,2.5,5.0,-2.9,45.2,2,,Technology,8135649.0,1319291.31
TUNGF,American Tungsten Corp.,1.06,4,14,2,0,4,2,2,28,-13.0,15.0,Broken,Avoid/exit,20,11.0,-10.9,-4.2,40.7,1,,Basic Materials,103212648.0,395679.2
GOTU,Gaotu Techedu Inc DRC,1.9,15,14,4,3,5,2,4,47,-30,15,Broken,Avoid/exit,37,3.3,18.7,7.2,62.9,3,,Consumer Defensive,400602304.0,518693.31
BLND,Blend Labs Inc,1.95,15,6,4,10,3,2,5,45,-30.0,15.0,Broken,Avoid/exit,46,11.4,15.4,6.7,60.4,3,,Technology,416440640.0,3669056.99
NWARF,Norwegian Air Shuttle ASA,1.31,5,6,5,2,3,2,2,25,-10.0,15.0,Broken,Avoid/exit,19,9.2,0.8,-0.7,43.5,0,,Industrials,1777387136.0,5168.68
CRTHF,CARsgen Therapeutics Holdings Limited,1.92,4,5,2,4,6,2,2,25,-15.0,15.0,Broken,🔥 COILED: Avoid/exit,39,0.0,0.8,-1.5,46.3,1,,Healthcare,981320192.0,14.0
CNCK,Coincheck Group N.V. Ordinary Shares,2.1,6,4,0,11,3,2,2,28,-13.0,15.0,Broken,Avoid/exit,49,14.1,-24.5,-10.1,43.2,1,,Financial Services,244668816.0,547091.46
KUST,"Kustom Entertainment, Inc.",1.28,6,7,4,4,0,4,5,30,-15.0,15.0,Broken,Avoid/exit,24,8.5,-7.9,-0.5,48.8,1,,Communication Services,1134616.0,204444.64
OIO,ESGL Holdings Limited,1.88,1,10,5,6,4,4,2,32,-15.0,15.0,Broken,Avoid/exit,27,-7.4,-9.6,-6.2,42.4,1,,Financial Services,682123328.0,26801.46
POWW,Ammo Inc,2.16,7,8,3,3,5,2,2,30,-15.0,15.0,Broken,Avoid/exit,64,1.4,2.9,-1.7,45.7,1,,Industrials,233404560.0,507940.57
QUCY,Quantum Cyber N.V.,1.38,10,6,6,11,2,1,2,38,-23.0,15.0,Broken,Avoid/exit,0,24.3,24.3,6.8,52.6,4,,Healthcare,56007444.0,0.0
LLOBF,Lloyds Banking Group plc 9.25% NON-CUM IRR PRF SHS GBP0.25,2.0,3,5,2,2,4,1,3,20,-10.0,15.0,Broken,🔥 COILED: Avoid/exit,30,0.0,0.0,-0.3,47.4,0,,Other,nan,86.25
CHIU,Global X MSCI China Utilities ETF,2.09,6,3,8,4,5,1,3,30,-18.0,15.0,Broken,Avoid/exit,40,-0.5,-1.4,-0.2,46.7,0,,nan,nan,781019.0
VVVNF,Vivendi SE,2.17,3,9,4,4,3,0,2,25,-8.0,15.0,Broken,Avoid/exit,18,-4.0,-0.5,-0.7,46.9,1,,Communication Services,2560161792.0,3155.6
NTRP,NextTrip Inc,1.64,3,3,4,8,2,2,2,24,-9.0,15.0,Broken,Avoid/exit,16,0.6,-8.4,-8.3,37.5,1,,Consumer Cyclical,33334976.0,55475.38
PSNYW,Polestar Automotive Holding UK PLC Class C-1 ADS (ADW),2.54,4,10,1,3,3,2,5,28,-11.0,15.0,Broken,Avoid/exit,33,2.4,-1.2,-1.0,49.2,1,,Consumer Cyclical,27928928256.0,61489.31
CBOAF,CBOAF,2.536,3,4,3,3,3,7,2,25,-10.0,15.0,Broken,Avoid/exit,38,0.0,0.0,-3.5,8.4,0,,Consumer Defensive,1364554880.0,158.93
QNC,Quantum eMotion Corp.,2.17,6,11,5,0,2,2,2,28,-13.0,15.0,Broken,Avoid/exit,0,1.9,0.5,-4.8,42.0,2,,Technology,739275712.0,0.0
ZDAI,Primega Group Holdings Limited,1.73,4,10,6,0,6,2,2,30,-13.0,15.0,Broken,Avoid/exit,29,5.5,-0.0,-3.8,39.0,2,,Industrials,22039876.0,100935.16
AIV,Apartment Investment and Management Co,2.65,3,11,4,0,2,3,2,25,-10.0,15.0,Broken,Avoid/exit,12,-0.4,0.4,-2.5,31.4,0,,Real Estate,440199904.0,2253138.87
HTCR,HeartCore Enterprises Inc,2.57,10,6,5,8,2,2,2,35,-20.0,15.0,Broken,Avoid/exit,60,19.5,14.2,0.6,48.3,3,,Technology,4353526.0,60482.07
WKHS,Workhorse Group Inc,3.23,14,6,4,14,0,2,5,45,-30,15,Broken,Avoid/exit,48,1.9,17.0,7.0,58.0,3,,Consumer Cyclical,37691164.0,177945.62
QHUOY,Quhuo Limited,6.34,11,3,3,6,7,7,5,42,-25.0,15.0,Broken,Avoid/exit,53,15.1,-43.9,-1.9,51.4,1,,nan,12831055.0,97236.12
OILCF,Permex Petroleum Corporation,3.27,9,6,11,6,3,2,3,40,-28.0,15.0,Broken,Avoid/exit,48,0.0,0.0,0.0,98.9,1,,Energy,1803414.0,44.27
BYDIF,BYD Electronic (International) Company Limited,3.07,9,5,5,3,1,6,5,34,-19.0,15.0,Broken,Avoid/exit,29,4.4,0.7,0.9,51.0,0,,Technology,8535212032.0,4541.73
RVYL,Ryvyl Inc,14.96,18,3,3,11,3,2,5,45,-30,15,Broken,Avoid/exit,53,-11.1,29.3,11.5,60.5,3,,Technology,9994965.0,213604.62
IPST,"Heritage Distilling Holding Company, Inc.",2.165,3,5,8,8,0,2,2,28,-13.0,15.0,Broken,Avoid/exit,37,-0.7,-9.8,-8.9,38.5,1,,Financial Services,2886312.0,71708.44
BIRD,Allbirds Inc,2.4,6,11,4,1,3,2,2,29,-15.0,15.0,Broken,Avoid/exit,25,4.3,-6.2,-10.2,35.4,2,,Consumer Cyclical,35224204.0,1954322.46
APIMX,API SHORT TERM BOND FUND CLASS A SHARES,3.86,1,6,0,6,0,4,3,20,-8.0,15.0,Broken,Avoid/exit,22,0.0,0.0,-0.3,42.3,0,,nan,0.0,0.0
MSAI,Infrared Cameras Holdings Inc,5.11,10,8,4,2,0,2,2,28,-13.0,15.0,Broken,Avoid/exit,38,6.7,0.2,-0.0,49.3,1,,Technology,11308830.0,196489.63
SPSTY,Singapore Post Ltd ADR,5.42,5,8,5,6,0,2,2,28,-13.0,15.0,Broken,Avoid/exit,28,6.6,3.5,0.1,47.7,0,,Industrials,559727168.0,0.0
HBFGF,Happy Belly Food Group Inc.,1.11,5,8,6,2,6,1,2,30,-16.0,14.0,Broken,Avoid/exit,30,-0.9,0.9,-0.6,46.9,1,,Consumer Defensive,160109216.0,13004.67
IMMFF,Omni Bridgeway Limited,1.1,6,1,2,5,3,5,2,24,-10.0,14.0,Broken,Avoid/exit,49,0.0,-5.6,-2.3,6.8,0,,Financial Services,337433152.0,12.5
IMRN,Immuron Ltd ADR,1.1,2,7,6,0,7,2,2,26,-13.0,14.0,Broken,Avoid/exit,42,-0.9,-6.0,-1.8,47.4,1,,Healthcare,10207925.0,268697.84
GLDAF,GlobalData Plc,0.977,3,3,4,3,3,3,2,21,-10.0,14.0,Broken,Avoid/exit,22,0.0,-6.9,-5.0,24.0,0,,Industrials,968554304.0,578.4
TNNTF,Tintina Mines Limited,1.38,3,4,5,3,6,6,2,29,-15.0,14.0,Broken,Avoid/exit,0,15.0,-21.1,-10.2,39.3,1,,Basic Materials,231173584.0,0.0
MAIA,MAIA Biotechnology Inc.,1.42,14,12,5,3,4,2,2,42,-28,14,Broken,Avoid/exit,41,13.6,10.9,6.5,58.7,4,,Healthcare,86945080.0,810109.99
MGIH,Millennium Group International Holdings Limited Ordinary Shares,1.491,7,7,1,5,5,2,2,29,-15.0,14.0,Broken,Avoid/exit,35,-4.4,-8.0,-4.1,45.3,1,,Consumer Cyclical,15862500.0,508678.61
PRFX,Painreform Ltd,1.1,7,9,7,0,2,2,2,29,-13.0,14.0,Broken,Avoid/exit,22,6.8,-4.3,-4.9,43.3,2,,Healthcare,1555073.0,774655.82
BIVI,Biovie Inc,1.35,2,5,1,11,0,2,2,23,-5.0,14.0,Broken,Avoid/exit,25,-5.6,-6.2,-16.1,43.4,1,,Healthcare,12066943.0,128695.27
TWIRF,Tree Island Steel Ltd,1.56,3,13,1,2,4,0,2,25,-11.0,14.0,Broken,Avoid/exit,12,-6.0,3.3,-1.7,45.6,1,,Basic Materials,43471140.0,0.0
NEON,Neonode Inc,0.954,9,12,4,5,4,3,5,42,-26.0,14.0,Broken,Avoid/exit,21,19.3,20.8,8.7,54.8,3,,Technology,31048410.0,908551.41
TWAV,TaoWeave Inc.,1.4,12,10,9,2,4,3,4,44,-28.0,14.0,Broken,Avoid/exit,36,18.6,11.1,7.7,57.2,3,,Financial Services,4907731.0,513237.26
FYGGY,Fuyao Glass Industry Group Co. Ltd,1.78,10,5,6,4,2,0,5,32,-18.0,14.0,Broken,Avoid/exit,35,-3.4,2.3,0.5,51.5,0,,Consumer Cyclical,18372595712.0,18623.21
TIHRF,Tharisa plc,1.455,3,2,9,4,3,1,2,24,-10.0,14.0,Broken,Avoid/exit,17,-1.7,-1.7,-1.7,32.8,0,,Basic Materials,511634208.0,921.09
LLESY,Lend Lease Group,1.9,1,3,4,6,3,5,2,24,-10.0,14.0,Broken,Avoid/exit,26,0.0,-10.8,-4.6,37.0,1,,Real Estate,1291966592.0,0.0
IFRX,InflaRx N.V.,1.72,10,6,4,0,0,4,2,26,-15.0,14.0,Broken,Avoid/exit,48,0.0,-0.6,-4.8,40.5,2,,Healthcare,295322208.0,1663625.05
XTIA,"XTI Aerospace, Inc.",1.5,6,8,8,2,2,2,3,31,-17.0,14.0,Broken,Avoid/exit,25,-2.0,2.7,-1.2,45.9,1,,Industrials,73877352.0,1960155.88
CSCIF,COSCIENS Biopharma Inc.,4.92,11,4,1,3,3,2,2,26,-15.0,14.0,Broken,Avoid/exit,56,-1.6,-10.5,-1.8,52.7,1,,Healthcare,6368318.0,3746.01
NAMM,Namib Minerals Ordinary Shares,1.37,3,7,5,5,2,2,2,26,-12.0,14.0,Broken,Avoid/exit,35,-1.4,-18.0,-6.9,42.3,0,,Basic Materials,127489408.0,3602066.08
CIG,Companhia Energetica de Minas Gerais CEMIG Pref ADR,2.14,7,4,8,6,2,1,3,31,-20.0,14.0,Broken,Avoid/exit,24,-1.4,-1.4,-0.5,48.5,0,,Utilities,5964521984.0,4472774.99
WFRSF,West African Resources Limited,1.7,1,13,2,1,3,0,2,22,-6.0,14.0,Broken,Avoid/exit,23,-5.6,-12.8,-7.1,43.2,1,,Basic Materials,2491762432.0,6572.28
TROO,TROOPS Inc,1.95,5,10,4,0,2,2,4,27,-13.0,14.0,Broken,Avoid/exit,31,12.1,-4.4,-2.1,44.7,2,,Financial Services,290741216.0,296533.31
GMLPF,Golar LNG Partners LP Series A Pref,0.51,2,1,0,9,0,0,2,14,0.0,14.0,Broken,Avoid/exit,29,-8.1,-48.0,-38.6,31.9,0,,Energy,nan,18369.5
TXXS,21Shares 2x Long Sui ETF,19.014,11,4,3,3,3,0,2,26,-10.0,14.0,Broken,Avoid/exit,46,-8.0,-19.4,-3.2,52.1,0,,nan,nan,0.0
RR,Richtech Robotics Inc. Class B Common Stock,1.52,6,9,6,0,2,2,2,27,-13.0,14.0,Broken,Avoid/exit,22,5.6,-5.6,-5.7,41.4,2,,Industrials,602591104.0,28191616.42
NIU,Niu Technologies,2.45,5,4,4,10,3,0,5,31,-15.0,14.0,Broken,Avoid/exit,22,-5.4,-4.3,-1.1,49.8,1,,Consumer Cyclical,176089008.0,563492.58
CIK,Credit Suisse Asset Management IF,2.43,1,6,8,4,2,1,2,24,-10.0,14.0,Broken,Avoid/exit,23,-0.8,-0.8,-0.8,42.3,0,,Financial Services,156493600.0,473514.08
WEEEF,Western Energy Services Corp,2.22,8,3,2,3,6,2,2,26,-15.0,14.0,Broken,Avoid/exit,34,-5.1,-5.1,-1.8,50.0,1,,Energy,83947592.0,0.0
YDDL,One and One Green Technologies. Inc Class A Ordinary Shares,1.76,6,5,9,0,2,2,2,26,-10.0,14.0,Broken,Avoid/exit,12,1.4,-6.4,-7.3,34.2,0,,Industrials,179306672.0,0.0
CSCI,COSCIENS Biopharma Inc.,7.05,11,5,3,6,3,4,5,37,-23.0,14.0,Broken,Avoid/exit,51,-10.8,-9.0,-0.8,52.8,2,,Healthcare,8641549.0,3862.68
WBX,Wallbox NV,3.44,4,11,1,3,4,2,2,27,-11.0,14.0,Broken,Avoid/exit,42,7.2,-6.0,-8.4,44.0,1,,Technology,53515744.0,23635.06
CRVO,CervoMed Inc.,2.76,9,8,4,0,2,2,2,27,-13.0,14.0,Broken,Avoid/exit,32,9.5,3.4,-2.8,45.1,2,,Healthcare,27498396.0,79183.09
LTBYX,Opnhmr Rchstr Ltd Tm Nw Yk Mncpl Fd Y,2.77,2,4,3,6,3,4,2,24,-10.0,14.0,Broken,Avoid/exit,24,0.0,0.4,-0.3,27.3,0,,nan,0.0,0.0
CURR,Currenc Group Inc. Ordinary Shares,3.04,6,4,4,9,0,2,3,28,-19.0,14.0,Broken,🔥 COILED: Avoid/exit,43,-6.5,-9.0,-4.7,46.2,1,,Technology,349196672.0,399245.46
JETD,Bank of Montreal,2.21,1,8,4,6,3,0,2,24,-8.0,14.0,Broken,Avoid/exit,12,-6.8,-16.0,-6.4,42.2,0,,nan,nan,92110.86
VUZI,Vuzix Corp Cmn Stk,2.58,8,11,11,5,2,2,5,44,-28.0,14.0,Broken,Avoid/exit,24,10.7,12.2,4.4,51.8,3,,Technology,351759424.0,1910459.81
FHYTDX,FHYTDX,3.535,2,6,0,8,0,1,2,19,-5.0,14.0,Broken,Avoid/exit,22,-1.3,-0.9,-1.2,32.2,0,,nan,nan,0.0
NRRWF,NuRAN Wireless Inc,4.1,3,8,4,6,6,0,2,29,-15.0,14.0,Broken,Avoid/exit,45,-6.8,-3.3,-7.0,36.8,1,,Technology,49992164.0,0.0
TAOX,TAO Synergies Inc.,3.44,5,9,6,3,2,2,2,29,-15.0,14.0,Broken,Avoid/exit,24,1.8,-6.3,-3.0,45.7,2,,Technology,29663566.0,234288.25
NDRA,ENDRA Life Sciences Inc,4.575,1,13,2,3,4,2,2,27,-11.0,14.0,Broken,Avoid/exit,33,5.7,-12.5,-3.7,46.3,2,,Healthcare,7819003.0,138719.03
KLRS,"Kalaris Therapeutics, Inc.",4.19,7,10,4,0,2,2,2,27,-13.0,14.0,Broken,Avoid/exit,25,20.4,6.9,3.6,51.6,2,,Healthcare,112299544.0,177736.32
FLTCF,Filtronic plc,3.25,5,10,2,3,2,2,2,26,-10.0,14.0,Broken,Avoid/exit,29,4.8,-2.7,-4.6,42.5,1,,Technology,986883008.0,128382.61
LSAK,Lesaka Technologies Inc,4.7,9,6,4,2,2,2,2,27,-13.0,14.0,Broken,Avoid/exit,47,1.1,-1.1,-0.1,49.1,2,,Technology,433825280.0,76214.52
ABHBY,Alfen N.V.,7.35,12,2,3,7,6,1,5,36,-18.0,14.0,Broken,Avoid/exit,49,1.2,-8.5,8.7,72.7,1,,Industrials,213733488.0,45.0
CNSP,CNS Pharmaceuticals Inc,5.235,10,3,7,5,3,3,2,33,-19.0,14.0,Broken,Avoid/exit,42,7.9,-3.2,0.1,51.2,1,,Healthcare,7716451.0,473823.1
PNCMX,PUTNAM INCOME FUND CLASS M SHARES,4.75,2,5,4,6,3,2,2,24,-10.0,14.0,Broken,Avoid/exit,18,-0.4,-0.4,-0.6,27.7,0,,nan,0.0,0.0
INCR,InterCure Ltd.,0.925,5,7,5,4,2,2,2,27,-19.0,13.0,Broken,🔥 COILED: Avoid/exit,36,-2.4,-2.9,-2.4,46.3,1,,Healthcare,55780432.0,59489.59
NASO,The GNS Group Inc,0.784,0,1,0,8,3,4,2,18,-5.0,13.0,Broken,Avoid/exit,39,-55.4,-55.4,-52.5,14.9,1,,Consumer Defensive,2248752.0,1193.7
ONCO,Onconetix Inc,0.904,10,8,7,5,7,2,2,41,-28,13,Broken,Avoid/exit,44,15.0,14.4,3.6,51.3,3,,Healthcare,1215244.0,379468.93
BRN,Barnwell Industries Inc,1.01,3,13,3,3,4,2,2,30,-15.0,13.0,Broken,Avoid/exit,24,4.8,-4.7,-0.8,47.9,1,,Energy,15691161.0,301499.42
LZMH,LZ Technology Holdings Limited Class B Ordinary Shares,1.16,5,4,8,6,3,2,2,30,-20.0,13.0,Broken,Avoid/exit,35,2.2,-11.5,-4.2,46.5,2,,Technology,9786565.0,147373.09
GASXF,Ngx Energy International Corp,0.943,6,13,4,0,3,2,3,31,-16.0,13.0,Broken,Avoid/exit,34,5.5,-7.5,-0.8,47.3,0,,Energy,319228576.0,53151.3
PLRX,Pliant Therapeutics Inc,1.05,1,8,5,3,2,3,2,24,-11.0,13.0,Broken,Avoid/exit,18,-0.9,-2.8,-2.7,40.1,1,,Healthcare,72446688.0,824949.99
AIXC,"AIxCrypto Holdings, Inc.",0.826,4,13,2,2,3,2,2,28,-13.0,13.0,Broken,Avoid/exit,26,23.3,7.3,-1.3,45.8,2,,Technology,25496090.0,893359.04
RECT,Rectitude Holdings Ltd Ordinary Shares,1.199,3,5,1,5,5,2,2,23,-10.0,13.0,Broken,Avoid/exit,31,4.2,-15.0,-2.6,47.3,0,,Consumer Cyclical,19580800.0,781026.6
BNGO,Bionano Genomics Inc,1.1,6,13,4,1,4,2,2,32,-19.0,13.0,Broken,Avoid/exit,33,3.8,-0.9,-1.1,46.2,2,,Healthcare,13655251.0,405126.7
MRRDF,Meridian Mining UK Societas,1.12,8,6,6,5,2,2,2,31,-18.0,13.0,Broken,Avoid/exit,37,3.7,7.8,3.8,53.8,1,,Basic Materials,679670336.0,63122.81
IPXAF,Impax Asset Management Group plc,1.4,0,4,3,5,3,0,3,18,-10.0,13.0,Broken,🔥 COILED: Avoid/exit,18,-8.8,-8.8,-3.9,43.1,0,,Financial Services,162806880.0,770.88
ENSIF,ENSIF,1.1,3,9,4,1,2,2,2,23,-8.0,13.0,Broken,Avoid/exit,0,1.9,-1.9,-2.3,44.2,0,,nan,nan,0.0
LXEH,Lixiang Education Holding Co Ltd,1.6,15,5,5,9,3,1,5,43,-30,13,Broken,Avoid/exit,52,5.3,10.3,5.6,60.1,3,,Consumer Defensive,2606667.0,168352.63
ZVIA,Zevia Pbc,1.47,2,4,4,7,3,2,2,24,-7.0,13.0,Broken,Avoid/exit,36,-9.3,-2.0,-9.7,40.3,1,,Consumer Defensive,100485336.0,834801.63
WCT,Wellchange Holdings Company Limited,0.82,8,10,3,3,2,2,2,30,-15.0,13.0,Broken,Avoid/exit,21,0.0,0.3,-12.7,40.5,2,,Technology,7466693.0,501469.51
AMBR,Amber International Holding Limited,1.36,2,8,9,0,2,0,2,23,-10.0,13.0,Broken,Avoid/exit,16,-4.2,-2.2,-3.6,42.0,0,,Technology,143298368.0,591111.15
AIFF,"Firefly Neuroscience, Inc.",1.12,6,6,8,2,2,2,2,28,-15.0,13.0,Broken,Avoid/exit,22,10.9,1.8,-3.1,43.8,2,,Technology,25693436.0,3879881.17
BNKK,"Bonk, Inc.",1.06,6,11,5,0,4,2,2,30,-15.0,13.0,Broken,Avoid/exit,17,6.5,-9.4,-6.5,39.0,2,,Financial Services,13841626.0,676450.07
FLYE,"Fly-E Group, Inc. Common Stock",1.72,2,11,3,4,2,2,2,26,-11.0,13.0,Broken,Avoid/exit,29,5.5,3.0,-3.7,43.9,2,,Consumer Cyclical,3068885.0,233260.34
PVL,Permianville Royalty Trust,1.71,4,8,8,1,2,4,4,31,-18.0,13.0,Broken,Avoid/exit,22,2.4,-0.6,-0.2,47.2,0,,Energy,62040000.0,87141.65
INVLW,"Innventure, Inc.",1.05,6,12,4,7,4,6,2,41,-28.0,13.0,Broken,Avoid/exit,28,32.9,11.1,2.0,48.2,3,,nan,nan,0.0
DARE,Dare Bioscience Inc,1.33,6,13,3,0,2,2,2,28,-13.0,13.0,Broken,Avoid/exit,17,7.3,5.6,-9.4,36.0,2,,Healthcare,28161464.0,290325.11
DNGYF,Dongyue Group Limited,1.5,2,1,0,8,2,0,2,15,2.0,13.0,Broken,Avoid/exit,35,-33.0,-33.0,-31.1,11.3,0,,Basic Materials,4916929536.0,190.35
DRSHF,DroneShield Limited,1.5,7,7,6,2,0,2,2,26,-13.0,13.0,Broken,Avoid/exit,17,20.0,-1.0,0.3,46.9,1,,Industrials,1948063104.0,275504.81
STKAF,Stockland,2.5,3,3,4,5,3,3,2,23,-10.0,13.0,Broken,Avoid/exit,14,0.0,0.0,-4.1,25.9,0,,Real Estate,8583704064.0,0.0
GNLAF,Genesis Land Development Corp,2.49,6,3,11,6,3,4,3,36,-23.0,13.0,Broken,Avoid/exit,0,0.0,0.0,0.0,92.7,0,,Real Estate,140144688.0,0.0
PLUR,Pluri Inc.,1.81,3,11,3,2,4,2,3,28,-13.0,13.0,Broken,Avoid/exit,14,16.0,0.6,3.2,49.6,2,,Healthcare,25679120.0,18774.67
LFEV,Life Electric Vehicles Holdings Inc.,1.5,6,4,7,0,0,4,2,23,-13.0,13.0,Broken,Avoid/exit,34,0.0,0.0,-4.2,40.7,1,,Consumer Cyclical,19734908.0,734.66
NHTC,Natural Health Trend,1.69,3,9,2,1,4,0,2,21,-11.0,13.0,Broken,Avoid/exit,16,0.6,-6.1,-6.1,41.5,1,,Consumer Cyclical,20501060.0,36708.31
CUPR,Cuprina Holdings (Cayman) Limited Class A Ordinary Shares,3.35,6,7,2,3,4,2,2,26,-11.0,13.0,Broken,Avoid/exit,45,25.9,1.2,-5.9,46.6,2,,Healthcare,7587937.0,174070.04
XXRP,Teucrium 2x Long Daily XRP ETF,19.46,10,4,5,3,3,0,2,27,-14.0,13.0,Broken,Avoid/exit,44,-11.0,-13.4,-4.9,50.3,0,,nan,nan,2070224.87
CIG-C,Energy of Minas Gerais Co DRC,3.14,6,4,8,3,3,3,3,30,-18.0,13.0,Broken,Avoid/exit,41,-0.3,-3.0,-0.9,48.4,1,,Utilities,8467618816.0,4719.7
HTT,High Templar Tech Limited Sponsored ADR Class A,2.48,3,11,6,5,3,2,2,32,-19.0,13.0,Broken,Avoid/exit,40,1.6,-1.2,-2.0,44.1,0,,Financial Services,462744832.0,261939.97
CRNT,Ceragon Networks Ltd,2.22,6,8,3,5,2,2,2,28,-13.0,13.0,Broken,Avoid/exit,31,2.3,0.0,-1.4,45.5,2,,Technology,290859840.0,602915.24
GIG,GigCapital7 Corp. Class A Ordinary Share,1.67,6,9,1,1,2,2,2,23,-10.0,13.0,Broken,Avoid/exit,17,10.6,-16.1,-7.2,34.5,1,,Financial Services,171999984.0,275045.5
CIAFF,Champion Iron Limited,2.5,6,11,0,3,3,0,2,25,-12.0,13.0,Broken,Avoid/exit,10,-2.1,-9.1,-5.7,34.2,1,,Basic Materials,1765827968.0,17836.34
ARBK,Argo Blockchain PLC ADR,2.83,4,4,6,3,2,2,2,23,-10.0,13.0,Broken,Avoid/exit,38,-2.7,-8.7,-6.4,35.1,0,,Financial Services,51441664.0,62495.81
DSWL,Deswell Industries Inc,3.285,1,9,1,2,4,2,2,21,-6.0,13.0,Broken,Avoid/exit,30,1.1,-9.5,-3.1,42.1,0,,Technology,52745640.0,15490.46
BCAB,Bioatla Inc,3.33,4,9,3,0,2,4,2,24,-11.0,13.0,Broken,Avoid/exit,52,-1.5,-3.8,-5.0,43.3,1,,Healthcare,5791843.0,38727.02
HLDVF,Henderson Land,3.25,1,5,2,5,3,2,2,20,-10.0,13.0,Broken,Avoid/exit,26,0.0,-11.7,-7.1,44.2,0,,Real Estate,17719476224.0,0.0
BESS,Bimergen Energy Corporation,2.95,7,12,3,0,2,2,2,28,-13.0,13.0,Broken,Avoid/exit,25,12.2,-3.9,-6.8,43.7,2,,Utilities,22854186.0,144638.25
TULP,"Bloomia Holdings, Inc.",3.49,1,11,3,4,3,2,2,26,-13.0,13.0,Broken,Avoid/exit,32,6.7,-8.6,-0.7,47.4,2,,Communication Services,17515284.0,22280.72
ILAG,Intelligent Living Application Group Inc,3.142,3,3,6,8,3,4,2,29,-16.0,13.0,Broken,Avoid/exit,36,-5.6,-9.2,-8.3,38.8,1,,Industrials,7165470.0,22535.68
CTKB,Cytek Biosciences Inc,4.16,2,9,2,4,5,4,2,28,-15.0,13.0,Broken,Avoid/exit,37,-3.5,-8.8,-4.7,38.5,1,,Healthcare,559187392.0,965779.31
CDZI,Cadiz Inc,3.27,6,12,2,0,4,2,2,28,-13.0,13.0,Broken,Avoid/exit,16,4.1,2.2,-2.4,43.7,2,,Utilities,383433472.0,844052.03
PPSI,Pioneer Power Solutions Inc. ,3.02,6,9,4,1,4,2,2,28,-15.0,13.0,Broken,Avoid/exit,23,1.7,-2.9,-5.2,39.1,2,,Industrials,54371704.0,168295.09
FABC,"Fabric.AI, Inc.",2.69,4,8,8,2,2,1,3,28,-15.0,13.0,Broken,Avoid/exit,29,5.1,2.7,-1.6,46.4,2,,Consumer Cyclical,26708434.0,873587.9
GABUX,THE GABELLI UTILITIES FUND CLASS AAA,4.73,2,3,2,6,3,5,2,23,-10.0,13.0,Broken,Avoid/exit,15,-0.4,-3.7,-1.7,38.1,0,,nan,0.0,0.0
SACH,Sachem Capital Corp,0.831,6,7,4,1,2,2,2,24,-10.0,12.0,Broken,Avoid/exit,22,3.2,3.2,-1.8,43.5,2,,Real Estate,48914760.0,278496.85
YSXT,"YSX Tech. Co., Ltd Class A Ordinary Shares",0.98,7,9,5,5,5,4,2,37,-26.0,12.0,Broken,Avoid/exit,29,6.5,12.6,4.1,51.9,3,,Industrials,28440150.0,452002.89
PSRHF,PSRHF,1.0,1,11,8,0,3,4,2,29,-15.0,12.0,Broken,Avoid/exit,25,0.2,-7.0,-2.4,44.5,1,,Basic Materials,209219040.0,679335.74
INO,Inovio Pharmaceuticals Inc,0.674,1,5,0,9,2,0,2,19,-5.0,12.0,Broken,Avoid/exit,11,2.1,-33.9,-25.2,25.1,1,,Healthcare,95436952.0,1799066.3
CALC,"CalciMedica, Inc. Common Stock",0.712,5,4,5,7,2,2,2,27,-15.0,12.0,Broken,Avoid/exit,34,-15.2,-0.6,-9.2,45.4,1,,Healthcare,13431486.0,468266.46
BTAI,BioXcel Therapeutics Inc,0.83,6,9,3,3,2,2,2,27,-15.0,12.0,Broken,Avoid/exit,23,4.7,-4.6,-6.9,40.0,2,,Healthcare,37979452.0,1437702.93
SDEV,Stablecoin Development Corporation,1.04,2,9,8,0,4,0,2,25,-13.0,12.0,Broken,Avoid/exit,25,-11.9,-8.0,-8.3,42.0,1,,Financial Services,31454148.0,724157.14
FAMI,Farmmi Inc,0.159,3,8,2,6,4,2,2,27,-15.0,12.0,Broken,Avoid/exit,6,-0.8,-20.7,-33.1,26.6,1,,Consumer Defensive,17683468.0,102520.14
STSS,Sharps Technology Inc,1.15,6,6,4,3,2,2,2,25,-13.0,12.0,Broken,Avoid/exit,18,2.7,6.5,-4.3,43.1,1,,Technology,77872792.0,743620.93
ICMB,Investcorp Credit Management BDC Inc,0.851,3,15,7,3,3,2,2,35,-23.0,12.0,Broken,Avoid/exit,17,9.1,8.7,0.5,44.6,3,,Financial Services,17391130.0,45383.86
NEXR,Nexera Technologies Ltd.,2.53,15,7,5,5,5,2,5,44,-30,12,Broken,Avoid/exit,45,-40.4,598.9,55.2,62.6,3,,Consumer Cyclical,825352.0,1213149.34
TPST,Tempest Therapeutics Inc,0.902,3,12,6,0,2,2,2,27,-15.0,12.0,Broken,Avoid/exit,20,4.4,-4.1,-4.7,37.6,2,,Healthcare,19249096.0,134656.01
ZNB,Zeta Network Group,2.47,15,5,6,5,3,3,5,42,-30,12,Broken,Avoid/exit,53,-12.7,804.8,41.0,64.0,4,,Communication Services,2723989.0,82989.12
CRDF,Cardiff Oncology Inc,0.96,3,13,3,10,4,2,2,37,-23.0,12.0,Broken,Avoid/exit,19,13.0,14.3,-0.8,43.9,4,,Healthcare,105973336.0,1014872.7
ELAB,"Elevai Labs, Inc. Common Stock",0.956,4,6,8,3,0,2,2,25,-13.0,12.0,Broken,Avoid/exit,26,0.7,0.7,-6.1,40.2,2,,Healthcare,8224189.0,2508753.5
FUFU,BitFuFu Inc. Class A Ordinary Shares,1.29,4,8,9,3,2,2,2,30,-18.0,12.0,Broken,Avoid/exit,12,-1.5,-1.5,-6.2,41.6,1,,Financial Services,336640256.0,204825.0
VERI,Veritone Inc,1.25,8,12,8,3,3,2,4,40,-26,12,Broken,Avoid/exit,23,19.0,17.9,8.2,54.5,3,,Technology,158952032.0,4280625.04
MKGSF,MKGSF,2.0,9,4,9,3,3,0,2,30,-18.0,12.0,Broken,Avoid/exit,0,-7.0,-4.3,-5.0,39.7,0,,nan,nan,0.0
BCHG,Grayscale Bitcoin Cash Trust,1.54,4,6,4,1,2,0,2,19,-10.0,12.0,Broken,Avoid/exit,12,-3.6,0.2,-3.4,42.4,1,,nan,102952944.0,155052.21
EJH,E-Home Household Service Holdings Ltd,1.28,3,7,1,6,4,2,2,25,-11.0,12.0,Broken,Avoid/exit,40,11.3,-33.3,-12.3,38.8,0,,Consumer Cyclical,4800231.0,586233.55
PROK,ProKidney Corp.,1.64,7,5,9,2,2,2,2,29,-17.0,12.0,Broken,Avoid/exit,36,3.8,7.9,1.1,49.8,2,,Healthcare,522563136.0,1311690.88
ENHA,Enhanced Group Inc.,2.64,3,6,9,3,2,2,2,27,-15.0,12.0,Broken,Avoid/exit,0,-4.7,-21.4,-56.5,7.6,1,,Consumer Defensive,341022976.0,0.0
MCRP,Micropolis Holding Company,1.26,5,8,5,3,2,2,2,27,-15.0,12.0,Broken,Avoid/exit,7,-5.3,-0.8,-6.2,38.0,1,,Technology,87221120.0,332950.83
BTCFF,Bitcoin Treasury Corporation,2.15,3,3,6,2,3,3,2,22,-10.0,12.0,Broken,Avoid/exit,18,0.0,0.0,-1.7,14.7,0,,nan,nan,3041.72
BBCQW,Bleichroeder Acquisition Corp. II Warrants,1.68,3,7,2,6,2,0,2,22,-10.0,12.0,Broken,Avoid/exit,0,-9.7,-11.6,-11.9,40.4,0,,nan,nan,0.0
HDRN,HDRN,1.67,6,9,5,1,2,2,2,27,-15.0,12.0,Broken,Avoid/exit,0,10.6,-16.1,-7.2,34.5,2,,Industrials,185939888.0,0.0
HLEO,Helio Corporation,2.105,8,4,2,0,5,5,5,29,-15.0,12.0,Broken,Avoid/exit,49,23.8,-57.0,-7.1,49.1,1,,Industrials,69691752.0,32385.99
HHS,Harte Hanks Inc,2.28,6,12,0,1,4,2,2,27,-13.0,12.0,Broken,Avoid/exit,34,0.4,-4.6,-0.2,48.5,1,,Industrials,18845454.0,38612.09
IMDXF,Imdex Limited,2.6,1,3,4,4,3,5,2,22,-10.0,12.0,Broken,Avoid/exit,31,0.0,0.0,-3.8,6.4,0,,Industrials,1535525504.0,0.0
DFDV,DeFi Development Corp.,2.72,3,9,6,1,2,2,2,25,-13.0,12.0,Broken,Avoid/exit,29,2.3,-5.2,-3.4,44.6,2,,Financial Services,90806392.0,1593137.56
VERB,Verb Technology Company Inc,2.84,0,11,8,3,2,4,2,30,-18.0,12.0,Broken,Avoid/exit,28,-8.4,-18.2,-9.0,41.0,1,,Technology,877814080.0,574130.39
TONX,TON Strategy Co,2.84,0,11,8,3,2,4,2,30,-18.0,12.0,Broken,Avoid/exit,28,-8.4,-18.2,-9.0,41.0,1,,Technology,212555120.0,574112.99
HYDTF,Hydreight Technologies Inc.,2.8,1,9,3,0,3,4,2,22,-8.0,12.0,Broken,Avoid/exit,31,-2.8,-10.5,-5.9,37.8,0,,Healthcare,191671648.0,49861.19
BAK,Braskem SA Class A,2.33,3,12,6,1,3,2,2,29,-15.0,12.0,Broken,Avoid/exit,7,-3.3,-5.7,-4.4,39.8,1,,Basic Materials,1394694656.0,1758272.43
SLI,Standard Lithium Ltd,2.27,6,9,5,2,4,2,2,30,-16.0,12.0,Broken,Avoid/exit,14,10.7,4.6,-0.1,44.3,2,,Basic Materials,941296000.0,3243368.34
TYGO,Tigo Energy Inc.,1.28,2,8,2,6,4,0,2,24,-13.0,12.0,Broken,Avoid/exit,6,-26.0,-27.7,-28.6,30.7,0,,Technology,263410448.0,634864.47
BENF,Beneficient Class A Common Stock,3.14,1,8,3,5,4,4,2,27,-15.0,12.0,Broken,Avoid/exit,38,3.0,-11.3,-3.1,45.1,1,,Financial Services,53145448.0,1138320.91
RBSTF,ROBOSENSE TECHNOLOGY CO,2.91,7,6,4,1,0,2,2,22,-10.0,12.0,Broken,Avoid/exit,19,2.1,-0.5,-2.2,45.4,0,,nan,nan,349.32
HUSQF,Husqvarna AB (publ),3.78,3,3,4,4,3,3,2,22,-10.0,12.0,Broken,Avoid/exit,22,0.0,0.0,-1.6,12.1,0,,Industrials,2572960512.0,0.0
NTPIF,Nam Tai Property Inc.,4.5,1,10,1,4,5,2,2,25,-13.0,12.0,Broken,Avoid/exit,36,4.7,-4.1,-0.7,45.7,2,,Real Estate,289831008.0,13570.11
LPL,LG Display Co Ltd,3.24,6,9,5,1,2,2,2,27,-13.0,12.0,Broken,Avoid/exit,13,8.7,-3.9,-1.8,43.7,2,,Technology,4834999808.0,1117619.64
BEKAY,NV Bekaert SA ADR,4.5,3,4,3,4,3,3,2,22,-10.0,12.0,Broken,Avoid/exit,29,0.0,0.0,-1.8,18.5,0,,Industrials,2403054336.0,0.0
BORR,Borr Drilling Ltd,3.88,5,6,5,0,2,2,2,22,-10.0,12.0,Broken,Avoid/exit,16,-2.8,-8.3,-5.4,37.2,0,,Energy,1558867968.0,6344780.88
BJDX,Bluejay Diagnostics Inc,1.15,7,7,2,5,2,2,2,27,-13.0,12.0,Broken,Avoid/exit,27,23.8,0.9,-8.8,42.3,1,,Healthcare,5988620.0,678236.1
ADCT,ADC Therapeutics SA,1.13,3,13,3,3,3,0,2,27,-14.0,11.0,Broken,Avoid/exit,28,1.8,-7.4,-3.7,40.3,1,,Healthcare,139274320.0,1087136.63
DUO,Fangdd Network Group Ltd,0.591,3,6,7,4,2,4,2,28,-15.0,11.0,Broken,Avoid/exit,15,1.0,-4.1,-4.6,40.7,1,,Real Estate,41632288.0,808450.22
APM,Aptorum Group Ltd Class A,8.41,17,5,3,3,7,3,5,43,-30,11,Broken,Avoid/exit,55,-4.8,8409900.0,111.2,87.1,3,,Healthcare,8876695.0,2219235.03
QSI,QuantumSi Inc,0.755,6,9,5,0,2,2,2,26,-13.0,11.0,Broken,Avoid/exit,23,4.9,-4.4,-4.7,40.3,2,,Healthcare,278732992.0,7199786.3
MTEN,Mingteng International Corporation Inc. Ordinary Shares,1.0,6,7,2,3,2,6,2,28,-15.0,11.0,Broken,Avoid/exit,35,-2.9,-16.7,-10.9,41.3,2,,Industrials,5631816.0,148205.67
STKH,Steakholder Foods Ltd,2.55,15,4,3,4,5,5,5,41,-30,11,Broken,Avoid/exit,46,-9.9,453.1,40.8,62.8,3,,Consumer Defensive,2000206.0,263345.1
TLSA,Tiziana Life Sciences Ltd,0.97,7,10,1,2,2,2,2,26,-11.0,11.0,Broken,Avoid/exit,12,0.0,-4.9,-5.7,42.2,1,,Healthcare,161619088.0,266479.05
OCGN,Ocugen Inc,1.24,3,6,6,0,0,4,2,21,-13.0,11.0,Broken,Avoid/exit,22,-1.6,-2.4,-4.5,42.4,1,,Healthcare,463774944.0,6017677.52
PLBY,Plby Group Inc,1.16,3,7,8,0,2,2,3,25,-15.0,11.0,Broken,Avoid/exit,15,0.9,-5.7,-3.4,43.7,1,,Consumer Cyclical,153076528.0,838380.97
PTEAF,PTEAF,1.05,3,3,3,0,3,7,2,21,-10.0,11.0,Broken,Avoid/exit,0,0.0,0.0,-7.6,4.0,0,,Energy,nan,0.0
CCARF,Colonial Coal International Corp,1.609,3,3,6,1,2,4,4,23,-15.0,11.0,Broken,Avoid/exit,19,-4.8,-11.6,-4.1,42.8,1,,Basic Materials,342588672.0,10385.12
MBOT,Microbot Medical Inc,1.8,8,8,7,1,0,2,2,28,-17.0,11.0,Broken,Avoid/exit,27,3.4,2.3,0.7,50.0,2,,Healthcare,123583232.0,2764438.69
CLLKF,Cellink AB (publ),1.53,3,4,5,3,3,3,2,23,-15.0,11.0,Broken,Avoid/exit,8,0.0,-1.3,-2.8,31.4,1,,Healthcare,134233456.0,209.37
FATE,Fate Therapeutics Inc,2.49,11,4,3,5,3,6,2,34,-23.0,11.0,Broken,Avoid/exit,63,-0.8,-1.2,-2.7,47.6,1,,Healthcare,257595808.0,2143410.15
BRVMF,Bravo Mining Corp.,1.66,3,9,5,1,4,2,2,26,-15.0,11.0,Broken,Avoid/exit,8,-2.8,-6.2,-7.6,36.0,1,,Basic Materials,341266944.0,44722.51
BRFH,Barfresh Food Group Inc,1.77,3,10,4,1,4,2,2,26,-13.0,11.0,Broken,Avoid/exit,16,3.5,1.7,-1.3,44.0,2,,Consumer Defensive,35838572.0,29036.0
BMRA,Biomerica Inc,1.6,6,8,5,1,0,2,2,24,-11.0,11.0,Broken,Avoid/exit,15,0.6,0.0,-1.3,43.8,2,,Healthcare,6628627.0,97347.74
BLUGF,BLUGF,1.5,7,7,4,5,0,4,2,29,-18.0,11.0,Broken,Avoid/exit,0,-2.6,-11.8,-6.5,42.1,0,,nan,nan,0.0
FBIO,Fortress Biotech Inc,2.77,2,5,1,0,7,2,2,19,-8.0,11.0,Broken,Avoid/exit,31,-15.8,-19.2,-11.0,37.4,0,,Healthcare,88030544.0,796400.8
VISL,Vislink Technologies Inc,2.71,3,4,6,5,3,0,2,23,-15.0,11.0,Broken,Avoid/exit,54,-1.8,-4.9,-3.4,43.3,1,,Technology,6719407.0,4282.19
UNTCW,Unit Corporation,1.85,1,7,2,3,4,4,2,23,-10.0,11.0,Broken,Avoid/exit,18,-1.1,-17.8,-13.0,38.3,0,,nan,nan,4396.73
SYT,"SYLA Technologies Co., Ltd. American Depositary Shares",2.4,3,8,1,3,2,2,2,21,-10.0,11.0,Broken,Avoid/exit,14,-2.4,-0.4,-2.7,42.7,0,,Technology,60158036.0,1915.11
CIZ,VictoryShares Developed Enhanced Volatility Wtd ETF,1.7,0,9,5,3,2,0,2,21,-10.0,11.0,Broken,Avoid/exit,16,-10.5,-17.1,-15.2,25.6,0,,nan,nan,1128289.72
LND,Brasilagro Adr,3.59,2,4,6,0,2,1,3,18,-10.0,11.0,Broken,Avoid/exit,21,-3.2,-2.4,-2.1,41.8,1,,Consumer Defensive,366714368.0,65248.85
ACOPF,The a2 Milk Company Limited,4.55,2,1,7,4,3,2,2,21,-10.0,11.0,Broken,Avoid/exit,12,-9.9,-3.2,-4.9,39.3,0,,Consumer Defensive,2865433344.0,0.0
KULR,KULR Technology Group Inc,2.76,6,11,5,0,2,2,2,28,-15.0,11.0,Broken,Avoid/exit,28,6.6,-0.4,-3.3,44.0,2,,Technology,211857808.0,1983100.79
CRPHY,Ceres Power Holdings plc,2.87,10,10,4,8,3,2,2,39,-26.0,11.0,Broken,Avoid/exit,42,22.1,14.6,8.1,52.3,4,,Industrials,1878194048.0,10296.96
GEMI,"Gemini Space Station, Inc. Class A Common Stock",3.98,0,6,7,5,2,2,2,24,-13.0,11.0,Broken,Avoid/exit,30,-3.2,-9.5,-6.0,43.1,1,,Financial Services,625842304.0,0.0
IRD,"Opus Genetics, Inc.",3.72,12,10,4,6,2,3,2,39,-28.0,11.0,Broken,Avoid/exit,36,-3.1,27.4,3.4,52.5,3,,Healthcare,341861248.0,693756.23
OSUR,OraSure Technologies Inc,4.0,9,6,3,5,3,2,2,30,-15.0,11.0,Broken,Avoid/exit,56,0.8,-0.7,-1.7,46.3,1,,Healthcare,287098464.0,599665.15
LOAN,Manhattan Bridge Capital Inc,4.12,4,9,1,0,2,0,2,18,-10.0,11.0,Broken,Avoid/exit,14,-2.4,0.5,-2.0,43.7,0,,Real Estate,48231860.0,29856.38
GVH,Globavend Holdings Limited Ordinary Shares,0.98,1,9,0,1,4,2,2,19,-8.0,11.0,Broken,Avoid/exit,12,-3.9,-2.0,-46.5,31.6,0,,Industrials,9901926.0,786621.17
EPM,Evolution Petroleum Corporation Inc,3.55,1,7,4,3,4,0,2,21,-8.0,11.0,Broken,Avoid/exit,3,-2.7,-9.9,-4.1,38.9,1,,Energy,162987408.0,378327.39
LAC,Lithium Americas Corp,3.02,6,6,8,0,0,2,2,24,-13.0,11.0,Broken,Avoid/exit,13,4.5,3.8,-2.7,41.1,2,,Basic Materials,1790418560.0,21941757.42
BOLT,Bolt Biotherapeutics,3.87,2,4,7,4,0,6,2,25,-15.0,11.0,Broken,Avoid/exit,13,-0.5,1.6,-3.4,43.4,1,,Healthcare,9146659.0,29660.63
COPR,Idaho Copper Corporation,2.55,6,9,5,0,2,2,2,26,-15.0,11.0,Broken,Avoid/exit,20,13.8,-4.9,-12.1,34.8,2,,nan,1439870080.0,182.09
PLDIF,PLAIDInc,3.15,3,2,2,3,3,3,2,18,-10.0,11.0,Broken,Avoid/exit,8,0.0,0.0,-5.3,0.0,0,,Technology,205378864.0,19.75
REVFF,REVFF,0.838,13,12,6,3,6,2,2,44,-30,10,Broken,Avoid/exit,48,11.4,13.5,2.4,51.5,3,,Basic Materials,52208216.0,5609.28
TESTJ,Test Security J1,3.0,6,5,3,3,3,6,2,28,-18.0,10.0,Broken,Avoid/exit,33,0.0,0.0,-7.1,41.3,0,,Other,nan,253020.52
AIRXX,AIM Investment Securities Funds (Invesco Investment Securities Funds) - Government Money Market Fund,1.0,3,6,1,5,0,2,3,20,-15.0,10.0,Broken,🔥 COILED: Avoid/exit,24,0.0,0.0,-49.2,45.7,0,,nan,nan,0.0
APXCF,Apex Critical Metals Corp.,0.911,3,6,4,6,2,2,2,25,-15.0,10.0,Broken,Avoid/exit,13,-5.3,-7.1,-7.1,34.0,2,,Basic Materials,103626968.0,89925.82
CSHRW,CoinShares PLC Warrants,0.62,3,5,3,3,0,4,2,20,-10.0,10.0,Broken,Avoid/exit,0,-11.4,11.7,-15.1,40.2,2,,nan,nan,0.0
LCTX,Lineage Cell Therapeutics Inc,1.13,5,11,4,1,2,2,2,27,-17.0,10.0,Broken,Avoid/exit,25,1.8,5.6,-0.6,46.4,2,,Healthcare,301650944.0,1427125.1
TELO,"Telomir Pharmaceuticals, Inc. Common Stock",1.17,6,11,2,3,5,0,2,29,-19.0,10.0,Broken,Avoid/exit,26,-6.4,0.9,-1.6,47.8,1,,Healthcare,84593200.0,1125052.41
ELOG,Eastern International Ltd.,0.73,4,2,2,8,0,0,2,18,-8.0,10.0,Broken,Avoid/exit,30,-14.6,-16.1,-13.0,37.4,0,,Industrials,11548800.0,0.0
BON,Bon Natural Life Ltd,1.09,1,13,2,5,4,0,2,27,-17.0,10.0,Broken,Avoid/exit,25,-1.4,-2.7,-3.9,40.3,1,,Basic Materials,12906554.0,381787.36
FLNA,"Filana Therapeutics, Inc.",0.959,6,8,4,1,2,2,2,25,-15.0,10.0,Broken,Avoid/exit,17,-0.1,3.1,-5.4,39.6,1,,Healthcare,65698740.0,1300586.63
SMORF,Smoore International Holdings Limited,0.983,3,4,2,0,3,3,2,17,-10.0,10.0,Broken,Avoid/exit,8,0.0,0.0,-5.1,0.0,0,,Consumer Defensive,8673243136.0,9.1
BRLS,Borealis Foods Inc.,0.821,7,8,2,0,0,6,2,25,-15.0,10.0,Broken,Avoid/exit,23,-1.8,-5.1,-11.4,40.4,1,,Consumer Defensive,33053494.0,588467.83
BCG,"Binah Capital Group, Inc. Common Stock",1.41,6,6,7,3,0,2,2,26,-16.0,10.0,Broken,Avoid/exit,23,-2.8,1.4,-3.5,42.5,0,,Financial Services,26391908.0,428824.2
CUBTD,"Curative Biotechnology, Inc.",1.2,4,8,2,3,6,0,2,25,-15.0,10.0,Broken,Avoid/exit,51,-10.0,-14.3,-9.5,45.9,1,,Healthcare,6794167.0,1600.32
IVF,"INVO Fertility, Inc.",1.04,7,7,7,0,2,2,2,27,-17.0,10.0,Broken,Avoid/exit,37,10.6,2.0,-4.2,43.4,2,,Healthcare,2746212.0,583313.8
NIOBW,NioCorp Developments Ltd. Warrant,1.5,11,7,5,2,2,1,5,33,-23.0,10.0,Broken,Avoid/exit,26,36.4,9.5,12.7,56.1,2,,Basic Materials,nan,56834.84
ALDX,Aldeyra The,1.59,1,10,3,0,2,2,2,20,-13.0,10.0,Broken,Avoid/exit,32,-0.6,2.6,-5.3,41.5,2,,Healthcare,97418528.0,1578400.69
NPWR,NET Power Inc.,1.5,6,6,8,1,2,2,2,27,-15.0,10.0,Broken,Avoid/exit,32,2.0,2.0,-1.0,46.6,2,,Industrials,167929216.0,1126273.16
EHTH,eHealth Inc,1.35,1,12,4,0,4,0,2,23,-13.0,10.0,Broken,Avoid/exit,25,-2.2,0.0,-4.6,43.6,1,,Financial Services,50150808.0,497907.69
TRZBF,Transat A.T. Inc,1.61,0,3,9,0,3,3,2,20,-10.0,10.0,Broken,Avoid/exit,13,-3.6,-3.6,-3.5,13.1,0,,Consumer Cyclical,83155896.0,418.95
NAK,Northern Dynasty Minerals Ltd,1.64,8,6,5,2,2,2,2,27,-17.0,10.0,Broken,Avoid/exit,33,18.0,-4.1,1.8,49.4,2,,Basic Materials,1173851904.0,10613769.3
VLN,Valens,1.68,6,8,3,0,2,2,2,23,-13.0,10.0,Broken,Avoid/exit,33,7.7,-2.3,-3.9,42.7,2,,Technology,310823904.0,1754772.31
SOUNW,SoundHound AI Inc.,1.79,9,16,4,4,3,4,2,42,-28,10,Broken,Avoid/exit,29,26.1,15.5,11.0,54.4,4,,nan,nan,47095.07
CDGXY,China Dongxiang Group Co Ltd ADR,1.713,3,4,3,0,3,5,2,20,-10.0,10.0,Broken,Avoid/exit,0,0.0,0.0,-6.2,1.3,0,,Consumer Cyclical,290665120.0,0.0
NHICW,NewHold Investment Corp III Warrants,1.73,7,9,0,3,7,4,2,32,-20.0,10.0,Broken,Avoid/exit,54,-1.9,-19.4,-8.3,48.0,0,,nan,214978100.0,50563.45
ECSNF,EcoSynthetix Inc,1.89,6,9,1,2,3,2,2,25,-15.0,10.0,Broken,Avoid/exit,19,1.1,-5.5,-4.2,26.6,1,,Basic Materials,143585264.0,201.1
WLSS,Welsis Corp.,0.6,3,6,1,3,3,7,2,25,-15.0,10.0,Broken,Avoid/exit,11,0.0,0.0,-41.4,0.1,1,,Healthcare,6854141.0,62.4
RELV,Reliv International Inc,1.83,4,7,1,3,3,3,2,23,-13.0,10.0,Broken,Avoid/exit,15,0.0,0.0,-5.7,32.7,1,,Consumer Defensive,2565054.0,71.69
CAGPF,Cryptology Asset Group p.l.c,2.49,5,3,3,6,3,3,2,25,-15.0,10.0,Broken,Avoid/exit,32,0.0,0.0,-1.4,0.0,1,,Financial Services,240617872.0,11.5
NKTX,Nkarta Inc,2.29,4,11,2,1,3,2,2,25,-13.0,10.0,Broken,Avoid/exit,34,6.5,-0.4,-4.6,42.0,2,,Healthcare,198180640.0,787734.46
SYZLF,Sylogist Ltd,2.33,4,7,6,2,2,0,2,23,-13.0,10.0,Broken,Avoid/exit,41,-3.7,1.3,-2.8,39.9,2,,Technology,62662412.0,4428.02
INDO,Indonesia Energy,2.78,3,10,6,5,4,2,3,33,-21.0,10.0,Broken,Avoid/exit,22,-3.1,-9.4,-1.9,46.6,2,,Energy,45237312.0,1307735.37
AANNF,Aroundtown SA,2.487,1,3,2,5,3,4,2,20,-10.0,10.0,Broken,Avoid/exit,25,0.0,-9.2,-5.3,34.2,0,,Real Estate,2971973888.0,906.06
SNGNF,Singapore Telecommunications Limited,3.45,3,7,2,2,0,4,2,20,-10.0,10.0,Broken,Avoid/exit,44,6.5,7.1,-2.0,46.5,0,,Communication Services,52829282304.0,0.0
PLUG,Plug Power Inc,2.07,6,6,7,0,2,2,2,25,-15.0,10.0,Broken,Avoid/exit,26,-1.0,-5.5,-5.3,39.5,2,,Industrials,5022248448.0,99467728.99
WLWHY,Woolworths Holdings Ltd PK,2.85,1,3,3,5,3,3,2,20,-10.0,10.0,Broken,Avoid/exit,11,0.0,-11.2,-4.8,9.2,0,,Consumer Cyclical,2830666240.0,0.0
DOMH,Dominari Holdings Inc.,2.48,6,9,4,0,2,2,2,25,-15.0,10.0,Broken,Avoid/exit,18,2.1,-8.8,-5.8,40.2,1,,Financial Services,73947064.0,215260.43
VERU,Veru Inc,2.31,7,8,3,3,2,2,2,27,-17.0,10.0,Broken,Avoid/exit,32,4.1,0.0,-3.2,43.2,1,,Healthcare,54571088.0,634014.67
XIACF,Xiaomi Corp,3.43,8,3,4,4,1,4,5,29,-20.0,10.0,Broken,Avoid/exit,25,-14.2,3.0,-2.5,47.8,0,,Technology,90493812736.0,70174.48
STLY,HG Holdings Inc,3.5,1,3,2,5,3,4,2,20,-10.0,10.0,Broken,Avoid/exit,20,-0.6,-17.8,-9.0,16.1,0,,Financial Services,18925482.0,228.87
ATHE,Alterity Therapeutics Ltd,4.56,6,9,2,2,8,2,2,31,-21.0,10.0,Broken,Avoid/exit,54,1.3,-2.8,-2.3,45.8,2,,Healthcare,70690208.0,39581.59
BCYC,Bicycle Therapeutics Ltd,3.97,1,9,5,4,2,2,2,25,-13.0,10.0,Broken,Avoid/exit,27,-1.0,-4.6,-1.6,44.5,2,,Healthcare,298093920.0,348070.03
AHT-PH,Ashford Hospitality Trust Inc,5.087,8,7,8,4,5,2,2,36,-26.0,10.0,Broken,Avoid/exit,34,-4.4,-4.8,-1.8,47.5,1,,Real Estate,102473640.0,5197.2
OCSAW,Oculis Holding AG Warrants,4.5,1,10,0,0,3,2,2,18,-6.0,10.0,Broken,Avoid/exit,20,12.5,-2.1,-23.1,46.3,1,,Healthcare,nan,0.0
BIREF,Birchcliff Energy Ltd.,4.44,2,12,7,2,3,0,2,28,-18.0,10.0,Broken,Avoid/exit,19,-0.7,-5.5,-1.2,46.3,0,,Energy,1341471744.0,96578.43
RGP,Resources Connection Inc,4.2,7,8,1,11,1,3,2,33,-23.0,10.0,Broken,Avoid/exit,36,-1.6,11.7,-3.1,46.1,3,,Industrials,153280528.0,386519.93
CMTL,Comtech Telecommunications Corp,1.72,3,11,5,0,4,2,2,27,-15.0,10.0,Broken,Avoid/exit,14,1.2,-2.3,-6.0,36.7,2,,Technology,160564256.0,281447.7
KKPNF,Koninklijke KPN N.V,4.67,1,9,0,0,4,2,2,18,-8.0,10.0,Broken,Avoid/exit,12,-2.5,-2.3,-2.1,43.9,1,,Communication Services,18904045568.0,57921.19
SERKF,Serko Limited,0.755,3,4,1,5,3,3,2,21,-15.0,9.0,Broken,Avoid/exit,14,0.0,-7.4,-6.3,41.7,1,,Technology,128520792.0,79.01
VTAK,Catheter Precision Inc.,0.271,3,8,1,4,2,2,2,22,-13.0,9.0,Broken,Avoid/exit,17,-3.3,-34.0,-36.7,34.7,2,,Healthcare,2665548.0,437084.49
LRHC,La Rosa Holdings Corp. Common Stock,0.836,0,8,7,4,2,0,2,23,-14.0,9.0,Broken,Avoid/exit,23,-21.9,-18.0,-14.4,40.0,1,,Real Estate,1270500.0,267070.71
VINO,Gaucho Group Holdings Inc,1.44,7,7,6,5,3,2,2,32,-23.0,9.0,Broken,Avoid/exit,41,30.9,-4.0,7.2,51.1,1,,Real Estate,1890232.0,0.0
CHGG,Chegg Inc,0.88,4,6,0,8,0,2,2,22,-9.0,9.0,Broken,Avoid/exit,17,-16.2,-9.3,-9.9,41.7,1,,Consumer Defensive,141068144.0,2346995.96
CYN,Cyngn Inc,1.11,7,9,6,0,2,2,2,28,-19.0,9.0,Broken,Avoid/exit,26,1.8,-0.9,-3.1,44.2,2,,Technology,20769526.0,1504777.41
ASCLF,Ascletis Pharma Inc,1.205,3,7,2,5,3,2,2,24,-15.0,9.0,Broken,Avoid/exit,12,0.4,-15.1,-6.0,36.8,2,,Healthcare,1393108096.0,1193.72
AEI,Alset Ehome International Inc,1.24,7,14,7,2,3,2,2,37,-28,9,Broken,Avoid/exit,24,17.0,14.8,8.4,55.7,4,,Real Estate,56787916.0,200922.74
VS,Versus Systems Inc,1.307,6,5,2,4,5,2,2,26,-17.0,9.0,Broken,Avoid/exit,44,2.1,-3.2,-4.3,45.6,1,,Technology,7744650.0,81522.46
IH,Ihuman Inc,1.335,1,8,5,0,3,0,2,19,-8.0,9.0,Broken,Avoid/exit,18,-4.0,-5.3,-2.9,43.5,0,,Consumer Defensive,81780584.0,13841.36
BRAG,Bragg Gaming Group Inc,1.63,6,10,4,2,0,4,2,28,-19.0,9.0,Broken,Avoid/exit,25,-1.2,1.2,-2.4,45.9,1,,Consumer Cyclical,44086972.0,45888.63
MTLRF,Metalore Resources Limited,1.6,3,4,2,5,0,3,2,19,-10.0,9.0,Broken,Avoid/exit,6,0.0,0.0,-1.2,0.0,0,,Energy,3195063.0,5.0
ITFS,Itafos Inc.,1.55,0,3,4,8,0,0,2,17,-8.0,9.0,Broken,Avoid/exit,8,-3.7,-7.2,-5.5,30.6,0,,Basic Materials,348656704.0,57695.5
NCPCF,Nickel Creek Platinum Corp,1.2,6,3,5,0,3,2,5,24,-15.0,9.0,Broken,Avoid/exit,14,-5.5,-10.4,-4.8,44.6,1,,Basic Materials,13396558.0,4755.97
FGL,Founder Group Limited Ordinary Shares,0.875,4,8,4,0,4,2,2,24,-13.0,9.0,Broken,Avoid/exit,19,-8.0,-10.5,-16.5,33.2,1,,Industrials,2222580.0,345559.33
AUMC,Auryn Mining Corp,1.48,1,6,1,5,4,0,2,19,-10.0,9.0,Broken,Avoid/exit,33,-5.1,-4.5,-6.8,38.7,0,,Basic Materials,133000000.0,4491.38
DTCX,"Datacentrex, Inc.",1.92,4,8,6,0,0,4,2,24,-15.0,9.0,Broken,Avoid/exit,32,6.7,0.0,-0.1,48.5,1,,Financial Services,87076920.0,397675.19
KWIK,KwikClick Inc,0.7,3,9,2,3,3,2,2,24,-15.0,9.0,Broken,Avoid/exit,11,0.0,-6.7,-19.7,21.0,1,,Technology,7785960.0,352.2
VIVHY,Vivendi SA PK,1.9,1,9,0,4,3,0,2,19,-8.0,9.0,Broken,Avoid/exit,13,-13.6,-8.2,-8.4,36.6,1,,Communication Services,2500391680.0,82699.9
CNTN,"Canton Strategic Holdings, Inc.",1.86,6,4,4,1,2,2,2,21,-15.0,9.0,Broken,Avoid/exit,15,0.5,-9.7,-11.8,35.1,1,,Healthcare,171021952.0,4018047.21
ZJK,"ZJK Industrial Co., Ltd",1.66,1,9,1,1,3,2,2,19,-8.0,9.0,Broken,Avoid/exit,17,-1.8,-11.7,-7.4,37.3,0,,Industrials,170453968.0,50659.82
GALT,Galectin Therapeutics Inc,3.22,1,11,0,2,6,0,2,22,-11.0,9.0,Broken,Avoid/exit,46,-0.3,-6.7,-7.8,43.3,1,,Healthcare,156739424.0,383759.86
HYPD,"Hyperion DeFi, Inc.",2.67,3,9,6,0,2,2,2,24,-13.0,9.0,Broken,Avoid/exit,19,0.4,1.1,-2.4,44.9,2,,Healthcare,56083664.0,510793.35
PBRCX,FEDERATED PRUDENT BEAR FUND CLASS C SHARES,2.77,1,6,1,6,3,1,2,20,-11.0,9.0,Broken,Avoid/exit,19,-3.5,-3.8,-2.0,38.5,0,,nan,0.0,0.0
GEBHY,Genting Berhad,2.49,2,6,6,1,2,0,2,19,-10.0,9.0,Broken,Avoid/exit,14,-3.5,0.4,-4.1,43.9,0,,Consumer Cyclical,2310345728.0,19967.57
ELDN,Eledon Pharmaceuticals Inc,3.46,6,7,3,0,2,2,2,22,-13.0,9.0,Broken,Avoid/exit,40,1.5,-7.5,-4.0,42.7,2,,Healthcare,277876160.0,1436607.91
BEARX,FEDERATED PRUDENT BEAR FUND CLASS A SHARES,3.43,1,6,1,6,3,1,2,20,-11.0,9.0,Broken,Avoid/exit,19,-3.7,-3.9,-2.2,38.3,0,,nan,0.0,0.0
SJT,San Juan Basin Royalty Trust,2.46,3,11,3,3,2,0,2,24,-15.0,9.0,Broken,Avoid/exit,8,-4.3,-2.8,-5.9,33.4,1,,Energy,175249072.0,201274.19
PBRIX,FEDERATED PRUDENT BEAR FUND INSTITUTIONAL SHARES,3.58,1,6,1,6,3,1,2,20,-11.0,9.0,Broken,Avoid/exit,19,-3.5,-3.8,-2.0,39.3,0,,nan,0.0,0.0
SSII,SS Innovations International Inc. Common Stock,3.71,10,7,4,2,3,0,2,28,-19.0,9.0,Broken,Avoid/exit,31,-7.0,3.9,-1.8,48.1,1,,Healthcare,862566912.0,81070.59
KLC,"KinderCare Learning Companies, Inc.",5.11,14,4,8,3,3,3,3,38,-29.0,9.0,Broken,Avoid/exit,56,-5.0,5.8,-0.4,52.9,1,,Consumer Defensive,471936736.0,1049079.13
BRETF,Brazilian Rare Earths Limited,3.05,11,7,7,5,3,2,2,37,-28,9,Broken,Avoid/exit,35,24.5,17.3,10.7,57.0,4,,Basic Materials,1204661120.0,1088.03
VIDA,VIDA Global Inc.,2.39,4,5,8,4,2,6,3,32,-23.0,9.0,Broken,Avoid/exit,0,-3.6,-13.1,-7.7,39.5,1,,Technology,109908336.0,0.0
TXXD,21Shares 2x Long Dogecoin ETF,2.84,3,5,7,0,0,2,2,19,-10.0,9.0,Broken,Avoid/exit,16,-5.5,-2.1,-9.7,35.5,0,,nan,nan,0.0
QNTM,Quantum BioPharma Ltd.,3.23,6,12,7,3,3,6,2,39,-28,9,Broken,Avoid/exit,30,13.7,13.7,3.3,49.3,4,,Healthcare,31225398.0,243192.31
CCCX,Churchill Capital Corp X Class A Ordinary Shares,4.88,3,8,4,0,3,2,2,22,-13.0,9.0,Broken,Avoid/exit,30,-15.0,-14.7,-21.8,39.0,1,,Financial Services,711003008.0,0.0
GLBZ,Glen Burnie Bancorp,4.42,1,2,7,9,0,5,2,26,-13.0,9.0,Broken,Avoid/exit,24,-2.2,-2.6,-2.6,37.0,1,,Financial Services,13693370.0,6859.9
AHT-P-D,Ashford Hospitality Trust Inc 8.45% Series D Cumulative Preferred Stock,5.119,4,3,8,6,1,4,2,28,-19.0,9.0,Broken,Avoid/exit,20,-5.2,-8.6,-4.5,45.2,0,,Other,nan,4587.72
ISHBF,iShares IV Public Limited Company - iShares $ Treasury Bond 20+yr UCITS ETF,4.454,1,4,2,7,0,1,2,17,-8.0,9.0,Broken,Avoid/exit,30,-0.7,-0.6,-1.3,40.4,0,,nan,nan,155198.1
RAFX,Rafex Gold Corp.,0.281,3,3,1,3,3,3,2,18,-10.0,8.0,Broken,Avoid/exit,11,0.0,0.0,-25.7,16.9,0,,Financial Services,53427968.0,45.76
GCCXX,Goldman Sachs Central Govt Inst,1.0,1,4,1,4,3,3,2,18,-10.0,8.0,Broken,Avoid/exit,0,0.0,0.0,-45.3,32.5,0,,nan,nan,0.0
CLCHF,CLCHF,0.75,6,6,6,3,2,2,2,27,-15.0,8.0,Broken,Avoid/exit,0,2.7,-6.2,-6.6,35.0,1,,Basic Materials,398180064.0,0.0
SES,SES AI Corp,0.508,3,6,2,2,2,6,2,23,-15.0,8.0,Broken,Avoid/exit,9,-6.2,-5.5,-17.4,32.8,1,,Consumer Cyclical,441293632.0,10310841.84
TEAD,Teads B.V.,0.696,2,5,6,1,0,2,2,18,-15.0,8.0,Broken,Avoid/exit,29,-3.9,-8.3,-13.9,38.4,1,,Communication Services,112510056.0,1082378.96
ORKT,Orangekloud Technology Inc. Class A Ordinary Shares,1.0,5,7,5,2,2,2,2,25,-15.0,8.0,Broken,Avoid/exit,31,-1.0,-4.8,-2.1,46.9,1,,Technology,7825292.0,444514.57
STKE,Sol Strategies Inc. Common Shares,1.03,4,5,8,0,2,2,2,23,-15.0,8.0,Broken,Avoid/exit,30,1.0,-4.6,-6.9,39.8,1,,Financial Services,49505328.0,348799.81
GDTC,CytoMed Therapeutics Limited Ordinary Shares,0.803,2,1,0,8,2,2,2,17,-9.0,8.0,Broken,Avoid/exit,18,-18.8,-8.8,-13.5,35.1,1,,Healthcare,13962745.0,221831.05
WETH,Wetouch Technology Inc. Common Stock,1.08,1,9,0,1,3,0,2,16,-6.0,8.0,Broken,Avoid/exit,8,-9.2,-17.6,-8.7,42.2,0,,Technology,16346202.0,151477.84
IINN,Inspira Technologies Oxy BHN Ltd,1.26,7,3,0,6,2,0,2,20,-15.0,8.0,Broken,Avoid/exit,46,-18.2,-37.3,-20.7,43.5,1,,Healthcare,16560119.0,7636669.46
RDGT,"Ridgetech, Inc.",0.786,1,5,1,4,3,2,2,18,-13.0,8.0,Broken,Avoid/exit,20,-0.5,-43.4,-27.2,33.7,1,,Healthcare,1618032.0,187331.34
SHMDW,SCHMID Group N.V. Warrants,1.23,7,10,5,0,0,2,2,26,-18.0,8.0,Broken,Avoid/exit,23,17.1,4.2,-5.1,44.6,0,,nan,nan,106002.24
OKYO,OKYO Pharma Ltd ADR,1.535,7,6,3,2,3,0,2,23,-15.0,8.0,Broken,Avoid/exit,32,-7.5,3.7,-3.1,46.0,1,,Healthcare,86590768.0,155838.65
BTOG,Bit Origin Ltd,0.8,3,8,4,2,4,2,2,25,-15.0,8.0,Broken,Avoid/exit,19,-1.6,-8.1,-12.9,32.2,2,,Financial Services,2641120.0,232015.65
GLTK,GlobalTech Corporation,1.7,5,6,0,3,5,2,2,23,-15.0,8.0,Broken,Avoid/exit,29,-2.9,-3.8,-6.9,44.0,1,,Communication Services,241713744.0,930.69
NNOX,Nano X Imaging Ltd,1.02,6,8,3,2,2,2,2,25,-15.0,8.0,Broken,Avoid/exit,18,5.7,4.7,-3.4,43.8,1,,Healthcare,144051760.0,1406705.02
VLVOF,Volvo Car AB (publ.),1.935,3,3,3,1,3,3,2,18,-10.0,8.0,Broken,Avoid/exit,19,0.0,0.0,-2.7,25.8,0,,Consumer Cyclical,7144846848.0,324.0
DAIC,"CID HoldCo, Inc. Common Stock",0.802,1,9,1,5,3,2,2,23,-13.0,8.0,Broken,Avoid/exit,29,17.3,-42.8,-25.8,35.7,1,,Technology,93199504.0,111343.07
CPYYF,Centrica plc,2.13,1,4,3,2,3,3,2,18,-10.0,8.0,Broken,Avoid/exit,26,0.0,-7.4,-3.5,13.8,1,,Utilities,11413060608.0,0.0
CNVS,Cineverse Corp.,2.66,12,7,4,2,2,2,2,31,-28.0,8.0,Broken,🔥 COILED: Avoid/exit,45,11.3,8.1,3.4,53.9,3,,Communication Services,54940752.0,195990.92
INGEF,Ingenia Communities Group,2.74,1,3,3,3,3,3,2,18,-10.0,8.0,Broken,Avoid/exit,18,0.0,-4.7,-1.8,2.9,0,,Real Estate,1171801856.0,214.48
VVR,Invesco Senior Income Trust,2.96,4,8,6,3,0,3,2,26,-18.0,8.0,Broken,Avoid/exit,28,-0.7,-0.3,-0.5,44.9,0,,Financial Services,647320000.0,1081532.54
ANNA,"AleAnna, Inc. Class A Common Stock",2.54,1,8,2,0,3,4,2,20,-10.0,8.0,Broken,Avoid/exit,14,-9.3,-26.2,-13.2,35.6,0,,Energy,137148992.0,1445133.04
SQNS,Sequans Communications SA,2.79,8,14,5,3,4,2,2,38,-28,8,Broken,Avoid/exit,34,12.5,10.3,1.4,48.3,4,,Technology,52122276.0,259505.05
EUTLF,Eutelsat Communications SA,2.44,7,9,6,1,2,2,2,29,-21.0,8.0,Broken,Avoid/exit,25,3.0,1.2,-2.0,42.2,2,,Communication Services,4476023808.0,9695.71
WHTCF,WashTec AG,2.85,5,8,6,1,0,5,2,27,-19.0,8.0,Broken,Avoid/exit,34,-0.1,1.5,-2.0,41.1,0,,Healthcare,928410624.0,52103.82
ACON,Aclarion Inc,2.35,6,9,2,0,2,2,2,23,-15.0,8.0,Broken,Avoid/exit,18,16.3,-4.1,-3.9,40.5,1,,Healthcare,8420895.0,345816.67
CRMLW,Critical Metals Corp. Warrants,2.27,8,13,5,6,2,2,2,38,-28,8,Broken,Avoid/exit,18,34.3,23.4,2.1,47.6,3,,nan,nan,155257.92
LSE,"Leishen Energy Holding Co., Ltd. Ordinary Shares",4.55,6,4,3,4,5,2,4,28,-20.0,8.0,Broken,Avoid/exit,32,-1.1,6.3,-0.3,50.3,1,,Energy,54480000.0,11566.9
PLSM,Pulsenmore Ltd. Ordinary Shares,3.43,6,4,6,0,0,2,2,20,-15.0,8.0,Broken,Avoid/exit,21,-1.4,-6.3,-6.6,42.3,1,,Healthcare,28547484.0,0.0
OPHLY,Ono Pharmaceutical Co Ltd,4.86,5,8,6,6,4,0,2,31,-23.0,8.0,Broken,Avoid/exit,25,-4.3,0.8,-1.1,47.3,0,,Healthcare,6400777728.0,65242.43
XOS,Xos Inc,2.63,14,6,2,13,0,2,3,40,-28,8,Broken,Avoid/exit,44,30.2,28.9,10.1,54.6,3,,Industrials,60734912.0,825795.91
WTID,UBS ETRACS - ProShares Daily 3x Inverse Crude ETN,4.087,7,8,2,1,2,2,2,24,-16.0,8.0,Broken,Avoid/exit,30,-17.1,9.7,-4.2,46.7,2,,nan,nan,840608.01
LUD,Luda Technology Group Limited,4.2,4,6,8,3,0,2,2,25,-17.0,8.0,Broken,Avoid/exit,33,1.9,1.2,-1.8,45.9,0,,Basic Materials,114414328.0,78468.27
TOPXX,Federated Hermes Treasury Obl Premier,1.0,0,5,0,4,3,0,2,14,-10.0,7.0,Broken,Avoid/exit,0,-72.1,-71.9,-47.8,43.5,0,,nan,nan,0.0
MGLD,Marygold Companies Inc,1.11,4,11,7,1,3,2,2,30,-23.0,7.0,Broken,Avoid/exit,36,0.9,-0.9,0.1,49.5,1,,Financial Services,51145084.0,100456.91
SLNH,Soluna Holdings Inc,1.16,2,4,8,0,2,4,2,22,-15.0,7.0,Broken,Avoid/exit,25,-10.8,-12.1,-6.6,42.7,1,,Financial Services,260283136.0,12112932.94
BZFD,BuzzFeed Inc,1.13,3,7,3,5,4,0,2,24,-15.0,7.0,Broken,Avoid/exit,26,-5.8,0.0,-9.0,39.4,1,,Communication Services,115158496.0,1261153.4
BTBT,Bit Digital Inc,1.365,3,8,3,0,2,4,2,22,-15.0,7.0,Broken,Avoid/exit,31,-3.9,-9.0,-6.7,41.8,2,,Financial Services,646002304.0,28794727.7
AUDGF,Audinate Group Limited,1.3,3,4,4,0,3,3,2,19,-15.0,7.0,Broken,Avoid/exit,17,0.0,0.0,-3.8,30.9,1,,Technology,147574976.0,339.34
PLAG,Planet Green Holdings Corp,0.587,3,8,0,3,4,2,2,22,-13.0,7.0,Broken,Avoid/exit,14,-8.2,-16.1,-33.3,31.8,2,,Industrials,22060708.0,136950.17
MAXXF,Max Power Mining Corp.,1.56,13,5,3,5,1,5,5,37,-30,7,Broken,Avoid/exit,48,-3.7,19.1,1.7,51.8,4,,Basic Materials,268488800.0,171910.62
CYBQF,CYBERDYNE Inc,1.24,2,2,6,2,0,5,2,19,-8.0,7.0,Broken,Avoid/exit,7,-4.6,-4.6,-7.1,1.9,0,,Healthcare,393759328.0,68.75
SEAN,Saean Group Inc.,0.29,1,5,0,0,3,4,2,15,-8.0,7.0,Broken,Avoid/exit,5,0.0,-55.4,-44.6,15.8,0,,Consumer Cyclical,713702208.0,0.23
FNUC,Frontier Nuclear and Minerals Inc.,1.64,3,6,6,3,0,2,2,22,-13.0,7.0,Broken,Avoid/exit,22,6.5,-6.3,-1.3,47.0,2,,Basic Materials,62637636.0,924503.78
EVGO,Evgo Inc,1.52,4,6,3,1,2,4,2,22,-15.0,7.0,Broken,Avoid/exit,19,-9.0,0.7,-7.6,41.6,1,,Consumer Cyclical,781509824.0,4002601.88
LX,Lexinfintech Holdings Ltd,1.45,5,6,7,2,0,3,2,25,-18.0,7.0,Broken,Avoid/exit,14,-2.7,-0.7,-5.8,33.1,0,,Financial Services,369125728.0,2328584.04
MOBX,Mobix Labs Inc,1.71,3,2,6,3,2,2,2,20,-13.0,7.0,Broken,Avoid/exit,40,2.7,-10.5,-8.0,40.3,2,,Technology,35541512.0,3472536.01
INBS,Intelligent Bio Solutions Inc.,1.99,6,15,6,1,3,2,2,35,-26.0,7.0,Broken,Avoid/exit,26,26.3,9.9,4.9,51.3,3,,Healthcare,5713641.0,791188.33
ARTW,Arts-Way Manufacturing Co Inc,2.14,3,5,2,3,0,2,2,17,-10.0,7.0,Broken,Avoid/exit,14,-1.4,-0.2,-6.1,38.6,0,,Industrials,13575231.0,36991.42
BMBL,Bumble Inc,2.845,4,6,9,2,0,5,2,28,-25.0,7.0,Broken,Avoid/exit,20,-2.2,2.0,-4.4,44.5,1,,Communication Services,453522048.0,3347648.81
FKWL,Franklin Wireless Corp,2.27,3,10,6,0,4,2,2,27,-18.0,7.0,Broken,Avoid/exit,14,-2.2,-3.8,-3.3,32.5,1,,Technology,33703040.0,16945.94
BDRX,Biodexa Pharmaceticals,1.47,6,8,2,4,2,2,2,26,-19.0,7.0,Broken,Avoid/exit,36,-0.7,-12.5,-18.1,30.4,2,,Healthcare,2678549.0,316967.57
JFIN,Jiayin Group Inc,2.555,11,8,3,2,2,2,2,30,-23.0,7.0,Broken,Avoid/exit,20,15.6,15.1,1.9,47.3,3,,Financial Services,210888080.0,103595.58
SPND,Spindletop O&G,2.7,3,7,3,5,0,2,2,22,-15.0,7.0,Broken,Avoid/exit,22,0.0,-18.2,-7.0,38.7,1,,Energy,27119026.0,700.55
TBH,"Brag House Holdings, Inc. Common Stock",2.45,8,3,0,4,5,0,2,22,-15.0,7.0,Broken,Avoid/exit,52,-39.7,-40.1,-29.3,37.9,1,,Communication Services,16914760.0,105291.68
GURE,"Gulf Resources, Inc. (NV) Common Stock",3.15,1,12,5,0,3,2,2,25,-16.0,7.0,Broken,Avoid/exit,23,4.3,-13.4,-5.4,41.3,2,,Basic Materials,6927889.0,83521.17
BNEFF,Bonterra Energy Corp,3.8,4,7,7,6,2,2,2,30,-23.0,7.0,Broken,Avoid/exit,24,-5.0,-8.7,-3.8,42.3,1,,Energy,180214624.0,21571.68
PHGFX,Popular High Grade Fixed-Income A,4.95,1,2,0,6,3,2,3,17,-10.0,7.0,Broken,Avoid/exit,18,-0.2,-0.2,-0.1,0.0,0,,nan,nan,0.0
LFT,Lument Finance Trust Inc,0.678,1,9,0,1,3,0,2,16,-8.0,6.0,Broken,Avoid/exit,13,-5.9,-16.3,-13.8,26.4,2,,Real Estate,55585828.0,182897.12
RBNE,Robin Energy Ltd.,2.365,7,6,2,3,4,0,2,24,-18.0,6.0,Broken,Avoid/exit,43,-3.1,-58.4,-21.4,45.0,0,,Energy,6900758.0,1999763.21
WHGRF,WH Group Limited,0.92,2,4,6,2,0,0,2,16,-10.0,6.0,Broken,Avoid/exit,9,-6.6,-6.6,-10.5,35.5,0,,Consumer Defensive,14030552064.0,0.0
OPTU,"Optimum Communications, Inc.",0.805,3,11,3,0,2,2,2,23,-15.0,6.0,Broken,Avoid/exit,24,8.8,-7.2,-9.4,41.2,2,,Communication Services,422844864.0,4044059.44
EHSI,Emerging Healthcare Solutions Inc,0.9,3,5,2,4,3,2,2,21,-15.0,6.0,Broken,Avoid/exit,21,0.0,0.0,-5.2,36.1,1,,Healthcare,31088566.0,1469.8
FTFT,Future Fintech Group Inc,0.84,2,6,1,0,4,0,5,18,-10.0,6.0,Broken,Avoid/exit,19,-8.7,-33.3,-17.4,42.2,0,,Technology,6282450.0,56459.87
MSS,Maison Solutions Inc,1.35,11,4,1,4,2,2,5,29,-23.0,6.0,Broken,Avoid/exit,44,-2.9,-47.5,-5.1,50.0,2,,Consumer Defensive,3566193.0,190550.25
ECX,ECARX Holdings Inc. Class A Ordinary shares,1.1,8,8,6,5,3,2,2,34,-28,6,Broken,Avoid/exit,42,0.9,8.9,-0.6,48.4,3,,Consumer Cyclical,506809760.0,3512137.57
ELLKF,Ellaktor S.A,1.3,1,4,3,3,3,5,2,21,-15.0,6.0,Broken,Avoid/exit,0,0.0,0.0,-10.3,1.5,1,,Industrials,726946432.0,0.0
WPRT,Westport Fuel Systems Inc,1.85,4,8,2,1,2,2,2,21,-13.0,6.0,Broken,Avoid/exit,34,7.6,-2.1,-0.8,47.0,2,,Consumer Cyclical,33921684.0,59540.58
ELME,Elme Communities,1.63,9,9,4,2,3,3,5,35,-27.0,6.0,Broken,Avoid/exit,25,0.6,10.9,1.6,50.9,3,,Real Estate,181403376.0,2127497.37
SNTG,Sentage Holdings Inc,1.75,3,7,1,3,4,2,2,22,-16.0,6.0,Broken,Avoid/exit,18,5.4,-24.9,-7.4,39.7,1,,Financial Services,6171715.0,587816.71
BGIN,Bgin Blockchain Limited Class A Ordinary Shares,1.734,3,3,6,0,4,6,2,24,-18.0,6.0,Broken,Avoid/exit,11,-0.9,-13.3,-7.2,39.5,1,,Technology,306598400.0,0.0
AKTAF,AKITA Drilling Ltd,2.47,8,6,8,3,2,4,3,34,-28.0,6.0,Broken,Avoid/exit,24,-1.9,-2.9,-2.3,44.5,0,,Energy,117181680.0,27885.22
HTOO,Fusion Fuel Green PLC,2.45,2,8,7,3,2,0,2,24,-18.0,6.0,Broken,Avoid/exit,23,-5.7,-7.5,-5.8,36.1,1,,Utilities,10453104.0,250540.51
SLCJY,SLC Agricola SA ADR,2.59,4,7,5,2,0,4,2,24,-18.0,6.0,Broken,Avoid/exit,17,-2.3,-6.2,-3.5,43.6,0,,Consumer Defensive,1539330432.0,12900.57
KMRPF,Kenmare Resources plc,2.5,1,7,1,0,3,0,2,14,-8.0,6.0,Broken,Avoid/exit,15,-23.0,-15.8,-16.1,36.0,1,,Basic Materials,287664768.0,0.0
BVHMF,Vistry Group PLC,3.67,8,4,4,5,1,2,5,29,-23.0,6.0,Broken,Avoid/exit,24,-8.9,2.1,-1.3,49.4,0,,Consumer Cyclical,1111569920.0,14411.58
GPHXX,GPHXX,1.0,0,2,4,4,3,0,2,15,-10.0,5.0,Broken,Avoid/exit,17,-71.9,-71.8,-66.5,28.7,0,,nan,nan,0.0
GLNDW,Greenland Energy Company Warrant,0.718,6,5,4,2,0,1,5,23,-18.0,5.0,Broken,Avoid/exit,0,-2.3,-1.6,-5.7,45.7,0,,nan,nan,0.0
BLNE,"Beeline Holdings, Inc.",1.01,5,10,7,2,2,2,2,30,-23.0,5.0,Broken,Avoid/exit,24,10.7,11.0,0.5,47.7,3,,Financial Services,37414456.0,1087578.85
SUIG,SUI Group Holdings Limited,0.9,1,10,1,0,2,4,2,20,-13.0,5.0,Broken,Avoid/exit,15,3.4,-14.3,-9.8,32.1,2,,Financial Services,105170000.0,1044063.64
DDCCF,DIC Asset AG,0.977,0,2,3,6,3,4,2,20,-15.0,5.0,Broken,Avoid/exit,8,-7.0,-17.2,-10.1,32.1,1,,Real Estate,105710368.0,1093.0
AHG,Akso Health Group ADR,1.32,0,3,4,7,0,0,2,16,-11.0,5.0,Broken,Avoid/exit,5,-17.0,-10.2,-10.0,41.0,1,,Healthcare,1311185792.0,52050.48
HUMA,Humacyte Inc,0.71,7,7,10,4,2,2,3,35,-28,5,Broken,Avoid/exit,22,5.6,11.0,1.6,48.6,4,,Healthcare,317487296.0,5843376.23
LU,Lufax Holding Ltd,1.49,12,5,4,6,2,1,5,35,-30.0,5.0,Broken,Avoid/exit,25,-6.3,10.4,2.2,54.2,3,,Financial Services,1343367808.0,1819336.85
BRIA,BrilliA Inc,1.302,2,6,2,1,0,2,2,15,-10.0,5.0,Broken,Avoid/exit,12,5.9,-2.1,-4.2,45.3,1,,Consumer Cyclical,40000000.0,192508.8
TRCTF,Traction Uranium Corp,0.666,8,7,8,2,4,2,4,35,-30.0,5.0,Broken,Avoid/exit,48,-1.0,10.3,-6.6,34.9,3,,Basic Materials,12894280.0,2806.07
TRON,Tron Inc.,1.44,2,8,9,5,0,2,2,28,-23.0,5.0,Broken,Avoid/exit,26,-2.7,-7.1,-3.8,44.4,1,,Consumer Cyclical,882350656.0,1650976.94
LIDR,Aeye Inc,1.22,6,6,5,4,0,2,2,25,-16.0,5.0,Broken,Avoid/exit,26,10.9,3.4,-0.2,46.2,1,,Technology,86608712.0,3164693.01
MDEVY,Melco International Development Limited,2.14,1,3,2,0,3,1,2,12,-10.0,5.0,Broken,Avoid/exit,21,-4.9,-4.9,-5.2,29.2,0,,Consumer Cyclical,1014156096.0,212.25
EVTL,Vertical Aerospace Ltd,1.26,3,8,3,0,2,2,2,20,-15.0,5.0,Broken,Avoid/exit,19,-3.1,-16.6,-13.2,35.7,1,,Industrials,283304800.0,2196364.59
RAIN,"Rain Enhancement Technologies Holdco, Inc. Class A Common Stock",1.27,1,11,1,1,4,2,2,22,-15.0,5.0,Broken,Avoid/exit,6,-17.5,-14.8,-16.1,40.4,1,,Industrials,18056378.0,40701.12
SAFLF,Safilo Group S.p.A,1.86,1,1,1,5,3,2,2,15,-10.0,5.0,Broken,Avoid/exit,16,0.0,-7.5,-4.3,0.1,0,,Healthcare,863459136.0,0.0
BTGOF,BT Group plc,2.55,5,5,2,4,0,4,3,23,-18.0,5.0,Broken,Avoid/exit,19,0.0,-4.5,-2.3,45.9,0,,Communication Services,26592358400.0,16959.32
CDXS,Codexis Inc,1.48,1,10,2,0,3,2,2,20,-13.0,5.0,Broken,Avoid/exit,18,0.0,-25.6,-16.1,30.3,2,,Healthcare,254510384.0,1415157.47
HKTVY,Hong Kong Television Network Ltd,2.7,11,8,4,6,1,2,2,34,-29,5,Broken,Avoid/exit,33,12.5,12.5,6.3,63.1,4,,Consumer Cyclical,104870280.0,208.0
CMRC,"Commerce.com, Inc.",2.32,1,2,0,7,0,3,2,15,-15.0,5.0,Broken,Avoid/exit,13,-26.6,-10.9,-22.9,34.5,1,,Technology,236810112.0,866926.84
UGRO,Urban-Gro Inc,1.7,3,2,1,9,0,2,2,19,-14.0,5.0,Broken,Avoid/exit,17,-10.1,-40.8,-33.7,32.1,1,,Industrials,4042144.0,1760299.22
WSIOF,Wasion Holdings Limited,2.255,1,1,1,5,3,2,2,15,-10.0,5.0,Broken,Avoid/exit,26,0.0,-31.8,-19.1,18.7,0,,Industrials,3439228416.0,2742.5
TTDU,T-REX 2X Long TTD Daily Target ETF,2.46,4,6,5,0,0,4,2,21,-12.0,5.0,Broken,Avoid/exit,19,-7.5,8.4,-10.8,41.8,1,,nan,nan,0.0
VTEXF,Venturex Resources Ltd (Australia),3.45,6,1,2,3,0,3,2,17,-8.0,5.0,Broken,Avoid/exit,36,-5.7,-5.7,-5.2,1.8,0,,Basic Materials,1207746816.0,77.81
EWIIF,EWIIF,3.1,0,1,1,5,2,4,2,15,-10.0,5.0,Broken,Avoid/exit,33,-8.6,-9.1,-10.5,18.0,0,,nan,nan,525.1
LODE,Comstock Mining Inc,3.09,4,7,2,1,2,2,2,20,-13.0,5.0,Broken,Avoid/exit,35,10.8,-20.4,-8.4,40.1,2,,Basic Materials,330981088.0,1441835.75
MTR,Mesa Royalty Trust,2.86,3,7,5,1,2,3,2,23,-18.0,5.0,Broken,Avoid/exit,14,-2.7,-3.1,-4.0,28.5,0,,Energy,7135872.0,12168.92
BHLL,Bunker Hill Mining Corp,3.405,9,6,5,6,2,3,2,33,-28.0,5.0,Broken,Avoid/exit,47,6.4,9.5,2.5,51.5,3,,Basic Materials,198412496.0,30304.4
AHT-PD,Ashford Hospitality Trust Inc,5.119,4,4,8,6,1,4,2,29,-24.0,5.0,Broken,Avoid/exit,20,-5.2,-8.6,-4.6,44.9,1,,Real Estate,107517424.0,4309.83
GDRZF,Gold Reserve Inc,4.58,10,5,8,3,3,4,2,35,-30,5,Broken,Avoid/exit,51,-0.2,-0.9,-0.6,47.8,1,,Basic Materials,730473088.0,166881.89
AMTD,AMTD IDEA Group,0.753,1,7,1,1,2,2,2,16,-10.0,4.0,Broken,Avoid/exit,12,0.4,-3.5,-7.7,36.3,1,,Financial Services,94910008.0,125968.1
ABLV,Able View Global Inc. Class B Ordinary Shares,0.769,1,10,1,2,3,0,2,19,-13.0,4.0,Broken,Avoid/exit,26,-10.9,-18.2,-13.5,31.2,1,,Consumer Cyclical,54822812.0,248317.12
ATNM,Actinium Pharmaceuticals Inc,0.787,1,7,5,0,4,0,2,19,-13.0,4.0,Broken,Avoid/exit,11,-6.0,-11.7,-8.8,33.6,1,,Healthcare,34826244.0,172009.16
IRIX,IRIDEX Corporation,0.84,1,9,3,0,0,4,2,19,-13.0,4.0,Broken,Avoid/exit,26,1.0,-8.9,-8.0,25.3,2,,Healthcare,18973106.0,139457.1
DTCKF,Davis Commodities Limited,0.909,0,2,3,5,3,4,2,19,-15.0,4.0,Broken,Avoid/exit,28,-9.1,-10.0,-10.2,32.2,1,,Consumer Defensive,1765435.0,314179.33
PNSPF,Pensana Plc,0.8,5,6,3,0,0,3,2,19,-15.0,4.0,Broken,Avoid/exit,10,2.7,-9.2,-9.9,24.7,1,,Basic Materials,459569792.0,2577.46
GXAI,Gaxos.ai Inc,0.85,1,9,2,1,2,2,2,19,-15.0,4.0,Broken,Avoid/exit,18,6.9,-19.8,-11.1,35.5,2,,Communication Services,14307907.0,4695383.87
DYNDF,Dye & Durham Limited,0.62,6,6,3,0,0,2,2,19,-15.0,4.0,Broken,Avoid/exit,10,0.0,-31.9,-21.2,31.8,1,,Technology,122943720.0,24188.23
DFLI,Dragonfly Energy Holdings Corp.,1.17,1,9,2,0,4,2,2,20,-16.0,4.0,Broken,Avoid/exit,23,-9.3,-18.2,-15.6,28.0,1,,Industrials,25374374.0,1625763.33
CDIO,Cardio Diagnostics Holdings Inc,1.66,6,5,6,2,3,2,2,26,-22.0,4.0,Broken,Avoid/exit,29,5.7,1.8,-2.4,45.0,2,,Healthcare,6362858.0,1272800.06
DZZ,DB Gold Double Short ETN,1.825,0,7,9,0,2,0,2,20,-16.0,4.0,Broken,Avoid/exit,15,-4.5,-9.2,-4.2,40.7,0,,nan,nan,79848.57
BCARW,D. Boral ARC Acquisition I Corp. Warrant,0.55,1,9,0,0,2,0,2,14,-10.0,4.0,Broken,Avoid/exit,20,-23.6,-58.6,-41.6,36.1,0,,nan,nan,0.0
NTZ,Natuzzi SpA,1.34,3,9,2,0,4,2,2,22,-16.0,4.0,Broken,Avoid/exit,12,8.9,-6.9,-8.1,32.8,2,,Consumer Cyclical,26435062.0,5163.42
FWEDF,Fireweed Zinc Ltd,2.25,11,5,7,5,0,2,2,32,-28,4,Broken,Avoid/exit,24,5.1,11.9,2.9,51.2,4,,Basic Materials,703001792.0,53147.69
BAOS,Baosheng Media Group Holdings Ltd,0.597,1,7,0,1,3,2,2,16,-13.0,4.0,Broken,Avoid/exit,11,-5.3,-65.1,-53.3,18.6,1,,Communication Services,3774838.0,384215.41
NCEL,NewcelX Ltd.,3.34,6,4,1,2,2,2,2,19,-15.0,4.0,Broken,Avoid/exit,38,-0.6,-12.1,-7.4,40.3,1,,Healthcare,17013032.0,111558.62
ICU,SeaStar Medical Holding Corporation,3.05,4,7,2,0,2,4,2,21,-17.0,4.0,Broken,Avoid/exit,43,-4.1,-18.4,-14.1,32.5,1,,Healthcare,13110166.0,170458.99
WNW,Meiwu Technology Co Ltd,2.73,6,13,4,3,4,2,2,34,-28.0,4.0,Broken,Avoid/exit,34,10.5,9.6,-3.3,44.9,3,,Consumer Cyclical,4177679.0,579495.51
FOFO,"Hang Feng Technology Innovation Co., Ltd.",2.365,7,7,5,0,0,2,2,23,-19.0,4.0,Broken,Avoid/exit,35,17.7,9.0,-4.6,45.1,2,,Industrials,49893404.0,0.0
CHYCF,Chiyoda Corporation,3.88,1,1,3,6,0,1,2,14,-10.0,4.0,Broken,Avoid/exit,14,0.0,-6.1,-3.9,0.3,0,,Industrials,1223250304.0,15.0
LESL,Leslies Inc,1.52,6,10,1,0,3,2,2,24,-20,4,Broken,Avoid/exit,26,75.1,14.3,-38.1,33.1,4,10,Consumer Cyclical,49885856.0,421535.09
IVVD,Invivyd Inc.,0.659,6,12,4,2,3,2,2,31,-28,3,Broken,Avoid/exit,19,13.2,8.2,-0.4,45.1,3,,Healthcare,324068224.0,5656500.35
ABVN,ABV Consulting Inc,1.02,2,1,1,5,3,4,2,18,-15.0,3.0,Broken,Avoid/exit,35,-59.2,-59.2,-50.9,24.1,1,,Financial Services,100783000.0,76.84
FAYXX,FAYXX,1.0,0,2,0,6,0,0,2,10,-10.0,3.0,Broken,Avoid/exit,11,-50.0,-52.6,-43.9,24.4,0,,nan,nan,0.0
HRGN,Harvard Apparatus Regenerative Technology Inc.,1.0,3,2,7,0,3,1,2,18,-15.0,3.0,Broken,Avoid/exit,8,-3.8,-4.8,-4.5,29.2,1,,Consumer Defensive,19690434.0,2143.13
GGAZF,Goldgroup Mining Inc.,2.15,7,8,1,4,7,0,5,32,-30,3,Broken,Avoid/exit,50,-49.4,-53.9,-26.1,42.5,2,,Basic Materials,302378912.0,274020.74
FCSUF,Focus Minerals Limited,1.1,1,1,2,2,0,5,2,13,-10.0,3.0,Broken,Avoid/exit,19,-4.3,-4.3,-4.0,0.6,0,,Basic Materials,329542432.0,143.16
SNCF,Sanarco Funds Inc,1.23,9,7,0,6,3,1,2,28,-25.0,3.0,Broken,Avoid/exit,26,0.0,0.0,-8.4,47.9,1,,Financial Services,13592344.0,25.33
HGBL,Heritage Global Inc,1.04,1,6,2,0,2,0,2,13,-10.0,3.0,Broken,Avoid/exit,7,-10.3,-13.3,-9.7,27.1,0,,Financial Services,43426940.0,150360.49
ZZHGY,ZhongAn Online P & C Insurance Co. Ltd,1.14,1,1,1,3,3,2,2,13,-10.0,3.0,Broken,Avoid/exit,7,0.0,-14.9,-8.5,0.0,0,,Financial Services,2662004480.0,37.0
NMG,Nouveau Monde Graphite Inc,1.32,6,8,4,0,0,2,2,22,-19.0,3.0,Broken,Avoid/exit,17,0.0,0.8,-4.3,39.7,2,,Basic Materials,575950080.0,906982.8
REBN,Reborn Coffee Inc,1.34,8,6,2,2,0,2,2,22,-19.0,3.0,Broken,Avoid/exit,18,-4.3,8.9,-3.3,46.1,2,,Consumer Cyclical,14702084.0,72581.65
GOVX,GeoVax Labs Inc,0.721,3,5,4,0,2,2,2,18,-15.0,3.0,Broken,Avoid/exit,25,2.6,-14.1,-16.5,33.7,1,,Healthcare,9326732.0,1599467.67
BIAF,"bioAffinity Technologies, Inc.",0.53,3,6,7,0,2,0,2,20,-15.0,3.0,Broken,Avoid/exit,8,-17.8,-20.7,-21.1,24.9,1,,Healthcare,8525623.0,3672470.74
GLIV,Grayscale Livepeer Trust (LPT),1.36,0,2,4,5,0,0,2,13,-10.0,3.0,Broken,Avoid/exit,23,-3.5,-11.8,-9.1,38.5,0,,nan,nan,3172.54
STCK,Grayscale Stacks Trust (STX),1.05,0,2,4,5,0,0,2,13,-10.0,3.0,Broken,Avoid/exit,19,-7.9,-24.5,-16.1,32.8,0,,nan,nan,0.0
HFFG,Hf Foods Group Inc,1.46,2,7,5,0,2,0,2,18,-15.0,3.0,Broken,Avoid/exit,12,-2.7,-3.9,-6.6,35.3,1,,Consumer Defensive,100528432.0,136145.93
EAXR,Flint Telecom Group,1.0,3,3,6,1,3,0,2,18,-15.0,3.0,Broken,Avoid/exit,18,-13.0,-13.0,-14.0,18.4,1,,Technology,120243072.0,1942.5
ONVC,Online Vacation Center Holdings Corp,1.8,0,2,7,0,2,2,2,15,-8.0,3.0,Broken,Avoid/exit,17,-9.1,-9.5,-8.8,24.4,0,,Consumer Cyclical,15948926.0,0.0
TKLF,Yoshitsu Co Ltd ADR,1.93,4,3,2,2,0,0,2,13,-10.0,3.0,Broken,Avoid/exit,19,-3.5,-8.3,-6.3,39.8,0,,Consumer Cyclical,7851809.0,80299.14
GTIC,GTIC,1.45,2,1,1,3,5,4,2,18,-15.0,3.0,Broken,Avoid/exit,47,-50.8,-50.8,-45.1,7.9,1,,Technology,1569557.0,142.84
EVO,Evotec SE ADR,1.95,3,7,3,0,0,3,2,18,-15.0,3.0,Broken,Avoid/exit,15,1.0,-1.5,-6.6,31.8,1,,Healthcare,1022906112.0,108848.66
VOC,VOC Energy Trust,2.98,2,9,2,0,5,0,2,20,-18.0,3.0,Broken,Avoid/exit,29,2.4,-12.1,-3.8,43.7,1,,Energy,48620000.0,95903.14
HQWWW,Horizon Quantum Holdings Ltd. Warrant,5.8,7,8,1,3,2,0,2,23,-18.0,3.0,Broken,Avoid/exit,0,33.9,5.5,-13.8,45.3,1,,nan,nan,0.0
ABEV,Ambev SA ADR,3.01,3,4,9,2,0,1,2,21,-18.0,3.0,Broken,Avoid/exit,43,-3.5,-2.6,-2.1,40.8,0,,Consumer Defensive,48508940288.0,31817687.3
PEVM,Phoenix Motor Inc.,0.708,3,4,3,0,3,3,2,18,-15.0,3.0,Broken,Avoid/exit,18,-6.8,-6.8,-31.5,22.0,1,,nan,102010424.0,965.29
SST,System1 Inc,1.66,3,6,3,4,2,0,2,20,-15.0,3.0,Broken,Avoid/exit,16,-6.2,-8.3,-15.3,36.1,1,,Industrials,31904936.0,1079758.78
VTIX,Virtuix Holdings Inc. Class A Common Stock,1.69,1,4,2,5,2,2,2,18,-15.0,3.0,Broken,Avoid/exit,0,5.0,-33.7,-22.2,33.9,2,,Technology,117462272.0,0.0
DAIO,Data I/O Corporation,2.99,5,7,2,0,2,2,2,20,-15.0,3.0,Broken,Avoid/exit,32,2.4,-4.8,-5.3,37.5,2,,Technology,36920080.0,42614.13
HIVE,HIVE Digital Technologies Ltd,2.76,2,6,4,0,2,2,2,18,-15.0,3.0,Broken,Avoid/exit,33,-8.0,-13.2,-8.7,40.8,1,,Financial Services,1055014528.0,21716244.31
EVH,Evolent Health Inc,3.59,4,10,0,3,3,2,2,24,-21.0,3.0,Broken,Avoid/exit,30,12.9,-22.6,-13.3,37.2,2,,Healthcare,474670080.0,3213340.02
INVE,Identiv Inc,2.55,2,5,2,1,2,4,2,18,-15.0,3.0,Broken,Avoid/exit,13,-5.6,-8.3,-7.2,36.4,1,,Industrials,102986648.0,91540.98
UVIX,2x Long VIX Futures ETF,50.13,11,4,2,3,5,4,2,31,-28.0,3.0,Broken,Avoid/exit,50,-15.2,-21.3,-6.4,50.1,0,,nan,nan,39131693.68
RZLT,Rezolute Inc,4.7,6,5,5,6,5,2,2,31,-28.0,3.0,Broken,Avoid/exit,40,-3.7,-11.5,-2.4,48.3,2,,Healthcare,434278432.0,3447926.78
SIGA,SIGA Technologies Inc,3.12,3,5,1,0,2,0,2,13,-10.0,3.0,Broken,Avoid/exit,11,-4.0,-1.0,-7.2,33.9,0,,Healthcare,308413632.0,494599.12
TGL,Treasure Global Inc.,2.88,1,10,2,0,3,2,2,20,-15.0,3.0,Broken,Avoid/exit,26,4.7,-8.0,-10.5,34.4,1,,Technology,7172103.0,378372.39
MPT,"Medical Properties Trust, Inc.",4.6,3,5,6,2,0,0,3,19,-16.0,3.0,Broken,Avoid/exit,21,-1.9,-4.2,-1.9,43.2,1,,Real Estate,2960594688.0,6948662.3
CONL,GraniteShares ETF Trust - GraniteShares 1.5x Long COIN Daily ETF,3.93,0,4,3,4,0,0,2,13,-10.0,3.0,Broken,Avoid/exit,14,-22.5,-21.1,-16.9,39.0,1,,nan,nan,12328631.85
QBTZ,Defiance Daily Target 2x Short QBTS ETF,3.46,1,12,3,2,3,0,2,23,-16.0,3.0,Broken,Avoid/exit,19,-22.4,-45.7,-25.3,41.2,0,,nan,nan,0.0
AINSF,Ainsworth Game Technology Limited,0.82,3,1,2,2,3,4,2,17,-15.0,2.0,Broken,Avoid/exit,37,-11.8,-15.5,-10.7,28.1,1,,Consumer Cyclical,326690176.0,22176.04
DBLXX,DBLXX,1.0,0,2,4,4,0,0,2,12,-10.0,2.0,Broken,Avoid/exit,25,-71.9,-71.6,-68.5,27.9,0,,nan,nan,0.0
FABXX,FABXX,1.0,0,2,0,5,0,0,2,9,-10.0,2.0,Broken,Avoid/exit,12,-50.2,-53.5,-44.9,23.0,0,,nan,nan,0.0
SVIVW,Spring Valley Acquisition Corp. IV Warrants,0.8,0,6,1,6,0,6,2,21,-19.0,2.0,Broken,Avoid/exit,0,14.3,-15.8,-9.8,46.2,0,,nan,nan,0.0
GLXG,Galaxy Payroll Group Limited Ordinary Shares,1.03,6,11,4,0,3,6,2,32,-28,2,Broken,Avoid/exit,30,5.0,21.2,-1.4,46.8,4,,Industrials,7392278.0,191757.93
NNVC,NanoViricides Inc,1.4,3,4,3,3,2,0,2,17,-15.0,2.0,Broken,Avoid/exit,40,-9.7,-8.5,-8.3,41.4,1,,Healthcare,34170500.0,460053.34
INUV,Inuvo Inc,1.02,3,7,1,0,0,2,2,15,-13.0,2.0,Broken,Avoid/exit,20,5.2,-1.9,-4.2,44.0,1,,Technology,21934930.0,204864.4
TRUG,Trugolf Inc,0.87,1,6,1,3,2,0,2,15,-13.0,2.0,Broken,Avoid/exit,16,-18.7,-32.0,-20.5,29.7,2,,Consumer Cyclical,1737336.0,77974.75
RMCF,Rocky Mountain Chocolate Factory,0.84,3,9,3,0,2,4,2,23,-21.0,2.0,Broken,Avoid/exit,10,-2.3,-9.7,-11.1,30.6,1,,Consumer Defensive,16165981.0,136054.69
COGZF,Cogstate Limited,1.6,1,1,1,3,0,4,2,12,-10.0,2.0,Broken,Avoid/exit,37,-8.6,-19.6,-9.7,17.7,0,,Healthcare,288803392.0,1777.75
DHY,Credit Suisse High Yield Bond Fund,1.72,4,4,4,5,0,1,2,20,-18.0,2.0,Broken,Avoid/exit,22,-1.7,-1.7,-1.5,42.8,0,,Financial Services,217378800.0,640456.26
GDHG,Golden Heaven Group Holdings Ltd. Ordinary Shares,1.33,5,7,4,0,2,0,2,20,-16.0,2.0,Broken,Avoid/exit,21,1.5,-7.0,-4.6,46.2,1,,Consumer Cyclical,35456808.0,17585.79
ZEOX,"Zeo ScientifiX, Inc.",1.5,1,8,1,2,3,0,2,17,-13.0,2.0,Broken,Avoid/exit,27,-3.8,-15.3,-6.4,43.5,2,,Healthcare,14699363.0,10346.2
BCHT,Birchtech Corp.,1.39,1,7,3,0,2,2,2,17,-15.0,2.0,Broken,Avoid/exit,19,0.7,-7.9,-9.4,33.7,2,,Industrials,55242528.0,89277.73
ORXOF,Orexo AB (publ),1.55,1,3,2,4,3,2,2,17,-15.0,2.0,Broken,Avoid/exit,15,0.0,-12.4,-10.6,0.0,1,,Healthcare,73766816.0,90.76
GNTA,Genenta Science SpA ADR,1.31,2,8,2,0,3,4,2,21,-19.0,2.0,Broken,Avoid/exit,32,-13.2,-20.6,-11.1,41.9,1,,Healthcare,49541140.0,973108.32
KALA,Kala Pharmaceuticals Inc,0.737,6,12,3,3,4,4,2,34,-30.0,2.0,Broken,Avoid/exit,27,1.0,20.7,-20.3,34.3,3,,Healthcare,38295052.0,113746.51
IMNN,Imunon Inc,1.58,7,6,2,0,2,2,2,21,-19.0,2.0,Broken,Avoid/exit,17,-1.2,-4.8,-5.9,38.0,2,,Healthcare,8824447.0,77313.16
XRTX,XORTX Therapeutics Inc,2.03,12,5,5,0,0,2,2,26,-24.0,2.0,Broken,Avoid/exit,44,0.5,-3.3,-2.7,45.4,1,,Healthcare,3810358.0,522443.84
DDL,Dingdong (Cayman) Limited ADR,2.24,6,6,2,5,3,0,5,27,-23.0,2.0,Broken,Avoid/exit,24,-7.4,-5.9,-3.7,45.1,0,,Consumer Defensive,546642816.0,1206900.83
CMTG,Claros Mortgage Trust Inc,1.75,1,7,1,1,3,0,2,15,-13.0,2.0,Broken,Avoid/exit,14,-3.8,-20.5,-13.7,27.5,1,,Real Estate,347041440.0,479796.79
UWMC,UWM Holdings Corp,1.2,0,2,0,1,0,2,2,7,-10.0,2.0,Broken,Avoid/exit,8,-35.5,-31.0,-36.1,23.0,0,,Financial Services,4233155072.0,14291626.15
CERS,Cerus Corporation,2.32,3,7,0,1,4,0,2,17,-13.0,2.0,Broken,Avoid/exit,44,-19.7,-19.2,-13.6,34.6,2,,Healthcare,559029440.0,1711032.73
INRLF,Valneva SE,2.43,1,1,4,3,3,3,2,17,-15.0,2.0,Broken,Avoid/exit,21,0.0,-7.3,-4.1,14.0,1,,Healthcare,519632544.0,376.19
UWMC-WS,UWMC-WS,1.2,0,2,0,1,0,2,2,7,-10.0,2.0,Broken,Avoid/exit,8,-35.5,-31.0,-36.1,23.0,0,,nan,nan,14230931.56
DTZNY,DTZNY,1.52,2,7,4,4,0,0,2,19,-13.0,2.0,Broken,Avoid/exit,4,-5.0,-8.2,-12.3,40.3,1,,Basic Materials,2166382080.0,7304.36
PRME,"Prime Medicine, Inc. Common Stock",2.95,4,7,4,0,2,0,2,19,-17.0,2.0,Broken,Avoid/exit,24,-2.3,-0.7,-5.6,42.8,2,,Healthcare,567138816.0,3194878.31
QBAK,Qualstar Corporation,2.45,1,7,2,0,3,0,2,15,-13.0,2.0,Broken,Avoid/exit,13,-7.5,-18.9,-12.3,20.5,1,,Industrials,15534596.0,3862.6
ICCM,Icecure Medical,3.08,8,5,3,0,3,2,2,23,-21.0,2.0,Broken,Avoid/exit,49,6.6,-4.6,-6.5,45.6,2,,Healthcare,13472165.0,33081.74
EDUXX,EDUXX,1.0,0,2,0,4,3,0,2,11,-10.0,1.0,Broken,Avoid/exit,8,-71.6,-71.3,-66.9,20.2,0,,nan,nan,0.0
WLTXX,WLTXX,1.0,0,2,3,4,0,0,2,11,-10.0,1.0,Broken,Avoid/exit,0,-71.0,-70.9,-67.7,25.9,0,,nan,nan,0.0
DDC,DDC Enterprise Limited,0.416,3,7,3,0,2,2,2,19,-18.0,1.0,Broken,Avoid/exit,16,-13.5,-8.3,-22.2,27.9,1,,Consumer Defensive,52245056.0,89752.15
CHSN,Chanson International Holding Class A Ordinary Shares,0.98,4,2,4,3,0,4,2,19,-18.0,1.0,Broken,Avoid/exit,15,-10.9,-21.6,-9.9,39.0,0,,Consumer Cyclical,2898858.0,192116.47
VWAVW,"VisionWave Holdings, Inc. Warrant",0.212,1,5,0,1,0,2,2,11,-10.0,1.0,Broken,Avoid/exit,12,-24.1,-60.6,-54.9,31.6,1,,nan,nan,70257.62
SJ,Scienjoy Holding Corp,0.911,5,7,2,7,0,0,2,23,-20.0,1.0,Broken,Avoid/exit,29,-8.6,18.4,-1.6,48.6,3,,Communication Services,48407556.0,57403.47
AUID,authID Inc.,0.709,6,7,1,0,2,2,2,20,-19.0,1.0,Broken,Avoid/exit,23,7.8,-5.7,-13.6,38.3,1,,Technology,20972232.0,2230218.83
TRAW,Traws Pharma Inc,0.539,6,7,5,0,2,2,2,24,-23.0,1.0,Broken,Avoid/exit,23,22.2,3.7,-8.0,38.8,2,,Healthcare,21968470.0,884229.85
QTEX,QTREX Quantum Ltd.,1.06,3,11,5,4,4,2,2,31,-28,1,Broken,Avoid/exit,0,27.7,19.6,-5.0,44.4,4,,Technology,87775160.0,0.0
SXTC,China SXT Pharmaceuticals Inc,0.054,1,4,0,3,2,4,2,16,-15.0,1.0,Broken,Avoid/exit,10,-26.2,-83.8,-93.7,22.4,1,,Healthcare,6999186.0,104538.22
SNES,SenesTech Inc,1.27,3,5,0,4,0,2,2,16,-15.0,1.0,Broken,Avoid/exit,27,-3.8,-9.3,-11.6,40.8,1,,Basic Materials,8114241.0,74311.56
VHUB,"VenHub Global, Inc.",0.68,1,7,4,0,2,2,2,18,-15.0,1.0,Broken,Avoid/exit,0,1.5,-15.0,-17.0,34.3,1,,Consumer Defensive,159908768.0,0.0
CLNE,Clean Energy Fuels Corp,1.86,1,6,1,0,4,0,2,14,-13.0,1.0,Broken,Avoid/exit,14,-3.6,-11.0,-6.6,36.4,1,,Energy,442651520.0,1317545.24
FBYDW,"Falcon's Beyond Global, Inc. Warrants",1.25,2,6,1,6,2,0,5,22,-21.0,1.0,Broken,Avoid/exit,35,-30.6,-34.2,-22.8,47.1,0,,nan,nan,0.0
SRG,Seritage Growth Properties,2.41,6,7,3,0,0,2,2,20,-19.0,1.0,Broken,Avoid/exit,27,-0.8,4.8,-2.4,43.2,2,,Real Estate,151513200.0,216943.86
CFND,C1 Fund Inc.,2.91,0,3,2,6,2,0,2,15,-14.0,1.0,Broken,Avoid/exit,23,-7.3,-15.4,-8.7,30.9,0,,Financial Services,20466664.0,36327.02
PLTK,Playtika Holding Corp,3.29,1,2,0,6,0,0,2,11,-10.0,1.0,Broken,Avoid/exit,21,-17.1,-8.1,-14.5,36.8,1,,Communication Services,1198195584.0,1681689.88
ONWRY,ONWRY,2.62,0,2,2,3,0,2,2,11,-10.0,1.0,Broken,Avoid/exit,11,-8.4,-2.2,-9.9,36.2,0,,nan,nan,482.2
RLLMF,Real Matters Inc,3.29,1,3,4,4,0,2,2,16,-15.0,1.0,Broken,Avoid/exit,8,0.0,-8.6,-5.4,1.9,1,,Real Estate,297890880.0,1601.28
HMMCF,HMMCF,4.09,9,10,5,1,0,2,2,29,-28,1,Broken,Avoid/exit,40,9.9,9.4,3.1,52.0,3,,Basic Materials,1392938880.0,16933.28
XNET,Xunlei Ltd Adr,5.06,0,5,2,2,2,2,2,15,-14.0,1.0,Broken,Avoid/exit,22,-10.6,-9.0,-7.2,40.5,0,,Technology,289942976.0,429751.96
MODD,Modular Medical Inc,2.03,1,9,1,1,2,2,2,18,-15.0,1.0,Broken,Avoid/exit,26,-1.9,-33.2,-26.1,31.5,1,,Healthcare,25107322.0,33402.77
VNMHF,VietNam Holding Limited,4.27,0,1,0,3,3,2,2,11,-10.0,1.0,Broken,Avoid/exit,9,-12.0,-12.0,-8.3,0.2,0,,Financial Services,90636760.0,26.5
