code,name,price,trend,momentum,volatility,volume,sr,pattern,sentiment,raw,adj,final,zone,action,weekly_raw,g5,g10,ext,rsi,dist_flags,mct,sector,mcap,avgvol
SPRS,Surge Components Inc,3.6,15,14,10,10,6,11,5,71,1.0,75.0,Strong,Enter w/ confidence,61,3.2,1.7,2.1,60.0,1,,Technology,20237444.0,3183.52
GCV,Gabelli Convertible and Income Securities Mutual Fund,4.68,14,12,6,12,6,11,5,66,2.0,71.0,Strong,Enter w/ confidence,65,1.7,0.9,1.5,58.0,1,,Financial Services,119904700.0,72382.76
DSWL,Deswell Industries Inc,3.88,19,8,8,14,6,8,5,68,-1.0,70.0,Strong,Enter w/ confidence,62,17.2,19.0,12.2,75.2,2,,Technology,52745640.0,15490.46
EHTH,eHealth Inc,1.78,10,14,11,16,8,2,5,66,-1.0,69.0,Moderate,Enter w/ caution,39,6.0,7.9,6.6,56.0,1,,Financial Services,50150808.0,497907.69
BZUN,Baozun Inc,2.88,15,16,11,11,8,7,5,73,-7.0,69.0,Moderate,Enter w/ caution,47,5.5,9.1,6.1,63.1,2,,Consumer Cyclical,154040240.0,322771.35
LGGNF,Legal & General Group Plc,3.85,18,7,7,15,6,8,5,66,2.0,68.0,Moderate,Enter w/ caution,53,3.5,11.6,4.8,58.7,2,,Financial Services,19537070080.0,17635.63
MEDXF,Medexus Pharmaceuticals Inc,2.918,15,16,6,11,6,5,5,64,-3.0,67.0,Moderate,🔥 COILED: Enter w/ caution,59,1.0,1.6,1.8,55.0,1,,Healthcare,82394160.0,12016.1
CRWS,Crown Crafts Inc,2.86,12,14,7,11,6,9,5,64,2.0,67.0,Moderate,Enter w/ caution,50,3.6,1.4,2.8,58.2,1,,Consumer Cyclical,28777048.0,42323.21
CICHF,China Construction Bank Corp,1.12,15,11,2,14,9,6,5,62,-1.0,66.0,Moderate,🔥 COILED: Enter w/ caution,57,6.7,2.4,3.0,53.5,0,,Financial Services,269448380416.0,80685.16
GTMAY,Grupo TMM SAB,2.75,14,12,13,13,8,7,5,72,-2.0,66.0,Moderate,Enter w/ caution,62,10.0,10.0,10.2,64.4,2,,Industrials,87276560.0,921.13
RAFI,Regency Affiliates Inc,4.32,19,6,13,9,8,7,5,67,-2.0,65.0,Moderate,Enter w/ caution,59,4.1,3.3,2.1,66.8,1,,Financial Services,18741268.0,1231.71
HIIIX,CATALYST/SMH HIGH INCOME FUND CATALYST/SMH HIGH INCOME FUND CLASS I,4.11,16,12,12,7,6,2,5,60,0.0,65.0,Moderate,🔥 COILED: Enter w/ caution,54,0.0,1.0,0.4,59.4,0,,nan,0.0,0.0
IFABF,iFabric Corp,3.35,15,8,3,16,9,7,5,63,1.0,64.0,Moderate,Enter w/ caution,63,10.9,15.5,7.9,62.7,2,,Consumer Cyclical,91201400.0,8420.55
HIICX,CATALYST/SMH HIGH INCOME FUND CATALYST/SMH HIGH INCOME FUND CLASS C,4.11,16,12,11,7,6,2,5,59,0.0,64.0,Moderate,🔥 COILED: Enter w/ caution,54,-0.2,1.0,0.4,58.8,0,,nan,0.0,0.0
TBTC,Table Trac Inc,4.6,12,11,12,9,3,6,5,58,1.0,64.0,Moderate,Enter w/ caution,59,3.4,5.3,2.5,56.5,1,,Consumer Cyclical,20753704.0,5186.94
TKGBY,Turkiye Garanti Bankasi AS,3.19,11,9,6,15,5,3,5,54,4.0,63.0,Moderate,Enter w/ caution,47,1.3,17.3,5.5,59.1,2,,Financial Services,13572413440.0,9265.12
CXE,MFS High Income Municipal Closed Fund,4.1,18,11,4,15,6,7,5,66,-3.0,63.0,Moderate,Enter w/ caution,70,12.3,13.3,10.3,78.4,2,,Financial Services,115857208.0,89379.64
LNJFX,LORD ABBETT NEW JERSEY TAX-FREE INCOME FUND CLASS F,4.76,17,12,8,8,6,4,5,60,-2.0,63.0,Moderate,🔥 COILED: Enter w/ caution,57,0.2,0.2,0.4,63.5,0,,nan,0.0,0.0
QLMHIX,Legg Mason Partners Variable Income Trust - Western Asset Core Plus VIT Portfolio,4.69,15,12,8,8,4,2,4,53,2.0,63.0,Moderate,🔥 COILED: Enter w/ caution,46,0.0,0.4,0.3,54.9,0,,nan,nan,0.0
PIFRX,PUTNAM INCOME FUND CLASS R SHARES,5.02,14,12,6,8,4,7,5,56,2.0,63.0,Moderate,🔥 COILED: Enter w/ caution,47,0.2,0.8,0.5,59.9,0,,nan,0.0,0.0
PUICX,PUTNAM INCOME FUND CLASS C SHARES,5.03,14,12,6,8,4,7,5,56,2.0,63.0,Moderate,🔥 COILED: Enter w/ caution,45,0.2,0.8,0.5,59.2,0,,nan,0.0,0.0
KNCAF,Konica Minolta Inc,4.0,15,7,6,13,6,6,4,57,0.0,62.0,Moderate,🔥 COILED: Enter w/ caution,0,0.0,0.0,2.4,59.6,0,,Industrials,1846270208.0,0.0
OKUR,"OnKure Therapeutics, Inc.",4.34,14,13,8,15,5,2,5,62,-5.0,62.0,Moderate,🔥 COILED: Enter w/ caution,46,2.1,2.1,2.5,54.4,1,,Healthcare,169661008.0,183852.91
CPCCX,COMSTOCK CAPITAL VALUE FUND RETAIL CLASS C,4.19,16,10,8,9,6,4,4,57,2.0,62.0,Moderate,Enter w/ caution,54,0.2,0.2,0.2,57.3,0,,nan,0.0,0.0
JQC,Nuveen Credit Strategies Income Closed Fund,4.84,8,14,10,8,6,4,5,55,4.0,62.0,Moderate,🔥 COILED: Enter w/ caution,34,0.8,1.5,0.6,54.6,1,,Financial Services,810943500.0,823801.43
PDVMX,PUTNAM DIVERSIFIED INCOME TRUST CLASS M SHARES,4.85,14,12,9,8,6,2,4,55,2.0,62.0,Moderate,🔥 COILED: Enter w/ caution,46,0.0,0.6,0.3,57.8,0,,nan,0.0,0.0
NUVB-WS,NUVB-WS,6.46,17,7,8,16,6,6,5,65,-4.2,61.8,Moderate,Enter w/ caution,61,26.2,31.0,23.0,76.4,2,,nan,nan,6239713.3
CXMSF,CEMEX S.A.B. de C.V,1.25,12,9,8,15,4,3,5,56,0.0,61.0,Moderate,🔥 COILED: Enter w/ caution,53,0.0,0.0,1.6,52.8,1,,Basic Materials,21082222592.0,0.0
OLNCF,Omni-Lite Industries Canada Inc,1.47,18,11,7,17,6,12,5,76,-16.0,61.0,Moderate,Enter w/ caution,66,14.0,14.0,13.5,72.8,2,,Industrials,20430386.0,21060.22
LAURX,LORD ABBETT INCOME FUND CLASS R3,2.44,14,12,10,8,4,2,4,54,2.0,61.0,Moderate,🔥 COILED: Enter w/ caution,41,0.0,0.8,0.4,57.4,0,,nan,0.0,0.0
WTLLF,Water Intelligence plc,3.625,13,8,11,10,7,6,5,60,1.0,61.0,Moderate,Enter w/ caution,38,11.5,3.6,6.2,63.7,1,,Industrials,58932432.0,1754.08
SINGF,Singapore Airlines Ltd,5.69,14,8,7,11,6,9,5,60,1.0,61.0,Moderate,Enter w/ caution,55,4.4,8.4,6.4,65.6,1,,Industrials,16668178432.0,0.0
PNCMX,PUTNAM INCOME FUND CLASS M SHARES,4.86,14,12,9,8,4,2,5,54,2.0,61.0,Moderate,🔥 COILED: Enter w/ caution,44,0.2,0.8,0.4,59.2,0,,nan,0.0,0.0
SVC,Service Properties Trust,1.76,14,12,4,8,6,7,5,56,4.0,60.0,Moderate,Enter w/ caution,42,8.6,7.3,5.8,59.3,1,,Real Estate,1067891520.0,4362389.64
RDVIX,ROYCE DIVIDEND VALUE FUND INVESTMENT CLASS,2.5,14,12,7,9,6,9,5,62,-2.0,60.0,Moderate,Enter w/ caution,41,0.8,3.3,2.6,63.8,0,,nan,0.0,0.0
ADTGJX,ADTGJX,2.339,12,14,6,8,4,2,4,50,2.0,60.0,Moderate,🔥 COILED: Enter w/ caution,38,-0.1,-0.1,0.1,53.4,0,,nan,nan,0.0
RTOXF,Rotork plc,4.35,15,11,7,13,4,4,5,59,1.0,60.0,Moderate,Enter w/ caution,39,3.6,7.9,5.8,62.5,1,,Industrials,3009803264.0,0.0
MNGPF,Man Group plc,3.85,14,5,7,9,6,11,5,57,0.0,60.0,Moderate,Enter w/ caution,44,0.0,0.0,1.0,58.4,0,,Financial Services,4358557696.0,0.0
NTWK,NetSol Technologies Inc,4.67,16,12,3,12,6,2,5,56,3.0,60.0,Moderate,Enter w/ caution,72,6.1,6.9,6.1,60.7,1,,Technology,54215832.0,65866.54
LVITX,Western Asset Core Plus VIT Portfolio CL,4.7,15,12,8,8,4,2,4,53,2.0,60.0,Moderate,🔥 COILED: Enter w/ caution,47,0.2,0.6,0.5,57.0,0,,Other,0.0,0.0
SOPH,Sophia Genetics SA,5.52,15,11,4,15,4,11,5,65,-3.0,60.0,Moderate,Enter w/ caution,58,12.0,2.2,7.0,59.9,1,,Healthcare,356080224.0,124125.85
PDVGX,Putnam Diversified Income Class R6,4.93,14,12,9,8,6,2,4,55,0.0,60.0,Moderate,🔥 COILED: Enter w/ caution,46,0.0,0.6,0.3,56.1,0,,nan,0.0,0.0
LSRCX,SMALL-CAP VALUE SERIES CLASS C,1.08,14,9,7,7,6,7,5,55,1.0,59.0,Moderate,Enter w/ caution,35,0.9,2.9,2.0,62.9,0,,nan,0.0,0.0
GORO,Gold Resource Corporation,1.34,12,11,8,11,9,3,5,59,-1.0,59.0,Moderate,Enter w/ caution,45,3.9,12.6,3.6,54.8,2,,Basic Materials,207218912.0,3294246.97
MAIA,MAIA Biotechnology Inc.,1.39,14,17,8,7,7,3,5,61,-5.0,59.0,Moderate,Enter w/ caution,33,5.3,6.9,3.3,54.5,2,,Healthcare,86945080.0,810109.99
EDUC,Educational Development Corporation,1.52,18,13,2,14,7,7,5,66,-7.0,59.0,Moderate,Enter w/ caution,70,4.8,11.8,5.0,66.6,2,,Communication Services,12086137.0,205016.94
CIF,MFS Intermediate High Income Closed Fund,1.77,16,9,5,10,6,11,5,62,-3.0,59.0,Moderate,Enter w/ caution,58,9.3,9.9,8.7,76.8,1,,Financial Services,45563000.0,55151.02
CYBQF,CYBERDYNE Inc,1.865,16,5,12,9,6,6,5,59,-3.0,59.0,Moderate,Enter w/ caution,47,0.0,0.0,0.4,77.6,0,,Healthcare,393759328.0,68.75
RYDVX,ROYCE DIVIDEND VALUE FUND SERVICE CLASS,2.5,14,12,6,9,6,9,5,61,-2.0,59.0,Moderate,Enter w/ caution,40,1.2,3.3,2.7,64.4,0,,nan,0.0,0.0
LAUFX,LORD ABBETT INCOME FUND CLASS F,2.43,14,12,10,8,4,0,4,52,2.0,59.0,Moderate,🔥 COILED: Enter w/ caution,41,0.0,0.8,0.5,58.2,0,,nan,0.0,0.0
TQPCX,Touchstone Strategic Income Opportunities Fund Class C,3.3,12,12,10,8,4,2,4,52,2.0,59.0,Moderate,🔥 COILED: Enter w/ caution,41,0.0,0.6,0.3,59.0,0,,nan,nan,0.0
TQPAX,Touchstone Strategic Income Opportunities Fund Class A,3.29,14,12,9,8,4,2,4,53,1.0,59.0,Moderate,🔥 COILED: Enter w/ caution,52,0.3,0.9,0.5,62.5,0,,nan,nan,0.0
LOAN,Manhattan Bridge Capital Inc,4.46,16,12,6,10,5,3,5,57,1.0,59.0,Moderate,Enter w/ caution,40,0.7,3.2,2.7,63.9,0,,Real Estate,48231860.0,29856.38
ETHIX,EATON VANCE HIGH INCOME OPPORTUNITIES FUND EATON VANCE HIGH INCOME OPPORTUNITIES FUND CLASS A,4.23,15,12,7,8,6,2,4,54,0.0,59.0,Moderate,🔥 COILED: Enter w/ caution,43,0.0,0.5,0.2,58.5,0,,nan,0.0,0.0
ESFIX,ASHMORE EMERGING MARKETS SHORT DURATION FUND INSTITUTIONAL CLASS SHARES,4.74,14,10,9,8,6,2,5,54,2.0,59.0,Moderate,Enter w/ caution,47,0.0,0.2,0.3,60.0,0,,nan,0.0,0.0
GGAZF,Goldgroup Mining Inc.,1.15,17,12,4,16,5,0,5,59,-7.0,58.0,Moderate,🔥 COILED: Enter w/ caution,59,-0.9,3.6,2.1,52.8,1,,Basic Materials,302378912.0,274020.74
LAUQX,LORD ABBETT INCOME FUND CLASS R2,2.45,12,12,9,8,4,2,4,51,2.0,58.0,Moderate,🔥 COILED: Enter w/ caution,44,0.0,0.8,0.4,57.6,0,,nan,0.0,0.0
LAUSX,LORD ABBETT INCOME FUND CLASS C,2.44,12,12,9,8,4,2,4,51,2.0,58.0,Moderate,🔥 COILED: Enter w/ caution,44,0.0,0.8,0.4,57.2,0,,nan,0.0,0.0
LAGVX,LORD ABBETT INCOME FUND CLASS A,2.43,12,12,9,8,4,2,4,51,2.0,58.0,Moderate,🔥 COILED: Enter w/ caution,44,0.0,0.8,0.4,57.8,0,,nan,0.0,0.0
LAUKX,LORD ABBETT INCOME FUND CLASS R4,2.43,12,12,8,8,4,2,4,50,0.0,58.0,Moderate,🔥 COILED: Enter w/ caution,44,0.0,0.8,0.3,54.6,0,,nan,0.0,0.0
LOGVX,Lord Abbett Income Cl F3,2.43,12,12,9,8,4,2,4,51,2.0,58.0,Moderate,🔥 COILED: Enter w/ caution,44,0.0,0.8,0.4,57.5,0,,nan,0.0,0.0
CYH,Community Health Systems Inc,3.16,15,12,6,15,4,2,5,59,1.0,58.0,Moderate,Enter w/ caution,44,0.6,10.1,6.3,63.8,2,,Healthcare,393157600.0,1748450.66
HTCR,HeartCore Enterprises Inc,3.22,16,13,5,10,7,0,5,56,-1.0,58.0,Moderate,🔥 COILED: Enter w/ caution,61,-2.4,-6.1,0.1,51.1,1,,Technology,4353526.0,60482.07
BTDPF,Barratt Developments plc,3.5,13,7,11,7,6,2,4,50,0.0,58.0,Moderate,🔥 COILED: Enter w/ caution,28,0.0,0.0,0.1,48.2,0,,Consumer Cyclical,4901827584.0,0.0
BENF,Beneficient Class A Common Stock,3.5,10,14,9,8,5,5,4,55,-3.0,58.0,Moderate,🔥 COILED: Enter w/ caution,46,1.6,1.7,0.3,50.4,1,,Financial Services,53145448.0,1138320.91
CSGTX,TRANSAMERICA SMALL CAP GROWTH C,3.66,12,10,9,7,6,2,4,50,0.0,58.0,Moderate,🔥 COILED: Enter w/ caution,38,0.8,1.4,1.0,54.6,0,,nan,0.0,0.0
KLC,"KinderCare Learning Companies, Inc.",4.18,16,12,7,9,5,6,5,60,-5.0,58.0,Moderate,Enter w/ caution,41,10.0,8.3,4.8,57.5,2,,Consumer Defensive,471936736.0,1049079.13
RMNI,Rimini Street Inc,4.22,13,14,8,7,6,6,5,59,1.0,58.0,Moderate,Enter w/ caution,56,1.4,1.2,3.8,61.4,0,,Technology,388289216.0,338637.81
CREX,Creative Realities Inc,3.95,17,13,4,15,4,7,5,65,-5.0,58.0,Moderate,Enter w/ caution,62,6.8,2.6,3.4,55.3,1,,Technology,42480416.0,56581.59
HIIFX,CATALYST/SMH HIGH INCOME FUND CATALYST/SMH HIGH INCOME FUND CLASS A,4.1,15,8,10,7,6,2,5,53,0.0,58.0,Moderate,🔥 COILED: Enter w/ caution,54,-0.2,1.0,0.3,59.8,0,,nan,0.0,0.0
XRCSX,PIMCO Strategic Income Fund Inc,4.57,13,14,5,8,4,2,4,50,0.0,58.0,Moderate,🔥 COILED: Enter w/ caution,42,-0.4,0.2,0.2,52.9,0,,Other,0.0,0.0
PDVYX,PUTNAM DIVERSIFIED INCOME TRUST CLASS Y SHARES,4.96,14,12,7,8,6,2,4,53,0.0,58.0,Moderate,🔥 COILED: Enter w/ caution,42,-0.2,0.6,0.3,55.6,0,,nan,0.0,0.0
ADTGZX,ADTGZX,4.948,10,12,7,8,4,7,5,53,2.0,58.0,Moderate,Enter w/ caution,36,0.1,1.0,0.5,55.9,0,,nan,nan,0.0
TZROP,tZERO Group Inc,1.98,7,4,11,10,6,7,4,49,0.0,57.0,Moderate,🔥 COILED: Enter w/ caution,34,0.0,0.0,0.1,51.9,0,,Financial Services,nan,6337.1
RAASY,Cloopen Group Holding Ltd - ADR,2.02,10,11,9,9,8,3,3,53,-1.0,57.0,Moderate,🔥 COILED: Enter w/ caution,58,1.5,-3.8,0.1,51.3,1,,Technology,119771456.0,17449.74
RTWFF,RTW Venture Fund Limited,2.26,20,11,4,14,6,7,5,67,-15.0,57.0,Moderate,Enter w/ caution,62,7.6,4.6,4.7,69.2,2,,nan,nan,872.0
ZIP,Ziprecruiter Inc,3.31,8,15,8,10,9,0,5,55,-3.0,57.0,Moderate,🔥 COILED: Enter w/ caution,46,-1.5,-1.5,0.4,50.8,1,,Communication Services,270654880.0,1071787.11
EURBF,EURBF,4.87,18,5,4,14,3,4,5,53,-1.0,57.0,Moderate,Enter w/ caution,61,-1.4,5.4,4.0,59.1,0,,Financial Services,15080270848.0,2393.66
PDVCX,PUTNAM DIVERSIFIED INCOME TRUST CLASS C SHARES,4.87,14,14,6,8,6,0,4,52,0.0,57.0,Moderate,🔥 COILED: Enter w/ caution,40,-0.2,0.6,0.2,55.1,0,,nan,0.0,0.0
PDVRX,PUTNAM DIVERSIFIED INCOME TRUST CLASS R SHARES,4.91,14,14,6,8,6,0,4,52,0.0,57.0,Moderate,🔥 COILED: Enter w/ caution,41,-0.2,0.6,0.2,55.4,0,,nan,0.0,0.0
CVPBF,CP ALL Public Company Limited,1.55,11,7,11,7,6,5,4,51,0.0,56.0,Moderate,🔥 COILED: Enter w/ caution,49,0.0,0.0,0.7,57.6,0,,Consumer Defensive,14551009280.0,0.0
LAUTX,LORD ABBETT INCOME FUND CLASS R5,2.43,12,12,9,8,4,2,4,51,0.0,56.0,Moderate,🔥 COILED: Enter w/ caution,43,0.0,0.8,0.3,55.5,0,,nan,0.0,0.0
ADTGUX,ADTGUX,2.393,12,12,8,8,4,0,5,49,2.0,56.0,Moderate,🔥 COILED: Enter w/ caution,43,-0.0,0.9,0.5,57.0,0,,nan,nan,0.0
SPPSX,SHORT PRECIOUS METALS PROFUND SHORT PRECIOUS METALS PROFUND SERVICE CLASS,3.39,15,10,4,9,6,11,5,60,-4.0,56.0,Moderate,Enter w/ caution,50,16.5,3.7,9.3,62.9,0,,nan,0.0,0.0
SPPIX,SHORT PRECIOUS METALS PROFUND SHORT PRECIOUS METALS PROFUND INVESTOR CLASS,3.43,15,10,4,9,6,11,5,60,-4.0,56.0,Moderate,Enter w/ caution,51,16.3,3.6,9.2,63.0,0,,nan,0.0,0.0
TQPIX,Touchstone Strategic Income Opportunities Fund Institutional Class,3.27,12,12,9,8,4,2,4,51,0.0,56.0,Moderate,🔥 COILED: Enter w/ caution,43,0.0,0.6,0.3,56.5,0,,nan,nan,0.0
ZTCOF,ZTE Corp-H,3.8,8,13,4,13,9,2,2,51,2.0,56.0,Moderate,Enter w/ caution,44,10.1,-7.3,6.5,52.1,0,,Technology,21861355520.0,330.25
MGPUF,M&G Plc,4.19,13,4,9,9,6,6,4,51,0.0,56.0,Moderate,🔥 COILED: Enter w/ caution,52,0.0,-0.2,0.3,57.3,0,,Financial Services,10000998400.0,1716.25
BUKS,Butler National Corp,4.34,16,10,4,14,5,9,5,63,-7.0,56.0,Moderate,Enter w/ caution,63,1.2,5.9,3.8,64.5,0,,Industrials,260785040.0,99919.11
JAEMX,John Hancock Variable Insurance Trust - High Yield Trust,4.77,16,12,4,7,6,2,4,51,0.0,56.0,Moderate,🔥 COILED: Enter w/ caution,48,0.0,0.4,0.2,58.2,0,,nan,nan,0.0
LWSIX,WESTERN ASSET GLOBAL STRATEGIC INCOME FUND CLASS C,4.98,11,14,4,8,6,2,4,49,2.0,56.0,Moderate,🔥 COILED: Enter w/ caution,34,-0.2,0.4,0.1,51.7,0,,nan,0.0,0.0
LANJX,LORD ABBETT NEW JERSEY TAX-FREE INCOME FUND CLASS A,4.75,16,9,11,6,6,7,5,60,-9.0,56.0,Moderate,🔥 COILED: Enter w/ caution,53,0.2,0.2,0.2,63.6,0,,nan,0.0,0.0
BLIN,Bridgeline Digital Inc,1.095,8,14,2,10,8,6,5,53,-3.0,55.0,Moderate,Enter w/ caution,64,10.1,3.3,4.4,56.0,2,,Technology,13355871.0,71424.29
GTIM,Good Times Restaurants Inc,1.38,17,11,7,10,6,6,5,62,-5.0,55.0,Moderate,Enter w/ caution,51,7.0,7.0,5.6,67.4,0,,Consumer Cyclical,13830843.0,55365.54
USGOW,U.S. GoldMining Inc. Warrant,1.3,13,7,11,10,4,1,4,50,0.0,55.0,Moderate,🔥 COILED: Enter w/ caution,41,0.0,0.0,0.5,59.6,0,,Basic Materials,nan,58602.97
APHD,Verde Bio Holdings Inc,1.7,11,7,9,9,6,11,4,57,-5.0,55.0,Moderate,Enter w/ caution,42,0.0,1.2,0.8,57.0,1,,Consumer Defensive,30414866.0,518.22
RMHIX,Easterly ROCMuni High Inc Muncpl Bd I,2.2,14,9,11,8,6,7,5,60,-10.0,55.0,Moderate,🔥 COILED: Enter w/ caution,40,0.5,0.5,0.5,96.0,0,,nan,nan,0.0
BNSOF,Bonso Electronics International Inc.,2.4,12,4,10,14,6,2,4,52,-5.0,55.0,Moderate,🔥 COILED: Enter w/ caution,60,0.0,-1.2,0.2,53.2,1,,Technology,11317245.0,735.18
LAUVX,LORD ABBETT INCOME FUND CLASS R6,2.43,12,12,8,8,4,2,4,50,0.0,55.0,Moderate,🔥 COILED: Enter w/ caution,44,0.0,0.8,0.3,55.3,0,,nan,0.0,0.0
ADTGAX,ADTGAX,2.646,12,12,6,8,4,2,4,48,2.0,55.0,Moderate,🔥 COILED: Enter w/ caution,41,0.0,0.4,0.2,56.5,0,,nan,nan,0.0
GDNGY,PT Gudang Garam Tbk,3.81,18,5,3,9,6,7,5,53,2.0,55.0,Moderate,Enter w/ caution,43,15.5,0.8,6.6,58.4,1,,Consumer Defensive,1895843968.0,2553.79
ABUS,Arbutus Biopharma Corp,4.46,15,10,6,8,5,3,3,50,0.0,55.0,Moderate,🔥 COILED: Enter w/ caution,52,1.6,4.9,1.6,54.2,0,,Healthcare,839535296.0,1630167.49
TRVG,Trivago NV,5.14,19,9,4,15,6,10,5,68,-13.0,55.0,Moderate,Enter w/ caution,66,16.3,10.8,19.6,73.4,2,,Communication Services,303307584.0,51995.12
CPCRX,COMSTOCK CAPITAL VALUE FUND RETAIL CLASS I,4.74,13,8,8,9,6,2,4,50,2.0,55.0,Moderate,Enter w/ caution,55,0.0,0.2,0.2,56.2,0,,nan,0.0,0.0
DRIP,Direxion Daily S&P Oil & Gas Exp. & Prod. Bear 2X Shares,5.42,14,10,7,14,6,4,5,60,-5.0,55.0,Moderate,Enter w/ caution,38,3.8,12.2,8.6,62.2,2,,nan,nan,16090041.59
ALBKY,Alpha Bank SA,1.15,15,6,6,13,7,2,5,54,0.0,54.0,Weak,Watchlist only,57,0.0,9.5,2.7,59.6,1,,Financial Services,9973065728.0,80871.0
AFLYY,Air France KLM SA,1.5,16,11,7,15,6,6,5,66,-10.0,54.0,Weak,Watchlist only,61,5.0,19.0,13.0,66.0,2,,Industrials,3291897088.0,156149.14
BRCNF,Burcon NutraScience Corp,1.62,17,12,5,10,6,8,5,63,-5.0,54.0,Weak,Watchlist only,66,3.1,9.5,6.9,61.5,2,,Consumer Defensive,16753805.0,2143.12
BYSI,BeyondSpring Inc,1.645,9,12,9,9,4,4,5,52,-3.0,54.0,Weak,🔥 COILED: Watchlist only,46,2.8,-4.4,1.4,52.7,1,,Healthcare,70314896.0,99011.27
PRPS,Propellus Inc,2.1,18,4,6,14,6,6,5,59,-5.0,54.0,Weak,Watchlist only,54,0.0,7.3,4.2,73.8,1,,Financial Services,17542234.0,761.0
LAUYX,LORD ABBETT INCOME FUND CLASS I,2.43,12,12,4,8,4,2,4,46,0.0,54.0,Weak,🔥 COILED: Watchlist only,44,0.0,0.8,0.3,53.9,0,,nan,0.0,0.0
GDRX,Goodrx Holdings Inc,2.76,13,14,4,8,6,2,4,51,2.0,54.0,Weak,Watchlist only,51,1.1,4.2,3.0,54.7,0,,Healthcare,965224768.0,2873906.5
ADTGSX,ADTGSX,2.725,9,12,6,8,4,0,5,44,2.0,54.0,Weak,🔥 COILED: Watchlist only,36,-0.1,0.6,0.3,54.9,0,,nan,nan,0.0
PBRCX,FEDERATED PRUDENT BEAR FUND CLASS C SHARES,2.88,14,10,4,9,3,4,5,49,2.0,54.0,Weak,Watchlist only,29,2.5,0.7,1.4,55.2,0,,nan,0.0,0.0
RKIGF,Reko International Group Inc,3.0,13,6,11,7,6,2,4,49,0.0,54.0,Weak,🔥 COILED: Watchlist only,49,0.0,0.0,0.6,50.0,0,,Industrials,16452939.0,12.5
AFMMX,API SHORT TERM BOND FUND CLASS L SHARES,3.49,14,12,5,8,4,0,4,47,2.0,54.0,Weak,🔥 COILED: Watchlist only,42,0.0,0.6,0.3,57.5,0,,nan,0.0,0.0
ACCO,Acco Brands Corporation,3.98,12,14,8,7,6,3,4,54,-1.0,54.0,Weak,Watchlist only,58,0.5,0.0,2.0,55.9,0,,Industrials,365340864.0,825834.7
APIMX,API SHORT TERM BOND FUND CLASS A SHARES,3.9,10,12,7,8,4,2,4,47,2.0,54.0,Weak,🔥 COILED: Watchlist only,35,0.0,0.3,0.1,53.5,0,,nan,0.0,0.0
AGXKF,Anglo Asian Mining PLC,5.0,20,4,4,14,5,4,5,56,-2.0,54.0,Weak,Watchlist only,73,16.6,5.9,10.0,66.3,0,,Basic Materials,537407488.0,1502.5
DRCVX,COMSTOCK CAPITAL VALUE FUND RETAIL CLASS A,4.56,15,7,8,7,6,2,4,49,2.0,54.0,Weak,Watchlist only,54,0.0,0.2,0.1,56.2,0,,nan,0.0,0.0
HOIBX,Homestead Intermediate Bond Fund,4.6,12,12,5,8,4,2,4,47,2.0,54.0,Weak,🔥 COILED: Watchlist only,44,0.2,0.9,0.5,58.8,0,,nan,nan,0.0
SONM,Sonim Technologies Inc,4.88,11,13,9,9,6,5,5,58,-5.0,54.0,Weak,Watchlist only,48,3.0,1.7,2.5,53.2,1,,Technology,6683207.0,51088.73
SDSAX,WESTERN ASSET GLOBAL STRATEGIC INCOME FUND CLASS A,4.98,8,14,5,8,6,2,4,47,2.0,54.0,Weak,🔥 COILED: Watchlist only,35,-0.2,0.4,0.1,51.5,0,,nan,0.0,0.0
JDYRX,PRUDENTIAL HIGH YIELD FUND CLASS R,4.79,9,14,4,8,6,2,4,47,2.0,54.0,Weak,🔥 COILED: Watchlist only,36,-0.2,0.2,0.0,50.2,0,,nan,0.0,0.0
CTHCF,Cathay Real Estate Development Co Ltd,1.05,6,16,9,12,8,4,3,58,2.0,53,Weak,Watchlist only,33,6.0,9.4,2.1,51.7,1,,Other,118571648.0,16536.78
BKEAY,Bank of East Asia Limited,1.74,3,8,8,10,8,7,2,46,4.0,53.0,Weak,Watchlist only,48,-1.1,1.2,-0.8,46.1,1,,Financial Services,4547377152.0,0.0
TRKNY,Turk Telekomunikasyon AS ADR,4.0,17,4,6,12,6,3,5,53,0.0,53.0,Weak,Watchlist only,50,0.0,50.9,13.6,73.3,2,,Communication Services,4637500416.0,210.02
HKTVY,Hong Kong Television Network Ltd,2.86,16,8,10,10,3,6,4,57,-7.0,53.0,Weak,Watchlist only,29,7.9,7.9,4.2,67.4,1,,Consumer Cyclical,104870280.0,208.0
LTBYX,Opnhmr Rchstr Ltd Tm Nw Yk Mncpl Fd Y,2.81,15,12,7,6,6,7,5,58,-10.0,53.0,Weak,🔥 COILED: Watchlist only,50,0.4,0.4,0.2,59.0,0,,nan,0.0,0.0
ORMP,Oramed Pharmaceuticals Inc,4.3,15,12,7,9,8,2,5,58,-5.0,53.0,Weak,Watchlist only,61,14.1,17.8,9.1,64.1,2,,Healthcare,151835760.0,174728.4
DFITX,DFA International Real Estate Sec I,3.75,8,14,4,9,8,1,4,48,2.0,53.0,Weak,Watchlist only,35,-1.3,1.4,0.1,50.2,0,,nan,0.0,0.0
KGFHF,Kingfisher plc,3.95,6,13,10,9,3,2,5,48,4.0,53,Weak,Watchlist only,35,5.3,-3.2,1.7,50.7,1,,Consumer Cyclical,6457529856.0,0.0
WAINX,WASATCH EMERGING INDIA FUND INVESTOR CLASS SHARES,4.12,16,9,7,9,6,9,5,61,-8.0,53.0,Weak,Watchlist only,47,4.3,9.0,5.5,75.4,1,,nan,0.0,0.0
SKYC,Qualis Innovations Inc,4.97,14,6,9,15,4,4,5,57,-7.0,53.0,Weak,Watchlist only,28,0.0,0.0,8.2,68.6,1,,Financial Services,535975968.0,235.38
OMCC,Old Market Capital Corporation,4.35,14,5,11,10,4,4,5,53,-3.0,53.0,Weak,Watchlist only,49,3.6,1.2,1.8,57.5,1,,Communication Services,29315410.0,9048.44
COPR,Idaho Copper Corporation,6.69,14,5,10,16,2,2,4,53,-3.0,53.0,Weak,Watchlist only,49,2.9,2.9,7.1,54.3,1,,nan,1439870080.0,182.09
SDSIX,WESTERN ASSET GLOBAL STRATEGIC INCOME FUND CLASS C1,4.99,8,14,4,8,6,2,4,46,2.0,53.0,Weak,🔥 COILED: Watchlist only,33,-0.2,0.4,0.1,51.3,0,,nan,0.0,0.0
SDSYX,WESTERN ASSET GLOBAL STRATEGIC INCOME FUND CLASS I,5.0,8,14,4,8,6,2,4,46,2.0,53.0,Weak,🔥 COILED: Watchlist only,35,-0.2,0.4,0.1,51.5,0,,nan,0.0,0.0
ESFAX,ASHMORE EMERGING MARKETS SHORT DURATION FUND CLASS A,4.82,12,7,6,8,6,2,5,46,2.0,53.0,Weak,🔥 COILED: Watchlist only,41,0.0,0.0,0.1,56.2,0,,nan,0.0,0.0
PRKIX,U.S. TREASURY INTERMEDIATE FUND U.S. TREASURY INTERMEDIATE FUND- I CLASS,5.03,8,12,8,8,4,2,4,46,2.0,53.0,Weak,🔥 COILED: Watchlist only,33,0.0,0.4,0.2,52.6,0,,nan,0.0,0.0
WAGIX,WESTERN ASSET GLOBAL STRATEGIC INCOME FUND CLASS IS,5.0,8,14,4,8,6,2,4,46,2.0,53.0,Weak,🔥 COILED: Watchlist only,33,-0.2,0.2,0.0,50.2,0,,nan,0.0,0.0
TRZTX,T. Rowe Price U.S. Treasury Intermediate Index Fund,5.04,8,12,8,8,4,2,4,46,2.0,53.0,Weak,🔥 COILED: Watchlist only,34,0.0,0.6,0.3,54.4,0,,nan,nan,0.0
GROV,"Grove Collaborative Holdings, Inc.",1.23,11,14,10,9,5,2,5,56,-7.0,52.0,Weak,🔥 COILED: Watchlist only,34,-0.8,0.0,1.5,52.4,1,,Consumer Defensive,51484396.0,66449.71
RFLFY,Raffles Education Corporation Ltd ADR,1.33,12,7,11,8,3,2,4,47,0.0,52.0,Weak,🔥 COILED: Watchlist only,55,0.0,0.0,0.0,50.0,0,,Consumer Defensive,120860096.0,9.0
ADTGKX,ADTGKX,1.438,5,14,8,8,4,2,4,45,2.0,52.0,Weak,🔥 COILED: Watchlist only,36,-0.1,-0.0,0.1,51.0,0,,nan,nan,0.0
ZIZTF,Zip Co Limited,2.18,16,4,8,14,6,2,5,55,-3.0,52.0,Weak,Watchlist only,59,0.0,21.1,12.9,75.1,2,,Financial Services,2164897024.0,2003.38
TRSG,Tungray Technologies Inc Class A Ordinary Shares,1.64,13,9,4,14,6,0,5,51,1.0,52.0,Weak,Watchlist only,64,4.4,3.1,7.1,65.2,0,,Industrials,26329112.0,26239.51
IMSIX,IMS STRATEGIC INCOME FUND INSTITUTIONAL CLASS SHARES,1.97,13,6,9,6,6,7,5,52,-8.0,52.0,Weak,🔥 COILED: Watchlist only,33,0.0,0.5,0.2,54.3,0,,nan,0.0,0.0
MMTHF,Momentum Group Limited,2.15,17,5,5,9,6,2,5,49,0.0,52.0,Weak,Watchlist only,59,0.0,0.0,19.9,50.0,0,,Financial Services,901726208.0,52.36
BOREF,Borealis Exploration Ltd,2.0,13,7,11,8,6,3,4,52,-5.0,52.0,Weak,🔥 COILED: Watchlist only,36,0.0,0.0,0.6,52.4,1,,Financial Services,10897809.0,940.43
CINSF,China Taiping Insurance Holdings Company Limited,2.81,12,6,10,7,6,2,4,47,0.0,52.0,Weak,🔥 COILED: Watchlist only,54,0.0,0.0,0.2,50.0,0,,Financial Services,10099191808.0,47.5
TNGCF,Tongcheng Travel Holdings Limited,2.8,12,7,11,8,3,2,4,47,0.0,52.0,Weak,🔥 COILED: Watchlist only,52,0.0,0.0,0.0,50.0,0,,Consumer Cyclical,6591793664.0,137.29
HTT,High Templar Tech Limited Sponsored ADR Class A,3.14,14,9,13,14,6,4,5,65,-13.0,52.0,Weak,Watchlist only,55,3.3,7.5,6.4,76.6,0,,Financial Services,462744832.0,261939.97
PRKWF,Parkway Life Real Estate Investment Trust,3.2,14,7,11,8,3,2,4,49,-2.0,52.0,Weak,🔥 COILED: Watchlist only,50,0.0,0.0,0.0,61.0,0,,Real Estate,2088489984.0,0.0
TKFHY,Tekfen Holding AS ADR,3.22,12,7,11,8,3,2,4,47,0.0,52.0,Weak,🔥 COILED: Watchlist only,54,0.0,0.0,0.0,50.0,1,,Basic Materials,574077696.0,4.5
AHT,Ashford Hospitality Trust Inc,3.22,14,6,10,16,5,4,5,60,-6.0,52.0,Weak,Watchlist only,47,8.4,4.2,4.6,61.9,1,,Real Estate,20374758.0,82655.6
TNABF,Tenaga Nasional Berhad,3.56,8,16,3,11,4,2,3,47,4.0,52.0,Weak,Watchlist only,47,2.6,0.1,1.9,51.7,1,,Utilities,21235128320.0,8757.82
ASRV,AmeriServ Financial Inc,3.78,9,6,8,13,5,6,4,51,0.0,52.0,Weak,Watchlist only,49,0.8,0.5,-0.4,48.9,0,,Financial Services,64124932.0,17162.33
XFOR,X4 Pharmaceuticals Inc,4.09,13,16,8,8,5,5,5,60,-8.0,52.0,Weak,Watchlist only,51,1.2,6.2,1.6,52.2,1,,Healthcare,378222016.0,675697.18
KRMD,Repro Med Systems Inc,4.19,12,14,8,7,5,2,4,52,-3.0,52.0,Weak,Watchlist only,40,6.3,4.8,4.5,57.5,2,,Healthcare,190162608.0,147690.56
WIINX,WASATCH EMERGING INDIA FUND INSTITUTIONAL CLASS SHARES,4.23,16,9,6,9,6,9,5,60,-8.0,52.0,Weak,Watchlist only,45,4.4,9.0,5.5,75.7,1,,nan,0.0,0.0
ADTGPX,ADTGPX,3.819,9,12,7,8,4,0,5,45,2.0,52.0,Weak,🔥 COILED: Watchlist only,40,-0.1,0.5,0.3,55.1,0,,nan,nan,0.0
CRCT,Cricut Inc,4.42,13,16,4,9,7,3,5,57,-3.0,52.0,Weak,Watchlist only,35,-2.0,0.5,1.9,56.0,0,,Technology,866881408.0,582560.28
EVH,Evolent Health Inc,5.03,17,13,7,14,6,6,5,68,-14.0,52.0,Weak,Watchlist only,59,7.0,6.6,12.7,66.5,1,,Healthcare,474670080.0,3213340.02
OCINF,OCI N.V,4.45,15,6,12,9,6,2,5,55,-8.0,52.0,Weak,🔥 COILED: Watchlist only,54,0.0,0.0,0.5,72.7,1,,Basic Materials,938814464.0,2037.0
BSAI,BSAI,4.6,11,10,10,7,9,0,5,52,-3.0,52.0,Weak,Watchlist only,56,2.2,-1.1,3.3,53.0,1,,Basic Materials,121213648.0,1123.23
LINJX,LORD ABBETT NEW JERSEY TAX-FREE INCOME FUND CLASS I,4.76,17,12,9,6,6,4,5,59,-12.0,52.0,Weak,🔥 COILED: Watchlist only,54,0.2,0.2,0.3,63.0,0,,nan,0.0,0.0
PRTIX,U.S. TREASURY INTERMEDIATE FUND U.S. TREASURY INTERMEDIATE FUND,5.03,8,14,5,8,4,2,4,45,2.0,52.0,Weak,🔥 COILED: Watchlist only,33,-0.2,0.4,0.2,51.7,0,,nan,0.0,0.0
GABUX,THE GABELLI UTILITIES FUND CLASS AAA,4.92,8,10,9,9,3,7,4,50,-3.0,52.0,Weak,🔥 COILED: Watchlist only,28,0.6,1.9,0.7,52.3,0,,nan,0.0,0.0
LONJX,Lord Abbett New Jersey Tax Free Cl F3,4.76,17,12,9,6,6,4,5,59,-12.0,52.0,Weak,🔥 COILED: Watchlist only,53,0.2,0.2,0.3,63.8,0,,nan,0.0,0.0
VNCE,Vince Holding Corp. Common Stock,7.44,18,8,5,15,6,7,5,64,-10.5,51.5,Weak,Watchlist only,62,7.1,67.6,31.5,78.6,2,,Consumer Cyclical,57684348.0,703016.92
MTPOF,Metropolitan Bank & Trust Company,1.15,9,12,6,10,7,0,4,48,0.0,51.0,Weak,🔥 COILED: Watchlist only,33,-3.4,4.5,1.3,51.1,0,,Financial Services,5127053824.0,4930.97
SUPIF,Supermarket Income REIT plc,1.1,14,6,11,8,4,2,4,49,-3.0,51.0,Weak,🔥 COILED: Watchlist only,50,0.0,0.0,0.0,79.6,0,,Industrials,nan,0.0
DHY,Credit Suisse High Yield Bond Fund,1.74,9,12,5,12,3,3,4,48,2.0,51.0,Weak,Watchlist only,20,0.6,0.0,-0.4,43.7,1,,Financial Services,217378800.0,640456.26
MALG,Microalliance Group Inc.,1.76,12,8,11,7,6,2,4,50,-2.0,51.0,Weak,Watchlist only,58,0.0,0.0,0.1,67.0,0,,Consumer Defensive,1072396352.0,23.48
AIRRF,Aurion Resources Ltd,1.855,13,12,7,8,6,6,4,56,-5.0,51.0,Weak,Watchlist only,61,-0.4,-1.1,-0.0,57.4,1,,Basic Materials,314679264.0,58206.92
STKAF,Stockland,3.0,17,7,4,9,4,1,5,47,1.0,51.0,Weak,Watchlist only,27,0.0,22.0,4.7,61.0,2,,Real Estate,8583704064.0,0.0
BORAY,"Bora Pharmaceuticals Co., Ltd.",2.59,11,14,7,8,3,2,5,50,1.0,51.0,Weak,Watchlist only,0,15.1,17.2,8.9,63.5,2,,nan,nan,0.0
TMOAY,TomTom NV ADR,2.7,7,7,11,7,3,4,4,43,0.0,51.0,Weak,🔥 COILED: Watchlist only,34,0.0,0.0,0.0,51.1,0,,Technology,683969472.0,1701.75
ADTGBX,ADTGBX,2.71,9,12,6,8,4,0,5,44,2.0,51.0,Weak,🔥 COILED: Watchlist only,42,-0.1,0.5,0.3,54.7,0,,nan,nan,0.0
XMGFX,MFS Government Markets Income Trust,3.06,7,14,5,8,4,2,4,44,2.0,51.0,Weak,🔥 COILED: Watchlist only,31,0.3,0.3,0.2,51.5,0,,Other,0.0,0.0
TQPYX,Touchstone Strategic Income Opportunities Fund,3.28,14,12,9,8,4,2,4,53,-2.0,51.0,Weak,Watchlist only,50,0.3,0.9,0.5,62.6,0,,nan,nan,0.0
DIDIY,DiDi Global Inc.,3.58,6,16,9,11,4,4,5,55,-1.0,51,Weak,Watchlist only,34,2.6,2.0,0.0,49.3,0,,Technology,16317208576.0,9612470.07
SMHB,ETRACS 2xMonthly Pay Leveraged US Small Cap High Dividend ETN,3.87,6,12,7,7,8,2,4,46,2.0,51.0,Weak,Watchlist only,43,-0.5,-1.7,0.3,50.6,0,,nan,nan,24173.0
SKK,SKK Holdings Limited,4.88,14,16,3,13,5,7,5,63,-13.0,51.0,Weak,Watchlist only,48,9.2,-7.2,9.3,57.8,1,,Industrials,9770229.0,265186.94
APIBX,API SHORT TERM BOND FUND INSTITUTIONAL CLASS,4.21,12,12,5,8,4,7,4,52,-1.0,51.0,Weak,Watchlist only,41,0.2,0.5,0.3,58.5,0,,nan,0.0,0.0
SITIF,SITC International Holdings Company Limited,4.4,12,5,5,12,6,4,4,48,0.0,51.0,Weak,Watchlist only,52,0.0,1.7,0.2,52.8,0,,Industrials,11636963328.0,6273.59
COMVX,COMSTOCK CAPITAL VALUE FUND CLASS AAA,4.58,17,8,12,9,6,7,4,63,-12.0,51.0,Weak,Watchlist only,57,0.2,0.4,0.3,67.1,0,,nan,0.0,0.0
WTID,UBS ETRACS - ProShares Daily 3x Inverse Crude ETN,5.282,7,16,7,15,6,0,5,56,-3.0,51,Weak,Watchlist only,28,0.0,13.1,6.9,53.7,2,,nan,nan,840608.01
ATIIW,Archimedes Tech SPAC Partners II Co. Warrant,2.19,15,14,4,11,6,4,2,56,-3.5,50.5,Weak,Watchlist only,56,3.3,6.8,20.0,55.9,0,,nan,nan,65860.77
ABLV,Able View Global Inc. Class B Ordinary Shares,1.1,13,7,8,11,7,4,5,55,-5.0,50.0,Weak,Watchlist only,52,-0.9,0.0,2.6,59.0,1,,Consumer Cyclical,54822812.0,248317.12
AMJT,AMJ Global Technology,1.32,9,7,10,7,4,6,4,47,0.0,50.0,Weak,Watchlist only,48,0.0,0.0,0.0,58.3,0,,Healthcare,147738176.0,53.13
GREE,Greenidge Generation Holdings Inc,1.63,17,13,5,11,9,2,5,62,-10.0,50.0,Weak,Watchlist only,65,4.5,12.4,7.9,58.7,2,,Financial Services,25117708.0,480507.66
SDPNF,Sime Darby Plantation Berhad,1.489,9,6,10,10,4,2,4,45,0.0,50.0,Weak,🔥 COILED: Watchlist only,48,0.0,0.0,0.0,50.0,0,,Consumer Defensive,11204374528.0,20.49
NWARF,Norwegian Air Shuttle ASA,1.685,12,8,4,10,6,3,5,48,2.0,50.0,Weak,Watchlist only,63,3.8,-0.3,3.5,55.6,0,,Industrials,1777387136.0,5168.68
FFXXF,Helios Fairfax Partners Corporation,1.752,7,11,12,11,3,3,5,52,2.0,50,Weak,Watchlist only,34,2.5,2.8,1.4,52.9,0,,Financial Services,184906432.0,4121.5
CNRAF,Vicinity Centres,1.805,7,4,8,11,6,5,4,45,2.0,50.0,Weak,Watchlist only,0,0.0,0.3,-0.2,57.2,0,,Real Estate,5846823936.0,0.0
DSITF,Dixons Carphone plc,2.0,14,3,8,10,6,4,5,50,-3.0,50.0,Weak,Watchlist only,59,0.0,1.5,1.6,71.9,0,,Consumer Cyclical,2045115136.0,0.0
MHGU,Meritage Hospitality Group Inc,2.95,16,10,6,18,6,12,5,73,-28,50,Weak,Watchlist only,45,39.8,32.9,32.0,71.9,3,,Consumer Cyclical,14015943.0,7841.49
BBCQW,Bleichroeder Acquisition Corp. II Warrants,2.23,13,5,3,12,5,4,5,47,0.0,50.0,Weak,Watchlist only,0,-0.9,-2.2,1.1,54.4,0,,nan,nan,0.0
GROW,US Global Investors Inc,3.18,18,8,5,11,7,1,5,55,-3.0,50.0,Weak,Watchlist only,63,9.3,14.4,9.4,71.1,2,,Financial Services,33615372.0,43273.67
ADTGFX,ADTGFX,3.173,5,14,8,8,4,0,4,43,2.0,50.0,Weak,🔥 COILED: Watchlist only,35,-0.1,0.1,0.1,52.7,0,,nan,nan,0.0
EWIIF,EWIIF,3.63,14,6,6,9,3,5,4,47,0.0,50.0,Weak,Watchlist only,52,-2.7,-2.7,-0.8,51.2,0,,nan,nan,525.1
HAYPY,Hays PLC ADR,4.5,15,5,6,12,3,4,5,50,0.0,50.0,Weak,Watchlist only,15,0.0,0.0,2.5,58.9,1,,Industrials,622016704.0,0.0
AAFRF,Airtel Africa Plc,5.15,14,4,6,14,4,3,5,50,0.0,50.0,Weak,Watchlist only,58,5.1,13.2,5.3,59.4,2,,Communication Services,16599324672.0,11691.03
VMSSX,VIRTUS MULTI-SECTOR SHORT TERM BOND FUND CLASS R6,4.58,8,14,1,8,6,2,4,43,2.0,50.0,Weak,🔥 COILED: Watchlist only,35,-0.2,0.2,0.1,51.6,0,,nan,0.0,0.0
MTHRY,M3 Inc,5.17,16,7,6,8,5,2,5,49,1.0,50.0,Weak,Watchlist only,40,5.7,3.2,5.3,67.2,0,,Healthcare,6393971712.0,435528.98
SGDH,Sgd Holdings Ltd,1.0,13,4,8,14,4,2,4,49,-3.0,49.0,Weak,Watchlist only,62,0.0,0.0,0.0,52.9,1,,Industrials,5000248320.0,112.46
AMLTF,AMP Ltd,1.05,15,6,12,10,6,4,4,57,-13.0,49.0,Weak,🔥 COILED: Watchlist only,0,0.0,0.0,0.2,88.0,0,,Financial Services,2225560576.0,0.0
BYSD,Bayside Corp,1.05,15,6,9,10,4,2,5,51,-5.0,49.0,Weak,Watchlist only,42,0.0,0.0,1.0,55.9,1,,Technology,17124206.0,352.0
MXCT,MaxCyte Inc,1.19,12,13,7,10,7,4,5,58,-9.0,49.0,Weak,Watchlist only,55,4.4,0.0,4.4,58.6,1,,Healthcare,131759656.0,980682.87
PTGCF,PTT Global Chemical Public Company Limited,1.21,17,3,6,9,6,2,4,47,2.0,49.0,Weak,Watchlist only,54,0.0,0.0,0.8,58.3,1,,Basic Materials,5733335552.0,31.9
TRUBF,TRUBF,1.34,9,7,11,8,3,2,4,44,0.0,49.0,Weak,🔥 COILED: Watchlist only,38,0.0,0.0,0.0,42.0,0,,nan,438952224.0,81.47
JMHSF,James Halstead plc,1.684,14,4,6,12,6,5,5,52,-3.0,49.0,Weak,Watchlist only,21,7.9,7.9,5.5,77.6,0,,Industrials,649601792.0,954.82
INM,InMed Pharmaceuticals Inc,1.55,14,11,9,8,8,0,2,52,-4.0,49.0,Weak,Watchlist only,59,4.7,1.3,5.7,63.7,2,,Healthcare,5169938.0,669290.61
EJH,E-Home Household Service Holdings Ltd,1.7,13,10,4,7,6,3,5,48,0.0,49.0,Weak,Watchlist only,48,1.8,-17.1,1.9,52.6,1,,Consumer Cyclical,4800231.0,586233.55
JDLGF,JD Logistics Inc,1.8,14,3,4,7,8,5,3,44,2.0,49.0,Weak,Watchlist only,70,0.0,0.0,0.9,55.2,0,,Industrials,11075524608.0,299.91
HTLM,HomesToLife Ltd,1.98,11,11,7,11,4,0,5,49,2.0,49.0,Weak,Watchlist only,36,2.1,5.3,4.0,54.3,0,,Consumer Cyclical,172648448.0,133777.91
ZHYBF,Zhong Yuan Bio-Technology Holdings Limited,2.02,10,6,11,8,3,2,4,44,0.0,49.0,Weak,🔥 COILED: Watchlist only,44,0.0,0.0,0.0,50.0,0,,Consumer Defensive,35753228.0,3.9
ADTGDX,ADTGDX,2.219,5,14,5,8,4,2,4,42,2.0,49.0,Weak,🔥 COILED: Watchlist only,33,-0.1,-0.0,0.1,52.4,0,,nan,nan,0.0
ADTGEX,ADTGEX,2.209,5,14,5,8,4,2,4,42,2.0,49.0,Weak,🔥 COILED: Watchlist only,36,-0.1,-0.0,0.1,52.4,0,,nan,nan,0.0
ACJJF,Acom Co. Ltd,2.44,10,6,11,8,3,2,4,44,0.0,49.0,Weak,🔥 COILED: Watchlist only,53,0.0,0.0,0.0,50.0,0,,Financial Services,3822537984.0,5.16
IWGFF,IWG PLC,2.472,8,15,6,10,8,1,4,52,-1.0,49.0,Weak,Watchlist only,29,-2.7,3.0,-0.2,48.6,0,,Real Estate,2325319936.0,40534.73
SIHBY,Shenzhen Investment Bay Area Co Ltd,2.4,10,6,11,9,3,6,4,49,-3.0,49.0,Weak,Watchlist only,51,0.0,0.0,0.0,75.6,0,,Industrials,822269504.0,81.97
FTBAYX,FTBAYX,2.346,9,12,3,8,4,2,4,42,2.0,49.0,Weak,🔥 COILED: Watchlist only,32,-0.0,0.8,0.3,53.1,0,,nan,nan,0.0
LKFLF,Luk Fook Holdings (International) Limited,2.95,17,6,7,9,1,7,4,51,-2.0,49.0,Weak,Watchlist only,25,10.3,10.3,4.3,67.8,2,,Consumer Cyclical,1570513408.0,521.06
COTGF,COTGF,3.47,17,4,5,9,6,2,5,48,1.0,49.0,Weak,Watchlist only,52,0.0,26.2,14.7,65.8,2,,Technology,249815760.0,4545.42
SMNOF,SMN Corporation,2.97,9,6,10,9,4,2,4,44,0.0,49.0,Weak,🔥 COILED: Watchlist only,51,0.0,0.0,0.0,50.0,0,,Communication Services,43442288.0,42.0
JSHNX,JANUS SHORT-TERM BOND FUND CLASS N,2.86,9,8,8,8,3,4,4,44,2.0,49.0,Weak,Watchlist only,27,0.0,0.0,0.0,49.8,0,,nan,0.0,0.0
RADLY,Raia Drogasil SA ADR,3.375,5,14,0,15,3,1,2,40,4.0,49.0,Weak,Watchlist only,22,-4.6,-4.1,-4.8,42.8,0,,Healthcare,5979994112.0,19503.0
QTRX,Quanterix Corp,3.78,11,16,7,16,6,5,5,66,-17.0,49.0,Weak,Watchlist only,36,23.5,22.3,17.5,62.3,3,,Healthcare,179002720.0,791781.67
FTEMUX,FTEMUX,3.305,7,12,9,8,8,2,4,50,-1.0,49.0,Weak,Watchlist only,26,-0.0,-0.1,-0.1,19.3,0,,nan,nan,0.0
DNUT,Krispy Kreme Inc,3.73,8,14,3,7,8,4,5,49,-3.0,49.0,Weak,Watchlist only,52,-3.1,0.0,1.8,52.7,1,,Consumer Defensive,563747968.0,4227573.93
ZIVO,Zivo Bioscience Inc,4.32,15,11,8,17,5,7,5,68,-22.0,49.0,Weak,Watchlist only,36,17.1,27.8,13.8,61.1,3,,Healthcare,15443978.0,2022.51
GPGOX,GRANDEUR PEAK GLOBAL OPPORTUNITIES FUND GRANDEUR PEAK GLOBAL OPPORTUNITIES FUND INVESTOR CLASS,3.75,12,9,4,7,6,2,4,44,0.0,49.0,Weak,🔥 COILED: Watchlist only,45,-1.8,0.5,-0.3,50.3,0,,nan,0.0,0.0
STMUX,Invesco Short Term Municipal Fund Class R6,3.72,13,7,10,6,6,7,4,53,-9.0,49.0,Weak,🔥 COILED: Watchlist only,33,0.0,0.0,0.0,60.5,0,,nan,nan,0.0
AVIR,Atea Pharmaceuticals Inc,4.48,7,14,8,8,4,4,4,49,-3.0,49.0,Weak,Watchlist only,44,5.2,2.8,0.7,48.4,2,,Healthcare,353719776.0,415587.13
AHT-PF,Ashford Hospitality Trust Inc,6.56,17,9,6,18,5,2,5,62,-18,49,Weak,Watchlist only,47,51.5,55.1,33.3,71.8,3,10,Real Estate,102808168.0,5966.87
CNROX,City National Rochdale Strategic Credit Fund,4.67,9,4,8,7,6,2,5,41,0.0,49.0,Weak,🔥 COILED: Watchlist only,32,0.0,-0.4,-0.0,52.8,0,,nan,nan,0.0
AGNT,"eXp World Holdings, Inc.",5.22,9,14,8,9,3,2,5,50,-1.0,49.0,Weak,Watchlist only,22,6.1,7.9,7.2,56.2,2,,Real Estate,773965696.0,1163516.81
RDI,Reading International Inc,1.335,17,8,6,15,7,11,5,69,-19.0,48.0,Weak,Watchlist only,60,6.8,14.1,8.8,69.3,3,,Communication Services,40920488.0,79205.41
AIRJW,AirJoule Technologies Corporation,1.17,16,3,3,13,5,5,5,50,0.0,48.0,Weak,Watchlist only,59,1.7,10.4,6.0,55.9,2,,nan,nan,39080.29
CPHGF,CPHGF,1.65,9,6,11,7,4,2,4,43,0.0,48.0,Weak,🔥 COILED: Watchlist only,53,0.0,0.0,0.0,50.0,0,,Healthcare,1387795328.0,205.0
DOUG,Douglas Elliman Inc,1.78,7,16,9,5,8,3,3,51,-6.0,48.0,Weak,Watchlist only,32,4.1,3.5,1.8,51.8,1,,Real Estate,160449232.0,541452.64
ASTO,Astro Communications Inc,1.75,13,7,5,9,6,2,4,46,-3.0,48.0,Weak,🔥 COILED: Watchlist only,36,0.0,0.0,0.0,71.5,0,,Industrials,1733532.0,47.65
FCHIX,FRANKLIN HIGH INCOME FUND CLASS C,1.8,15,12,5,6,6,2,4,50,-10.0,48.0,Weak,🔥 COILED: Watchlist only,39,0.0,0.6,0.2,54.2,0,,nan,0.0,0.0
TRKYY,Türkiye Sinai Kalkinma Bankasi A.S,1.8,7,7,11,9,3,2,4,43,0.0,48.0,Weak,🔥 COILED: Watchlist only,48,0.0,0.0,0.0,51.9,0,,Financial Services,338800000.0,30.0
IVCHF,Invicta Holdings Ltd,1.98,15,6,11,6,6,2,4,50,-10.0,48.0,Weak,🔥 COILED: Watchlist only,47,0.0,0.0,0.2,50.0,0,,Industrials,171523488.0,45.5
TELDF,Telefónica Deutschland Holding AG,2.263,10,8,3,8,3,8,5,45,0.0,48.0,Weak,Watchlist only,38,0.0,2.9,0.6,54.8,0,,Communication Services,6687346688.0,124.0
OZFRY,OFX Group Ltd ADR,2.2,12,5,10,10,6,5,5,53,-8.0,48.0,Weak,Watchlist only,58,0.0,0.0,0.6,77.1,1,,Financial Services,101967656.0,441.81
WSSTF,Western Bulk Chartering AS,2.2,15,6,11,9,6,5,4,56,-13.0,48.0,Weak,🔥 COILED: Watchlist only,53,0.0,0.0,1.0,100.0,0,,Industrials,76312600.0,115.26
SWAG,Software Acquisition Group III Inc,2.22,15,5,4,8,5,4,5,46,2.0,48.0,Weak,Watchlist only,57,0.0,9.4,4.7,59.3,1,,Communication Services,39041924.0,146958.55
GZPHF,Guangzhou Baiyunshan Pharmaceutical Holdings Company Limited,2.34,10,6,11,9,3,2,4,45,0.0,48.0,Weak,Watchlist only,45,0.0,0.0,0.0,31.1,0,,Healthcare,3479192832.0,418.8
ANVI,"Anvi Global Holdings, Inc.",2.46,7,7,11,9,3,2,4,43,0.0,48.0,Weak,🔥 COILED: Watchlist only,46,0.0,0.0,0.0,51.9,0,,Basic Materials,295076992.0,4.0
WEEEF,Western Energy Services Corp,2.299,11,6,6,11,6,5,5,50,-5.0,48.0,Weak,Watchlist only,44,0.0,-7.3,1.9,55.8,1,,Energy,83947592.0,0.0
USEA,United Maritime Corporation,2.66,15,9,9,14,7,1,5,60,-12.0,48.0,Weak,Watchlist only,58,-0.7,2.7,3.1,64.1,1,,Industrials,24322254.0,58416.78
IONZ,Defiance Daily Target 2x Short IONQ ETF,2.66,5,11,7,15,3,6,5,52,2.0,48,Weak,Watchlist only,22,6.0,3.5,-3.9,42.3,0,,nan,nan,6716893.67
ALMP,ALMP,2.75,12,6,11,7,3,2,4,45,0.0,48.0,Weak,Watchlist only,51,0.0,0.0,0.0,50.0,0,,Industrials,88000000.0,10.64
UNJCF,Unicaja Banco S.A,3.05,9,6,11,7,4,2,4,43,0.0,48.0,Weak,🔥 COILED: Watchlist only,56,0.0,0.0,0.0,50.0,0,,Financial Services,7833011200.0,2.5
CATO,Cato Corporation,3.2,10,7,8,7,7,4,5,48,-5.0,48.0,Weak,🔥 COILED: Watchlist only,49,-1.2,-0.9,0.2,52.0,1,,Consumer Cyclical,65465052.0,77986.55
PEXUF,PTT Exploration and Production Public Company Limited ,3.48,8,7,11,8,3,2,4,43,0.0,48.0,Weak,🔥 COILED: Watchlist only,50,0.0,0.0,0.0,50.0,0,,Energy,13815548928.0,0.0
MAQAF,Atlas Arteria Limited,3.575,16,9,9,11,6,4,5,60,-8.0,48.0,Weak,Watchlist only,50,-1.7,5.1,5.3,58.5,0,,Industrials,4904479232.0,0.0
ELKEF,Elkem ASA,3.4,16,4,3,9,6,4,4,46,2.0,48.0,Weak,Watchlist only,47,0.0,0.0,3.3,53.6,0,,Basic Materials,1198290688.0,74.36
BBXIB,BBX Capital Inc,4.3,16,2,6,13,8,2,5,52,-4.0,48.0,Weak,Watchlist only,51,0.0,0.0,6.8,69.2,1,,Industrials,49186460.0,15.11
BEARX,FEDERATED PRUDENT BEAR FUND CLASS A SHARES,3.56,14,8,3,9,3,4,5,46,-3.0,48.0,Weak,🔥 COILED: Watchlist only,29,2.3,0.6,1.2,54.1,0,,nan,0.0,0.0
PBRIX,FEDERATED PRUDENT BEAR FUND INSTITUTIONAL SHARES,3.71,14,8,3,9,3,4,5,46,-3.0,48.0,Weak,🔥 COILED: Watchlist only,29,2.2,0.5,1.2,54.3,0,,nan,0.0,0.0
HFUS,Hartford Great Health Corp,4.0,10,7,10,9,4,1,4,45,0.0,48.0,Weak,Watchlist only,33,0.0,0.0,-0.0,47.2,0,,Communication Services,100108016.0,155.85
AHT-P-F,Ashford Hospitality Trust Inc 7.375% Series F Cumulative Preferred Stock,6.56,17,9,6,18,5,1,5,61,-18,48,Weak,Watchlist only,47,51.5,46.4,32.3,70.6,2,10,Other,nan,6172.87
SICUF,Siam City Cement Public Company Limited,4.55,9,6,11,7,4,2,4,43,0.0,48.0,Weak,🔥 COILED: Watchlist only,51,0.0,0.0,0.0,50.0,0,,Basic Materials,1790293888.0,5.18
PIMSX,VIRTUS MULTI-SECTOR SHORT TERM BOND FUND CLASS I SHARES,4.56,5,13,3,8,6,2,4,41,2.0,48.0,Weak,🔥 COILED: Watchlist only,32,-0.2,0.2,0.0,50.4,0,,nan,0.0,0.0
PSTCX,VIRTUS MULTI-SECTOR SHORT TERM BOND FUND CLASS C,4.63,8,14,1,8,6,0,4,41,2.0,48.0,Weak,🔥 COILED: Watchlist only,36,-0.2,0.2,0.1,51.9,0,,nan,0.0,0.0
NJDCY,Nidec Corporation,4.2,10,9,3,13,5,0,3,43,2.0,48.0,Weak,🔥 COILED: Watchlist only,49,-1.5,0.5,1.3,50.7,0,,Industrials,17872109568.0,178652.69
PTAUF,Port of Tauranga Limited,4.89,9,6,11,7,4,2,4,43,0.0,48.0,Weak,🔥 COILED: Watchlist only,51,0.0,0.0,0.0,50.0,0,,Industrials,3326425344.0,34.89
CVHSY,Cablevisión Holding S.A,5.0,10,5,7,8,6,5,2,43,0.0,48.0,Weak,🔥 COILED: Watchlist only,50,0.0,0.0,0.2,55.1,0,,Communication Services,903212864.0,0.0
MXYKX,GREAT-WEST T. ROWE PRICE MID CAP GROWTH FUND INSTITUTIONAL CLASS,4.93,12,11,8,7,6,2,4,50,-10.0,48.0,Weak,🔥 COILED: Watchlist only,36,-0.6,0.2,0.3,52.0,0,,nan,0.0,0.0
WGMVX,Wasatch Micro Cap Value Fund Institutional Class Shares,4.92,16,11,5,9,6,1,5,53,-5.0,48.0,Weak,Watchlist only,53,0.6,3.8,2.6,63.1,0,,nan,nan,0.0
IMMFF,Omni Bridgeway Limited,1.165,15,6,11,7,6,6,4,55,-13.0,47.0,Weak,🔥 COILED: Watchlist only,62,0.0,0.0,0.8,99.4,0,,Financial Services,337433152.0,12.5
JDDSF,JD Sports Fashion plc,1.14,13,4,2,11,6,4,5,45,2.0,47.0,Weak,Watchlist only,63,-5.8,-5.8,0.1,52.6,0,,Consumer Cyclical,5789293056.0,276.0
HSTI,High Sierra Technologies Inc,1.4,9,7,10,9,4,4,4,47,-5.0,47.0,Weak,🔥 COILED: Watchlist only,37,0.0,0.0,0.0,51.9,1,,Healthcare,29346446.0,78.75
PTTWF,Orange Polska S.A,2.05,7,7,10,8,4,2,4,42,0.0,47.0,Weak,🔥 COILED: Watchlist only,45,0.0,0.0,0.0,51.9,0,,Communication Services,2690332928.0,11.61
MXCHY,Orbia Advance Corp,2.454,4,13,6,11,6,3,4,47,-3.0,47.0,Weak,Watchlist only,41,-1.4,-0.7,-1.6,41.9,1,,Industrials,2518820352.0,8239.6
HLICF,HLICF,2.46,15,6,10,6,6,2,4,49,-10.0,47.0,Weak,🔥 COILED: Watchlist only,52,0.0,0.0,0.6,50.0,0,,nan,299755264.0,2.5
HEPS,D-MARKET Electronic Services & Trading ADR,2.88,16,4,4,13,3,5,5,50,-3.0,47.0,Weak,Watchlist only,69,5.9,4.0,3.2,58.1,1,,Consumer Cyclical,928785536.0,282296.39
HISEF,Hisense Home Appliances Group Co. Ltd,3.15,13,4,10,13,6,6,5,57,-10.0,47.0,Weak,Watchlist only,56,0.0,0.0,2.2,80.4,0,,Consumer Cyclical,4488895488.0,140.64
CLAR,Clarus Corp,3.13,12,16,3,10,6,4,5,56,-10.0,47.0,Weak,Watchlist only,41,1.6,7.2,3.8,58.6,1,,Consumer Cyclical,110327064.0,176941.95
JNSTX,JANUS SHORT-TERM BOND FUND CLASS D,2.88,9,9,8,8,0,4,4,42,2.0,47.0,Weak,Watchlist only,24,0.0,0.0,0.0,49.8,0,,nan,0.0,0.0
IORMX,AIM TaxExempt Funds Invesco TaxExempt Funds Invesco Oppenheimer Rochester Ltd Term NY Mun Fd Cl R6,2.81,15,6,12,6,6,2,4,51,-9.0,47.0,Weak,🔥 COILED: Watchlist only,51,0.0,0.0,0.1,64.8,0,,nan,nan,0.0
REDLF,Red 5 Limited,3.16,12,10,5,8,4,4,4,47,0.0,47.0,Weak,Watchlist only,36,5.3,5.3,1.4,50.8,0,,Basic Materials,3310610944.0,5557.49
WLWHY,Woolworths Holdings Ltd PK,3.45,17,4,7,12,1,1,5,47,-3.0,47.0,Weak,Watchlist only,50,0.0,7.8,2.9,70.8,0,,Consumer Cyclical,2830666240.0,0.0
SVAUF,Storage Vault Canada Inc,3.31,12,6,5,12,4,0,5,44,0.0,47.0,Weak,Watchlist only,37,-2.9,-0.3,1.2,54.6,1,,Real Estate,1129128448.0,0.0
XGUTX,Gabelli Utility Trust,3.13,4,12,5,8,3,5,3,40,2.0,47.0,Weak,🔥 COILED: Watchlist only,36,0.6,0.6,0.1,48.5,0,,Other,0.0,0.0
HNST,Honest Company Inc,3.69,16,14,4,7,6,2,5,54,-5.0,47.0,Weak,Watchlist only,58,2.2,8.2,4.8,57.7,2,,Consumer Defensive,362158656.0,2680385.83
UPBMF,United Plantations Berhad,3.507,7,7,10,8,4,2,4,42,0.0,47.0,Weak,🔥 COILED: Watchlist only,45,0.0,0.0,0.0,51.9,0,,Consumer Defensive,2181771008.0,1.08
SNIRF,Senior plc,3.75,8,7,7,9,3,5,3,42,2.0,47.0,Weak,Watchlist only,51,0.0,0.0,0.3,50.2,0,,Industrials,1596224128.0,439.72
HCAEF,Admie Holding S.A.,3.59,15,6,10,6,6,2,4,49,-10.0,47.0,Weak,🔥 COILED: Watchlist only,54,0.0,0.0,0.1,50.0,0,,Utilities,832104512.0,15.0
LITB,LightInTheBox Holding Co Ltd ARD,3.07,9,4,4,12,9,4,5,47,2.0,47.0,Weak,Watchlist only,52,-2.7,-13.5,-3.6,47.9,0,,Consumer Cyclical,66805432.0,21895.59
MQ,Marqeta Inc,3.97,5,16,3,8,3,2,5,42,4.0,47.0,Weak,Watchlist only,34,2.1,0.0,1.5,51.4,1,,Technology,1708842240.0,3996188.14
GPGIX,GRANDEUR PEAK GLOBAL OPPORTUNITIES FUND GRANDEUR PEAK GLOBAL OPPORTUNITIES FUND INSTITUTIONAL CLASS,3.85,10,9,4,7,6,2,4,42,0.0,47.0,Weak,🔥 COILED: Watchlist only,45,-1.8,0.5,-0.2,50.4,0,,nan,0.0,0.0
WAGOX,WASATCH GLOBAL OPPORTUNITIES FUND INVESTOR CLASS SHARES,3.95,14,12,7,7,6,1,5,52,-10.0,47.0,Weak,🔥 COILED: Watchlist only,37,0.5,2.1,1.1,56.1,0,,nan,0.0,0.0
GLIRX,GOLDMAN SACHS LOCAL EMERGING MARKETS DEBT FUND INVESTOR SHARES,4.05,11,14,6,6,6,2,4,49,-10.0,47.0,Weak,🔥 COILED: Watchlist only,39,-0.2,0.2,0.1,52.7,0,,nan,0.0,0.0
XCXEX,MFS High Income Municipal Trust,4.1,11,7,9,6,4,7,5,49,-10.0,47.0,Weak,🔥 COILED: Watchlist only,47,0.0,0.0,0.1,54.5,0,,Other,0.0,0.0
NEXPF,Nexi S.p.A,4.66,10,5,11,7,6,1,4,44,-2.0,47.0,Weak,🔥 COILED: Watchlist only,45,0.0,0.0,0.1,66.0,1,,Technology,5463928832.0,509.47
MYGN,Myriad Genetics Inc,5.22,16,11,9,15,4,7,5,67,-20.0,47.0,Weak,Watchlist only,46,22.8,15.0,17.0,67.5,3,,Healthcare,436350720.0,1431509.4
KKPNY,Koninklijke KPN NV ADR,5.12,9,12,4,10,4,7,4,50,-1.0,47.0,Weak,Watchlist only,41,3.6,3.2,1.0,51.2,1,,Communication Services,18715381760.0,578395.13
DVTC,Development Technologies Corp,5.0,10,7,10,7,4,2,4,44,0.0,47.0,Weak,Watchlist only,36,0.0,0.0,0.0,51.9,0,,Financial Services,272504992.0,0.59
NWSZF,NWS Holdings Limited,1.0,8,4,10,9,4,2,4,41,0.0,46.0,Weak,🔥 COILED: Watchlist only,40,0.0,0.0,-0.0,48.2,0,,Industrials,4565157376.0,6.33
AHMA,Ambitions Enterprise Management Co. L.L.C Class A Ordinary Shares,1.94,13,12,4,7,6,4,5,51,-3.0,46.0,Weak,Watchlist only,28,-27.9,32.0,14.3,56.5,2,,Consumer Cyclical,31508498.0,0.0
NHLTY,NHLTY,1.14,11,12,3,8,3,2,5,44,2.0,46.0,Weak,Watchlist only,22,19.5,17.1,8.3,56.2,2,,nan,nan,0.0
ICMB,Investcorp Credit Management BDC Inc,1.25,9,13,5,10,3,2,2,44,2.0,46.0,Weak,Watchlist only,22,6.8,5.0,0.2,44.3,1,,Financial Services,17391130.0,45383.86
TXWHY,Texwinca Holdings Limited,1.5,7,7,10,7,4,2,4,41,0.0,46.0,Weak,🔥 COILED: Watchlist only,43,0.0,0.0,0.0,51.9,0,,Consumer Cyclical,207254432.0,8.0
ADTGMX,ADTGMX,2.17,4,13,5,8,3,2,4,39,2.0,46.0,Weak,🔥 COILED: Watchlist only,36,-0.2,0.1,0.0,50.0,0,,nan,nan,0.0
QIHCF,Haier Smart Home Co. Ltd,2.42,13,6,11,8,6,6,4,54,-13.0,46.0,Weak,🔥 COILED: Watchlist only,60,0.0,0.0,1.0,96.5,0,,Consumer Cyclical,36467290112.0,15.5
MTRBF,Metro Bank Holdings PLC,2.35,15,4,8,14,6,4,5,56,-10.0,46.0,Weak,Watchlist only,68,2.2,4.4,5.9,87.6,0,,Financial Services,1515267072.0,2055.03
SPASF,SATS Ltd,3.27,18,9,5,12,6,8,5,63,-13.0,46.0,Weak,Watchlist only,63,22.5,22.5,19.8,92.6,2,,Industrials,3943858944.0,0.0
ANGX,"Angel Studios, Inc.",3.16,14,14,8,14,7,4,5,66,-20.0,46.0,Weak,Watchlist only,46,0.0,10.9,5.6,57.4,3,,Communication Services,497721024.0,0.0
ARTW,Arts-Way Manufacturing Co Inc,2.64,8,15,8,4,9,5,4,53,-8.0,46.0,Weak,Watchlist only,49,0.0,-1.5,0.7,52.6,0,,Industrials,13575231.0,36991.42
FNCFX,FRANKLIN INCOME FUND CLASS R6,2.54,5,12,2,8,8,2,4,41,2.0,46.0,Weak,Watchlist only,47,-0.8,0.0,-0.0,49.2,0,,nan,0.0,0.0
CBOAF,CBOAF,2.88,16,4,5,8,3,6,4,46,-3.0,46.0,Weak,Watchlist only,51,0.0,0.0,0.8,72.9,0,,Consumer Defensive,1364554880.0,158.93
WNW,Meiwu Technology Co Ltd,3.76,14,13,3,5,8,5,5,53,-13.0,46.0,Weak,🔥 COILED: Watchlist only,42,7.4,5.3,8.1,54.5,1,,Consumer Cyclical,4177679.0,579495.51
JASBX,JANUS SHORT-TERM BOND FUND CLASS T,2.88,9,8,8,8,0,4,4,41,2.0,46.0,Weak,Watchlist only,23,0.0,0.0,0.0,49.5,0,,nan,0.0,0.0
LTNYX,Opnhmr Rchstr Ltd Tm Nw Yk Mncpl Fd A,2.81,14,7,7,6,6,7,4,51,-10.0,46.0,Weak,🔥 COILED: Watchlist only,49,0.0,0.0,0.2,58.5,0,,nan,0.0,0.0
MXGFF,Maxim Power Corp,3.165,12,5,4,8,1,6,5,41,0.0,46.0,Weak,🔥 COILED: Watchlist only,37,0.0,0.0,0.4,55.5,0,,Utilities,204051952.0,407.74
TZINX,TEMPLETON GLOBAL BALANCED FUND ADVISOR CLASS,3.1,10,13,7,7,6,2,4,49,-8.0,46.0,Weak,🔥 COILED: Watchlist only,46,-1.6,0.0,-0.1,50.0,0,,nan,0.0,0.0
BRBS,Blue Ridge Bankshares Inc,3.48,14,7,7,11,4,2,5,50,-4.0,46.0,Weak,Watchlist only,33,6.4,4.8,3.8,63.5,0,,Financial Services,294910400.0,314102.2
TRTPF,TRTPF,3.5,13,4,7,7,6,0,4,41,2.0,46.0,Weak,Watchlist only,58,0.0,0.0,1.2,53.0,0,,Technology,1353537152.0,5640.56
VTEXF,Venturex Resources Ltd (Australia),3.66,13,7,10,5,4,3,4,46,-8.0,46.0,Weak,🔥 COILED: Watchlist only,45,0.0,0.0,0.0,50.9,0,,Basic Materials,1207746816.0,77.81
MDXG,MiMedx Group Inc,3.83,12,12,9,10,4,7,5,59,-11.0,46.0,Weak,Watchlist only,29,3.5,3.2,4.1,59.4,0,,Healthcare,563014848.0,1055203.36
AHHYX,INVESCO HIGH YIELD FUND CLASS Y,3.54,4,12,3,8,6,2,4,39,2.0,46.0,Weak,🔥 COILED: Watchlist only,37,-0.3,0.3,0.1,51.4,0,,nan,0.0,0.0
FHYTDX,FHYTDX,3.678,7,13,3,8,3,1,4,39,2.0,46.0,Weak,🔥 COILED: Watchlist only,30,-0.2,0.5,-0.0,45.9,0,,nan,nan,0.0
GLOH,Glow Holdings Inc,3.75,10,7,10,7,4,2,4,44,-3.0,46.0,Weak,🔥 COILED: Watchlist only,49,0.0,0.0,0.0,51.9,1,,Financial Services,7964186.0,287.5
WIGOX,WASATCH GLOBAL OPPORTUNITIES FUND INSTITUTIONAL CLASS SHARES,4.02,14,10,8,7,6,1,5,51,-10.0,46.0,Weak,🔥 COILED: Watchlist only,37,0.5,2.0,1.2,56.1,0,,nan,0.0,0.0
SLMUF,SLMUF,4.17,13,6,12,10,6,2,5,54,-13.0,46.0,Weak,🔥 COILED: Watchlist only,48,0.0,0.0,0.2,99.1,0,,Financial Services,nan,36.63
OERLF,OC Oerlikon Corporation AG,4.345,5,6,10,10,3,5,4,43,0.0,46.0,Weak,Watchlist only,0,0.0,0.0,-0.3,27.5,1,,Industrials,1437811968.0,0.0
WAMVX,WASATCH MICRO CAP VALUE FUND INVESTOR CLASS SHARES,4.86,16,11,5,7,6,1,5,51,-5.0,46.0,Weak,Watchlist only,51,0.4,3.6,2.4,62.1,0,,nan,0.0,0.0
ISHBF,iShares IV Public Limited Company - iShares $ Treasury Bond 20+yr UCITS ETF,4.677,14,14,5,6,6,7,5,57,-10.0,46.0,Weak,Watchlist only,60,0.4,2.7,1.5,60.0,0,,nan,nan,155198.1
RSKD,Riskified Ltd,4.88,12,5,6,8,5,5,5,46,-5.0,46.0,Weak,🔥 COILED: Watchlist only,43,-1.8,-1.6,0.2,52.3,1,,Technology,692813376.0,682449.56
OPRT,Oportun Financial Corp,5.66,18,11,7,9,6,6,5,62,-14.0,46.0,Weak,Watchlist only,52,8.6,15.0,8.0,62.2,3,,Financial Services,220459792.0,532896.14
VRHI,VRHI,1.955,15,4,4,14,6,5,5,53,-7.5,45.5,Weak,Watchlist only,74,11.7,99.3,37.4,73.3,2,,Healthcare,20000004.0,486.34
DHSBF,Dah Sing Banking Group Ltd,1.0,7,6,10,7,4,2,4,40,0.0,45.0,Weak,🔥 COILED: Watchlist only,43,0.0,0.0,0.0,50.0,0,,Financial Services,1405752192.0,3.2
FLTTX,WisdomTree Floating Rate Trsy Dgtl N/A,1.01,16,5,9,6,6,7,5,54,-12.0,45.0,Weak,Watchlist only,47,0.5,0.6,0.4,62.3,0,,nan,nan,0.0
LGNRF,Legend Holdings Corporation,1.13,7,6,10,7,4,2,4,40,0.0,45.0,Weak,🔥 COILED: Watchlist only,43,0.0,0.0,0.0,50.0,0,,Technology,2662540800.0,1.04
HOOK,Hookipa Pharma Inc,1.15,6,4,8,11,6,7,3,45,-5.0,45.0,Weak,🔥 COILED: Watchlist only,58,0.0,0.0,-0.2,48.3,1,,Healthcare,14232977.0,19126.47
AIHS,Senmiao Technology Ltd,1.47,13,11,4,17,4,5,5,59,-17.0,45.0,Weak,Watchlist only,47,14.0,10.5,12.4,63.4,3,,Industrials,5423412.0,1291628.46
BLND,Blend Labs Inc,1.7,10,14,6,7,5,0,5,47,-3.0,45.0,Weak,Watchlist only,35,-4.0,0.6,2.6,53.4,1,,Technology,416440640.0,3669056.99
FHQRX,FRANKLIN HIGH INCOME FUND CLASS A,1.74,11,7,9,6,6,7,4,50,-10.0,45.0,Weak,🔥 COILED: Watchlist only,42,0.0,0.6,0.2,55.5,0,,nan,nan,0.0
ADTGLX,ADTGLX,1.752,4,13,4,8,3,2,4,38,2.0,45.0,Weak,🔥 COILED: Watchlist only,36,-0.2,0.1,0.0,48.6,0,,nan,nan,0.0
MCBRF,McBride plc,1.84,7,3,10,9,3,6,4,42,0.0,45.0,Weak,Watchlist only,29,0.0,0.0,-0.0,12.1,0,,Consumer Defensive,314388288.0,448.39
JSVGF,Johnson Service Group PLC,1.95,18,3,3,7,6,2,4,43,2.0,45.0,Weak,Watchlist only,56,0.0,0.0,1.8,55.3,0,,Industrials,737084800.0,724.69
FKINX,FRANKLIN INCOME FUND CLASS A,2.55,5,12,3,8,6,2,4,40,2.0,45.0,Weak,Watchlist only,44,-0.8,0.0,-0.1,48.6,0,,nan,0.0,0.0
CIG-C,Energy of Minas Gerais Co DRC,3.09,5,15,6,8,3,5,3,45,-3.0,45.0,Weak,Watchlist only,49,0.3,0.3,0.1,48.5,1,,Utilities,8467618816.0,4719.7
RAVE,Rave Restaurant Group Inc,3.22,15,5,4,9,3,4,5,45,0.0,45.0,Weak,Watchlist only,58,-0.6,2.2,2.8,57.4,0,,Consumer Cyclical,40787196.0,55528.21
TAGBX,TEMPLETON GLOBAL BALANCED FUND CLASS A,3.08,10,12,7,7,6,2,4,48,-8.0,45.0,Weak,🔥 COILED: Watchlist only,47,-1.6,0.0,-0.2,49.7,0,,nan,0.0,0.0
DLTH,Duluth Holdings Inc,4.215,12,13,2,12,7,4,5,55,-8.0,45.0,Weak,Watchlist only,61,-0.6,-9.7,4.1,56.6,1,,Consumer Cyclical,126587272.0,532318.03
EEIAX,EATON VANCE EMERGING MARKETS LOCAL INCOME FUND,3.55,9,9,5,7,6,2,4,42,0.0,45.0,Weak,Watchlist only,37,-1.4,1.1,-0.0,50.0,0,,nan,0.0,0.0
NEFHX,LOOMIS SAYLES HIGH INCOME FUND CLASS A,3.66,8,14,8,6,6,2,4,48,-8.0,45.0,Weak,🔥 COILED: Watchlist only,41,-0.3,0.3,0.0,50.8,0,,nan,0.0,0.0
HRASF,Hera S.p.A,4.1,7,6,10,7,4,2,4,40,0.0,45.0,Weak,🔥 COILED: Watchlist only,50,0.0,0.0,0.0,50.0,0,,Utilities,6061331968.0,10.84
TTTRF,Treatt plc,4.0,14,4,7,11,6,2,4,48,-3.0,45.0,Weak,Watchlist only,38,0.0,0.0,0.7,71.8,0,,Basic Materials,236140528.0,446.83
GAMDX,GOLDMAN SACHS LOCAL EMERGING MARKETS DEBT FUND CLASS A,4.06,11,13,5,6,6,2,4,47,-10.0,45.0,Weak,🔥 COILED: Watchlist only,39,-0.2,0.2,0.1,53.5,0,,nan,0.0,0.0
ERHIX,Eaton Vance High Income Opportunities Fund,4.23,14,12,6,6,6,2,4,50,-10.0,45.0,Weak,🔥 COILED: Watchlist only,36,0.0,0.5,0.2,55.4,0,,nan,nan,0.0
MGHTF,Mercury NZ Limited,4.37,15,6,12,8,6,2,4,53,-13.0,45.0,Weak,🔥 COILED: Watchlist only,48,0.0,0.0,0.4,99.9,0,,Utilities,6194007552.0,300.76
ICCM,Icecure Medical,9.3,19,8,5,10,6,11,5,64,-19,45,Weak,Watchlist only,67,336.6,231.0,140.9,78.8,3,9,Healthcare,13472165.0,33081.74
LESL,Leslies Inc,8.84,17,8,4,14,3,4,5,55,-10.0,45.0,Weak,Watchlist only,61,25.4,8.1,28.8,68.5,2,,Consumer Cyclical,49885856.0,421535.09
ESFCX,ASHMORE EMERGING MARKETS SHORT DURATION FUND CLASS C,4.6,9,7,6,8,6,2,4,42,0.0,45.0,Weak,Watchlist only,36,0.0,0.0,0.1,55.9,0,,nan,nan,0.0
BUGDF,Bumrungrad Hospital PCL DRC,4.75,6,4,11,8,3,2,4,38,2.0,45.0,Weak,🔥 COILED: Watchlist only,0,0.0,0.0,0.0,50.8,0,,Healthcare,4292819712.0,0.0
VNMHF,VietNam Holding Limited,4.85,5,3,8,8,6,8,4,42,0.0,45.0,Weak,Watchlist only,35,0.0,0.0,-0.1,28.6,0,,Financial Services,90636760.0,26.5
HOSGX,SHORT-TERM GOVERNMENT SECURITIES FUND SHORT-TERM GOVERNMENT SECURITIES FUND,5.0,10,12,1,8,3,2,4,40,2.0,45.0,Weak,Watchlist only,34,0.0,0.2,0.1,51.3,0,,nan,0.0,0.0
USIO,Usio Inc,2.16,18,8,5,18,6,7,5,67,-25.5,44.5,Weak,Watchlist only,74,24.1,47.9,25.7,77.1,3,,Technology,42773788.0,65122.92
AMTD,AMTD IDEA Group,1.0,3,14,2,13,4,0,5,41,2.0,44.0,Weak,Watchlist only,44,2.0,-2.9,0.5,50.3,1,,Financial Services,94910008.0,125968.1
GRAN,Grande Group Limited Class A Ordinary Shares,1.45,13,12,3,15,6,0,5,54,-8.0,44.0,Weak,Watchlist only,34,-15.2,-7.1,4.8,54.7,1,,Financial Services,24388200.0,162701.83
ATER,Aterian Inc,1.39,19,11,6,10,8,7,5,66,-22.0,44.0,Weak,Watchlist only,57,10.3,24.1,14.2,63.7,3,,Consumer Cyclical,11684423.0,1489277.54
IRIX,IRIDEX Corporation,1.19,15,12,8,10,7,6,5,63,-17.0,44.0,Weak,Watchlist only,50,0.0,6.2,5.0,61.9,1,,Healthcare,18973106.0,139457.1
DTCKF,Davis Commodities Limited,1.06,14,6,8,10,2,2,5,47,-8.0,44.0,Weak,🔥 COILED: Watchlist only,46,5.0,5.0,0.1,49.8,1,,Consumer Defensive,1765435.0,314179.33
SFBQF,SoftBank Corp,1.325,4,13,4,8,4,4,2,39,4.0,44.0,Weak,Watchlist only,21,1.1,-0.4,-0.3,48.9,0,,Communication Services,65487736832.0,42768.7
BBLG,Bone Biologics Corp,1.35,15,5,3,9,5,2,5,44,-5.0,44.0,Weak,🔥 COILED: Watchlist only,42,-2.2,9.8,1.3,52.9,2,,Healthcare,2241741.0,741180.88
GLDAF,GlobalData Plc,1.37,9,7,4,10,4,4,4,42,2.0,44.0,Weak,Watchlist only,39,0.0,0.0,0.7,51.0,0,,Industrials,968554304.0,578.4
DOWAD,DOWAD,1.28,6,7,4,14,7,4,5,47,-3.0,44.0,Weak,Watchlist only,29,-9.9,-30.4,-1.0,51.2,0,,nan,nan,32278.18
DFSLY,Defeng Solife Holdings Limited,1.28,6,7,4,14,7,4,5,47,-3.0,44.0,Weak,Watchlist only,29,-9.9,-30.4,-1.0,51.2,0,,nan,nan,32278.18
RAPH,Raphael Pharmaceutical Inc.,1.4,12,6,11,7,3,6,4,49,-8.0,44.0,Weak,Watchlist only,57,0.0,0.0,0.0,76.9,1,,Healthcare,28246984.0,14.69
VICP,Vicapsys Life Sciences Inc,1.46,7,7,10,10,4,2,4,44,-5.0,44.0,Weak,🔥 COILED: Watchlist only,40,0.0,0.0,0.0,53.1,1,,Healthcare,47262100.0,16.3
FRZCF,Frasers Centrepoint Trust,1.73,8,4,10,7,4,2,4,39,0.0,44.0,Weak,🔥 COILED: Watchlist only,42,0.0,0.0,-0.0,44.4,0,,Real Estate,3525435904.0,228.81
YNNHF,Yihai International Holding Ltd,1.992,15,6,10,7,6,4,4,52,-13.0,44.0,Weak,🔥 COILED: Watchlist only,42,0.0,0.0,0.2,95.7,0,,Consumer Defensive,1932502912.0,5.72
CAOVF,China Overseas Land & Investment Limited,2.05,15,6,12,7,6,2,4,52,-13.0,44.0,Weak,🔥 COILED: Watchlist only,55,0.0,0.0,1.1,82.5,0,,Real Estate,22437011456.0,250.74
TORM,TOR Minerals International Inc,2.22,11,9,6,10,6,3,4,49,-5.0,44.0,Weak,Watchlist only,62,0.0,3.3,3.7,59.4,1,,Basic Materials,7614662.0,2704.35
PLSDF,Pulse Seismic Inc,2.37,3,8,8,13,0,3,4,39,2.0,44.0,Weak,Watchlist only,27,-2.1,-0.8,-2.2,40.0,0,,Energy,125265696.0,12000.34
KEGX,Key Energy Services Inc,2.715,18,11,7,17,6,5,5,69,-28,44,Weak,Watchlist only,63,7.3,13.1,13.6,90.0,3,,Energy,37416356.0,0.0
FKIQX,Franklin Income Fund Cl A,2.54,5,9,5,8,6,2,4,39,2.0,44.0,Weak,Watchlist only,43,-0.8,0.0,-0.2,45.4,0,,nan,nan,0.0
TNLIF,Trainline Plc,2.965,8,6,10,9,3,1,4,41,0.0,44.0,Weak,Watchlist only,30,0.0,0.0,-0.0,28.8,0,,Consumer Cyclical,1064314496.0,82.2
ESPR,Esperion Therapeutics Inc,3.15,14,4,7,13,3,0,5,46,-2.0,44.0,Weak,Watchlist only,48,-0.3,0.3,0.9,65.5,0,,Healthcare,805761984.0,7901981.69
SWDCF,Swedencare AB (publ),3.13,15,4,6,14,5,4,5,53,-9.0,44.0,Weak,Watchlist only,42,0.0,12.6,6.2,67.1,2,,Consumer Defensive,487514912.0,143.12
CTNR,Central Natural Resources Inc,3.05,13,6,11,10,6,2,4,52,-13.0,44.0,Weak,🔥 COILED: Watchlist only,35,0.0,0.0,0.2,98.7,0,,Energy,8915078.0,246.5
IORLX,AIM TaxExempt Funds Invesco TaxExempt Funds Invesco Oppenheimer Rochester Ltd Term Calif Mun Fd Cl R6,3.12,13,8,12,6,6,2,4,51,-12.0,44.0,Weak,🔥 COILED: Watchlist only,51,0.0,0.0,0.1,63.3,0,,nan,nan,0.0
WZZZY,Wizz Air Holdings PLC,3.97,16,4,6,14,6,6,5,57,-13.0,44.0,Weak,Watchlist only,46,0.0,20.3,7.0,81.5,2,,Industrials,1365687552.0,266.94
SFIX,Stitch Fix,4.41,16,12,6,15,7,2,5,63,-19.0,44.0,Weak,Watchlist only,55,6.0,21.8,13.6,63.5,3,,Consumer Cyclical,486702816.0,2327460.72
TPLWF,Temple & Webster Group Ltd,4.1,10,8,4,10,3,1,5,41,0.0,44.0,Weak,Watchlist only,32,-0.5,17.6,5.6,57.4,2,,Consumer Cyclical,412542592.0,3024.61
XNROX,Neuberger Berman Real Estate Securities Income Fd Inc,3.28,10,6,3,9,3,2,4,37,2.0,44.0,Weak,🔥 COILED: Watchlist only,42,-0.6,-0.6,0.2,51.2,0,,Other,0.0,0.0
EEICX,EATON VANCE EMERGING MARKETS LOCAL INCOME FUND EATON VANCE EMERGING MARKETS LOCAL INCOME FUND CLASS C,3.59,8,9,5,7,6,2,4,41,0.0,44.0,Weak,Watchlist only,35,-1.4,1.1,-0.1,49.7,0,,nan,0.0,0.0
LWSOX,WESTERN ASSET SHORT-TERM BOND FUND CLASS C,3.67,8,12,2,8,3,2,4,39,2.0,44.0,Weak,Watchlist only,36,0.0,0.0,0.1,50.4,0,,nan,0.0,0.0
LLDYX,LORD ABBETT SHORT DURATION INCOME FUND CLASS I,3.84,8,12,2,8,3,2,4,39,2.0,44.0,Weak,Watchlist only,37,0.0,0.3,0.1,51.4,0,,nan,0.0,0.0
JSNSF,J Sainsbury plc,4.43,6,14,4,11,6,0,5,46,2.0,44.0,Weak,Watchlist only,32,-4.9,-1.8,1.0,50.5,1,,Consumer Defensive,9118178304.0,0.0
ADWPF,Andrew Peller Limited,5.62,18,4,4,14,6,6,5,57,-13.0,44.0,Weak,Watchlist only,63,-1.1,40.1,15.4,86.7,2,,Consumer Defensive,182081232.0,0.0
GCMDX,GOLDMAN SACHS LOCAL EMERGING MARKETS DEBT FUND CLASS C,4.05,11,12,5,6,6,2,4,46,-10.0,44.0,Weak,🔥 COILED: Watchlist only,39,-0.2,0.2,0.1,53.3,0,,nan,0.0,0.0
CRNZF,Cairn Energy PLC,4.32,15,6,10,9,6,2,4,52,-13.0,44.0,Weak,🔥 COILED: Watchlist only,55,0.0,0.0,0.4,100.0,0,,Energy,296636384.0,61.5
FNEVY,Fraser and Neave Ltd ADR,4.53,7,4,10,7,3,4,4,39,0.0,44.0,Weak,🔥 COILED: Watchlist only,38,0.0,0.0,-0.0,53.3,0,,Consumer Defensive,1514173440.0,0.0
SMGRF,Summerset Group Holdings Limited,4.7,9,6,6,11,3,4,5,44,0.0,44.0,Weak,Watchlist only,23,0.0,0.0,0.4,49.0,0,,Healthcare,1096649216.0,25.0
ROC,Rank One Computing Corporation Common stock,4.54,3,9,5,12,4,2,2,37,2.0,44.0,Weak,Watchlist only,0,-2.8,-0.9,-3.7,40.2,0,,nan,87768584.0,0.0
IVFCX,FEDERATED INTERNATIONAL STRATEGIC VALUE DIVIDEND FUND CLASS C SHARES,4.73,4,13,5,9,3,1,4,39,2.0,44.0,Weak,Watchlist only,38,-1.3,0.2,-0.3,46.3,0,,nan,0.0,0.0
DPUKY,Domino’s Pizza Group PLC,5.03,3,13,5,9,6,4,4,44,0.0,44.0,Weak,Watchlist only,37,-2.6,0.6,-0.2,49.1,1,,Consumer Cyclical,952894464.0,12323.06
IVFIX,FEDERATED INTERNATIONAL STRATEGIC VALUE DIVIDEND FUND INSTITUTIONAL SHARES,4.8,4,13,5,9,3,1,4,39,2.0,44.0,Weak,Watchlist only,38,-1.4,0.0,-0.4,45.8,0,,nan,0.0,0.0
IVFAX,FEDERATED INTERNATIONAL STRATEGIC VALUE DIVIDEND FUND CLASS A SHARES,4.79,4,13,5,9,3,1,4,39,2.0,44.0,Weak,Watchlist only,38,-1.4,0.0,-0.4,45.9,0,,nan,0.0,0.0
IVFLX,FEDERATED INTERNATIONAL STRATEGIC VALUE DIVIDEND FUND CLASS R6 SHARES,4.79,4,13,5,9,3,1,4,39,2.0,44.0,Weak,Watchlist only,38,-1.4,0.0,-0.4,45.8,0,,nan,0.0,0.0
QBTZ,Defiance Daily Target 2x Short QBTS ETF,4.29,3,9,7,15,3,4,5,46,0.0,44.0,Weak,Watchlist only,26,3.1,-8.9,-19.7,40.0,1,,nan,nan,0.0
NWL,Newell Brands Inc,5.51,16,8,5,15,6,5,5,60,-14.2,43.8,Weak,Watchlist only,59,16.2,24.9,21.1,76.1,3,,Consumer Defensive,1631722624.0,7358579.28
COBA,COBA,2.6,17,5,6,16,7,7,5,63,-15.5,43.5,Weak,Watchlist only,65,30.0,40.5,25.9,76.2,2,,nan,107249000.0,12256.25
NWPIF,ClearStream Energy Services Inc,1.142,11,12,3,7,4,2,2,41,2.0,43.0,Weak,Watchlist only,53,0.0,14.2,2.0,51.5,2,,Energy,133101504.0,0.0
OPTU,"Optimum Communications, Inc.",1.61,16,11,6,11,4,7,5,60,-17.0,43.0,Weak,Watchlist only,45,24.8,46.4,34.3,69.6,3,,Communication Services,422844864.0,4044059.44
BENZF,Benz Mining Corp,1.62,18,10,7,15,4,3,5,62,-24.0,43.0,Weak,Watchlist only,45,21.8,35.6,17.7,69.4,3,,Basic Materials,420660128.0,21704.77
SXTC,China SXT Pharmaceuticals Inc,2.54,18,10,6,14,7,7,5,67,-22.0,43.0,Weak,Watchlist only,53,9.5,62.8,21.6,68.1,3,,Healthcare,6999186.0,104538.22
SMHGF,SMHGF,1.489,10,3,10,7,4,2,4,40,0.0,43.0,Weak,Watchlist only,32,0.0,0.0,-0.0,3.3,0,,Healthcare,3825203456.0,5.5
PZCUY,PZ Cussons PLC ADR,1.51,8,6,9,9,3,1,4,40,0.0,43.0,Weak,Watchlist only,31,0.0,0.0,-0.0,10.4,1,,Consumer Defensive,317366944.0,0.0
UTKN,"Universal Token, Inc.",1.49,4,4,5,14,6,3,2,38,0.0,43.0,Weak,🔥 COILED: Watchlist only,27,0.0,-6.9,-2.1,46.7,0,,Industrials,163310096.0,797.87
BIVI,Biovie Inc,1.92,18,9,3,17,7,5,5,64,-22.0,43.0,Weak,Watchlist only,58,7.9,15.0,12.3,67.1,3,,Healthcare,12066943.0,128695.27
IDXG,Interpace Biosciences Inc,1.7,5,15,4,8,3,2,2,39,4.0,43.0,Weak,Watchlist only,49,8.3,-2.3,-0.1,47.4,1,,Healthcare,46260508.0,8400.32
FHRRX,FRANKLIN HIGH INCOME FUND CLASS R6,1.75,13,7,7,6,6,2,4,45,-10.0,43.0,Weak,🔥 COILED: Watchlist only,40,0.0,0.6,0.1,54.9,0,,nan,0.0,0.0
SYHMY,Synthomer plc,1.75,15,6,12,9,6,6,4,58,-18.0,43.0,Weak,Watchlist only,43,0.0,0.0,2.0,94.9,1,,Basic Materials,286901440.0,1661.86
GLTK,GlobalTech Corporation,1.9,16,7,6,15,6,8,5,63,-18.0,43.0,Weak,Watchlist only,62,5.6,11.8,9.0,71.7,3,,Communication Services,241713744.0,930.69
FVHIX,FRANKLIN HIGH INCOME FUND ADVISOR CLASS,1.76,12,7,11,6,6,2,4,48,-10.0,43.0,Weak,🔥 COILED: Watchlist only,39,0.0,0.6,0.1,54.3,0,,nan,0.0,0.0
CCPPF,Capital & Counties Properties PLC,1.82,11,4,1,10,6,6,5,43,0.0,43.0,Weak,Watchlist only,56,-2.2,-2.2,-0.3,50.3,0,,Real Estate,3281440256.0,52.6
CICOF,COSCO SHIPPING Holdings Co. Ltd,1.85,9,4,8,8,3,3,3,38,0.0,43.0,Weak,🔥 COILED: Watchlist only,41,0.0,-1.1,-0.4,48.7,0,,Industrials,28550774784.0,0.0
OPESF,Otello Corporation ASA,1.9,12,6,11,8,6,6,4,53,-13.0,43.0,Weak,Watchlist only,58,0.0,0.0,0.1,100.0,0,,Communication Services,130534648.0,18.54
FBYDW,"Falcon's Beyond Global, Inc. Warrants",2.28,16,7,7,15,6,11,5,67,-24,43,Weak,Watchlist only,53,140.0,140.0,87.2,82.8,2,6,nan,nan,0.0
OPTXW,Syntec Optics Holdings Inc.,1.87,12,6,1,12,5,2,5,43,0.0,43.0,Weak,Watchlist only,50,-5.1,-18.2,-6.8,49.6,0,,nan,nan,90858.71
SIGGF,Sigma Healthcare Limited,2.348,9,6,11,7,4,2,4,43,-3.0,43.0,Weak,Watchlist only,51,0.0,0.0,0.0,75.8,0,,Healthcare,27104614400.0,132.7
DMPZF,Domino's Pizza Group plc,2.49,13,4,7,11,6,0,5,46,-3.0,43.0,Weak,Watchlist only,43,0.0,0.0,1.7,72.3,0,,Consumer Cyclical,949082880.0,0.0
SHGR,Success Hldg Grp,2.374,15,6,10,8,6,2,4,51,-13.0,43.0,Weak,🔥 COILED: Watchlist only,46,0.0,0.0,1.1,100.0,0,,Financial Services,50114384.0,20.5
FISRX,FRANKLIN INCOME FUND CLASS R,2.48,5,9,4,8,6,2,4,38,2.0,43.0,Weak,Watchlist only,45,-0.8,0.0,-0.2,46.0,0,,nan,0.0,0.0
FSROF,FSROF,2.62,15,6,10,10,4,2,4,51,-13.0,43.0,Weak,🔥 COILED: Watchlist only,45,0.0,0.0,0.9,98.8,0,,nan,457748736.0,51.98
FRIAX,FRANKLIN INCOME FUND ADVISOR CLASS,2.52,5,9,4,8,6,2,4,38,2.0,43.0,Weak,Watchlist only,42,-0.8,0.0,-0.2,45.3,0,,nan,0.0,0.0
VIMGF,Vimian Group AB (publ),2.77,8,3,10,7,4,4,4,40,0.0,43.0,Weak,Watchlist only,38,0.0,0.0,-0.0,0.0,0,,Healthcare,1466058496.0,392.85
JGHG,Jinzisheng Holding Group,2.76,7,7,11,9,3,2,4,43,-5.0,43.0,Weak,🔥 COILED: Watchlist only,46,0.0,0.0,0.0,51.9,1,,Technology,55237816.0,0.01
GUER,Guerrilla RF Inc.,2.96,10,8,9,12,8,0,4,51,-6.0,43.0,Weak,Watchlist only,60,8.1,3.6,3.8,55.0,1,,Technology,31099568.0,3710.27
JSHAX,JANUS SHORT-TERM BOND FUND CLASS A,2.88,5,10,5,8,4,2,4,38,2.0,43.0,Weak,Watchlist only,34,0.0,0.0,0.1,53.8,0,,nan,0.0,0.0
PIM,Putnam Master Intermediate Income Trust,3.17,4,10,4,11,4,1,4,38,2.0,43.0,Weak,Watchlist only,22,-0.9,-0.6,-0.3,46.5,0,,Financial Services,150335136.0,116653.95
MBPFF,Mitchells & Butlers plc,3.41,8,3,10,7,4,4,4,40,0.0,43.0,Weak,Watchlist only,44,0.0,0.0,-0.0,37.1,0,,Consumer Cyclical,2024112384.0,44.7
IMMQF,Immobiliare Grande Distribuzione SIIQ S.p.A,3.46,7,7,10,9,4,2,4,43,-5.0,43.0,Weak,🔥 COILED: Watchlist only,43,0.0,0.0,0.0,50.0,1,,Real Estate,381783008.0,22.44
JRSH,Jerash Holdings US Inc,4.63,16,4,3,9,7,5,5,49,-6.0,43.0,Weak,Watchlist only,59,10.4,28.6,17.0,79.8,2,,Consumer Cyclical,44068792.0,112809.83
SCGPY,Serco Group PLC,3.6,5,4,10,8,3,4,4,38,0.0,43.0,Weak,🔥 COILED: Watchlist only,43,0.0,0.0,-0.0,46.2,0,,Industrials,3558276352.0,0.0
HIO,Western Asset High Income Opportunity Closed Fund,3.6,5,11,2,10,7,1,4,40,0.0,43.0,Weak,Watchlist only,22,-1.6,0.6,-0.5,44.9,0,,Financial Services,412730600.0,421712.74
LTRN,Lantern Pharma Inc,3.95,14,11,6,11,6,4,5,57,-14.0,43.0,Weak,Watchlist only,60,1.0,3.7,7.5,61.4,1,,Healthcare,48356124.0,274873.81
EZRA,"Reliance Global Group, Inc.",3.455,12,6,8,12,5,0,2,45,-5.0,43.0,Weak,Watchlist only,52,-2.1,-4.8,2.6,57.4,1,,Financial Services,2061884.0,194251.78
EEIIX,EATON VANCE EMERGING MARKETS LOCAL INCOME FUND EATON VANCE EMERGING MARKETS LOCAL INCOME FUND CLASS I SHARES,3.55,10,11,6,7,6,2,4,46,-3.0,43.0,Weak,Watchlist only,36,-1.1,1.1,0.1,50.9,0,,nan,0.0,0.0
OSSUY,Össur hf,3.815,8,6,10,8,3,1,4,40,0.0,43.0,Weak,Watchlist only,23,0.0,0.0,-0.0,21.1,0,,Healthcare,1626394368.0,35.61
CCCC,C4 Therapeutics Inc,4.25,19,14,5,9,7,3,5,62,-19.0,43.0,Weak,Watchlist only,65,10.7,18.7,8.9,63.1,3,,Healthcare,471049568.0,2202627.04
OSSFF,Össur hf,4.15,8,3,8,9,3,5,4,40,0.0,43.0,Weak,Watchlist only,25,0.0,0.0,-0.0,0.3,0,,Healthcare,1769210112.0,43.25
WMGTF,Wilmington plc,4.479,8,4,9,7,4,2,4,38,0.0,43.0,Weak,🔥 COILED: Watchlist only,43,0.0,0.0,-0.0,43.9,0,,Consumer Defensive,401142816.0,7.34
APHBF,APHBF,4.76,18,4,5,12,6,6,5,56,-13.0,43.0,Weak,Watchlist only,63,0.0,10.2,5.7,100.0,2,,nan,nan,156.0
XIGRX,Voya Clarion Global Re Incm Fd,4.55,3,12,2,9,8,1,3,38,2.0,43.0,Weak,Watchlist only,33,-2.6,-1.1,-0.6,46.9,0,,Other,0.0,0.0
PRWBX,T. ROWE PRICE SHORT-TERM BOND FUND INC. T. ROWE PRICE SHORT-TERM BOND FUND INC.,4.61,7,12,2,8,3,2,4,38,2.0,43.0,Weak,Watchlist only,36,0.0,0.0,0.1,51.6,0,,nan,0.0,0.0
TRZOX,T. Rowe Price Short-Term Bond Fund,4.61,5,12,2,8,3,2,4,36,2.0,43.0,Weak,🔥 COILED: Watchlist only,37,0.0,0.0,0.1,51.7,0,,nan,nan,0.0
XMMTX,MFS Multimarket Income Trust,4.89,4,11,2,8,5,2,4,36,2.0,43.0,Weak,🔥 COILED: Watchlist only,28,-0.4,0.4,-0.2,44.5,0,,Other,0.0,0.0
RAFX,Rafex Gold Corp.,1.0,9,7,11,6,4,6,4,47,-10.0,42.0,Weak,🔥 COILED: Watchlist only,49,0.0,0.0,0.0,52.1,0,,Financial Services,53427968.0,45.76
MWG,Multi Ways Holdings Ltd,1.37,8,14,2,12,4,0,5,45,-3.0,42.0,Weak,Watchlist only,38,-5.5,-2.8,-1.7,45.0,1,,Industrials,6170429.0,220257.43
PPKRF,PPKRF,1.3,5,4,9,9,4,2,4,37,0.0,42.0,Weak,🔥 COILED: Watchlist only,38,0.0,0.0,0.0,50.0,0,,Consumer Cyclical,4795471872.0,1.0
ABVC,ABVC Biopharma Inc,1.33,13,12,8,6,7,3,5,54,-15.0,42.0,Weak,Watchlist only,38,3.1,0.8,2.9,54.6,1,,Healthcare,34060576.0,84541.95
ICLTF,GreenFirst Forest Products Inc,1.57,10,16,9,15,3,2,5,60,-23.0,42.0,Weak,🔥 COILED: Watchlist only,43,0.0,11.3,2.4,51.9,4,,Basic Materials,34720456.0,7769.69
CJEWF,Chow Tai Fook Jewellery Group Ltd,1.46,15,7,8,5,3,2,4,44,-10.0,42.0,Weak,🔥 COILED: Watchlist only,31,0.0,0.0,0.1,45.7,0,,Consumer Cyclical,18743394304.0,0.0
INCPF,InnoCare Pharma Limited,1.55,8,4,10,9,3,1,4,39,0.0,42.0,Weak,Watchlist only,24,0.0,0.0,-0.0,0.0,0,,Healthcare,2731344640.0,28.0
CLRPF,Clarity Pharmaceuticals Ltd,1.6,3,13,2,14,3,6,2,43,-6.0,42.0,Weak,Watchlist only,25,-4.8,-2.4,-4.6,41.9,1,,Healthcare,613537664.0,5004.43
COGZF,Cogstate Limited,1.89,17,8,7,9,6,6,5,58,-12.0,42.0,Weak,Watchlist only,62,0.0,5.0,3.1,67.2,0,,Healthcare,288803392.0,1777.75
GENK,"GEN Restaurant Group, Inc. Class A Common Stock",2.08,8,8,5,11,5,2,5,44,-5.0,42.0,Weak,🔥 COILED: Watchlist only,41,-4.1,0.5,-1.2,49.7,1,,Consumer Cyclical,63621712.0,52733.47
HWGLF,Harworth Group plc,2.07,5,4,9,9,4,2,4,37,0.0,42.0,Weak,🔥 COILED: Watchlist only,37,0.0,0.0,0.0,50.0,0,,Real Estate,673164672.0,3.0
OVID,Ovid Therapeutics Inc,2.5,10,13,5,5,8,4,5,50,-11.0,42.0,Weak,Watchlist only,57,5.9,3.3,4.2,53.3,2,,Healthcare,447936256.0,2463685.59
FBIO,Fortress Biotech Inc,3.14,16,10,6,7,7,5,5,56,-14.0,42.0,Weak,Watchlist only,56,7.2,7.2,9.4,65.3,0,,Healthcare,88030544.0,796400.8
ELAMF,Elamex SA de CV,2.8,8,6,11,8,3,2,4,42,-5.0,42.0,Weak,🔥 COILED: Watchlist only,47,0.0,0.0,0.0,50.0,1,,Consumer Defensive,7473704.0,18.5
PAZRF,Plaza Retail REIT,3.3,16,4,5,10,3,4,5,47,-5.0,42.0,Weak,Watchlist only,56,-1.5,3.1,0.5,60.2,0,,Real Estate,360533184.0,0.0
TINCX,TEMPLETON GLOBAL BALANCED FUND CLASS A1,3.08,8,12,8,7,6,2,4,47,-10.0,42.0,Weak,🔥 COILED: Watchlist only,48,-1.6,0.0,-0.3,48.4,0,,nan,0.0,0.0
KTCC,Key Tronic Corporation,3.81,10,11,2,9,7,4,5,48,-6.0,42.0,Weak,Watchlist only,66,-2.1,2.1,3.5,58.3,1,,Technology,42676932.0,22378.0
HYPMY,Hypera SA,4.15,3,12,2,12,4,2,2,37,4.0,42.0,Weak,Watchlist only,19,2.7,2.1,0.1,47.7,1,,Healthcare,2991966976.0,20396.77
VBIX,Viewbix Inc. Common Stock,6.35,19,7,6,17,6,9,5,69,-30,42,Weak,Watchlist only,64,35.1,41.4,33.9,81.7,3,,Communication Services,48544468.0,59511.18
ELALF,El Al Israel Airlines Ltd,4.77,9,9,8,6,6,5,4,47,-8.0,42.0,Weak,Watchlist only,52,3.0,-1.4,1.7,54.1,1,,Industrials,2934749184.0,1193.31
TOI,Oncology Institute Inc,5.25,16,13,8,9,6,4,5,61,-17.0,42.0,Weak,Watchlist only,63,2.9,5.8,7.1,62.1,1,,Healthcare,485417152.0,1953762.62
DIALF,Dialight plc,4.9,15,5,6,12,6,6,5,55,-13.0,42.0,Weak,Watchlist only,57,0.0,0.0,3.7,96.0,0,,Industrials,163889696.0,152.5
KFFB,Kentucky First Federal Bancorp,4.84,17,4,5,14,3,4,5,52,-10.0,42.0,Weak,Watchlist only,55,3.0,4.3,1.8,54.3,0,,Financial Services,35662416.0,7808.57
JAELX,John Hancock Variable Insurance Trust - High Yield Trust,4.88,13,11,4,7,6,2,4,47,-10.0,42.0,Weak,🔥 COILED: Watchlist only,45,-0.2,0.4,0.2,57.2,0,,nan,nan,0.0
MHGUP,Meritage Hospitality Group Inc. PFD CV SER B,4.99,14,12,5,12,4,4,5,56,-15.2,41.8,Weak,Watchlist only,23,42.6,55.9,27.6,66.9,2,,Other,nan,503.05
NUVB,Nuvation Bio Inc,6.46,17,7,8,16,6,6,5,65,-24.2,41.8,Weak,Watchlist only,61,26.2,31.0,23.0,76.4,3,,Healthcare,1800204288.0,6238536.29
CSWYF,China Shineway Pharmaceutical Group Limited,1.004,5,4,9,8,4,2,4,36,0.0,41.0,Weak,🔥 COILED: Watchlist only,37,0.0,0.0,0.0,50.0,0,,Healthcare,758421568.0,1.0
NXLLF,Nuix Limited,1.0,7,3,10,7,3,4,4,38,0.0,41.0,Weak,Watchlist only,36,0.0,0.0,-0.0,10.8,0,,Technology,338752096.0,352.73
MPFXX,Morgan Stanley Institutional Liquidity Funds - Prime Portfolio,1.0,5,9,4,8,4,2,4,36,2.0,41.0,Weak,Watchlist only,33,0.0,0.0,0.0,51.3,0,,nan,nan,0.0
TWODF,Taylor Wimpey plc,1.02,5,10,8,9,3,0,3,38,0.0,41.0,Weak,Watchlist only,19,-1.0,-1.0,-1.0,45.4,0,,Consumer Cyclical,3299808768.0,0.0
INHD,Inno Holdings Inc. Common Stock,39.49,19,9,7,15,7,2,5,64,-23,41,Weak,Watchlist only,65,3009.4,2869.2,384.7,98.2,4,7,Basic Materials,5379631.0,368198.32
PBTDF,Plover Bay Technologies Limited,1.13,11,4,5,9,6,1,5,41,0.0,41.0,Weak,Watchlist only,54,-4.1,-0.9,-0.6,51.7,0,,Technology,1260582272.0,900.2
PTMEY,Media Nusantara Citra Tbk PT ADR,1.168,8,3,10,9,3,1,4,38,0.0,41.0,Weak,Watchlist only,30,0.0,0.0,-0.0,10.1,0,,Communication Services,154493248.0,216.31
GPSAF,GPSAF,1.23,5,4,10,8,3,2,4,36,0.0,41.0,Weak,🔥 COILED: Watchlist only,32,0.0,0.0,0.0,50.0,0,,nan,609934848.0,50.0
ECX,ECARX Holdings Inc. Class A Ordinary shares,1.19,6,12,4,7,9,0,5,43,-3.0,41.0,Weak,Watchlist only,39,-2.5,-4.0,2.2,52.0,1,,Consumer Cyclical,506809760.0,3512137.57
HPURF,Hexagon Purus ASA,1.2,15,6,11,10,6,2,4,54,-18.0,41.0,Weak,🔥 COILED: Watchlist only,54,0.0,0.0,7.2,98.8,1,,Industrials,51418336.0,233.72
GRNQ,GreenPro Capital Corp,1.64,6,13,2,15,3,2,5,46,-3.0,41.0,Weak,Watchlist only,35,22.4,8.6,5.0,51.4,2,,Industrials,27634970.0,106380.6
MAAL,The Marketing Alliance Inc,1.72,15,6,6,8,6,4,5,50,-12.0,41.0,Weak,Watchlist only,56,0.0,5.5,5.8,62.2,0,,Financial Services,11005195.0,0.0
HXBM,Helix BioMedix Inc,1.79,13,6,12,11,6,2,4,54,-18.0,41.0,Weak,🔥 COILED: Watchlist only,34,0.0,0.0,1.0,88.8,1,,Healthcare,402227.0,30.5
MIMSX,BNY MELLON MID CAP MULTI-STRATEGY FUND INVESTOR SHARES,1.83,11,7,9,4,6,2,4,43,-10.0,41.0,Weak,🔥 COILED: Watchlist only,29,0.0,0.0,0.1,52.0,0,,nan,0.0,0.0
RMXI,"RMX Industries,  Inc.",2.6,19,14,4,12,4,3,5,61,-18,41,Weak,Watchlist only,52,53.8,28.1,19.1,58.8,3,10,Technology,57827840.0,6716.35
FCCN,Spectral Cap Corp,4.09,19,3,6,16,7,6,5,62,-21,41,Weak,Watchlist only,66,100.5,102.1,55.8,84.8,3,9,Technology,187743888.0,10725.95
RHEPZ,"Regional Health Properties, Inc.",2.47,15,10,6,10,6,7,5,59,-18.0,41.0,Weak,Watchlist only,57,17.6,23.5,16.1,77.6,3,,nan,nan,1582.53
OOBHF,On the Beach Group plc,2.261,6,6,10,8,3,1,4,38,0.0,41.0,Weak,Watchlist only,0,0.0,0.0,-0.1,25.9,0,,Consumer Cyclical,327615904.0,0.0
LQRCF,Black Mammoth Metals Corporation,3.13,12,14,9,7,4,7,5,58,-20.0,41.0,Weak,Watchlist only,47,10.6,22.7,12.0,60.1,3,,Basic Materials,114585928.0,11083.52
HRSHF,Haier Smart Home Co. Ltd,2.775,12,6,7,11,4,0,3,43,-2.0,41.0,Weak,Watchlist only,27,-0.5,9.3,3.6,58.4,1,,Consumer Cyclical,24086996992.0,2486.94
CRON,Cronos Group Inc,2.71,7,13,7,2,7,6,4,46,-8.0,41.0,Weak,🔥 COILED: Watchlist only,56,4.2,-2.9,0.3,50.8,1,,Healthcare,1046253696.0,1988482.88
IMDXF,Imdex Limited,2.925,6,8,9,5,6,7,5,46,-8.0,41.0,Weak,Watchlist only,43,1.2,1.2,0.0,49.3,0,,Industrials,1535525504.0,0.0
LTNCX,Oppenheimer Rochester LtdTerm NY MunisC,2.79,15,6,12,6,3,2,4,48,-12.0,41.0,Weak,🔥 COILED: Watchlist only,44,0.0,0.0,0.1,63.4,0,,nan,0.0,0.0
DNERF,Downer EDI Limited,3.0,8,3,9,9,3,2,4,38,0.0,41.0,Weak,Watchlist only,33,0.0,0.0,-0.0,0.0,0,,Industrials,1984904192.0,3.8
PLTK,Playtika Holding Corp,3.85,17,8,3,9,7,6,5,55,-14.0,41.0,Weak,Watchlist only,49,14.9,25.0,11.0,64.7,3,,Communication Services,1198195584.0,1681689.88
OLCCX,Oppenheimer Roc Limited Term Ca Muni Fd,3.11,12,6,12,6,6,2,4,48,-12.0,41.0,Weak,🔥 COILED: Watchlist only,50,0.0,0.0,0.1,62.8,0,,nan,0.0,0.0
FCGBX,TEMPLETON GLOBAL BALANCED FUND CLASS C,3.07,8,12,7,7,6,2,4,46,-10.0,41.0,Weak,🔥 COILED: Watchlist only,48,-1.6,0.0,-0.2,49.0,0,,nan,0.0,0.0
TCINX,TEMPLETON GLOBAL BALANCED FUND CLASS C1,3.09,8,12,7,7,6,2,4,46,-10.0,41.0,Weak,🔥 COILED: Watchlist only,48,-1.6,0.0,-0.2,49.0,0,,nan,0.0,0.0
FGGBX,Templeton Global Balanced Fund6,3.08,8,12,7,7,6,2,4,46,-10.0,41.0,Weak,🔥 COILED: Watchlist only,47,-1.6,0.0,-0.3,48.7,0,,nan,nan,0.0
JELCF,Johnson Electric Holdings Limited,3.416,6,3,10,8,3,4,4,38,0.0,41.0,Weak,Watchlist only,27,0.0,0.0,-0.1,1.0,0,,Consumer Cyclical,4295440896.0,0.0
ASCOF,Ascopiave S.p.A,3.33,8,3,9,9,3,2,4,38,0.0,41.0,Weak,Watchlist only,33,0.0,0.0,-0.0,0.0,0,,Utilities,720738048.0,1.0
ADAG,Adagene Inc,4.25,18,12,5,17,5,3,5,65,-27,41,Weak,Watchlist only,63,21.1,25.0,14.5,64.9,3,,Healthcare,236539872.0,167928.78
SWSSF,Swiss Water Decaffeinated Coffee Inc,3.45,15,4,7,11,3,6,5,51,-13.0,41.0,Weak,Watchlist only,58,0.0,0.0,0.4,93.7,0,,Consumer Defensive,32944754.0,172.0
ONWRY,ONWRY,3.17,1,7,3,11,3,2,2,29,4.0,41.0,Weak,Watchlist only,18,-11.2,-9.0,-6.8,42.2,0,,nan,nan,482.2
VTEX,VTEX,3.68,6,17,3,6,3,3,5,43,-6.0,41.0,Weak,Watchlist only,38,1.4,4.0,1.2,51.2,1,,Technology,635913216.0,1269007.12
NCMI,National CineMedia Inc,3.58,13,14,4,9,6,0,5,51,-8.0,41.0,Weak,Watchlist only,43,-1.6,0.8,3.2,57.1,1,,Communication Services,332920032.0,427479.42
ORSYX,Oppenheimer Rochester Shrt Trm Mncl Cl Y,3.71,13,7,10,6,6,2,4,48,-12.0,41.0,Weak,🔥 COILED: Watchlist only,35,0.0,0.0,0.0,65.2,0,,nan,0.0,0.0
ORSTX,Oppenheimer Rchstr Shrt Trm Mncl Fd Cl A,3.71,13,7,10,6,6,2,4,48,-12.0,41.0,Weak,🔥 COILED: Watchlist only,35,0.0,0.0,0.0,65.2,0,,nan,0.0,0.0
NWHUF,Northwest Healthcare Properties REIT,3.78,3,6,9,11,3,5,4,41,0.0,41.0,Weak,Watchlist only,20,-1.3,0.0,-1.8,39.3,2,,Real Estate,957523840.0,0.0
JUKIY,Juki Corporation,3.99,8,0,9,11,4,5,4,41,0.0,41.0,Weak,Watchlist only,51,0.0,0.0,-0.5,34.7,0,,Industrials,117932912.0,16.13
BWEN,Broadwind Energy Inc,4.53,17,7,2,9,3,2,5,45,-4.0,41.0,Weak,Watchlist only,55,-5.2,10.2,6.2,57.2,2,,Industrials,95020712.0,406780.34
LDLFX,LORD ABBETT SHORT DURATION INCOME FUND CLASS F,3.84,6,11,2,8,3,2,4,36,2.0,41.0,Weak,Watchlist only,33,0.0,0.0,0.0,49.4,0,,nan,0.0,0.0
LDLVX,LORD ABBETT SHORT DURATION INCOME FUND CLASS R6,3.84,6,11,2,8,3,2,4,36,2.0,41.0,Weak,Watchlist only,33,0.0,0.0,0.0,49.4,0,,nan,0.0,0.0
LOQPF,Accesso Technology Group PLC,4.13,15,4,7,13,6,4,5,54,-13.0,41.0,Weak,Watchlist only,43,0.0,0.0,4.5,94.0,0,,Technology,113372656.0,250.0
MSGM,Motorsport Gaming Us LLC,4.04,3,12,8,8,6,2,2,41,2.0,41.0,Weak,Watchlist only,49,3.6,-4.5,-2.3,45.4,0,,Communication Services,16946664.0,725642.96
EIHIX,EATON VANCE HIGH INCOME OPPORTUNITIES FUND EATON VANCE HIGH INCOME OPPORTUNITIES FUND CLASS I,4.23,12,10,6,6,6,2,4,46,-10.0,41.0,Weak,🔥 COILED: Watchlist only,36,-0.2,0.2,0.0,51.8,0,,nan,0.0,0.0
NHPEF,New Hope Corporation Ltd,3.93,4,7,2,13,7,4,4,41,-8.0,41.0,Weak,Watchlist only,42,-2.2,-9.7,-3.2,45.4,0,,Energy,3766784256.0,0.0
RLEA,Rubber Leaf Inc,4.5,15,6,12,9,6,2,4,54,-18.0,41.0,Weak,🔥 COILED: Watchlist only,55,0.0,0.0,1.2,99.9,1,,Basic Materials,184992544.0,23.61
XYF,X Financial Class A,4.83,7,11,8,6,7,0,5,44,-6.0,41.0,Weak,Watchlist only,31,-2.4,-1.2,-0.5,49.6,0,,Financial Services,181029856.0,199773.02
JBLU,JetBlue Airways Corp,5.79,16,14,5,9,6,7,5,62,-21.0,41.0,Weak,Watchlist only,56,10.9,17.7,11.0,62.8,3,,Industrials,1800571392.0,22178391.6
HOSBX,SHORT-TERM BOND FUND SHORT-TERM BOND FUND,4.94,4,12,1,8,3,2,4,34,2.0,41.0,Weak,🔥 COILED: Watchlist only,29,-0.2,0.0,-0.0,47.7,0,,nan,0.0,0.0
PHGFX,Popular High Grade Fixed-Income A,4.91,11,11,3,6,4,7,4,46,-10.0,41.0,Weak,🔥 COILED: Watchlist only,41,0.2,0.0,0.1,52.4,0,,nan,nan,0.0
LPA,Logistic Properties of the Americas,4.02,18,14,3,5,6,6,5,57,-14.2,40.8,Weak,Watchlist only,57,19.6,39.1,22.4,71.7,2,,Real Estate,91059312.0,55810.5
ABVN,ABV Consulting Inc,1.0,10,4,9,8,6,1,4,42,-5.0,40.0,Weak,Watchlist only,46,0.0,0.0,0.2,56.8,1,,Financial Services,100783000.0,76.84
BBOE,Black Box Entertainment Ltd,1.0,12,6,11,9,6,2,4,50,-13.0,40.0,Weak,Watchlist only,54,0.0,0.0,0.2,95.1,0,,Financial Services,13822455.0,335.31
BBOP,Bebop Channel Corp,1.0,8,3,10,7,3,2,4,37,0.0,40.0,Weak,Watchlist only,37,0.0,0.0,-0.0,0.0,0,,Communication Services,8733041.0,5.0
JOFXX,JPMorgan Trust IV - Institutional Tax Free Money Market Fund,1.0,13,7,4,6,4,2,4,40,-8.0,40.0,Weak,🔥 COILED: Watchlist only,40,0.0,0.0,0.0,51.9,0,,nan,nan,0.0
ALZN,Alzamend Neuro Inc,1.37,14,11,8,14,7,6,5,65,-25.0,40.0,Weak,Watchlist only,37,7.0,19.1,12.8,68.8,3,,Healthcare,4337404.0,108419.49
ITVPF,ITV plc,1.21,10,3,11,10,6,6,4,50,-13.0,40.0,Weak,Watchlist only,0,0.0,0.0,0.1,83.8,0,,Communication Services,3814761472.0,0.0
ALMMF,Aluminum Corporation of China Limited,1.2,1,12,3,12,3,0,2,33,2.0,40.0,Weak,Watchlist only,22,-6.2,-14.3,-5.5,42.9,1,,Basic Materials,22987663360.0,9632.09
BUMTF,BUMTF,1.3,12,6,11,8,3,6,4,50,-13.0,40.0,Weak,Watchlist only,55,0.0,0.0,0.0,99.6,0,,Consumer Defensive,2254387200.0,60.34
CCOZF,China Coal Energy Company Limited,1.43,7,8,5,10,3,3,5,41,-1.0,40.0,Weak,Watchlist only,36,5.1,5.1,0.6,45.0,0,,Energy,17236260864.0,0.0
ZZHGF,ZhongAn Online P & C Insurance Co. Ltd,1.5,8,3,9,9,3,1,4,37,0.0,40.0,Weak,Watchlist only,29,0.0,0.0,-0.0,0.0,0,,Financial Services,2527219456.0,0.88
MCCRF,Mccoy Global Inc,1.63,8,11,5,13,4,0,4,45,-3.0,40.0,Weak,Watchlist only,19,-1.2,7.9,0.1,48.5,0,,Energy,43165048.0,10235.23
SWRBF,Swire Pacific Limited,1.574,7,5,11,7,3,2,4,39,-2.0,40.0,Weak,Watchlist only,0,0.0,0.0,0.0,69.6,0,,Industrials,10886654976.0,0.0
HBMHF,HBM Holdings Limited,1.56,8,3,9,9,3,1,4,37,0.0,40.0,Weak,Watchlist only,30,0.0,0.0,-0.0,0.1,0,,Healthcare,1303004544.0,111.48
BRIA,BrilliA Inc,1.478,5,11,1,11,4,4,2,38,2.0,40.0,Weak,Watchlist only,17,3.4,7.9,-0.9,47.9,1,,Consumer Cyclical,40000000.0,192508.8
CPAMF,CapitaLand Integrated Commercial Trust,1.86,14,5,8,5,5,6,5,48,-13.0,40.0,Weak,🔥 COILED: Watchlist only,53,5.7,-0.8,1.0,51.3,0,,Real Estate,14498737152.0,0.0
SKYQ,Sky Quarry Inc,2.62,11,11,4,17,3,4,5,55,-18,40,Weak,Watchlist only,45,120.2,67.9,31.0,54.4,2,8,Energy,9349560.0,2883580.86
SDM,Smart Digital Group Limited Ordinary Shares,1.85,5,3,10,9,0,6,4,37,0.0,40.0,Weak,Watchlist only,29,0.0,0.0,-0.0,28.7,0,,Communication Services,58691252.0,403288.0
XCFT,"xCraft Enterprises, Inc",1.95,8,3,9,7,4,2,4,37,0.0,40.0,Weak,Watchlist only,37,0.0,0.0,-0.0,0.0,0,,Technology,2920756.0,18.5
HUTCY,Hutchison Telecommunications Hong Kong Holdings Ltd ADR,2.09,7,8,5,9,4,3,4,40,0.0,40.0,Weak,Watchlist only,44,0.0,0.0,-0.7,44.9,0,,Communication Services,671460736.0,223.27
GLBS,Globus Maritime Ltd,3.16,18,6,7,17,7,8,5,68,-28,40,Weak,Watchlist only,70,21.1,46.3,25.7,82.1,3,,Industrials,45754472.0,118808.53
KNIT,Kinetic Group Inc,2,8,3,9,7,4,2,4,37,0.0,40.0,Weak,Watchlist only,38,0.0,0.0,-0.0,0.0,0,,Communication Services,52840400.0,10.0
PRT,PermRock Royalty Trust,2.3,9,10,3,12,2,4,5,45,-3.0,40.0,Weak,Watchlist only,19,8.0,11.1,3.3,52.3,2,,Energy,25426378.0,53898.22
EBON,Ebang International Holdings,2.26,13,5,2,11,5,1,5,42,-5.0,40.0,Weak,Watchlist only,34,15.9,3.2,1.6,51.3,1,,Technology,13139049.0,9674.59
SLGCX,LARGE CAPITALIZATION GROWTH PORTFOLIO LARGE CAPITALIZATION GROWTH PORTFOLIO CLASS C,1.96,7,10,2,7,6,1,4,37,0.0,40.0,Weak,Watchlist only,29,-1.5,0.0,-0.8,47.7,0,,nan,0.0,0.0
SNTUF,SNTUF,2.1,12,7,11,6,3,2,4,45,-10.0,40.0,Weak,🔥 COILED: Watchlist only,51,0.0,0.0,0.0,50.0,0,,Financial Services,nan,40.0
FTROF,First Resources Limited,2.26,12,6,12,8,6,2,4,50,-13.0,40.0,Weak,Watchlist only,55,0.0,0.0,0.1,100.0,0,,Consumer Defensive,4077327872.0,79.5
GALT,Galectin Therapeutics Inc,3.92,17,8,8,13,6,10,5,67,-30,40,Weak,Watchlist only,63,48.5,62.7,43.0,82.1,3,,Healthcare,156739424.0,383759.86
RSDEF,Ramsdens Holdings PLC,2.392,5,4,9,8,3,2,4,35,0.0,40.0,Weak,🔥 COILED: Watchlist only,30,0.0,0.0,0.0,50.0,0,,Consumer Cyclical,77411208.0,456.25
PPENF,Pampa EnergÃ­a S.A.,2.65,8,3,9,7,4,2,4,37,0.0,40.0,Weak,Watchlist only,41,0.0,0.0,-0.0,15.4,0,,Industrials,3560540416.0,74.1
KIERF,Kier Group plc,2.75,9,3,11,8,3,2,4,40,-3.0,40.0,Weak,Watchlist only,46,0.0,0.0,0.0,72.9,0,,Industrials,1198368768.0,11.63
PGCSF,Prosegur Compañía de Seguridad S.A,3.057,8,3,9,7,4,2,4,37,0.0,40.0,Weak,Watchlist only,46,0.0,0.0,-0.0,1.7,0,,Industrials,1628347136.0,56.54
HYDTF,Hydreight Technologies Inc.,3.05,12,11,4,2,7,4,5,45,-8.0,40.0,Weak,Watchlist only,56,4.5,8.1,1.5,52.0,1,,Healthcare,191671648.0,49861.19
TTRAF,Telstra Corporation Limited,3.8,16,8,6,5,4,3,5,47,-10.0,40.0,Weak,Watchlist only,33,0.0,18.7,3.6,56.4,2,,Communication Services,40058470400.0,0.0
SHJBF,Shanghai Junshi Biosciences Co. Ltd,3.35,13,6,11,9,6,4,4,53,-18.0,40.0,Weak,🔥 COILED: Watchlist only,50,0.0,0.0,0.5,99.8,1,,Healthcare,4841863680.0,59.45
TSVNF,Team17 Group plc,3.4,5,4,9,7,4,2,4,35,0.0,40.0,Weak,🔥 COILED: Watchlist only,38,0.0,0.0,0.0,50.0,1,,Communication Services,489922400.0,1.0
GPIOX,GRANDEUR PEAK INTERNATIONAL OPPORTUNITIES FUND GRANDEUR PEAK INTERNATIONAL OPPORTUNITIES FUND INVESTOR CLASS,3.51,7,9,2,7,6,1,3,35,0.0,40.0,Weak,🔥 COILED: Watchlist only,45,-2.0,0.0,-0.9,47.2,0,,nan,0.0,0.0
ILAG,Intelligent Living Application Group Inc,3.37,10,9,4,11,7,2,2,45,-3.0,40.0,Weak,Watchlist only,49,17.8,-9.7,1.2,49.6,2,,Industrials,7165470.0,22535.68
NEHCX,LOOMIS SAYLES HIGH INCOME FUND CLASS C,3.68,7,10,8,6,6,2,4,43,-8.0,40.0,Weak,🔥 COILED: Watchlist only,42,-0.3,0.3,-0.0,49.4,0,,nan,0.0,0.0
GPIIX,GRANDEUR PEAK INTERNATIONAL OPPORTUNITIES FUND GRANDEUR PEAK INTERNATIONAL OPPORTUNITIES FUND INSTITUTIONAL CLASS,3.55,7,9,2,7,6,1,3,35,0.0,40.0,Weak,🔥 COILED: Watchlist only,45,-1.9,0.0,-0.9,47.4,0,,nan,0.0,0.0
LALDX,LORD ABBETT SHORT DURATION INCOME FUND CLASS A,3.84,4,11,1,8,3,2,4,33,2.0,40.0,Weak,🔥 COILED: Watchlist only,28,-0.3,0.0,-0.1,46.5,0,,nan,0.0,0.0
LDLKX,LORD ABBETT SHORT DURATION INCOME FUND CLASS R4,3.85,5,11,2,8,3,2,4,35,2.0,40.0,Weak,Watchlist only,33,0.0,0.0,0.0,49.8,0,,nan,0.0,0.0
CTKB,Cytek Biosciences Inc,4.28,13,15,6,5,4,4,5,52,-13.0,40.0,Weak,Watchlist only,37,4.6,3.6,5.8,56.3,2,,Healthcare,559187392.0,965779.31
IONR,ioneer Ltd American Depositary Shares,4.09,11,10,7,4,7,4,5,48,-13.0,40.0,Weak,🔥 COILED: Watchlist only,44,0.5,4.6,1.1,50.9,2,,Basic Materials,335226880.0,187022.5
RTGN,RetinalGenix Technologies Inc,4.0,15,6,11,9,6,2,4,53,-18.0,40.0,Weak,🔥 COILED: Watchlist only,46,0.0,0.0,0.5,100.0,1,,Healthcare,75374512.0,154.2
NDRA,ENDRA Life Sciences Inc,6.27,18,11,8,13,6,3,5,64,-27,40,Weak,Watchlist only,55,33.7,41.9,24.5,67.1,3,,Healthcare,7819003.0,138719.03
SGHT,Sight Sciences Inc,5.5,16,10,7,8,7,6,5,59,-19.0,40.0,Weak,Watchlist only,59,9.6,13.4,10.0,65.4,3,,Healthcare,250285744.0,251610.58
BMHL,Bluemount Holdings Limited Class B Ordinary Shares,5.75,17,2,4,14,3,4,5,49,-9.0,40.0,Weak,Watchlist only,58,-5.0,5.5,8.4,64.5,0,,Financial Services,109481432.0,3475.32
GURE,"Gulf Resources, Inc. (NV) Common Stock",4.0,4,12,3,12,3,0,4,38,-1.0,40.0,Weak,Watchlist only,31,1.8,-9.6,-1.6,48.2,2,,Basic Materials,6927889.0,83521.17
JPPPF,JPPPF,4.64,5,4,9,7,4,2,4,35,0.0,40.0,Weak,🔥 COILED: Watchlist only,36,0.0,0.0,0.0,50.0,0,,Basic Materials,517092224.0,0.15
TKNO,Alpha Teknova Inc,5.2,18,14,5,11,6,5,5,64,-22.0,40.0,Weak,Watchlist only,63,12.8,16.6,11.3,61.4,3,,Healthcare,291124160.0,202227.21
WEICF,Weichai Power Co. Ltd,4.92,12,7,1,13,3,2,2,40,0.0,40.0,Weak,Watchlist only,51,5.4,4.7,-0.7,49.4,0,,Consumer Cyclical,44176936960.0,0.0
ABDBY,Alm. Brand A/S,5.0,7,3,10,8,3,2,4,37,0.0,40.0,Weak,Watchlist only,35,0.0,0.0,-0.0,0.5,0,,Financial Services,3421142784.0,11.04
KRNMF,CLARIANE SE,4.765,12,6,9,7,6,4,4,48,-13.0,40.0,Weak,🔥 COILED: Watchlist only,42,0.0,0.0,0.1,83.4,0,,nan,1698723712.0,1838.12
EEX,Emerald Expositions Events Inc,5.02,14,9,10,8,1,6,4,52,-10.0,40.0,Weak,Watchlist only,49,0.0,0.2,0.5,57.0,1,,Communication Services,983609984.0,120359.95
FTCO,Fortitude Gold Corp,4.83,9,5,6,13,3,0,4,40,0.0,40.0,Weak,Watchlist only,39,-0.4,4.5,-0.3,48.7,2,,Basic Materials,130781632.0,69766.88
AVCTF,Avacta Group Plc,1.0,4,4,10,8,6,5,4,41,-5.0,39.0,Poor,Stay away,44,0.0,0.0,-0.6,44.8,1,,Healthcare,455110272.0,5244.28
ITGDF,Integral Diagnostics Limited,1.0,8,3,9,8,3,1,4,36,0.0,39.0,Poor,Stay away,28,0.0,0.0,-0.0,0.0,0,,Healthcare,373066528.0,6.6
INCR,InterCure Ltd.,1.0,16,4,3,8,5,5,5,46,-7.0,39.0,Poor,Stay away,57,4.2,5.4,3.2,54.0,1,,Healthcare,55780432.0,59489.59
CONC,ConectiSys Corporation,1.0,9,6,10,9,4,2,4,44,-8.0,39.0,Poor,Stay away,35,0.0,0.0,0.0,79.1,1,,Financial Services,888579.0,4.6
SCTTF,Scott Technology Limited,1.14,8,3,9,8,3,1,4,36,0.0,39.0,Poor,Stay away,30,0.0,0.0,-0.0,0.0,0,,Industrials,95869136.0,75.0
RHEP,"Regional Health Properties, Inc.",1.168,6,16,3,10,3,2,2,42,-1.0,39.0,Poor,Stay away,27,10.0,-2.7,2.6,50.7,1,,Healthcare,4709600.0,4818.44
GMXTF,GMéxico Transportes S.A.B. de C.V,1.23,8,3,9,8,3,1,4,36,0.0,39.0,Poor,Stay away,31,0.0,0.0,-0.0,2.4,0,,Industrials,4940832768.0,9.31
DCMDF,DATA Communications Management Corp,1.165,3,7,7,10,4,5,3,39,0.0,39.0,Poor,Stay away,47,-1.3,-2.1,-2.6,34.6,1,,Industrials,69133128.0,6000.0
PYIYF,Property For Industry Ltd.,1.26,12,6,11,6,3,2,4,44,-10.0,39.0,Poor,🔥 COILED: Stay away,51,0.0,0.0,0.0,50.0,0,,Real Estate,632997568.0,650.0
SKWG,Skywealth Group Inc,1.47,5,3,10,9,3,2,4,36,0.0,39.0,Poor,Stay away,35,0.0,0.0,-0.0,0.0,0,,Industrials,330750.0,2.96
MAYNF,Mayne Pharma Group Limited,1.65,6,7,8,10,3,3,4,41,-5.0,39.0,Poor,Stay away,28,0.0,6.5,-3.3,41.3,1,,Healthcare,129993320.0,0.0
REAX,Real Brokerage Inc,1.77,8,11,6,7,4,2,4,42,-3.0,39.0,Poor,Stay away,28,2.9,5.4,1.8,49.3,2,,Real Estate,347669376.0,2171993.21
NNUP,Nocopi Technologies Inc,1.656,11,4,2,10,5,4,5,41,-5.0,39.0,Poor,Stay away,37,-5.4,-5.4,-3.0,47.6,1,,Basic Materials,20883220.0,2902.64
HANOF,HANOF,1.92,5,3,10,9,3,2,4,36,0.0,39.0,Poor,Stay away,30,0.0,0.0,-0.0,0.0,0,,Technology,602782976.0,2.5
ZMTBY,Zumtobel Group AG,1.92,8,3,10,7,3,1,4,36,0.0,39.0,Poor,Stay away,34,0.0,0.0,-0.0,5.6,0,,Industrials,162576816.0,46.27
PLX,Protalix Biotherapeutics Inc,2.24,15,14,7,4,4,5,5,54,-15.0,39.0,Poor,Stay away,48,8.7,13.1,7.3,62.4,2,,Healthcare,161948992.0,914259.83
EDVGF,Endeavour Group Limited,2.25,12,6,2,8,4,2,5,39,0.0,39.0,Poor,Stay away,29,9.7,9.7,3.9,56.8,1,,Consumer Defensive,3683392512.0,155.5
SSCC,SMURFIT-STONE CONTAINER Corp,2.22,7,6,10,8,3,1,4,39,-5.0,39.0,Poor,🔥 COILED: Stay away,37,0.0,0.0,0.0,50.0,1,,Technology,260140752.0,0.04
CABI,Cabbacis Inc.,2.0,5,7,4,13,3,3,4,39,0.0,39.0,Poor,Stay away,0,0.0,0.0,-8.0,11.1,0,,Consumer Defensive,15584014.0,0.0
CLWY,Calloway's Nursery Inc,2.05,5,3,10,9,3,2,4,36,0.0,39.0,Poor,Stay away,29,0.0,0.0,-0.0,0.0,0,,Consumer Cyclical,15646768.0,0.0
TKLF,Yoshitsu Co Ltd ADR,2.04,7,9,5,12,4,2,5,44,-3.0,39.0,Poor,Stay away,19,-0.5,2.5,0.1,49.4,0,,Consumer Cyclical,7851809.0,80299.14
WIIOX,WASATCH INTERNATIONAL OPPORTUNITIES FUND INSTITUTIONAL CLASS SHARES,1.96,3,8,6,7,6,1,3,34,0.0,39.0,Poor,🔥 COILED: Stay away,30,-2.0,0.5,-1.0,46.1,0,,nan,0.0,0.0
LLOBF,Lloyds Banking Group plc 9.25% NON-CUM IRR PRF SHS GBP0.25,2.0,9,6,3,8,4,3,4,37,2.0,39.0,Poor,Stay away,27,0.0,0.0,-0.1,47.0,0,,Other,nan,86.25
ZJYL,JIN MEDICAL INTERNATIONAL LTD. Ordinary Shares,2.46,12,13,4,3,5,7,5,49,-8.0,39.0,Poor,Stay away,47,2.9,7.4,1.0,51.9,0,,Healthcare,19333568.0,117297.64
AVXL,Anavex Life Sciences Corp,2.56,7,14,6,8,2,2,2,41,-5.0,39.0,Poor,Stay away,17,1.6,0.8,-3.9,42.3,1,,Healthcare,261334352.0,1713931.36
INGEF,Ingenia Communities Group,2.875,5,2,9,12,6,3,2,39,0.0,39.0,Poor,Stay away,32,0.0,0.0,-0.7,27.6,0,,Real Estate,1171801856.0,214.48
EQ,Equillium Inc,2.85,11,7,8,11,5,0,5,47,-8.0,39.0,Poor,Stay away,66,3.6,5.6,2.9,55.2,1,,Healthcare,184261152.0,823495.81
AIIO,Robo.ai Inc.,3.04,10,10,7,9,5,3,4,48,-9.0,39.0,Poor,Stay away,55,20.2,7.4,7.2,54.4,1,,Consumer Cyclical,55789548.0,4175162.61
WHLM,Wilhelmina,2.75,3,3,10,8,3,5,4,36,0.0,39.0,Poor,Stay away,23,0.0,0.0,-1.4,19.9,0,,Industrials,13529574.0,424.76
PYYX,Pyxus International Inc,3.49,10,3,4,14,5,2,5,43,-2.0,39.0,Poor,Stay away,46,-0.3,-10.1,6.5,61.8,0,,Consumer Defensive,67917504.0,4845.05
RAAQW,Real Asset Acquisition Corp.,3.449,19,4,5,16,7,5,5,61,-22,39,Poor,Stay away,70,165.3,165.3,61.6,70.4,2,8,nan,nan,52942.71
ELLRY,ElringKlinger AG,3.4,12,4,4,9,6,0,4,39,0.0,39.0,Poor,Stay away,50,0.0,0.0,0.4,59.2,1,,Consumer Cyclical,430847968.0,177.4
CMU,MFS High Yield Municipal Closed Fund,3.73,18,11,4,4,6,4,5,52,-13.0,39.0,Poor,Stay away,56,11.3,12.7,8.6,74.9,2,,Financial Services,85655744.0,96570.12
IMOPX,VOYA MIDCAP OPPORTUNITIES PORTFOLIO CLASS S2,3.53,11,8,5,7,6,4,5,46,-12.0,39.0,Poor,🔥 COILED: Stay away,47,0.0,3.2,1.5,57.3,0,,nan,0.0,0.0
PTXLF,PTT Exploration and Production Public Company Limited,3.5,7,3,10,7,3,2,4,36,0.0,39.0,Poor,Stay away,37,0.0,0.0,-0.0,13.4,0,,Energy,13896693760.0,3.0
POELF,The Navigator Company S.A,3.6,7,3,9,9,3,1,4,36,0.0,39.0,Poor,Stay away,28,0.0,0.0,-0.0,0.0,0,,Basic Materials,2560258816.0,354.28
ASOMY,ASOS plc PK,3.66,10,13,8,6,6,4,5,52,-13.0,39.0,Poor,Stay away,63,-0.8,-4.7,2.4,56.9,1,,Consumer Cyclical,424752992.0,1564.44
XCMUX,MFS High Yield Municipal Trust,3.73,9,7,7,6,4,4,5,42,-8.0,39.0,Poor,🔥 COILED: Stay away,34,0.0,0.0,0.0,50.0,0,,Other,0.0,0.0
AMBP,Ardagh Metal Packaging SA,4.48,17,7,4,15,5,7,5,60,-21.0,39.0,Poor,Stay away,60,2.8,10.1,5.8,67.3,3,,Consumer Cyclical,2378871040.0,1290551.54
ISMOX,VOYA MIDCAP OPPORTUNITIES PORTFOLIO CLASS S,3.96,11,8,5,7,6,4,5,46,-12.0,39.0,Poor,🔥 COILED: Stay away,47,0.3,3.1,1.6,57.7,0,,nan,0.0,0.0
RGTZ,Defiance Daily Target 2x Short RGTI ETF,3.77,3,11,3,10,3,4,5,39,2.0,39.0,Poor,Stay away,24,7.4,-9.4,-14.2,40.6,0,,nan,nan,0.0
HNGZY,Hangzhou Tigermed Consulting Co. Ltd,4,5,4,9,8,3,1,4,34,0.0,39.0,Poor,🔥 COILED: Stay away,28,0.0,0.0,0.0,50.0,0,,Healthcare,3444104192.0,30.6
SUSRF,Surgical Science Sweden AB (publ),4.0,14,3,11,9,6,2,4,49,-13.0,39.0,Poor,Stay away,40,0.0,0.0,2.4,92.0,0,,Healthcare,280117536.0,525.93
SHTPY,SHTPY,4.37,5,3,10,9,3,2,4,36,0.0,39.0,Poor,Stay away,35,0.0,0.0,-0.0,0.0,0,,Healthcare,2632743680.0,5.51
RWGFX,RIVERPARK/WEDGEWOOD FUND RETAIL CLASS,4.25,3,11,1,9,6,2,4,36,0.0,39.0,Poor,Stay away,33,-2.1,-0.9,-0.7,47.0,0,,nan,0.0,0.0
FRMUF,Firm Capital Property Trust,4.85,16,5,8,9,6,3,5,52,-13.0,39.0,Poor,Stay away,55,1.0,1.0,0.7,98.5,0,,Real Estate,177243264.0,1082.44
PGNT,Paragon Technologies Inc,4.95,7,5,9,8,6,2,4,41,-5.0,39.0,Poor,Stay away,37,0.0,-1.0,-0.4,44.3,1,,Technology,8781225.0,932.3
EMDCX,PRUDENTIAL EMERGING MARKETS DEBT LOCAL CURRENCY FUND CLASS C,4.89,6,8,3,7,6,2,4,36,0.0,39.0,Poor,Stay away,32,-1.6,1.0,-0.1,49.4,0,,nan,0.0,0.0
EMDAX,PRUDENTIAL EMERGING MARKETS DEBT LOCAL CURRENCY FUND CLASS A,4.85,6,8,4,7,3,2,4,34,0.0,39.0,Poor,🔥 COILED: Stay away,29,-1.6,1.0,-0.2,48.5,0,,nan,0.0,0.0
EMDQX,PRUDENTIAL EMERGING MARKETS DEBT LOCAL CURRENCY FUND CLASS Q,4.89,6,8,4,7,3,2,4,34,0.0,39.0,Poor,🔥 COILED: Stay away,31,-1.6,1.0,-0.2,48.2,0,,nan,0.0,0.0
PBHAX,PRUDENTIAL HIGH YIELD FUND CLASS A,4.79,7,13,4,6,6,2,4,42,-8.0,39.0,Poor,🔥 COILED: Stay away,34,-0.2,0.2,-0.0,49.0,0,,nan,0.0,0.0
NUAIW,"New Era Energy & Digital, Inc.",2.62,19,6,4,16,5,4,5,59,-20.2,38.8,Poor,Stay away,67,45.6,45.6,24.0,71.9,2,,nan,nan,137413.66
SOSAF,SosTravel.com S.P.A.,1.01,4,4,9,8,3,1,4,33,0.0,38.0,Poor,🔥 COILED: Stay away,29,0.0,0.0,0.0,50.0,0,,Consumer Cyclical,13216139.0,0.72
JOCXX,JPMorgan Trust IV - Institutional Tax Free Money Market Fund,1.0,11,7,4,6,4,2,4,38,-8.0,38.0,Poor,🔥 COILED: Stay away,40,0.0,0.0,0.0,51.9,0,,nan,nan,0.0
PRSXX,PRSXX,1.0,4,10,2,8,3,2,4,33,2.0,38.0,Poor,Stay away,27,0.0,-0.0,-0.0,43.2,0,,nan,nan,0.0
VYAXX,Voya Funds Trust - Government Money Market Fund Series II,1.0,18,9,4,8,4,4,4,51,-13.0,38.0,Poor,Stay away,42,0.0,0.0,0.0,88.8,0,,nan,nan,0.0
HRGN,Harvard Apparatus Regenerative Technology Inc.,1.39,11,11,4,16,4,2,4,52,-19.0,38.0,Poor,Stay away,29,21.9,28.7,13.2,59.5,3,,Consumer Defensive,19690434.0,2143.13
SDA,SunCar Technology Group Inc.,0.78,4,10,1,8,4,4,5,36,2.0,38.0,Poor,Stay away,28,1.9,-29.1,-11.1,41.4,0,,Consumer Cyclical,140772912.0,418133.21
PETZ,TDH Holdings Inc,1.35,13,2,2,13,5,0,5,40,0.0,38.0,Poor,Stay away,53,-10.0,10.7,0.4,53.5,2,,Consumer Cyclical,12181456.0,164739.57
MGIMF,Verve Group SE,1.2,8,3,9,7,3,1,4,35,0.0,38.0,Poor,Stay away,28,0.0,0.0,-0.0,1.1,0,,Technology,411740896.0,53.5
SKHRF,Stakeholder Gold Corp,1.15,11,4,4,9,6,4,5,43,-5.0,38.0,Poor,Stay away,58,-7.3,-4.2,-1.6,50.9,1,,Basic Materials,27349696.0,3043.21
ASNFF,ASNFF,1.25,10,7,11,6,3,2,4,43,-10.0,38.0,Poor,🔥 COILED: Stay away,51,0.0,0.0,0.0,50.0,0,,Technology,1174951680.0,1.15
VGLIF,VGLIF,1.25,8,3,7,7,4,2,4,35,0.0,38.0,Poor,Stay away,43,0.0,0.0,-0.0,0.1,0,,Technology,298542976.0,320.5
BOLD,"Boundless Bio, Inc. Common Stock",2.6,18,6,5,16,7,2,5,59,-21,38,Poor,Stay away,74,84.4,85.7,58.8,89.0,3,9,Healthcare,32348322.0,161514.42
RDGT,"Ridgetech, Inc.",1.64,13,11,5,5,7,2,5,48,-11.0,38.0,Poor,Stay away,43,10.1,5.8,5.6,52.3,1,,Healthcare,1618032.0,187331.34
NTIP,Network-1 Technologies Inc,1.47,6,5,9,9,3,4,4,40,-5.0,38.0,Poor,Stay away,39,0.0,0.7,-0.7,48.0,1,,Industrials,33953920.0,182383.04
CVALF,Covalon Technologies Ltd,1.56,13,6,8,5,3,5,3,43,-8.0,38.0,Poor,Stay away,63,0.6,2.6,1.6,56.0,0,,Healthcare,43084196.0,8491.01
RFGPF,Retail Food Group Limited,1.6,5,4,9,8,1,2,4,33,0.0,38.0,Poor,🔥 COILED: Stay away,32,0.0,0.0,0.0,50.0,0,,Consumer Cyclical,101135048.0,2300.0
TWIRF,Tree Island Steel Ltd,1.64,6,8,4,10,3,5,2,38,0.0,38.0,Poor,Stay away,11,0.0,-2.4,-2.1,31.4,1,,Basic Materials,43471140.0,0.0
CSTE,Caesarstone Ltd,1.93,16,16,9,9,6,4,4,64,-24.0,38.0,Poor,Stay away,46,1.0,10.9,7.8,62.2,4,,Industrials,59818344.0,459980.86
ELLKF,Ellaktor S.A,1.85,14,6,12,7,3,5,4,51,-18.0,38.0,Poor,🔥 COILED: Stay away,47,0.0,0.0,0.2,99.0,1,,Industrials,726946432.0,0.0
AUMC,Auryn Mining Corp,1.74,10,5,3,10,5,2,3,38,0.0,38.0,Poor,Stay away,51,0.6,-5.9,-1.8,47.0,0,,Basic Materials,133000000.0,4491.38
SPHIF,Super Hi International Holding Ltd.,1.9,5,3,10,8,3,2,4,35,0.0,38.0,Poor,Stay away,32,0.0,0.0,-0.0,9.7,0,,Consumer Cyclical,1117895424.0,29.84
LXRX,Lexicon Pharmaceuticals Inc,2.22,16,10,6,10,7,3,5,57,-19.0,38.0,Poor,Stay away,68,13.8,18.1,9.4,64.6,3,,Healthcare,843973120.0,2439753.74
WAIOX,WASATCH INTERNATIONAL OPPORTUNITIES FUND INVESTOR CLASS SHARES,1.89,4,6,6,7,6,1,3,33,0.0,38.0,Poor,🔥 COILED: Stay away,30,-2.1,0.0,-1.1,45.6,0,,nan,0.0,0.0
QUEXF,Q2 Metals Corp.,2.14,10,8,8,12,7,0,3,48,-8.0,38.0,Poor,Stay away,51,-3.2,2.9,-2.1,48.1,1,,Basic Materials,426579008.0,35922.09
KGGNF,Kogan.com Ltd,2.16,8,3,9,7,3,1,4,35,0.0,38.0,Poor,Stay away,28,0.0,0.0,-0.0,0.1,1,,Consumer Cyclical,206542304.0,5.15
CIBEY,Commercial International Bank,2.57,15,11,3,8,5,2,5,49,-11.0,38.0,Poor,Stay away,44,-2.3,6.2,2.0,56.1,0,,Financial Services,8050238464.0,13047.64
FGROF,FirstGroup plc,2.38,4,3,10,8,3,3,4,35,0.0,38.0,Poor,Stay away,26,0.0,0.0,-0.0,0.5,0,,Industrials,1357823488.0,80.0
JVTSF,Juventus Football Club S.p.A,2.45,7,6,8,10,0,2,5,38,-3.0,38.0,Poor,Stay away,37,-3.7,0.6,-1.4,47.1,2,,Communication Services,1015477696.0,0.0
AUUAF,AUUAF,2.5,17,14,12,13,4,2,5,67,-29,38,Poor,Stay away,57,11.9,14.2,9.3,64.9,4,,Consumer Cyclical,73150216.0,5909.0
GIPIF,Green Impact Partners Inc,2.25,8,6,10,7,3,2,4,40,-5.0,38.0,Poor,Stay away,38,0.0,0.0,-0.0,33.4,1,,Industrials,47230416.0,22.0
MPMCX,BNY MELLON MID CAP MULTI-STRATEGY FUND CLASS M SHARES,2.48,9,5,9,5,6,2,4,40,-10.0,38.0,Poor,🔥 COILED: Stay away,30,0.0,0.0,0.1,52.3,0,,nan,0.0,0.0
TGAFF,Taiga Building Products Ltd,2.62,6,3,10,8,3,1,4,35,0.0,38.0,Poor,Stay away,44,0.0,0.0,-0.1,5.4,0,,Industrials,282814624.0,230.53
XMINX,MFS Intermediate Income Trust,2.61,2,12,2,8,3,2,4,33,2.0,38.0,Poor,Stay away,28,0.0,-0.4,-0.1,44.0,0,,Other,0.0,0.0
NCEL,NewcelX Ltd.,3.59,17,12,5,11,9,3,5,62,-22.0,38.0,Poor,Stay away,53,11.8,13.2,8.2,60.1,3,,Healthcare,17013032.0,111558.62
RMDCX,ALLIANZGI MID-CAP FUND C,2.7,11,6,6,7,3,2,5,40,-10.0,38.0,Poor,🔥 COILED: Stay away,33,-1.8,0.4,0.0,52.1,0,,nan,0.0,0.0
RKLZ,Defiance Daily Target 2x Short RKLB ETF,4.01,7,12,5,14,3,3,5,49,-9.0,38.0,Poor,Stay away,34,41.7,39.2,21.8,51.6,2,,nan,nan,0.0
YMDAF,Yamada Holdings Co. Ltd,3.16,10,7,11,6,3,2,4,43,-10.0,38.0,Poor,🔥 COILED: Stay away,35,0.0,0.0,0.0,50.0,0,,Consumer Cyclical,2059765120.0,0.0
BTSGY,BTS Group Holdings PCL ADR,3.08,5,4,10,7,3,2,4,35,0.0,38.0,Poor,Stay away,34,0.0,0.0,-0.0,0.0,0,,Industrials,656627136.0,0.0
NXFNF,Next Fifteen Communications Group plc,3.288,17,9,8,9,3,4,5,55,-13.0,38.0,Poor,Stay away,0,3.1,3.1,2.8,92.7,1,,Communication Services,322080256.0,0.0
BLRX,BioLineRx Ltd,3.37,12,11,3,5,9,3,5,48,-8.0,38.0,Poor,Stay away,63,10.5,5.0,4.6,56.4,0,,Healthcare,14960542.0,34229.93
OLCYX,Oppenheimer Roc Limited Term Ca Muni Cla,3.13,12,6,12,6,3,2,4,45,-12.0,38.0,Poor,🔥 COILED: Stay away,47,0.0,0.0,0.1,61.5,0,,nan,0.0,0.0
OLCAX,Oppenheimer Rochester Ltd Term CA MuniA,3.13,14,7,6,6,3,2,4,42,-9.0,38.0,Poor,🔥 COILED: Stay away,51,0.0,0.0,0.2,60.1,0,,nan,0.0,0.0
BEVFF,Diversified Royalty Corp,3.42,17,3,5,3,3,8,4,43,-10.0,38.0,Poor,🔥 COILED: Stay away,51,1.2,0.3,0.4,53.6,0,,Industrials,575459200.0,8278.77
SANG,Sangoma Technologies Corp,3.72,8,6,2,13,2,3,4,38,-3.0,38.0,Poor,Stay away,24,3.9,7.5,0.9,50.0,1,,Technology,117141344.0,5989.89
RUMOF,Rumo S.A,3.8,5,4,10,7,3,2,4,35,0.0,38.0,Poor,Stay away,34,0.0,0.0,-0.0,0.0,0,,Industrials,7051605504.0,50.0
PRLD,Prelude Therapeutics Inc,4.27,12,10,8,8,5,7,5,55,-20.0,38.0,Poor,Stay away,44,1.7,8.4,1.2,51.5,3,,Healthcare,324952832.0,701732.34
UEIC,Universal Electronics Inc,4.25,17,14,7,14,5,2,5,64,-24.0,38.0,Poor,Stay away,60,7.3,11.0,5.1,61.1,4,,Technology,51152724.0,72863.15
PHCHX,VIRTUS HIGH YIELD FUND CLASS A,3.8,6,13,4,6,6,2,4,41,-8.0,38.0,Poor,🔥 COILED: Stay away,34,-0.3,0.3,0.0,50.1,0,,nan,0.0,0.0
KYIVW,Kyivstar Group Ltd. Warrant,5.72,18,7,5,14,6,7,5,62,-24,38,Poor,Stay away,62,50.5,50.5,34.5,99.9,2,6,nan,nan,24350.0
MNSAF,Mineros S.A.,4.32,14,5,4,8,3,3,5,42,-4.0,38.0,Poor,Stay away,49,-6.1,17.1,0.0,51.2,2,,Basic Materials,1209415296.0,15761.69
FIP,FTAI Infrastructure Inc.,4.69,5,9,7,7,4,4,5,41,-3.0,38.0,Poor,Stay away,20,-3.5,2.9,0.3,49.6,1,,Industrials,510466560.0,1384257.37
CRYCY,China Railway Signal & Communication Corporation Limited,4.48,15,4,5,9,6,4,5,48,-13.0,38.0,Poor,Stay away,64,0.0,2.4,1.2,99.7,0,,Industrials,4633046016.0,56.04
CHYCY,Chiyoda Corp ADR,4.45,3,2,10,9,3,3,5,35,0.0,38.0,Poor,Stay away,25,0.0,0.0,-2.6,29.9,0,,Industrials,1153276160.0,86.23
TIGR,Up Fintech Holding Ltd,4.66,5,12,4,11,2,4,2,40,0.0,38.0,Poor,Stay away,14,0.2,-1.3,-5.3,37.3,0,,Financial Services,850615168.0,4341213.09
REMYY,Remy Cointreau SA ADR,4.967,10,9,3,9,6,1,5,43,-3.0,38.0,Poor,Stay away,42,-4.5,-2.4,1.3,53.7,0,,Consumer Defensive,2490254848.0,16491.45
YAHOY,Z Holdings Corp ADR,4.97,1,13,7,9,6,1,4,41,-3.0,38.0,Poor,Stay away,23,-3.5,-0.9,-2.0,42.8,0,,Consumer Cyclical,17165669376.0,311778.86
GDRZF,Gold Reserve Inc,4.37,3,5,6,13,7,2,2,38,-5.0,38.0,Poor,Stay away,45,-7.8,-10.8,-6.6,36.8,1,,Basic Materials,730473088.0,166881.89
CGXYF,China Galaxy Securities Co. Ltd,1.0,10,6,11,6,3,2,4,42,-10.0,37.0,Poor,🔥 COILED: Stay away,35,0.0,0.0,0.0,50.0,0,,Financial Services,10934402048.0,0.0
LGBOF,Lingbao Gold Group Company Ltd.,1.0,10,6,11,6,3,2,4,42,-10.0,37.0,Poor,🔥 COILED: Stay away,52,0.0,0.0,0.0,50.0,0,,Basic Materials,1379396992.0,0.0
TRSNF,TRSNF,1.0,5,3,10,7,3,2,4,34,0.0,37.0,Poor,Stay away,33,0.0,0.0,-0.0,0.0,0,,Utilities,444673792.0,5.0
FRAZ,Francisco Industries Inc,1.05,9,6,11,6,4,2,4,42,-10.0,37.0,Poor,🔥 COILED: Stay away,50,0.0,0.0,0.0,50.0,0,,Consumer Defensive,nan,24.98
AIKO,Alternative Investment Corporation,1.13,8,4,9,8,3,1,4,37,-5.0,37.0,Poor,🔥 COILED: Stay away,35,0.0,0.0,-0.0,43.6,1,,Financial Services,17602666.0,4.5
CSYJF,CSE Global Limited,1.03,1,9,4,7,6,3,2,32,2.0,37.0,Poor,Stay away,50,0.0,7.3,-4.8,42.0,0,,Technology,868779328.0,0.0
NOWG,Nowigence Inc.,1.24,11,4,8,10,3,2,4,42,-5.0,37.0,Poor,Stay away,37,0.0,0.0,-0.3,47.6,1,,Technology,16162911.0,407.91
AUHEF,Anhui Expressway Company Limited,1.27,5,3,10,7,3,2,4,34,0.0,37.0,Poor,Stay away,37,0.0,0.0,-0.0,0.0,0,,Industrials,2169911552.0,0.0
HSWLF,Hostelworld Group plc,1.25,5,3,10,7,3,2,4,34,0.0,37.0,Poor,Stay away,18,0.0,0.0,-0.0,2.8,0,,Consumer Cyclical,154111216.0,506.61
BSKZF,Bambuser AB (publ),1.39,9,4,11,7,4,2,4,41,-7.0,37.0,Poor,Stay away,47,0.0,0.0,0.0,64.5,1,,Technology,11192210.0,50.48
MPPTF,Mpact Limited,1.4,5,3,10,7,3,2,4,34,0.0,37.0,Poor,Stay away,33,0.0,0.0,-0.0,0.0,0,,Consumer Cyclical,203525840.0,0.0
SHPMF,Shanghai Pharmaceuticals Holding Co. Ltd,1.46,5,3,10,7,3,2,4,34,0.0,37.0,Poor,Stay away,0,0.0,0.0,-0.0,0.0,0,,Healthcare,5414208512.0,0.0
GRWPF,Growthpoint Properties Australia,1.54,5,3,10,7,3,2,4,34,0.0,37.0,Poor,Stay away,33,0.0,0.0,-0.0,0.0,1,,Real Estate,1161626240.0,0.0
CURV,Torrid Holdings Inc,2.1,17,11,6,14,4,4,5,61,-22.0,37.0,Poor,Stay away,65,5.0,21.4,16.1,67.2,3,,Consumer Cyclical,138302880.0,659790.65
HYHHF,Hygeia Healthcare Holdings Co Ltd,1.68,5,3,10,7,3,2,4,34,0.0,37.0,Poor,Stay away,32,0.0,0.0,-0.0,0.0,0,,Healthcare,1025346624.0,4.5
AIB,"BlockchAIn Digital Infrastructure, Inc",2.21,18,13,5,10,5,3,2,56,-20.0,37.0,Poor,Stay away,0,10.0,36.4,6.7,54.6,3,,Technology,77927488.0,0.0
OST,Ostin Technology Group Co Ltd,1.695,6,4,10,8,3,2,4,37,-5.0,37.0,Poor,🔥 COILED: Stay away,50,0.0,0.0,-0.0,50.1,1,,Technology,10108845.0,10073.31
FTEXX,Fidelity Union Street Trust II - Fidelity Municipal Money Market Fund,2.28,13,6,5,7,1,0,5,37,0.0,37.0,Poor,Stay away,39,-5.8,17.5,5.8,58.1,2,,nan,nan,0.0
CRTHF,CARsgen Therapeutics Holdings Limited,2.0,16,3,4,9,6,1,5,44,-7.0,37.0,Poor,Stay away,54,0.0,0.0,3.6,62.2,1,,Healthcare,981320192.0,14.0
TURB,"Turbo Energy, S.A. American Depositary Shares",1.47,3,11,5,11,3,2,5,40,-1.0,37.0,Poor,Stay away,42,-0.7,-4.5,-0.2,48.8,1,,Technology,20789652.0,2972179.76
SYKWF,SKY Network Television Limited,1.89,10,6,11,6,3,2,4,42,-10.0,37.0,Poor,🔥 COILED: Stay away,36,0.0,0.0,0.0,50.0,0,,Communication Services,234047520.0,0.0
HCAT,Health Catalyst Inc,1.72,13,5,3,9,5,2,5,42,-5.0,37.0,Poor,Stay away,41,-3.4,0.6,4.0,56.2,1,,Healthcare,99756920.0,865084.89
CRRNF,Cairn Homes plc,1.99,10,6,11,6,3,2,4,42,-10.0,37.0,Poor,🔥 COILED: Stay away,43,0.0,0.0,0.0,50.0,0,,Consumer Cyclical,1236098944.0,0.0
GITS,"Global Interactive Technologies, Inc",2.38,16,11,5,15,5,3,5,60,-21,37,Poor,Stay away,61,50.6,25.6,29.2,63.3,3,8,Communication Services,7679094.0,843290.79
LFS,"LEIFRAS Co., Ltd. American Depositary Shares",2.39,12,15,4,4,5,4,2,46,-8.0,37.0,Poor,Stay away,46,13.8,20.7,7.4,54.7,2,,Communication Services,54675692.0,0.0
CMCAU,Capitalworks Emerging Markets Acquisition Corp Unit,2.0,5,3,10,7,3,2,4,34,0.0,37.0,Poor,Stay away,32,0.0,0.0,-0.0,0.0,0,,Financial Services,nan,4.0
TLGUF,TLGUF,2.0,5,3,10,7,3,2,4,34,0.0,37.0,Poor,Stay away,32,0.0,0.0,-0.0,0.0,0,,Financial Services,nan,1.0
LLESF,Lend Lease Group,2.29,7,6,5,8,3,1,4,34,0.0,37.0,Poor,Stay away,18,0.0,0.0,-0.1,15.8,1,,Real Estate,2272122880.0,0.0
MOPLF,Molinos Rio de la Plata S.A.,2.35,9,6,11,6,4,2,4,42,-10.0,37.0,Poor,🔥 COILED: Stay away,50,0.0,0.0,0.0,50.0,1,,Consumer Defensive,473325504.0,46.97
JZCLF,JZ Capital Partners Limited,2.25,5,3,10,7,3,2,4,34,0.0,37.0,Poor,Stay away,33,0.0,0.0,-0.0,0.0,0,,nan,224700448.0,15.0
GBGPF,GB Group plc,2.62,8,3,7,8,3,1,4,34,0.0,37.0,Poor,Stay away,25,0.0,0.0,-0.0,0.0,0,,Technology,605126208.0,560.31
GYYMF,The Gym Group plc,2.67,15,5,5,10,6,4,5,50,-13.0,37.0,Poor,Stay away,63,0.0,0.0,6.2,100.0,0,,Consumer Cyclical,464552832.0,6.75
KLNG,Koil Energy Solutions Inc.,2.61,9,4,8,11,3,4,5,44,-10.0,37.0,Poor,Stay away,53,-6.8,-0.8,-1.3,51.1,0,,Energy,31591512.0,27343.0
RCG,RENN Fund Inc,2.731,3,12,8,13,4,5,5,50,-13.0,37.0,Poor,Stay away,34,-0.7,-0.7,-0.9,46.5,0,,Financial Services,19538964.0,9264.84
IAMOX,VOYA MIDCAP OPPORTUNITIES PORTFOLIO CLASS ADV,2.95,12,8,5,7,6,1,5,44,-12.0,37.0,Poor,🔥 COILED: Stay away,47,0.0,3.1,1.5,57.7,0,,nan,0.0,0.0
MLACX,MAINSTAY LARGE CAP GROWTH FUND CLASS C,2.79,8,8,1,7,3,3,4,34,0.0,37.0,Poor,Stay away,28,-2.8,0.7,-1.1,47.7,0,,nan,0.0,0.0
HEGIF,Hengan Intl Group Ltd-H,3.2,4,6,10,7,0,3,4,34,0.0,37.0,Poor,Stay away,0,0.0,0.0,-0.0,33.4,0,,Consumer Defensive,3532390912.0,0.0
BDN,Brandywine Realty Trust,3.12,8,7,6,8,5,4,5,43,-6.0,37.0,Poor,Stay away,42,-2.5,-4.9,-0.2,51.1,1,,Real Estate,541980928.0,3005449.97
PEVM,Phoenix Motor Inc.,2.675,5,10,3,14,3,0,5,40,-3.0,37.0,Poor,Stay away,48,-14.1,-9.0,-3.6,46.4,1,,nan,102010424.0,965.29
JHHBX,JOHN HANCOCK FOCUSED HIGH YIELD FUND CLASS A,3.03,7,12,3,6,6,2,4,40,-8.0,37.0,Poor,🔥 COILED: Stay away,33,-0.3,0.3,0.0,49.7,0,,nan,0.0,0.0
HAIUF,Healthcare AI Acquisition Corp.,3.01,5,3,10,7,3,2,4,34,0.0,37.0,Poor,Stay away,32,0.0,0.0,-0.0,0.0,0,,Financial Services,nan,0.0
ILPMF,Permanent TSB Group Holdings plc,3.32,11,9,7,5,6,2,4,44,-12.0,37.0,Poor,🔥 COILED: Stay away,40,0.0,0.0,0.7,65.2,0,,Financial Services,1809372160.0,2690.0
BLMC,Biloxi Marsh Lands Corp,3.35,15,4,10,12,6,3,5,55,-23.0,37.0,Poor,🔥 COILED: Stay away,57,0.0,1.5,2.0,98.8,1,,Energy,6137318.0,0.0
FHTX,Foghorn Therapeutics Inc,4.08,9,8,7,9,2,5,2,42,-5.0,37.0,Poor,Stay away,19,1.7,5.4,0.2,48.8,1,,Healthcare,219590064.0,171339.7
THRY,Thryv Holdings Inc,3.78,9,14,6,3,7,0,5,44,-8.0,37.0,Poor,Stay away,40,-0.5,-0.5,2.4,53.1,1,,Technology,168529184.0,958244.46
HYINX,INVESCO HIGH YIELD FUND INVESTOR CLASS,3.53,6,13,3,6,6,2,4,40,-8.0,37.0,Poor,🔥 COILED: Stay away,38,-0.3,0.3,0.0,50.3,0,,nan,0.0,0.0
HYIFX,INVESCO HIGH YIELD FUND CLASS R6,3.53,6,13,3,6,6,2,4,40,-8.0,37.0,Poor,🔥 COILED: Stay away,39,-0.3,0.3,0.0,50.0,0,,nan,0.0,0.0
ECHIX,EATON VANCE HIGH INCOME OPPORTUNITIES FUND EATON VANCE HIGH INCOME OPPORTUNITIES FUND CLASS C,4.23,11,9,4,6,6,2,4,42,-10.0,37.0,Poor,🔥 COILED: Stay away,33,-0.2,0.2,0.0,50.7,0,,nan,0.0,0.0
EDAP,EDAP TMS SA,4.81,17,10,8,10,5,5,5,60,-23.0,37.0,Poor,Stay away,67,2.3,4.1,5.6,65.0,1,,Healthcare,161922176.0,67703.78
AEAEU,Altenergy Acquisition Corp Unit,4.5,5,3,10,7,3,2,4,34,0.0,37.0,Poor,Stay away,31,0.0,0.0,-0.0,0.0,0,,Financial Services,nan,1.34
CLSZ,Tradr 2X Short CLSK Daily ETF,4.55,5,7,6,12,3,2,2,37,0.0,37.0,Poor,Stay away,0,0.0,12.3,-6.6,37.9,2,,nan,nan,0.0
LFMD,LifeMD Inc,4.5,4,7,7,7,5,4,5,39,-5.0,37.0,Poor,Stay away,45,-6.6,-6.6,-3.3,47.2,1,,Healthcare,235525424.0,1177825.59
PLDIF,PLAIDInc,5.0,5,3,10,7,3,2,4,34,0.0,37.0,Poor,Stay away,38,0.0,0.0,-0.0,16.3,0,,Technology,205378864.0,19.75
GGROU,Golden Growers Cooperative,5.0,5,3,10,7,3,2,4,34,0.0,37.0,Poor,Stay away,36,0.0,0.0,-0.0,2.6,0,,Consumer Defensive,77452496.0,1245.0
EMDZX,PRUDENTIAL EMERGING MARKETS DEBT LOCAL CURRENCY FUND CLASS Z,4.9,6,8,4,7,3,2,4,34,0.0,37.0,Poor,Stay away,32,-1.6,1.0,-0.2,49.0,0,,nan,0.0,0.0
IINN,Inspira Technologies Oxy BHN Ltd,2.01,12,11,2,14,7,7,5,58,-21.5,36.5,Poor,Stay away,69,32.2,7.5,20.9,57.9,1,,Healthcare,16560119.0,7636669.46
EMTRF,Element 29 Resources Inc,1.13,19,14,6,11,6,7,5,68,-30,36,Poor,Stay away,60,17.1,15.3,10.6,60.9,4,,Basic Materials,188697568.0,72066.88
MCSXX,BlackRock Liquidity Funds - MuniCash,1.0,11,5,4,6,4,2,4,36,-8.0,36.0,Poor,🔥 COILED: Stay away,40,0.0,0.0,0.0,51.9,0,,nan,nan,0.0
FIUXX,First American Funds Inc. - First American Institutional Prime Obligations Fund,1.0,8,7,11,6,3,2,4,41,-10.0,36.0,Poor,🔥 COILED: Stay away,38,0.0,0.0,0.0,54.9,0,,nan,nan,0.0
PHPRF,Primary Health Properties PLC,1.31,12,6,11,8,4,1,4,46,-13.0,36.0,Poor,Stay away,48,0.0,0.0,1.6,90.6,0,,Real Estate,3399645440.0,217.61
PULM,Pulmatrix Inc,1.53,14,15,5,9,7,5,5,60,-22.0,36.0,Poor,Stay away,35,2.7,10.9,7.4,63.0,3,,Healthcare,4684055.0,26924.93
PEJMF,Peijia Medical Limited,1.387,8,4,9,7,3,1,4,36,-5.0,36.0,Poor,🔥 COILED: Stay away,30,0.0,0.0,-0.0,48.1,1,,Healthcare,928412224.0,3800.0
BKHAR,Black Hawk Acquisition Corporation Rights,1.64,16,5,7,8,3,1,5,45,-9.0,36.0,Poor,Stay away,54,21.5,21.5,12.6,63.1,2,,nan,1766400.0,0.0
FNDM,Fund.com Inc,1.5,10,8,11,6,3,2,4,44,-13.0,36.0,Poor,🔥 COILED: Stay away,32,0.0,0.0,0.0,46.3,1,,Financial Services,7913057.0,0.0
APTPF,Airports of Thailand Public Company Limited,1.725,17,4,5,9,3,6,5,49,-13.0,36.0,Poor,Stay away,63,0.0,8.5,3.2,100.0,1,,Industrials,18314999808.0,0.0
CPNNF,Central Pattana Public Company Limited,1.56,12,6,11,8,3,2,4,46,-13.0,36.0,Poor,Stay away,45,0.0,0.0,0.0,100.0,0,,Real Estate,7001668096.0,5.96
NZRFF,The New Zealand Refining Company Limited,1.62,10,6,11,7,6,2,4,46,-13.0,36.0,Poor,Stay away,54,0.0,0.0,0.0,98.9,0,,Energy,671310400.0,0.0
BRAG,Bragg Gaming Group Inc,1.7,5,14,7,9,4,2,3,44,-8.0,36.0,Poor,Stay away,26,1.8,0.6,-0.7,47.2,1,,Consumer Cyclical,44086972.0,45888.63
VNTEF,VNTEF,1.7,5,3,9,7,3,2,4,33,0.0,36.0,Poor,Stay away,0,0.0,0.0,-0.0,0.0,0,,Real Estate,466556000.0,0.0
PHUN,Phunware Inc,1.91,2,9,8,8,7,2,2,38,-3.0,36.0,Poor,Stay away,28,-2.6,-4.0,-2.7,43.4,1,,Technology,41099316.0,183813.24
NXDR,NXDR,2.17,15,11,8,10,5,0,5,54,-18.0,36.0,Poor,Stay away,54,-1.4,5.9,3.0,58.7,1,,Communication Services,770403200.0,3863828.03
MYCOF,Mydecine Innovations Group Inc,2.0,15,4,10,10,6,6,5,56,-20.0,36.0,Poor,Stay away,63,0.0,0.0,21.3,83.2,0,,Healthcare,103044568.0,0.0
CTRM,Castor Maritime Inc,2.09,10,7,1,10,5,2,5,40,-4.0,36.0,Poor,Stay away,44,-0.9,-4.1,-0.7,50.2,0,,Industrials,21740296.0,57554.58
SBFM,Sunshine Biopharma Inc,2.04,13,8,3,7,5,2,5,43,-5.0,36.0,Poor,Stay away,50,-4.7,-10.5,6.6,57.9,1,,Healthcare,39768224.0,515712.31
MBRX,Moleculin Biotech Inc,2.93,18,13,3,11,6,3,5,59,-23.0,36.0,Poor,Stay away,53,8.5,21.6,9.2,59.6,3,,Healthcare,12807243.0,218546.81
UHPSX,ULTRASHORT CHINA PROFUND ULTRASHORT CHINA PROFUND SERVICE CLASS,2.96,18,4,7,9,6,4,5,53,-17.0,36.0,Poor,Stay away,65,11.7,17.9,15.1,80.1,2,,nan,0.0,0.0
YSHLF,Yangzijiang Shipbuilding (Holdings) Ltd,2.63,3,3,8,11,3,3,2,33,0.0,36.0,Poor,Stay away,39,0.0,0.0,-3.6,32.2,0,,Industrials,11547103232.0,0.0
QUILF,Quilter plc,2.58,4,7,1,9,4,7,2,34,2.0,36.0,Poor,Stay away,29,0.0,0.0,-1.1,42.6,0,,Financial Services,3762778368.0,12.03
CERS,Cerus Corporation,2.64,13,12,4,1,7,6,3,46,-13.0,36.0,Poor,Stay away,51,6.9,2.3,1.1,52.7,1,,Healthcare,559029440.0,1711032.73
KPRX,Kiora Pharmaceuticals Inc,2.59,11,12,4,3,7,4,3,44,-13.0,36.0,Poor,🔥 COILED: Stay away,62,-1.1,0.0,0.5,51.1,2,,Healthcare,11496453.0,185673.01
UHPIX,ULTRASHORT CHINA PROFUND ULTRASHORT CHINA PROFUND INVESTOR CLASS,3.38,18,4,7,9,6,4,5,53,-17.0,36.0,Poor,Stay away,64,11.9,17.8,15.2,80.3,2,,nan,0.0,0.0
GENVR,Gen Digital Inc. Contingent Value Rights,1.28,7,12,2,9,6,0,2,38,0.0,36.0,Poor,Stay away,33,-12.9,-32.6,-15.5,45.5,0,,nan,nan,38001.29
KLTHF,Koolearn Technology Holding Limited,2.8,9,6,10,6,4,2,4,41,-10.0,36.0,Poor,🔥 COILED: Stay away,50,0.0,0.0,0.0,50.0,0,,Consumer Defensive,2947582976.0,762.5
AUTLF,Austal Limited,3.02,5,14,10,6,3,4,5,47,-11.0,36.0,Poor,Stay away,26,-1.6,-3.8,1.4,51.4,1,,Industrials,1160638080.0,7302.26
CESTY,Chinese Estates Holdings Ltd ADR,3.2,8,3,10,7,0,1,4,33,0.0,36.0,Poor,Stay away,32,0.0,0.0,-0.0,0.0,1,,Real Estate,305219040.0,3.55
TLSI,TriSalus Life Sciences Inc.,4.16,15,13,2,15,5,4,5,59,-21.0,36.0,Poor,Stay away,33,0.0,24.6,9.6,58.7,3,,Healthcare,202674560.0,219849.27
HSCCX,EAGLE SMALL CAP GROWTH FUND CLASS C,3.26,16,11,3,7,6,1,5,49,-13.0,36.0,Poor,Stay away,53,1.6,4.5,2.3,59.2,0,,nan,0.0,0.0
JYHIX,JOHN HANCOCK FOCUSED HIGH YIELD FUND CLASS I,3.03,7,12,2,6,6,2,4,39,-8.0,36.0,Poor,🔥 COILED: Stay away,34,-0.3,0.3,-0.0,49.3,0,,nan,0.0,0.0
IRWD,Ironwood Pharmaceuticals Inc,3.91,13,13,11,6,9,2,4,58,-23.0,36.0,Poor,Stay away,48,6.8,21.4,7.0,58.6,3,,Healthcare,533347456.0,2893320.39
PDGNF,Pendragon PLC,3.5,13,9,6,2,8,2,5,45,-9.0,36.0,Poor,Stay away,26,0.3,1.4,3.9,60.8,1,,Consumer Cyclical,376251488.0,1247.4
BOVNF,BioInvent International AB (publ),3.289,8,4,9,7,3,1,4,36,-5.0,36.0,Poor,🔥 COILED: Stay away,30,0.0,0.0,-0.0,45.5,1,,Healthcare,216404224.0,9.08
NEPH,Nephros Inc,3.35,8,13,5,4,9,2,2,43,-8.0,36.0,Poor,Stay away,39,5.0,3.1,0.5,50.4,1,,Healthcare,38975000.0,52035.42
PDRX,Pd-Rx Pharmaceutical,3.35,9,6,11,8,6,2,4,46,-13.0,36.0,Poor,Stay away,54,0.0,0.0,0.0,99.8,0,,Healthcare,5745551.0,121.28
ORYZF,Oryzon Genomics S.A,3.645,10,4,3,7,6,2,4,36,-3.0,36.0,Poor,Stay away,42,0.0,0.0,1.4,52.9,1,,Healthcare,286798240.0,230.98
AOAO,Alpha One Inc,3.55,5,4,9,8,3,3,4,36,-5.0,36.0,Poor,🔥 COILED: Stay away,33,0.0,0.0,-0.0,48.1,1,,Communication Services,38954460.0,0.4
AHYCX,INVESCO HIGH YIELD FUND CLASS C,3.53,6,13,2,6,6,2,4,39,-8.0,36.0,Poor,🔥 COILED: Stay away,35,-0.3,0.3,0.0,50.6,0,,nan,0.0,0.0
KSTOF,Kistos Holdings Plc,3.88,10,5,2,8,3,6,4,38,-5.0,36.0,Poor,Stay away,48,0.0,0.0,-0.1,52.5,1,,Energy,546491392.0,78.63
PTLO,Portillo's Inc,4.34,7,16,4,2,3,7,5,44,-6.0,36.0,Poor,Stay away,22,0.2,9.6,2.5,51.2,1,,Consumer Cyclical,279028608.0,2375749.03
TPCS,TechPrecision Corporation Common stock,3.85,9,15,5,6,9,2,3,49,-13.0,36.0,Poor,Stay away,43,10.6,6.1,3.5,55.0,2,,Industrials,39895156.0,42893.29
PHCIX,VIRTUS HIGH YIELD FUND CLASS I,3.81,6,12,3,6,6,2,4,39,-8.0,36.0,Poor,🔥 COILED: Stay away,33,-0.3,0.3,0.0,50.1,0,,nan,0.0,0.0
WIFMX,WASATCH FRONTIER EMERGING SMALL COUNTRIES FUND INSTITUTIONAL CLASS SHARES,3.78,8,8,2,7,3,1,4,33,0.0,36.0,Poor,Stay away,35,-2.8,1.9,-0.8,47.7,0,,nan,0.0,0.0
WHWK,"Whitehawk Therapeutics, Inc.",4.39,13,12,4,5,7,3,2,46,-15.0,36.0,Poor,🔥 COILED: Stay away,52,5.3,4.0,2.2,53.4,1,,Healthcare,214623696.0,698405.51
OPHLY,Ono Pharmaceutical Co Ltd,4.78,6,13,3,8,3,2,3,38,-2.0,36.0,Poor,Stay away,32,2.8,3.8,0.5,49.2,0,,Healthcare,6400777728.0,65242.43
CNNRF,Canadian Net Real Estate Investment Trust,4.63,3,4,7,10,0,5,4,33,0.0,36.0,Poor,Stay away,35,-1.9,-1.5,-1.5,45.0,0,,Real Estate,97775176.0,2506.0
APVO,Aptevo Therapeutics Inc,4.735,4,12,9,0,9,4,3,41,-8.0,36.0,Poor,Stay away,44,4.3,-0.5,-1.0,48.0,0,,Healthcare,5881615.0,177742.65
TBSIX,T. Rowe Price Short-Term Bond Fund I Cla,4.61,2,11,1,8,3,2,4,31,2.0,36.0,Poor,Stay away,30,-0.2,0.0,-0.1,47.5,0,,nan,0.0,0.0
HOJI,House of Jane Inc,1.0,5,3,9,7,3,1,4,32,0.0,35.0,Poor,Stay away,18,0.0,0.0,-0.2,0.0,0,,Consumer Defensive,11031895.0,12.0
NWTG,Newton Golf Company,1.03,7,6,8,15,2,2,5,45,-10.0,35.0,Poor,Stay away,17,2.0,3.5,-0.1,47.9,2,,Consumer Cyclical,4847513.0,76705.72
CCXIW,Churchill Capital Corp XI Warrants,4.5,19,10,6,8,6,7,5,61,-22,35,Poor,Stay away,0,246.2,309.1,221.3,94.3,2,8,nan,nan,0.0
WHGRF,WH Group Limited,1.1,15,5,5,4,6,2,5,42,-10.0,35.0,Poor,Stay away,32,11.1,3.8,1.9,51.6,0,,Consumer Defensive,14030552064.0,0.0
DDHRF,Dream Hard Asset Alternatives Trust Units,1.17,7,3,10,7,3,3,4,37,-5.0,35.0,Poor,Stay away,32,0.0,0.0,-0.5,37.0,1,,Real Estate,22287918.0,0.0
PVTRF,Pivotree Inc.,1.29,9,6,11,9,3,3,4,45,-13.0,35.0,Poor,Stay away,49,0.0,0.0,0.0,100.0,0,,Technology,33779236.0,91.25
ZKIN,ZK International Group Co Ltd,1.49,6,5,4,7,7,4,5,38,-3.0,35.0,Poor,Stay away,48,-2.0,-12.9,-0.1,50.1,1,,Basic Materials,75652248.0,36437.43
PGWFF,PGG Wrightson Limited,1.35,10,7,11,6,0,2,4,40,-10.0,35.0,Poor,🔥 COILED: Stay away,0,0.0,0.0,0.0,50.0,0,,Industrials,190219888.0,0.0
OPK,Opko Health Inc,1.49,12,10,4,11,7,3,5,52,-15.0,35.0,Poor,Stay away,60,7.2,3.5,6.5,70.3,2,,Healthcare,1147740160.0,2679669.91
IHT,InnSuites Hospitality Trust,1.77,17,11,5,14,6,9,5,67,-30,35,Poor,Stay away,62,30.1,22.9,19.3,71.2,3,,Real Estate,14375993.0,200719.22
PACB,Pacific Biosciences of California,1.44,5,17,6,4,4,2,5,43,-11.0,35.0,Poor,Stay away,43,6.7,5.1,4.3,53.9,2,,Healthcare,506280768.0,7220079.05
YITYY,Yit Oyj ADR,1.55,6,3,10,10,3,1,4,37,-5.0,35.0,Poor,Stay away,32,0.0,0.0,-0.1,7.4,1,,Industrials,715002752.0,7.5
TRUG,Trugolf Inc,1.35,3,10,5,13,3,2,2,38,-3.0,35.0,Poor,Stay away,19,0.0,-20.1,-10.8,39.2,2,,Consumer Cyclical,1737336.0,77974.75
HLFDF,Halfords Group plc,1.71,4,3,10,7,3,1,4,32,0.0,35.0,Poor,Stay away,17,0.0,0.0,-0.0,0.5,1,,Consumer Cyclical,403073760.0,0.0
HBPCF,Helix BioPharma Corp,1.71,6,3,9,8,3,4,4,37,-5.0,35.0,Poor,Stay away,38,0.0,0.0,-0.1,0.2,1,,Healthcare,130606544.0,8.5
HRBR,Harbor Diversified,1.7,13,2,9,10,6,2,5,47,-15.0,35.0,Poor,Stay away,58,0.0,-2.3,0.4,56.2,1,,Industrials,91150544.0,40658.5
RENX,RenX Enterprises Corp.,1.66,7,4,7,9,2,6,5,40,-5.0,35.0,Poor,Stay away,38,-6.7,-2.4,-5.3,43.7,1,,Real Estate,4312897.0,1134139.93
TCMFF,Telecom Argentina S.A,2.4,18,9,9,13,6,9,5,69,-30,35,Poor,Stay away,62,37.1,37.1,32.1,91.0,2,,Communication Services,3768954112.0,0.0
SIEB,Siebert Financial Corp,1.89,11,13,8,9,7,0,5,53,-18.0,35.0,Poor,Stay away,35,-4.3,2.7,1.4,52.5,1,,Financial Services,80653648.0,34031.42
FAURY,Faurecia S.E,1.93,8,3,9,9,3,1,4,37,-5.0,35.0,Poor,Stay away,30,0.0,0.0,-0.0,0.0,1,,Consumer Cyclical,1425507456.0,0.55
GKSDF,Grupo KUO S.A.B. de C.V,1.9,8,3,9,9,3,1,4,37,-5.0,35.0,Poor,Stay away,32,0.0,0.0,-0.0,0.0,1,,Consumer Defensive,826638848.0,75.5
DURCF,DURCF,1.95,9,6,11,7,6,2,4,45,-13.0,35.0,Poor,Stay away,55,0.0,0.0,0.1,99.9,0,,Industrials,503412512.0,355.38
POWW,Ammo Inc,2.34,17,9,4,14,7,4,5,60,-26.0,35.0,Poor,Stay away,69,20.0,17.0,12.2,74.0,3,,Industrials,233404560.0,507940.57
CIMDF,CIMB Group Holdings Berhad,2.0,9,4,10,4,3,6,4,40,-10.0,35.0,Poor,🔥 COILED: Stay away,40,0.0,0.0,-0.0,48.1,0,,Financial Services,21607139328.0,0.0
BSMAF,Bursa Malaysia Bhd Ord,2.18,13,2,8,13,6,2,4,48,-13.0,35.0,Poor,Stay away,43,0.0,0.0,0.9,88.2,0,,Financial Services,1764272128.0,169.0
MAQC,Maquia Capital Acquisition Corp,2.22,13,5,7,10,6,2,5,48,-13.0,35.0,Poor,Stay away,30,0.0,0.0,2.0,97.1,0,,Financial Services,11170651.0,14.5
VRTK,Vartech Systems Inc,2.05,7,7,10,6,4,2,4,40,-10.0,35.0,Poor,🔥 COILED: Stay away,41,0.0,0.0,0.0,50.0,0,,Technology,4431382.0,88.52
MITFF,Mitie Group plc,2.06,1,8,1,9,3,4,2,28,2.0,35.0,Poor,Stay away,33,-10.4,-10.4,-7.9,16.3,1,,Industrials,2872730112.0,0.0
CTW,CTW Cayman Class A Ordinary Shares,2.369,10,13,3,13,4,0,5,48,-11.0,35.0,Poor,Stay away,44,-14.5,6.7,-2.5,47.3,0,,Communication Services,143520000.0,98477.86
SBNYL,Signature Bank,2.3,7,6,3,9,3,2,2,32,0.0,35.0,Poor,Stay away,19,0.0,0.9,-4.9,43.1,0,,Financial Services,nan,61443.51
YAHOF,Z Holdings Corporation,2.66,10,4,11,4,8,5,5,47,-12.0,35.0,Poor,Stay away,41,4.8,4.8,2.6,60.4,0,,Consumer Cyclical,17391804416.0,0.0
AEMMF,A2A S.p.A,2.6,10,6,11,9,3,2,4,45,-13.0,35.0,Poor,Stay away,47,0.0,0.0,0.0,98.7,0,,Utilities,8124445696.0,34.06
YSG,Yatsen Holding,3.34,11,16,3,7,7,1,5,50,-13.0,35.0,Poor,Stay away,40,-4.8,6.7,6.1,55.5,1,,Consumer Defensive,287982784.0,213218.85
VISL,Vislink Technologies Inc,2.99,17,8,4,5,5,4,2,45,-13.0,35.0,Poor,Stay away,66,10.7,-6.6,3.0,54.6,2,,Technology,6719407.0,4282.19
AKBTY,Akbank Turk Anonim Sirketi,3.41,12,5,6,9,3,1,5,41,-4.0,35.0,Poor,Stay away,45,4.9,17.6,8.3,62.7,2,,Financial Services,7254000128.0,28074.21
BSEAF,Braemar Shipping Services Plc,3.14,17,4,6,8,6,2,5,48,-13.0,35.0,Poor,Stay away,56,0.0,2.6,2.5,96.6,0,,Industrials,96600456.0,0.0
TPGTF,TPG Telecom Limited,3.28,4,3,9,8,3,1,4,32,0.0,35.0,Poor,Stay away,25,0.0,0.0,-0.1,0.0,0,,Communication Services,6438736384.0,5.1
WSIOF,Wasion Holdings Limited,3.305,6,8,0,9,6,2,4,35,0.0,35.0,Poor,Stay away,42,0.0,0.0,-2.9,45.3,0,,Industrials,3439228416.0,2742.5
STG,Sunlands Technology Group,4.09,18,7,3,8,1,3,5,45,-10.0,35.0,Poor,Stay away,40,58.5,29.4,19.0,57.3,2,12,Consumer Defensive,45781284.0,137828.31
SHCAF,Sharp Corporation,3.646,3,3,9,7,3,3,4,32,0.0,35.0,Poor,Stay away,18,0.0,0.0,-0.9,0.1,0,,Technology,2367372032.0,70.5
NOMA,NOMADAR Corp. Class A Common Stock,3.33,7,9,9,9,3,2,4,43,-8.0,35.0,Poor,Stay away,20,-0.3,-1.2,-4.3,45.5,1,,Consumer Cyclical,61704084.0,0.0
WAFMX,WASATCH FRONTIER EMERGING SMALL COUNTRIES FUND INVESTOR CLASS SHARES,3.7,8,8,2,7,3,0,4,32,0.0,35.0,Poor,Stay away,35,-2.9,1.9,-0.8,47.7,0,,nan,0.0,0.0
SAFLY,Safilo Group SpA ADR,3.76,4,2,8,9,3,5,4,35,0.0,35.0,Poor,Stay away,25,0.0,0.0,-0.9,28.0,0,,Healthcare,737865024.0,32.03
BOF,BranchOut Food Inc. Common Stock,4.5,21,11,6,15,4,4,5,66,-29,35,Poor,Stay away,64,31.2,22.3,17.2,68.3,3,,Consumer Defensive,57435112.0,446355.58
GGR,Gogoro Inc,4.0,7,15,9,6,7,1,5,50,-16.0,35.0,Poor,Stay away,55,0.0,0.0,0.6,51.3,2,,Consumer Cyclical,79290640.0,17163.18
PLMUF,Plum Acquisition Corp. III,4.01,4,3,10,7,3,1,4,32,0.0,35.0,Poor,Stay away,28,0.0,0.0,-0.2,36.0,0,,Financial Services,nan,176.23
DBVTF,DBV Technologies S.A,4.26,8,3,10,7,3,2,4,37,-5.0,35.0,Poor,Stay away,38,0.0,0.0,-0.0,33.4,1,,Healthcare,1260676480.0,17.5
COYA,"Coya Therapeutics, Inc. Common Stock",5.32,15,7,5,15,5,2,5,54,-19.0,35.0,Poor,Stay away,49,10.4,18.8,9.0,62.8,3,,Healthcare,108841328.0,183081.59
RRGB,Red Robin Gourmet Burgers Inc,6.62,16,10,6,15,6,7,5,65,-30,35,Poor,Stay away,67,9.4,45.5,25.8,71.7,3,,Consumer Cyclical,81953456.0,308671.29
CCC,CCC Intelligent Solutions Holdings Inc.,4.49,1,13,4,9,3,0,3,33,4.0,35.0,Poor,Stay away,19,-4.7,-5.5,-2.5,43.8,1,,Technology,2928833280.0,9649676.15
NQCCX,NUVEEN NWQ LARGE-CAP VALUE FUND CLASS C,4.65,13,5,6,7,3,4,4,42,-10.0,35.0,Poor,Stay away,58,-0.9,1.5,0.5,55.3,0,,nan,0.0,0.0
FRNWF,Future plc,5.0,5,3,8,7,3,2,4,32,0.0,35.0,Poor,Stay away,29,0.0,0.0,-0.0,13.1,0,,Communication Services,452146272.0,56.18
TACT,TransAct Technologies Incorporated,5.34,14,10,4,13,6,2,5,54,-17.0,35.0,Poor,Stay away,58,4.9,7.9,9.9,66.6,1,,Technology,47887460.0,57584.59
IGDFF,IG Design Group plc,1.09,17,4,6,12,6,2,5,52,-18.0,34.0,Poor,Stay away,52,0.0,9.0,4.9,100.0,2,,Consumer Cyclical,95308144.0,2260.5
DFORF,D4t4 Solutions Plc,1.0,3,3,8,10,3,3,4,34,0.0,34.0,Poor,Stay away,7,0.0,0.0,-8.3,0.0,0,,Technology,38201184.0,240.38
CCVTF,China Conch Venture Holdings Limited,1.17,7,6,10,6,4,2,4,39,-10.0,34.0,Poor,🔥 COILED: Stay away,42,0.0,0.0,0.0,50.0,0,,Industrials,2096688000.0,2.98
CEVIF,China Everbright Limited,1.23,7,6,11,6,3,6,4,43,-12.0,34.0,Poor,Stay away,50,0.0,0.0,0.0,63.8,1,,Financial Services,2966046720.0,0.0
RHCGF,Ryman Healthcare Limited,1.41,8,3,9,8,3,1,4,36,-5.0,34.0,Poor,Stay away,30,0.0,0.0,-0.0,0.3,1,,Healthcare,1432177920.0,15.05
CGCTW,Cartesian Growth Corporation III Warrant,1.4,11,14,2,14,8,2,5,56,-20,34,Poor,Stay away,53,100.3,100.3,33.7,57.8,2,8,nan,nan,69534.04
PCSVD,PCSVD,1.52,16,6,8,10,3,1,5,49,-15.0,34.0,Poor,Stay away,55,4.8,4.8,6.8,65.3,0,,Consumer Defensive,nan,3137.43
CUBT,Curative Biotechnology Inc,1.416,7,9,5,8,8,0,5,42,-6.0,34.0,Poor,Stay away,56,8.9,-7.5,0.5,50.7,2,,Healthcare,11870842.0,1599.37
APTOF,DMD Digital Health Connections Group Inc,1.55,3,11,2,12,5,2,2,37,-3.0,34.0,Poor,Stay away,33,-3.7,-1.3,-2.3,41.9,1,,Healthcare,4032838.0,5609.24
KDCXF,Kudelski SA,1.62,9,6,11,6,6,2,4,44,-15.0,34.0,Poor,🔥 COILED: Stay away,51,0.0,0.0,0.0,50.0,1,,Technology,158513568.0,12.98
ERLFF,Entree Resources Ltd,1.894,16,11,4,14,4,2,5,56,-20.0,34.0,Poor,Stay away,56,7.4,15.9,4.9,56.4,3,,Basic Materials,379600832.0,17584.77
IPHA,Innate Pharma,1.9,11,11,7,6,9,3,5,52,-16.0,34.0,Poor,Stay away,50,6.1,7.3,5.9,59.1,1,,Healthcare,168086880.0,89943.37
ISPR,Ispire Technology Inc. Common Stock,1.82,12,9,6,11,5,3,2,48,-14.0,34.0,Poor,Stay away,34,10.3,3.4,2.1,51.9,1,,Consumer Defensive,92413032.0,75364.11
NRDE,Nu Ride Inc,1.85,11,10,1,10,2,2,3,39,-5.0,34.0,Poor,Stay away,45,2.8,-2.1,-2.0,47.5,1,,Financial Services,28812370.0,17426.63
CRCE,Crown Resources Corp,1.89,16,4,6,15,3,3,5,52,-18,34,Poor,Stay away,53,51.2,18.1,16.6,57.5,3,10,Energy,2601000.0,771.81
CIADF,China Mengniu Dairy Company Limited,2.17,17,4,7,5,6,4,5,48,-14.0,34.0,Poor,Stay away,0,0.0,-1.8,3.1,61.7,0,,Consumer Defensive,8549817344.0,5377.0
OLPX,Olaplex Holdings Inc,2.04,14,4,6,12,5,2,4,47,-13.0,34.0,Poor,Stay away,52,-0.5,0.0,-0.1,52.1,1,,Consumer Cyclical,1367758080.0,2610513.69
PHDWY,PT Ace Hardware Indonesia Tbk,2.0,3,3,8,10,3,3,4,34,0.0,34.0,Poor,Stay away,9,0.0,0.0,-6.8,0.0,0,,Consumer Cyclical,342407808.0,1.03
YOTA,Yotta Acquisition Corporation Common Stock,2.0,5,3,10,9,3,2,4,36,-5.0,34.0,Poor,Stay away,32,0.0,0.0,-0.0,1.0,1,,Financial Services,7365208.0,105.3
SPFX,Standard Premium Finance Holdings Inc.,2.169,16,5,7,5,3,2,3,41,-10.0,34.0,Poor,Stay away,48,19.8,18.5,7.1,57.8,2,,Financial Services,5489757.0,543.83
QKIE,QKIE,2.27,12,2,6,14,7,4,4,49,-15.0,34.0,Poor,Stay away,56,0.0,0.0,2.4,84.4,0,,Financial Services,1189168256.0,633.69
MCRNF,Micro-Mechanics (Holdings) Ltd,2.45,11,5,5,6,8,4,3,42,-8.0,34.0,Poor,Stay away,0,5.8,0.0,2.0,59.4,0,,Technology,327420096.0,0.0
CHHHF,CareRx Corporation,2.35,1,9,3,9,8,0,2,32,2.0,34.0,Poor,Stay away,25,-2.5,-12.0,-6.2,37.5,1,,Healthcare,146562608.0,0.0
CHMI,Cherry Hill Mortgage Investment Corp,2.4,7,14,7,1,4,3,3,39,-8.0,34.0,Poor,Stay away,20,0.8,1.3,0.5,49.0,1,,Real Estate,88329128.0,241797.26
ADTI,"Adapti, Inc.",2.86,14,5,6,14,6,7,5,57,-23.0,34.0,Poor,Stay away,69,11.2,20.5,17.3,74.4,3,,Consumer Defensive,25270212.0,246.52
DEWY,The Dewey Electronics Corporation,2.35,5,3,10,9,3,2,4,36,-5.0,34.0,Poor,Stay away,36,0.0,0.0,-0.0,0.3,1,,Industrials,3211817.0,45.01
UFCP,Union Financial Corporation,2.51,7,6,10,6,4,2,4,39,-10.0,34.0,Poor,🔥 COILED: Stay away,42,0.0,0.0,0.0,50.0,0,,Financial Services,8266010.0,26.73
SLUNF,Solutions 30 SE,2.84,5,4,9,8,3,1,4,34,-5.0,34.0,Poor,🔥 COILED: Stay away,30,0.0,0.0,0.0,50.0,1,,Technology,304077536.0,425.3
FCAFF,Firm Capital Apartment Real Estate Investment Trust,2.75,8,3,9,8,3,1,4,36,-5.0,34.0,Poor,Stay away,29,0.0,0.0,-0.0,0.1,1,,Real Estate,20912032.0,58.5
CARD,MAX™ Auto Industry -3X Inverse Leveraged ETNs,2.783,12,5,5,5,0,5,5,37,-8.0,34.0,Poor,🔥 COILED: Stay away,36,9.5,5.2,2.5,51.6,1,,nan,nan,21015.43
ZNNGY,"Zhongyuan Bank Co., Ltd.",3.11,10,6,11,8,3,2,4,44,-13.0,34.0,Poor,Stay away,52,0.0,0.0,0.0,96.0,0,,Financial Services,2273399040.0,4.0
GBCS,Global Healthcare REIT Inc,5.4,19,8,6,11,6,5,5,60,-22,34,Poor,Stay away,68,66.1,81.8,53.1,77.5,2,8,Healthcare,9109165.0,0.0
IPW,iPower Inc,2.38,11,6,3,9,5,0,2,36,-5.0,34.0,Poor,Stay away,27,-12.2,-36.9,-12.0,46.0,1,,Consumer Cyclical,2072987.0,66980.88
THYUX,HIGH YIELD FUND HIGH YIELD FUND,3.22,7,9,5,6,6,2,4,39,-10.0,34.0,Poor,🔥 COILED: Stay away,40,-0.3,0.3,-0.0,49.8,0,,nan,0.0,0.0
GRBMF,Grupo Bimbo S.A.B. De C.V.,3.18,8,6,9,9,0,0,4,36,2.0,34.0,Poor,Stay away,20,-4.8,6.7,-3.2,44.2,0,,Consumer Defensive,14461111296.0,0.0
ITEX,ITEX Corp,3.05,10,9,4,4,6,4,2,39,-10.0,34.0,Poor,🔥 COILED: Stay away,35,0.0,9.3,0.6,51.1,1,,Financial Services,5498626.0,420.12
CILJF,China Life Insurance Co Ltd,3.61,8,3,5,7,3,2,3,31,0.0,34.0,Poor,Stay away,36,-7.0,1.5,-3.2,46.3,0,,Financial Services,98926460928.0,13825.89
THFWF,FW Thorpe Plc,3.85,15,4,6,9,6,2,5,47,-13.0,34.0,Poor,Stay away,41,0.0,0.0,3.1,98.8,0,,Industrials,549960896.0,9.5
CTAGF,Capita PLC,3.5,5,3,10,7,3,4,4,36,-5.0,34.0,Poor,Stay away,35,0.0,0.0,-0.0,34.7,1,,Industrials,419231136.0,49.0
SBSTX,WESTERN ASSET SHORT-TERM BOND FUND CLASS A,3.67,2,9,1,8,3,2,4,29,2.0,34.0,Poor,Stay away,30,-0.3,0.0,-0.1,46.5,0,,nan,0.0,0.0
LSHNX,Loomis Sayles High Income Fund Class N,3.66,7,7,7,6,6,2,4,39,-10.0,34.0,Poor,🔥 COILED: Stay away,36,-0.5,0.0,-0.1,46.8,0,,nan,0.0,0.0
LAWR,"Robot Consulting Co., Ltd. ADS",3.75,10,8,11,6,3,6,4,48,-17.0,34.0,Poor,Stay away,53,0.0,0.0,0.0,67.5,1,,Industrials,172350000.0,603737.0
EMHXY,European Metals Holdings Limited,4.2,14,7,11,5,4,1,4,46,-17.0,34.0,Poor,🔥 COILED: Stay away,31,0.0,0.0,0.2,61.9,1,,Basic Materials,49889424.0,65.12
GIMDX,GOLDMAN SACHS LOCAL EMERGING MARKETS DEBT FUND INSTITUTIONAL,4.04,8,7,6,6,6,2,4,39,-10.0,34.0,Poor,🔥 COILED: Stay away,39,-0.2,0.2,0.0,51.4,0,,nan,0.0,0.0
GMWPX,GOLDMAN SACHS LOCAL EMERGING MARKETS DEBT FUND CLASS P SHARES,4.04,8,7,6,6,6,2,4,39,-10.0,34.0,Poor,🔥 COILED: Stay away,40,-0.2,0.2,0.0,51.5,0,,nan,nan,0.0
CFEIY,China Feihe Limited,4.39,4,7,5,8,3,3,4,34,0.0,34.0,Poor,Stay away,32,0.0,0.0,-0.6,40.7,0,,Consumer Defensive,3866564608.0,50.85
CSNRF,CoinShares,4.57,9,6,11,8,4,2,4,44,-13.0,34.0,Poor,Stay away,54,0.0,0.0,0.0,99.7,1,,Financial Services,1054149504.0,25.5
HCGI,Huntwicke Capital Group Inc,6.15,15,5,4,8,1,2,4,39,-5.0,34.0,Poor,Stay away,36,0.0,0.0,4.4,55.5,1,,Financial Services,26443322.0,68.5
PHYQX,PRUDENTIAL HIGH YIELD FUND CLASS Q,4.79,5,13,3,6,6,2,4,39,-10.0,34.0,Poor,🔥 COILED: Stay away,32,-0.2,0.2,-0.0,48.3,0,,nan,0.0,0.0
PHYZX,PRUDENTIAL HIGH YIELD FUND CLASS Z,4.8,5,13,3,6,6,2,4,39,-10.0,34.0,Poor,🔥 COILED: Stay away,32,-0.2,0.2,-0.0,48.3,0,,nan,0.0,0.0
APWC,Asia Pacific Wire & Cable Corp Ltd,1.92,18,8,3,10,5,4,5,53,-17.5,33.5,Poor,Stay away,56,38.1,40.1,20.3,67.7,2,,Industrials,56488464.0,11069.93
RANKF,The Rank Group Plc,1.5,18,5,6,16,7,6,5,63,-30,33,Poor,Stay away,0,49.7,49.7,37.4,99.9,2,,Consumer Cyclical,491516672.0,0.0
ZPTA,Zapata Computing Holdings Inc. Common Stock,1.5,19,6,4,16,7,2,5,59,-22,33,Poor,Stay away,72,56.2,68.6,38.1,64.7,2,7,Technology,168596032.0,161764.35
TOP,Zhong Yang Financial Group Limited Ordinary Shares,1.47,16,6,5,17,7,6,5,62,-30,33,Poor,Stay away,51,16.7,36.1,23.3,80.4,3,,Financial Services,40081440.0,515130.4
BONL,Bonal International Inc,0.99,8,5,2,10,4,2,2,33,0.0,33.0,Poor,Stay away,36,0.0,-1.0,-1.4,44.9,0,,Industrials,1747922.0,209.63
OBRUF,Oberon Uranium Corp.,1.137,9,6,11,8,4,6,4,48,-18.0,33.0,Poor,Stay away,55,0.0,0.0,0.0,99.8,1,,Energy,34545616.0,389.05
LBGJ,Li Bang International Corporation Inc. Ordinary Shares,1.13,15,4,3,9,5,1,5,42,-9.0,33.0,Poor,Stay away,51,-6.6,-7.4,0.4,52.1,1,,Industrials,3201900.0,223036.1
ANZLY,Air New Zealand Ltd ADR,1.16,2,4,3,8,6,3,2,28,2.0,33.0,Poor,Stay away,35,-4.9,0.0,-2.5,40.1,1,,Industrials,750186368.0,349.11
DCHIY,Digital China Holdings Ltd ADR,1.26,6,11,1,10,3,0,5,36,1.0,33.0,Poor,Stay away,29,-9.4,-9.4,-1.6,47.5,0,,Industrials,394971328.0,40.27
VANI,Vivani Medical Inc.,1.22,8,16,5,3,8,2,4,46,-13.0,33.0,Poor,Stay away,42,4.3,7.0,3.2,54.1,1,,Healthcare,108656232.0,270245.11
SNCF,Sanarco Funds Inc,1.23,5,3,9,11,3,3,4,38,-5.0,33.0,Poor,Stay away,28,0.0,0.0,-3.1,4.7,1,,Financial Services,13592344.0,25.33
TOIPF,Thai Oil Public Company Limited,1.25,3,3,5,9,3,3,4,30,0.0,33.0,Poor,Stay away,0,0.0,0.0,-3.7,7.0,0,,Energy,4169320448.0,0.0
ECHQF,ECHQF,0.9,9,4,1,7,5,0,5,31,2.0,33.0,Poor,Stay away,50,-10.0,-28.0,-4.1,49.3,0,,nan,898773312.0,6741.98
MXCHF,Orbia Advance Corporation S.A.B. de C.V,1.3,8,6,7,13,6,2,3,45,-15.0,33.0,Poor,Stay away,46,-0.8,-0.8,-1.3,46.5,1,,Industrials,2504371968.0,7194.75
LNDAF,Línea Directa Aseguradora S.A,1.4,3,7,1,8,3,4,4,30,0.0,33.0,Poor,Stay away,36,0.0,0.0,-0.3,42.7,0,,Financial Services,1522971904.0,459.24
FDDMF,FDM Group (Holdings) plc,1.43,9,7,0,10,3,0,4,33,0.0,33.0,Poor,Stay away,23,0.0,0.0,-0.8,47.8,0,,Technology,156362368.0,91.66
ZVIA,Zevia Pbc,1.48,14,14,2,5,5,3,2,45,-15.0,33.0,Poor,Stay away,40,14.7,2.8,3.7,53.4,1,,Consumer Defensive,100485336.0,834801.63
VNTXF,VNTXF,1.5,12,6,11,8,3,4,4,48,-18.0,33.0,Poor,Stay away,55,0.0,0.0,0.0,99.9,1,,Consumer Defensive,7582417.0,11.63
RFL,"Rafael Holdings, Inc.",2.79,18,4,4,15,6,11,5,63,-30,33,Poor,Stay away,63,9.8,44.6,31.3,81.2,3,,Real Estate,72296872.0,104303.66
LOKVW,Live Oak Acquisition Corp. V Warrants,1.9,17,6,3,13,6,8,5,58,-21.0,33.0,Poor,Stay away,65,22.6,22.6,17.4,85.7,2,,nan,nan,37034.01
PYXS,Pyxis Oncology Inc,2.17,12,11,5,16,9,5,5,63,-30,33,Poor,Stay away,61,24.0,27.6,13.9,64.1,4,,Healthcare,104536544.0,820091.75
FHIRX,FRANKLIN HIGH INCOME FUND CLASS R,1.81,8,6,6,6,6,2,4,38,-10.0,33.0,Poor,🔥 COILED: Stay away,31,-0.5,0.0,-0.1,46.8,0,,nan,0.0,0.0
WPRT,Westport Fuel Systems Inc,2.16,16,13,2,10,7,4,5,57,-22.0,33.0,Poor,Stay away,52,16.1,18.0,9.0,60.7,3,,Consumer Cyclical,33921684.0,59540.58
NEOV,NeoVolta Inc. Common Stock,2.04,8,7,3,12,0,3,2,35,-5.0,33.0,Poor,Stay away,25,19.3,3.0,-5.3,46.6,1,,Industrials,110910976.0,610378.11
BNC,CEA Industries Inc.,2.69,7,14,1,12,4,4,4,46,-18.0,33.0,Poor,Stay away,33,8.5,24.0,11.9,54.7,3,,Industrials,110242304.0,559724.98
LCMRF,La Comer S.A.B. de C.V,2.429,11,3,11,6,6,2,4,43,-13.0,33.0,Poor,Stay away,54,0.0,0.0,0.0,76.3,0,,Consumer Cyclical,nan,57.6
CYFWF,Cyfrowy Polsat S.A,2.64,8,5,10,6,3,2,4,38,-10.0,33.0,Poor,🔥 COILED: Stay away,36,0.0,0.0,-0.0,48.1,0,,Communication Services,1453857408.0,47.25
GLVHF,Glenveagh Properties PLC,2.54,9,6,10,8,4,2,4,43,-13.0,33.0,Poor,Stay away,49,0.0,0.0,0.0,100.0,0,,Consumer Cyclical,1310544384.0,1428.6
HHS,Harte Hanks Inc,2.41,1,10,5,9,2,7,2,36,-3.0,33.0,Poor,Stay away,25,-1.6,-3.6,-3.7,39.0,1,,Industrials,18845454.0,38612.09
JAGX,Jaguar Animal Health Inc,2.68,6,11,4,7,6,2,2,38,-3.0,33.0,Poor,Stay away,50,16.0,-5.0,-1.2,49.5,2,,Healthcare,2021667.0,56040.21
VRA,Vera Bradley Inc,3.86,18,13,2,9,7,4,5,58,-23.0,33.0,Poor,Stay away,55,7.5,17.0,7.1,58.0,3,,Consumer Cyclical,94414992.0,500511.8
SECUF,SSC Security Services Corp,3.13,15,4,10,10,3,4,5,51,-23.0,33.0,Poor,🔥 COILED: Stay away,51,0.0,0.3,6.8,95.4,0,,Industrials,56984572.0,2398.53
MHIHX,MFS HIGH INCOME FUND R3,3.08,4,13,1,6,6,2,4,36,-8.0,33.0,Poor,🔥 COILED: Stay away,33,-0.3,0.3,-0.0,47.9,0,,nan,0.0,0.0
MHICX,MFS HIGH INCOME FUND C,3.1,4,13,1,6,6,2,4,36,-8.0,33.0,Poor,🔥 COILED: Stay away,35,-0.3,0.3,-0.0,47.9,0,,nan,0.0,0.0
MHIJX,MFS HIGH INCOME FUND R4,3.1,4,13,1,6,6,2,4,36,-8.0,33.0,Poor,🔥 COILED: Stay away,34,-0.3,0.3,-0.0,48.1,0,,nan,0.0,0.0
QUBHF,Qube Holdings Limited,3.485,13,2,7,3,8,3,5,41,-8.0,33.0,Poor,Stay away,57,0.0,0.0,0.5,56.7,0,,Industrials,6910147072.0,1163.84
CMVLF,Cellectis S.A,3.47,13,5,7,9,6,6,5,51,-18.0,33.0,Poor,Stay away,41,0.0,0.0,2.2,88.5,1,,Healthcare,452751648.0,21.5
PINWF,Pinnacle Renewable Energy Inc,3.5,10,9,5,4,8,0,5,41,-8.0,33.0,Poor,Stay away,27,0.3,0.0,3.7,57.0,1,,Technology,379821664.0,1324.9
CCGPY,C&C Group plc,3.71,3,7,6,9,3,3,2,33,0.0,33.0,Poor,Stay away,22,1.6,1.6,-2.3,33.8,0,,Consumer Defensive,448139648.0,886.57
NEHYX,LOOMIS SAYLES HIGH INCOME FUND CLASS Y,3.65,7,7,6,6,6,2,4,38,-10.0,33.0,Poor,🔥 COILED: Stay away,36,-0.3,0.0,-0.1,47.1,0,,nan,0.0,0.0
DWSN,Dawson Geophysical Company,4.35,14,5,5,13,3,0,5,45,-12.0,33.0,Poor,Stay away,61,-1.6,2.4,0.4,52.2,0,,Energy,136943024.0,97511.03
BBXIA,BBX Capital Inc,3.95,16,9,8,15,6,2,5,61,-28.0,33.0,Poor,Stay away,59,2.6,2.6,7.8,80.9,1,,Industrials,64234444.0,1875.2
PFAI,Pinnacle Food Group Limited Class A Common Shares,3.74,9,4,6,9,5,2,2,37,-5.0,33.0,Poor,Stay away,51,0.4,-1.6,-1.2,48.2,1,,Consumer Defensive,44600180.0,372668.83
RGRNF,Regis Resources Ltd,4.4,8,8,2,10,1,2,2,33,0.0,33.0,Poor,Stay away,30,0.0,7.3,-2.8,46.3,0,,Basic Materials,3521222912.0,0.0
CYRB,Cyber App Solutions Corp.,4.0,8,3,9,7,3,1,4,35,-5.0,33.0,Poor,Stay away,33,0.0,0.0,-0.0,39.6,1,,Energy,383516192.0,69.9
RLLMF,Real Matters Inc,4.01,4,2,10,9,3,3,4,35,-5.0,33.0,Poor,Stay away,16,0.0,0.0,-0.7,32.3,1,,Real Estate,297890880.0,1601.28
HWGG,HWGG Entertainment Limited,3.99,17,13,6,5,4,5,5,55,-20,33,Poor,Stay away,39,411.5,99.5,65.4,60.8,4,10,Consumer Cyclical,101107112.0,0.0
UFI,Unifi Inc,4.67,20,10,7,5,6,7,5,60,-27,33,Poor,Stay away,69,18.5,17.6,11.6,69.8,3,,Consumer Cyclical,77508848.0,52272.9
PLSM,Pulsenmore Ltd. Ordinary Shares,6.59,18,14,6,5,8,2,5,58,-21,33,Poor,Stay away,0,71.2,65.4,56.2,67.4,3,8,Healthcare,28547484.0,0.0
HUPHY,Hutchison Port Holdings Trust,4.4,8,4,8,4,4,5,5,38,-8.0,33.0,Poor,Stay away,38,0.0,0.0,0.6,50.7,0,,Industrials,1916442240.0,211.88
XGN,Exagen Inc,4.52,14,14,3,3,7,2,4,47,-15.0,33.0,Poor,Stay away,47,-0.7,4.9,3.0,54.4,1,,Healthcare,115725632.0,384473.45
PHK,PIMCO High Income Fund,4.55,6,14,6,1,7,2,4,40,-10.0,33.0,Poor,Stay away,20,-0.7,0.9,0.0,48.9,0,,Financial Services,763023300.0,717239.82
SEIGY,Semperit Aktiengesellschaft Holding,4.365,9,4,0,8,6,0,4,31,2.0,33.0,Poor,Stay away,51,0.0,-8.0,-0.5,49.9,0,,Industrials,390483776.0,69.6
VCIGF,Vitreous Glass Inc,4.611,1,7,4,8,6,5,2,33,0.0,33.0,Poor,Stay away,0,0.0,0.0,-2.4,42.0,0,,Industrials,29310290.0,0.0
AYAAY,Ayala Land Inc,5.0,3,3,9,8,3,3,4,33,0.0,33.0,Poor,Stay away,10,0.0,0.0,-2.0,0.4,0,,Real Estate,3577076224.0,5.52
TDUP,ThredUp Inc,6.54,16,8,7,15,6,8,5,65,-30,33,Poor,Stay away,52,23.6,33.2,23.8,82.3,3,,Consumer Cyclical,619396096.0,2185186.12
VTAK,Catheter Precision Inc.,1.19,15,13,9,7,8,7,5,64,-27.5,32.5,Poor,Stay away,40,21.4,19.0,22.2,65.3,3,,Healthcare,2665548.0,437084.49
JRVXX,JPMorgan Trust I - JPMorgan Prime Money Market Fund,1.0,5,7,3,6,8,2,4,35,-8.0,32.0,Poor,🔥 COILED: Stay away,36,-0.0,-0.0,-0.0,44.6,0,,nan,nan,0.0
TCPXX,SEI Daily Income Trust - Prime Obligation Fund,1.0,5,8,4,6,6,2,4,35,-8.0,32.0,Poor,🔥 COILED: Stay away,36,0.0,0.0,-0.0,49.3,0,,nan,nan,0.0
TMCXX,BlackRock Liquidity Funds - TempCash,1.0,5,5,10,6,3,2,4,35,-8.0,32.0,Poor,🔥 COILED: Stay away,36,0.0,0.0,-0.0,42.6,0,,nan,nan,0.0
SWSSU,Springwater Special Situations Corp Unit,1.065,5,3,10,7,3,2,4,34,-5.0,32.0,Poor,Stay away,30,0.0,0.0,-0.0,0.0,1,,Financial Services,nan,1.0
EPGNF,Epigenomics AG,1.12,10,6,11,6,3,2,4,42,-15.0,32.0,Poor,🔥 COILED: Stay away,36,0.0,0.0,0.0,50.0,1,,Healthcare,982213.0,0.0
ULIHF,The United Laboratories International Holdings Limited,1.24,3,8,4,8,3,0,3,29,0.0,32.0,Poor,Stay away,14,0.0,0.0,-0.7,44.2,0,,Healthcare,2678615296.0,0.0
BAIGF,Bairong Inc.,1.2,9,6,10,9,3,1,4,42,-13.0,32.0,Poor,Stay away,37,0.0,0.0,0.0,80.8,0,,Technology,539498496.0,64.93
LLDTF,Lloyds Banking Group plc,1.44,17,5,9,5,1,9,5,51,-19.0,32.0,Poor,Stay away,61,2.9,14.3,7.7,62.8,2,,Financial Services,81572052992.0,0.0
TTGPF,TT Electronics plc,1.55,11,4,7,9,4,1,5,41,-9.0,32.0,Poor,Stay away,42,-1.9,-1.9,2.5,62.8,1,,Technology,237243232.0,1906.5
NXCLF,LIFULL Co. Ltd,1.54,15,6,11,6,6,2,4,50,-23.0,32.0,Poor,🔥 COILED: Stay away,54,0.0,0.0,0.1,99.1,0,,Communication Services,197644496.0,0.0
HOTH,Hoth Therapeutics Inc,1.08,8,6,1,10,5,0,5,35,-3.0,32.0,Poor,Stay away,49,-27.0,-45.2,-11.5,47.5,1,,Healthcare,26013596.0,3191417.27
MNTK,Montauk Renewables Inc,1.56,7,9,9,0,7,2,3,37,-8.0,32.0,Poor,Stay away,42,-3.1,-7.7,-2.8,47.4,0,,Basic Materials,241979936.0,273950.44
TRCTF,Traction Uranium Corp,1.43,8,4,5,11,5,2,2,37,-5.0,32.0,Poor,Stay away,52,-7.1,-12.3,-5.4,46.2,1,,Basic Materials,12894280.0,2806.07
STMRF,Stanmore Resources Limited,1.79,13,4,10,4,4,3,4,42,-10.0,32.0,Poor,Stay away,45,0.0,0.0,0.3,55.2,1,,Basic Materials,1622504832.0,17792.05
CNCK,Coincheck Group N.V. Ordinary Shares,2.18,15,11,8,11,7,4,5,61,-29,32,Poor,Stay away,39,25.3,23.2,15.2,63.9,4,,Financial Services,244668816.0,547091.46
INVLW,"Innventure, Inc.",1.74,4,8,1,9,4,2,4,32,2.0,32.0,Poor,Stay away,37,-0.6,-10.8,-0.3,49.0,0,,nan,nan,0.0
NNCSF,Nanosonics Limited,2.55,15,7,4,9,4,2,5,46,-14.0,32.0,Poor,Stay away,42,8.1,23.2,5.8,62.7,3,,Healthcare,761989504.0,196.44
LPCN,Lipocine Inc,2.47,13,12,7,13,2,2,5,54,-22.0,32.0,Poor,Stay away,25,7.4,20.5,7.1,55.7,3,,Healthcare,18219800.0,182910.65
BCARW,D. Boral ARC Acquisition I Corp. Warrant,1.67,19,6,4,10,3,6,5,53,-19,32,Poor,Stay away,65,138.6,138.6,55.2,63.5,2,10,nan,nan,0.0
ITAYY,Indo Tambangraya Megah Tbk PT ADR,2.94,13,7,6,6,4,1,5,42,-10.0,32.0,Poor,Stay away,43,0.0,13.1,5.2,59.8,2,,Energy,1376900352.0,1411.38
AGXXF,Agilyx AS,2.175,4,10,3,8,8,4,2,39,-3.0,32.0,Poor,Stay away,47,0.2,-10.4,-5.3,37.0,2,,Industrials,288959744.0,901.5
AFGVY,Agfa Gevaert NV ADR,2.29,5,3,10,7,3,2,4,34,-5.0,32.0,Poor,Stay away,42,0.0,0.0,-0.0,0.4,1,,Industrials,177269504.0,2.5
XBIT,XBiotech Inc,2.34,1,14,8,3,6,7,3,42,-13.0,32.0,Poor,Stay away,28,-0.4,-1.3,-1.0,42.8,1,,Healthcare,72255920.0,60722.33
GEG,Great Elm Group Inc,2.49,16,8,2,15,7,4,5,57,-23.0,32.0,Poor,Stay away,41,6.0,11.2,7.3,59.9,3,,Financial Services,71493976.0,123206.68
CUPR,Cuprina Holdings (Cayman) Limited Class A Ordinary Shares,5.74,15,13,3,8,8,4,5,56,-27,32,Poor,Stay away,59,8.9,141.2,59.5,63.4,3,,Healthcare,7587937.0,174070.04
TUXS,Tuxis Corporation,2.35,12,6,11,9,3,2,4,47,-18.0,32.0,Poor,Stay away,55,0.0,0.0,0.0,99.0,1,,Industrials,2843476.0,44.5
EDIT,Editas Medicine Inc,2.8,10,16,3,3,9,2,2,45,-13.0,32.0,Poor,Stay away,59,18.6,5.7,2.6,51.4,1,,Healthcare,415881600.0,2055739.12
AIFU,Fanhua Inc.,46.81,18,5,6,13,6,4,5,57,-30,32,Poor,Stay away,58,-7.9,1858.6,84.0,82.7,3,,Financial Services,263101328.0,19471.69
ACH,Accendra Health Inc,3.2,12,14,3,9,7,7,5,57,-23.0,32.0,Poor,Stay away,44,4.2,19.9,5.5,55.8,3,,Healthcare,197585952.0,1536210.31
METXF,METXF,2.95,12,7,11,6,0,2,4,42,-15.0,32.0,Poor,🔥 COILED: Stay away,46,0.0,0.0,0.0,50.0,1,,Healthcare,88646008.0,0.5
ZDAI,Primega Group Holdings Limited,2.24,6,6,4,12,2,2,5,37,-5.0,32.0,Poor,Stay away,28,-19.4,-23.8,-12.6,40.0,1,,Industrials,22039876.0,100935.16
ZDGE,Zedge Inc,3.03,5,4,2,10,4,4,5,34,-2.0,32.0,Poor,Stay away,47,0.7,-3.5,-3.2,47.5,1,,Communication Services,41342812.0,339728.29
EVTK,Eventiko Inc,2.97,4,3,3,7,6,7,2,32,0.0,32.0,Poor,Stay away,38,0.0,0.0,-5.5,37.2,0,,Consumer Cyclical,12577500.0,89.64
MHIGX,MFS HIGH INCOME FUND R1,3.09,7,8,4,6,6,2,4,37,-10.0,32.0,Poor,🔥 COILED: Stay away,32,-0.3,0.0,-0.1,45.0,0,,nan,0.0,0.0
GPTGF,GPT Group,3.63,17,3,8,9,3,0,5,45,-13.0,32.0,Poor,Stay away,60,0.0,5.5,3.0,83.9,0,,Real Estate,6589586432.0,0.0
DETRF,Deterra Royalties Limited,3.262,13,11,4,8,6,2,4,48,-16.0,32.0,Poor,Stay away,47,0.7,0.1,-0.3,50.0,0,,Basic Materials,1688966272.0,9054.78
TMVWY,TeamViewer AG,3.0,3,6,2,8,6,5,2,32,0.0,32.0,Poor,Stay away,33,-5.4,-12.0,-5.1,39.8,0,,Technology,1132019456.0,6342.03
SCPKF,7C Solarparken AG,3.48,8,4,10,6,3,2,4,37,-10.0,32.0,Poor,🔥 COILED: Stay away,36,0.0,0.0,-0.0,48.1,0,,Technology,281392000.0,22.5
EMBC,Embecta Corp,3.1,3,11,3,7,2,2,2,30,2.0,32.0,Poor,Stay away,13,0.3,-6.3,-7.8,30.1,0,,Healthcare,201174208.0,1008358.58
CGROF,The Character Group plc,3.26,8,4,9,6,4,2,4,37,-10.0,32.0,Poor,🔥 COILED: Stay away,38,0.0,0.0,-0.0,48.1,0,,Consumer Cyclical,56792292.0,4.25
DTST,Data Storage Corp,3.69,8,16,2,10,4,6,3,49,-23.0,32.0,Poor,Stay away,22,13.2,14.2,5.1,53.4,4,,Technology,7649997.0,50948.87
PPOEF,PGE Polska Grupa Energetyczna S.A,3.56,10,6,11,6,3,2,4,42,-15.0,32.0,Poor,🔥 COILED: Stay away,51,0.0,0.0,0.0,50.0,1,,Utilities,7987618304.0,0.0
ASOMF,ASOS Plc,3.7,13,4,10,10,3,2,5,47,-18.0,32.0,Poor,Stay away,44,0.0,1.6,2.2,96.1,1,,Consumer Cyclical,421163552.0,59.15
NMCCX,VOYA MIDCAP OPPORTUNITIES FUND CLASS C,3.68,11,8,6,7,6,4,5,47,-15.0,32.0,Poor,Stay away,34,0.3,3.1,1.6,57.6,0,,nan,0.0,0.0
YEXT,Yext Inc,4.16,9,14,4,4,4,2,5,42,-8.0,32.0,Poor,Stay away,34,2.2,9.2,5.4,57.0,2,,Technology,389965152.0,1819756.14
MGNX,MacroGenics Inc,4.78,17,10,5,12,7,4,5,60,-29,32,Poor,Stay away,72,23.2,22.3,14.5,68.3,3,,Healthcare,270143264.0,1111755.08
KOSS,Koss Corporation,4.01,5,16,9,3,7,3,3,46,-15.0,32.0,Poor,Stay away,36,0.8,0.8,0.4,50.2,2,,Technology,38481072.0,36207.49
ZIJMF,Zijin Mining Group Co Ltd-H,3.94,3,13,1,8,3,2,2,32,2.0,32.0,Poor,Stay away,29,-6.4,3.7,-2.9,45.8,0,,Basic Materials,114340077568.0,89276.85
IHRTB,iHeartMedia Inc,4.0,15,5,6,11,6,2,5,50,-18.0,32.0,Poor,Stay away,60,0.0,0.0,13.3,100.0,1,,Communication Services,604609600.0,10.21
APYX,Apyx Medical Inc,4.12,12,12,2,7,9,0,5,47,-13.0,32.0,Poor,Stay away,51,-0.7,-15.2,-2.2,48.8,1,,Healthcare,179639248.0,130382.45
TBH,"Brag House Holdings, Inc. Common Stock",4.02,15,3,4,10,5,0,5,42,-10.0,32.0,Poor,Stay away,58,0.2,-1.7,12.1,62.4,1,,Communication Services,16914760.0,105291.68
PCHUY,PTT Global Chemical PCL ADR,4.88,10,6,10,7,3,2,4,42,-13.0,32.0,Poor,Stay away,49,0.0,0.0,0.0,100.0,1,,Basic Materials,4400636928.0,0.0
PRTHU,Priority Technology Holdings Inc Unit,5.0,5,3,10,7,3,2,4,34,-5.0,32.0,Poor,Stay away,34,0.0,0.0,-0.0,0.0,1,,Technology,302850496.0,5.0
LFT,Lument Finance Trust Inc,1.05,3,14,7,2,3,3,4,36,-8.0,31.0,Poor,Stay away,24,1.9,2.9,0.1,47.4,2,,Real Estate,55585828.0,182897.12
BFDXX,BlackRock Liquidity Funds - Federal Trust Fund,1.0,18,9,5,9,6,7,5,59,-28,31,Poor,Stay away,61,290.9,290.9,206.1,100.0,2,2,nan,nan,0.0
CLNXX,Columbia Funds Series Trust II - Columbia Money Market Fund,1.0,12,6,4,6,4,2,4,38,-10.0,31.0,Poor,Stay away,39,0.0,0.0,0.0,50.8,0,,nan,nan,0.0
IDSXX,Columbia Funds Series Trust II  - Columbia Government Money Market Fund,1.0,12,6,4,6,4,2,4,38,-10.0,31.0,Poor,Stay away,42,0.0,0.0,0.0,50.8,0,,nan,nan,0.0
VMVXX,JPMorgan Trust I - JPMorgan Prime Money Market Fund,1.001,6,6,4,6,6,2,4,34,-8.0,31.0,Poor,🔥 COILED: Stay away,34,-0.0,-0.0,0.0,50.1,0,,nan,nan,0.0
GP,GreenPower Motor Company Inc,1.25,15,10,5,13,7,4,5,59,-28.0,31.0,Poor,Stay away,39,-3.8,15.7,4.9,59.7,3,,Industrials,5632839.0,684671.89
CLXLF,Calix Limited,1.1,12,6,11,8,3,2,4,46,-18.0,31.0,Poor,Stay away,55,0.0,0.0,0.0,100.0,1,,Basic Materials,237363152.0,83.93
NGHLF,Nightingale Health Oyj,1.19,3,4,8,8,3,3,4,33,-5.0,31.0,Poor,Stay away,10,0.0,0.0,-1.4,0.0,1,,Healthcare,71829592.0,1.0
IBG,Innovation Beverage Group Limited,1.14,8,9,6,10,5,0,5,43,-12.0,31.0,Poor,Stay away,30,-3.0,-5.0,2.5,53.1,1,,Consumer Defensive,2124581.0,399287.5
TEAD,Teads B.V.,1.17,14,10,6,7,7,2,5,51,-18.0,31.0,Poor,Stay away,57,-1.7,-0.8,-1.1,50.9,1,,Communication Services,112510056.0,1082378.96
QRHC,Quest Resource Holding Corp,1.39,14,10,4,14,7,1,5,55,-24.0,31.0,Poor,Stay away,39,-4.1,-0.7,4.4,57.2,2,,Industrials,28870712.0,169100.2
SNLAF,Sino Land Company Limited,1.32,5,8,1,7,6,2,2,31,0.0,31.0,Poor,Stay away,20,0.0,0.0,-6.5,43.6,0,,Real Estate,12653707264.0,0.0
EZGO,EZGO Technologies Ltd,1.42,11,12,2,6,6,3,3,43,-13.0,31.0,Poor,Stay away,48,10.9,-8.4,1.9,51.4,1,,Consumer Cyclical,3504966.0,193985.04
SXTP,"60 Degrees Pharmaceuticals, Inc. Common Stock",1.69,14,11,9,12,3,1,5,55,-24.0,31.0,Poor,Stay away,36,15.8,21.6,9.8,62.1,4,,Healthcare,3855967.0,1436125.38
FPLPF,Provident Financial plc,1.561,12,6,5,7,3,2,4,39,-13.0,31.0,Poor,🔥 COILED: Stay away,43,0.0,0.0,0.1,100.0,0,,Financial Services,390818016.0,111.63
CPCAF,Cathay Pacific Airways Limited,1.55,3,3,4,7,6,4,4,31,0.0,31.0,Poor,Stay away,51,-8.3,-8.3,-4.4,29.4,0,,Industrials,10277106688.0,0.0
HYFT,ImmunoPrecise Antibodies Ltd.,1.55,10,12,2,3,8,4,3,42,-11.0,31.0,Poor,Stay away,52,5.4,-6.6,-0.6,50.5,2,,Healthcare,84081352.0,616654.55
RC,Ready Capital Corp,1.71,3,15,7,2,6,4,3,40,-10.0,31.0,Poor,Stay away,27,2.4,1.8,0.2,49.4,1,,Real Estate,283899520.0,2758882.82
AMC,AMC Entertainment Holdings Inc,2.0,9,5,1,13,5,1,5,39,-8.0,31.0,Poor,Stay away,41,-19.7,3.1,-6.4,48.9,1,,Communication Services,1478176640.0,27707144.41
JYOGF,Jersey Oil and Gas Plc,1.75,12,6,11,8,3,2,4,46,-18.0,31.0,Poor,Stay away,51,0.0,0.0,0.0,90.8,1,,Energy,57168348.0,442.5
DRMTY,Dr. Martens plc,1.83,8,4,5,5,6,5,5,38,-10.0,31.0,Poor,Stay away,57,0.0,0.0,0.8,58.4,0,,Consumer Cyclical,875734208.0,986.58
JELD,Jeld-Wen Holding Inc,1.69,5,12,1,7,6,0,2,33,-5.0,31.0,Poor,Stay away,31,-7.1,-3.4,-2.5,48.8,1,,Industrials,160241456.0,1692933.17
BMRPF,B&M European Value Retail S.A,2.642,15,5,7,6,4,1,5,43,-12.0,31.0,Poor,Stay away,47,0.0,3.4,5.3,61.9,0,,Consumer Defensive,2140731648.0,14001.98
GRGTF,Grainger plc,2.09,6,6,0,10,3,2,4,31,0.0,31.0,Poor,Stay away,22,0.0,0.0,-1.4,47.1,0,,Real Estate,1545059840.0,518.0
EAXR,Flint Telecom Group,1.98,13,4,10,10,6,1,4,48,-20.0,31.0,Poor,Stay away,60,0.0,58.4,4.3,55.9,3,,Technology,120243072.0,1942.5
GCLAF,GCLAF,2.2,7,6,10,8,4,2,4,41,-13.0,31.0,Poor,Stay away,46,0.0,0.0,0.0,97.0,0,,nan,117453600.0,7.31
EVCO,EVCO,2.0,10,6,11,7,3,2,4,43,-15.0,31.0,Poor,Stay away,41,0.0,0.0,0.0,83.6,1,,Financial Services,9752008.0,1.67
WAEMX,WASATCH EMERGING MARKETS SMALL CAP FUND INVESTOR CLASS SHARES,2.09,7,7,2,7,6,1,3,33,-5.0,31.0,Poor,Stay away,34,-0.5,2.5,-0.5,49.2,0,,nan,0.0,0.0
RSSS,Research Solutions Inc,2.25,7,13,5,1,4,6,4,40,-10.0,31.0,Poor,Stay away,28,0.0,1.8,-0.7,47.6,0,,Technology,75256944.0,85176.55
CRMZ,CreditRiskMonitor.Com Inc,2.2,1,5,7,10,2,3,3,31,0.0,31.0,Poor,Stay away,24,-0.5,-3.1,-2.8,42.5,0,,Technology,24334552.0,0.0
HGPI,Horizon Group Properties Inc,2.31,14,3,10,3,6,4,4,44,-18.0,31.0,Poor,🔥 COILED: Stay away,43,0.0,0.0,0.3,71.0,1,,Real Estate,22635690.0,329.66
ARHVF,Archer Limited,2.5,1,3,4,8,6,7,2,31,0.0,31.0,Poor,Stay away,38,0.0,-2.0,-3.8,34.4,1,,Energy,290523648.0,0.0
RMCO,Royalty Management Holding Corporation,2.5,6,8,4,7,1,0,5,31,0.0,31.0,Poor,Stay away,26,-6.0,-4.2,-2.7,46.3,1,,Financial Services,38656868.0,62755.73
LAES,SEALSQ Corp,3.23,9,10,5,4,7,2,2,39,-13.0,31.0,Poor,🔥 COILED: Stay away,41,5.2,4.9,0.8,51.0,2,,Technology,770798080.0,17083462.77
MHIIX,MFS HIGH INCOME FUND I,3.08,7,9,2,6,6,2,4,36,-10.0,31.0,Poor,🔥 COILED: Stay away,33,-0.3,0.3,-0.1,45.9,0,,nan,0.0,0.0
MHIBX,MFS HIGH INCOME FUND B,3.09,6,8,4,6,6,2,4,36,-10.0,31.0,Poor,🔥 COILED: Stay away,32,-0.3,0.0,-0.1,44.5,0,,nan,0.0,0.0
EKHAX,WELLS FARGO HIGH YIELD BOND FUND CLASS A,3.01,4,7,7,6,6,2,4,36,-10.0,31.0,Poor,🔥 COILED: Stay away,31,-0.3,0.0,-0.1,44.5,0,,nan,0.0,0.0
BCAB,Bioatla Inc,3.79,7,16,8,10,8,4,3,56,-23.0,31.0,Poor,Stay away,58,9.9,10.2,3.3,52.5,4,,Healthcare,5791843.0,38727.02
PGEN,Precigen Inc,5.4,18,6,6,10,5,3,5,53,-22.0,31.0,Poor,Stay away,68,13.7,45.6,17.7,71.9,3,,Healthcare,1376132352.0,5100722.44
BVHMY,BVHMY,3.45,8,13,3,3,3,2,4,36,-6.0,31.0,Poor,Stay away,18,16.0,-1.7,-0.0,45.4,1,,Consumer Cyclical,1184615936.0,474.3
TCAPF,TP ICAP Group PLC,4.5,16,4,4,7,6,2,5,44,-13.0,31.0,Poor,Stay away,54,0.0,12.5,6.0,100.0,2,,Financial Services,2922688256.0,82.28
PPLFY,Perusahaan Perkebunan London Sumatra Indonesia Tbk PT ADR,3.84,4,6,1,7,3,6,4,31,0.0,31.0,Poor,Stay away,43,0.0,-4.0,-2.2,39.3,0,,Consumer Defensive,545597120.0,19.52
TLIH,Ten-League International Holdings Limited Ordinary Shares,4.24,15,3,6,14,3,2,5,48,-17.0,31.0,Poor,Stay away,57,-4.7,1.2,3.0,59.6,0,,Industrials,11291270.0,263970.17
FRGT,Freight Technologies Inc,3.97,17,5,2,6,7,4,5,46,-15.0,31.0,Poor,Stay away,60,6.9,-11.8,6.0,55.2,2,,Technology,2483022.0,186134.11
GIMSX,GOLDMAN SACHS LOCAL EMERGING MARKETS DEBT FUND CLASS R6 SHARES,4.04,7,6,5,6,6,2,4,36,-10.0,31.0,Poor,🔥 COILED: Stay away,35,-0.2,0.0,-0.0,48.7,0,,nan,nan,0.0
CAIXY,Caixabank SA ADR,4.62,13,3,3,8,3,4,5,39,-8.0,31.0,Poor,Stay away,50,-3.0,5.4,0.9,54.5,0,,Financial Services,90562822144.0,409381.21
VRRM,Verra Mobility Corp,4.39,3,9,3,8,2,6,2,33,0.0,31.0,Poor,Stay away,8,-12.5,-4.8,-24.0,24.2,0,,Technology,651679552.0,2347315.56
BCOMF,B Communications Ltd,4.3,8,6,10,5,3,2,4,38,-10.0,31.0,Poor,Stay away,29,0.0,0.0,-0.0,34.3,0,,Communication Services,451979904.0,0.0
RZLT,Rezolute Inc,5.03,16,9,7,14,7,3,5,61,-30,31,Poor,Stay away,50,10.1,29.0,16.6,69.5,3,,Healthcare,434278432.0,3447926.78
HLNCF,Haleon plc,4.52,4,13,5,5,3,2,4,36,-6.0,31.0,Poor,Stay away,31,5.4,1.3,1.6,51.4,0,,Healthcare,39219437568.0,39190.61
BFLY,Butterfly Network Inc,7.77,18,11,2,15,7,3,5,61,-30,31,Poor,Stay away,66,37.5,51.8,29.7,67.3,3,,Healthcare,1357916288.0,5671162.26
SWRHF,Shibusawa Logistics Corporation,4.565,8,4,10,6,3,1,4,36,-10.0,31.0,Poor,🔥 COILED: Stay away,29,0.0,0.0,-0.0,48.1,0,,Industrials,259903392.0,1.0
VIVO,VivoPower PLC,5.52,14,9,4,12,5,2,5,51,-20.0,31.0,Poor,Stay away,64,-3.7,16.0,5.6,56.3,3,,Technology,96376000.0,902311.69
OM,Outset Medical Inc,4.63,15,9,5,3,3,3,5,43,-15.0,31.0,Poor,Stay away,39,5.0,-1.3,1.8,52.0,1,,Healthcare,87681144.0,455351.5
OIBIX,Oppenheimer Int'l Bd Fd Cl I,4.58,3,6,2,7,3,1,4,26,0.0,31.0,Poor,🔥 COILED: Stay away,21,-1.9,0.2,-0.8,44.6,0,,nan,0.0,0.0
OIBCX,Oppenheimer International Bond C,4.58,3,6,2,7,3,1,4,26,0.0,31.0,Poor,🔥 COILED: Stay away,21,-1.9,0.4,-0.7,45.0,0,,nan,0.0,0.0
OIBNX,Oppenheimer International Bond R,4.58,3,6,2,7,3,1,4,26,0.0,31.0,Poor,🔥 COILED: Stay away,21,-1.9,0.4,-0.7,44.8,0,,nan,0.0,0.0
OIBYX,Oppenheimer International Bond Y,4.59,3,6,2,7,3,1,4,26,0.0,31.0,Poor,🔥 COILED: Stay away,21,-1.9,0.4,-0.7,44.8,0,,nan,0.0,0.0
OIBAX,Oppenheimer International Bond A,4.59,3,6,2,7,3,1,4,26,0.0,31.0,Poor,🔥 COILED: Stay away,21,-1.9,0.4,-0.7,44.5,0,,nan,0.0,0.0
INBQX,AIM Investment Funds Invesco Investment Funds Invesco Oppenheimer Intl Bd Fd Cl R5,4.6,3,6,2,7,3,1,4,26,0.0,31.0,Poor,🔥 COILED: Stay away,21,-1.9,0.4,-0.7,44.7,0,,nan,nan,0.0
ILKAF,Iluka Resources Limited,5.11,4,11,2,11,6,0,2,36,-3.0,31.0,Poor,Stay away,50,-6.2,0.2,-4.5,44.7,1,,Basic Materials,2539924224.0,44604.65
MLLCF,Molecular Partners AG,3.6,10,2,2,7,6,4,5,36,-5.0,31.0,Poor,Stay away,39,-25.8,-25.8,-15.9,35.0,1,,Healthcare,181929136.0,78.0
SEAC,SeaChange International Inc,5.0,14,6,7,5,6,2,5,45,-14.0,31.0,Poor,Stay away,57,0.0,0.0,6.6,64.4,1,,Technology,8398952.0,359.5
PHYEX,PGIM HIGH YIELD FUND CLASS R2,4.79,7,9,2,6,6,2,4,36,-10.0,31.0,Poor,🔥 COILED: Stay away,28,-0.4,0.0,-0.1,46.4,0,,nan,nan,0.0
PHYGX,PGIM HIGH YIELD FUND CLASS R4,4.79,6,9,3,6,6,2,4,36,-10.0,31.0,Poor,🔥 COILED: Stay away,28,-0.4,0.2,-0.1,46.8,0,,nan,nan,0.0
FLNT,Fluent Inc,3.36,20,8,5,9,5,1,5,53,-20.2,30.8,Poor,Stay away,47,24.9,52.7,21.2,67.8,3,,Communication Services,71259552.0,227439.57
WXM,WF International Limited Ordinary Shares,4.67,11,4,5,13,5,7,5,50,-19.2,30.8,Poor,Stay away,68,10.7,-2.1,26.3,67.0,1,,Industrials,428099.0,23376.7
SGTSY,Singulus Technologies AG ADR,1.0,8,3,9,7,3,1,4,35,-5.0,30.0,Poor,Stay away,30,0.0,0.0,-0.0,0.0,1,,Industrials,17793054.0,4.0
FITGF,FIT Hon Teng Limited,0.998,4,9,1,11,7,4,2,38,-8.0,30.0,Poor,Stay away,42,-0.2,8.1,-4.2,46.0,1,,Technology,8533048832.0,4924.85
VRNO,Verano Holdings Corp.,5.72,18,7,8,15,7,2,5,62,-30,30,Poor,Stay away,54,-3.1,410.7,75.3,87.4,3,,Healthcare,408107616.0,0.0
FOFA,Family Office of America Inc.,1.2,8,4,10,5,6,3,4,40,-15.0,30.0,Poor,🔥 COILED: Stay away,39,0.0,0.0,-0.7,47.2,1,,Healthcare,36422408.0,714.5
MHIFF,Mineral Hill Industries Ltd,1.23,9,6,11,7,4,4,4,45,-18.0,30.0,Poor,Stay away,58,0.0,0.0,0.0,99.8,1,,Financial Services,2536230.0,45.17
MNOV,MediciNova Inc,1.33,7,12,6,9,2,2,3,41,-11.0,30.0,Poor,Stay away,30,1.5,4.7,0.6,49.9,1,,Healthcare,64972048.0,346563.01
VODPF,Vodafone Group PLC,1.45,1,7,4,10,6,0,2,30,0.0,30.0,Poor,Stay away,43,-4.0,4.3,-3.5,45.0,2,,Communication Services,35921715200.0,0.0
LNGPF,Longfor Group Holdings Limited,1.35,9,6,10,8,1,2,4,40,-13.0,30.0,Poor,Stay away,50,0.0,0.0,0.0,96.1,0,,Real Estate,9264275456.0,1.9
ITXXF,Itaconix plc,1.55,11,4,7,12,6,3,5,48,-18.0,30.0,Poor,Stay away,53,0.0,4.7,2.7,99.3,1,,Basic Materials,19959460.0,59.32
ZHJD,ZHJD,1.57,6,6,10,6,3,2,4,37,-10.0,30.0,Poor,Stay away,0,0.0,0.0,-0.0,25.8,0,,Consumer Cyclical,159198000.0,0.0
ENGS,Energys Group Limited Ordinary Shares,2.42,17,8,7,14,6,5,5,62,-30,30,Poor,Stay away,58,21.6,46.7,33.5,80.2,3,,Industrials,48442792.0,413958.03
RVRC,Revium Recovery Inc,1.67,12,6,11,7,3,2,4,45,-18.0,30.0,Poor,Stay away,50,0.0,0.0,0.0,100.0,1,,Healthcare,101417592.0,7.79
EQTL,Equitech International Corporation,1.65,5,4,2,7,3,7,2,30,0.0,30.0,Poor,Stay away,33,0.0,0.0,-7.1,27.7,0,,Technology,2749187.0,60.88
OSOL,Osprey Solana Trust,1.77,4,5,2,11,1,3,4,30,0.0,30.0,Poor,Stay away,26,-9.3,4.7,-2.9,46.2,0,,nan,nan,54045.94
FBASF,Fibra UNO,1.656,3,4,8,8,2,1,3,29,0.0,30.0,Poor,Stay away,34,-4.6,0.4,-2.3,43.6,0,,Real Estate,6460956672.0,0.0
BLUMY,Blue Moon Group Holdings Limited,1.785,7,6,11,8,3,1,4,40,-13.0,30.0,Poor,Stay away,52,0.0,0.0,0.0,88.1,1,,Consumer Defensive,2081780864.0,40.46
STKS,One Group Hospitality Inc,1.88,7,15,5,6,6,2,3,44,-15.0,30.0,Poor,Stay away,31,2.7,5.6,0.5,50.6,1,,Consumer Cyclical,58078312.0,55626.15
COTY,Coty Inc,1.95,3,11,2,7,4,0,3,30,-3.0,30.0,Poor,Stay away,20,-5.8,-3.0,-2.9,43.9,1,,Consumer Defensive,1628862976.0,8080208.55
BPOSF,bpost SA/NV,1.99,3,3,8,8,3,3,4,32,-5.0,30.0,Poor,Stay away,9,0.0,0.0,-5.4,0.0,1,,Industrials,398001888.0,0.55
SHGKY,Sun Hung Kai & Company Lt,2.12,16,5,2,4,6,2,5,40,-10.0,30.0,Poor,Stay away,29,0.0,0.0,2.4,52.3,0,,Financial Services,830904448.0,0.0
IPHLF,IPH Limited,2.21,8,6,11,7,3,1,4,40,-13.0,30.0,Poor,Stay away,33,0.0,0.0,0.0,97.0,0,,Industrials,572480448.0,6.6
KALA,Kala Pharmaceuticals Inc,3.0,15,4,5,15,5,4,5,53,-23.0,30.0,Poor,Stay away,43,-4.5,27.7,11.8,58.9,3,,Healthcare,38295052.0,113746.51
DRTSW,Alpha Tau Medical Ltd. Warrant,1.84,13,11,3,5,7,0,2,41,-10.0,30.0,Poor,Stay away,49,-1.6,1.9,7.8,52.1,0,,nan,nan,33571.08
DAIC,"CID HoldCo, Inc. Common Stock",1.89,12,12,3,0,9,0,5,41,-9.0,30.0,Poor,Stay away,60,11.8,-2.1,9.6,55.7,2,,Technology,93199504.0,111343.07
CAGPF,Cryptology Asset Group p.l.c,2.61,9,6,11,9,4,2,4,45,-18.0,30.0,Poor,Stay away,51,0.0,0.0,0.0,100.0,1,,Financial Services,240617872.0,11.5
STGPF,Scentre Group,2.65,2,3,6,7,3,5,4,30,0.0,30.0,Poor,Stay away,40,-2.8,-7.0,-2.5,41.9,0,,Real Estate,15837626368.0,0.0
SYYNY,SYN prop e tech SA ADR,2.87,5,6,2,8,4,3,2,30,0.0,30.0,Poor,Stay away,18,0.0,0.0,-1.4,35.8,0,,Real Estate,101890168.0,600.49
URLGX,COLUMBIA SELECT LARGE CAP GROWTH FUND COLUMBIA SELECT LARGE CAP GROWTH FUND CLASS R,2.95,3,5,1,7,3,5,3,27,0.0,30.0,Poor,Stay away,36,-2.3,-0.7,-1.6,45.5,0,,nan,0.0,0.0
HQWWW,Horizon Quantum Holdings Ltd. Warrant,16.68,18,4,4,14,3,3,5,51,-21,30,Poor,Stay away,0,123.9,508.8,66.3,64.4,2,9,nan,nan,0.0
SLFPF,Abrdn PLC,2.99,15,5,1,9,3,2,5,40,-10.0,30.0,Poor,Stay away,51,1.7,4.5,3.7,55.3,0,,Financial Services,5528461824.0,0.0
VERB,Verb Technology Company Inc,3.15,9,10,3,12,7,0,2,43,-13.0,30.0,Poor,Stay away,46,1.3,-20.9,-7.4,45.7,1,,Technology,877814080.0,574130.39
NAAS,Naas Technology Inc ADR,3.09,12,4,9,7,7,2,4,45,-15.0,30.0,Poor,Stay away,67,2.4,2.3,2.3,58.9,1,,Consumer Cyclical,37853332.0,33512.11
MHITX,MFS HIGH INCOME FUND A,3.09,6,9,2,6,6,2,4,35,-10.0,30.0,Poor,🔥 COILED: Stay away,33,-0.3,0.3,-0.1,45.8,0,,nan,0.0,0.0
SHKLF,Sinotruk (Hong Kong) Ltd,3.38,9,6,11,7,1,2,4,40,-13.0,30.0,Poor,Stay away,53,0.0,0.0,0.0,100.0,0,,Industrials,9750380544.0,9.5
RTB,"RTB Digital, Inc.",12.02,18,6,3,15,9,4,5,60,-30,30,Poor,Stay away,73,28.3,186.9,58.1,76.9,3,,Technology,22232636.0,213167.98
GMPUF,Gestamp Automoción S.A,3.725,11,4,3,6,4,6,4,38,-8.0,30.0,Poor,Stay away,53,0.0,0.0,0.5,51.7,0,,Consumer Cyclical,2119033856.0,82.4
RVYL,Ryvyl Inc,12.02,18,6,3,15,9,4,5,60,-30,30,Poor,Stay away,73,28.3,186.9,58.1,76.9,3,,Technology,9994965.0,213604.62
WYHG,Wing Yip Food Holdings Group Limited American Depositary Shares,6.56,18,7,3,10,5,4,5,52,-22,30,Poor,Stay away,58,60.4,69.5,60.9,83.7,2,8,Consumer Defensive,42781288.0,93384.27
INTS,"Intensity Therapeutics, Inc. Common stock",4.08,7,11,5,13,4,4,2,46,-19.0,30.0,Poor,Stay away,50,10.0,10.0,0.9,46.8,3,,Healthcare,10784252.0,430576.68
SMWB,SimilarWeb Ltd,5.16,16,11,5,15,6,4,5,62,-30,30,Poor,Stay away,50,2.2,25.9,14.0,68.3,3,,Technology,379310336.0,623574.89
GRIQ,"GrocerIQ, Inc.",3.983,8,7,9,8,1,2,3,38,-8.0,30.0,Poor,Stay away,33,13.8,-1.7,-2.7,43.4,1,,Technology,295452928.0,1496.41
ANY,Sphere 3D Corp,2.95,11,5,1,10,3,0,5,35,-5.0,30.0,Poor,Stay away,43,-15.2,-5.1,-5.8,49.7,1,,Financial Services,27722850.0,1110592.1
AHT-P-H,Ashford Hospitality Trust Inc 7.50% Series H Cumulative Preferred Stock,4.5,8,6,3,12,2,2,2,35,-1.0,30.0,Poor,Stay away,28,12.5,13.1,0.9,47.5,2,,Other,nan,5587.9
HCHL,Happy City Holdings Limited Class A Ordinary shares,3.96,15,3,6,5,6,4,5,44,-17.0,30.0,Poor,Stay away,60,0.0,-2.2,4.7,64.5,1,,Consumer Cyclical,105649176.0,441362.91
NAKA,Nakamoto Inc.,4.04,13,12,3,3,7,0,2,40,-13.0,30.0,Poor,🔥 COILED: Stay away,41,-9.4,-6.5,1.8,54.6,1,,Financial Services,86314616.0,339220.03
^TNX,CBOE Interest Rate 10 Year T No,4.402,4,3,7,7,3,1,4,29,-4.0,30.0,Poor,🔥 COILED: Stay away,43,-1.4,-3.1,-1.4,40.9,0,,Other,nan,0.0
BEKAY,NV Bekaert SA ADR,4.94,7,3,11,8,6,1,4,40,-13.0,30.0,Poor,Stay away,0,0.0,0.0,0.1,86.3,0,,Industrials,2403054336.0,0.0
PYTCF,Playtech plc,4.78,12,6,11,7,3,2,4,45,-18.0,30.0,Poor,Stay away,58,0.0,0.0,0.0,84.3,1,,Consumer Cyclical,1144733824.0,381.74
XGCVX,Gabelli Convertible and Income Securities Fd Inc,4.73,7,5,3,7,3,1,4,30,-5.0,30.0,Poor,🔥 COILED: Stay away,39,-0.8,-0.4,-1.2,46.9,0,,Other,0.0,0.0
LWHIX,WESTERN ASSET SHORT DURATION HIGH INCOME FUND CLASS C,4.77,5,6,6,6,6,2,4,35,-10.0,30.0,Poor,🔥 COILED: Stay away,29,-0.2,0.0,-0.1,42.4,0,,nan,0.0,0.0
PRHCX,PRUDENTIAL HIGH YIELD FUND CLASS C,4.78,6,9,2,6,6,2,4,35,-10.0,30.0,Poor,🔥 COILED: Stay away,28,-0.4,0.2,-0.1,46.7,0,,nan,0.0,0.0
JAFJX,John Hancock Variable Insurance Trust - Capital Appreciation Value Trust,4.9,4,6,0,7,6,1,3,27,0.0,30.0,Poor,Stay away,38,-2.4,-1.0,-1.8,44.0,0,,nan,nan,0.0
YQAI,YouneeqAI Technical Services Inc.,1.0,11,6,9,10,3,1,4,44,-18.0,29.0,Poor,Stay away,44,0.0,0.0,6.6,84.8,1,,Technology,10511393.0,77.32
TESTJ,Test Security J1,5.0,15,9,5,6,5,6,5,51,-22,29,Poor,Stay away,53,63.9,66.7,65.5,75.3,2,8,Other,nan,253020.52
CJPXX,JPMorgan Trust I - JPMorgan Prime Money Market Fund,1.0,5,4,10,6,3,2,4,34,-10.0,29.0,Poor,🔥 COILED: Stay away,40,0.0,0.0,-0.0,42.6,0,,nan,nan,0.0
TCDXX,BlackRock Liquidity Funds - TempCash,1.0,5,6,3,6,6,2,4,32,-8.0,29.0,Poor,🔥 COILED: Stay away,35,-0.0,-0.0,-0.0,46.8,0,,nan,nan,0.0
VMIXX,JPMorgan Trust I - JPMorgan Prime Money Market Fund,1.001,5,7,2,6,6,2,4,32,-8.0,29.0,Poor,🔥 COILED: Stay away,36,-0.0,-0.0,-0.0,47.4,0,,nan,nan,0.0
VSLXX,JPMorgan Trust IV - JPMorgan Securities Lending Money Market Fund,1.0,5,4,10,6,3,2,4,34,-10.0,29.0,Poor,🔥 COILED: Stay away,34,0.0,0.0,-0.0,48.1,0,,nan,nan,0.0
SDIIF,SDI Group plc,1.05,5,7,0,9,3,1,4,29,0.0,29.0,Poor,Stay away,22,0.0,0.0,-0.7,43.6,0,,Technology,109801776.0,272.5
TELO,"Telomir Pharmaceuticals, Inc. Common Stock",1.23,5,8,6,9,3,0,3,34,-5.0,29.0,Poor,Stay away,34,-3.9,1.7,-3.4,45.9,1,,Healthcare,84593200.0,1125052.41
ELOG,Eastern International Ltd.,0.862,4,3,2,9,2,4,5,29,0.0,29.0,Poor,Stay away,34,-12.1,-9.3,-9.1,44.1,0,,Industrials,11548800.0,0.0
CSGQF,Costain Group PLC,1.375,5,4,9,6,4,2,4,34,-10.0,29.0,Poor,🔥 COILED: Stay away,38,0.0,0.0,0.0,50.0,0,,Industrials,367232992.0,212.0
IRCDF,Intercede Group plc,1.37,5,4,9,6,4,2,4,34,-10.0,29.0,Poor,🔥 COILED: Stay away,37,0.0,0.0,0.0,50.0,0,,Technology,82422688.0,67.5
ATDRY,Auto Trader Group PLC ADR,1.55,11,6,3,7,1,3,5,36,-7.0,29.0,Poor,Stay away,33,0.6,2.0,0.7,50.8,0,,Communication Services,4897204736.0,1047595.74
AUTL,Autolus Therapeutics Ltd,1.59,15,14,3,3,7,2,2,46,-17.0,29.0,Poor,Stay away,54,6.7,8.9,1.0,50.7,2,,Healthcare,441797824.0,2576381.67
GDRPF,Golden Resources Development International Limited,1.59,5,4,9,6,4,2,4,34,-10.0,29.0,Poor,🔥 COILED: Stay away,35,0.0,0.0,0.0,50.0,0,,nan,2698876416.0,78.34
HBGRF,Heidelberger Druckmaschinen Aktiengesellschaft,1.585,5,7,0,9,3,1,4,29,0.0,29.0,Poor,Stay away,14,0.0,0.0,-7.3,44.3,0,,Industrials,482373088.0,161.23
CUBTD,"Curative Biotechnology, Inc.",1.416,7,9,3,8,8,0,2,37,-6.0,29.0,Poor,Stay away,56,-2.4,-8.3,-0.3,50.4,2,,Healthcare,6794167.0,1600.32
IPHYF,Innate Pharma,1.65,1,5,7,7,6,1,2,29,-5.0,29.0,Poor,🔥 COILED: Stay away,18,0.0,0.0,-2.1,40.6,1,,Healthcare,154940416.0,179.0
GMGMF,Graphene Manufacturing Group Ltd,1.71,6,12,6,2,8,4,2,40,-11.0,29.0,Poor,Stay away,47,3.6,-2.0,-1.1,47.5,2,,Basic Materials,228775712.0,255434.92
MTPTF,Motorpoint Group plc,1.78,5,4,9,6,4,2,4,34,-10.0,29.0,Poor,🔥 COILED: Stay away,34,0.0,0.0,0.0,50.0,1,,Consumer Cyclical,141745376.0,88.75
TRZBF,Transat A.T. Inc,1.788,1,9,2,7,3,5,2,29,0.0,29.0,Poor,Stay away,36,0.0,-0.7,-2.4,39.6,0,,Consumer Cyclical,83155896.0,418.95
PROK,ProKidney Corp.,1.77,10,8,9,4,2,3,5,41,-15.0,29.0,Poor,Stay away,39,4.7,6.0,0.7,50.2,1,,Healthcare,522563136.0,1311690.88
BEOLF,Beyond Oil Ltd.,1.75,8,10,2,9,4,2,2,37,-6.0,29.0,Poor,Stay away,16,2.9,1.3,-1.5,44.3,2,,Consumer Defensive,137256928.0,9524.43
ITJTY,Intrum AB (publ),2.8,13,13,4,12,4,2,5,53,-29,29,Poor,Stay away,31,40.0,51.4,31.7,63.2,3,,Financial Services,250084512.0,120.78
SDCH,SideChannel Inc.,1.912,8,7,8,5,4,2,5,39,-15.0,29.0,Poor,🔥 COILED: Stay away,52,-1.7,2.4,-0.1,49.2,1,,Technology,9145514.0,83299.25
SEAN,Saean Group Inc.,0.71,3,9,1,7,3,4,2,29,0.0,29.0,Poor,Stay away,26,12.7,42.0,-27.4,22.1,2,,Consumer Cyclical,713702208.0,0.23
POTMF,Portmeirion Group PLC,1.9,8,4,9,5,3,1,4,34,-10.0,29.0,Poor,🔥 COILED: Stay away,32,0.0,0.0,-0.0,45.4,0,,Consumer Cyclical,26204238.0,0.38
LMGHF,LINK Mobility Group Holding ASA,2.1,5,4,9,6,4,2,4,34,-10.0,29.0,Poor,🔥 COILED: Stay away,36,0.0,0.0,0.0,50.0,0,,Communication Services,592870784.0,5812.47
SCTQ,Spectra Systems Corporation,2.13,9,4,10,6,3,2,4,38,-12.0,29.0,Poor,Stay away,44,0.0,0.0,0.0,63.9,0,,Technology,106003120.0,26.17
XRTX,XORTX Therapeutics Inc,2.11,6,12,4,4,9,2,2,39,-11.0,29.0,Poor,Stay away,45,-3.0,-8.3,-4.0,44.3,2,,Healthcare,3810358.0,522443.84
NEARX,NEAR-TERM TAX FREE FUND NEAR-TERM TAX FREE FUND,2.1,6,6,4,6,4,4,4,34,-10.0,29.0,Poor,🔥 COILED: Stay away,32,0.0,0.0,-0.1,47.8,0,,nan,0.0,0.0
WIEMX,WASATCH EMERGING MARKETS SMALL CAP FUND INSTITUTIONAL CLASS SHARES,2.15,5,7,2,7,6,1,3,31,-5.0,29.0,Poor,Stay away,34,-0.9,1.9,-0.8,48.5,0,,nan,0.0,0.0
CHIU,Global X MSCI China Utilities ETF,2.05,2,5,7,7,4,1,3,29,0.0,29.0,Poor,Stay away,30,-1.4,-1.9,-1.5,33.4,0,,nan,nan,781019.0
RUMBW,Rumble Inc.,1.82,15,7,2,10,3,3,5,45,-16.0,29.0,Poor,Stay away,33,51.7,51.7,9.2,53.1,2,12,nan,nan,21011.16
CCO,Clear Channel Outdoor Holdings Inc,2.39,9,4,8,8,3,6,4,42,-13.0,29.0,Poor,Stay away,52,-0.8,-0.4,-0.5,43.9,1,,Communication Services,1226650368.0,4953918.01
DMTRF,3-D Matrix Ltd,2.25,5,2,7,10,4,2,4,34,-5.0,29.0,Poor,Stay away,25,0.0,0.0,-8.5,1.1,1,,Healthcare,270478144.0,460.73
HOPHF,Hemogenyx Pharmaceuticals Plc,2.33,7,6,10,6,4,2,4,39,-15.0,29.0,Poor,🔥 COILED: Stay away,48,0.0,0.0,0.0,50.0,1,,Healthcare,15843909.0,1250.0
KRYXD,Koryx Copper Inc.,2.58,17,5,6,5,3,4,5,45,-16.0,29.0,Poor,Stay away,53,7.9,8.4,7.5,61.1,1,,Basic Materials,nan,20922.76
BLLQF,Bell Equipment Limited,2.3,6,0,1,10,6,4,2,29,0.0,29.0,Poor,Stay away,41,0.0,-11.2,-6.3,7.5,0,,Industrials,247596608.0,92.0
SYZLF,Sylogist Ltd,2.61,8,6,6,1,4,6,5,36,-10.0,29.0,Poor,Stay away,32,-3.3,0.8,-0.1,49.8,1,,Technology,62662412.0,4428.02
XCIKX,Credit Suisse Asset Management Income Fd Inc,2.72,4,4,8,6,6,2,4,34,-10.0,29.0,Poor,🔥 COILED: Stay away,29,-0.4,-0.4,-0.3,41.6,0,,Other,0.0,0.0
NSRX,Nasus Pharma Ltd.,3.3,13,10,9,8,9,3,5,57,-26.0,29.0,Poor,Stay away,37,7.5,13.8,6.6,57.3,4,,Healthcare,36303508.0,77225.81
FMAXPX,FMAXPX,3.136,2,9,2,8,3,4,4,32,-3.0,29.0,Poor,Stay away,35,0.1,-0.4,-0.1,34.9,0,,nan,nan,0.0
FHNGY,The Foschini Group Limited,3.91,15,5,5,2,3,2,5,37,-8.0,29.0,Poor,Stay away,31,0.0,15.3,7.3,59.7,2,,Consumer Cyclical,1067730880.0,250.7
OFS,OFS Capital Corp,3.35,1,10,2,10,2,0,4,29,0.0,29.0,Poor,Stay away,19,-15.2,-2.9,-6.0,42.1,1,,Financial Services,45553468.0,86188.6
ITOR,Intorio Corp.,3.55,10,6,9,6,4,2,4,41,-15.0,29.0,Poor,Stay away,37,0.0,0.0,-0.0,29.4,1,,Consumer Defensive,192001744.0,17.25
STLY,HG Holdings Inc,4.5,13,5,5,5,4,5,5,42,-13.0,29.0,Poor,Stay away,44,26.4,26.4,13.6,70.6,2,,Financial Services,18925482.0,228.87
BDORY,Banco Do Brasil SA,3.87,6,12,6,1,4,3,2,34,-8.0,29.0,Poor,Stay away,19,0.8,3.8,-2.0,41.0,1,,Financial Services,21864282112.0,587774.87
CLOV,Clover Health Investments Corp,5.21,18,6,5,14,7,6,5,61,-30,29,Poor,Stay away,64,5.5,21.4,15.9,73.4,3,,Healthcare,2101470464.0,6828926.4
JRVR,James River Group Holdings Ltd,4.16,3,15,4,5,3,4,5,39,-8.0,29.0,Poor,Stay away,23,0.0,4.8,0.9,47.1,0,,Financial Services,184253872.0,293136.81
ATHE,Alterity Therapeutics Ltd,5.065,18,10,5,9,6,3,5,56,-27.0,29.0,Poor,Stay away,59,8.9,18.1,11.9,67.1,3,,Healthcare,70690208.0,39581.59
VRHYX,VIRTUS HIGH YIELD FUND CLASS R6,3.8,5,6,5,6,6,2,4,34,-10.0,29.0,Poor,🔥 COILED: Stay away,34,-0.3,0.0,-0.1,45.3,0,,nan,0.0,0.0
GMYYF,MONETA Money Bank a.s,4.15,5,4,9,6,4,2,4,34,-10.0,29.0,Poor,🔥 COILED: Stay away,37,0.0,0.0,0.0,50.0,0,,Financial Services,2120650112.0,0.15
UIS,Unisys Corporation,3.61,11,10,1,4,9,0,5,40,-11.0,29.0,Poor,Stay away,52,-4.2,-5.7,-1.9,49.9,2,,Technology,314950336.0,783525.59
CAEN,California-Engels Mining Company,4.0,5,4,9,6,3,1,4,32,-8.0,29.0,Poor,🔥 COILED: Stay away,42,0.0,0.0,-0.0,48.1,0,,Basic Materials,2783560.0,5.23
ISCDF,Isracard Ltd,4.4,5,4,9,6,4,2,4,34,-10.0,29.0,Poor,🔥 COILED: Stay away,36,0.0,0.0,0.0,50.0,0,,Financial Services,1432423168.0,0.14
PIGDX,PNC INTERNATIONAL GROWTH FUND CLASS I,4.47,8,6,3,7,3,3,4,34,-10.0,29.0,Poor,🔥 COILED: Stay away,28,-2.6,0.0,-1.4,46.7,0,,nan,0.0,0.0
OWLT,Owlet Inc,5.6,13,14,6,7,8,2,4,54,-23.0,29.0,Poor,Stay away,28,26.1,19.1,10.5,59.6,4,,Healthcare,148195968.0,245365.47
PMSTX,VIRTUS MULTI-SECTOR SHORT TERM BOND FUND CLASS C1,4.61,6,5,5,6,6,2,4,34,-10.0,29.0,Poor,🔥 COILED: Stay away,29,-0.2,0.0,-0.1,46.3,0,,nan,0.0,0.0
NARAX,VIRTUS MULTI-SECTOR SHORT TERM BOND FUND CLASS A,4.55,6,5,5,6,6,2,4,34,-10.0,29.0,Poor,🔥 COILED: Stay away,31,-0.2,0.0,-0.1,46.3,0,,nan,0.0,0.0
PYPG,Leverage Shares 2X Long PYPL Daily ETF,4.99,7,16,4,3,3,2,2,37,-8.0,29.0,Poor,Stay away,26,-5.8,3.9,-2.4,44.1,0,,nan,nan,630115.26
JEM,707 Cayman Holdings Limited Ordinary Shares,2.65,18,4,6,14,7,4,5,58,-27.2,28.8,Poor,Stay away,57,16.2,72.1,26.5,72.7,3,,Consumer Cyclical,2701902.0,400610.43
IRLTF,Intralot S.A. Integrated Lottery Systems and Services,1.0,4,3,8,8,3,3,4,33,-5.0,28.0,Poor,Stay away,11,0.0,0.0,-0.5,0.0,1,,Consumer Cyclical,1846765056.0,13.78
VTXXF,Vertex Minerals Limited,1.0,9,6,10,8,4,2,4,43,-18.0,28.0,Poor,Stay away,48,0.0,0.0,0.0,100.0,1,,Basic Materials,286577472.0,120.23
RSHPF,Irish Residential Properties REIT Plc,1.16,8,8,4,5,3,3,4,35,-10.0,28.0,Poor,Stay away,37,0.0,0.0,-0.4,42.7,0,,Real Estate,617768384.0,838.23
LBUY,Leafbuyer Technologies Inc,0.36,12,4,1,12,2,0,5,36,-8.0,28.0,Poor,Stay away,39,-64.0,-70.0,-31.5,47.5,0,,Communication Services,20014222.0,499.11
ORKT,Orangekloud Technology Inc. Class A Ordinary Shares,1.2,11,4,3,9,3,2,5,37,-9.0,28.0,Poor,Stay away,59,-7.7,-2.4,-3.1,48.7,1,,Technology,7825292.0,444514.57
SOWG,Sow Good Inc. Common Stock,2.6,17,6,3,10,5,7,5,53,-23.0,28.0,Poor,Stay away,54,-0.8,81.8,15.6,58.0,3,,Consumer Defensive,29375370.0,137043.11
AMBR,Amber International Holding Limited,1.55,6,15,5,4,4,2,2,38,-8.0,28.0,Poor,Stay away,23,5.4,0.6,-1.7,44.2,1,,Technology,143298368.0,591111.15
BGAOY,Proximus NV ADR,1.45,1,10,7,4,3,3,3,31,-8.0,28.0,Poor,🔥 COILED: Stay away,21,-3.3,0.7,-2.8,41.0,0,,Communication Services,2439160064.0,0.0
PRQR,ProQR Therapeutics BV,1.81,16,6,5,14,3,1,5,50,-22.0,28.0,Poor,Stay away,51,19.1,23.1,10.5,61.7,3,,Healthcare,158043824.0,516464.73
EHGO,Eshallgo Inc. Class A Ordinary Shares,3.7,18,6,2,6,7,5,5,49,-21,28,Poor,Stay away,54,180.3,135.7,63.9,66.3,3,8,Industrials,3256400.0,31037.18
ACCL,Acco Group Holdings Limited Ordinary Shares,1.72,17,12,3,2,5,7,5,51,-21.0,28.0,Poor,Stay away,45,4.9,13.2,7.7,58.3,2,,Industrials,20645852.0,0.0
BULLW,Webull Corporation Warrants,2.1,9,7,3,6,5,0,5,35,-10.0,28.0,Poor,Stay away,36,-2.3,39.1,1.4,51.1,2,,nan,nan,17366.61
SABR,Sabre Corpo,1.88,16,16,5,11,6,1,5,60,-30.0,28.0,Poor,Stay away,53,-5.1,13.3,5.8,56.5,3,,Technology,670056000.0,7287464.54
FHAIX,FRANKLIN HIGH INCOME FUND CLASS A,1.76,6,6,5,6,6,2,4,35,-10.0,28.0,Poor,Stay away,32,-0.6,0.0,-0.1,48.3,0,,nan,0.0,0.0
PSHG,Performance Shipping Inc,1.7,1,5,3,9,2,4,4,28,2.0,28.0,Poor,Stay away,20,-5.0,-7.6,-2.4,44.7,0,,Industrials,21383312.0,116036.57
KCDMF,Kimberly-Clark de México S. A. B. de C. V,2.18,7,11,4,3,5,2,4,36,-8.0,28.0,Poor,Stay away,42,1.9,0.0,0.4,48.8,0,,Consumer Defensive,6721901056.0,0.0
ORGO,Organogenesis Holdings Inc,2.44,7,11,7,4,7,2,2,40,-13.0,28.0,Poor,Stay away,39,1.7,-1.6,0.3,49.7,1,,Healthcare,319112864.0,1313482.48
LFEV,Life Electric Vehicles Holdings Inc.,1.918,14,4,4,8,3,7,5,45,-13.0,28.0,Poor,Stay away,55,3.7,-14.8,1.1,52.5,1,,Consumer Cyclical,19734908.0,734.66
RPGL,Republic Power Group Limited Class A Ordinary Shares,2.08,8,8,3,3,2,4,5,33,-8.0,28.0,Poor,Stay away,37,-18.1,-3.7,-21.0,46.5,0,,Technology,3317041.0,0.0
DBMBF,FIBRA Macquarie México,2.389,10,5,8,0,6,0,2,31,-8.0,28.0,Poor,🔥 COILED: Stay away,45,-6.5,-5.9,-1.5,49.4,1,,Real Estate,1994474496.0,0.0
WPNTF,Warpaint London PLC,2.502,7,7,1,9,3,2,2,31,-3.0,28.0,Poor,Stay away,28,0.0,0.0,-0.8,48.1,0,,Consumer Defensive,202170272.0,420.68
CCTC,Clean Coal Technologies Inc,3.28,18,6,7,15,6,3,5,60,-30,28,Poor,Stay away,60,16.7,54.0,21.2,70.4,4,,Industrials,130232720.0,0.0
EP,Empire Petroleum Corp,2.72,4,6,2,10,3,4,4,33,-5.0,28.0,Poor,Stay away,25,2.6,-4.6,-1.6,48.5,1,,Energy,105847264.0,57277.63
GUROF,GURU Organic Energy Corp,2.596,6,7,4,8,3,1,4,33,-5.0,28.0,Poor,Stay away,18,0.0,0.0,-2.2,42.6,1,,Consumer Defensive,78759288.0,649.22
CHLLF,China Literature Limited,2.93,3,3,9,7,3,1,4,30,-5.0,28.0,Poor,Stay away,12,0.0,0.0,-0.8,0.0,1,,Communication Services,2992922624.0,19.76
MCRUF,Morgan Advanced Materials plc,2.95,12,4,4,6,1,2,4,33,-8.0,28.0,Poor,Stay away,34,0.0,0.0,0.7,51.7,1,,Industrials,815423616.0,191.53
AISP,Airship AI Holdings Inc,2.8,8,8,4,6,5,2,5,38,-10.0,28.0,Poor,Stay away,35,0.4,-1.4,-0.5,51.0,0,,Technology,103663072.0,816216.48
SNGNF,Singapore Telecommunications Limited,3.5,10,9,4,3,4,2,3,35,-10.0,28.0,Poor,Stay away,33,0.0,11.1,1.6,53.5,2,,Communication Services,52829282304.0,0.0
VVR,Invesco Senior Income Trust,3.01,4,13,4,2,3,3,4,33,-6.0,28.0,Poor,Stay away,27,1.3,-0.3,0.2,49.7,1,,Financial Services,647320000.0,1081532.54
NPSGF,Nippon Sheet Glass Company Limited,3.0,7,3,10,6,4,1,4,35,-10.0,28.0,Poor,Stay away,25,0.0,0.0,-0.0,0.0,0,,Consumer Cyclical,426847008.0,13.5
LRMR,Larimar Therapeutics Inc,3.63,10,8,8,6,2,4,5,43,-15.0,28.0,Poor,Stay away,37,6.8,3.7,2.0,50.9,1,,Healthcare,341774848.0,2672598.29
ZH,Zhihu Inc ADR,3.07,1,4,6,9,5,0,5,30,-5.0,28.0,Poor,Stay away,32,-3.2,-1.9,-2.1,44.0,1,,Communication Services,268187744.0,324787.99
UBXG,U-BX Technology Ltd. Ordinary Shares,8.49,16,8,4,15,8,4,5,60,-30,28,Poor,Stay away,63,-12.5,173.9,51.7,71.3,3,,Communication Services,5508637.0,45489.35
JFHYX,John Hancock Focused High Yield Fund Cla,3.02,5,6,4,6,6,2,4,33,-10.0,28.0,Poor,🔥 COILED: Stay away,31,-0.3,0.0,-0.1,45.6,0,,nan,0.0,0.0
XRX,Xerox Corp,3.14,14,7,5,3,5,2,5,41,-16.0,28.0,Poor,🔥 COILED: Stay away,56,-4.6,-7.4,0.2,53.2,1,,Industrials,456420832.0,4827438.68
CCEL,CryoCell International Inc,3.8,15,6,2,15,3,4,5,50,-20.0,28.0,Poor,Stay away,34,10.1,10.1,4.3,55.2,3,,Healthcare,28193024.0,12334.69
BDCO,Blue Dolphin Energy Co,3.8,13,9,8,5,3,4,4,46,-23.0,28.0,Poor,🔥 COILED: Stay away,62,5.3,12.1,2.5,53.2,3,,Energy,56703476.0,10351.32
SPPL,SIMPPLE LTD. Ordinary Shares,3.72,13,3,6,7,3,7,5,44,-16.0,28.0,Poor,Stay away,63,4.8,-0.8,5.6,63.5,1,,Industrials,36991780.0,336777.75
SSM,Sono Group N.V.,4.31,6,16,3,4,3,2,5,39,-16.0,28.0,Poor,Stay away,23,16.5,8.6,7.5,53.8,2,,Consumer Cyclical,5991171.0,32783.65
SFGYY,Sony Financial Group Inc.,4.24,2,13,6,6,3,2,3,35,-10.0,28.0,Poor,Stay away,16,-2.1,-6.0,-2.5,40.6,1,,Financial Services,5755847168.0,0.0
FF,FutureFuel Corp,4.16,4,10,4,6,6,2,5,37,-10.0,28.0,Poor,Stay away,43,-4.1,-7.8,-2.8,44.3,1,,Basic Materials,191683520.0,311248.07
REIGX,Federated Hermes International Growth Fund Class R6 Shares,4.49,8,6,2,7,3,3,4,33,-10.0,28.0,Poor,🔥 COILED: Stay away,28,-2.8,0.0,-1.5,46.6,0,,nan,nan,0.0
CPPKF,Copperbank Resources Corp,3.87,4,6,0,13,7,0,2,32,-5.0,28.0,Poor,Stay away,44,-13.2,-2.0,-5.6,44.8,1,,Basic Materials,1341524224.0,80026.12
RVSN,Rail Vision Ltd. Ordinary Share,4.48,8,12,5,6,3,2,2,38,-15.0,28.0,Poor,Stay away,35,2.1,0.2,-5.6,35.8,2,,Industrials,10456918.0,111735.42
ITRYF,Ishares PLC - Ishares Treasury Bond 0-1 year UCITS ETF,4.975,10,4,5,12,1,0,4,36,-8.0,28.0,Poor,Stay away,46,-0.0,0.2,0.2,71.0,0,,Other,nan,365709.58
FPIXX,First American Funds Inc. - First American Institutional Prime Obligations Fund,1.0,5,4,10,6,3,2,4,34,-10.0,27.0,Poor,Stay away,32,0.0,0.0,-0.0,0.0,0,,nan,nan,0.0
LTFXX,LeggMason Partners Institutional Trust - Western Asset Institutional Tax Free Reserves,1.0,3,5,7,6,3,2,4,30,-8.0,27.0,Poor,🔥 COILED: Stay away,30,0.0,0.0,-0.0,48.1,0,,nan,nan,0.0
BVYXX,BVYXX,1.0,3,5,10,4,3,1,4,30,-8.0,27.0,Poor,🔥 COILED: Stay away,28,0.0,0.0,-3.7,42.7,0,,nan,nan,0.0
FCSUF,Focus Minerals Limited,1.15,3,3,10,4,3,7,4,34,-10.0,27.0,Poor,Stay away,25,0.0,0.0,-1.0,7.0,0,,Basic Materials,329542432.0,143.16
LCTX,Lineage Cell Therapeutics Inc,1.26,5,15,7,3,2,4,3,39,-13.0,27.0,Poor,Stay away,26,5.0,3.3,0.2,48.0,2,,Healthcare,301650944.0,1427125.1
AUHYF,Anadolu Hayat Emeklilik Anonim Sirketi,1.418,5,4,9,6,3,1,4,32,-10.0,27.0,Poor,🔥 COILED: Stay away,26,0.0,0.0,0.0,50.0,0,,Financial Services,609800192.0,122.14
DLNDY,D&L Industries Inc ADR,1.46,3,7,7,5,3,3,2,30,-8.0,27.0,Poor,🔥 COILED: Stay away,29,0.0,-2.6,-1.6,43.2,0,,Basic Materials,422857184.0,942.68
DLEXY,Datalex plc,1.55,8,4,9,6,4,2,4,37,-15.0,27.0,Poor,🔥 COILED: Stay away,42,0.0,0.0,-0.0,48.1,1,,Technology,145819168.0,11.9
HMR,Heidmar Maritime Holdings Corp. Common Stock,1.25,11,12,1,3,8,0,2,37,-8.0,27.0,Poor,Stay away,46,0.8,-11.3,-0.5,50.6,0,,Industrials,86128320.0,113382.98
FEEXY,Ferrexpo plc,1.65,3,3,8,7,3,1,4,29,-5.0,27.0,Poor,Stay away,16,0.0,0.0,-0.9,5.2,1,,Basic Materials,242713328.0,133.14
ITFY,Interfoundry Inc,2.0,11,5,8,11,3,2,5,45,-18.0,27.0,Poor,Stay away,41,0.0,17.6,7.8,57.5,3,,Energy,171038304.0,417.97
PBMLF,Pacific Booker Minerals Inc,1.65,8,9,9,0,6,3,4,39,-15.0,27.0,Poor,Stay away,46,0.0,1.9,0.1,49.6,1,,Basic Materials,28084336.0,1696.98
CHLWF,Charter Hall Long WALE REIT,1.73,5,4,9,6,3,1,4,32,-10.0,27.0,Poor,🔥 COILED: Stay away,26,0.0,0.0,0.0,50.0,1,,Real Estate,1238156160.0,2.87
ETCC,Environmmtl Tectonic,1.6,9,6,1,9,7,0,2,34,-5.0,27.0,Poor,Stay away,55,-6.4,-4.2,-2.6,49.4,2,,Industrials,14750993.0,14946.2
XCIFX,MFS Intermediate High Income Fund,1.77,7,9,2,6,0,4,4,32,-10.0,27.0,Poor,🔥 COILED: Stay away,29,0.0,0.6,-0.0,47.8,0,,Other,0.0,0.0
GNTA,Genenta Science SpA ADR,1.85,11,9,4,9,9,2,5,49,-22.0,27.0,Poor,Stay away,58,-1.1,15.6,13.0,61.0,3,,Healthcare,49541140.0,973108.32
BIRMF,BIOREM Inc,2.17,4,5,7,5,6,5,2,34,-10.0,27.0,Poor,Stay away,44,-1.4,0.9,-2.2,41.8,0,,Industrials,34904688.0,5654.7
PMDI,Psychemedics Corporation,2.2,5,5,8,6,6,5,2,37,-15.0,27.0,Poor,🔥 COILED: Stay away,53,0.0,0.0,-1.0,44.1,1,,Healthcare,13440905.0,2681.28
LCTC,Lifeloc Technologies Inc,2.32,13,5,2,13,3,1,5,42,-15.0,27.0,Poor,Stay away,36,-3.7,7.4,2.1,53.2,1,,Technology,6193386.0,189.32
CNICF,China International Capital Corporation Limited,2.35,6,4,11,6,3,2,4,36,-12.0,27.0,Poor,Stay away,50,0.0,0.0,0.0,61.7,0,,Financial Services,11344053248.0,0.0
NHICW,NewHold Investment Corp III Warrants,2.098,14,8,2,5,7,2,5,43,-16.0,27.0,Poor,Stay away,63,-8.8,-4.6,3.0,55.2,0,,nan,214978100.0,50563.45
RETO,ReTo Eco-Solutions Inc,2.65,13,9,8,15,7,0,5,57,-30,27,Poor,Stay away,66,-1.9,15.7,10.4,60.5,3,,Basic Materials,7585171.0,122578.32
DNLZY,Dyno Nobel Limited,2.606,10,6,3,8,3,0,4,34,-10.0,27.0,Poor,Stay away,50,-4.2,-4.4,-1.0,50.1,0,,Basic Materials,4599666688.0,5435.01
TV,Grupo Televisa SAB ADR,2.74,4,14,2,10,4,0,3,37,-8.0,27.0,Poor,Stay away,23,-7.1,-1.1,-2.5,44.7,1,,Communication Services,1407250304.0,1656824.32
SANA,Sana Biotechnology Inc,3.28,14,8,4,9,3,2,5,45,-18.0,27.0,Poor,Stay away,39,15.9,16.3,6.8,57.7,3,,Healthcare,823743104.0,3925021.45
ALT,Altimmune Inc,2.95,10,12,8,7,4,2,4,47,-18.0,27.0,Poor,Stay away,24,12.6,10.9,5.1,56.6,3,,Healthcare,527024992.0,3809475.67
PAYD,Paid Inc,2.3,4,5,1,8,6,2,3,29,-5.0,27.0,Poor,Stay away,25,2.2,-1.7,-2.4,45.0,1,,Technology,21611656.0,505.91
XFCOX,Aberdeen Global Income Fd Inc,2.74,4,3,10,6,6,1,4,34,-10.0,27.0,Poor,Stay away,36,0.0,0.0,-0.1,36.9,0,,Other,0.0,0.0
TSRYF,Treasury Wine Estates Ltd,3.28,14,4,4,9,6,2,5,44,-17.0,27.0,Poor,Stay away,33,-0.6,13.1,4.4,62.4,3,,Consumer Defensive,2503964672.0,1781.5
ELPKF,Elopak ASA,2.81,5,4,9,6,3,1,4,32,-10.0,27.0,Poor,🔥 COILED: Stay away,26,0.0,0.0,0.0,50.0,0,,Consumer Cyclical,755150016.0,10.0
IPFPF,International Personal Finance plc,2.83,7,3,10,7,4,2,4,37,-13.0,27.0,Poor,Stay away,46,0.0,0.0,0.0,94.9,0,,Financial Services,628432704.0,15.0
PN,Skycorp Solar Group Limited Ordinary Shares,3.71,6,12,4,4,5,2,2,35,-11.0,27.0,Poor,Stay away,45,6.9,-0.5,-0.7,49.9,1,,Technology,46704084.0,467671.61
HTCO,Caravelle International Group,4.22,6,11,3,9,2,4,2,37,-8.0,27.0,Poor,Stay away,15,-3.4,-5.6,-6.2,46.6,1,,Industrials,27823484.0,348508.47
PGENY,Pigeon Corp ADR,3.1,16,8,9,5,4,2,5,49,-22.0,27.0,Poor,Stay away,51,8.4,2.6,4.0,67.9,0,,Consumer Defensive,1450095488.0,0.0
EYUUF,Electricity Gnrtng NVtg,3.208,5,4,9,6,3,1,4,32,-10.0,27.0,Poor,🔥 COILED: Stay away,27,0.0,0.0,0.0,50.0,1,,Utilities,1688899712.0,0.02
HURRY,HÃ¼rriyet Gazetecilik ve Matbaacilik A.S.,3.0,8,4,10,6,3,2,4,37,-15.0,27.0,Poor,🔥 COILED: Stay away,36,0.0,0.0,-0.0,48.1,1,,Communication Services,88800000.0,16.8
MIHRX,MFS HIGH INCOME FUND R2,3.07,5,6,3,6,6,2,4,32,-10.0,27.0,Poor,🔥 COILED: Stay away,28,-0.3,0.0,-0.2,42.1,0,,nan,0.0,0.0
EKHIX,WELLS FARGO HIGH YIELD BOND FUND INSTITUTIONAL CLASS,3.01,4,7,3,6,6,2,4,32,-10.0,27.0,Poor,🔥 COILED: Stay away,29,-0.3,0.0,-0.2,42.5,0,,nan,0.0,0.0
SFGLF,Steadfast Group Ltd,4.08,14,1,3,5,6,2,5,36,-9.0,27.0,Poor,Stay away,50,0.0,18.3,7.4,63.3,2,,Financial Services,3836371456.0,129.3
CTNGY,Costain Group PLC,3.3,7,3,10,7,4,2,4,37,-13.0,27.0,Poor,Stay away,40,0.0,0.0,0.0,97.4,0,,Industrials,440679584.0,3.0
PPT,Putnam Premier Income Trust,3.42,1,4,7,8,2,1,4,27,0.0,27.0,Poor,Stay away,18,-0.9,-0.6,-0.8,38.7,0,,Financial Services,328274496.0,189450.38
HNORF,Harvey Norman Holdings Ltd,3.72,8,6,4,5,4,3,4,34,-10.0,27.0,Poor,Stay away,34,0.0,0.0,-0.0,36.3,0,,Consumer Cyclical,4635144704.0,439.67
JPDYY,Japan Display Inc ADR,3.77,5,7,4,8,0,3,5,32,-5.0,27.0,Poor,Stay away,38,-0.8,2.7,-3.6,30.1,1,,Technology,1424104448.0,50.0
BORUF,Borussia Dortmund GmbH & Co. Kommanditgesellschaft auf Aktien,3.57,7,6,10,5,3,5,4,40,-13.0,27.0,Poor,Stay away,39,2.0,-0.8,0.5,52.9,1,,Communication Services,397358336.0,0.0
ATCX,Atlas Critical Minerals Corporation,4.005,5,14,8,0,4,2,2,35,-8.0,27.0,Poor,Stay away,32,8.2,2.4,-2.5,44.1,1,,nan,20539504.0,40095.55
LTRCF,The Lottery Corporation Limited,3.795,8,3,5,5,6,6,4,37,-13.0,27.0,Poor,Stay away,47,0.0,0.0,0.0,74.1,0,,Consumer Cyclical,8446803968.0,25.56
ATAI,ATAI Life Sciences BV,4.17,5,17,4,2,9,2,3,42,-13.0,27.0,Poor,Stay away,55,0.7,7.2,1.6,51.8,1,,Healthcare,1656750080.0,5230689.71
AQST,Aquestive Therapeutics Inc,4.99,17,5,7,14,7,2,5,57,-30,27,Poor,⚠️ EXHAUSTION RISK: Stay away,58,17.1,25.1,13.8,73.8,3,,Healthcare,519363488.0,3157426.21
ENIC,Enel Chile SA ADR,4.36,10,7,3,7,3,0,5,35,-8.0,27.0,Poor,Stay away,49,-6.4,3.6,-1.3,47.6,0,,Utilities,5768491008.0,573514.83
GTN,Gray Television Inc,3.95,6,13,8,1,4,2,3,37,-8.0,27.0,Poor,Stay away,23,1.3,-2.9,-1.3,44.0,2,,Communication Services,414036000.0,1265964.93
BHLLD,Bunker Hill Mining Corp,4.04,5,9,7,5,7,2,2,37,-13.0,27.0,Poor,Stay away,51,0.5,-5.8,-2.8,44.2,2,,Basic Materials,190136480.0,30277.25
NRXP,NRX Pharmaceuticals Inc,3.56,7,9,0,8,3,0,2,29,-5.0,27.0,Poor,Stay away,49,-10.3,-8.0,-7.4,44.6,1,,Healthcare,169870288.0,854368.37
CFWFF,Calfrac Well Services Ltd,4.54,10,6,3,10,5,4,5,43,-16.0,27.0,Poor,Stay away,46,-1.1,2.3,-0.9,49.9,0,,Energy,486282560.0,10627.97
AUNA,Auna S.A.,4.93,10,7,4,8,1,0,5,35,-8.0,27.0,Poor,Stay away,28,-6.5,2.5,0.8,51.7,0,,Healthcare,328810080.0,266329.44
SIGA,SIGA Technologies Inc,4.32,3,14,5,3,2,3,2,32,-8.0,27.0,Poor,Stay away,25,0.5,-1.6,-1.3,43.5,0,,Healthcare,308413632.0,494599.12
BKYI,BIO-Key International Inc,4.75,14,14,6,8,7,2,5,56,-27.0,27.0,Poor,Stay away,58,23.4,11.2,13.7,62.7,4,,Industrials,4633855.0,521573.5
AHT-P-I,Ashford Hospitality Trust Inc 7.50% Series I Cumulative Preferred Stock,4.8,11,12,3,10,4,2,2,44,-13.0,27.0,Poor,Stay away,24,23.1,19.4,7.2,52.9,3,,Other,nan,7772.28
AECLY,AE & CI Ltd. (South Africa) ADR,5.0,5,4,10,6,3,2,4,34,-10.0,27.0,Poor,Stay away,30,0.0,0.0,-0.0,0.0,0,,Basic Materials,527588864.0,4.5
LUD,Luda Technology Group Limited,5.21,6,5,7,5,5,3,5,36,-10.0,27.0,Poor,Stay away,37,-0.2,8.8,1.0,50.5,1,,Basic Materials,114414328.0,78468.27
MYSE,"Myseum, Inc.",2.64,14,8,6,11,6,5,5,55,-26.2,26.8,Poor,Stay away,60,14.8,73.7,28.3,70.0,3,,Technology,8118926.0,1543368.9
PSSMF,PSSMF,1,2,4,10,6,3,2,4,31,-10.0,26.0,Poor,🔥 COILED: Stay away,32,0.0,0.0,0.0,50.0,0,,Basic Materials,8239617536.0,20.0
LEXLF,Lexington Gold Ltd,1,2,4,10,6,3,2,4,31,-10.0,26.0,Poor,🔥 COILED: Stay away,0,0.0,0.0,0.0,50.0,0,,Basic Materials,473861056.0,0.0
GLCP,GLCP,1,2,4,10,6,3,2,4,31,-10.0,26.0,Poor,🔥 COILED: Stay away,32,0.0,0.0,0.0,50.0,0,,Industrials,154394752.0,45.0
BCWG,BCW Group Holding Inc,1.0,7,3,8,6,3,2,4,33,-10.0,26.0,Poor,Stay away,36,0.0,0.0,-0.0,20.1,0,,Communication Services,100000000.0,16.5
PSPX,PSPX,1,2,4,10,6,3,2,4,31,-10.0,26.0,Poor,🔥 COILED: Stay away,32,0.0,0.0,0.0,50.0,0,,Consumer Cyclical,14375000.0,4.5
WTO,UTime Limited,5.92,20,4,8,5,7,2,5,51,-23,26,Poor,Stay away,62,6279.3,5843.8,266.1,95.2,4,7,Technology,2112049.0,321835.27
NASO,The GNS Group Inc,2.51,18,5,4,15,5,4,5,56,-30,26,Poor,Stay away,63,25.5,41.0,37.4,73.0,4,,Consumer Defensive,2248752.0,1193.7
BMMCX,Blackrock Multi-Manager Alt Fund Cl C,1,2,4,10,6,3,2,4,31,-10.0,26.0,Poor,🔥 COILED: Stay away,31,0.0,0.0,0.0,50.0,0,,Other,0.0,0.0
BMMAX,Blackrock Multi-Manager Alt Fund Cl A,1,2,4,10,6,3,2,4,31,-10.0,26.0,Poor,🔥 COILED: Stay away,31,0.0,0.0,0.0,50.0,0,,Other,0.0,0.0
CPVPX,Columbia Leg Captl Preservation Port A,1,2,4,10,6,3,2,4,31,-10.0,26.0,Poor,🔥 COILED: Stay away,31,0.0,0.0,0.0,50.0,0,,Other,0.0,0.0
IUGXX,Invesco Treasurers Series Trust - Invesco Premier U.S. Government Money Portfolio,1,2,4,10,6,3,2,4,31,-10.0,26.0,Poor,🔥 COILED: Stay away,31,0.0,0.0,0.0,50.0,0,,Other,nan,0.0
VUSXX,Vanguard Treasury Money Market Fund,1,2,4,10,6,3,2,4,31,-10.0,26.0,Poor,🔥 COILED: Stay away,31,0.0,0.0,0.0,50.0,0,,nan,nan,0.0
FDRXX,Fidelity Govt Cash Rsrvs,1,2,4,10,6,3,2,4,31,-10.0,26.0,Poor,🔥 COILED: Stay away,31,0.0,0.0,0.0,50.0,0,,nan,nan,0.0
VMFXX,Vanguard Federal Money Market Fund Investor Shares,1,2,4,10,6,3,2,4,31,-10.0,26.0,Poor,🔥 COILED: Stay away,31,0.0,0.0,0.0,50.0,0,,nan,nan,0.0
TFDXX,BlackRock Liquidity Funds FedFund Institutional Shares,1,2,4,10,6,3,2,4,31,-10.0,26.0,Poor,🔥 COILED: Stay away,31,0.0,0.0,0.0,50.0,0,,nan,nan,0.0
FGTXX,Goldman Sachs Financial Square Government Fund Institutional Shares,1,2,4,10,6,3,2,4,31,-10.0,26.0,Poor,🔥 COILED: Stay away,31,0.0,0.0,0.0,50.0,0,,nan,nan,0.0
AALXX,Thrivent Money Market Fund Class S,1,2,4,10,6,3,2,4,31,-10.0,26.0,Poor,🔥 COILED: Stay away,31,0.0,0.0,0.0,50.0,0,,nan,nan,0.0
FTIXX,Goldman Sachs Financial Square Treasury Instruments Fund Institutional Shares,1,2,4,10,6,3,2,4,31,-10.0,26.0,Poor,🔥 COILED: Stay away,31,0.0,0.0,0.0,50.0,0,,nan,nan,0.0
DAPXX,Dreyfus Government Securities Cash Management Administrative Shares,1,2,4,10,6,3,2,4,31,-10.0,26.0,Poor,🔥 COILED: Stay away,31,0.0,0.0,0.0,50.0,0,,nan,nan,0.0
AGPXX,Invesco Short-Term Investments Trust Government & Agency Portfolio Institutional,1,2,4,10,6,3,2,4,31,-10.0,26.0,Poor,🔥 COILED: Stay away,31,0.0,0.0,0.0,50.0,0,,nan,nan,0.0
MVRXX,Morgan Stanley Institutional Liquidity Funds -  Government Portfolio,1,2,4,10,6,3,2,4,31,-10.0,26.0,Poor,🔥 COILED: Stay away,31,0.0,0.0,0.0,50.0,0,,nan,nan,0.0
MISXX,Morgan Stanley Institutional Liquidity Funds - Treasury Portfolio,1,2,4,10,6,3,2,4,31,-10.0,26.0,Poor,🔥 COILED: Stay away,31,0.0,0.0,0.0,50.0,0,,nan,nan,0.0
FXFXX,First American Funds Inc. - Treasury Obligations Fund,1,2,4,10,6,3,2,4,31,-10.0,26.0,Poor,🔥 COILED: Stay away,31,0.0,0.0,0.0,50.0,0,,nan,nan,0.0
DTRXX,Dreyfus Treasury Obligations Cash Management,1,2,4,10,6,3,2,4,31,-10.0,26.0,Poor,🔥 COILED: Stay away,31,0.0,0.0,0.0,50.0,0,,nan,nan,0.0
FGXXX,First American Funds Inc. - Government Obligations Fund,1,2,4,10,6,3,2,4,31,-10.0,26.0,Poor,🔥 COILED: Stay away,31,0.0,0.0,0.0,50.0,0,,nan,nan,0.0
GVMXX,State Street Master Funds - State Street U.S. Government Money Market Portfolio,1,2,4,10,6,3,2,4,31,-10.0,26.0,Poor,🔥 COILED: Stay away,31,0.0,0.0,0.0,50.0,0,,nan,nan,0.0
FSIXX,Fidelity Colchester Street Trust - Treasury Only Portfolio,1,2,4,10,6,3,2,4,31,-10.0,26.0,Poor,🔥 COILED: Stay away,31,0.0,0.0,0.0,50.0,0,,nan,nan,0.0
TPIXX,State Street Institutional Investment Trust - State Street Institutional Treasury Plus Money Market,1,2,4,10,6,3,2,4,31,-10.0,26.0,Poor,🔥 COILED: Stay away,31,0.0,0.0,0.0,50.0,0,,nan,nan,0.0
FRAXX,Goldman Sachs Trust - Goldman Sachs Financial Square Treasury Instruments Fund,1,2,4,10,6,3,2,4,31,-10.0,26.0,Poor,🔥 COILED: Stay away,31,0.0,0.0,0.0,50.0,0,,nan,nan,0.0
TTTXX,BlackRock Liquidity Funds - Treasury Trust Fund,1,2,4,10,6,3,2,4,31,-10.0,26.0,Poor,🔥 COILED: Stay away,31,0.0,0.0,0.0,50.0,0,,nan,nan,0.0
FIGXX,Fidelity Colchester Street Trust - Government Portfolio,1,2,4,10,6,3,2,4,31,-10.0,26.0,Poor,🔥 COILED: Stay away,31,0.0,0.0,0.0,50.0,0,,nan,nan,0.0
SSIXX,State Street Institutional Liquid Reserves Fund,1.0,5,3,10,6,3,2,4,33,-10.0,26.0,Poor,Stay away,33,0.0,0.0,-0.0,0.0,0,,nan,nan,0.0
PDDXX,Putnam Money Market Fund Class A,1,2,4,10,6,3,2,4,31,-10.0,26.0,Poor,🔥 COILED: Stay away,31,0.0,0.0,0.0,50.0,0,,nan,nan,0.0
FMJXX,Goldman Sachs Investor Money Market Fund Class I,1,2,4,10,6,3,2,4,31,-10.0,26.0,Poor,🔥 COILED: Stay away,31,0.0,0.0,0.0,50.0,0,,nan,nan,0.0
FZDXX,Fidelity Money Market Fund,1,2,4,10,6,3,2,4,31,-10.0,26.0,Poor,🔥 COILED: Stay away,31,0.0,0.0,0.0,50.0,0,,nan,nan,0.0
SWVXX,Schwab Value Advantage Money Fund,1,2,4,10,6,3,2,4,31,-10.0,26.0,Poor,🔥 COILED: Stay away,31,0.0,0.0,0.0,50.0,0,,nan,nan,0.0
SWGXX,Schwab Government Money Fund,1,2,4,10,6,3,2,4,31,-10.0,26.0,Poor,🔥 COILED: Stay away,31,0.0,0.0,0.0,50.0,0,,nan,nan,0.0
DGCXX,Dreyfus Government Cash Management Fund,1,2,4,10,6,3,2,4,31,-10.0,26.0,Poor,🔥 COILED: Stay away,31,0.0,0.0,0.0,50.0,0,,nan,nan,0.0
TSCXX,T. Rowe Price Cash Reserves Fund,1,2,4,10,6,3,2,4,31,-10.0,26.0,Poor,🔥 COILED: Stay away,31,0.0,0.0,0.0,50.0,0,,nan,nan,0.0
MUSXX,MainStay U.S. Government Liquidity Fund Class I,1,2,4,10,6,3,2,4,31,-10.0,26.0,Poor,🔥 COILED: Stay away,31,0.0,0.0,0.0,50.0,0,,nan,nan,0.0
SAHXX,State Street Institutional U.S. Government Money Market Fund,1,2,4,10,6,3,2,4,31,-10.0,26.0,Poor,🔥 COILED: Stay away,31,0.0,0.0,0.0,50.0,0,,nan,nan,0.0
TSTXX,BlackRock Liquidity Funds - T-Fund,1,2,4,10,6,3,2,4,31,-10.0,26.0,Poor,🔥 COILED: Stay away,31,0.0,0.0,0.0,50.0,0,,nan,nan,0.0
JOAXX,JPMorgan Trust IV - Institutional Tax Free Money Market Fund,1.0,7,3,2,6,5,2,4,29,-8.0,26.0,Poor,🔥 COILED: Stay away,37,-0.0,-0.0,-0.0,45.3,0,,nan,nan,0.0
ACAXX,American Century Investment Trust - Prime Money Market Fund,1,2,4,10,6,3,2,4,31,-10.0,26.0,Poor,🔥 COILED: Stay away,31,0.0,0.0,0.0,50.0,0,,nan,nan,0.0
INFXX,Institutional Fiduciary Trust Money Market Fund,1,2,4,10,6,3,2,4,31,-10.0,26.0,Poor,🔥 COILED: Stay away,31,0.0,0.0,0.0,50.0,0,,nan,nan,0.0
AAOXX,American Beacon U.S. Government Money Market Select Fund,1,2,4,10,6,3,2,4,31,-10.0,26.0,Poor,🔥 COILED: Stay away,31,0.0,0.0,0.0,50.0,0,,nan,nan,0.0
ABZXX,American Funds U.S. Government Money Market Fund,1,2,4,10,6,3,2,4,31,-10.0,26.0,Poor,🔥 COILED: Stay away,31,0.0,0.0,0.0,50.0,0,,nan,nan,0.0
ACNXX,AIM Investment Securities Funds (Invesco Investment Securities Funds) - Government Money Market Fund,1,2,4,10,6,3,2,4,31,-10.0,26.0,Poor,🔥 COILED: Stay away,31,0.0,0.0,0.0,50.0,0,,nan,nan,0.0
ACXXX,AIM Investment Securities Funds (Invesco Investment Securities Funds) - Government Money Market Fund,1,2,4,10,6,3,2,4,31,-10.0,26.0,Poor,🔥 COILED: Stay away,31,0.0,0.0,0.0,50.0,0,,nan,nan,0.0
ACZXX,AIM Investment Securities Funds (Invesco Investment Securities Funds) - Government Money Market Fund,1,2,4,10,6,3,2,4,31,-10.0,26.0,Poor,🔥 COILED: Stay away,31,0.0,0.0,0.0,50.0,0,,nan,nan,0.0
ADAXX,AIM Investment Securities Funds (Invesco Investment Securities Funds) - Government Money Market Fund,1,2,4,10,6,3,2,4,31,-10.0,26.0,Poor,🔥 COILED: Stay away,31,0.0,0.0,0.0,50.0,0,,nan,nan,0.0
AEAXX,AB Government Exchange Reserves,1,2,4,10,6,3,2,4,31,-10.0,26.0,Poor,🔥 COILED: Stay away,31,0.0,0.0,0.0,50.0,0,,nan,nan,0.0
AEYXX,AB Government Exchange Reserves,1,2,4,10,6,3,2,4,31,-10.0,26.0,Poor,🔥 COILED: Stay away,31,0.0,0.0,0.0,50.0,0,,nan,nan,0.0
AGCXX,Short-Term Investment Trust - Invesco Government & Agency Portfolio,1,2,4,10,6,3,2,4,31,-10.0,26.0,Poor,🔥 COILED: Stay away,31,0.0,0.0,0.0,50.0,0,,nan,nan,0.0
AECXX,AB Fixed-Income Shares Inc. - AB Government Money Market Portfolio,1,2,4,10,6,3,2,4,31,-10.0,26.0,Poor,🔥 COILED: Stay away,31,0.0,0.0,0.0,50.0,0,,nan,nan,0.0
AGHXX,American Century Investment Trust - Premium Money Market Fund,1,2,4,10,6,3,2,4,31,-10.0,26.0,Poor,🔥 COILED: Stay away,31,0.0,0.0,0.0,50.0,0,,nan,nan,0.0
AGRXX,AllianceBernstein Bond Fund - Government Reserves Portfolio Fund,1,2,4,10,6,3,2,4,31,-10.0,26.0,Poor,🔥 COILED: Stay away,31,0.0,0.0,0.0,50.0,0,,nan,nan,0.0
AGQXX,American Century Investment Trust - Premium Money Market Fund,1,2,4,10,6,3,2,4,31,-10.0,26.0,Poor,🔥 COILED: Stay away,31,0.0,0.0,0.0,50.0,0,,nan,nan,0.0
AIEXX,AB Government Exchange Reserves,1,2,4,10,6,3,2,4,31,-10.0,26.0,Poor,🔥 COILED: Stay away,31,0.0,0.0,0.0,50.0,0,,nan,nan,0.0
AIYXX,AIM Investment Securities Funds (Invesco Investment Securities Funds) - Government Money Market Fund,1,2,4,10,6,3,2,4,31,-10.0,26.0,Poor,🔥 COILED: Stay away,31,0.0,0.0,0.0,50.0,0,,nan,nan,0.0
AMAXX,PIMCO Funds - PIMCO Government Money Market Fund,1,2,4,10,6,3,2,4,31,-10.0,26.0,Poor,🔥 COILED: Stay away,31,0.0,0.0,0.0,50.0,0,,nan,nan,0.0
AIMXX,AIM Investment Securities Funds (Invesco Investment Securities Funds) - Government Money Market Fund,1,2,4,10,6,3,2,4,31,-10.0,26.0,Poor,🔥 COILED: Stay away,31,0.0,0.0,0.0,50.0,0,,nan,nan,0.0
AMMXX,Thrivent Mutual Funds - Thrivent Money Market Fund,1,2,4,10,6,3,2,4,31,-10.0,26.0,Poor,🔥 COILED: Stay away,31,0.0,0.0,0.0,50.0,0,,nan,nan,0.0
AMGXX,PIMCO Funds - PIMCO Government Money Market Fund,1,2,4,10,6,3,2,4,31,-10.0,26.0,Poor,🔥 COILED: Stay away,31,0.0,0.0,0.0,50.0,0,,nan,nan,0.0
APCXX,Cavanal Hill Funds - Government Securities Money Market Fund,1,2,4,10,6,3,2,4,31,-10.0,26.0,Poor,🔥 COILED: Stay away,31,0.0,0.0,0.0,50.0,0,,nan,nan,0.0
APGXX,Cavanal Hill Funds - U.S. Treasury Fund,1,2,4,10,6,3,2,4,31,-10.0,26.0,Poor,🔥 COILED: Stay away,31,0.0,0.0,0.0,50.0,0,,nan,nan,0.0
APNXX,Cavanal Hill Funds - U.S. Treasury Fund,1,2,4,10,6,3,2,4,31,-10.0,26.0,Poor,🔥 COILED: Stay away,31,0.0,0.0,0.0,50.0,0,,nan,nan,0.0
APKXX,Cavanal Hill Funds - U.S. Treasury Fund,1,2,4,10,6,3,2,4,31,-10.0,26.0,Poor,🔥 COILED: Stay away,31,0.0,0.0,0.0,50.0,0,,nan,nan,0.0
APSXX,Cavanal Hill Funds - Government Securities Money Market Fund,1,2,4,10,6,3,2,4,31,-10.0,26.0,Poor,🔥 COILED: Stay away,31,0.0,0.0,0.0,50.0,0,,nan,nan,0.0
APPXX,Cavanal Hill Funds - Government Securities Money Market Fund,1,2,4,10,6,3,2,4,31,-10.0,26.0,Poor,🔥 COILED: Stay away,31,0.0,0.0,0.0,50.0,0,,nan,nan,0.0
APHXX,Cavanal Hill Funds - Government Securities Money Market Fund,1,2,4,10,6,3,2,4,31,-10.0,26.0,Poor,🔥 COILED: Stay away,31,0.0,0.0,0.0,50.0,0,,nan,nan,0.0
ARCXX,American Century Investment Trust - Prime Money Market Fund,1,2,4,10,6,3,2,4,31,-10.0,26.0,Poor,🔥 COILED: Stay away,31,0.0,0.0,0.0,50.0,0,,nan,nan,0.0
BCHXX,BlackRock Liquidity Funds - T-Fund,1,2,4,10,6,3,2,4,31,-10.0,26.0,Poor,🔥 COILED: Stay away,31,0.0,0.0,0.0,50.0,0,,nan,nan,0.0
BBSXX,BBH Trust - BBH U.S. Government Money Market Fund,1,2,4,10,6,3,2,4,31,-10.0,26.0,Poor,🔥 COILED: Stay away,31,0.0,0.0,0.0,50.0,0,,nan,nan,0.0
BCTXX,American Century California Tax-Free and Municipal Funds - California Tax-Free Money Market Fund,1,2,4,10,6,3,2,4,31,-10.0,26.0,Poor,🔥 COILED: Stay away,31,0.0,0.0,0.0,50.0,0,,nan,nan,0.0
BFFXX,BlackRock Liquidity Funds - FedFund,1,2,4,10,6,3,2,4,31,-10.0,26.0,Poor,🔥 COILED: Stay away,31,0.0,0.0,0.0,50.0,0,,nan,nan,0.0
BECXX,BlackRock Liquidity Funds - Federal Trust Fund,1,2,4,10,6,3,2,4,31,-10.0,26.0,Poor,🔥 COILED: Stay away,31,0.0,0.0,0.0,50.0,0,,nan,nan,0.0
BEMXX,BlackRock Liquidity Funds - T-Fund,1,2,4,10,6,3,2,4,31,-10.0,26.0,Poor,🔥 COILED: Stay away,31,0.0,0.0,0.0,50.0,0,,nan,nan,0.0
BFMXX,BlackRock Liquidity Funds - Federal Trust Fund,1,2,4,10,6,3,2,4,31,-10.0,26.0,Poor,🔥 COILED: Stay away,31,0.0,0.0,0.0,50.0,0,,nan,nan,0.0
BFTXX,BlackRock Liquidity Funds - Federal Trust Fund,1,2,4,10,6,3,2,4,31,-10.0,26.0,Poor,🔥 COILED: Stay away,31,0.0,0.0,0.0,50.0,0,,nan,nan,0.0
BFRXX,BlackRock Liquidity Funds - FedFund,1,2,4,10,6,3,2,4,31,-10.0,26.0,Poor,🔥 COILED: Stay away,31,0.0,0.0,0.0,50.0,0,,nan,nan,0.0
BMMIX,CollegeAdvantage 529 Savings Plan - BlackRock Money Market Option,1,2,4,10,6,3,2,4,31,-10.0,26.0,Poor,🔥 COILED: Stay away,31,0.0,0.0,0.0,50.0,0,,nan,nan,0.0
BNGXX,Northern Institutional Funds - U.S. Government Portfolio,1,2,4,10,6,3,2,4,31,-10.0,26.0,Poor,🔥 COILED: Stay away,31,0.0,0.0,0.0,50.0,0,,nan,nan,0.0
BGSXX,Northern Institutional Funds - U.S. Government Select Portfolio,1,2,4,10,6,3,2,4,31,-10.0,26.0,Poor,🔥 COILED: Stay away,31,0.0,0.0,0.0,50.0,0,,nan,nan,0.0
BPRXX,American Century Investment Trust - Prime Money Market Fund,1,2,4,10,6,3,2,4,31,-10.0,26.0,Poor,🔥 COILED: Stay away,31,0.0,0.0,0.0,50.0,0,,nan,nan,0.0
BRIXX,Blackrock Funds III - Treasury Money Market Fund,1,2,4,10,6,3,2,4,31,-10.0,26.0,Poor,🔥 COILED: Stay away,31,0.0,0.0,0.0,50.0,0,,nan,nan,0.0
BSCXX,Northern Institutional Funds - U.S. Government Select Portfolio,1,2,4,10,6,3,2,4,31,-10.0,26.0,Poor,🔥 COILED: Stay away,31,0.0,0.0,0.0,50.0,0,,nan,nan,0.0
BTCXX,BlackRock Liquidity Funds - Treasury Trust Fund,1,2,4,10,6,3,2,4,31,-10.0,26.0,Poor,🔥 COILED: Stay away,31,0.0,0.0,0.0,50.0,0,,nan,nan,0.0
BNTXX,American Century Municipal Trust - Tax-Free Money Market Fund,1,2,4,10,6,3,2,4,31,-10.0,26.0,Poor,🔥 COILED: Stay away,31,0.0,0.0,0.0,50.0,0,,nan,nan,0.0
BTFXX,BlackRock Liquidity Funds - Treasury Trust Fund,1,2,4,10,6,3,2,4,31,-10.0,26.0,Poor,🔥 COILED: Stay away,31,0.0,0.0,0.0,50.0,0,,nan,nan,0.0
BTRXX,BlackRock Liquidity Funds - T-Fund,1,2,4,10,6,3,2,4,31,-10.0,26.0,Poor,🔥 COILED: Stay away,31,0.0,0.0,0.0,50.0,0,,nan,nan,0.0
CACPX,Future Scholar 529 College Savings Plan - Conservative Portfolio,1,2,4,10,6,3,2,4,31,-10.0,26.0,Poor,🔥 COILED: Stay away,31,0.0,0.0,0.0,50.0,0,,nan,nan,0.0
CAGXX,Cash Account Trust - Government & Agency Securities Portfolio,1,2,4,10,6,3,2,4,31,-10.0,26.0,Poor,🔥 COILED: Stay away,31,0.0,0.0,0.0,50.0,0,,nan,nan,0.0
CACXX,Money Market Obligations Trust - Federated Hermes California Municipal Cash Trust,1,2,4,10,6,3,2,4,31,-10.0,26.0,Poor,🔥 COILED: Stay away,31,0.0,0.0,0.0,50.0,0,,nan,nan,0.0
CALXX,Money Market Obligations Trust - Federated Hermes California Municipal Cash Trust,1,2,4,10,6,3,2,4,31,-10.0,26.0,Poor,🔥 COILED: Stay away,31,0.0,0.0,0.0,50.0,0,,nan,nan,0.0
CAIXX,Money Market Obligations Trust - Federated Hermes California Municipal Cash Trust,1,2,4,10,6,3,2,4,31,-10.0,26.0,Poor,🔥 COILED: Stay away,31,0.0,0.0,0.0,50.0,0,,nan,nan,0.0
CBDCX,Future Scholar 529 College Savings Plan - Columbia Bank Deposit 529 Portfolio,1,2,4,10,6,3,2,4,31,-10.0,26.0,Poor,🔥 COILED: Stay away,31,0.0,0.0,0.0,50.0,0,,nan,nan,0.0
CBDAX,Future Scholar 529 College Savings Plan - Columbia Bank Deposit 529 Portfolio,1,2,4,10,6,3,2,4,31,-10.0,26.0,Poor,🔥 COILED: Stay away,31,0.0,0.0,0.0,50.0,0,,nan,nan,0.0
CBDEX,Future Scholar 529 College Savings Plan - Columbia Bank Deposit 529 Portfolio,1,2,4,10,6,3,2,4,31,-10.0,26.0,Poor,🔥 COILED: Stay away,31,0.0,0.0,0.0,50.0,0,,nan,nan,0.0
CBDPX,Future Scholar 529 College Savings Plan - Columbia Bank Deposit 529 Portfolio,1,2,4,10,6,3,2,4,31,-10.0,26.0,Poor,🔥 COILED: Stay away,31,0.0,0.0,0.0,50.0,0,,nan,nan,0.0
CCCXX,Money Market Obligations Trust - Federated Hermes California Municipal Cash Trust,1,2,4,10,6,3,2,4,31,-10.0,26.0,Poor,🔥 COILED: Stay away,31,0.0,0.0,0.0,50.0,0,,nan,nan,0.0
CCSXX,Money Market Obligations Trust - Federated Hermes California Municipal Cash Trust,1,2,4,10,6,3,2,4,31,-10.0,26.0,Poor,🔥 COILED: Stay away,31,0.0,0.0,0.0,50.0,0,,nan,nan,0.0
CEAXX,Citizensselect Funds - Dreyfus Institutional Preferred Treasury Securities Money Market Fund,1,2,4,10,6,3,2,4,31,-10.0,26.0,Poor,🔥 COILED: Stay away,31,0.0,0.0,0.0,50.0,0,,nan,nan,0.0
CCCPX,Future Scholar 529 College Savings Plan - Conservative Portfolio,1,2,4,10,6,3,2,4,31,-10.0,26.0,Poor,🔥 COILED: Stay away,31,0.0,0.0,0.0,50.0,0,,nan,nan,0.0
CEIXX,Citizensselect Funds - Dreyfus Institutional Preferred Treasury Securities Money Market Fund,1,2,4,10,6,3,2,4,31,-10.0,26.0,Poor,🔥 COILED: Stay away,31,0.0,0.0,0.0,50.0,0,,nan,nan,0.0
CIFXX,LeggMason Partners Institutional Trust - Western Asset Institutional Tax Free Reserves,1,2,4,10,6,3,2,4,31,-10.0,26.0,Poor,🔥 COILED: Stay away,31,0.0,0.0,0.0,50.0,0,,nan,nan,0.0
CECPX,Future Scholar 529 College Savings Plan - Conservative Portfolio,1,2,4,10,6,3,2,4,31,-10.0,26.0,Poor,🔥 COILED: Stay away,31,0.0,0.0,0.0,50.0,0,,nan,nan,0.0
CIIXX,Legg Mason Partners Institutional Trust - Western Asset Institutional U.S. Treasury Reserves,1,2,4,10,6,3,2,4,31,-10.0,26.0,Poor,🔥 COILED: Stay away,31,0.0,0.0,0.0,50.0,0,,nan,nan,0.0
CNFXX,City National Rochdale Funds - City National Rochdale Government Money Market Fund,1,2,4,10,6,3,2,4,31,-10.0,26.0,Poor,🔥 COILED: Stay away,31,0.0,0.0,0.0,50.0,0,,nan,nan,0.0
CNGXX,City National Rochdale Funds - City National Rochdale Government Money Market Fund,1,2,4,10,6,3,2,4,31,-10.0,26.0,Poor,🔥 COILED: Stay away,31,0.0,0.0,0.0,50.0,0,,nan,nan,0.0
CPFXX,American Century Government Income Trust - Capital Preservation Fund,1,2,4,10,6,3,2,4,31,-10.0,26.0,Poor,🔥 COILED: Stay away,31,0.0,0.0,0.0,50.0,0,,nan,nan,0.0
CNIXX,City National Rochdale Funds - City National Rochdale Government Money Market Fund,1,2,4,10,6,3,2,4,31,-10.0,26.0,Poor,🔥 COILED: Stay away,31,0.0,0.0,0.0,50.0,0,,nan,nan,0.0
COSXX,Morgan Stanley Institutional Liquidity Funds -  Government Portfolio,1,2,4,10,6,3,2,4,31,-10.0,26.0,Poor,🔥 COILED: Stay away,31,0.0,0.0,0.0,50.0,0,,nan,nan,0.0
CRHXX,MFS Series Trust I - MFS U.S. Government Cash Reserve Fund,1,2,4,10,6,3,2,4,31,-10.0,26.0,Poor,🔥 COILED: Stay away,31,0.0,0.0,0.0,50.0,0,,nan,nan,0.0
CRKXX,MFS Series Trust I - MFS U.S. Government Cash Reserve Fund,1,2,4,10,6,3,2,4,31,-10.0,26.0,Poor,🔥 COILED: Stay away,31,0.0,0.0,0.0,50.0,0,,nan,nan,0.0
CRJXX,MFS Series Trust I - MFS U.S. Government Cash Reserve Fund,1,2,4,10,6,3,2,4,31,-10.0,26.0,Poor,🔥 COILED: Stay away,31,0.0,0.0,0.0,50.0,0,,nan,nan,0.0
CRMXX,MFS Series Trust I - MFS U.S. Government Cash Reserve Fund,1,2,4,10,6,3,2,4,31,-10.0,26.0,Poor,🔥 COILED: Stay away,31,0.0,0.0,0.0,50.0,0,,nan,nan,0.0
CRRXX,MFS Series Trust I - MFS U.S. Government Cash Reserve Fund,1,2,4,10,6,3,2,4,31,-10.0,26.0,Poor,🔥 COILED: Stay away,31,0.0,0.0,0.0,50.0,0,,nan,nan,0.0
CRVXX,MFS Series Trust I - MFS U.S. Government Cash Reserve Fund,1,2,4,10,6,3,2,4,31,-10.0,26.0,Poor,🔥 COILED: Stay away,31,0.0,0.0,0.0,50.0,0,,nan,nan,0.0
CVGXX,BofA Funds Series Trust - BofA Money Market Reserves,1,2,4,10,6,3,2,4,31,-10.0,26.0,Poor,🔥 COILED: Stay away,31,0.0,0.0,0.0,50.0,0,,nan,nan,0.0
DARXX,Dreyfus Treasury Securities Cash Management,1,2,4,10,6,3,2,4,31,-10.0,26.0,Poor,🔥 COILED: Stay away,31,0.0,0.0,0.0,50.0,0,,nan,nan,0.0
CVTXX,Short-Term Investment Trust - Invesco Treasury Portfolio,1,2,4,10,6,3,2,4,31,-10.0,26.0,Poor,🔥 COILED: Stay away,31,0.0,0.0,0.0,50.0,0,,nan,nan,0.0
DAGXX,Dreyfus Government Cash Management Fund,1,2,4,10,6,3,2,4,31,-10.0,26.0,Poor,🔥 COILED: Stay away,31,0.0,0.0,0.0,50.0,0,,nan,nan,0.0
DBBXX,Cash Account Trust - Government & Agency Securities Portfolio,1,2,4,10,6,3,2,4,31,-10.0,26.0,Poor,🔥 COILED: Stay away,31,0.0,0.0,0.0,50.0,0,,nan,nan,0.0
DGEXX,Morgan Stanley U.S Government Money Market Trust Fund,1,2,4,10,6,3,2,4,31,-10.0,26.0,Poor,🔥 COILED: Stay away,31,0.0,0.0,0.0,50.0,0,,nan,nan,0.0
DCMXX,Cash Account Trust - Government & Agency Securities Portfolio,1,2,4,10,6,3,2,4,31,-10.0,26.0,Poor,🔥 COILED: Stay away,31,0.0,0.0,0.0,50.0,0,,nan,nan,0.0
DGQXX,Dreyfus Government Cash Management Fund,1,2,4,10,6,3,2,4,31,-10.0,26.0,Poor,🔥 COILED: Stay away,31,0.0,0.0,0.0,50.0,0,,nan,nan,0.0
DGPXX,Dreyfus Government Cash Management Funds - Dreyfus Government Prime Cash Management,1,2,4,10,6,3,2,4,31,-10.0,26.0,Poor,🔥 COILED: Stay away,31,0.0,0.0,0.0,50.0,0,,nan,nan,0.0
DGUXX,Dreyfus Government Cash Management Fund,1,2,4,10,6,3,2,4,31,-10.0,26.0,Poor,🔥 COILED: Stay away,31,0.0,0.0,0.0,50.0,0,,nan,nan,0.0
DGVXX,Dreyfus Government Cash Management Fund,1,2,4,10,6,3,2,4,31,-10.0,26.0,Poor,🔥 COILED: Stay away,31,0.0,0.0,0.0,50.0,0,,nan,nan,0.0
DIPXX,Dreyfus Government Cash Management Funds - Dreyfus Government Prime Cash Management,1,2,4,10,6,3,2,4,31,-10.0,26.0,Poor,🔥 COILED: Stay away,31,0.0,0.0,0.0,50.0,0,,nan,nan,0.0
DHLXX,Dreyfus Institutional Reserves Funds - Dreyfus Institutional Treasury and Agency Cash Advantage Fund,1,2,4,10,6,3,2,4,31,-10.0,26.0,Poor,🔥 COILED: Stay away,31,0.0,0.0,0.0,50.0,0,,nan,nan,0.0
DNSXX,Dreyfus Institutional Reserves Funds - Dreyfus Institutional Treasury and Agency Cash Advantage Fund,1,2,4,10,6,3,2,4,31,-10.0,26.0,Poor,🔥 COILED: Stay away,31,0.0,0.0,0.0,50.0,0,,nan,nan,0.0
DIRXX,Dreyfus Treasury Securities Cash Management,1,2,4,10,6,3,2,4,31,-10.0,26.0,Poor,🔥 COILED: Stay away,31,0.0,0.0,0.0,50.0,0,,nan,nan,0.0
DOAXX,DWS Money Market Prime Series - DWS Cash Investment Trust,1,2,4,10,6,3,2,4,31,-10.0,26.0,Poor,🔥 COILED: Stay away,31,0.0,0.0,0.0,50.0,0,,nan,nan,0.0
DOSXX,DWS Money Market Prime Series - DWS Cash Investment Trust,1,2,4,10,6,3,2,4,31,-10.0,26.0,Poor,🔥 COILED: Stay away,31,0.0,0.0,0.0,50.0,0,,nan,nan,0.0
DOCXX,DWS Money Market Prime Series - DWS Cash Investment Trust,1,2,4,10,6,3,2,4,31,-10.0,26.0,Poor,🔥 COILED: Stay away,31,0.0,0.0,0.0,50.0,0,,nan,nan,0.0
DPGXX,Dreyfus Government Cash Management Fund,1,2,4,10,6,3,2,4,31,-10.0,26.0,Poor,🔥 COILED: Stay away,31,0.0,0.0,0.0,50.0,0,,nan,nan,0.0
DSHXX,Dreyfus Institutional Reserves Funds - Dreyfus Institutional Preferred Government Money Market Fund,1,2,4,10,6,3,2,4,31,-10.0,26.0,Poor,🔥 COILED: Stay away,31,0.0,0.0,0.0,50.0,0,,nan,nan,0.0
DPRXX,Dreyfus Treasury Securities Cash Management,1,2,4,10,6,3,2,4,31,-10.0,26.0,Poor,🔥 COILED: Stay away,31,0.0,0.0,0.0,50.0,0,,nan,nan,0.0
DTAXX,Dreyfus Treasury Obligations Cash Management,1,2,4,10,6,3,2,4,31,-10.0,26.0,Poor,🔥 COILED: Stay away,31,0.0,0.0,0.0,50.0,0,,nan,nan,0.0
DSVXX,Dreyfus Institutional Reserves Funds - Dreyfus Institutional Preferred Government Money Market Fund,1,2,4,10,6,3,2,4,31,-10.0,26.0,Poor,🔥 COILED: Stay away,31,0.0,0.0,0.0,50.0,0,,nan,nan,0.0
DTBXX,Cash Account Trust - DWS Tax-Exempt Portfolio,1,2,4,10,6,3,2,4,31,-10.0,26.0,Poor,🔥 COILED: Stay away,31,0.0,0.0,0.0,50.0,0,,nan,nan,0.0
DTDXX,Cash Account Trust - DWS Tax-Exempt Portfolio,1,2,4,10,6,3,2,4,31,-10.0,26.0,Poor,🔥 COILED: Stay away,31,0.0,0.0,0.0,50.0,0,,nan,nan,0.0
DTCXX,Cash Account Trust - DWS Tax-Exempt Portfolio,1,2,4,10,6,3,2,4,31,-10.0,26.0,Poor,🔥 COILED: Stay away,31,0.0,0.0,0.0,50.0,0,,nan,nan,0.0
DTGXX,Cash Account Trust - Government & Agency Securities Portfolio,1,2,4,10,6,3,2,4,31,-10.0,26.0,Poor,🔥 COILED: Stay away,31,0.0,0.0,0.0,50.0,0,,nan,nan,0.0
DTHXX,Dreyfus Treasury Securities Cash Management,1,2,4,10,6,3,2,4,31,-10.0,26.0,Poor,🔥 COILED: Stay away,31,0.0,0.0,0.0,50.0,0,,nan,nan,0.0
DTKXX,Dreyfus Treasury Obligations Cash Management,1,2,4,10,6,3,2,4,31,-10.0,26.0,Poor,🔥 COILED: Stay away,31,0.0,0.0,0.0,50.0,0,,nan,nan,0.0
DTNXX,Dreyfus Treasury Obligations Cash Management,1,2,4,10,6,3,2,4,31,-10.0,26.0,Poor,🔥 COILED: Stay away,31,0.0,0.0,0.0,50.0,0,,nan,nan,0.0
DTLXX,Dreyfus Institutional Liquidity Funds - Dreyfus Treasury and Agency Liquidity Money Market Fund,1,2,4,10,6,3,2,4,31,-10.0,26.0,Poor,🔥 COILED: Stay away,31,0.0,0.0,0.0,50.0,0,,nan,nan,0.0
DTPXX,Dreyfus Treasury Obligations Cash Management,1,2,4,10,6,3,2,4,31,-10.0,26.0,Poor,🔥 COILED: Stay away,31,0.0,0.0,0.0,50.0,0,,nan,nan,0.0
DVPXX,Dreyfus Government Cash Management Funds - Dreyfus Government Prime Cash Management,1,2,4,10,6,3,2,4,31,-10.0,26.0,Poor,🔥 COILED: Stay away,31,0.0,0.0,0.0,50.0,0,,nan,nan,0.0
DTVXX,Dreyfus Treasury Obligations Cash Management,1,2,4,10,6,3,2,4,31,-10.0,26.0,Poor,🔥 COILED: Stay away,31,0.0,0.0,0.0,50.0,0,,nan,nan,0.0
DVRXX,Dreyfus Treasury Securities Cash Management,1,2,4,10,6,3,2,4,31,-10.0,26.0,Poor,🔥 COILED: Stay away,31,0.0,0.0,0.0,50.0,0,,nan,nan,0.0
DWGXX,Morgan Stanley U.S Government Money Market Trust Fund,1,2,4,10,6,3,2,4,31,-10.0,26.0,Poor,🔥 COILED: Stay away,31,0.0,0.0,0.0,50.0,0,,nan,nan,0.0
ELMXX,Elfun Government Money Market Fund,1,2,4,10,6,3,2,4,31,-10.0,26.0,Poor,🔥 COILED: Stay away,31,0.0,0.0,0.0,50.0,0,,nan,nan,0.0
FAAXX,First American Funds Inc. - Government Obligations Fund,1,2,4,10,6,3,2,4,31,-10.0,26.0,Poor,🔥 COILED: Stay away,31,0.0,0.0,0.0,50.0,0,,nan,nan,0.0
FAPXX,First American Funds Inc. - Retail Prime Obligations Fund,1,2,4,10,6,3,2,4,31,-10.0,26.0,Poor,🔥 COILED: Stay away,31,0.0,0.0,0.0,50.0,0,,nan,nan,0.0
FCEXX,Fidelity Colchester Street Trust - Treasury Portfolio,1,2,4,10,6,3,2,4,31,-10.0,26.0,Poor,🔥 COILED: Stay away,31,0.0,0.0,0.0,50.0,0,,nan,nan,0.0
FATXX,First American Funds Inc. - Treasury Obligations Fund,1,2,4,10,6,3,2,4,31,-10.0,26.0,Poor,🔥 COILED: Stay away,31,0.0,0.0,0.0,50.0,0,,nan,nan,0.0
FCGXX,Fidelity Colchester Street Trust - Government Portfolio,1,2,4,10,6,3,2,4,31,-10.0,26.0,Poor,🔥 COILED: Stay away,31,0.0,0.0,0.0,50.0,0,,nan,nan,0.0
FCIXX,Fidelity Colchester Street Trust - Money Market Portfolio,1,2,4,10,6,3,2,4,31,-10.0,26.0,Poor,🔥 COILED: Stay away,31,0.0,0.0,0.0,50.0,0,,nan,nan,0.0
FCOXX,Fidelity Colchester Street Trust - Money Market Portfolio,1,2,4,10,6,3,2,4,31,-10.0,26.0,Poor,🔥 COILED: Stay away,31,0.0,0.0,0.0,50.0,0,,nan,nan,0.0
FCSXX,Fidelity Colchester Street Trust - Treasury Portfolio,1,2,4,10,6,3,2,4,31,-10.0,26.0,Poor,🔥 COILED: Stay away,31,0.0,0.0,0.0,50.0,0,,nan,nan,0.0
FDCXX,Fidelity Newbury Street Trust - Treasury Fund,1,2,4,10,6,3,2,4,31,-10.0,26.0,Poor,🔥 COILED: Stay away,31,0.0,0.0,0.0,50.0,0,,nan,nan,0.0
FCVXX,Fidelity Colchester Street Trust - Government Portfolio,1,2,4,10,6,3,2,4,31,-10.0,26.0,Poor,🔥 COILED: Stay away,31,0.0,0.0,0.0,50.0,0,,nan,nan,0.0
FCYXX,Goldman Sachs Trust - Investor Tax-Exempt Money Market Fund,1,2,4,10,6,3,2,4,31,-10.0,26.0,Poor,🔥 COILED: Stay away,31,0.0,0.0,0.0,50.0,0,,nan,nan,0.0
FDUXX,Fidelity Newbury Street Trust - Treasury Fund,1,2,4,10,6,3,2,4,31,-10.0,26.0,Poor,🔥 COILED: Stay away,31,0.0,0.0,0.0,50.0,0,,nan,nan,0.0
FDEXX,Fidelity Newbury Street Trust - Tax-Exempt Fund,1,2,4,10,6,3,2,4,31,-10.0,26.0,Poor,🔥 COILED: Stay away,31,0.0,0.0,0.0,50.0,0,,nan,nan,0.0
FEAXX,Goldman Sachs Trust - Goldman Sachs Investor Tax-Exempt Money Market Fund,1,2,4,10,6,3,2,4,31,-10.0,26.0,Poor,🔥 COILED: Stay away,31,0.0,0.0,0.0,50.0,0,,nan,nan,0.0
FDLXX,Fidelity Hereford Street Trust - Fidelity Treasury Only Money Market Fund,1,2,4,10,6,3,2,4,31,-10.0,26.0,Poor,🔥 COILED: Stay away,31,0.0,0.0,0.0,50.0,0,,nan,nan,0.0
FERXX,Fidelity Newbury Street Trust - Tax-Exempt Fund,1,2,4,10,6,3,2,4,31,-10.0,26.0,Poor,🔥 COILED: Stay away,31,0.0,0.0,0.0,50.0,0,,nan,nan,0.0
FEDXX,Goldman Sachs Trust - Goldman Sachs Financial Square Federal Fund,1,2,4,10,6,3,2,4,31,-10.0,26.0,Poor,🔥 COILED: Stay away,31,0.0,0.0,0.0,50.0,0,,nan,nan,0.0
FEIXX,First American Funds Inc. - Retail Prime Obligations Fund,1,2,4,10,6,3,2,4,31,-10.0,26.0,Poor,🔥 COILED: Stay away,31,0.0,0.0,0.0,50.0,0,,nan,nan,0.0
FETXX,Fidelity Colchester Street Trust - Tax-Exempt Portfolio,1,2,4,10,6,3,2,4,31,-10.0,26.0,Poor,🔥 COILED: Stay away,31,0.0,0.0,0.0,50.0,0,,nan,nan,0.0
FESXX,Goldman Sachs Trust - Goldman Sachs Investor Tax-Exempt Money Market Fund,1,2,4,10,6,3,2,4,31,-10.0,26.0,Poor,🔥 COILED: Stay away,31,0.0,0.0,0.0,50.0,0,,nan,nan,0.0
FFCXX,First American Funds Inc. - Retail Tax Free Obligations Fund,1,2,4,10,6,3,2,4,31,-10.0,26.0,Poor,🔥 COILED: Stay away,31,0.0,0.0,0.0,50.0,0,,nan,nan,0.0
FFTXX,Money Market Obligations Trust - Federated Institutional Tax-Free Cash Trust,1,2,4,10,6,3,2,4,31,-10.0,26.0,Poor,🔥 COILED: Stay away,31,0.0,0.0,0.0,50.0,0,,nan,nan,0.0
FEXXX,Fidelity Colchester Street Trust - Tax-Exempt Portfolio,1,2,4,10,6,3,2,4,31,-10.0,26.0,Poor,🔥 COILED: Stay away,31,0.0,0.0,0.0,50.0,0,,nan,nan,0.0
FGAXX,Goldman Sachs Trust - Goldman Sachs Financial Square Treasury Obligations Fund,1,2,4,10,6,3,2,4,31,-10.0,26.0,Poor,🔥 COILED: Stay away,31,0.0,0.0,0.0,50.0,0,,nan,nan,0.0
FGDXX,First American Funds Inc. - Government Obligations Fund,1,2,4,10,6,3,2,4,31,-10.0,26.0,Poor,🔥 COILED: Stay away,31,0.0,0.0,0.0,50.0,0,,nan,nan,0.0
FGEXX,Fidelity Colchester Street Trust - Government Portfolio,1,2,4,10,6,3,2,4,31,-10.0,26.0,Poor,🔥 COILED: Stay away,31,0.0,0.0,0.0,50.0,0,,nan,nan,0.0
FGGXX,Goldman Sachs Trust - Goldman Sachs Financial Square Government Fund,1,2,4,10,6,3,2,4,31,-10.0,26.0,Poor,🔥 COILED: Stay away,31,0.0,0.0,0.0,50.0,0,,nan,nan,0.0
FGNXX,Fidelity Salem Street Trust - Government Money Market Fund,1,2,4,10,6,3,2,4,31,-10.0,26.0,Poor,🔥 COILED: Stay away,31,0.0,0.0,0.0,50.0,0,,nan,nan,0.0
FGUXX,First American Funds Inc. - Government Obligations Fund,1,2,4,10,6,3,2,4,31,-10.0,26.0,Poor,🔥 COILED: Stay away,31,0.0,0.0,0.0,50.0,0,,nan,nan,0.0
FGVXX,First American Funds Inc. - Government Obligations Fund,1,2,4,10,6,3,2,4,31,-10.0,26.0,Poor,🔥 COILED: Stay away,31,0.0,0.0,0.0,50.0,0,,nan,nan,0.0
FHIXX,First American Funds Inc. - Retail Tax Free Obligations Fund,1,2,4,10,6,3,2,4,31,-10.0,26.0,Poor,🔥 COILED: Stay away,31,0.0,0.0,0.0,50.0,0,,nan,nan,0.0
FGZXX,First American Funds Inc. - Government Obligations Fund,1,2,4,10,6,3,2,4,31,-10.0,26.0,Poor,🔥 COILED: Stay away,31,0.0,0.0,0.0,50.0,0,,nan,nan,0.0
FHSXX,Goldman Sachs Trust - Investor Money Market Fund,1,2,4,10,6,3,2,4,31,-10.0,26.0,Poor,🔥 COILED: Stay away,31,0.0,0.0,0.0,50.0,0,,nan,nan,0.0
FHMXX,Goldman Sachs Trust - Investor Money Market Fund,1,2,4,10,6,3,2,4,31,-10.0,26.0,Poor,🔥 COILED: Stay away,31,0.0,0.0,0.0,50.0,0,,nan,nan,0.0
FIHXX,Goldman Sachs Trust - Goldman Sachs Financial Square Federal Fund,1,2,4,10,6,3,2,4,31,-10.0,26.0,Poor,🔥 COILED: Stay away,31,0.0,0.0,0.0,50.0,0,,nan,nan,0.0
FILXX,Goldman Sachs Trust - Goldman Sachs Financial Square Federal Fund,1,2,4,10,6,3,2,4,31,-10.0,26.0,Poor,🔥 COILED: Stay away,31,0.0,0.0,0.0,50.0,0,,nan,nan,0.0
FIKXX,Goldman Sachs Trust - Goldman Sachs Financial Square Federal Fund,1,2,4,10,6,3,2,4,31,-10.0,26.0,Poor,🔥 COILED: Stay away,31,0.0,0.0,0.0,50.0,0,,nan,nan,0.0
FIOXX,Goldman Sachs Trust - Goldman Sachs Financial Square Federal Fund,1,2,4,10,6,3,2,4,31,-10.0,26.0,Poor,🔥 COILED: Stay away,31,0.0,0.0,0.0,50.0,0,,nan,nan,0.0
FISXX,Fidelity Colchester Street Trust - Treasury Portfolio,1,2,4,10,6,3,2,4,31,-10.0,26.0,Poor,🔥 COILED: Stay away,31,0.0,0.0,0.0,50.0,0,,nan,nan,0.0
FIRXX,Goldman Sachs Trust - Goldman Sachs Financial Square Federal Fund,1,2,4,10,6,3,2,4,31,-10.0,26.0,Poor,🔥 COILED: Stay away,31,0.0,0.0,0.0,50.0,0,,nan,nan,0.0
FIWXX,Goldman Sachs Trust - Goldman Sachs Financial Square Federal Fund,1,2,4,10,6,3,2,4,31,-10.0,26.0,Poor,🔥 COILED: Stay away,31,0.0,0.0,0.0,50.0,0,,nan,nan,0.0
FLGXX,Fidelity Hereford Street Trust-Flexible Government Money Market Fund,1,2,4,10,6,3,2,4,31,-10.0,26.0,Poor,🔥 COILED: Stay away,31,0.0,0.0,0.0,50.0,0,,nan,nan,0.0
FLIXX,First American Funds Inc. - Treasury Obligations Fund,1,2,4,10,6,3,2,4,31,-10.0,26.0,Poor,🔥 COILED: Stay away,31,0.0,0.0,0.0,50.0,0,,nan,nan,0.0
FLPXX,Meeder Funds - Institutional Prime Money Market Fund,1,2,4,10,6,3,2,4,31,-10.0,26.0,Poor,🔥 COILED: Stay away,31,0.0,0.0,0.0,50.0,0,,nan,nan,0.0
FMAXX,Fidelity Massachusetts Municipal Trust - Fidelity Massachusetts AMT Tax-Free Money Market Fund,1,2,4,10,6,3,2,4,31,-10.0,26.0,Poor,🔥 COILED: Stay away,31,0.0,0.0,0.0,50.0,0,,nan,nan,0.0
FKIXX,Goldman Sachs Trust - Investor Tax-Exempt Money Market Fund,1,2,4,10,6,3,2,4,31,-10.0,26.0,Poor,🔥 COILED: Stay away,31,0.0,0.0,0.0,50.0,0,,nan,nan,0.0
FMGXX,Goldman Sachs Trust - Investor Money Market Fund,1,2,4,10,6,3,2,4,31,-10.0,26.0,Poor,🔥 COILED: Stay away,31,0.0,0.0,0.0,50.0,0,,nan,nan,0.0
FMFXX,Franklin U.S. Government Money Fund,1,2,4,10,6,3,2,4,31,-10.0,26.0,Poor,🔥 COILED: Stay away,31,0.0,0.0,0.0,50.0,0,,nan,nan,0.0
FMEXX,Goldman Sachs Trust - Investor Money Market Fund,1,2,4,10,6,3,2,4,31,-10.0,26.0,Poor,🔥 COILED: Stay away,31,0.0,0.0,0.0,50.0,0,,nan,nan,0.0
FMQXX,Fidelity Salem Street Trust - Fidelity SAI Municipal Money Market Fund,1,2,4,10,6,3,2,4,31,-10.0,26.0,Poor,🔥 COILED: Stay away,31,0.0,0.0,0.0,50.0,0,,nan,nan,0.0
FMKXX,Goldman Sachs Trust - Investor Money Market Fund,1,2,4,10,6,3,2,4,31,-10.0,26.0,Poor,🔥 COILED: Stay away,31,0.0,0.0,0.0,50.0,0,,nan,nan,0.0
FMPXX,Fidelity Colchester Street Trust - Money Market Portfolio,1,2,4,10,6,3,2,4,31,-10.0,26.0,Poor,🔥 COILED: Stay away,31,0.0,0.0,0.0,50.0,0,,nan,nan,0.0
FMOXX,Fidelity Newbury Street Trust - Tax-Exempt Fund,1,2,4,10,6,3,2,4,31,-10.0,26.0,Poor,🔥 COILED: Stay away,31,0.0,0.0,0.0,50.0,0,,nan,nan,0.0
FMSXX,Fidelity Massachusetts Municipal Trust - Fidelity Massachusetts AMT Tax-Free Money Market Fund,1,2,4,10,6,3,2,4,31,-10.0,26.0,Poor,🔥 COILED: Stay away,31,0.0,0.0,0.0,50.0,0,,nan,nan,0.0
FMYXX,Fidelity Colchester Street Trust - Money Market Portfolio,1,2,4,10,6,3,2,4,31,-10.0,26.0,Poor,🔥 COILED: Stay away,31,0.0,0.0,0.0,50.0,0,,nan,nan,0.0
FNBXX,Fidelity Hereford Street Trust - Fidelity Government Money Market Fund,1,2,4,10,6,3,2,4,31,-10.0,26.0,Poor,🔥 COILED: Stay away,31,0.0,0.0,0.0,50.0,0,,nan,nan,0.0
FNCXX,Money Market Obligations Trust - Federated New York Municipal Cash Trust,1,2,4,10,6,3,2,4,31,-10.0,26.0,Poor,🔥 COILED: Stay away,31,0.0,0.0,0.0,50.0,0,,nan,nan,0.0
FNKXX,Fidelity New York Municipal Trust II - Fidelity New York AMT Tax-Free Money Market Fund,1,2,4,10,6,3,2,4,31,-10.0,26.0,Poor,🔥 COILED: Stay away,31,0.0,0.0,0.0,50.0,0,,nan,nan,0.0
FNDXX,Federated Private Liquidity Funds-Prime Private Liquidity Fund,1,2,4,10,6,3,2,4,31,-10.0,26.0,Poor,🔥 COILED: Stay away,31,0.0,0.0,0.0,50.0,0,,nan,nan,0.0
FNTXX,Money Market Obligations Trust - Federated New York Municipal Cash Trust,1,2,4,10,6,3,2,4,31,-10.0,26.0,Poor,🔥 COILED: Stay away,31,0.0,0.0,0.0,50.0,0,,nan,nan,0.0
FOCXX,First American Funds Inc. - Treasury Obligations Fund,1,2,4,10,6,3,2,4,31,-10.0,26.0,Poor,🔥 COILED: Stay away,31,0.0,0.0,0.0,50.0,0,,nan,nan,0.0
FODXX,First American Funds Inc. - U.S. Treasury Money Market Fund,1,2,4,10,6,3,2,4,31,-10.0,26.0,Poor,🔥 COILED: Stay away,31,0.0,0.0,0.0,50.0,0,,nan,nan,0.0
FOAXX,Goldman Sachs Trust - Goldman Sachs Financial Square Government Fund,1,2,4,10,6,3,2,4,31,-10.0,26.0,Poor,🔥 COILED: Stay away,31,0.0,0.0,0.0,50.0,0,,nan,nan,0.0
FOIXX,Fidelity Colchester Street Trust - Treasury Only Portfolio,1,2,4,10,6,3,2,4,31,-10.0,26.0,Poor,🔥 COILED: Stay away,31,0.0,0.0,0.0,50.0,0,,nan,nan,0.0
FOPXX,Fidelity Colchester Street Trust - Treasury Only Portfolio,1,2,4,10,6,3,2,4,31,-10.0,26.0,Poor,🔥 COILED: Stay away,31,0.0,0.0,0.0,50.0,0,,nan,nan,0.0
FOEXX,First American Funds Inc. - U.S. Treasury Money Market Fund,1,2,4,10,6,3,2,4,31,-10.0,26.0,Poor,🔥 COILED: Stay away,31,0.0,0.0,0.0,50.0,0,,nan,nan,0.0
FOXXX,Fidelity Colchester Street Trust - Treasury Only Portfolio,1,2,4,10,6,3,2,4,31,-10.0,26.0,Poor,🔥 COILED: Stay away,31,0.0,0.0,0.0,50.0,0,,nan,nan,0.0
FOSXX,Goldman Sachs Trust - Goldman Sachs Financial Square Government Fund,1,2,4,10,6,3,2,4,31,-10.0,26.0,Poor,🔥 COILED: Stay away,31,0.0,0.0,0.0,50.0,0,,nan,nan,0.0
FOYXX,First American Funds Inc. - U.S. Treasury Money Market Fund,1,2,4,10,6,3,2,4,31,-10.0,26.0,Poor,🔥 COILED: Stay away,31,0.0,0.0,0.0,50.0,0,,nan,nan,0.0
FOZXX,First American Funds Inc. - U.S. Treasury Money Market Fund,1,2,4,10,6,3,2,4,31,-10.0,26.0,Poor,🔥 COILED: Stay away,31,0.0,0.0,0.0,50.0,0,,nan,nan,0.0
FPUXX,First American Funds Inc. - Retail Prime Obligations Fund,1,2,4,10,6,3,2,4,31,-10.0,26.0,Poor,🔥 COILED: Stay away,31,0.0,0.0,0.0,50.0,0,,nan,nan,0.0
FRBXX,Fidelity Colchester Street Trust - Treasury Portfolio,1,2,4,10,6,3,2,4,31,-10.0,26.0,Poor,🔥 COILED: Stay away,31,0.0,0.0,0.0,50.0,0,,nan,nan,0.0
FPPXX,First American Funds Inc. - Government Obligations Fund,1,2,4,10,6,3,2,4,31,-10.0,26.0,Poor,🔥 COILED: Stay away,31,0.0,0.0,0.0,50.0,0,,nan,nan,0.0
FRRXX,Franklin U.S. Government Money Fund,1,2,4,10,6,3,2,4,31,-10.0,26.0,Poor,🔥 COILED: Stay away,31,0.0,0.0,0.0,50.0,0,,nan,nan,0.0
FRFXX,Money Market Obligations Trust - Federated Hermes Capital Reserve Fund,1,2,4,10,6,3,2,4,31,-10.0,26.0,Poor,🔥 COILED: Stay away,31,0.0,0.0,0.0,50.0,0,,nan,nan,0.0
FRQXX,Franklin U.S. Government Money Fund,1,2,4,10,6,3,2,4,31,-10.0,26.0,Poor,🔥 COILED: Stay away,31,0.0,0.0,0.0,50.0,0,,nan,nan,0.0
FRSXX,Fidelity Colchester Street Trust - Treasury Only Portfolio,1,2,4,10,6,3,2,4,31,-10.0,26.0,Poor,🔥 COILED: Stay away,31,0.0,0.0,0.0,50.0,0,,nan,nan,0.0
FSBXX,Fidelity California Municipal Trust II - Fidelity California AMT Tax-Free Money Market Fund,1,2,4,10,6,3,2,4,31,-10.0,26.0,Poor,🔥 COILED: Stay away,31,0.0,0.0,0.0,50.0,0,,nan,nan,0.0
FSJXX,Fidelity Court Street Trust II - Fidelity New Jersey AMT Tax-Free Money Market Fund,1,2,4,10,6,3,2,4,31,-10.0,26.0,Poor,🔥 COILED: Stay away,31,0.0,0.0,0.0,50.0,0,,nan,nan,0.0
FSKXX,Fidelity Court Street Trust II - Fidelity New Jersey AMT Tax-Free Money Market Fund,1,2,4,10,6,3,2,4,31,-10.0,26.0,Poor,🔥 COILED: Stay away,31,0.0,0.0,0.0,50.0,0,,nan,nan,0.0
FSGXX,Goldman Sachs Trust - Goldman Sachs Financial Square Government Fund,1,2,4,10,6,3,2,4,31,-10.0,26.0,Poor,🔥 COILED: Stay away,31,0.0,0.0,0.0,50.0,0,,nan,nan,0.0
FSNXX,Fidelity New York Municipal Trust II - Fidelity New York AMT Tax-Free Money Market Fund,1,2,4,10,6,3,2,4,31,-10.0,26.0,Poor,🔥 COILED: Stay away,31,0.0,0.0,0.0,50.0,0,,nan,nan,0.0
FSPXX,Fidelity California Municipal Trust II - Fidelity California AMT Tax-Free Money Market Fund,1,2,4,10,6,3,2,4,31,-10.0,26.0,Poor,🔥 COILED: Stay away,31,0.0,0.0,0.0,50.0,0,,nan,nan,0.0
FSOXX,Goldman Sachs Trust - Goldman Sachs Financial Square Government Fund,1,2,4,10,6,3,2,4,31,-10.0,26.0,Poor,🔥 COILED: Stay away,31,0.0,0.0,0.0,50.0,0,,nan,nan,0.0
FSRXX,Fidelity Newbury Street Trust - Treasury Fund,1,2,4,10,6,3,2,4,31,-10.0,26.0,Poor,🔥 COILED: Stay away,31,0.0,0.0,0.0,50.0,0,,nan,nan,0.0
FTAXX,First American Funds Inc. - Retail Tax Free Obligations Fund,1,2,4,10,6,3,2,4,31,-10.0,26.0,Poor,🔥 COILED: Stay away,31,0.0,0.0,0.0,50.0,0,,nan,nan,0.0
FSXXX,Fidelity Colchester Street Trust - Tax-Exempt Portfolio,1,2,4,10,6,3,2,4,31,-10.0,26.0,Poor,🔥 COILED: Stay away,31,0.0,0.0,0.0,50.0,0,,nan,nan,0.0
FTCXX,Fidelity Colchester Street Trust - Tax-Exempt Portfolio,1,2,4,10,6,3,2,4,31,-10.0,26.0,Poor,🔥 COILED: Stay away,31,0.0,0.0,0.0,50.0,0,,nan,nan,0.0
FTGXX,First American Funds Inc. - Government Obligations Fund,1,2,4,10,6,3,2,4,31,-10.0,26.0,Poor,🔥 COILED: Stay away,31,0.0,0.0,0.0,50.0,0,,nan,nan,0.0
FTFXX,Money Market Obligations Trust - Federated Institutional Tax-Free Cash Trust,1,2,4,10,6,3,2,4,31,-10.0,26.0,Poor,🔥 COILED: Stay away,31,0.0,0.0,0.0,50.0,0,,nan,nan,0.0
FTDXX,First American Funds Inc. - Treasury Obligations Fund,1,2,4,10,6,3,2,4,31,-10.0,26.0,Poor,🔥 COILED: Stay away,31,0.0,0.0,0.0,50.0,0,,nan,nan,0.0
FTJXX,First American Funds Inc. - Retail Tax Free Obligations Fund,1,2,4,10,6,3,2,4,31,-10.0,26.0,Poor,🔥 COILED: Stay away,31,0.0,0.0,0.0,50.0,0,,nan,nan,0.0
FTQXX,Franklin U.S. Government Money Fund,1,2,4,10,6,3,2,4,31,-10.0,26.0,Poor,🔥 COILED: Stay away,31,0.0,0.0,0.0,50.0,0,,nan,nan,0.0
FTOXX,Goldman Sachs Trust - Goldman Sachs Financial Square Treasury Obligations Fund,1,2,4,10,6,3,2,4,31,-10.0,26.0,Poor,🔥 COILED: Stay away,31,0.0,0.0,0.0,50.0,0,,nan,nan,0.0
FTKXX,First American Funds Inc. - U.S. Treasury Money Market Fund,1,2,4,10,6,3,2,4,31,-10.0,26.0,Poor,🔥 COILED: Stay away,31,0.0,0.0,0.0,50.0,0,,nan,nan,0.0
FTTXX,Fifth Third Funds - Fifth Third US Treasury Money Market Fund,1,2,4,10,6,3,2,4,31,-10.0,26.0,Poor,🔥 COILED: Stay away,31,0.0,0.0,0.0,50.0,0,,nan,nan,0.0
FTUXX,Fidelity Colchester Street Trust - Treasury Portfolio,1,2,4,10,6,3,2,4,31,-10.0,26.0,Poor,🔥 COILED: Stay away,31,0.0,0.0,0.0,50.0,0,,nan,nan,0.0
FTVXX,Fidelity Colchester Street Trust - Treasury Portfolio,1,2,4,10,6,3,2,4,31,-10.0,26.0,Poor,🔥 COILED: Stay away,31,0.0,0.0,0.0,50.0,0,,nan,nan,0.0
FTXXX,Goldman Sachs Trust - Goldman Sachs Investor Tax-Exempt Money Market Fund,1,2,4,10,6,3,2,4,31,-10.0,26.0,Poor,🔥 COILED: Stay away,31,0.0,0.0,0.0,50.0,0,,nan,nan,0.0
FTYXX,Fidelity Colchester Street Trust - Treasury Only Portfolio,1,2,4,10,6,3,2,4,31,-10.0,26.0,Poor,🔥 COILED: Stay away,31,0.0,0.0,0.0,50.0,0,,nan,nan,0.0
FUGXX,Invesco Treasurers Series Trust - Invesco Premier U.S. Government Money Portfolio,1,2,4,10,6,3,2,4,31,-10.0,26.0,Poor,🔥 COILED: Stay away,31,0.0,0.0,0.0,50.0,0,,nan,nan,0.0
FTZXX,First American Funds Inc. - Retail Tax Free Obligations Fund,1,2,4,10,6,3,2,4,31,-10.0,26.0,Poor,🔥 COILED: Stay away,31,0.0,0.0,0.0,50.0,0,,nan,nan,0.0
FUIXX,First American Funds Inc. - U.S. Treasury Money Market Fund,1,2,4,10,6,3,2,4,31,-10.0,26.0,Poor,🔥 COILED: Stay away,31,0.0,0.0,0.0,50.0,0,,nan,nan,0.0
FUZXX,First American Funds Inc. - Treasury Obligations Fund,1,2,4,10,6,3,2,4,31,-10.0,26.0,Poor,🔥 COILED: Stay away,31,0.0,0.0,0.0,50.0,0,,nan,nan,0.0
FUPXX,First American Funds Inc. - Treasury Obligations Fund,1,2,4,10,6,3,2,4,31,-10.0,26.0,Poor,🔥 COILED: Stay away,31,0.0,0.0,0.0,50.0,0,,nan,nan,0.0
FVIXX,First American Funds Inc. - Government Obligations Fund,1,2,4,10,6,3,2,4,31,-10.0,26.0,Poor,🔥 COILED: Stay away,31,0.0,0.0,0.0,50.0,0,,nan,nan,0.0
FVAXX,Goldman Sachs Trust - Goldman Sachs Financial Square Federal Fund,1,2,4,10,6,3,2,4,31,-10.0,26.0,Poor,🔥 COILED: Stay away,31,0.0,0.0,0.0,50.0,0,,nan,nan,0.0
FYAXX,Goldman Sachs Trust - Goldman Sachs Financial Square Treasury Obligations Fund,1,2,4,10,6,3,2,4,31,-10.0,26.0,Poor,🔥 COILED: Stay away,31,0.0,0.0,0.0,50.0,0,,nan,nan,0.0
FVSXX,Goldman Sachs Trust - Goldman Sachs Financial Square Federal Fund,1,2,4,10,6,3,2,4,31,-10.0,26.0,Poor,🔥 COILED: Stay away,31,0.0,0.0,0.0,50.0,0,,nan,nan,0.0
FXRXX,First American Funds Inc. - U.S. Treasury Money Market Fund,1,2,4,10,6,3,2,4,31,-10.0,26.0,Poor,🔥 COILED: Stay away,31,0.0,0.0,0.0,50.0,0,,nan,nan,0.0
FYRXX,First American Funds Inc. - Retail Prime Obligations Fund,1,2,4,10,6,3,2,4,31,-10.0,26.0,Poor,🔥 COILED: Stay away,31,0.0,0.0,0.0,50.0,0,,nan,nan,0.0
FZAXX,Fidelity Hereford Street Trust - Fidelity Government Money Market Fund,1,2,4,10,6,3,2,4,31,-10.0,26.0,Poor,🔥 COILED: Stay away,31,0.0,0.0,0.0,50.0,0,,nan,nan,0.0
FYSXX,Goldman Sachs Trust - Goldman Sachs Financial Square Treasury Instruments Fund,1,2,4,10,6,3,2,4,31,-10.0,26.0,Poor,🔥 COILED: Stay away,31,0.0,0.0,0.0,50.0,0,,nan,nan,0.0
FZBXX,Fidelity Hereford Street Trust - Fidelity Government Money Market Fund,1,2,4,10,6,3,2,4,31,-10.0,26.0,Poor,🔥 COILED: Stay away,31,0.0,0.0,0.0,50.0,0,,nan,nan,0.0
FZEXX,Fidelity Newbury Street Trust - Tax-Exempt Fund,1,2,4,10,6,3,2,4,31,-10.0,26.0,Poor,🔥 COILED: Stay away,31,0.0,0.0,0.0,50.0,0,,nan,nan,0.0
FZGXX,Fidelity Hereford Street Trust - Fidelity Government Money Market Fund,1,2,4,10,6,3,2,4,31,-10.0,26.0,Poor,🔥 COILED: Stay away,31,0.0,0.0,0.0,50.0,0,,nan,nan,0.0
FZRXX,First American Funds Inc. - Retail Prime Obligations Fund,1,2,4,10,6,3,2,4,31,-10.0,26.0,Poor,🔥 COILED: Stay away,31,0.0,0.0,0.0,50.0,0,,nan,nan,0.0
FZFXX,Fidelity Newbury Street Trust - Treasury Fund,1,2,4,10,6,3,2,4,31,-10.0,26.0,Poor,🔥 COILED: Stay away,31,0.0,0.0,0.0,50.0,0,,nan,nan,0.0
GBAXX,The Gabelli Money Market Funds - The Gabelli U.S. Treasury Money Market Fund,1,2,4,10,6,3,2,4,31,-10.0,26.0,Poor,🔥 COILED: Stay away,31,0.0,0.0,0.0,50.0,0,,nan,nan,0.0
GCFXX,Goldman Sachs Trust - Goldman Sachs Financial Square Federal Fund,1,2,4,10,6,3,2,4,31,-10.0,26.0,Poor,🔥 COILED: Stay away,31,0.0,0.0,0.0,50.0,0,,nan,nan,0.0
GABXX,The Gabelli Money Market Funds - The Gabelli U.S. Treasury Money Market Fund,1,2,4,10,6,3,2,4,31,-10.0,26.0,Poor,🔥 COILED: Stay away,31,0.0,0.0,0.0,50.0,0,,nan,nan,0.0
GBCXX,The Gabelli Money Market Funds - The Gabelli U.S. Treasury Money Market Fund,1,2,4,10,6,3,2,4,31,-10.0,26.0,Poor,🔥 COILED: Stay away,31,0.0,0.0,0.0,50.0,0,,nan,nan,0.0
GCTXX,Goldman Sachs Trust - Goldman Sachs Financial Square Treasury Obligations Fund,1,2,4,10,6,3,2,4,31,-10.0,26.0,Poor,🔥 COILED: Stay away,31,0.0,0.0,0.0,50.0,0,,nan,nan,0.0
GCGXX,Goldman Sachs Trust - Goldman Sachs Financial Square Government Fund,1,2,4,10,6,3,2,4,31,-10.0,26.0,Poor,🔥 COILED: Stay away,31,0.0,0.0,0.0,50.0,0,,nan,nan,0.0
GFAXX,SEI Daily Income Trust - Government Fund,1,2,4,10,6,3,2,4,31,-10.0,26.0,Poor,🔥 COILED: Stay away,31,0.0,0.0,0.0,50.0,0,,nan,nan,0.0
GCIXX,Goldman Sachs Trust - Goldman Sachs Financial Square Treasury Instruments Fund,1,2,4,10,6,3,2,4,31,-10.0,26.0,Poor,🔥 COILED: Stay away,31,0.0,0.0,0.0,50.0,0,,nan,nan,0.0
GFCXX,Goldman Sachs Trust - Goldman Sachs Financial Square Federal Fund,1,2,4,10,6,3,2,4,31,-10.0,26.0,Poor,🔥 COILED: Stay away,31,0.0,0.0,0.0,50.0,0,,nan,nan,0.0
GGPXX,Goldman Sachs Trust - Goldman Sachs Financial Square Government Fund,1,2,4,10,6,3,2,4,31,-10.0,26.0,Poor,🔥 COILED: Stay away,31,0.0,0.0,0.0,50.0,0,,nan,nan,0.0
GICXX,Goldman Sachs Trust - Goldman Sachs Financial Square Treasury Instruments Fund,1,2,4,10,6,3,2,4,31,-10.0,26.0,Poor,🔥 COILED: Stay away,31,0.0,0.0,0.0,50.0,0,,nan,nan,0.0
GFPXX,Goldman Sachs Trust - Goldman Sachs Financial Square Federal Fund,1,2,4,10,6,3,2,4,31,-10.0,26.0,Poor,🔥 COILED: Stay away,31,0.0,0.0,0.0,50.0,0,,nan,nan,0.0
GIPXX,Goldman Sachs Trust - Goldman Sachs Financial Square Treasury Instruments Fund,1,2,4,10,6,3,2,4,31,-10.0,26.0,Poor,🔥 COILED: Stay away,31,0.0,0.0,0.0,50.0,0,,nan,nan,0.0
GMCXX,AIM Investment Secs Fds (Invesco Invt Secs Fds) - Invesco U.S. Government Money Portfolio,1,2,4,10,6,3,2,4,31,-10.0,26.0,Poor,🔥 COILED: Stay away,31,0.0,0.0,0.0,50.0,0,,nan,nan,0.0
GMGXX,General Money Market Fund Inc.,1,2,4,10,6,3,2,4,31,-10.0,26.0,Poor,🔥 COILED: Stay away,31,0.0,0.0,0.0,50.0,0,,nan,nan,0.0
GMIXX,Nationwide Mutual Funds - Nationwide Money Market Fund,1,2,4,10,6,3,2,4,31,-10.0,26.0,Poor,🔥 COILED: Stay away,31,0.0,0.0,0.0,50.0,0,,nan,nan,0.0
GMBXX,General Money Market Fund Inc.,1,2,4,10,6,3,2,4,31,-10.0,26.0,Poor,🔥 COILED: Stay away,31,0.0,0.0,0.0,50.0,0,,nan,nan,0.0
GMMXX,General Money Market Fund Inc.,1,2,4,10,6,3,2,4,31,-10.0,26.0,Poor,🔥 COILED: Stay away,31,0.0,0.0,0.0,50.0,0,,nan,nan,0.0
GMLXX,AIM Investment Secs Fds (Invesco Invt Secs Fds) - Invesco U.S. Government Money Portfolio,1,2,4,10,6,3,2,4,31,-10.0,26.0,Poor,🔥 COILED: Stay away,31,0.0,0.0,0.0,50.0,0,,nan,nan,0.0
GMOXX,AB Fixed-Income Shares Inc. - AB Government Money Market Portfolio,1,2,4,10,6,3,2,4,31,-10.0,26.0,Poor,🔥 COILED: Stay away,31,0.0,0.0,0.0,50.0,0,,nan,nan,0.0
GMQXX,AIM Investment Secs Fds (Invesco Invt Secs Fds) - Invesco U.S. Government Money Portfolio,1,2,4,10,6,3,2,4,31,-10.0,26.0,Poor,🔥 COILED: Stay away,31,0.0,0.0,0.0,50.0,0,,nan,nan,0.0
GMYXX,GuideStone Funds - Money Market Fund,1,2,4,10,6,3,2,4,31,-10.0,26.0,Poor,🔥 COILED: Stay away,31,0.0,0.0,0.0,50.0,0,,nan,nan,0.0
GMRXX,AIM Investment Secs Fds (Invesco Invt Secs Fds) - Invesco U.S. Government Money Portfolio,1,2,4,10,6,3,2,4,31,-10.0,26.0,Poor,🔥 COILED: Stay away,31,0.0,0.0,0.0,50.0,0,,nan,nan,0.0
GOAXX,Money Market Obligations Trust - Federated Hermes Government Obligations Tax-Managed Fund,1,2,4,10,6,3,2,4,31,-10.0,26.0,Poor,🔥 COILED: Stay away,31,0.0,0.0,0.0,50.0,0,,nan,nan,0.0
GMZXX,GuideStone Funds - Money Market Fund,1,2,4,10,6,3,2,4,31,-10.0,26.0,Poor,🔥 COILED: Stay away,31,0.0,0.0,0.0,50.0,0,,nan,nan,0.0
GOTXX,Money Market Obligations Trust - Federated Hermes Government Obligations Tax-Managed Fund,1,2,4,10,6,3,2,4,31,-10.0,26.0,Poor,🔥 COILED: Stay away,31,0.0,0.0,0.0,50.0,0,,nan,nan,0.0
GOFXX,Money Market Obligations Trust - Federated Government Obligations Fund,1,2,4,10,6,3,2,4,31,-10.0,26.0,Poor,🔥 COILED: Stay away,31,0.0,0.0,0.0,50.0,0,,nan,nan,0.0
GOIXX,Federated Hermes Govt Obl IS,1,2,4,10,6,3,2,4,31,-10.0,26.0,Poor,🔥 COILED: Stay away,31,0.0,0.0,0.0,50.0,0,,nan,nan,0.0
GOVXX,Money Market Obligations Trust - Federated Government Obligations Fund,1,2,4,10,6,3,2,4,31,-10.0,26.0,Poor,🔥 COILED: Stay away,31,0.0,0.0,0.0,50.0,0,,nan,nan,0.0
GPFXX,Goldman Sachs Trust - Goldman Sachs Financial Square Federal Fund,1,2,4,10,6,3,2,4,31,-10.0,26.0,Poor,🔥 COILED: Stay away,31,0.0,0.0,0.0,50.0,0,,nan,nan,0.0
GPGXX,Goldman Sachs Trust - Goldman Sachs Financial Square Government Fund,1,2,4,10,6,3,2,4,31,-10.0,26.0,Poor,🔥 COILED: Stay away,31,0.0,0.0,0.0,50.0,0,,nan,nan,0.0
GPIXX,Goldman Sachs Trust - Goldman Sachs Financial Square Treasury Instruments Fund,1,2,4,10,6,3,2,4,31,-10.0,26.0,Poor,🔥 COILED: Stay away,31,0.0,0.0,0.0,50.0,0,,nan,nan,0.0
GPOXX,Goldman Sachs Trust - Goldman Sachs Financial Square Treasury Obligations Fund,1,2,4,10,6,3,2,4,31,-10.0,26.0,Poor,🔥 COILED: Stay away,31,0.0,0.0,0.0,50.0,0,,nan,nan,0.0
GPVXX,Short-Term Investment Trust - Invesco Government & Agency Portfolio,1,2,4,10,6,3,2,4,31,-10.0,26.0,Poor,🔥 COILED: Stay away,31,0.0,0.0,0.0,50.0,0,,nan,nan,0.0
GPTXX,Goldman Sachs Trust - Goldman Sachs Investor Tax-Exempt Money Market Fund,1,2,4,10,6,3,2,4,31,-10.0,26.0,Poor,🔥 COILED: Stay away,31,0.0,0.0,0.0,50.0,0,,nan,nan,0.0
GRAXX,Money Market Obligations Trust - Federated Hermes Government Reserves Fund,1,2,4,10,6,3,2,4,31,-10.0,26.0,Poor,🔥 COILED: Stay away,31,0.0,0.0,0.0,50.0,0,,nan,nan,0.0
GRFXX,Money Market Obligations Trust - Federated Hermes Government Reserves Fund,1,2,4,10,6,3,2,4,31,-10.0,26.0,Poor,🔥 COILED: Stay away,31,0.0,0.0,0.0,50.0,0,,nan,nan,0.0
GSGXX,Goldman Sachs Trust - Goldman Sachs Financial Square Government Fund,1,2,4,10,6,3,2,4,31,-10.0,26.0,Poor,🔥 COILED: Stay away,31,0.0,0.0,0.0,50.0,0,,nan,nan,0.0
GRCXX,Money Market Obligations Trust - Federated Hermes Government Reserves Fund,1,2,4,10,6,3,2,4,31,-10.0,26.0,Poor,🔥 COILED: Stay away,31,0.0,0.0,0.0,50.0,0,,nan,nan,0.0
GRGXX,Money Market Obligations Trust - Federated Hermes Government Reserves Fund,1,2,4,10,6,3,2,4,31,-10.0,26.0,Poor,🔥 COILED: Stay away,31,0.0,0.0,0.0,50.0,0,,nan,nan,0.0
GSIXX,Goldman Sachs Trust - Goldman Sachs Financial Square Treasury Instruments Fund,1,2,4,10,6,3,2,4,31,-10.0,26.0,Poor,🔥 COILED: Stay away,31,0.0,0.0,0.0,50.0,0,,nan,nan,0.0
GSOXX,Goldman Sachs Trust - Goldman Sachs Financial Square Treasury Obligations Fund,1,2,4,10,6,3,2,4,31,-10.0,26.0,Poor,🔥 COILED: Stay away,31,0.0,0.0,0.0,50.0,0,,nan,nan,0.0
GSFXX,Goldman Sachs Trust - Goldman Sachs Financial Square Federal Fund,1,2,4,10,6,3,2,4,31,-10.0,26.0,Poor,🔥 COILED: Stay away,31,0.0,0.0,0.0,50.0,0,,nan,nan,0.0
GTOXX,Goldman Sachs Trust - Goldman Sachs Financial Square Treasury Obligations Fund,1,2,4,10,6,3,2,4,31,-10.0,26.0,Poor,🔥 COILED: Stay away,31,0.0,0.0,0.0,50.0,0,,nan,nan,0.0
GTPXX,Goldman Sachs Trust - Goldman Sachs Financial Square Treasury Obligations Fund,1,2,4,10,6,3,2,4,31,-10.0,26.0,Poor,🔥 COILED: Stay away,31,0.0,0.0,0.0,50.0,0,,nan,nan,0.0
GTSXX,Money Market Obligations Trust - Federated Hermes Government Obligations Tax-Managed Fund,1,2,4,10,6,3,2,4,31,-10.0,26.0,Poor,🔥 COILED: Stay away,31,0.0,0.0,0.0,50.0,0,,nan,nan,0.0
GTRXX,Goldman Sachs Trust - Goldman Sachs Financial Square Treasury Obligations Fund,1,2,4,10,6,3,2,4,31,-10.0,26.0,Poor,🔥 COILED: Stay away,31,0.0,0.0,0.0,50.0,0,,nan,nan,0.0
GVCXX,Goldman Sachs Trust - Goldman Sachs Financial Square Government Fund,1,2,4,10,6,3,2,4,31,-10.0,26.0,Poor,🔥 COILED: Stay away,31,0.0,0.0,0.0,50.0,0,,nan,nan,0.0
GVIXX,Allspring Funds Trust - Allspring Government Money Market Fund,1,2,4,10,6,3,2,4,31,-10.0,26.0,Poor,🔥 COILED: Stay away,31,0.0,0.0,0.0,50.0,0,,nan,nan,0.0
GVRXX,Goldman Sachs Trust - Goldman Sachs Financial Square Government Fund,1,2,4,10,6,3,2,4,31,-10.0,26.0,Poor,🔥 COILED: Stay away,31,0.0,0.0,0.0,50.0,0,,nan,nan,0.0
GVSXX,State Street Insti U.S. Government Money Market Fd Service Class,1,2,4,10,6,3,2,4,31,-10.0,26.0,Poor,🔥 COILED: Stay away,31,0.0,0.0,0.0,50.0,0,,nan,nan,0.0
HBIXX,HSBC Funds - HSBC U.S. Treasury Money Market Fund,1,2,4,10,6,3,2,4,31,-10.0,26.0,Poor,🔥 COILED: Stay away,31,0.0,0.0,0.0,50.0,0,,nan,nan,0.0
GVVXX,State Street Master Funds - State Street U.S. Government Money Market Portfolio,1,2,4,10,6,3,2,4,31,-10.0,26.0,Poor,🔥 COILED: Stay away,31,0.0,0.0,0.0,50.0,0,,nan,nan,0.0
HDIXX,Homestead Funds Inc. - Daily Income Fund,1,2,4,10,6,3,2,4,31,-10.0,26.0,Poor,🔥 COILED: Stay away,31,0.0,0.0,0.0,50.0,0,,nan,nan,0.0
HGDXX,HSBC Funds - HSBC U.S. Government Money Market Fund,1,2,4,10,6,3,2,4,31,-10.0,26.0,Poor,🔥 COILED: Stay away,31,0.0,0.0,0.0,50.0,0,,nan,nan,0.0
HGIXX,HSBC Funds - HSBC U.S. Government Money Market Fund,1,2,4,10,6,3,2,4,31,-10.0,26.0,Poor,🔥 COILED: Stay away,31,0.0,0.0,0.0,50.0,0,,nan,nan,0.0
HGFXX,HSBC Funds - HSBC U.S. Government Money Market Fund,1,2,4,10,6,3,2,4,31,-10.0,26.0,Poor,🔥 COILED: Stay away,31,0.0,0.0,0.0,50.0,0,,nan,nan,0.0
HGGXX,HSBC Funds - HSBC U.S. Government Money Market Fund,1,2,4,10,6,3,2,4,31,-10.0,26.0,Poor,🔥 COILED: Stay away,31,0.0,0.0,0.0,50.0,0,,nan,nan,0.0
HTDXX,HSBC Funds - HSBC U.S. Treasury Money Market Fund,1,2,4,10,6,3,2,4,31,-10.0,26.0,Poor,🔥 COILED: Stay away,31,0.0,0.0,0.0,50.0,0,,nan,nan,0.0
HTFXX,HSBC Funds - HSBC U.S. Treasury Money Market Fund,1,2,4,10,6,3,2,4,31,-10.0,26.0,Poor,🔥 COILED: Stay away,31,0.0,0.0,0.0,50.0,0,,nan,nan,0.0
HTGXX,HSBC Funds - HSBC U.S. Treasury Money Market Fund,1,2,4,10,6,3,2,4,31,-10.0,26.0,Poor,🔥 COILED: Stay away,31,0.0,0.0,0.0,50.0,0,,nan,nan,0.0
ICAXX,DWS Government Money Market Series - Institutional,1,2,4,10,6,3,2,4,31,-10.0,26.0,Poor,🔥 COILED: Stay away,31,0.0,0.0,0.0,50.0,0,,nan,nan,0.0
HTYXX,HSBC Funds - HSBC U.S. Treasury Money Market Fund,1,2,4,10,6,3,2,4,31,-10.0,26.0,Poor,🔥 COILED: Stay away,31,0.0,0.0,0.0,50.0,0,,nan,nan,0.0
ICTXX,Investors Cash Trust - DWS Treasury Portfolio,1,2,4,10,6,3,2,4,31,-10.0,26.0,Poor,🔥 COILED: Stay away,31,0.0,0.0,0.0,50.0,0,,nan,nan,0.0
IATXX,Transamerica Funds - Transamerica Government Money Market,1,2,4,10,6,3,2,4,31,-10.0,26.0,Poor,🔥 COILED: Stay away,31,0.0,0.0,0.0,50.0,0,,nan,nan,0.0
IMRXX,AIM Treasurer's Series Trust (Invesco Treasurer's Series Trust) - Invesco Premier Portfolio,1,2,4,10,6,3,2,4,31,-10.0,26.0,Poor,🔥 COILED: Stay away,31,0.0,0.0,0.0,50.0,0,,nan,nan,0.0
IMLXX,Transamerica Funds - Transamerica Government Money Market,1,2,4,10,6,3,2,4,31,-10.0,26.0,Poor,🔥 COILED: Stay away,31,0.0,0.0,0.0,50.0,0,,nan,nan,0.0
INAXX,AIM Investment Securities Funds (Invesco Investment Securities Funds) - Government Money Market Fund,1,2,4,10,6,3,2,4,31,-10.0,26.0,Poor,🔥 COILED: Stay away,31,0.0,0.0,0.0,50.0,0,,nan,nan,0.0
INVXX,AIM Investment Securities Funds (Invesco Investment Securities Funds) - Government Money Market Fund,1,2,4,10,6,3,2,4,31,-10.0,26.0,Poor,🔥 COILED: Stay away,31,0.0,0.0,0.0,50.0,0,,nan,nan,0.0
INGXX,Legg Mason Partners Institutional Trust - Western Asset Institutional Government Reserves,1,2,4,10,6,3,2,4,31,-10.0,26.0,Poor,🔥 COILED: Stay away,31,0.0,0.0,0.0,50.0,0,,nan,nan,0.0
IPPXX,AIM Treasurer's Series Trust (Invesco Treasurer's Series Trust) - Invesco Premier Portfolio,1,2,4,10,6,3,2,4,31,-10.0,26.0,Poor,🔥 COILED: Stay away,31,0.0,0.0,0.0,50.0,0,,nan,nan,0.0
IPTXX,AIM Treasurer's Series Trust (Invesco Treasurer's Series Trust) - Invesco Premier Portfolio,1,2,4,10,6,3,2,4,31,-10.0,26.0,Poor,🔥 COILED: Stay away,31,0.0,0.0,0.0,50.0,0,,nan,nan,0.0
IRCXX,AIM Treasurer's Series Trust (Invesco Treasurer's Series Trust) - Invesco Premier Portfolio,1,2,4,10,6,3,2,4,31,-10.0,26.0,Poor,🔥 COILED: Stay away,31,0.0,0.0,0.0,50.0,0,,nan,nan,0.0
IPVXX,AIM Treasurer's Series Trust (Invesco Treasurer's Series Trust) - Invesco Premier Portfolio,1,2,4,10,6,3,2,4,31,-10.0,26.0,Poor,🔥 COILED: Stay away,31,0.0,0.0,0.0,50.0,0,,nan,nan,0.0
IRVXX,AIM Treasurer's Series Trust (Invesco Treasurer's Series Trust) - Invesco Premier Portfolio,1,2,4,10,6,3,2,4,31,-10.0,26.0,Poor,🔥 COILED: Stay away,31,0.0,0.0,0.0,50.0,0,,nan,nan,0.0
ISSXX,Federated Private Liquidity Funds-Prime Private Liquidity Fund,1,2,4,10,6,3,2,4,31,-10.0,26.0,Poor,🔥 COILED: Stay away,31,0.0,0.0,0.0,50.0,0,,nan,nan,0.0
ITVXX,Investors Cash Trust - DWS Treasury Portfolio,1,2,4,10,6,3,2,4,31,-10.0,26.0,Poor,🔥 COILED: Stay away,31,0.0,0.0,0.0,50.0,0,,nan,nan,0.0
IVMXX,Voya Government Money Market Portfolio,1,2,4,10,6,3,2,4,31,-10.0,26.0,Poor,🔥 COILED: Stay away,31,0.0,0.0,0.0,50.0,0,,nan,nan,0.0
IUSXX,Treasury Portfolio - Deutsche U.S. Treasury Money Fund,1,2,4,10,6,3,2,4,31,-10.0,26.0,Poor,🔥 COILED: Stay away,31,0.0,0.0,0.0,50.0,0,,nan,nan,0.0
JMCXX,John Hancock Money Market Fund Class C,1,2,4,10,6,3,2,4,31,-10.0,26.0,Poor,🔥 COILED: Stay away,31,0.0,0.0,0.0,50.0,0,,nan,nan,0.0
JHMXX,John Hancock Money Market Fund Class A,1,2,4,10,6,3,2,4,31,-10.0,26.0,Poor,🔥 COILED: Stay away,31,0.0,0.0,0.0,50.0,0,,nan,nan,0.0
JAMXX,Janus Investment Fund - Janus Money Market Fund,1,2,4,10,6,3,2,4,31,-10.0,26.0,Poor,🔥 COILED: Stay away,31,0.0,0.0,0.0,50.0,0,,nan,nan,0.0
JHOXX,John Hancock Variable Insurance Trust - Money Market Trust,1,2,4,10,6,3,2,4,31,-10.0,26.0,Poor,🔥 COILED: Stay away,31,0.0,0.0,0.0,50.0,0,,nan,nan,0.0
JNMXX,Janus Investment Fund - Janus Money Market Fund,1,2,4,10,6,3,2,4,31,-10.0,26.0,Poor,🔥 COILED: Stay away,31,0.0,0.0,0.0,50.0,0,,nan,nan,0.0
JNSXX,Edward Jones Money Market Fund,1,2,4,10,6,3,2,4,31,-10.0,26.0,Poor,🔥 COILED: Stay away,31,0.0,0.0,0.0,50.0,0,,nan,nan,0.0
JRSXX,ftse-kicks-2011-off-boosted-by-oil-manufacturing.aspx,1,2,4,10,6,3,2,4,31,-10.0,26.0,Poor,🔥 COILED: Stay away,31,0.0,0.0,0.0,50.0,0,,nan,nan,0.0
KMMXX,DWS Money Market Prime Series - DWS Money Market Fund,1,2,4,10,6,3,2,4,31,-10.0,26.0,Poor,🔥 COILED: Stay away,31,0.0,0.0,0.0,50.0,0,,nan,nan,0.0
LAIXX,Legg Mason Partners Institutional Trust - U.S. Treasury Obligations Money Market Fund,1,2,4,10,6,3,2,4,31,-10.0,26.0,Poor,🔥 COILED: Stay away,31,0.0,0.0,0.0,50.0,0,,nan,nan,0.0
LACXX,Lord Abbett U.S. Govt & Govt Sponsored Enterprises Money Mkt Fd Inc.,1,2,4,10,6,3,2,4,31,-10.0,26.0,Poor,🔥 COILED: Stay away,31,0.0,0.0,0.0,50.0,0,,nan,nan,0.0
LAYXX,Lord Abbett U.S. Govt & Govt Sponsored Entpr MMkt Fd Cl I,1,2,4,10,6,3,2,4,31,-10.0,26.0,Poor,🔥 COILED: Stay away,31,0.0,0.0,0.0,50.0,0,,nan,nan,0.0
LCCXX,Lord Abbett U.S. Government & Government Sponsored Enterprises Money Market Fund,1,2,4,10,6,3,2,4,31,-10.0,26.0,Poor,🔥 COILED: Stay away,31,0.0,0.0,0.0,50.0,0,,nan,nan,0.0
LGRXX,Legg Mason Partners Institutional Trust - Western Asset Institutional Government Reserves,1,2,4,10,6,3,2,4,31,-10.0,26.0,Poor,🔥 COILED: Stay away,31,0.0,0.0,0.0,50.0,0,,nan,nan,0.0
LAOXX,Legg Mason Partners Institutional Trust - U.S. Treasury Obligations Money Market Fund,1,2,4,10,6,3,2,4,31,-10.0,26.0,Poor,🔥 COILED: Stay away,31,0.0,0.0,0.0,50.0,0,,nan,nan,0.0
LUIXX,Legg Mason Partners Institutional Trust - U.S. Treasury Obligations Money Market Fund,1,2,4,10,6,3,2,4,31,-10.0,26.0,Poor,🔥 COILED: Stay away,31,0.0,0.0,0.0,50.0,0,,nan,nan,0.0
LTRXX,Legg Mason Partners Institutional Trust - Western Asset Institutional U.S. Treasury Reserves,1,2,4,10,6,3,2,4,31,-10.0,26.0,Poor,🔥 COILED: Stay away,31,0.0,0.0,0.0,50.0,0,,nan,nan,0.0
LWPXX,Legg Mason Partners Institutional Trust - Western Asset Institutional Government Reserves,1,2,4,10,6,3,2,4,31,-10.0,26.0,Poor,🔥 COILED: Stay away,31,0.0,0.0,0.0,50.0,0,,nan,nan,0.0
MAAXX,Money Market Fund,1,2,4,10,6,3,2,4,31,-10.0,26.0,Poor,🔥 COILED: Stay away,31,0.0,0.0,0.0,50.0,0,,nan,nan,0.0
MAOXX,Morgan Stanley Institutional Liquidity Funds - Treasury Portfolio,1,2,4,10,6,3,2,4,31,-10.0,26.0,Poor,🔥 COILED: Stay away,31,0.0,0.0,0.0,50.0,0,,nan,nan,0.0
MAMXX,Morgan Stanley Institutional Liquidity Funds - Treasury Securities Portfolio,1,2,4,10,6,3,2,4,31,-10.0,26.0,Poor,🔥 COILED: Stay away,31,0.0,0.0,0.0,50.0,0,,nan,nan,0.0
MAYXX,Morgan Stanley Institutional Liquidity Funds -  Government Portfolio,1,2,4,10,6,3,2,4,31,-10.0,26.0,Poor,🔥 COILED: Stay away,31,0.0,0.0,0.0,50.0,0,,nan,nan,0.0
MCBXX,BlackRock Financial Institutions Series Trust - BlackRock Summit Cash Reserves Fund,1,2,4,10,6,3,2,4,31,-10.0,26.0,Poor,🔥 COILED: Stay away,31,0.0,0.0,0.0,50.0,0,,nan,nan,0.0
MCCXX,MFS Series Trust I - MFS U.S. Government Cash Reserve Fund,1,2,4,10,6,3,2,4,31,-10.0,26.0,Poor,🔥 COILED: Stay away,31,0.0,0.0,0.0,50.0,0,,nan,nan,0.0
MCDXX,BlackRock Liquidity Funds - MuniCash,1,2,4,10,6,3,2,4,31,-10.0,26.0,Poor,🔥 COILED: Stay away,31,0.0,0.0,0.0,50.0,0,,nan,nan,0.0
MCHXX,Morgan Stanley Institutional Liquidity Funds - Government Securities Portfolio,1,2,4,10,6,3,2,4,31,-10.0,26.0,Poor,🔥 COILED: Stay away,31,0.0,0.0,0.0,50.0,0,,nan,nan,0.0
MCMXX,MFS Series Trust IV - MFS U.S. Government Money Market Fund,1,2,4,10,6,3,2,4,31,-10.0,26.0,Poor,🔥 COILED: Stay away,31,0.0,0.0,0.0,50.0,0,,nan,nan,0.0
MCPXX,BlackRock Liquidity Funds MuniCash - Capital,1,2,4,10,6,3,2,4,31,-10.0,26.0,Poor,🔥 COILED: Stay away,31,0.0,0.0,0.0,50.0,0,,nan,nan,0.0
MCRXX,MFS Series Trust I - MFS U.S. Government Cash Reserve Fund,1,2,4,10,6,3,2,4,31,-10.0,26.0,Poor,🔥 COILED: Stay away,31,0.0,0.0,0.0,50.0,0,,nan,nan,0.0
MFCXX,Money Market Obligations Trust - Federated Municipal Obligations Fund,1,2,4,10,6,3,2,4,31,-10.0,26.0,Poor,🔥 COILED: Stay away,31,0.0,0.0,0.0,50.0,0,,nan,nan,0.0
MFSXX,Money Market Obligations Trust - Federated Municipal Obligations Fund,1,2,4,10,6,3,2,4,31,-10.0,26.0,Poor,🔥 COILED: Stay away,31,0.0,0.0,0.0,50.0,0,,nan,nan,0.0
MGMXX,JPMorgan Trust II - JPMorgan U.S. Government Money Market Fund,1,2,4,10,6,3,2,4,31,-10.0,26.0,Poor,🔥 COILED: Stay away,31,0.0,0.0,0.0,50.0,0,,nan,nan,0.0
MGOXX,Morgan Stanley Institutional Liquidity Funds -  Government Portfolio,1,2,4,10,6,3,2,4,31,-10.0,26.0,Poor,🔥 COILED: Stay away,31,0.0,0.0,0.0,50.0,0,,nan,nan,0.0
MGAXX,Morgan Stanley Institutional Liquidity Funds - Government Securities Portfolio,1,2,4,10,6,3,2,4,31,-10.0,26.0,Poor,🔥 COILED: Stay away,31,0.0,0.0,0.0,50.0,0,,nan,nan,0.0
MGPXX,Morgan Stanley Institutional Liquidity Funds - Government Securities Portfolio,1,2,4,10,6,3,2,4,31,-10.0,26.0,Poor,🔥 COILED: Stay away,31,0.0,0.0,0.0,50.0,0,,nan,nan,0.0
MGSXX,Morgan Stanley Institutional Liquidity Funds -  Government Portfolio,1,2,4,10,6,3,2,4,31,-10.0,26.0,Poor,🔥 COILED: Stay away,31,0.0,0.0,0.0,50.0,0,,nan,nan,0.0
MJAXX,Prudential Government Money Market Fund Inc.,1,2,4,10,6,3,2,4,31,-10.0,26.0,Poor,🔥 COILED: Stay away,31,0.0,0.0,0.0,50.0,0,,nan,nan,0.0
MIPXX,The MainStay Funds - MainStay Money Market Fund,1,2,4,10,6,3,2,4,31,-10.0,26.0,Poor,🔥 COILED: Stay away,31,0.0,0.0,0.0,50.0,0,,nan,nan,0.0
MHSXX,Morgan Stanley Institutional Liquidity Funds - Treasury Portfolio,1,2,4,10,6,3,2,4,31,-10.0,26.0,Poor,🔥 COILED: Stay away,31,0.0,0.0,0.0,50.0,0,,nan,nan,0.0
MIFXX,Nationwide Mutual Funds - Nationwide Money Market Fund,1,2,4,10,6,3,2,4,31,-10.0,26.0,Poor,🔥 COILED: Stay away,31,0.0,0.0,0.0,50.0,0,,nan,nan,0.0
MJCXX,Prudential Government Money Market Fund Inc.,1,2,4,10,6,3,2,4,31,-10.0,26.0,Poor,🔥 COILED: Stay away,31,0.0,0.0,0.0,50.0,0,,nan,nan,0.0
MMIXX,Wells Fargo Funds Trust - National Tax-Free Money Market Fund,1,2,4,10,6,3,2,4,31,-10.0,26.0,Poor,🔥 COILED: Stay away,31,0.0,0.0,0.0,50.0,0,,nan,nan,0.0
MJLXX,JPMorgan Trust II - JPMorgan Liquid Assets Money Market Fund,1,2,4,10,6,3,2,4,31,-10.0,26.0,Poor,🔥 COILED: Stay away,31,0.0,0.0,0.0,50.0,0,,nan,nan,0.0
MNVXX,Morgan Stanley Institutional Liquidity Funds - Treasury Securities Portfolio,1,2,4,10,6,3,2,4,31,-10.0,26.0,Poor,🔥 COILED: Stay away,31,0.0,0.0,0.0,50.0,0,,nan,nan,0.0
MOFXX,Money Market Obligations Trust - Federated Municipal Obligations Fund,1,2,4,10,6,3,2,4,31,-10.0,26.0,Poor,🔥 COILED: Stay away,31,0.0,0.0,0.0,50.0,0,,nan,nan,0.0
MODXX,Money Market Obligations Trust - Federated Municipal Obligations Fund,1,2,4,10,6,3,2,4,31,-10.0,26.0,Poor,🔥 COILED: Stay away,31,0.0,0.0,0.0,50.0,0,,nan,nan,0.0
MOSXX,Money Market Obligations Trust - Federated Municipal Obligations Fund,1,2,4,10,6,3,2,4,31,-10.0,26.0,Poor,🔥 COILED: Stay away,31,0.0,0.0,0.0,50.0,0,,nan,nan,0.0
MOIXX,Money Market Obligations Trust - Federated Municipal Obligations Fund,1,2,4,10,6,3,2,4,31,-10.0,26.0,Poor,🔥 COILED: Stay away,31,0.0,0.0,0.0,50.0,0,,nan,nan,0.0
MPIXX,ProFunds - Money Market ProFund,1,2,4,10,6,3,2,4,31,-10.0,26.0,Poor,🔥 COILED: Stay away,31,0.0,0.0,0.0,50.0,0,,nan,nan,0.0
MPCXX,Morgan Stanley Institutional Liquidity Funds -  Government Portfolio,1,2,4,10,6,3,2,4,31,-10.0,26.0,Poor,🔥 COILED: Stay away,31,0.0,0.0,0.0,50.0,0,,nan,nan,0.0
MOTXX,Money Market Obligations Trust - Federated Municipal Obligations Fund,1,2,4,10,6,3,2,4,31,-10.0,26.0,Poor,🔥 COILED: Stay away,31,0.0,0.0,0.0,50.0,0,,nan,nan,0.0
MPMXX,Morgan Stanley Institutional Liquidity Funds - Prime Portfolio,1,2,4,10,6,3,2,4,31,-10.0,26.0,Poor,🔥 COILED: Stay away,31,0.0,0.0,0.0,50.0,0,,nan,nan,0.0
MPRXX,Morgan Stanley Institutional Liquidity Funds - Treasury Securities Portfolio,1,2,4,10,6,3,2,4,31,-10.0,26.0,Poor,🔥 COILED: Stay away,31,0.0,0.0,0.0,50.0,0,,nan,nan,0.0
MPNXX,Morgan Stanley Institutional Liquidity Funds - Prime Portfolio,1,2,4,10,6,3,2,4,31,-10.0,26.0,Poor,🔥 COILED: Stay away,31,0.0,0.0,0.0,50.0,0,,nan,nan,0.0
MSAXX,BlackRock Summit Cash Reserves Fund Cl A,1,2,4,10,6,3,2,4,31,-10.0,26.0,Poor,🔥 COILED: Stay away,31,0.0,0.0,0.0,50.0,0,,nan,nan,0.0
MPVXX,Morgan Stanley Institutional Liquidity Funds - Prime Portfolio,1,2,4,10,6,3,2,4,31,-10.0,26.0,Poor,🔥 COILED: Stay away,31,0.0,0.0,0.0,50.0,0,,nan,nan,0.0
MPSXX,ProFunds - Money Market ProFund,1,2,4,10,6,3,2,4,31,-10.0,26.0,Poor,🔥 COILED: Stay away,31,0.0,0.0,0.0,50.0,0,,nan,nan,0.0
MREXX,Morgan Stanley Institutional Liquidity Funds - Treasury Portfolio,1,2,4,10,6,3,2,4,31,-10.0,26.0,Poor,🔥 COILED: Stay away,31,0.0,0.0,0.0,50.0,0,,nan,nan,0.0
MSCXX,The MainStay Funds - MainStay Money Market Fund,1,2,4,10,6,3,2,4,31,-10.0,26.0,Poor,🔥 COILED: Stay away,31,0.0,0.0,0.0,50.0,0,,nan,nan,0.0
MSDXX,Morgan Stanley Institutional Liquidity Funds -  Government Portfolio,1,2,4,10,6,3,2,4,31,-10.0,26.0,Poor,🔥 COILED: Stay away,31,0.0,0.0,0.0,50.0,0,,nan,nan,0.0
MSEXX,Morgan Stanley Institutional Liquidity Funds - Treasury Securities Portfolio,1,2,4,10,6,3,2,4,31,-10.0,26.0,Poor,🔥 COILED: Stay away,31,0.0,0.0,0.0,50.0,0,,nan,nan,0.0
MSGXX,Morgan Stanley Institutional Liquidity Funds -  Government Portfolio,1,2,4,10,6,3,2,4,31,-10.0,26.0,Poor,🔥 COILED: Stay away,31,0.0,0.0,0.0,50.0,0,,nan,nan,0.0
MSIXX,MainStay Funds Trust - Cash Reserves Sweeps Fund,1,2,4,10,6,3,2,4,31,-10.0,26.0,Poor,🔥 COILED: Stay away,31,0.0,0.0,0.0,50.0,0,,nan,nan,0.0
MSRXX,MFS Series Trust I - MFS U.S. Government Cash Reserve Fund,1,2,4,10,6,3,2,4,31,-10.0,26.0,Poor,🔥 COILED: Stay away,31,0.0,0.0,0.0,50.0,0,,nan,nan,0.0
MSTXX,Morgan Stanley Institutional Liquidity Funds - Treasury Portfolio,1,2,4,10,6,3,2,4,31,-10.0,26.0,Poor,🔥 COILED: Stay away,31,0.0,0.0,0.0,50.0,0,,nan,nan,0.0
MSSXX,Morgan Stanley Institutional Liquidity Funds - Treasury Securities Portfolio,1,2,4,10,6,3,2,4,31,-10.0,26.0,Poor,🔥 COILED: Stay away,31,0.0,0.0,0.0,50.0,0,,nan,nan,0.0
MSVXX,Morgan Stanley Institutional Liquidity Funds - Government Securities Portfolio,1,2,4,10,6,3,2,4,31,-10.0,26.0,Poor,🔥 COILED: Stay away,31,0.0,0.0,0.0,50.0,0,,nan,nan,0.0
MSUXX,Morgan Stanley Institutional Liquidity Funds - Treasury Portfolio,1,2,4,10,6,3,2,4,31,-10.0,26.0,Poor,🔥 COILED: Stay away,31,0.0,0.0,0.0,50.0,0,,nan,nan,0.0
MTCXX,Morgan Stanley Institutional Liquidity Funds - Treasury Portfolio,1,2,4,10,6,3,2,4,31,-10.0,26.0,Poor,🔥 COILED: Stay away,31,0.0,0.0,0.0,50.0,0,,nan,nan,0.0
MTTXX,Morgan Stanley Institutional Liquidity Funds - Treasury Portfolio,1,2,4,10,6,3,2,4,31,-10.0,26.0,Poor,🔥 COILED: Stay away,31,0.0,0.0,0.0,50.0,0,,nan,nan,0.0
MTNXX,Morgan Stanley Institutional Liquidity Funds - Treasury Portfolio,1,2,4,10,6,3,2,4,31,-10.0,26.0,Poor,🔥 COILED: Stay away,31,0.0,0.0,0.0,50.0,0,,nan,nan,0.0
MTSXX,Morgan Stanley Institutional Liquidity Funds - Treasury Portfolio,1,2,4,10,6,3,2,4,31,-10.0,26.0,Poor,🔥 COILED: Stay away,31,0.0,0.0,0.0,50.0,0,,nan,nan,0.0
MUIXX,Morgan Stanley Institutional Liquidity Funds - Government Securities Portfolio,1,2,4,10,6,3,2,4,31,-10.0,26.0,Poor,🔥 COILED: Stay away,31,0.0,0.0,0.0,50.0,0,,nan,nan,0.0
MVAXX,Morgan Stanley Institutional Liquidity Funds - Government Securities Portfolio,1,2,4,10,6,3,2,4,31,-10.0,26.0,Poor,🔥 COILED: Stay away,31,0.0,0.0,0.0,50.0,0,,nan,nan,0.0
MVIXX,Morgan Stanley Institutional Liquidity Funds - Government Securities Portfolio,1,2,4,10,6,3,2,4,31,-10.0,26.0,Poor,🔥 COILED: Stay away,31,0.0,0.0,0.0,50.0,0,,nan,nan,0.0
MVVXX,Morgan Stanley Institutional Liquidity Funds -  Government Portfolio,1,2,4,10,6,3,2,4,31,-10.0,26.0,Poor,🔥 COILED: Stay away,31,0.0,0.0,0.0,50.0,0,,nan,nan,0.0
MVYXX,Morgan Stanley Institutional Liquidity Funds - Treasury Portfolio,1,2,4,10,6,3,2,4,31,-10.0,26.0,Poor,🔥 COILED: Stay away,31,0.0,0.0,0.0,50.0,0,,nan,nan,0.0
NITXX,Northern Institutional Funds - Treasury Portfolio,1,2,4,10,6,3,2,4,31,-10.0,26.0,Poor,🔥 COILED: Stay away,31,0.0,0.0,0.0,50.0,0,,nan,nan,0.0
NCGXX,North Capital Funds Trust - Treasury Money Market Fund,1,2,4,10,6,3,2,4,31,-10.0,26.0,Poor,🔥 COILED: Stay away,31,0.0,0.0,0.0,50.0,0,,nan,nan,0.0
MYMXX,AB Fixed-Income Shares Inc. - AB Government Money Market Portfolio,1,2,4,10,6,3,2,4,31,-10.0,26.0,Poor,🔥 COILED: Stay away,31,0.0,0.0,0.0,50.0,0,,nan,nan,0.0
NISXX,Money Market Obligations Trust - Federated New York Municipal Cash Trust,1,2,4,10,6,3,2,4,31,-10.0,26.0,Poor,🔥 COILED: Stay away,31,0.0,0.0,0.0,50.0,0,,nan,nan,0.0
NOGXX,Northern Funds - U.S. Government Money Market Fund,1,2,4,10,6,3,2,4,31,-10.0,26.0,Poor,🔥 COILED: Stay away,31,0.0,0.0,0.0,50.0,0,,nan,nan,0.0
NOSXX,Northern Funds - U.S. Government Select Money Market Fund,1,2,4,10,6,3,2,4,31,-10.0,26.0,Poor,🔥 COILED: Stay away,31,0.0,0.0,0.0,50.0,0,,nan,nan,0.0
NTPXX,Northern Institutional Funds - Treasury Portfolio,1,2,4,10,6,3,2,4,31,-10.0,26.0,Poor,🔥 COILED: Stay away,31,0.0,0.0,0.0,50.0,0,,nan,nan,0.0
NWSXX,Nationwide Mutual Funds - Nationwide Money Market Fund,1,2,4,10,6,3,2,4,31,-10.0,26.0,Poor,🔥 COILED: Stay away,31,0.0,0.0,0.0,50.0,0,,nan,nan,0.0
NWGXX,Allspring Funds Trust - Allspring Government Money Market Fund,1,2,4,10,6,3,2,4,31,-10.0,26.0,Poor,🔥 COILED: Stay away,31,0.0,0.0,0.0,50.0,0,,nan,nan,0.0
NWTXX,Wells Fargo Funds Trust - 100% Treasury Money Market Fund,1,2,4,10,6,3,2,4,31,-10.0,26.0,Poor,🔥 COILED: Stay away,31,0.0,0.0,0.0,50.0,0,,nan,nan,0.0
NYCXX,Money Market Obligations Trust - New York Cash II Fund,1,2,4,10,6,3,2,4,31,-10.0,26.0,Poor,🔥 COILED: Stay away,31,0.0,0.0,0.0,50.0,0,,nan,nan,0.0
PBHXX,The Payden & Rygel Investment Group - Payden Cash Reserves Money Market Fund,1,2,4,10,6,3,2,4,31,-10.0,26.0,Poor,🔥 COILED: Stay away,31,0.0,0.0,0.0,50.0,0,,nan,nan,0.0
PBMXX,Prudential Government Money Market Fund Inc.,1,2,4,10,6,3,2,4,31,-10.0,26.0,Poor,🔥 COILED: Stay away,31,0.0,0.0,0.0,50.0,0,,nan,nan,0.0
OMBXX,AIM Investment Secs Fds (Invesco Invt Secs Fds) - Invesco U.S. Government Money Portfolio,1,2,4,10,6,3,2,4,31,-10.0,26.0,Poor,🔥 COILED: Stay away,31,0.0,0.0,0.0,50.0,0,,nan,nan,0.0
PCOXX,Money Market Obligations Trust - Federated Prime Cash Obligations Fund,1,2,4,10,6,3,2,4,31,-10.0,26.0,Poor,🔥 COILED: Stay away,31,0.0,0.0,0.0,50.0,0,,nan,nan,0.0
PCUXX,Fundvantage Trust - Pac Capital US Government Money Market Fund,1,2,4,10,6,3,2,4,31,-10.0,26.0,Poor,🔥 COILED: Stay away,31,0.0,0.0,0.0,50.0,0,,nan,nan,0.0
PCSXX,Principal Fds Inc. Money Market Fd A Cl,1,2,4,10,6,3,2,4,31,-10.0,26.0,Poor,🔥 COILED: Stay away,31,0.0,0.0,0.0,50.0,0,,nan,nan,0.0
PCEXX,PACE Select Advisors Trust - PACE Money Market Investments,1,2,4,10,6,3,2,4,31,-10.0,26.0,Poor,🔥 COILED: Stay away,31,0.0,0.0,0.0,50.0,0,,nan,nan,0.0
PCVXX,Money Market Obligations Trust - Federated Prime Cash Obligations Fund,1,2,4,10,6,3,2,4,31,-10.0,26.0,Poor,🔥 COILED: Stay away,31,0.0,0.0,0.0,50.0,0,,nan,nan,0.0
PFCXX,Putnam Money Market Fund,1,2,4,10,6,3,2,4,31,-10.0,26.0,Poor,🔥 COILED: Stay away,31,0.0,0.0,0.0,50.0,0,,nan,nan,0.0
PGEXX,Putnam Investment Funds - Government Money Market Fund,1,2,4,10,6,3,2,4,31,-10.0,26.0,Poor,🔥 COILED: Stay away,31,0.0,0.0,0.0,50.0,0,,nan,nan,0.0
PGDXX,Putnam Investment Funds - Government Money Market Fund,1,2,4,10,6,3,2,4,31,-10.0,26.0,Poor,🔥 COILED: Stay away,31,0.0,0.0,0.0,50.0,0,,nan,nan,0.0
PGFXX,PIMCO Funds - PIMCO Government Money Market Fund,1,2,4,10,6,3,2,4,31,-10.0,26.0,Poor,🔥 COILED: Stay away,31,0.0,0.0,0.0,50.0,0,,nan,nan,0.0
PGKXX,Putnam Investment Funds - Government Money Market Fund,1,2,4,10,6,3,2,4,31,-10.0,26.0,Poor,🔥 COILED: Stay away,31,0.0,0.0,0.0,50.0,0,,nan,nan,0.0
PGLXX,Putnam Investment Funds - Government Money Market Fund,1,2,4,10,6,3,2,4,31,-10.0,26.0,Poor,🔥 COILED: Stay away,31,0.0,0.0,0.0,50.0,0,,nan,nan,0.0
PGOXX,PIMCO Funds - PIMCO Government Money Market Fund,1,2,4,10,6,3,2,4,31,-10.0,26.0,Poor,🔥 COILED: Stay away,31,0.0,0.0,0.0,50.0,0,,nan,nan,0.0
PGRXX,Putnam Investment Funds - Government Money Market Fund,1,2,4,10,6,3,2,4,31,-10.0,26.0,Poor,🔥 COILED: Stay away,31,0.0,0.0,0.0,50.0,0,,nan,nan,0.0
PGPXX,PIMCO Funds - PIMCO Government Money Market Fund,1,2,4,10,6,3,2,4,31,-10.0,26.0,Poor,🔥 COILED: Stay away,31,0.0,0.0,0.0,50.0,0,,nan,nan,0.0
PGYXX,PIMCO Funds - PIMCO Government Money Market Fund,1,2,4,10,6,3,2,4,31,-10.0,26.0,Poor,🔥 COILED: Stay away,31,0.0,0.0,0.0,50.0,0,,nan,nan,0.0
PIFXX,Plan Investment Fund Inc. - Government Portfolio,1,2,4,10,6,3,2,4,31,-10.0,26.0,Poor,🔥 COILED: Stay away,31,0.0,0.0,0.0,50.0,0,,nan,nan,0.0
PIVXX,Wells Fargo Funds Trust - Treasury Plus Money Market Fund,1,2,4,10,6,3,2,4,31,-10.0,26.0,Poor,🔥 COILED: Stay away,31,0.0,0.0,0.0,50.0,0,,nan,nan,0.0
PISXX,Wells Fargo Funds Trust - Treasury Plus Money Market Fund,1,2,4,10,6,3,2,4,31,-10.0,26.0,Poor,🔥 COILED: Stay away,31,0.0,0.0,0.0,50.0,0,,nan,nan,0.0
PMJXX,Principal Fds Inc. Money Market Fd J Cl,1,2,4,10,6,3,2,4,31,-10.0,26.0,Poor,🔥 COILED: Stay away,31,0.0,0.0,0.0,50.0,0,,nan,nan,0.0
PINXX,BlackRock Funds - BlackRock Wealth Liquid Environmentally Aware Fund,1,2,4,10,6,3,2,4,31,-10.0,26.0,Poor,🔥 COILED: Stay away,31,0.0,0.0,0.0,50.0,0,,nan,nan,0.0
PMZXX,Prudential Government Money Market Fund Inc.,1,2,4,10,6,3,2,4,31,-10.0,26.0,Poor,🔥 COILED: Stay away,31,0.0,0.0,0.0,50.0,0,,nan,nan,0.0
PRMXX,Federated Private Liquidity Funds-Prime Private Liquidity Fund,1,2,4,10,6,3,2,4,31,-10.0,26.0,Poor,🔥 COILED: Stay away,31,0.0,0.0,0.0,50.0,0,,nan,nan,0.0
PMTXX,Pioneer Money Market Trust - Pioneer U.S. Government Money Market Fund,1,2,4,10,6,3,2,4,31,-10.0,26.0,Poor,🔥 COILED: Stay away,31,0.0,0.0,0.0,50.0,0,,nan,nan,0.0
PRRXX,T. Rowe Price Government Money Fund Inc.,1,2,4,10,6,3,2,4,31,-10.0,26.0,Poor,🔥 COILED: Stay away,31,0.0,0.0,0.0,50.0,0,,nan,nan,0.0
PRTXX,T. Rowe Price U.S. Treasury Funds Inc. - T. Rowe Price U.S. Treasury Money Fund,1,2,4,10,6,3,2,4,31,-10.0,26.0,Poor,🔥 COILED: Stay away,31,0.0,0.0,0.0,50.0,0,,nan,nan,0.0
PTBXX,Putnam Money Market Fund,1,2,4,10,6,3,2,4,31,-10.0,26.0,Poor,🔥 COILED: Stay away,31,0.0,0.0,0.0,50.0,0,,nan,nan,0.0
PRVXX,Wells Fargo Funds Trust - Treasury Plus Money Market Fund,1,2,4,10,6,3,2,4,31,-10.0,26.0,Poor,🔥 COILED: Stay away,31,0.0,0.0,0.0,50.0,0,,nan,nan,0.0
PURXX,Putnam Money Market Fund,1,2,4,10,6,3,2,4,31,-10.0,26.0,Poor,🔥 COILED: Stay away,31,0.0,0.0,0.0,50.0,0,,nan,nan,0.0
PTEXX,T. Rowe Price Tax-Exempt Money Fund Inc.,1,2,4,10,6,3,2,4,31,-10.0,26.0,Poor,🔥 COILED: Stay away,31,0.0,0.0,0.0,50.0,0,,nan,nan,0.0
PRYXX,Pioneer Money Market Trust - Pioneer U.S. Government Money Market Fund,1,2,4,10,6,3,2,4,31,-10.0,26.0,Poor,🔥 COILED: Stay away,31,0.0,0.0,0.0,50.0,0,,nan,nan,0.0
RGYXX,HSBC Funds - HSBC U.S. Government Money Market Fund,1,2,4,10,6,3,2,4,31,-10.0,26.0,Poor,🔥 COILED: Stay away,31,0.0,0.0,0.0,50.0,0,,nan,nan,0.0
RMGXX,Ubs Money Series - RMA Government Money Market Fund,1,2,4,10,6,3,2,4,31,-10.0,26.0,Poor,🔥 COILED: Stay away,31,0.0,0.0,0.0,50.0,0,,nan,nan,0.0
RPGXX,Davis Series Inc. - Davis Government Money Market Fund,1,2,4,10,6,3,2,4,31,-10.0,26.0,Poor,🔥 COILED: Stay away,31,0.0,0.0,0.0,50.0,0,,nan,nan,0.0
RBEXX,American Funds U.S. Government Money Market Fund,1,2,4,10,6,3,2,4,31,-10.0,26.0,Poor,🔥 COILED: Stay away,31,0.0,0.0,0.0,50.0,0,,nan,nan,0.0
RYFXX,Rydex Series Funds - U.S. Government Money Market Fund,1,2,4,10,6,3,2,4,31,-10.0,26.0,Poor,🔥 COILED: Stay away,31,0.0,0.0,0.0,50.0,0,,nan,nan,0.0
SAJXX,State Street Institutional Investment Trust - State Street Institutional Treasury Plus Money Market,1,2,4,10,6,3,2,4,31,-10.0,26.0,Poor,🔥 COILED: Stay away,31,0.0,0.0,0.0,50.0,0,,nan,nan,0.0
SAEXX,State Street Institutional Investment Trust - State Street Institutional Treasury Plus Money Market,1,2,4,10,6,3,2,4,31,-10.0,26.0,Poor,🔥 COILED: Stay away,31,0.0,0.0,0.0,50.0,0,,nan,nan,0.0
SALXX,State Street Master Funds - State Street U.S. Government Money Market Portfolio,1,2,4,10,6,3,2,4,31,-10.0,26.0,Poor,🔥 COILED: Stay away,31,0.0,0.0,0.0,50.0,0,,nan,nan,0.0
SCIXX,Cash Account Trust - DWS Tax-Exempt Portfolio,1,2,4,10,6,3,2,4,31,-10.0,26.0,Poor,🔥 COILED: Stay away,31,0.0,0.0,0.0,50.0,0,,nan,nan,0.0
SCAXX,Schwab California Municipal Money Fund Ultra Shares,1,2,4,10,6,3,2,4,31,-10.0,26.0,Poor,🔥 COILED: Stay away,31,0.0,0.0,0.0,50.0,0,,nan,nan,0.0
SAMXX,State Street Master Funds - State Street U.S. Government Money Market Portfolio,1,2,4,10,6,3,2,4,31,-10.0,26.0,Poor,🔥 COILED: Stay away,31,0.0,0.0,0.0,50.0,0,,nan,nan,0.0
SCOXX,Schwab Treasury Obligations Money Fund Ultra Shares,1,2,4,10,6,3,2,4,31,-10.0,26.0,Poor,🔥 COILED: Stay away,31,0.0,0.0,0.0,50.0,0,,nan,nan,0.0
SCPXX,SEI Daily Income Trust - Treasury II Fund,1,2,4,10,6,3,2,4,31,-10.0,26.0,Poor,🔥 COILED: Stay away,31,0.0,0.0,0.0,50.0,0,,nan,nan,0.0
SCTXX,Schwab AMT Tax-Free Money Fund Ultra Shares,1,2,4,10,6,3,2,4,31,-10.0,26.0,Poor,🔥 COILED: Stay away,31,0.0,0.0,0.0,50.0,0,,nan,nan,0.0
SEGXX,UBS Series Funds - UBS Select Government Preferred Fund,1,2,4,10,6,3,2,4,31,-10.0,26.0,Poor,🔥 COILED: Stay away,31,0.0,0.0,0.0,50.0,0,,nan,nan,0.0
SEOXX,SEI Daily Income Trust - Government Fund,1,2,4,10,6,3,2,4,31,-10.0,26.0,Poor,🔥 COILED: Stay away,31,0.0,0.0,0.0,50.0,0,,nan,nan,0.0
SGAXX,The Saratoga Advantage Trust - U.S. Government Money Market Portfolio,1,2,4,10,6,3,2,4,31,-10.0,26.0,Poor,🔥 COILED: Stay away,31,0.0,0.0,0.0,50.0,0,,nan,nan,0.0
SGPXX,UBS Series Funds - UBS Select Government Preferred Fund,1,2,4,10,6,3,2,4,31,-10.0,26.0,Poor,🔥 COILED: Stay away,31,0.0,0.0,0.0,50.0,0,,nan,nan,0.0
SGMXX,The Saratoga Advantage Trust - U.S. Government Money Market Portfolio,1,2,4,10,6,3,2,4,31,-10.0,26.0,Poor,🔥 COILED: Stay away,31,0.0,0.0,0.0,50.0,0,,nan,nan,0.0
SETXX,UBS (Cayman) Select Treasury Institutional Fund,1,2,4,10,6,3,2,4,31,-10.0,26.0,Poor,🔥 COILED: Stay away,31,0.0,0.0,0.0,50.0,0,,nan,nan,0.0
SGUXX,Schwab Government Money Fund Ultra Shares,1,2,4,10,6,3,2,4,31,-10.0,26.0,Poor,🔥 COILED: Stay away,31,0.0,0.0,0.0,50.0,0,,nan,nan,0.0
SMGXX,Legg Mason Partners Money Market Trust - Western Asset Government Reserves,1,2,4,10,6,3,2,4,31,-10.0,26.0,Poor,🔥 COILED: Stay away,31,0.0,0.0,0.0,50.0,0,,nan,nan,0.0
SNAXX,The Charles Schwab Family of Funds - Schwab Value Advantage Money Fund,1,2,4,10,6,3,2,4,31,-10.0,26.0,Poor,🔥 COILED: Stay away,31,0.0,0.0,0.0,50.0,0,,nan,nan,0.0
SNOXX,Charles Schwab Family of Funds - Schwab Treasury Obligations Money Fund,1,2,4,10,6,3,2,4,31,-10.0,26.0,Poor,🔥 COILED: Stay away,31,0.0,0.0,0.0,50.0,0,,nan,nan,0.0
SNRXX,Schwab Charles Family Funds - Retirment Government Money Fund,1,2,4,10,6,3,2,4,31,-10.0,26.0,Poor,🔥 COILED: Stay away,31,0.0,0.0,0.0,50.0,0,,nan,nan,0.0
SNYXX,Schwab New York Municipal Money Fund Ultra Shares,1,2,4,10,6,3,2,4,31,-10.0,26.0,Poor,🔥 COILED: Stay away,31,0.0,0.0,0.0,50.0,0,,nan,nan,0.0
SPRXX,Fidelity Hereford Street Trust - Fidelity Money Market Fund,1,2,4,10,6,3,2,4,31,-10.0,26.0,Poor,🔥 COILED: Stay away,31,0.0,0.0,0.0,50.0,0,,nan,nan,0.0
SNVXX,Schwab Government Money Fund,1,2,4,10,6,3,2,4,31,-10.0,26.0,Poor,🔥 COILED: Stay away,31,0.0,0.0,0.0,50.0,0,,nan,nan,0.0
SNSXX,The Charles Schwab Family of Funds - Schwab U.S. Treasury Money Fund,1,2,4,10,6,3,2,4,31,-10.0,26.0,Poor,🔥 COILED: Stay away,31,0.0,0.0,0.0,50.0,0,,nan,nan,0.0
SSHXX,State Street Institutional Liquid Reserves Fund,1.0,5,3,10,6,3,2,4,33,-10.0,26.0,Poor,Stay away,33,0.0,0.0,-0.0,0.0,0,,nan,nan,0.0
SSJXX,State Street Institutional Investment Trust- Treasury Money Market Fund,1,2,4,10,6,3,2,4,31,-10.0,26.0,Poor,🔥 COILED: Stay away,31,0.0,0.0,0.0,50.0,0,,nan,nan,0.0
SSKXX,State Street Institutional Investment Trust - State Street Institutional Tax Free Money Market Fund,1,2,4,10,6,3,2,4,31,-10.0,26.0,Poor,🔥 COILED: Stay away,31,0.0,0.0,0.0,50.0,0,,nan,nan,0.0
SSNXX,State Street Institutional Investment Trust - State Street Institutional Tax Free Money Market Fund,1,2,4,10,6,3,2,4,31,-10.0,26.0,Poor,🔥 COILED: Stay away,31,0.0,0.0,0.0,50.0,0,,nan,nan,0.0
SSOXX,State Street Master Funds - State Street U.S. Government Money Market Portfolio,1,2,4,10,6,3,2,4,31,-10.0,26.0,Poor,🔥 COILED: Stay away,31,0.0,0.0,0.0,50.0,0,,nan,nan,0.0
SSVXX,State Street Institutional Liquid Reserves Fund,1.0,5,3,10,6,3,2,4,33,-10.0,26.0,Poor,Stay away,33,0.0,0.0,-0.0,0.0,0,,nan,nan,0.0
SSQXX,State Street Institutional Investment Trust - State Street Institutional Treasury Plus Money Market,1,2,4,10,6,3,2,4,31,-10.0,26.0,Poor,🔥 COILED: Stay away,31,0.0,0.0,0.0,50.0,0,,nan,nan,0.0
SSYXX,State Street Institutional Liquid Reserves Fund,1.0,5,3,10,6,3,2,4,33,-10.0,26.0,Poor,Stay away,33,0.0,0.0,-0.0,0.0,0,,nan,nan,0.0
SSZXX,State Street Institutional Liquid Reserves Fund,1.0,5,5,10,6,3,2,4,35,-12.0,26.0,Poor,Stay away,33,0.0,0.0,-0.0,67.6,0,,nan,nan,0.0
STGXX,Wells Fargo Funds Trust - Money Market Fund,1,2,4,10,6,3,2,4,31,-10.0,26.0,Poor,🔥 COILED: Stay away,31,0.0,0.0,0.0,50.0,0,,nan,nan,0.0
STPXX,UBS Money Series - UBS Select Treasury Preferred Fund,1,2,4,10,6,3,2,4,31,-10.0,26.0,Poor,🔥 COILED: Stay away,31,0.0,0.0,0.0,50.0,0,,nan,nan,0.0
SWKXX,The Charles Schwab Family of Funds - Schwab California Municipal Money Fund,1,2,4,10,6,3,2,4,31,-10.0,26.0,Poor,🔥 COILED: Stay away,31,0.0,0.0,0.0,50.0,0,,nan,nan,0.0
SUTXX,Schwab U.S. Treasury Money Fund Ultra Shares,1,2,4,10,6,3,2,4,31,-10.0,26.0,Poor,🔥 COILED: Stay away,31,0.0,0.0,0.0,50.0,0,,nan,nan,0.0
SWTXX,The Charles Schwab Family of Funds - Schwab Municipal Money Fund,1,2,4,10,6,3,2,4,31,-10.0,26.0,Poor,🔥 COILED: Stay away,31,0.0,0.0,0.0,50.0,0,,nan,nan,0.0
SWOXX,Schwab Municipal Money Fund,1,2,4,10,6,3,2,4,31,-10.0,26.0,Poor,🔥 COILED: Stay away,31,0.0,0.0,0.0,50.0,0,,nan,nan,0.0
SWYXX,The Charles Schwab Family of Funds - Schwab New York Municipal Money Fund,1,2,4,10,6,3,2,4,31,-10.0,26.0,Poor,🔥 COILED: Stay away,31,0.0,0.0,0.0,50.0,0,,nan,nan,0.0
SWWXX,The Charles Schwab Family of Funds - Schwab AMT Tax-Free Money Fund,1,2,4,10,6,3,2,4,31,-10.0,26.0,Poor,🔥 COILED: Stay away,31,0.0,0.0,0.0,50.0,0,,nan,nan,0.0
SZCXX,The Saratoga Advantage Trust - U.S. Government Money Market Portfolio,1,2,4,10,6,3,2,4,31,-10.0,26.0,Poor,🔥 COILED: Stay away,31,0.0,0.0,0.0,50.0,0,,nan,nan,0.0
TACXX,Short-Term Investment Trust - Invesco Treasury Obligations Portfolio,1,2,4,10,6,3,2,4,31,-10.0,26.0,Poor,🔥 COILED: Stay away,31,0.0,0.0,0.0,50.0,0,,nan,nan,0.0
TAMXX,Transamerica Funds - Transamerica Government Money Market,1,2,4,10,6,3,2,4,31,-10.0,26.0,Poor,🔥 COILED: Stay away,31,0.0,0.0,0.0,50.0,0,,nan,nan,0.0
TAQXX,State Street Institutional Investment Trust -Treasury Obligations Money Market Fund,1,2,4,10,6,3,2,4,31,-10.0,26.0,Poor,🔥 COILED: Stay away,31,0.0,0.0,0.0,50.0,0,,nan,nan,0.0
TBVXX,Money Market Obligations Trust - Federated Tax-Free Obligations Fund,1,2,4,10,6,3,2,4,31,-10.0,26.0,Poor,🔥 COILED: Stay away,31,0.0,0.0,0.0,50.0,0,,nan,nan,0.0
TBSXX,Money Market Obligations Trust - Federated Tax-Free Obligations Fund,1,2,4,10,6,3,2,4,31,-10.0,26.0,Poor,🔥 COILED: Stay away,31,0.0,0.0,0.0,50.0,0,,nan,nan,0.0
TBIXX,Money Market Obligations Trust - Federated Tax-Free Obligations Fund,1,2,4,10,6,3,2,4,31,-10.0,26.0,Poor,🔥 COILED: Stay away,31,0.0,0.0,0.0,50.0,0,,nan,nan,0.0
TCGXX,SEI Daily Income Trust - Government II Fund,1,2,4,10,6,3,2,4,31,-10.0,26.0,Poor,🔥 COILED: Stay away,31,0.0,0.0,0.0,50.0,0,,nan,nan,0.0
TCIXX,TIAA-CREF Funds - TIAA-CREF Money Market Fund,1,2,4,10,6,3,2,4,31,-10.0,26.0,Poor,🔥 COILED: Stay away,31,0.0,0.0,0.0,50.0,0,,nan,nan,0.0
TCRXX,American Century Investment Trust - Premium Money Market Fund,1,2,4,10,6,3,2,4,31,-10.0,26.0,Poor,🔥 COILED: Stay away,31,0.0,0.0,0.0,50.0,0,,nan,nan,0.0
TFFXX,BlackRock Liquidity Funds - Federal Trust Fund,1,2,4,10,6,3,2,4,31,-10.0,26.0,Poor,🔥 COILED: Stay away,31,0.0,0.0,0.0,50.0,0,,nan,nan,0.0
TGRXX,Transamerica Funds - Government Money Market Fund,1,2,4,10,6,3,2,4,31,-10.0,26.0,Poor,🔥 COILED: Stay away,31,0.0,0.0,0.0,50.0,0,,nan,nan,0.0
TERXX,T. Rowe Price Tax-Exempt Money Fund Inc.,1,2,4,10,6,3,2,4,31,-10.0,26.0,Poor,🔥 COILED: Stay away,31,0.0,0.0,0.0,50.0,0,,nan,nan,0.0
TFGXX,Transamerica Funds - Government Money Market Fund,1,2,4,10,6,3,2,4,31,-10.0,26.0,Poor,🔥 COILED: Stay away,31,0.0,0.0,0.0,50.0,0,,nan,nan,0.0
TGTXX,Transamerica Funds - Government Money Market Fund,1,2,4,10,6,3,2,4,31,-10.0,26.0,Poor,🔥 COILED: Stay away,31,0.0,0.0,0.0,50.0,0,,nan,nan,0.0
TIEXX,TIAA-CREF Funds - TIAA-CREF Money Market Fund,1,2,4,10,6,3,2,4,31,-10.0,26.0,Poor,🔥 COILED: Stay away,31,0.0,0.0,0.0,50.0,0,,nan,nan,0.0
TIMXX,RBC Funds Trust - U.S. Government Money Market Fund,1,2,4,10,6,3,2,4,31,-10.0,26.0,Poor,🔥 COILED: Stay away,31,0.0,0.0,0.0,50.0,0,,nan,nan,0.0
TILXX,State Street Institutional Investment Trust - International Liquid Reserves Fund,1.0,5,3,10,6,3,2,4,33,-10.0,26.0,Poor,Stay away,33,0.0,0.0,-0.0,0.0,0,,nan,nan,0.0
TIRXX,TIAA-CREF Funds - TIAA-CREF Money Market Fund,1,2,4,10,6,3,2,4,31,-10.0,26.0,Poor,🔥 COILED: Stay away,31,0.0,0.0,0.0,50.0,0,,nan,nan,0.0
TLMXX,TIAA-CREF Life Money Market Fund,1,2,4,10,6,3,2,4,31,-10.0,26.0,Poor,🔥 COILED: Stay away,31,0.0,0.0,0.0,50.0,0,,nan,nan,0.0
TISXX,Money Market Obligations Trust - Federated Hermes U.S. Treasury Cash Reserves,1,2,4,10,6,3,2,4,31,-10.0,26.0,Poor,🔥 COILED: Stay away,31,0.0,0.0,0.0,50.0,0,,nan,nan,0.0
TMDXX,T. Rowe Price State Tax-Free Income Trust - T. Rowe Price Maryland Tax-Free Money Fund,1,2,4,10,6,3,2,4,31,-10.0,26.0,Poor,🔥 COILED: Stay away,31,0.0,0.0,0.0,50.0,0,,nan,nan,0.0
TMHXX,TIAA-CREF Life Funds - Money Market Fund,1,2,4,10,6,3,2,4,31,-10.0,26.0,Poor,🔥 COILED: Stay away,31,0.0,0.0,0.0,50.0,0,,nan,nan,0.0
TPFXX,Short-Term Investment Trust - Invesco Treasury Portfolio,1,2,4,10,6,3,2,4,31,-10.0,26.0,Poor,🔥 COILED: Stay away,31,0.0,0.0,0.0,50.0,0,,nan,nan,0.0
TPPXX,TIAA-CREF Funds - TIAA-CREF Money Market Fund,1,2,4,10,6,3,2,4,31,-10.0,26.0,Poor,🔥 COILED: Stay away,31,0.0,0.0,0.0,50.0,0,,nan,nan,0.0
TPLXX,State Street Institutional Investment Trust - International Treasure Plus Money Market Fund,1,2,4,10,6,3,2,4,31,-10.0,26.0,Poor,🔥 COILED: Stay away,31,0.0,0.0,0.0,50.0,0,,nan,nan,0.0
TRPXX,Short-Term Investment Trust - Invesco Treasury Portfolio,1,2,4,10,6,3,2,4,31,-10.0,26.0,Poor,🔥 COILED: Stay away,31,0.0,0.0,0.0,50.0,0,,nan,nan,0.0
TPVXX,State Street Institutional Investment Trust - State Street Institutional Treasury Plus Money Market,1,2,4,10,6,3,2,4,31,-10.0,26.0,Poor,🔥 COILED: Stay away,31,0.0,0.0,0.0,50.0,0,,nan,nan,0.0
TRIXX,State Street Institutional Investment Trust - Treasury Fund,1,2,4,10,6,3,2,4,31,-10.0,26.0,Poor,🔥 COILED: Stay away,31,0.0,0.0,0.0,50.0,0,,nan,nan,0.0
TRGXX,T. Rowe Price U.S. Treasury Funds Inc. - T. Rowe Price U.S. Treasury Money Fund,1,2,4,10,6,3,2,4,31,-10.0,26.0,Poor,🔥 COILED: Stay away,31,0.0,0.0,0.0,50.0,0,,nan,nan,0.0
TRZXX,T. Rowe Price U.S. Treasury Funds Inc. - T. Rowe Price U.S. Treasury Money Fund,1,2,4,10,6,3,2,4,31,-10.0,26.0,Poor,🔥 COILED: Stay away,31,0.0,0.0,0.0,50.0,0,,nan,nan,0.0
TTGXX,T Rowe Price Government Money Funds Inc - Government Money Fund,1,2,4,10,6,3,2,4,31,-10.0,26.0,Poor,🔥 COILED: Stay away,31,0.0,0.0,0.0,50.0,0,,nan,nan,0.0
TRVXX,State Street Institutional Investment Trust - Treasury Fund,1,2,4,10,6,3,2,4,31,-10.0,26.0,Poor,🔥 COILED: Stay away,31,0.0,0.0,0.0,50.0,0,,nan,nan,0.0
TSPXX,Short-Term Investment Trust - Invesco Treasury Obligations Portfolio,1,2,4,10,6,3,2,4,31,-10.0,26.0,Poor,🔥 COILED: Stay away,31,0.0,0.0,0.0,50.0,0,,nan,nan,0.0
TUGXX,RBC Funds Trust - U.S. Government Money Market Fund,1,2,4,10,6,3,2,4,31,-10.0,26.0,Poor,🔥 COILED: Stay away,31,0.0,0.0,0.0,50.0,0,,nan,nan,0.0
TTOXX,Money Market Obligations Trust - Federated Trust for U.S. Treasury Obligations,1,2,4,10,6,3,2,4,31,-10.0,26.0,Poor,🔥 COILED: Stay away,31,0.0,0.0,0.0,50.0,0,,nan,nan,0.0
TUIXX,RBC Funds Trust - U.S. Government Money Market Fund,1,2,4,10,6,3,2,4,31,-10.0,26.0,Poor,🔥 COILED: Stay away,31,0.0,0.0,0.0,50.0,0,,nan,nan,0.0
TWNXX,T. Rowe Price State Tax-Free Income Trust - T. Rowe Price Maryland Tax-Free Money Fund,1,2,4,10,6,3,2,4,31,-10.0,26.0,Poor,🔥 COILED: Stay away,31,0.0,0.0,0.0,50.0,0,,nan,nan,0.0
TXMXX,Cash Account Trust - DWS Tax-Exempt Portfolio,1,2,4,10,6,3,2,4,31,-10.0,26.0,Poor,🔥 COILED: Stay away,31,0.0,0.0,0.0,50.0,0,,nan,nan,0.0
TXPXX,Short-Term Investment Trust - Invesco Treasury Obligations Portfolio,1,2,4,10,6,3,2,4,31,-10.0,26.0,Poor,🔥 COILED: Stay away,31,0.0,0.0,0.0,50.0,0,,nan,nan,0.0
UATXX,USAA Mutual Funds Trust - USAA Treasury Money Market Trust,1,2,4,10,6,3,2,4,31,-10.0,26.0,Poor,🔥 COILED: Stay away,31,0.0,0.0,0.0,50.0,0,,nan,nan,0.0
UPPXX,UBS Select Prime Preferred Fund,1,2,4,10,6,3,2,4,31,-10.0,26.0,Poor,🔥 COILED: Stay away,31,0.0,0.0,0.0,50.0,0,,nan,nan,0.0
TYCXX,Short-Term Investment Trust - Invesco Treasury Portfolio,1,2,4,10,6,3,2,4,31,-10.0,26.0,Poor,🔥 COILED: Stay away,31,0.0,0.0,0.0,50.0,0,,nan,nan,0.0
USAXX,USAA Mutual Funds Trust - USAA Money Market Fund,1,2,4,10,6,3,2,4,31,-10.0,26.0,Poor,🔥 COILED: Stay away,31,0.0,0.0,0.0,50.0,0,,nan,nan,0.0
UPRXX,Ubs Money Series - Prime Reserve  Fund,1,2,4,10,6,3,2,4,31,-10.0,26.0,Poor,🔥 COILED: Stay away,31,0.0,0.0,0.0,50.0,0,,nan,nan,0.0
USEXX,USAA Mutual Funds Trust - USAA Tax Exempt Money Market Fund,1,2,4,10,6,3,2,4,31,-10.0,26.0,Poor,🔥 COILED: Stay away,31,0.0,0.0,0.0,50.0,0,,nan,nan,0.0
UTSXX,Shelton Funds - The United States Treasury Trust,1,2,4,10,6,3,2,4,31,-10.0,26.0,Poor,🔥 COILED: Stay away,31,0.0,0.0,0.0,50.0,0,,nan,nan,0.0
UTIXX,Money Market Obligations Trust - Federated Hermes U.S. Treasury Cash Reserves,1,2,4,10,6,3,2,4,31,-10.0,26.0,Poor,🔥 COILED: Stay away,31,0.0,0.0,0.0,50.0,0,,nan,nan,0.0
VCTXX,Vanguard California Municipal Money Market Fund,1,2,4,10,6,3,2,4,31,-10.0,26.0,Poor,🔥 COILED: Stay away,31,0.0,0.0,0.0,50.0,0,,nan,nan,0.0
VMSXX,Vanguard Municipal Bond Funds - Vanguard Municipal Money Market Fund,1,2,4,10,6,3,2,4,31,-10.0,26.0,Poor,🔥 COILED: Stay away,31,0.0,0.0,0.0,50.0,0,,nan,nan,0.0
VETXX,Goldman Sachs Trust - Goldman Sachs Financial Square Government Fund,1,2,4,10,6,3,2,4,31,-10.0,26.0,Poor,🔥 COILED: Stay away,31,0.0,0.0,0.0,50.0,0,,nan,nan,0.0
VMRXX,Vanguard Money Market Reserves - Vanguard Cash Reserves Federal Money Market Fund,1,2,4,10,6,3,2,4,31,-10.0,26.0,Poor,🔥 COILED: Stay away,31,0.0,0.0,0.0,50.0,0,,nan,nan,0.0
WACXX,Western Asset Premier Institutional Government Reserves Preferred Shares,1,2,4,10,6,3,2,4,31,-10.0,26.0,Poor,🔥 COILED: Stay away,31,0.0,0.0,0.0,50.0,0,,nan,nan,0.0
WABXX,Western Asset Premier Institutional Government Reserves Capital Shares,1,2,4,10,6,3,2,4,31,-10.0,26.0,Poor,🔥 COILED: Stay away,31,0.0,0.0,0.0,50.0,0,,nan,nan,0.0
VYFXX,Vanguard New York Tax-Exempt Money Market Fund,1,2,4,10,6,3,2,4,31,-10.0,26.0,Poor,🔥 COILED: Stay away,31,0.0,0.0,0.0,50.0,0,,nan,nan,0.0
WAGXX,Wilmington Funds - Wilmington U.S. Government Money Market Fund,1,2,4,10,6,3,2,4,31,-10.0,26.0,Poor,🔥 COILED: Stay away,31,0.0,0.0,0.0,50.0,0,,nan,nan,0.0
WAEXX,Western Asset Premier Institutional U.S. Treasury Reserves Preferred Shares,1,2,4,10,6,3,2,4,31,-10.0,26.0,Poor,🔥 COILED: Stay away,31,0.0,0.0,0.0,50.0,0,,nan,nan,0.0
WADXX,Western Asset Premier Institutional U.S. Treasury Reserves Capital Shares,1,2,4,10,6,3,2,4,31,-10.0,26.0,Poor,🔥 COILED: Stay away,31,0.0,0.0,0.0,50.0,0,,nan,nan,0.0
WCGXX,Northern Institutional Funds - U.S. Government Select Portfolio,1,2,4,10,6,3,2,4,31,-10.0,26.0,Poor,🔥 COILED: Stay away,31,0.0,0.0,0.0,50.0,0,,nan,nan,0.0
WFNXX,Wells Fargo Funds Trust - National Tax-Free Money Market Fund,1,2,4,10,6,3,2,4,31,-10.0,26.0,Poor,🔥 COILED: Stay away,31,0.0,0.0,0.0,50.0,0,,nan,nan,0.0
WFGXX,Allspring Funds Trust - Allspring Government Money Market Fund,1,2,4,10,6,3,2,4,31,-10.0,26.0,Poor,🔥 COILED: Stay away,31,0.0,0.0,0.0,50.0,0,,nan,nan,0.0
WFFXX,Allspring Funds Trust - Allspring Government Money Market Fund,1,2,4,10,6,3,2,4,31,-10.0,26.0,Poor,🔥 COILED: Stay away,31,0.0,0.0,0.0,50.0,0,,nan,nan,0.0
WGAXX,Allspring Funds Trust - Allspring Government Money Market Fund,1,2,4,10,6,3,2,4,31,-10.0,26.0,Poor,🔥 COILED: Stay away,31,0.0,0.0,0.0,50.0,0,,nan,nan,0.0
WGEXX,Wilmington Funds - Wilmington U.S. Government Money Market Fund,1,2,4,10,6,3,2,4,31,-10.0,26.0,Poor,🔥 COILED: Stay away,31,0.0,0.0,0.0,50.0,0,,nan,nan,0.0
WGSXX,WT Mutual Fund - Wilmington U.S. Government Money Market Fund,1,2,4,10,6,3,2,4,31,-10.0,26.0,Poor,🔥 COILED: Stay away,31,0.0,0.0,0.0,50.0,0,,nan,nan,0.0
WMPXX,Wells Fargo Funds Trust - Money Market Fund,1,2,4,10,6,3,2,4,31,-10.0,26.0,Poor,🔥 COILED: Stay away,31,0.0,0.0,0.0,50.0,0,,nan,nan,0.0
WGOXX,Wilmington Funds - Wilmington U.S. Government Money Market Fund,1,2,4,10,6,3,2,4,31,-10.0,26.0,Poor,🔥 COILED: Stay away,31,0.0,0.0,0.0,50.0,0,,nan,nan,0.0
WMOXX,Wells Fargo Funds Trust - Money Market Fund,1,2,4,10,6,3,2,4,31,-10.0,26.0,Poor,🔥 COILED: Stay away,31,0.0,0.0,0.0,50.0,0,,nan,nan,0.0
WNTXX,Wells Fargo Funds Trust - National Tax-Free Money Market Fund,1,2,4,10,6,3,2,4,31,-10.0,26.0,Poor,🔥 COILED: Stay away,31,0.0,0.0,0.0,50.0,0,,nan,nan,0.0
WTLXX,Wells Fargo Funds Trust - Treasury Plus Money Market Fund,1,2,4,10,6,3,2,4,31,-10.0,26.0,Poor,🔥 COILED: Stay away,31,0.0,0.0,0.0,50.0,0,,nan,nan,0.0
WOTXX,Wells Fargo Funds Trust - 100% Treasury Money Market Fund,1,2,4,10,6,3,2,4,31,-10.0,26.0,Poor,🔥 COILED: Stay away,31,0.0,0.0,0.0,50.0,0,,nan,nan,0.0
WTEXX,WT Mutual Fund - Wilmington Tax-Exempt Money Market Fund,1,2,4,10,6,3,2,4,31,-10.0,26.0,Poor,🔥 COILED: Stay away,31,0.0,0.0,0.0,50.0,0,,nan,nan,0.0
WTAXX,Wilmington Funds - Wilmington U.S. Treasury Money Market Fund,1,2,4,10,6,3,2,4,31,-10.0,26.0,Poor,🔥 COILED: Stay away,31,0.0,0.0,0.0,50.0,0,,nan,nan,0.0
WTIXX,Wilmington Funds - Wilmington U.S. Treasury Money Market Fund,1,2,4,10,6,3,2,4,31,-10.0,26.0,Poor,🔥 COILED: Stay away,31,0.0,0.0,0.0,50.0,0,,nan,nan,0.0
WTPXX,Wells Fargo Funds Trust - Treasury Plus Money Market Fund,1,2,4,10,6,3,2,4,31,-10.0,26.0,Poor,🔥 COILED: Stay away,31,0.0,0.0,0.0,50.0,0,,nan,nan,0.0
FOBXX,Franklin Templeton Trust - Onchain US Government Money Fund,1,2,4,10,6,3,2,4,31,-10.0,26.0,Poor,🔥 COILED: Stay away,31,0.0,0.0,0.0,50.0,0,,nan,nan,0.0
WTRXX,Wells Fargo Funds Trust - 100% Treasury Money Market Fund,1,2,4,10,6,3,2,4,31,-10.0,26.0,Poor,🔥 COILED: Stay away,31,0.0,0.0,0.0,50.0,0,,nan,nan,0.0
WTSXX,WT Mutual Fund - Wilmington Tax-Exempt Money Market Fund,1,2,4,10,6,3,2,4,31,-10.0,26.0,Poor,🔥 COILED: Stay away,31,0.0,0.0,0.0,50.0,0,,nan,nan,0.0
CAJXX,CAJXX,1.0,3,4,10,4,3,1,4,29,-8.0,26.0,Poor,🔥 COILED: Stay away,26,0.0,0.0,-3.7,42.7,0,,nan,nan,0.0
FYIXX,Fidelity Treasury Only Money Market Fund,1,2,4,10,6,3,2,4,31,-10.0,26.0,Poor,🔥 COILED: Stay away,31,0.0,0.0,0.0,50.0,0,,nan,nan,0.0
KCLHF,KCLHF,1.06,2,4,10,6,3,2,4,31,-10.0,26.0,Poor,🔥 COILED: Stay away,0,0.0,0.0,0.0,50.0,0,,nan,4759977472.0,0.0
PBSFY,ProSiebenSat1 Media AG,1.07,3,6,1,9,3,2,2,26,0.0,26.0,Poor,Stay away,18,9.2,-4.9,-4.9,39.1,1,,Communication Services,996434368.0,0.0
PNBK,Patriot National Bancorp Inc,1.08,4,10,4,5,3,3,5,34,-8.0,26.0,Poor,Stay away,27,11.3,8.0,2.3,51.4,1,,Financial Services,124651656.0,295402.65
KSHTY,Kuaishou Technology,1.125,3,13,8,2,4,0,3,33,-8.0,26.0,Poor,Stay away,24,-2.6,4.2,-1.3,47.4,0,,Communication Services,25135198208.0,11383.8
MRVGF,Mirvac Group,1.108,4,5,8,5,5,3,3,33,-10.0,26.0,Poor,Stay away,24,0.0,0.0,-2.5,40.7,0,,Real Estate,4372013056.0,0.0
MGLD,Marygold Companies Inc,1.11,6,12,6,4,8,0,3,39,-13.0,26.0,Poor,Stay away,46,-3.5,-4.3,-0.5,48.8,1,,Financial Services,51145084.0,100456.91
EVCOU,EVCOU,1.1,2,4,10,6,3,2,4,31,-10.0,26.0,Poor,🔥 COILED: Stay away,31,0.0,0.0,0.0,50.0,0,,nan,nan,0.25
CVPUF,CP ALL Public Company Limited,1.3,7,3,10,7,3,2,4,36,-13.0,26.0,Poor,Stay away,35,0.0,0.0,-0.0,86.7,0,,Consumer Defensive,15148871680.0,0.0
HRZCF,HRZCF,1.3,2,4,10,6,3,2,4,31,-10.0,26.0,Poor,🔥 COILED: Stay away,32,0.0,0.0,0.0,50.0,0,,Industrials,4156417024.0,4.5
KNFSF,Kiatnakin Bank Public Company. Ltd,1.32,2,4,10,6,3,2,4,31,-10.0,26.0,Poor,🔥 COILED: Stay away,32,0.0,0.0,0.0,50.0,0,,Financial Services,1613675136.0,30.04
ICDX,ICDX,1.3,2,4,10,6,3,2,4,31,-10.0,26.0,Poor,🔥 COILED: Stay away,32,0.0,0.0,0.0,50.0,0,,Consumer Cyclical,8384999.0,9.0
HYPR,Hyperfine Inc,1.46,10,9,4,6,5,2,2,38,-15.0,26.0,Poor,Stay away,46,5.8,2.8,-0.4,49.5,1,,Healthcare,143941984.0,594414.25
MNXMF,Auteco Minerals Limited,1.42,6,6,6,5,6,2,5,36,-13.0,26.0,Poor,Stay away,42,0.0,-5.0,-1.8,46.2,1,,Basic Materials,1234563072.0,8536.0
PEPG,PepGen Ltd,1.77,16,8,5,9,2,1,5,46,-20.0,26.0,Poor,Stay away,21,11.3,28.3,9.2,58.1,3,,Healthcare,96145208.0,1797989.74
VS,Versus Systems Inc,1.23,2,9,1,9,5,2,5,33,-5.0,26.0,Poor,Stay away,41,-8.9,-15.5,-7.2,43.9,1,,Technology,7744650.0,81522.46
STCPF,Sella Capital Real Estate Ltd,1.5,2,4,10,6,3,2,4,31,-10.0,26.0,Poor,🔥 COILED: Stay away,31,0.0,0.0,0.0,50.0,0,,Real Estate,384328800.0,0.0
STNDF,Santander UK plc,1.5,2,4,10,6,3,2,4,31,-10.0,26.0,Poor,🔥 COILED: Stay away,32,0.0,0.0,0.0,50.0,0,,Financial Services,nan,889.13
VHUB,"VenHub Global, Inc.",1.31,9,12,4,1,9,2,2,39,-11.0,26.0,Poor,Stay away,0,14.9,-1.5,0.4,51.1,2,,Consumer Defensive,159908768.0,0.0
PLAG,Planet Green Holdings Corp,1.6,4,4,9,9,5,4,4,39,-13.0,26.0,Poor,Stay away,30,-3.6,1.9,-4.0,45.9,1,,Industrials,22060708.0,136950.17
CLIHF,CLS Holdings plc,1.8,2,4,10,6,3,2,4,31,-10.0,26.0,Poor,🔥 COILED: Stay away,31,0.0,0.0,0.0,50.0,1,,Real Estate,716599360.0,0.5
PHBBF,"Pharmaron Beijing Co., Ltd.",1.93,2,4,10,6,3,2,4,31,-10.0,26.0,Poor,🔥 COILED: Stay away,32,0.0,0.0,0.0,50.0,0,,Healthcare,3545957120.0,4.0
BCHT,Birchtech Corp.,1.96,11,6,2,12,3,2,5,41,-15.0,26.0,Poor,Stay away,38,-9.7,3.7,0.4,51.9,1,,Industrials,55242528.0,89277.73
CDIO,Cardio Diagnostics Holdings Inc,2.03,10,9,7,0,7,5,5,43,-17.0,26.0,Poor,Stay away,38,3.6,4.6,3.0,53.5,1,,Healthcare,6362858.0,1272800.06
UGSDX,U.S. GOVERNMENT SECURITIES ULTRA-SHORT BOND FUND U.S. GOVERNMENT SECURITIES ULTRA-SHORT BOND FUND,1.95,2,4,10,6,3,2,4,31,-10.0,26.0,Poor,🔥 COILED: Stay away,31,0.0,0.0,0.0,50.0,0,,nan,0.0,0.0
PIAGF,Piaggio & C. SpA,2.07,10,12,2,5,8,2,5,44,-18.0,26.0,Poor,Stay away,42,10.1,-5.5,4.5,59.8,1,,Consumer Cyclical,729256960.0,0.0
SPIDY,Septeni Holdings Co Ltd ADR,2.13,2,4,10,6,3,2,4,31,-10.0,26.0,Poor,🔥 COILED: Stay away,32,0.0,0.0,0.0,50.0,0,,Communication Services,441858080.0,1.01
LPRO,Open Lending Corp,3.13,18,9,7,8,6,5,5,58,-30,26,Poor,Stay away,72,0.6,49.0,22.3,76.2,3,,Financial Services,264806256.0,695912.35
ELME,Elme Communities,2.02,7,10,8,1,2,3,5,36,-10.0,26.0,Poor,Stay away,22,0.0,-1.0,-0.4,43.5,2,,Real Estate,181403376.0,2127497.37
OPNDF,OpenDoor Inc,2.0,13,6,12,6,6,2,4,49,-28.0,26.0,Poor,🔥 COILED: Stay away,39,0.0,0.0,0.1,90.6,1,,Communication Services,60476328.0,26.0
CWID,Country-Wide Insurance Company,2.15,12,6,11,6,3,4,4,46,-23.0,26.0,Poor,Stay away,53,0.0,0.0,0.0,99.9,0,,Financial Services,nan,4.0
DZZ,DB Gold Double Short ETN,1.845,5,12,5,0,4,4,2,32,-6.0,26.0,Poor,Stay away,20,0.8,-6.8,-3.8,40.2,0,,nan,nan,79848.57
CMCUF,CMCUF,2,2,4,10,6,3,2,4,31,-10.0,26.0,Poor,🔥 COILED: Stay away,0,0.0,0.0,0.0,50.0,0,,Financial Services,nan,0.0
ADWYF,ADWYF,2.259,2,4,10,6,3,2,4,31,-10.0,26.0,Poor,🔥 COILED: Stay away,31,0.0,0.0,0.0,50.0,0,,Communication Services,88286512.0,0.0
AWX,Avalon Holdings Corporation,2.49,5,10,2,3,2,5,4,31,-8.0,26.0,Poor,Stay away,34,0.4,-2.0,-0.6,47.4,0,,Industrials,9904557.0,91692.19
SNTG,Sentage Holdings Inc,2.17,9,3,1,9,3,0,5,30,-5.0,26.0,Poor,Stay away,38,0.9,-1.8,-2.6,48.6,1,,Financial Services,6171715.0,587816.71
XDNCF,XD Inc,2.7,5,4,9,6,1,2,4,31,-10.0,26.0,Poor,🔥 COILED: Stay away,33,0.0,0.0,0.0,50.0,0,,Communication Services,1301346432.0,1.75
JFHHF,Jupiter Fund Management Plc,2.61,12,6,11,6,3,4,4,46,-23.0,26.0,Poor,Stay away,55,0.0,0.0,0.0,99.9,0,,Financial Services,1310166528.0,276.5
LRAXF,Lara Exploration Ltd,2.71,7,9,4,7,7,0,5,39,-16.0,26.0,Poor,Stay away,53,-3.6,8.8,-1.3,48.5,3,,Basic Materials,154373424.0,6474.36
LGYV,Legacy Ventures International Inc,2.5,2,4,10,6,3,2,4,31,-10.0,26.0,Poor,🔥 COILED: Stay away,31,0.0,0.0,0.0,50.0,0,,Financial Services,125787664.0,0.0
JUKCF,JUKCF,2.64,2,4,10,6,3,2,4,31,-10.0,26.0,Poor,🔥 COILED: Stay away,32,0.0,0.0,0.0,50.0,1,,Industrials,78030800.0,12.5
AVD,American Vanguard Corporation,2.63,3,12,3,6,7,2,4,37,-11.0,26.0,Poor,Stay away,22,-0.4,-12.0,-2.1,46.8,1,,Basic Materials,71800800.0,241663.26
WELX,Winland Holdings Corporation,2.35,7,7,6,2,7,0,4,33,-10.0,26.0,Poor,Stay away,34,-2.1,-9.6,-2.5,47.8,0,,Technology,12705522.0,4092.98
AIPG,AI Technology Group Inc,2.5,5,4,10,6,3,4,4,36,-15.0,26.0,Poor,🔥 COILED: Stay away,51,0.0,0.0,-0.0,42.9,1,,Financial Services,4008782.0,60.66
DRAFX,Destinations Real Assets Fund,2.7,3,3,5,7,0,5,3,26,0.0,26.0,Poor,Stay away,45,-2.2,-1.1,-1.5,37.1,0,,nan,0.0,0.0
HAIIF,Haitian International Holdings Limited,2.8,5,3,10,6,3,2,4,33,-10.0,26.0,Poor,Stay away,31,0.0,0.0,-0.0,0.0,0,,Industrials,4468800000.0,9.5
NINTF,Ninety One Group,2.99,6,3,10,6,3,1,4,33,-10.0,26.0,Poor,Stay away,26,0.0,0.0,-0.2,2.4,0,,Financial Services,2886976768.0,55.39
AANNF,Aroundtown SA,2.785,7,5,0,8,3,0,3,26,0.0,26.0,Poor,Stay away,21,0.0,-3.0,-2.7,47.3,0,,Real Estate,2971973888.0,906.06
IHPGF,IntegraFin Holdings plc,2.75,2,4,10,6,3,2,4,31,-10.0,26.0,Poor,🔥 COILED: Stay away,32,0.0,0.0,0.0,50.0,0,,Financial Services,908531712.0,1.0
SARDF,Sanford Limited,2.78,5,3,10,9,3,2,4,36,-13.0,26.0,Poor,Stay away,33,0.0,0.0,-0.0,82.0,0,,Consumer Defensive,259947056.0,0.0
UGRO,Urban-Gro Inc,2.845,3,10,4,9,3,2,2,33,-5.0,26.0,Poor,Stay away,29,0.9,-4.8,-19.2,38.8,2,,Industrials,4042144.0,1760299.22
WFCNP,Wells Fargo & Company PFD DIV EQUALIZ,2.75,9,6,11,6,4,6,4,46,-23.0,26.0,Poor,Stay away,58,0.0,0.0,0.0,99.9,0,,Other,nan,34.26
PFPLF,Propel Funeral Partners Limited,3,2,4,10,6,3,2,4,31,-10.0,26.0,Poor,🔥 COILED: Stay away,31,0.0,0.0,0.0,50.0,0,,Consumer Cyclical,413920800.0,0.0
FRFBF,ForFarmers N.V.,3.17,2,4,10,6,3,2,4,31,-10.0,26.0,Poor,🔥 COILED: Stay away,32,0.0,0.0,0.0,50.0,1,,Consumer Defensive,280641024.0,1.0
HLYK,Healthlynked Corp,3.4,17,7,7,13,1,4,5,54,-28,26,Poor,Stay away,64,9.7,26.9,14.9,62.6,3,,Healthcare,10293864.0,2442.03
OUTKY,Outokumpu Oyj ADR,3.1,8,5,2,9,6,1,5,36,-10.0,26.0,Poor,Stay away,38,-15.3,-10.9,-4.7,47.7,1,,Basic Materials,3252506368.0,0.0
QHUOY,Quhuo Limited,11.31,19,5,6,5,7,4,5,51,-23,26,Poor,Stay away,60,52.6,194.5,83.2,79.1,3,7,nan,12831055.0,97236.12
FNYUSX,FNYUSX,3.283,2,5,3,8,0,4,4,26,0.0,26.0,Poor,Stay away,34,0.0,-0.4,-0.1,31.4,0,,nan,nan,0.0
CIIHF,CITIC Securities Company Limited,3.5,5,3,11,8,3,2,4,36,-13.0,26.0,Poor,Stay away,39,0.0,0.0,0.0,82.7,0,,Financial Services,49352417280.0,0.0
ZHUZF,Zhuzhou CRRC Times Electric Co. Ltd,3.65,2,4,10,6,3,2,4,31,-10.0,26.0,Poor,🔥 COILED: Stay away,31,0.0,0.0,0.0,50.0,0,,Industrials,4794186240.0,0.0
EENNF,ENAV S.p.A,3.52,2,4,10,6,3,2,4,31,-10.0,26.0,Poor,🔥 COILED: Stay away,31,0.0,0.0,0.0,50.0,0,,Industrials,1901944832.0,0.0
ISLCF,ISLCF,3.69,2,4,10,6,3,2,4,31,-10.0,26.0,Poor,🔥 COILED: Stay away,31,0.0,0.0,0.0,50.0,0,,nan,1258648832.0,0.0
PXMBF,Paxman AB,3.5,2,4,10,6,3,2,4,31,-10.0,26.0,Poor,🔥 COILED: Stay away,32,0.0,0.0,0.0,50.0,0,,Healthcare,81456960.0,27.0
KAUCX,FEDERATED KAUFMANN FUND CLASS C SHARES,3.87,15,10,4,7,6,1,5,48,-22.0,26.0,Poor,Stay away,50,1.3,5.2,2.6,61.2,0,,nan,0.0,0.0
AHIYX,INVESCO HIGH YIELD FUND CLASS R5,3.52,4,6,3,6,6,2,4,31,-10.0,26.0,Poor,🔥 COILED: Stay away,31,-0.3,0.0,-0.1,46.3,0,,nan,0.0,0.0
AMHYX,INVESCO HIGH YIELD FUND CLASS A,3.53,5,6,2,6,6,2,4,31,-10.0,26.0,Poor,🔥 COILED: Stay away,31,-0.3,0.0,-0.1,46.1,0,,nan,0.0,0.0
NRRWF,NuRAN Wireless Inc,3.65,2,10,1,7,4,2,3,29,1.0,26.0,Poor,Stay away,50,1.7,-4.7,-3.8,41.4,2,,Technology,49992164.0,0.0
YTFD,Yacht Finders Inc,3.99,2,4,10,6,3,2,4,31,-10.0,26.0,Poor,🔥 COILED: Stay away,32,0.0,0.0,0.0,50.0,0,,Financial Services,20744010.0,4.5
FNFPA,First Niles Financial Inc. PFD SER A,3.8,5,3,10,6,3,2,4,33,-10.0,26.0,Poor,Stay away,33,0.0,0.0,-0.0,0.0,0,,Other,0.0,18.74
EOGSF,Emerald Resources NL,4.18,11,10,4,2,4,0,2,33,-10.0,26.0,Poor,Stay away,42,-2.9,2.0,1.4,50.9,0,,Basic Materials,2709180928.0,0.0
CYRBY,Cyrela Brazil Realty SA,4.21,3,11,0,7,3,2,3,29,-3.0,26.0,Poor,Stay away,14,-1.4,-15.6,-5.2,46.7,0,,Consumer Cyclical,1476377856.0,11084.08
CUGCY,China Oriental Group Co Ltd ADR,4.2,5,3,10,6,3,2,4,33,-10.0,26.0,Poor,Stay away,38,0.0,0.0,-0.0,32.3,0,,Basic Materials,876665024.0,2.5
OSUR,OraSure Technologies Inc,4.34,17,13,4,6,6,1,5,52,-24.0,26.0,Poor,Stay away,60,0.5,2.4,6.5,62.6,1,,Healthcare,287098464.0,599665.15
OTPMF,OPTiM Corporation,4.42,2,4,10,6,3,2,4,31,-10.0,26.0,Poor,🔥 COILED: Stay away,32,0.0,0.0,0.0,50.0,0,,Technology,240884000.0,4.5
NWPP,New Peoples Bankshares Inc,4.25,7,4,6,3,6,5,5,36,-10.0,26.0,Poor,Stay away,52,-2.9,-2.1,-1.0,45.6,0,,Financial Services,102230944.0,0.0
DIFTY,Daito Trust Construction Co,4.63,4,6,1,10,0,2,2,25,0.0,26.0,Poor,Stay away,16,-1.7,-0.9,-3.8,33.2,0,,Real Estate,6062416896.0,140233.91
RXT,Rackspace Technology Inc,6.82,17,7,3,9,5,2,5,48,-22.0,26.0,Poor,Stay away,61,9.8,46.4,15.9,60.4,3,,Technology,1393153792.0,13335820.98
HRZN,Horizon Technology Finance,4.26,3,10,2,2,5,2,5,29,-6.0,26.0,Poor,Stay away,24,-2.5,-1.2,-1.4,47.8,2,,Financial Services,317414176.0,863306.73
SCVPF,The Siam Cement Public Company Limited,4.89,2,4,10,6,3,2,4,31,-10.0,26.0,Poor,🔥 COILED: Stay away,31,0.0,0.0,0.0,50.0,0,,Industrials,6967443456.0,0.0
ALEDY,Allied Group Ltd ADR,5,2,4,10,6,3,2,4,31,-10.0,26.0,Poor,🔥 COILED: Stay away,31,0.0,0.0,0.0,50.0,1,,Financial Services,702736896.0,0.0
CVGI,Commercial Vehicle Group Inc,4.61,3,7,1,11,5,0,2,29,-3.0,26.0,Poor,Stay away,53,-11.0,-10.7,-7.8,42.6,1,,Consumer Cyclical,185914256.0,516058.52
MDNC,Medinotec Inc.,5,2,4,10,6,3,2,4,31,-10.0,26.0,Poor,🔥 COILED: Stay away,32,0.0,0.0,0.0,50.0,0,,Healthcare,58777740.0,5.0
UVRBF,Universal Robina Corporation,1.0,4,3,10,8,3,3,4,35,-13.0,25.0,Poor,Stay away,0,0.0,0.0,-0.1,84.5,0,,Consumer Defensive,2136426112.0,0.0
IPLXX,Voya Investors Trust - Voya Liquid Assets Portfolio,1.0,4,3,8,6,3,4,4,32,-10.0,25.0,Poor,Stay away,28,0.0,0.0,-0.0,20.2,0,,nan,nan,0.0
ISPXX,Voya Investors Trust - Voya Liquid Assets Portfolio,1.0,4,3,8,6,3,4,4,32,-10.0,25.0,Poor,Stay away,27,0.0,0.0,-0.0,20.6,0,,nan,nan,0.0
ITLXX,Voya Investors Trust - Voya Liquid Assets Portfolio,1.0,4,3,8,6,3,4,4,32,-10.0,25.0,Poor,Stay away,28,0.0,0.0,-0.0,20.2,0,,nan,nan,0.0
JOIXX,JPMorgan Trust IV - Institutional Tax Free Money Market Fund,1.0,7,4,2,6,5,2,4,30,-8.0,25.0,Poor,Stay away,43,-0.0,0.0,-0.0,47.1,0,,nan,nan,0.0
VTGXX,VTGXX,1.0,3,5,10,4,3,1,4,30,-10.0,25.0,Poor,🔥 COILED: Stay away,28,0.0,0.0,-3.7,42.7,0,,nan,nan,0.0
MPCMF,Mapletree Commercial Trust,1.065,6,3,8,6,3,2,4,32,-10.0,25.0,Poor,Stay away,42,0.0,0.0,-0.0,17.4,0,,Real Estate,5627854336.0,187.31
BVSFF,Bravura Solutions Limited,1.05,5,8,2,4,6,4,4,33,-8.0,25.0,Poor,Stay away,31,0.0,-1.9,-0.3,46.9,0,,Technology,479680992.0,139.25
ENTX,Entera Bio Ltd,1.54,18,13,3,6,7,2,5,54,-29,25,Poor,Stay away,43,30.5,26.2,19.0,69.5,3,,Healthcare,60134084.0,166791.34
FGSGF,Flat Glass Group Co. Ltd,1.2,4,3,9,6,3,3,4,32,-10.0,25.0,Poor,Stay away,16,0.0,0.0,-0.5,0.0,0,,Technology,2788911616.0,29.5
TAOP,Taoping Inc,1.455,9,11,4,6,6,4,5,45,-18.0,25.0,Poor,Stay away,46,-0.3,4.7,2.9,54.6,1,,Technology,12196065.0,199776.48
VNOV,VNOV,1.38,3,3,9,5,3,5,4,32,-10.0,25.0,Poor,Stay away,23,0.0,0.0,-2.4,1.4,0,,Healthcare,11505686.0,65.05
LUNG,Pulmonx Corp,1.39,3,12,4,4,8,2,2,35,-11.0,25.0,Poor,Stay away,42,11.2,-9.2,0.5,49.7,2,,Healthcare,68424272.0,1162899.3
LINRF,Liontown Resources Limited,1.35,2,8,1,14,5,0,2,32,-8.0,25.0,Poor,Stay away,32,-12.9,-1.5,-11.0,38.8,1,,Basic Materials,5118368768.0,14658.84
SCPAF,Shopping Centres Australasia Property Group,1.55,10,6,11,6,6,2,4,45,-23.0,25.0,Poor,Stay away,50,0.0,0.0,0.0,98.5,0,,Real Estate,1608239104.0,0.0
YJ,Yunji Inc,1.579,1,7,5,9,2,2,2,28,-1.0,25.0,Poor,Stay away,38,5.9,-11.8,-2.2,46.6,1,,Consumer Cyclical,7437565.0,73511.15
COLZF,Coca-Cola Içecek Anonim Sirketi,1.68,5,6,5,3,6,7,3,35,-10.0,25.0,Poor,Stay away,43,0.0,0.0,-1.0,35.4,0,,Consumer Defensive,4784714752.0,1341.69
FLYE,"Fly-E Group, Inc. Common Stock",2.27,16,12,3,6,9,4,5,55,-28,25,Poor,Stay away,34,-3.0,29.7,9.0,59.7,3,,Consumer Cyclical,3068885.0,233260.34
ZEOX,"Zeo ScientifiX, Inc.",1.7,1,11,5,7,4,2,2,32,-3.0,25.0,Poor,Stay away,28,-1.2,1.8,-4.0,44.5,1,,Healthcare,14699363.0,10346.2
VSTKF,VNV Global AB (publ),1.985,10,3,10,6,3,1,4,37,-15.0,25.0,Poor,Stay away,30,0.0,0.0,-0.0,5.5,1,,Financial Services,254093104.0,467.68
TXMD,TherapeuticsMD Inc,2.01,6,13,3,6,5,0,3,36,-11.0,25.0,Poor,Stay away,52,-12.2,6.9,-2.0,47.4,0,,Healthcare,23148724.0,105907.79
WIT,Wipro Limited ADR,2.19,12,4,1,10,3,2,5,37,-12.0,25.0,Poor,Stay away,27,-7.6,1.4,-1.3,49.7,0,,Technology,21610151936.0,9948261.57
TII,Titan Mining Corporation,2.17,6,9,5,5,0,6,2,33,-8.0,25.0,Poor,Stay away,25,-4.8,10.2,-3.6,44.9,2,,Basic Materials,226062640.0,358395.63
GRI,GRI Bio Inc.,1.84,0,7,2,8,4,2,2,25,2.0,25.0,Poor,Stay away,35,-15.2,-16.4,-11.8,37.1,0,,Healthcare,3559384.0,161921.26
CDGXY,China Dongxiang Group Co Ltd ADR,2.475,4,4,10,4,3,3,4,32,-10.0,25.0,Poor,Stay away,0,0.0,0.0,-0.1,59.2,0,,Consumer Cyclical,290665120.0,0.0
WLSS,Welsis Corp.,2.49,6,3,10,5,4,5,4,37,-15.0,25.0,Poor,Stay away,30,0.0,0.0,-1.5,3.4,1,,Healthcare,6854141.0,62.4
VETTF,Vector Limited,2.73,6,3,10,7,3,2,4,35,-13.0,25.0,Poor,Stay away,31,0.0,0.0,-0.0,92.8,0,,Utilities,2230000128.0,0.0
DRDGF,Drdgold,2.51,3,3,10,6,3,3,4,32,-10.0,25.0,Poor,Stay away,23,0.0,0.0,-1.3,12.6,0,,Basic Materials,2177168128.0,0.0
FDMDF,4DMedical Limited,3.0,14,10,10,7,3,7,5,56,-27.0,25.0,Poor,Stay away,54,11.1,12.8,12.5,66.7,3,,Healthcare,1582959872.0,6020.27
MTVA,MetaVia Inc.,1.56,3,9,1,8,4,0,2,27,-3.0,25.0,Poor,Stay away,28,-5.5,-17.5,-18.2,40.4,1,,Healthcare,13840512.0,1317013.41
GTIC,GTIC,2.9,15,4,6,15,6,4,5,55,-30,25,Poor,Stay away,61,0.0,11.5,21.5,89.3,3,,Technology,1569557.0,142.84
LNVGF,Lenovo Group,2.83,9,6,2,5,3,2,5,32,-10.0,25.0,Poor,Stay away,58,-12.2,-9.6,0.1,54.1,0,,Technology,38330396672.0,116462.71
PLUT,Plutus Financial Group Limited Ordinary Shares,3.017,6,3,6,8,5,1,4,33,-8.0,25.0,Poor,Stay away,34,-2.4,-2.4,-1.6,46.0,1,,Financial Services,47585000.0,14063.39
OSIIX,Oppenheimer Global Strtgc Incm Fd Cl I,3.11,3,8,2,6,6,1,4,30,-10.0,25.0,Poor,🔥 COILED: Stay away,25,-1.6,0.3,-0.5,44.6,0,,nan,0.0,0.0
OSIYX,Oppenheimer Strategic Income Fund Cl Y,3.12,4,7,2,6,6,1,4,30,-10.0,25.0,Poor,🔥 COILED: Stay away,26,-1.6,0.3,-0.5,45.6,0,,nan,0.0,0.0
DAHSF,Dah Sing Financial Holdings Limited,3.34,5,4,9,4,3,1,4,30,-10.0,25.0,Poor,🔥 COILED: Stay away,33,0.0,0.0,0.0,50.0,0,,Financial Services,1067380800.0,0.52
VENU,Venu Holding Corporation,3.29,6,15,4,4,4,2,2,37,-13.0,25.0,Poor,Stay away,30,15.8,-1.2,0.6,48.5,2,,Consumer Cyclical,211182640.0,232357.0
QHUOD,Quhuo Limited,11.31,18,5,6,5,7,4,5,50,-23,25,Poor,Stay away,65,52.6,194.5,87.8,83.5,3,7,Technology,9281347.0,79190.1
XPIMX,Putnam Master Intermediate Income Trust,3.39,1,11,3,6,3,2,4,30,-10.0,25.0,Poor,🔥 COILED: Stay away,23,-0.6,0.0,-0.2,47.1,0,,Other,0.0,0.0
PGUCY,Prosegur Cash S.A,3.595,5,3,9,6,3,2,4,32,-10.0,25.0,Poor,Stay away,21,0.0,0.0,-0.0,0.0,0,,Industrials,1231464192.0,1.51
XPPTX,Putnam Premier Income Trust,3.71,3,9,3,6,3,2,4,30,-10.0,25.0,Poor,🔥 COILED: Stay away,26,-0.5,0.3,-0.1,46.9,0,,Other,0.0,0.0
GSISF,Genesis Minerals Limited,4.06,6,9,4,7,3,2,2,33,-8.0,25.0,Poor,Stay away,31,-8.0,3.7,-1.9,47.2,0,,Basic Materials,4960903168.0,1407.38
LNXSY,LANXESS Aktiengesellschaft,3.774,6,9,4,11,3,3,2,38,-13.0,25.0,Poor,Stay away,26,1.7,8.4,0.7,49.0,3,,Basic Materials,1656122112.0,3906.19
ANTX,AN2 Therapeutics Inc,5.2,16,10,5,9,7,2,5,54,-27.0,25.0,Poor,Stay away,62,9.2,33.0,11.0,61.7,3,,Healthcare,150187392.0,517857.7
IOVA,Iovance Biotherapeutics Inc,4.25,15,10,7,5,7,4,5,53,-28,25,Poor,Stay away,64,11.3,9.5,5.8,56.2,3,,Healthcare,1888705152.0,14135920.14
SCYX,Scynexis Inc,3.87,15,10,3,5,7,2,5,47,-20.0,25.0,Poor,Stay away,57,-5.4,-11.2,9.6,61.4,1,,Healthcare,46126380.0,63425.0
UGP,Ultrapar Participacoes SA ADR,4.88,8,13,2,5,2,3,2,35,-10.0,25.0,Poor,Stay away,41,4.1,0.4,-2.4,39.7,0,,Energy,5204761088.0,2385744.51
AVAL,Grupo Aval,5.17,13,4,2,7,3,2,5,36,-11.0,25.0,Poor,Stay away,50,-5.5,1.6,0.4,53.4,0,,Financial Services,5686562304.0,152782.59
SHICX,WESTERN ASSET SHORT DURATION HIGH INCOME FUND CLASS C1,4.8,3,6,3,6,6,2,4,30,-10.0,25.0,Poor,🔥 COILED: Stay away,30,-0.4,0.0,-0.2,42.2,0,,nan,0.0,0.0
FXTGY,Foxtons Group PLC,1.026,5,3,10,4,3,2,4,31,-10.0,24.0,Broken,Avoid/exit,30,0.0,0.0,-0.0,22.7,0,,Real Estate,151760864.0,0.0
ESHSF,Eddy Smart Home Solutions Ltd.,1,5,4,9,6,4,2,4,34,-15.0,24.0,Broken,🔥 COILED: Avoid/exit,38,0.0,0.0,0.0,50.0,1,,Technology,6128623.0,400.0
CAHXX,CAHXX,1.0,3,4,10,4,3,1,4,29,-10.0,24.0,Broken,🔥 COILED: Avoid/exit,28,0.0,0.0,-3.7,42.7,0,,nan,nan,0.0
BUYXX,BUYXX,1.0,3,4,10,4,3,1,4,29,-10.0,24.0,Broken,🔥 COILED: Avoid/exit,26,0.0,0.0,-3.7,42.7,0,,nan,nan,0.0
FIDXX,FIDXX,1.0,3,4,10,4,3,1,4,29,-10.0,24.0,Broken,🔥 COILED: Avoid/exit,30,0.0,0.0,-4.0,43.0,0,,nan,nan,0.0
LEIXX,LEIXX,1.0,3,4,10,4,3,1,4,29,-10.0,24.0,Broken,🔥 COILED: Avoid/exit,28,0.0,0.0,-3.3,44.4,0,,nan,nan,0.0
LDIXX,LDIXX,1.0,3,4,10,4,3,1,4,29,-10.0,24.0,Broken,🔥 COILED: Avoid/exit,30,0.0,0.0,-3.8,44.1,0,,nan,nan,0.0
OPGXX,OPGXX,1.0,3,4,10,4,3,1,4,29,-10.0,24.0,Broken,🔥 COILED: Avoid/exit,26,0.0,0.0,-3.7,42.8,0,,nan,nan,0.0
OPTXX,OPTXX,1.0,3,4,10,4,3,1,4,29,-10.0,24.0,Broken,🔥 COILED: Avoid/exit,28,0.0,0.0,-3.6,42.8,0,,nan,nan,0.0
OPRXX,OPRXX,1.0,3,4,10,4,3,1,4,29,-10.0,24.0,Broken,🔥 COILED: Avoid/exit,28,0.0,0.0,-3.7,42.9,0,,nan,nan,0.0
VTLXX,VTLXX,1.0,3,4,10,4,3,1,4,29,-10.0,24.0,Broken,🔥 COILED: Avoid/exit,26,0.0,0.0,-3.6,42.9,0,,nan,nan,0.0
VTTXX,VTTXX,1.0,3,4,10,4,3,1,4,29,-10.0,24.0,Broken,🔥 COILED: Avoid/exit,28,0.0,0.0,-1.7,46.2,0,,nan,nan,0.0
WMNXX,WMNXX,1.0,3,4,10,4,3,1,4,29,-10.0,24.0,Broken,🔥 COILED: Avoid/exit,30,0.0,0.0,-4.1,43.2,0,,nan,nan,0.0
WOMXX,WOMXX,1.0,3,4,10,4,3,1,4,29,-10.0,24.0,Broken,🔥 COILED: Avoid/exit,28,0.0,0.0,-4.0,43.1,0,,nan,nan,0.0
DLPN,Dolphin Entertainment Inc,1.2,7,14,4,2,3,2,3,35,-11.0,24.0,Broken,Avoid/exit,18,7.1,5.3,2.2,50.2,2,,Communication Services,14969861.0,42648.45
SNOA,Sonoma Pharmaceuticals Inc,1.15,6,11,8,5,2,5,5,42,-16.0,24.0,Broken,Avoid/exit,18,4.5,3.6,0.2,46.2,1,,Healthcare,3959851.0,87041.03
EFGD,Eurobank Ergasias Services And Holdings SA,1.1,4,3,9,5,3,3,4,31,-10.0,24.0,Broken,Avoid/exit,0,0.0,0.0,-0.6,8.5,0,,nan,nan,0.0
PCUUF,Pecoy Copper Corp.,1.25,5,11,6,3,7,0,2,34,-10.0,24.0,Broken,Avoid/exit,34,-1.2,4.2,-0.5,48.7,0,,nan,nan,0.0
UCAR,U Power Limited Ordinary Shares,1.28,7,8,4,6,8,2,2,37,-13.0,24.0,Broken,Avoid/exit,37,7.6,-1.5,1.1,49.4,2,,Consumer Cyclical,36554564.0,4217853.19
FTEK,Fuel Tech Inc,1.93,18,6,3,13,7,2,5,54,-30,24,Broken,Avoid/exit,71,47.3,47.3,24.1,74.6,3,,Industrials,45501264.0,217579.61
HNFD,HNFD,1.35,5,4,10,6,0,2,4,31,-10.0,24.0,Broken,Avoid/exit,30,0.0,0.0,-0.0,0.0,0,,Industrials,nan,142.65
SMORF,Smoore International Holdings Limited,1.4,12,6,11,6,3,2,4,44,-23.0,24.0,Broken,Avoid/exit,49,0.0,0.0,0.0,95.1,0,,Consumer Defensive,8673243136.0,9.1
PTEAF,PTEAF,1.44,1,4,3,7,0,7,2,24,0.0,24.0,Broken,Avoid/exit,0,0.0,0.0,-3.9,29.4,0,,Energy,nan,0.0
BBMPY,BBMG Corp ADR,1.52,5,4,9,6,0,1,4,29,-10.0,24.0,Broken,🔥 COILED: Avoid/exit,25,0.0,0.0,0.0,50.0,1,,Basic Materials,811510592.0,2.25
SMBMF,Sembcorp Marine Ltd,1.6,3,6,8,5,5,2,2,31,-10.0,24.0,Broken,Avoid/exit,31,-3.0,3.9,-3.3,44.9,0,,Energy,5322466304.0,0.0
BLNC,Balance Labs Inc,1.55,5,4,10,6,3,2,4,34,-15.0,24.0,Broken,🔥 COILED: Avoid/exit,41,0.0,0.0,-0.0,40.2,1,,Industrials,72621096.0,219.98
TAIT,Taitron Components Incorporated,1.51,4,6,6,9,2,2,3,32,-8.0,24.0,Broken,Avoid/exit,29,-3.8,-6.2,-4.3,43.0,1,,Technology,9393040.0,171931.82
AUDGF,Audinate Group Limited,1.64,3,6,4,8,3,3,2,29,-5.0,24.0,Broken,Avoid/exit,23,0.6,0.6,-2.1,38.8,2,,Technology,147574976.0,339.34
UNLRY,Unilever Indonesia Tbk PT ADR,1.86,5,7,6,6,3,2,2,31,-10.0,24.0,Broken,Avoid/exit,25,0.0,6.7,-4.5,39.9,0,,Consumer Defensive,3814257920.0,0.0
ELLKY,Ellaktor SA ADR,1.77,8,3,10,5,0,1,4,31,-10.0,24.0,Broken,Avoid/exit,21,0.0,0.0,-0.0,19.8,1,,Industrials,612712000.0,0.0
OSTX,OS Therapies Incorporated,1.8,14,9,4,3,5,3,5,43,-19.0,24.0,Broken,Avoid/exit,47,1.7,3.4,0.7,51.6,1,,Healthcare,80168584.0,559474.44
SDCHD,"SideChannel, Inc.",1.912,9,7,7,2,5,2,2,34,-11.0,24.0,Broken,Avoid/exit,53,2.8,-4.4,0.2,49.5,0,,Technology,8893424.0,2927.09
HSCS,Heart Test Laboratories Inc. Common Stock,2.63,18,8,3,6,7,6,5,53,-29,24,Broken,Avoid/exit,44,39.2,39.9,29.9,69.3,3,,Healthcare,6401247.0,41394.27
NNXXY,Nexity SA,1.95,8,3,10,5,4,2,4,36,-15.0,24.0,Broken,Avoid/exit,22,0.0,0.0,-0.0,3.8,1,,Real Estate,542960768.0,22.28
HUATF,Huatai Securities Co. Ltd,2.1,10,6,11,6,3,4,4,44,-23.0,24.0,Broken,Avoid/exit,48,0.0,0.0,0.0,95.0,0,,Financial Services,18956412928.0,15.4
FDCHF,Funding Circle Holdings plc,2.18,12,6,11,6,3,2,4,44,-23.0,24.0,Broken,Avoid/exit,50,0.0,0.0,0.0,100.0,0,,Financial Services,619370624.0,248.0
SFUNY,Fang Holdings Ltd,2.06,12,5,4,15,4,0,4,44,-20.0,24.0,Broken,Avoid/exit,41,0.0,106.0,5.7,55.7,3,,Communication Services,18839504.0,273.16
WFF,WF Holding Limited Ordinary Shares,2.83,17,5,6,12,5,3,5,53,-29.0,24.0,Broken,Avoid/exit,49,12.3,38.7,17.1,67.0,3,,Industrials,10529457.0,70510.88
LSHGF,LSHGF,1.99,18,12,3,5,6,2,5,51,-27,24,Broken,Avoid/exit,51,30.9,30.9,21.5,67.9,3,,nan,nan,5458.58
MIN,MFS Intermediate Income Trust,2.43,1,8,7,6,4,1,4,31,-10.0,24.0,Broken,Avoid/exit,17,-0.4,0.0,-0.5,44.1,0,,Financial Services,277667712.0,266584.06
OGNNF,OGNNF,2.362,8,11,5,5,2,0,3,34,-8.0,24.0,Broken,Avoid/exit,51,-2.5,5.0,-0.7,48.0,0,,Basic Materials,140807456.0,67424.7
CCLD,"CareCloud, Inc.",2.19,3,11,6,0,4,6,4,34,-10.0,24.0,Broken,Avoid/exit,16,-2.2,-8.4,-4.2,40.2,0,,Healthcare,99858424.0,499847.66
BLIV,BeLive Holdings Ordinary Share,2.35,6,7,6,10,4,0,3,36,-15.0,24.0,Broken,Avoid/exit,29,-1.7,6.8,-0.9,47.9,1,,Technology,24989044.0,5640.56
JWEL,Jowell Global Ltd.,2.401,8,8,2,6,5,2,5,36,-15.0,24.0,Broken,Avoid/exit,62,-4.7,-0.4,-0.5,49.7,1,,Consumer Cyclical,5370056.0,87772.1
GUKYF,Gulf Keystone Petroleum Ltd,2.47,4,6,9,4,3,3,2,31,-10.0,24.0,Broken,Avoid/exit,28,6.5,-1.2,0.1,48.8,0,,Energy,543608448.0,0.0
CEBUY,Cebu Air Inc ADR,2.54,12,6,11,6,3,2,4,44,-23.0,24.0,Broken,Avoid/exit,53,0.0,0.0,0.0,99.6,0,,Industrials,311274016.0,44.28
XDHFX,Dreyfus High Yield Strategies Fund,2.7,5,7,2,6,3,2,4,29,-10.0,24.0,Broken,🔥 COILED: Avoid/exit,30,-0.4,0.4,-0.2,45.6,0,,Other,0.0,0.0
FCISX,FRANKLIN INCOME FUND CLASS C,2.6,4,6,3,6,6,2,4,31,-10.0,24.0,Broken,Avoid/exit,39,-1.1,-0.4,-0.4,44.6,0,,nan,0.0,0.0
MTGRY,Mount Gibson Iron Ltd ADR,2.825,7,3,10,6,0,6,4,36,-15.0,24.0,Broken,Avoid/exit,35,0.0,0.0,-0.0,10.7,1,,Basic Materials,333471104.0,293.08
IXHL,Incannex Healthcare Ltd ADR,3.25,3,8,3,7,5,0,3,29,-5.0,24.0,Broken,Avoid/exit,45,-12.9,-11.4,-7.7,42.0,1,,Healthcare,36585212.0,909893.58
WBDSF,WBDSF,3.0,5,3,9,4,3,3,4,31,-10.0,24.0,Broken,Avoid/exit,27,0.0,0.0,-1.6,2.5,0,,Industrials,2966396416.0,7.87
SBC,SBC Medical Group Holdings Incorporated,3.07,4,14,6,0,4,2,4,34,-13.0,24.0,Broken,Avoid/exit,21,2.7,2.7,0.6,48.7,0,,Industrials,314911200.0,69475.86
OSICX,Oppenheimer Strategic Income Fund C,3.12,3,7,2,6,6,1,4,29,-10.0,24.0,Broken,🔥 COILED: Avoid/exit,27,-1.6,0.6,-0.4,46.1,0,,nan,0.0,0.0
OSINX,Oppenheimer Strat Incm N,3.13,5,8,2,6,3,1,4,29,-10.0,24.0,Broken,🔥 COILED: Avoid/exit,27,-1.6,0.6,-0.4,46.2,0,,nan,0.0,0.0
TKECF,Tokyo Electric Power Co. Inc.,3.1,2,10,0,7,4,4,2,29,-5.0,24.0,Broken,Avoid/exit,17,-7.5,-12.7,-6.4,42.4,2,,Utilities,5769727488.0,591.0
MNKD,MannKind Corp,3.84,15,7,3,10,3,4,5,47,-23.0,24.0,Broken,Avoid/exit,37,-0.8,7.6,4.3,59.2,1,,Healthcare,1087504640.0,5081016.26
NAGE,"Niagen Bioscience, Inc.",3.45,6,15,4,0,3,3,2,33,-10.0,24.0,Broken,Avoid/exit,21,0.6,-1.7,-2.8,41.3,0,,Healthcare,273976480.0,1025530.61
ELDN,Eledon Pharmaceuticals Inc,3.96,17,16,2,5,7,2,5,54,-30,24,Broken,Avoid/exit,60,13.8,11.5,6.8,60.2,3,,Healthcare,277876160.0,1436607.91
IMSRW,Terrestrial Energy Inc.,3.28,3,5,2,11,2,4,3,30,-6.0,24.0,Broken,Avoid/exit,26,-3.0,-3.0,-4.5,43.0,0,,nan,nan,148702.01
CTYMF,Catalyst Metals Limited,4.264,15,7,9,2,4,1,5,43,-22.0,24.0,Broken,Avoid/exit,33,0.0,20.1,6.7,64.2,2,,Basic Materials,1004638272.0,4443.56
FULC,Fulcrum Therapeutics Inc,3.76,3,7,2,13,2,4,2,33,-9.0,24.0,Broken,Avoid/exit,16,8.7,6.8,-11.4,34.6,2,,Healthcare,224554288.0,1190636.04
NUVI,Emo Capital Corp,0.021,3,4,1,8,3,0,5,24,0.0,24.0,Broken,Avoid/exit,35,0.0,-99.5,-96.2,42.8,0,,Financial Services,12019999744.0,0.0
BOSC,BOS Better Online Solutions,4.43,8,12,5,2,3,2,2,34,-8.0,24.0,Broken,Avoid/exit,28,3.7,2.8,1.8,53.0,0,,Technology,29679700.0,84689.73
UVIX,2x Long VIX Futures ETF,3.58,3,12,4,3,2,4,2,30,-6.0,24.0,Broken,Avoid/exit,17,9.5,-13.3,-7.9,41.4,1,,nan,nan,39131693.68
BKISF,iShares IV Public Limited Company - iShares US Mortgage Backed Securities UCITS ETF,4.179,1,2,1,11,3,2,4,24,0.0,24.0,Broken,Avoid/exit,29,-1.1,-1.0,-0.7,31.8,0,,Other,nan,47580.27
ACRS,Aclaris Therapeutics Inc,4.79,15,8,7,9,5,2,5,51,-27.0,24.0,Broken,Avoid/exit,61,10.4,11.4,5.6,58.2,4,,Healthcare,608933632.0,1572043.76
XNET,Xunlei Ltd Adr,4.86,4,7,2,7,2,0,2,24,0.0,24.0,Broken,Avoid/exit,18,-11.6,-1.0,-6.8,39.6,0,,Technology,289942976.0,429751.96
PYPD,PolyPid,4.76,17,7,3,9,5,2,4,47,-23.0,24.0,Broken,Avoid/exit,61,2.1,4.2,0.6,51.5,2,,Healthcare,93377760.0,76251.29
QXL,Quantum X Labs Inc.,6.06,18,7,3,14,5,2,5,54,-30,24,Broken,Avoid/exit,58,9.4,42.3,18.0,66.6,3,,Technology,60547220.0,59469.67
XPHKX,PIMCO High Income Fund,4.49,1,6,7,6,3,2,4,29,-10.0,24.0,Broken,🔥 COILED: Avoid/exit,24,-0.7,-0.2,-0.2,45.3,0,,Other,0.0,0.0
STAK,STAK Inc. Ordinary Shares,3.68,11,4,1,14,5,2,5,42,-18.0,24.0,Broken,Avoid/exit,55,-33.1,-34.9,-16.7,47.8,1,,Energy,69349352.0,2571423.1
HLDYX,THE HARTFORD EMERGING MARKETS LOCAL DEBT FUND CLASS Y,4.85,3,7,3,6,6,2,4,31,-10.0,24.0,Broken,Avoid/exit,28,-1.6,0.2,-0.5,43.8,0,,nan,0.0,0.0
HLDAX,THE HARTFORD EMERGING MARKETS LOCAL DEBT FUND CLASS A,4.95,3,7,3,6,6,2,4,31,-10.0,24.0,Broken,Avoid/exit,30,-1.6,0.4,-0.5,44.4,0,,nan,0.0,0.0
SERKF,Serko Limited,1.019,7,3,10,5,3,3,4,35,-15.0,23.0,Broken,Avoid/exit,19,0.0,0.0,-0.1,1.7,1,,Technology,128520792.0,79.01
VCNX,Vaccinex Inc,0.83,4,4,3,9,4,2,2,28,-5.0,23.0,Broken,Avoid/exit,24,-17.0,-25.9,-16.5,38.6,1,,Healthcare,2676637.0,2603.64
ONCO,Onconetix Inc,1.0,11,4,9,0,2,0,2,28,-8.0,23.0,Broken,Avoid/exit,41,-7.4,5.6,1.4,52.1,1,,Healthcare,1215244.0,379468.93
FAIXX,First American Funds Inc. - First American Institutional Prime Obligations Fund,1.0,15,4,6,6,6,2,4,43,-23.0,23.0,Broken,Avoid/exit,50,0.0,0.0,0.0,99.9,0,,nan,nan,0.0
GERN,Geron Corporation,1.385,14,11,7,7,4,2,5,50,-27.0,23.0,Broken,Avoid/exit,37,17.4,23.7,10.4,63.9,4,,Healthcare,776240384.0,11925645.57
GHG,GreenTree Hospitality Group Ltd,1.136,5,11,4,3,0,3,5,31,-6.0,23.0,Broken,Avoid/exit,27,0.5,0.5,-1.5,43.7,0,,Consumer Cyclical,118049872.0,28393.09
ACMDY,Atlas Consolidated Mining and Development Corporation,1.35,2,4,10,6,0,2,4,28,-10.0,23.0,Broken,🔥 COILED: Avoid/exit,29,0.0,0.0,0.0,50.0,0,,Basic Materials,398445888.0,5.07
CHRS,Coherus BioSciences Inc,1.52,7,16,6,2,3,2,2,38,-13.0,23.0,Broken,Avoid/exit,43,10.1,7.0,2.4,50.8,2,,Healthcare,227518608.0,1505298.91
ECNLF,Aquafil S.p.A,1.47,5,3,10,4,3,6,4,35,-15.0,23.0,Broken,Avoid/exit,20,0.0,0.0,-0.0,0.1,1,,Consumer Cyclical,136965744.0,66.0
BFNH,BioForce Nanosciences Holdings Inc,1.65,18,4,3,12,6,5,5,53,-30,23,Broken,Avoid/exit,66,26.9,38.7,21.1,59.3,3,,Consumer Defensive,44284688.0,1165.58
GDTRF,Gladiator Metals Corp,2.28,18,3,3,15,5,5,5,54,-29,23,Broken,Avoid/exit,62,-0.4,57.2,19.4,63.5,3,,Basic Materials,175606112.0,41416.9
ONXYY,Ontex Group NV,1.79,5,3,10,4,3,1,4,30,-10.0,23.0,Broken,Avoid/exit,17,0.0,0.0,-0.1,0.0,0,,Consumer Defensive,285445952.0,37.25
CAPFF,Capital Limited,1.455,0,6,0,10,4,1,2,23,0.0,23.0,Broken,Avoid/exit,24,-6.1,-19.2,-12.9,38.8,0,,Basic Materials,406262848.0,71.42
DYSL,Dynasil Corporation of America,1.8,11,3,10,9,3,4,4,44,-21.0,23.0,Broken,Avoid/exit,40,0.0,0.0,0.0,83.9,1,,Technology,22198900.0,19.5
HMCLF,HMCLF,1.92,6,3,8,5,3,1,4,30,-10.0,23.0,Broken,Avoid/exit,17,0.0,0.0,-0.1,1.0,1,,Real Estate,792222208.0,124.67
PBMRY,Bumi Resources Tbk PT ADR,2.23,3,3,9,6,3,5,4,33,-10.0,23.0,Broken,Avoid/exit,16,0.0,0.0,-3.0,8.5,0,,Energy,7370450432.0,33.51
AOGO,Arogo Capital Acquisition Corp,2.0,8,3,10,6,3,1,4,35,-15.0,23.0,Broken,Avoid/exit,28,0.0,0.0,-0.0,0.0,1,,Financial Services,8746994.0,4.82
XTLB,XTL Biopharmaceuticals Ltd ADR,2.788,14,8,8,12,4,4,5,55,-30,23,Broken,Avoid/exit,57,17.2,20.2,12.0,61.5,3,,Healthcare,4802184.0,714385.05
NAUT,Nautilus Biotechnology Inc,2.36,8,15,3,3,4,2,3,38,-13.0,23.0,Broken,Avoid/exit,44,8.8,0.4,-1.1,46.0,2,,Healthcare,340571328.0,364346.34
DGQTF,DGQTF,1.68,6,7,0,7,6,0,2,28,-1.0,23.0,Broken,Avoid/exit,0,-31.7,-32.8,-18.7,43.5,0,,nan,nan,0.0
FOCIF,Focusrite plc,2.14,3,4,1,7,3,0,3,21,2.0,23.0,Broken,Avoid/exit,24,-17.4,-17.4,-11.7,34.4,0,,Consumer Cyclical,150405360.0,38.4
MMLP,Martin Midstream Partners LP,2.29,1,9,0,8,3,0,2,23,0.0,23.0,Broken,Avoid/exit,15,-13.3,-11.9,-8.3,40.9,1,,Energy,103676512.0,22117.2
CNVS,Cineverse Corp.,2.8,11,5,4,9,5,4,5,43,-20.0,23.0,Broken,Avoid/exit,44,-8.5,12.9,2.6,55.9,3,,Communication Services,54940752.0,195990.92
QNC,Quantum eMotion Corp.,3.06,12,5,6,9,5,3,2,42,-19.0,23.0,Broken,Avoid/exit,0,-8.4,3.4,-2.5,49.0,1,,Technology,739275712.0,0.0
SYT,"SYLA Technologies Co., Ltd. American Depositary Shares",2.64,1,1,6,8,0,0,2,18,0.0,23.0,Broken,Avoid/exit,24,-4.3,-6.4,-5.1,35.2,0,,Technology,60158036.0,1915.11
SROYF,Sailfish Royalty Corp,3.17,14,4,8,11,3,4,5,49,-26.0,23.0,Broken,Avoid/exit,54,0.6,5.2,2.9,62.1,0,,Basic Materials,239972176.0,31406.18
RROTF,Roots Corporation,3.0,11,3,2,3,6,3,5,33,-10.0,23.0,Broken,Avoid/exit,60,0.0,-4.8,-0.4,51.1,0,,Consumer Cyclical,126615544.0,418.39
JHYCX,JOHN HANCOCK FOCUSED HIGH YIELD FUND CLASS C,3.02,4,4,2,6,6,2,4,28,-10.0,23.0,Broken,🔥 COILED: Avoid/exit,26,-0.7,0.0,-0.3,41.1,0,,nan,0.0,0.0
GRAB,Grab Holdings Ltd,3.49,6,15,5,3,4,2,3,38,-13.0,23.0,Broken,Avoid/exit,28,0.0,5.8,0.4,49.3,0,,Technology,14151399424.0,49543273.51
WGXRF,Westgold Resources Limited,3.25,5,6,2,8,0,0,2,23,0.0,23.0,Broken,Avoid/exit,15,-13.3,3.5,-7.8,38.8,0,,Basic Materials,3458655232.0,99150.34
RXRX,Recursion Pharmaceuticals Inc,3.23,3,13,2,5,7,0,5,35,-13.0,23.0,Broken,Avoid/exit,33,1.6,0.3,-0.3,49.3,2,,Healthcare,2016896384.0,26007332.71
UPC,Universe Pharmaceuticals Inc,2.95,3,6,2,8,7,2,5,33,-13.0,23.0,Broken,Avoid/exit,35,2.1,-12.5,-4.1,46.8,2,,Healthcare,2154061.0,180529.37
XVVRX,Invesco Senior Income Trust,3.36,3,6,8,6,3,3,4,33,-10.0,23.0,Broken,Avoid/exit,24,0.0,-0.6,-0.4,31.8,0,,Other,0.0,0.0
RGLXY,RTL Group SA ADR,3.9,7,8,3,4,3,2,3,30,-10.0,23.0,Broken,Avoid/exit,27,0.0,11.1,0.3,49.7,2,,Communication Services,5539792384.0,0.0
ZNTL,Zentalis Pharmaceuticals Llc,3.97,7,14,8,5,8,2,4,48,-26,23,Broken,Avoid/exit,57,12.8,10.9,5.5,55.6,4,,Healthcare,275491168.0,1308735.64
EEIQ,Elite Education Group International Ltd,3.28,8,9,4,4,2,3,5,35,-15.0,23.0,Broken,Avoid/exit,35,9.3,-5.7,-1.1,48.9,1,,Consumer Defensive,5149154.0,861524.02
HIX,Western Asset High Income II Closed Fund,3.9,2,3,3,7,3,1,4,23,0.0,23.0,Broken,Avoid/exit,18,-2.7,-0.8,-1.4,41.2,0,,Financial Services,329388400.0,366764.25
LODE,Comstock Mining Inc,4.11,14,6,2,7,3,1,5,38,-15.0,23.0,Broken,Avoid/exit,59,-4.6,7.0,-0.5,51.7,1,,Basic Materials,330981088.0,1441835.75
BGS,B&G Foods Inc,3.97,3,14,7,1,3,2,3,33,-11.0,23.0,Broken,Avoid/exit,22,0.5,2.8,-1.5,42.3,2,,Consumer Defensive,320609664.0,2178765.67
SHIM,Shimmick Corporation Common Stock,3.64,8,7,7,6,2,2,3,35,-13.0,23.0,Broken,Avoid/exit,32,-2.2,4.0,-4.2,42.1,1,,Industrials,158206576.0,90288.38
QBAK,Qualstar Corporation,3.4,3,6,3,9,3,2,2,28,-5.0,23.0,Broken,Avoid/exit,15,-1.4,-6.1,-8.1,29.7,2,,Industrials,15534596.0,3862.6
CRPHY,Ceres Power Holdings plc,3.775,4,3,1,9,5,4,2,28,-3.0,23.0,Broken,Avoid/exit,48,-1.4,-7.5,-9.6,42.2,1,,Industrials,1878194048.0,10296.96
STTK,Shattuck Labs Inc,6.01,13,14,5,5,4,4,4,49,-26,23,Broken,Avoid/exit,55,38.8,40.7,16.2,59.2,3,,Healthcare,374967744.0,604925.04
DQJCF,Pan Pacific International Holdings Corporation,5.23,6,12,6,0,3,2,2,31,-8.0,23.0,Broken,Avoid/exit,27,2.8,-6.4,-2.8,45.5,0,,Consumer Defensive,14723181568.0,0.0
TRIFX,CATALYST/SMH TOTAL RETURN INCOME FUND,4.8,1,2,6,7,3,1,3,23,0.0,23.0,Broken,Avoid/exit,26,-2.6,-2.6,-2.1,30.7,0,,nan,0.0,0.0
TRICX,CATALYST/SMH TOTAL RETURN INCOME FUND CATALYST/SMH TOTAL RETURN INCOME FUND CLASS C,4.8,1,2,6,7,3,1,3,23,0.0,23.0,Broken,Avoid/exit,26,-2.4,-2.4,-2.0,32.1,0,,nan,0.0,0.0
VNJA,Vanjia Corp,7.58,17,5,5,9,5,3,5,49,-26.2,22.8,Broken,Avoid/exit,64,29.6,175.6,60.0,99.8,2,,Consumer Cyclical,82500000.0,166.45
DNGYF,Dongyue Group Limited,2.65,18,4,5,9,6,4,5,51,-28.8,22.2,Broken,Avoid/exit,61,17.8,17.8,23.7,97.6,2,,Basic Materials,4916929536.0,190.35
UCL,Ucloudlink Group Inc,1.0,5,7,6,0,4,4,3,29,-10.0,22.0,Broken,Avoid/exit,10,-5.7,-2.9,-3.6,43.4,0,,Communication Services,38854092.0,25850.38
SEED,Origin Agritech Ltd,1.01,7,16,5,3,2,2,2,37,-13.0,22.0,Broken,Avoid/exit,32,4.1,5.2,-2.0,42.8,2,,Basic Materials,12736079.0,404450.95
HBFGF,Happy Belly Food Group Inc.,1.19,11,7,3,13,1,0,5,40,-18.0,22.0,Broken,Avoid/exit,46,-4.0,11.2,3.6,57.6,3,,Consumer Defensive,160109216.0,13004.67
SLNCF,Silence Therapeutics plc,2.2,17,4,5,14,4,3,5,52,-30.0,22.0,Broken,Avoid/exit,46,-0.5,107.5,28.0,77.6,3,,Healthcare,150206064.0,166.25
BTAI,BioXcel Therapeutics Inc,1.31,16,13,6,6,4,3,5,53,-29.0,22.0,Broken,Avoid/exit,39,9.2,22.4,9.5,61.1,3,,Healthcare,37979452.0,1437702.93
LZMH,LZ Technology Holdings Limited Class B Ordinary Shares,1.31,13,3,4,7,5,0,5,37,-15.0,22.0,Broken,Avoid/exit,38,-12.1,-12.1,6.9,58.4,1,,Technology,9786565.0,147373.09
EXFY,Expensify Inc,1.49,16,5,3,14,5,4,5,52,-30,22,Broken,Avoid/exit,60,18.3,25.2,13.6,65.0,3,,Technology,111386024.0,629567.35
NOWGD,Nowigence Inc,1.24,5,3,8,6,3,5,4,34,-15.0,22.0,Broken,Avoid/exit,29,0.0,0.0,-1.6,42.9,1,,Technology,25731354.0,407.11
LRE,"Lead Real Estate Co., Ltd American Depositary Shares",1.25,3,3,8,9,3,2,2,30,-8.0,22.0,Broken,Avoid/exit,37,-5.3,0.8,-2.8,44.3,0,,Real Estate,17188796.0,304460.96
PRSNF,Personas Social Inc,1.38,1,3,7,8,6,0,2,27,-5.0,22.0,Broken,Avoid/exit,23,-3.5,-3.5,-4.3,21.4,2,,Communication Services,9928663.0,118.47
PCSV,Pcs Edventures Com,1.46,10,3,7,10,3,2,5,40,-18.0,22.0,Broken,Avoid/exit,50,-2.7,4.3,-1.0,51.9,0,,Consumer Defensive,16355240.0,6191.48
INAB,In8bio Inc,1.48,4,13,4,4,6,2,2,35,-13.0,22.0,Broken,Avoid/exit,37,7.2,2.1,-0.7,47.7,2,,Healthcare,14768079.0,131968.68
BRLS,Borealis Foods Inc.,1.36,3,12,4,5,8,2,3,37,-13.0,22.0,Broken,Avoid/exit,45,17.2,-11.1,-2.2,47.5,2,,Consumer Defensive,33053494.0,588467.83
IKT,Inhibikase Therapeutics Inc,1.87,14,11,10,4,5,3,5,52,-30,22,Broken,Avoid/exit,55,12.0,12.0,6.9,64.4,3,,Healthcare,219174176.0,882299.26
WAFU,Wah Fu Education Group Ltd,1.61,5,7,0,8,0,4,3,27,-5.0,22.0,Broken,Avoid/exit,28,-3.0,-7.4,-3.4,44.2,1,,Consumer Defensive,7321528.0,122546.02
CGIUF,ESR-REIT,1.66,8,3,11,6,4,6,4,42,-23.0,22.0,Broken,Avoid/exit,44,0.0,0.0,0.0,90.2,0,,Real Estate,1336358144.0,0.0
PALI,Palisade Bio Inc,1.92,10,14,5,4,5,4,3,45,-23.0,22.0,Broken,Avoid/exit,51,7.9,13.6,3.7,53.2,3,,Healthcare,335394752.0,5322832.89
KPDCF,Keppel DC REIT,1.75,1,3,6,8,3,0,3,24,2.0,22.0,Broken,Avoid/exit,25,-2.8,-2.8,-2.7,40.1,0,,Real Estate,4403112960.0,755.49
JAGU,Jaguar Uranium Corp.,1.71,1,4,6,10,0,4,2,27,-5.0,22.0,Broken,Avoid/exit,0,-15.3,-4.5,-13.8,39.5,1,,Energy,41397240.0,0.0
GUOSF,Guotai Junan Securities Co. Ltd,2.0,10,6,11,6,3,2,4,42,-23.0,22.0,Broken,Avoid/exit,52,0.0,0.0,0.0,95.1,0,,Financial Services,35257851904.0,2.0
IPSC,Century Therapeutics Inc,2.29,13,6,7,4,5,5,5,45,-23.0,22.0,Broken,Avoid/exit,52,5.0,3.6,1.2,51.4,1,,Healthcare,396780608.0,1274923.1
PMAX,Powell Max Limited Class A Ordinary Shares,2.5,12,12,6,2,9,4,2,47,-28.0,22.0,Broken,🔥 COILED: Avoid/exit,49,29.5,28.2,8.7,54.3,3,,Financial Services,3636505.0,510264.41
RMHVX,Easterly ROCMuni High Inc Muncpl Bd Inv,2.19,13,4,7,6,6,2,4,42,-23.0,22.0,Broken,Avoid/exit,35,0.0,0.5,0.2,89.4,0,,nan,nan,0.0
RMJAX,Easterly ROCMuni High Inc Muncpl Bd A,2.18,13,4,7,6,6,2,4,42,-23.0,22.0,Broken,Avoid/exit,35,0.0,0.5,0.2,89.9,0,,nan,nan,0.0
NKTX,Nkarta Inc,2.89,12,8,2,9,7,4,2,44,-22.0,22.0,Broken,Avoid/exit,52,10.3,18.0,3.0,52.4,3,,Healthcare,198180640.0,787734.46
SHANY,Shandong Molong Petroleum Machinery Company Limited,2.5,5,4,9,6,3,1,4,32,-15.0,22.0,Broken,🔥 COILED: Avoid/exit,26,0.0,0.0,0.0,50.0,1,,Energy,99731048.0,1.7
CSCI,COSCIENS Biopharma Inc.,2.8,13,6,7,12,3,0,4,45,-23.0,22.0,Broken,Avoid/exit,37,-13.6,-0.4,-2.0,50.4,1,,Healthcare,8641549.0,3862.68
GLSSX,Invesco Global Strategic Income Fund Class R5,3.13,4,7,2,6,3,1,4,27,-10.0,22.0,Broken,🔥 COILED: Avoid/exit,26,-1.6,0.3,-0.5,45.9,0,,nan,nan,0.0
TKECY,Tokyo Electric Power Co,3.05,1,10,2,9,3,0,2,27,-5.0,22.0,Broken,Avoid/exit,10,-4.1,-8.7,-7.5,36.2,1,,Utilities,5224808960.0,2657.75
BVHMF,Vistry Group PLC,3.4,6,11,4,2,3,2,2,30,-8.0,22.0,Broken,Avoid/exit,19,10.6,2.4,0.7,46.8,1,,Consumer Cyclical,1111569920.0,14411.58
LSLPF,LSL Property Services plc,3.41,5,4,10,4,3,2,4,32,-13.0,22.0,Broken,Avoid/exit,32,0.0,0.0,-0.0,71.7,0,,Real Estate,321893312.0,0.0
VYGR,Voyager Therapeutics Inc,3.68,7,10,5,5,2,2,3,34,-15.0,22.0,Broken,Avoid/exit,37,4.2,7.3,1.1,50.6,1,,Healthcare,201202880.0,625352.27
LSF,Laird Superfood Inc,4.47,15,9,4,9,5,0,5,47,-25.0,22.0,Broken,Avoid/exit,58,-3.7,31.9,13.2,68.6,3,,Consumer Defensive,36974608.0,75445.06
PMOIF,Harbour Energy plc,3.17,1,2,3,9,3,2,2,22,0.0,22.0,Broken,Avoid/exit,27,-3.9,-13.2,-8.5,34.9,1,,Energy,5757846528.0,0.0
DAIO,Data I/O Corporation,3.73,13,7,2,5,7,2,5,41,-19.0,22.0,Broken,Avoid/exit,63,-3.9,2.8,0.4,53.6,1,,Technology,36920080.0,42614.13
KSKGF,Kingsgate Consolidated Limited,3.942,12,6,3,1,3,2,2,29,-10.0,22.0,Broken,Avoid/exit,38,9.2,18.6,-0.0,49.1,2,,Basic Materials,1105297664.0,0.0
BTQ,BTQ Technologies Corp. Common Stock,5.505,14,11,2,12,7,1,5,52,-30.0,22.0,Broken,Avoid/exit,62,3.3,35.4,16.3,58.4,3,,Technology,599370304.0,3522258.8
III,Information Services Group Inc,4.1,1,10,2,2,9,4,2,30,-8.0,22.0,Broken,Avoid/exit,34,-0.5,-2.8,-2.1,43.7,1,,Technology,207622448.0,267678.85
MAYX,Mayex USA Inc,4.2,8,4,6,3,3,6,2,32,-10.0,22.0,Broken,Avoid/exit,36,0.0,0.0,-2.4,2.5,0,,Financial Services,5460000.0,57.73
MAKSF,Marks and Spencer Group PLC,4.32,3,5,8,1,5,3,2,27,-10.0,22.0,Broken,🔥 COILED: Avoid/exit,26,0.0,0.0,-1.6,44.2,0,,Consumer Cyclical,8877057024.0,6746.69
CWGL,Crimson Wine,4.25,3,8,4,5,5,0,4,29,-10.0,22.0,Broken,Avoid/exit,22,-2.5,-2.2,-1.5,43.1,0,,Consumer Defensive,91196104.0,14286.56
GNRV,Grand River Commerce Inc,5.26,17,3,2,6,3,2,5,38,-16.0,22.0,Broken,Avoid/exit,55,-0.8,23.8,8.7,76.8,2,,Financial Services,29915428.0,3200.44
NEUP,Neuphoria Therapeutics Inc,4.49,4,11,2,6,9,6,2,40,-16.0,22.0,Broken,Avoid/exit,47,4.9,-3.6,-2.2,44.2,2,,Healthcare,25401388.0,537067.37
IGR,CBRE Clarion Global Real Estate Income Fund,4.5,2,10,6,1,9,1,3,32,-10.0,22.0,Broken,Avoid/exit,15,-3.2,-1.5,-1.6,40.6,1,,Financial Services,1039987000.0,817561.56
FINV,FinVolution Group,4.85,3,13,2,0,7,0,4,29,-8.0,22.0,Broken,Avoid/exit,32,0.4,-0.4,-1.1,47.0,0,,Financial Services,1206440320.0,1430149.71
FTCI,FTC Solar Inc,4.98,13,9,6,6,3,7,3,47,-30.0,22.0,Broken,🔥 COILED: Avoid/exit,27,12.4,10.8,1.9,52.0,3,,Technology,86268536.0,145863.09
HLDCX,THE HARTFORD EMERGING MARKETS LOCAL DEBT FUND CLASS C,4.98,1,7,3,6,6,2,4,29,-10.0,22.0,Broken,Avoid/exit,30,-1.6,0.2,-0.5,43.6,0,,nan,0.0,0.0
HLDSX,THE HARTFORD EMERGING MARKETS LOCAL DEBT FUND CLASS R4,4.92,1,7,3,6,6,2,4,29,-10.0,22.0,Broken,Avoid/exit,29,-1.6,0.2,-0.5,43.6,0,,nan,0.0,0.0
SURVF,Suntec Real Estate Investment Trust,1.07,3,6,4,3,6,7,2,31,-10.0,21.0,Broken,Avoid/exit,0,2.9,2.9,-1.9,38.7,0,,Real Estate,3502604288.0,0.0
TMLL,Third Millennium Industries Inc,1,5,4,9,5,3,1,4,31,-15.0,21.0,Broken,🔥 COILED: Avoid/exit,27,0.0,0.0,0.0,50.0,1,,Financial Services,62403024.0,4.5
CHND,China Media Inc,1,2,4,10,6,3,2,4,31,-15.0,21.0,Broken,🔥 COILED: Avoid/exit,32,0.0,0.0,0.0,50.0,1,,Communication Services,39750000.0,6.77
GPAIF,Grounded People Apparel Inc.,1.03,2,4,10,6,3,2,4,31,-15.0,21.0,Broken,🔥 COILED: Avoid/exit,32,0.0,0.0,0.0,50.0,1,,Consumer Cyclical,28299496.0,14.75
MBHCF,MBH Corporation PLC,1,2,4,10,6,3,2,4,31,-15.0,21.0,Broken,🔥 COILED: Avoid/exit,32,0.0,0.0,0.0,50.0,1,,Real Estate,6667460.0,4.5
ODOT,Osprey Polkadot Trust,1.05,4,5,4,8,0,0,2,23,2.0,21.0,Broken,Avoid/exit,24,-7.1,-0.5,-8.4,36.7,0,,nan,nan,1363.21
AKRRF,Philly Shipyard ASA,1.1,12,6,11,6,3,4,4,46,-28.0,21.0,Broken,Avoid/exit,46,0.0,0.0,0.0,100.0,1,,Industrials,13318691.0,22.5
NWWDF,New World Development Company Limited,1.23,12,6,11,6,3,4,4,46,-28.0,21.0,Broken,Avoid/exit,55,0.0,0.0,0.0,99.9,1,,Real Estate,3070252032.0,63.5
AMMHF,AMMB Holdings Berhad,1.255,5,5,3,6,3,5,4,31,-10.0,21.0,Broken,Avoid/exit,24,0.0,0.0,-1.8,30.7,0,,Financial Services,4149642496.0,100.35
HGBL,Heritage Global Inc,1.24,1,9,6,1,4,2,5,28,-10.0,21.0,Broken,Avoid/exit,24,-2.4,-8.1,-1.7,45.0,0,,Financial Services,43426940.0,150360.49
AMXOF,"América Móvil, S.A.B. de C.V.",1.23,2,1,1,8,3,4,2,21,0.0,21.0,Broken,Avoid/exit,42,-12.8,-9.6,-9.2,21.6,0,,Communication Services,81715126272.0,6227.45
SRRLF,Sirius Real Estate Limited,1.358,5,7,1,9,3,4,2,31,-10.0,21.0,Broken,Avoid/exit,43,0.0,0.0,-1.4,45.3,0,,Real Estate,2143994112.0,173.71
BGOUF,Bang & Olufsen a/s,1.36,0,5,6,8,3,1,3,26,-5.0,21.0,Broken,Avoid/exit,24,-2.2,-2.2,-2.2,20.4,1,,Technology,204009648.0,306.43
LLEIF,LleidaNetworks Serveis Telemàtics S.A,1.55,9,6,10,6,4,2,4,41,-23.0,21.0,Broken,Avoid/exit,54,0.0,0.0,0.0,93.4,0,,Communication Services,24643744.0,25.5
GNNSF,Genscript Biotech Corporation,1.6,2,5,2,10,3,2,2,26,-5.0,21.0,Broken,Avoid/exit,33,0.0,0.0,-2.1,47.6,1,,Healthcare,3495528448.0,878.71
CLIK,Click Holdings Limited,1.58,6,10,4,3,4,2,5,34,-11.0,21.0,Broken,Avoid/exit,30,5.3,3.9,-3.4,44.7,2,,Consumer Cyclical,6395545.0,901360.45
HLOSF,Healios K.K,1.8,3,6,0,8,3,2,4,26,-5.0,21.0,Broken,Avoid/exit,19,0.0,0.0,-5.6,45.5,1,,Healthcare,243003424.0,105.75
DARE,Dare Bioscience Inc,2.08,9,15,3,1,6,2,2,38,-15.0,21.0,Broken,Avoid/exit,33,-1.4,8.3,-1.7,47.3,2,,Healthcare,28161464.0,290325.11
MMTOF,Mitsubishi Motors Corp.,2.02,5,5,4,0,6,4,2,26,-10.0,21.0,Broken,🔥 COILED: Avoid/exit,32,0.0,-0.5,-2.6,40.3,0,,Consumer Cyclical,2716855808.0,0.0
FNCHF,FINEOS Corporation Holdings plc,2.16,9,6,10,6,4,2,4,41,-23.0,21.0,Broken,Avoid/exit,50,0.0,0.0,0.0,100.0,0,,Technology,745289792.0,172.5
FIGI,Freedom Internet Group Inc,2.05,2,4,10,6,3,2,4,31,-15.0,21.0,Broken,🔥 COILED: Avoid/exit,32,0.0,0.0,0.0,50.0,1,,Financial Services,22821026.0,3.75
CISS,C3is Inc.,1.72,2,6,6,8,2,0,2,26,-5.0,21.0,Broken,Avoid/exit,19,-24.2,-23.2,-21.4,31.7,1,,Industrials,1195804.0,2537177.18
CMCLF,China Molybdenum Co. Ltd,2.18,4,2,3,10,2,0,2,23,0.0,21.0,Broken,Avoid/exit,33,-14.9,-0.9,-8.3,41.3,0,,Basic Materials,58512740352.0,18947.43
LNNGF,Li Ning Company Limited,2.03,1,9,6,3,7,0,2,28,-10.0,21.0,Broken,Avoid/exit,14,-6.5,-11.7,-9.0,41.7,0,,Consumer Cyclical,6121007104.0,676.83
SAXJY,Sa Sa International Holdings Ltd ADR,1.975,6,10,0,3,6,1,3,29,-8.0,21.0,Broken,Avoid/exit,28,9.7,-19.4,-4.5,47.3,0,,Consumer Cyclical,380140704.0,843.74
OQLGF,Olympique Lyonnais Groupe SA,2.3,2,4,10,6,3,2,4,31,-15.0,21.0,Broken,🔥 COILED: Avoid/exit,32,0.0,0.0,0.0,50.0,1,,Communication Services,376590208.0,0.83
ADPXY,Audio Pixels Holdings Ltd ADR,3.0,4,3,10,6,3,3,4,33,-15.0,21.0,Broken,Avoid/exit,22,0.0,0.0,-0.6,0.1,1,,Technology,87630304.0,230.09
ATHR,"Aether Holdings, Inc.",3.3,9,13,5,5,9,6,2,49,-28.0,21.0,Broken,Avoid/exit,40,12.6,8.3,1.5,50.1,3,,Technology,41047972.0,19512.83
ISPC,iSpecimen Inc,2.68,4,12,5,3,8,2,2,36,-13.0,21.0,Broken,Avoid/exit,56,1.9,-8.2,-7.0,43.2,2,,Healthcare,4570159.0,379532.01
DHX,DHI Group Inc,3.66,16,7,5,8,3,2,4,45,-24.0,21.0,Broken,Avoid/exit,54,5.2,3.7,1.0,52.8,1,,Technology,158538528.0,376991.4
VNUYX,Vontobel U.S. Equity Y,3.37,2,10,4,6,5,1,3,31,-10.0,21.0,Broken,Avoid/exit,23,-1.7,-1.5,-1.5,39.2,0,,nan,nan,0.0
ALVO,Alvotech,3.7,9,6,1,3,5,4,5,33,-10.0,21.0,Broken,Avoid/exit,37,-4.4,-11.1,-1.7,49.4,0,,Healthcare,979831680.0,516453.05
AARD,"Aardvark Therapeutics, Inc. Common Stock",4.96,12,14,8,4,4,2,5,49,-29,21,Broken,Avoid/exit,29,33.3,38.5,19.9,63.1,3,,Healthcare,83120424.0,219286.16
VNUIX,Vontobel U.S. Equity Institutional,3.48,2,10,4,6,5,1,3,31,-10.0,21.0,Broken,Avoid/exit,23,-2.0,-1.4,-1.5,39.8,0,,nan,nan,0.0
ATHGF,Auction Technology Group plc,3.82,5,3,10,6,3,2,4,33,-15.0,21.0,Broken,Avoid/exit,30,0.0,0.0,-0.0,1.4,1,,Technology,462562880.0,1.0
NCT,Intercont (Cayman) Limited Ordinary shares,2.92,10,8,2,6,7,0,5,38,-15.0,21.0,Broken,Avoid/exit,55,-2.7,-1.0,-2.2,50.1,1,,Industrials,5837400.0,1382340.35
LDLTX,LORD ABBETT SHORT DURATION INCOME FUND CLASS R5,3.83,3,8,2,6,3,2,4,28,-10.0,21.0,Broken,Avoid/exit,23,-0.3,0.0,-0.1,41.2,0,,nan,0.0,0.0
HELP,Cybin Inc. Common Stock,5.09,14,11,8,8,4,3,5,53,-28.0,21.0,Broken,Avoid/exit,31,18.6,29.8,11.8,62.8,3,,Healthcare,214544784.0,875111.56
LDDFD,Liberty Defense Holdings Ltd,4.17,4,11,7,4,4,0,4,34,-13.0,21.0,Broken,Avoid/exit,35,-1.1,-7.3,-1.7,47.7,1,,Industrials,9262727.0,24121.35
QNTM,Quantum BioPharma Ltd.,3.91,6,12,2,2,4,4,2,32,-11.0,21.0,Broken,Avoid/exit,36,7.4,0.5,-11.7,41.2,2,,Healthcare,31225398.0,243192.31
EGFIX,EDGEWOOD GROWTH FUND INSTITUTIONAL CLASS SHARES,4.355,3,12,5,4,3,3,4,34,-13.0,21.0,Broken,Avoid/exit,13,-1.4,-2.1,-17.8,14.0,0,,nan,0.0,0.0
ECTXF,Electrolux Professional AB (publ),4.65,3,3,8,4,3,3,4,28,-10.0,21.0,Broken,Avoid/exit,14,0.0,0.0,-1.8,0.1,0,,Industrials,1336398080.0,96.25
TRIIX,CATALYST/SMH TOTAL RETURN INCOME FUND CATALYST/SMH TOTAL RETURN INCOME FUND CLASS I,4.79,1,2,4,7,3,1,3,21,0.0,21.0,Broken,Avoid/exit,26,-2.4,-2.4,-2.0,32.1,0,,nan,0.0,0.0
SUNE,SUNation Energy Inc.,2.55,11,4,2,4,2,2,5,30,-10.0,20.0,Broken,Avoid/exit,47,-10.8,-28.4,7.7,53.3,0,,Technology,5030189.0,1325432.54
JZXN,Jiuzi Holdings Inc,1.29,9,11,2,4,5,4,5,40,-18.0,20.0,Broken,Avoid/exit,41,-16.8,-5.8,-2.5,49.9,1,,Consumer Cyclical,1661051.0,1796829.01
TSYHF,TravelSky Technology Limited,1.07,1,5,3,7,2,0,2,20,0.0,20.0,Broken,Avoid/exit,15,-3.8,-4.0,-6.4,39.9,0,,Technology,3452926976.0,27890.79
LDI,Loandepot Inc,1.2,3,15,6,2,3,4,2,35,-13.0,20.0,Broken,Avoid/exit,22,-2.4,5.3,0.1,47.9,2,,Financial Services,810716288.0,5151559.39
LUNA,Luna Innovations Incorporated,1.3,11,10,6,5,7,3,5,47,-27,20,Broken,Avoid/exit,58,6.6,12.1,8.1,62.7,4,,Technology,52045528.0,47286.67
IPXAF,Impax Asset Management Group plc,1.38,6,7,1,6,3,2,5,30,-10.0,20.0,Broken,Avoid/exit,21,0.0,3.0,-1.9,48.2,0,,Financial Services,162806880.0,770.88
BCTCF,BC Technology Group Limited,1.5,9,7,4,2,4,2,5,33,-13.0,20.0,Broken,Avoid/exit,20,0.0,0.0,4.3,50.0,1,,Financial Services,1321977856.0,73.6
SURRY,Sun Art Retail Group Ltd ADR,1.57,3,6,7,6,3,3,2,30,-10.0,20.0,Broken,Avoid/exit,15,0.0,0.0,-6.0,37.1,1,,Consumer Cyclical,1510668800.0,0.0
IH,Ihuman Inc,1.4,1,13,3,3,4,2,2,28,-6.0,20.0,Broken,Avoid/exit,18,1.4,3.7,-4.7,40.4,1,,Consumer Defensive,81780584.0,13841.36
ENGN,enGene Holdings Inc. Common Stock,1.75,3,13,6,6,3,2,4,37,-18.0,20.0,Broken,Avoid/exit,18,0.0,4.8,-9.0,35.0,1,,Healthcare,109862720.0,1018521.02
ALDX,Aldeyra The,1.9,13,7,4,10,3,2,5,44,-24.0,20.0,Broken,Avoid/exit,29,6.7,10.5,4.8,55.6,3,,Healthcare,97418528.0,1578400.69
HCWB,HCW Biologics Inc,1.11,8,12,2,3,6,0,2,33,-11.0,20.0,Broken,Avoid/exit,40,-2.6,-5.9,-13.9,44.7,2,,Healthcare,11672674.0,7049438.37
WMTN,WestMountain Gold Inc,1.8,10,6,11,6,6,2,4,45,-28.0,20.0,Broken,Avoid/exit,55,0.0,0.0,0.2,99.9,1,,Basic Materials,36252956.0,26.61
DTNOF,Dno ASA,1.77,1,4,3,8,2,0,2,20,0.0,20.0,Broken,Avoid/exit,31,-11.5,-11.1,-9.7,27.2,1,,Energy,2018249984.0,0.0
EMNSF,Elementis plc,2.09,8,3,4,5,3,3,4,30,-10.0,20.0,Broken,Avoid/exit,0,0.0,0.0,-0.4,25.2,0,,Basic Materials,1282643968.0,0.0
SEV,Aptera Motors Corp. Class B Common Stock,2.22,5,15,6,3,4,0,2,35,-13.0,20.0,Broken,Avoid/exit,27,-5.1,4.7,-2.5,44.6,0,,nan,81739680.0,0.0
BTMD,biote Corp,2.1,5,4,2,5,5,4,5,30,-10.0,20.0,Broken,Avoid/exit,44,-4.1,-5.0,-4.7,45.6,0,,Healthcare,83905264.0,180561.39
OCDGF,Ocado Group PLC,2.6,2,4,9,4,6,5,2,32,-15.0,20.0,Broken,Avoid/exit,32,0.0,-4.4,-1.8,35.8,1,,Consumer Defensive,2265188608.0,775.24
MOBBW,Mobilicom Limited Warrants,2.21,0,7,3,7,2,0,4,23,-3.0,20.0,Broken,Avoid/exit,43,-9.8,-17.5,-12.7,42.7,0,,nan,727576960.0,14239.39
HTWSF,Helios Towers plc,2.9,4,7,2,5,8,0,2,28,-8.0,20.0,Broken,Avoid/exit,46,-4.0,-3.7,-3.1,41.2,1,,Communication Services,3065930752.0,5592.19
JSHCX,JANUS SHORT-TERM BOND FUND CLASS C,2.87,2,5,1,6,3,2,4,23,-8.0,20.0,Broken,🔥 COILED: Avoid/exit,25,-0.3,0.0,-0.1,45.8,0,,nan,0.0,0.0
ABEV,Ambev SA ADR,3.13,6,6,7,2,7,1,3,32,-12.0,20.0,Broken,Avoid/exit,48,-2.2,0.3,-1.0,47.3,0,,Consumer Defensive,48508940288.0,31817687.3
MRVSY,Minerva SA,3.19,8,4,6,6,0,3,2,29,-10.0,20.0,Broken,Avoid/exit,28,9.3,8.1,1.6,51.6,1,,Consumer Defensive,777605504.0,6669.0
VDTA,"Vertical Data, Inc",2.8,2,4,9,8,3,0,2,28,-8.0,20.0,Broken,Avoid/exit,0,4.9,-3.4,-4.7,46.3,0,,Technology,125638808.0,0.0
AIRI,Air Industries Group,3.02,7,11,9,3,3,1,4,38,-21.0,20.0,Broken,Avoid/exit,24,-1.6,0.3,-0.3,48.6,1,,Industrials,14648987.0,88400.52
HRST,Harvest Oil & Gas Corp,3.04,5,3,9,6,2,3,4,32,-15.0,20.0,Broken,Avoid/exit,30,0.0,0.0,-1.2,9.5,1,,Energy,3172011.0,43.13
OPSIX,Oppenheimer Strat Income Fund,3.12,3,6,2,6,3,1,4,25,-10.0,20.0,Broken,🔥 COILED: Avoid/exit,25,-1.6,0.3,-0.6,44.4,0,,nan,0.0,0.0
FUTG,Leverage Shares 2x Long FUTU Daily ETF,3.58,5,11,3,3,4,4,2,32,-10.0,20.0,Broken,Avoid/exit,17,4.0,14.5,-15.0,34.6,2,,nan,nan,0.0
HLFDY,Halfords Group PLC ADR,3.41,5,3,5,5,3,2,4,27,-10.0,20.0,Broken,Avoid/exit,21,0.0,0.0,-0.0,0.6,1,,Consumer Cyclical,371481504.0,0.0
LPERX,ALPS/RED ROCKS LISTED PRIVATE EQUITY FUND CLASS R,3.21,2,5,2,7,3,5,3,27,-10.0,20.0,Broken,Avoid/exit,29,-5.3,-2.4,-2.6,40.6,0,,nan,0.0,0.0
VNUAX,Vontobel U.S. Equity A,3.33,1,10,4,6,5,1,3,30,-10.0,20.0,Broken,Avoid/exit,23,-2.1,-1.5,-1.6,39.1,0,,nan,nan,0.0
ANGH,Anghami De Inc,5.38,15,9,3,7,7,1,5,47,-25.0,20.0,Broken,Avoid/exit,63,-6.8,25.1,14.2,63.9,3,,Communication Services,31998772.0,254721.32
BESS,Bimergen Energy Corporation,4.5,15,4,3,9,3,2,3,39,-19.0,20.0,Broken,Avoid/exit,32,11.9,0.0,6.8,53.9,1,,Utilities,22854186.0,144638.25
GRCLF,GrainCorp Limited,3.45,6,7,0,3,0,6,3,25,-8.0,20.0,Broken,Avoid/exit,19,1.5,-11.8,-5.1,42.2,1,,Consumer Defensive,869285504.0,0.0
SSII,SS Innovations International Inc. Common Stock,3.52,7,13,2,3,4,2,2,33,-11.0,20.0,Broken,Avoid/exit,25,1.4,-1.1,-2.5,44.2,2,,Healthcare,862566912.0,81070.59
MPGPY,Pagegroup PLC ADR,3.8,5,4,2,3,5,4,5,28,-8.0,20.0,Broken,Avoid/exit,0,-19.8,-20.7,-6.7,48.7,0,,Industrials,604045376.0,0.0
KSIOF,kneat.com inc.,4.53,15,3,7,6,6,6,5,48,-28.0,20.0,Broken,Avoid/exit,47,-1.5,-1.5,4.9,76.2,1,,Healthcare,373184736.0,17147.08
FOFO,"Hang Feng Technology Innovation Co., Ltd.",3.64,14,9,2,5,4,7,5,46,-26,20,Broken,Avoid/exit,44,43.3,19.0,17.0,55.5,3,,Industrials,49893404.0,0.0
DELHY,Delivery Hero SE,3.94,11,4,8,3,3,4,2,35,-15.0,20.0,Broken,Avoid/exit,58,-9.8,-9.8,-4.0,48.4,1,,Consumer Cyclical,13334587392.0,237123.82
NTHI,"NeOnc Technologies Holdings, Inc. Common Stock",4.71,8,6,6,4,2,4,2,32,-15.0,20.0,Broken,Avoid/exit,24,-9.1,6.6,-2.8,46.7,1,,Healthcare,113157136.0,69625.55
HLDTX,THE HARTFORD EMERGING MARKETS LOCAL DEBT FUND CLASS R5,4.63,3,6,3,6,3,2,4,27,-10.0,20.0,Broken,Avoid/exit,28,-1.7,0.2,-0.6,43.3,0,,nan,0.0,0.0
NUAI,"New Era Energy & Digital, Inc.",5.85,17,7,4,10,3,4,5,50,-30,20,Broken,Avoid/exit,57,7.5,27.2,6.6,55.8,3,,Technology,583942208.0,12855311.78
SLNG,Stabilis Solutions Inc,4.39,8,4,2,10,3,3,5,35,-15.0,20.0,Broken,Avoid/exit,38,7.1,-8.4,-1.5,49.8,1,,Energy,94655168.0,24925.62
PAELX,T. ROWE PRICE EMERGING MARKETS LOCAL CURRENCY BOND FUND T. ROWE PRICE EMERGING MARKETS LOCAL CURRENCY BOND FUND ADVISOR CLASS,4.96,3,5,3,6,3,1,4,25,-10.0,20.0,Broken,🔥 COILED: Avoid/exit,26,-1.8,0.2,-0.7,42.4,0,,nan,0.0,0.0
PRELX,T. ROWE PRICE EMERGING MARKETS LOCAL CURRENCY BOND FUND T. ROWE PRICE EMERGING MARKETS LOCAL CURRENCY BOND FUND,5.0,1,5,5,6,3,1,4,25,-10.0,20.0,Broken,🔥 COILED: Avoid/exit,26,-1.8,0.2,-0.6,43.0,0,,nan,0.0,0.0
TEIMX,T. ROWE PRICE EMERGING MARKETS LOCAL CURRENCY BOND FUND T. ROWE PRICE EMERGING MARKETS LOCAL CURRENCY BOND FUND-I CLASS,5.0,1,5,5,6,3,1,4,25,-10.0,20.0,Broken,🔥 COILED: Avoid/exit,26,-1.8,0.2,-0.6,42.8,0,,nan,0.0,0.0
ITIPF,iShares II Public Limited Company - iShares $ Tips 0-5 UCITS ETF,4.88,1,4,1,7,0,1,4,18,2.0,20.0,Broken,Avoid/exit,15,-3.1,-2.3,-1.6,36.9,0,,nan,nan,32186.64
YSXT,"YSX Tech. Co., Ltd Class A Ordinary Shares",1.24,13,4,5,6,3,5,5,41,-22.0,19.0,Broken,Avoid/exit,31,-0.8,20.4,5.8,58.5,2,,Industrials,28440150.0,452002.89
NZTCF,Spark New Zealand Ltd,1.11,5,13,4,5,3,3,2,35,-16.0,19.0,Broken,Avoid/exit,23,1.8,5.7,-0.1,44.7,1,,Communication Services,2192526848.0,0.0
BLNE,"Beeline Holdings, Inc.",1.18,5,14,5,0,4,4,2,34,-13.0,19.0,Broken,Avoid/exit,18,-2.5,4.4,-6.0,40.9,0,,Financial Services,37414456.0,1087578.85
BRLT,Brilliant Earth Group Inc,1.16,2,11,3,4,3,2,2,27,-13.0,19.0,Broken,Avoid/exit,31,3.6,-5.7,-0.7,46.3,2,,Consumer Cyclical,119427536.0,103910.99
CHGG,Chegg Inc,1.06,5,9,2,2,7,0,2,27,-11.0,19.0,Broken,Avoid/exit,40,-8.6,-4.5,-6.4,44.5,2,,Consumer Defensive,141068144.0,2346995.96
MTEK,Maris Tech Ltd,1.17,1,6,9,7,2,0,2,27,-8.0,19.0,Broken,Avoid/exit,24,-6.4,0.0,-4.4,45.0,1,,Technology,11395885.0,437305.42
GBCEY,Globe Trade Centre SA ADR,1.23,5,3,9,5,3,2,4,31,-15.0,19.0,Broken,Avoid/exit,18,0.0,0.0,-0.2,0.0,1,,Real Estate,353166880.0,67.88
OXSQ,Oxford Square Capital Corp,1.31,3,15,2,0,4,2,3,29,-8.0,19.0,Broken,Avoid/exit,9,-1.5,-0.8,-3.5,43.1,1,,Financial Services,129067384.0,1361967.49
STIM,Neuronetics Inc,1.26,2,12,4,1,3,2,5,29,-11.0,19.0,Broken,Avoid/exit,27,5.0,1.6,-3.1,45.6,2,,Healthcare,101598248.0,1935432.66
NPT,Texxon Holding Ltd.,2.35,11,9,3,4,4,3,5,39,-18.0,19.0,Broken,Avoid/exit,23,-1.3,-8.6,4.0,50.3,1,,Consumer Cyclical,27509400.0,0.0
ECXJ,Cxj Group Co Ltd,1.5,9,3,4,7,6,0,5,34,-15.0,19.0,Broken,Avoid/exit,52,-16.7,-16.7,1.3,59.6,1,,Consumer Cyclical,134986864.0,50.85
OBGRF,Orbit Garant Drilling Inc,0.85,1,1,1,8,4,2,2,19,0.0,19.0,Broken,Avoid/exit,14,-15.0,-15.8,-21.6,1.7,1,,Basic Materials,52294188.0,2388.44
ECELF,Eurocell plc,1.32,0,4,0,7,4,2,2,19,0.0,19.0,Broken,Avoid/exit,23,0.0,-9.0,-5.8,42.7,0,,Industrials,142897856.0,107.82
FRCEF,Fletcher Building Limited,1.63,4,3,10,6,3,1,4,31,-15.0,19.0,Broken,Avoid/exit,15,0.0,0.0,-0.1,2.1,1,,Basic Materials,1752082816.0,69.75
NMRA,"Neumora Therapeutics, Inc.",1.46,7,7,0,10,0,2,2,28,-9.0,19.0,Broken,Avoid/exit,23,-6.4,-11.5,-10.3,43.2,2,,Healthcare,322394592.0,1414392.66
CSDXF,COSCO SHIPPING Energy Transportation Co. Ltd,1.75,5,3,3,6,3,7,2,29,-10.0,19.0,Broken,Avoid/exit,31,0.0,0.0,-6.3,4.3,0,,Energy,9837396992.0,709.05
BOMXF,Bolsa Mexicana de Valores S.A.B. de C.V,2.0,0,4,7,8,3,2,3,27,-8.0,19.0,Broken,Avoid/exit,34,-4.8,-5.7,-4.5,37.9,0,,Financial Services,1241487872.0,0.0
LNSPF,LondonMetric Property Plc,2.45,5,7,4,2,6,3,2,29,-10.0,19.0,Broken,Avoid/exit,24,1.7,1.7,-0.9,32.0,0,,Real Estate,6304780288.0,1118.0
VVVNF,Vivendi SE,2.42,2,9,2,6,5,0,3,27,-8.0,19.0,Broken,Avoid/exit,27,-7.0,-8.3,-5.0,43.1,0,,Communication Services,2560161792.0,3155.6
OABI,OmniAb Inc.,2.28,14,7,0,3,5,3,2,34,-15.0,19.0,Broken,Avoid/exit,56,12.9,-5.0,-0.2,51.2,1,,Healthcare,360256832.0,541242.26
XBP,XBP Europe Holdings Inc,2.38,4,13,5,5,3,2,2,34,-13.0,19.0,Broken,Avoid/exit,26,1.3,-0.8,-0.2,46.9,2,,Technology,27125356.0,32231.65
FALC,FalconStor Software Inc,2.67,10,6,4,5,1,5,3,34,-15.0,19.0,Broken,Avoid/exit,50,0.4,1.5,-0.9,48.4,1,,Technology,20745070.0,3197.89
TRSBF,3SBio Inc,2.2,4,9,2,6,3,3,2,29,-10.0,19.0,Broken,Avoid/exit,19,0.0,0.0,-4.2,29.6,0,,Healthcare,6251630592.0,792.52
BTBIF,BTB Real Estate Investment Trust,2.69,1,4,2,7,2,1,2,19,0.0,19.0,Broken,Avoid/exit,19,-1.1,-6.4,-4.1,40.1,0,,Real Estate,240537696.0,0.0
SLVYY,Solvay SA ADR,3.02,6,8,6,2,0,2,5,29,-10.0,19.0,Broken,Avoid/exit,26,-3.2,1.4,-0.9,46.9,1,,Basic Materials,3162350080.0,36154.13
MPZZF,MPC Container Ships ASA,2.54,9,4,2,8,5,4,5,37,-18.0,19.0,Broken,Avoid/exit,55,-0.8,-5.9,-2.2,47.9,0,,Industrials,1225119488.0,13894.32
NLST,Netlist Inc,2.69,6,9,1,4,7,2,2,31,-15.0,19.0,Broken,Avoid/exit,52,7.6,7.6,-1.5,49.4,2,,Technology,1039949504.0,1417982.29
RCKT,Rocket Pharmaceuticals Inc,3.3,14,8,3,11,1,1,5,43,-24.0,19.0,Broken,Avoid/exit,27,17.9,24.5,6.8,56.7,3,,Healthcare,318845184.0,2987362.16
JFU,9F Inc,2.76,2,12,5,0,3,0,2,24,-6.0,19.0,Broken,Avoid/exit,23,-1.1,-10.7,-6.4,41.7,0,,Technology,35389464.0,22736.05
JSHSX,JANUS SHORT-TERM BOND FUND CLASS S,2.87,1,6,2,6,3,2,4,24,-10.0,19.0,Broken,🔥 COILED: Avoid/exit,24,-0.3,0.0,-0.1,44.5,0,,nan,0.0,0.0
TSRYY,Treasury Wine Estates Ltd PK,3.15,9,7,4,2,3,0,4,29,-10.0,19.0,Broken,Avoid/exit,30,-6.5,-1.4,-1.8,48.0,1,,Consumer Defensive,2692293632.0,385721.62
AXG,Solowin Holdings,3.3,0,6,7,7,4,0,2,26,-3.0,19.0,Broken,Avoid/exit,29,-3.8,-4.6,-3.8,30.4,1,,Financial Services,657065728.0,0.0
MLLUY,Metallurgical Corporation of China Ltd ADR,3.558,5,7,2,3,3,7,2,29,-10.0,19.0,Broken,Avoid/exit,14,0.0,0.0,-3.7,15.3,0,,Industrials,3680521472.0,19.65
CJAX,Barrister Energy LLC,3.55,12,6,11,6,3,2,4,44,-28.0,19.0,Broken,Avoid/exit,50,0.0,0.0,0.0,91.6,1,,Energy,50299080.0,6.23
BRDNF,BRDNF,3.92,3,5,1,8,0,1,4,22,-3.0,19.0,Broken,Avoid/exit,12,-2.2,0.5,-2.8,42.8,0,,Basic Materials,1352037888.0,178.33
AIOT,"PowerFleet, Inc.",3.79,13,6,2,1,5,2,5,34,-15.0,19.0,Broken,Avoid/exit,33,-8.5,-3.1,-2.0,49.4,1,,Technology,511101120.0,1502688.51
OBIO,Orchestra BioMed Holdings Inc.,3.98,3,9,9,6,2,5,4,38,-19.0,19.0,Broken,Avoid/exit,40,3.4,-1.2,-0.2,49.2,1,,Healthcare,231139552.0,248407.44
NTHEX,NORTHEAST INVESTORS TRUST NORTHEAST INVESTORS TRUST,3.8,2,4,4,6,2,2,4,24,-10.0,19.0,Broken,🔥 COILED: Avoid/exit,34,-0.3,0.0,-0.3,41.8,0,,nan,0.0,0.0
JTKWY,Just Eat Takeaway.com NV ADR,4.0,5,11,1,2,4,2,4,29,-13.0,19.0,Broken,Avoid/exit,16,-5.9,0.0,-0.1,49.3,2,,nan,4094232832.0,5956.5
AHT-PI,Ashford Hospitality Trust Inc,4.8,11,12,3,10,4,2,4,46,-23.0,19.0,Broken,Avoid/exit,24,23.1,19.4,7.5,53.4,4,,Real Estate,104520272.0,7644.6
MWUSX,METROPOLITAN WEST ULTRA SHORT BOND FUND CLASS M,4.16,1,6,2,6,3,2,4,24,-10.0,19.0,Broken,🔥 COILED: Avoid/exit,26,-0.2,0.0,-0.1,43.3,0,,nan,0.0,0.0
CHRCF,CHRCF,4.15,5,4,3,7,0,1,4,24,-5.0,19.0,Broken,Avoid/exit,19,-5.8,-5.8,-5.8,32.3,1,,Technology,518375136.0,98.98
KHYIX,DEUTSCHE HIGH INCOME FUND INSTITUTIONAL CLASS,4.44,2,5,1,6,6,2,4,26,-10.0,19.0,Broken,Avoid/exit,32,-0.7,-0.2,-0.3,43.4,0,,nan,0.0,0.0
KHYQX,DEUTSCHE HIGH INCOME FUND CLASS R6,4.43,2,4,2,6,6,2,4,26,-10.0,19.0,Broken,Avoid/exit,33,-0.7,-0.2,-0.4,41.9,0,,nan,0.0,0.0
MCSRX,MFS COMMODITY STRATEGY FUND R6,4.06,0,3,2,7,0,5,2,19,0.0,19.0,Broken,Avoid/exit,25,-4.0,-6.5,-5.5,20.4,0,,nan,0.0,0.0
ABTZY,Aboitiz Equity Ventures Inc ADR,4.59,4,3,5,6,3,1,4,26,-10.0,19.0,Broken,Avoid/exit,30,0.0,0.0,-0.1,1.9,0,,Utilities,2548737536.0,0.0
TBLA,Taboola,4.65,8,11,3,6,7,0,3,38,-20.0,19.0,Broken,Avoid/exit,44,-7.7,-0.9,-1.4,49.1,0,,Communication Services,1295557376.0,1884970.3
ACTG,Acacia Research Corporation,4.7,10,7,8,6,0,2,5,38,-19.0,19.0,Broken,Avoid/exit,38,0.4,-0.6,-0.3,48.8,1,,Industrials,453968928.0,235564.33
XOS,Xos Inc,2.96,10,3,1,9,0,0,5,28,-9.0,19.0,Broken,Avoid/exit,37,-10.6,-17.3,-9.6,48.1,1,,Industrials,60734912.0,825795.91
MARPS,Marine Petroleum Trust,4.38,1,3,3,8,0,2,2,19,0.0,19.0,Broken,Avoid/exit,29,2.1,-6.8,-5.0,39.5,0,,Energy,9640000.0,33807.94
SHIAX,WESTERN ASSET SHORT DURATION HIGH INCOME FUND CLASS A,4.76,3,3,5,6,6,2,4,29,-10.0,19.0,Broken,Avoid/exit,26,-0.4,-0.2,-0.2,39.7,0,,nan,0.0,0.0
SHIYX,WESTERN ASSET SHORT DURATION HIGH INCOME FUND CLASS I,4.78,3,3,2,6,6,2,4,26,-10.0,19.0,Broken,Avoid/exit,29,-0.4,0.0,-0.2,40.0,0,,nan,0.0,0.0
LWSRX,WESTERN ASSET SHORT DURATION HIGH INCOME FUND CLASS R,4.75,3,3,2,6,6,2,4,26,-10.0,19.0,Broken,Avoid/exit,27,-0.4,0.0,-0.2,39.9,0,,nan,0.0,0.0
CNENF,Claren Energy Corp,0.55,4,4,0,7,4,2,2,23,-5.0,18.0,Broken,Avoid/exit,13,0.0,0.0,-19.2,0.0,1,,Energy,11162271.0,53.42
SVIVW,Spring Valley Acquisition Corp. IV Warrants,1.1,15,12,3,5,4,3,5,47,-29.0,18.0,Broken,Avoid/exit,0,6.8,0.0,9.6,55.9,0,,nan,nan,0.0
WETO,Webus International Limited Ordinary Shares,0.851,12,7,0,11,6,0,2,38,-18.0,18.0,Broken,Avoid/exit,49,-16.6,-23.3,-11.3,45.6,1,,Technology,83230000.0,624247.66
EHSI,Emerging Healthcare Solutions Inc,1.0,2,7,1,8,5,2,2,27,-5.0,18.0,Broken,Avoid/exit,20,-1.0,-4.8,-3.9,20.1,1,,Healthcare,31088566.0,1469.8
LGMK,LogicMark Inc,0.7,13,3,1,12,3,0,5,37,-19.0,18.0,Broken,Avoid/exit,45,-26.3,-33.3,-17.9,45.5,0,,Healthcare,899759.0,4595.35
DIIBF,Dorel Industries Inc,1.1,3,7,3,8,1,2,2,26,-8.0,18.0,Broken,Avoid/exit,27,3.8,0.0,-1.0,47.2,1,,Consumer Defensive,36698736.0,8120.07
DRMA,Dermata Therapeutics Inc,1.21,4,10,4,0,7,2,4,31,-13.0,18.0,Broken,Avoid/exit,32,1.7,0.8,-1.7,47.6,2,,Healthcare,5028081.0,959578.57
IMRN,Immuron Ltd ADR,1.08,10,3,1,5,7,0,5,31,-13.0,18.0,Broken,Avoid/exit,51,-3.6,-9.2,-4.7,47.1,1,,Healthcare,10207925.0,268697.84
TIKK,Tel-Instrument Electronics Corp,1.3,3,4,9,6,3,3,2,30,-15.0,18.0,Broken,Avoid/exit,22,0.0,0.0,-4.0,27.9,1,,Industrials,8302511.0,1240.74
NPWR,NET Power Inc.,1.71,4,14,1,1,6,2,2,30,-15.0,18.0,Broken,Avoid/exit,31,-1.2,1.8,-3.9,44.8,1,,Industrials,167929216.0,1126273.16
WALD,Waldencast Acquisition Corp,1.53,9,5,3,12,3,4,5,41,-23.0,18.0,Broken,Avoid/exit,43,-12.1,-7.8,-5.9,46.9,1,,Consumer Defensive,224454784.0,457637.07
LLESY,Lend Lease Group,1.81,2,9,2,6,3,4,2,28,-10.0,18.0,Broken,Avoid/exit,14,-13.8,1.7,-8.4,41.5,1,,Real Estate,1291966592.0,0.0
SER,Serina Therapeutics Inc,1.84,6,4,7,10,1,0,3,31,-13.0,18.0,Broken,Avoid/exit,32,-9.8,4.0,-2.2,48.5,1,,Healthcare,26845534.0,1474745.86
OIO,ESGL Holdings Limited,2.42,8,7,4,9,4,4,5,41,-21.0,18.0,Broken,Avoid/exit,29,-1.6,19.2,9.4,57.0,3,,Financial Services,682123328.0,26801.46
MENS,Jyong Biotech Ltd. Ordinary Shares,1.74,4,13,4,2,3,2,2,30,-13.0,18.0,Broken,Avoid/exit,32,8.7,-3.9,-3.3,42.4,2,,Healthcare,158897808.0,444849.83
ORXOF,Orexo AB (publ),2.1,4,3,9,6,3,1,4,30,-15.0,18.0,Broken,Avoid/exit,22,0.0,0.0,-0.2,0.1,1,,Healthcare,73766816.0,90.76
XELB,Xcel Brands Inc,1.91,7,4,3,8,3,0,2,27,-9.0,18.0,Broken,Avoid/exit,37,-8.6,-9.0,-5.2,45.3,1,,Consumer Cyclical,12596731.0,283269.35
AURE,Prestige Wealth Inc.,2.22,3,5,4,12,7,4,2,37,-19.0,18.0,Broken,Avoid/exit,44,-5.9,-8.1,-6.5,39.9,2,,Financial Services,88320000.0,86913.02
CHR,Cheer Holding Inc.,1.96,11,4,1,3,5,0,4,28,-10.0,18.0,Broken,Avoid/exit,48,0.0,1.0,-4.1,48.1,0,,Communication Services,4420695.0,158361.52
IGTAU,Inception Growth Acquisition Ltd Unit,2.31,8,6,11,4,3,2,4,38,-23.0,18.0,Broken,Avoid/exit,32,0.0,0.0,0.0,80.3,0,,Financial Services,nan,2.05
FORA,Forian Inc,2.65,13,4,1,3,5,4,3,33,-15.0,18.0,Broken,Avoid/exit,50,-1.9,-5.4,-2.3,47.1,1,,Healthcare,67792720.0,67158.24
HTSUY,Hisamitsu Pharmaceutical Company Inc Unsponsored ADR,2.94,3,9,1,5,3,2,2,25,-10.0,18.0,Broken,Avoid/exit,9,0.0,0.0,-23.5,40.1,0,,Healthcare,nan,10.93
MBRFY,Marfrig Global Foods S.A.,3.05,7,12,3,4,2,4,2,34,-16.0,18.0,Broken,Avoid/exit,19,-1.3,4.1,-1.4,45.9,0,,Consumer Defensive,4288926976.0,375939.01
CASBF,CanSino Biologics Inc,2.86,1,3,2,7,3,0,2,18,0.0,18.0,Broken,Avoid/exit,13,-7.7,-7.7,-9.1,8.9,0,,Healthcare,741131392.0,364.67
CABA,Cabaletta Bio Inc,3.03,3,12,3,2,7,2,2,31,-13.0,18.0,Broken,Avoid/exit,51,8.2,-5.9,-4.0,42.1,2,,Healthcare,572322368.0,3307059.32
CLTFF,Celtic plc,3.26,9,4,1,12,5,0,5,36,-18.0,18.0,Broken,Avoid/exit,49,-5.5,-4.6,-0.6,53.7,0,,Communication Services,313796736.0,1010.77
SABS,SAB Biotherapeutics Inc,3.84,16,8,3,8,3,3,5,46,-28.0,18.0,Broken,Avoid/exit,48,4.9,14.3,4.1,55.0,3,,Healthcare,259970272.0,466001.61
CSPCY,CSPC Pharmaceutical Group Limited,3.494,3,13,6,3,3,0,2,30,-12.0,18.0,Broken,Avoid/exit,15,-3.5,-1.6,-3.7,40.1,1,,Healthcare,10378960896.0,14362.3
XGGTX,Gabelli MultiMedia Trust Inc,3.66,1,2,2,7,3,1,2,18,0.0,18.0,Broken,Avoid/exit,21,-2.9,-3.9,-3.2,34.8,0,,Other,0.0,0.0
DXST,Decent Holding Inc Ordinary Shares,1.97,5,4,2,11,0,0,5,27,-9.0,18.0,Broken,Avoid/exit,38,-35.0,-42.1,-24.1,43.9,1,,Industrials,8712500.0,1089152.77
ADVB,Advanced Biomed Inc. Common Stock,4.76,14,6,4,6,0,2,5,37,-19.0,18.0,Broken,Avoid/exit,44,5.5,28.3,3.2,52.2,2,,Healthcare,7175613.0,207362.59
KHYCX,DEUTSCHE HIGH INCOME FUND CLASS C,4.43,2,4,1,6,6,2,4,25,-10.0,18.0,Broken,Avoid/exit,33,-0.7,-0.2,-0.3,42.9,0,,nan,0.0,0.0
SBLX,"StableX Technologies, Inc.",3.7,8,11,0,2,8,0,2,31,-11.0,18.0,Broken,Avoid/exit,42,-5.4,-35.1,-9.1,45.8,1,,Consumer Cyclical,4513525.0,871154.04
MCSIX,MFS COMMODITY STRATEGY FUND I,4.06,0,2,2,7,0,5,2,18,0.0,18.0,Broken,Avoid/exit,26,-4.2,-6.7,-5.7,19.9,0,,nan,0.0,0.0
MCSAX,MFS COMMODITY STRATEGY FUND A,4.04,0,2,2,7,0,5,2,18,0.0,18.0,Broken,Avoid/exit,25,-4.3,-6.5,-5.6,19.0,0,,nan,0.0,0.0
KHYAX,DEUTSCHE HIGH INCOME FUND CLASS A,4.43,2,4,1,6,6,2,4,25,-10.0,18.0,Broken,Avoid/exit,33,-0.7,-0.2,-0.3,43.7,0,,nan,0.0,0.0
MCSFX,MFS Commodity Strategy Fund Class B,4.03,0,2,2,7,0,5,2,18,0.0,18.0,Broken,Avoid/exit,25,-4.3,-6.5,-5.6,18.6,0,,nan,nan,0.0
MCSHX,MFS Commodity Strategy Fund Class C,4.0,0,2,2,7,0,5,2,18,0.0,18.0,Broken,Avoid/exit,25,-4.3,-6.8,-5.7,18.2,0,,nan,nan,0.0
MCSQX,MFS Series Trust XV - MFS Commodity Strategy Fund,4.04,0,2,2,7,0,5,2,18,0.0,18.0,Broken,Avoid/exit,25,-4.3,-6.5,-5.6,18.9,0,,nan,nan,0.0
MCSTX,MFS Commodity Strategy Fund Class R4,4.05,0,2,2,7,0,5,2,18,0.0,18.0,Broken,Avoid/exit,25,-4.3,-6.7,-5.7,19.2,0,,nan,nan,0.0
MCSOX,MFS Commodity Strategy Fund Class R2,4.02,0,2,2,7,0,5,2,18,0.0,18.0,Broken,Avoid/exit,26,-4.3,-6.7,-5.7,18.2,0,,nan,nan,0.0
MCSNX,MFS Commodity Strategy Fund Class R1,4.04,0,2,2,7,0,5,2,18,0.0,18.0,Broken,Avoid/exit,25,-4.3,-6.7,-5.7,18.2,0,,nan,nan,0.0
EARN,Ellington Residential Mortgage,4.49,1,12,2,1,4,4,2,26,-8.0,18.0,Broken,Avoid/exit,24,0.0,-4.9,-1.9,42.3,1,,Financial Services,174319232.0,397515.93
AHT-P-D,Ashford Hospitality Trust Inc 8.45% Series D Cumulative Preferred Stock,5.75,11,12,2,9,5,1,5,45,-23.0,18.0,Broken,Avoid/exit,28,40.9,31.6,16.6,58.1,3,,Other,nan,4587.72
KKPNF,Koninklijke KPN N.V,4.877,1,4,0,7,2,0,2,16,2.0,18.0,Broken,Avoid/exit,27,-2.7,-2.7,-3.4,40.8,0,,Communication Services,18904045568.0,57921.19
SPSTY,Singapore Post Ltd ADR,4.5,2,4,1,7,0,2,2,18,0.0,18.0,Broken,Avoid/exit,8,-6.6,-6.6,-8.6,28.6,0,,Industrials,559727168.0,0.0
AIRJ,AirJoule Technologies Corporation,4.96,13,12,2,6,5,3,5,46,-28.0,18.0,Broken,Avoid/exit,59,17.8,11.7,8.8,59.4,3,,Industrials,384459712.0,518090.08
PRVFF,Pro Real Estate Investment Trust,4.95,7,5,0,9,3,0,4,28,-10.0,18.0,Broken,Avoid/exit,31,0.0,0.0,-49.7,48.2,0,,Real Estate,352957056.0,20.61
HLDIX,THE HARTFORD EMERGING MARKETS LOCAL DEBT FUND CLASS I,4.89,1,6,3,6,3,2,4,25,-10.0,18.0,Broken,Avoid/exit,28,-1.8,0.2,-0.6,43.0,0,,nan,0.0,0.0
HLDRX,THE HARTFORD EMERGING MARKETS LOCAL DEBT FUND CLASS R3,4.97,1,6,3,6,3,2,4,25,-10.0,18.0,Broken,Avoid/exit,28,-1.8,0.2,-0.6,43.0,0,,nan,0.0,0.0
HLDFX,THE HARTFORD EMERGING MARKETS LOCAL DEBT FUND CLASS F,4.89,1,6,3,6,3,2,4,25,-10.0,18.0,Broken,Avoid/exit,28,-1.8,0.2,-0.6,42.8,0,,nan,0.0,0.0
VPMXX,JPMorgan Trust I - JPMorgan Prime Money Market Fund,1.0,1,5,3,6,3,2,4,24,-10.0,17.0,Broken,Avoid/exit,36,-0.0,0.0,-0.0,41.6,0,,nan,nan,0.0
WAAXX,Western Asset Premier Institutional Liquid Reserves Capital Shares,1.0,1,3,3,6,3,2,4,22,-8.0,17.0,Broken,Avoid/exit,31,-0.0,-0.0,-0.0,41.7,0,,nan,nan,0.0
SDEV,Stablecoin Development Corporation,1.11,7,8,8,3,2,2,2,32,-15.0,17.0,Broken,Avoid/exit,19,0.0,6.7,-6.7,42.1,1,,Financial Services,31454148.0,724157.14
PFHO,Pacific Health Care Organization Inc,0.85,1,7,2,3,4,6,2,25,-8.0,17.0,Broken,Avoid/exit,19,0.0,-6.6,-9.7,37.0,0,,Healthcare,14336000.0,0.0
AURX,Nuo Therapeutics Inc,0.905,1,3,4,9,3,0,2,22,-5.0,17.0,Broken,Avoid/exit,17,-6.5,-9.5,-9.6,36.1,1,,Healthcare,56154124.0,5053.0
MEGL,Magic Empire Global Limited,1.19,6,11,1,1,6,0,5,30,-11.0,17.0,Broken,Avoid/exit,46,-11.9,-7.8,-3.5,47.3,1,,Financial Services,6279422.0,37929.18
MMHTF,Miramar Hotel and Investment Company Limited,1.27,8,3,11,6,3,2,4,37,-23.0,17.0,Broken,Avoid/exit,47,0.0,0.0,0.0,94.9,0,,Consumer Cyclical,877518784.0,65.01
PXHI,Phonex Inc,1.17,2,5,7,5,4,5,2,30,-13.0,17.0,Broken,Avoid/exit,29,-2.5,-4.9,-3.6,40.4,1,,Consumer Cyclical,39470540.0,11877.51
LXEH,Lixiang Education Holding Co Ltd,1.43,16,2,4,0,7,3,2,34,-17.0,17.0,Broken,Avoid/exit,53,5.9,1.4,4.4,54.6,1,,Consumer Defensive,2606667.0,168352.63
OCG,Oriental Culture Holding Ltd,1.81,8,5,8,4,5,0,4,34,-15.0,17.0,Broken,Avoid/exit,35,-1.6,-5.2,-3.0,49.1,1,,Consumer Cyclical,3527728.0,489704.41
IFRX,InflaRx N.V.,1.93,11,13,4,1,9,2,2,42,-28,17,Broken,Avoid/exit,62,20.6,16.3,1.0,50.0,4,,Healthcare,295322208.0,1663625.05
POSC,Positron Corp,1.69,4,1,5,7,2,0,2,21,-5.0,17.0,Broken,Avoid/exit,26,-2.9,-8.5,-6.2,37.6,1,,Healthcare,61486916.0,38009.21
NUFMF,Nufarm Limited,1.92,9,5,1,3,6,4,4,32,-15.0,17.0,Broken,Avoid/exit,54,0.0,-13.5,-2.0,47.2,1,,Basic Materials,756294912.0,882.0
XDHYX,Credit Suisse High Yield Bond Fund,1.92,3,3,8,6,0,3,4,27,-10.0,17.0,Broken,Avoid/exit,15,-0.5,-1.0,-1.1,22.1,0,,Other,0.0,0.0
AIMFF,Aimia Inc,1.93,1,2,6,10,0,1,4,24,-5.0,17.0,Broken,Avoid/exit,20,-3.5,-4.0,-2.9,38.7,1,,Basic Materials,180244288.0,16294.06
FLX,BingEx Ltd,2.18,7,7,7,0,2,2,2,27,-10.0,17.0,Broken,Avoid/exit,20,2.3,-2.9,-3.6,40.0,1,,Industrials,165273600.0,165123.78
OPTGF,OPTGF,2.175,2,6,1,8,2,1,2,22,-1.0,17.0,Broken,Avoid/exit,25,-7.4,-7.4,-10.4,40.2,0,,Consumer Cyclical,160842000.0,242.99
LNAI,Lunai Bioworks Inc.,3.43,17,2,4,11,3,5,5,47,-30,17,Broken,Avoid/exit,58,20.6,49.8,19.7,61.7,3,,Healthcare,13012264.0,1012054.32
DAMD,Defiance Daily Target 2X Short AMD ETF,1.82,3,13,3,1,4,2,2,28,-11.0,17.0,Broken,Avoid/exit,18,-5.7,-22.6,-21.3,33.3,1,,nan,nan,0.0
BAOS,Baosheng Media Group Holdings Ltd,2.79,6,7,1,1,9,4,2,30,-13.0,17.0,Broken,Avoid/exit,47,5.3,-3.1,-1.1,49.1,2,,Communication Services,3774838.0,384215.41
UNTCW,Unit Corporation,2.45,0,3,1,9,0,2,2,17,0.0,17.0,Broken,Avoid/exit,37,-20.9,-3.2,-15.7,41.0,0,,nan,nan,4396.73
CMDXF,Computer Modelling Group Ltd,2.5,0,3,2,8,0,2,2,17,0.0,17.0,Broken,Avoid/exit,19,-10.7,-6.5,-7.6,34.9,0,,Technology,219943072.0,33770.83
TTSH,Tile Shop Holdings Inc,3.09,11,16,3,2,4,4,5,45,-28.0,17.0,Broken,Avoid/exit,28,-1.9,10.4,5.2,57.3,3,,Consumer Cyclical,113491952.0,176695.34
ATPC,Agape ATP Corporation Common Stock,3.15,9,5,2,3,2,3,5,29,-10.0,17.0,Broken,Avoid/exit,43,11.3,1.0,-1.5,50.0,0,,Consumer Defensive,4252660.0,1477938.94
CULP,"Culp, Inc. Common Stock",3.1,4,7,8,6,5,2,4,36,-19.0,17.0,Broken,Avoid/exit,32,-2.8,1.6,-1.1,47.1,1,,Consumer Cyclical,40014400.0,29704.06
MZDAY,Mazda Motor Corp ADR,3.28,1,10,3,10,5,0,3,32,-13.0,17.0,Broken,Avoid/exit,15,-9.1,-8.0,-4.3,42.2,0,,Consumer Cyclical,4276687872.0,51183.45
TUSK,Mammoth Energy Services Inc,3.05,7,7,0,5,7,4,2,32,-11.0,17.0,Broken,Avoid/exit,57,-1.6,-8.7,-3.4,46.9,2,,Industrials,159926544.0,240174.56
SLE,Super League Enterprise Inc.,3.1,1,10,7,0,2,2,2,24,-10.0,17.0,Broken,Avoid/exit,38,-0.3,-2.2,-8.8,40.4,0,,Communication Services,5094194.0,341640.91
OILCF,Permex Petroleum Corporation,3.27,9,6,11,6,4,2,4,42,-28.0,17.0,Broken,Avoid/exit,47,0.0,0.0,0.0,98.9,1,,Energy,1803414.0,44.27
SMSI,Smith Micro Software Inc,2.76,12,3,2,9,5,0,5,36,-19.0,17.0,Broken,Avoid/exit,50,-10.4,-25.2,6.3,55.6,1,,Technology,4124965.0,58932.95
IHRT,iHeartMedia Inc Class A,3.995,5,12,2,3,6,2,2,32,-13.0,17.0,Broken,Avoid/exit,43,0.1,4.3,-2.4,45.9,2,,Communication Services,591761664.0,1136592.4
RRTS,Roadrunner Transportation Systems Inc,5.04,17,4,4,14,3,2,5,49,-30,17,Broken,Avoid/exit,58,-2.9,12.8,6.7,63.4,3,,Industrials,168100848.0,7917.82
NTPIF,Nam Tai Property Inc.,4.67,3,5,5,6,4,7,2,32,-15.0,17.0,Broken,Avoid/exit,43,-0.6,0.0,-1.5,29.3,1,,Real Estate,289831008.0,13570.11
PXS,Pyxis Tankers Inc,4.39,8,4,2,5,1,0,2,22,-8.0,17.0,Broken,Avoid/exit,42,-2.9,-3.3,-2.2,46.5,0,,Energy,47305076.0,39790.49
RSGUF,Rogers Sugar Inc,4.86,7,10,6,5,6,2,4,40,-23.0,17.0,Broken,Avoid/exit,51,-1.6,0.2,-0.6,45.5,0,,Consumer Defensive,631070272.0,17640.82
EVF,Eaton Vance Senior Income Closed Fund,4.97,1,6,8,6,5,2,4,32,-18.0,17.0,Broken,Avoid/exit,31,-0.2,-0.6,-0.1,48.0,0,,Financial Services,90124632.0,92496.1
GRLRF,Greenland Resources Inc,0.95,2,7,5,9,0,0,2,25,-9.0,16.0,Broken,Avoid/exit,25,-5.9,-3.5,-8.0,37.1,1,,Basic Materials,139244576.0,84473.62
AEHL,Antelope Enterprise Holdings Ltd,1.08,4,12,7,0,4,2,2,31,-13.0,16.0,Broken,Avoid/exit,36,3.8,5.9,-9.6,44.7,2,,Industrials,19423116.0,3382782.66
TOMZ,TOMI Environmental Solutions Inc,0.748,5,9,0,4,7,4,2,31,-13.0,16.0,Broken,Avoid/exit,40,8.4,-17.8,-6.2,44.9,1,,Industrials,23436502.0,299839.54
BRN,Barnwell Industries Inc,1.04,2,11,6,3,2,4,3,31,-13.0,16.0,Broken,Avoid/exit,29,1.0,1.0,-1.3,45.1,2,,Energy,15691161.0,301499.42
LOVFF,Cannara Biotech Inc,1.118,1,4,1,8,0,0,2,16,0.0,16.0,Broken,Avoid/exit,15,-3.5,-5.3,-5.7,36.2,0,,Healthcare,114587280.0,6142.77
OCGN,Ocugen Inc,1.39,8,14,8,5,4,2,5,46,-28.0,16.0,Broken,Avoid/exit,33,17.8,12.1,6.0,54.8,3,,Healthcare,463774944.0,6017677.52
BRCC,BRC Inc.,1.25,4,11,3,3,7,0,2,30,-15.0,16.0,Broken,Avoid/exit,39,-5.3,2.5,-6.5,41.7,1,,Consumer Defensive,153860272.0,906892.71
AREN,Arena Group Holdings Inc,1.24,3,12,3,3,4,2,2,29,-11.0,16.0,Broken,Avoid/exit,16,13.8,-3.9,-6.8,40.4,1,,Communication Services,62835688.0,142212.73
RTMAF,Reitmans (Canada) Limited,1.4,4,4,6,5,6,3,3,31,-15.0,16.0,Broken,Avoid/exit,17,0.0,0.0,-0.6,31.1,1,,Consumer Cyclical,70181752.0,658.13
GPMT,Granite Point Mortgage Trust Inc,1.34,1,8,6,0,6,0,3,24,-6.0,16.0,Broken,Avoid/exit,25,-5.0,-7.6,-4.7,40.4,1,,Real Estate,73317024.0,193907.51
FMST,Foremost Lithium Resource & Technology Ltd. Common stock,1.56,3,15,4,0,4,0,3,29,-13.0,16.0,Broken,Avoid/exit,27,2.6,4.7,-1.4,46.7,2,,Basic Materials,27514182.0,288758.35
SWVL,Swvl Holdings Corp,1.43,5,6,4,0,0,4,4,23,-10.0,16.0,Broken,Avoid/exit,28,-6.5,4.4,-4.9,44.0,0,,Industrials,15715764.0,242232.38
GOVX,GeoVax Labs Inc,1.38,5,13,2,0,3,2,2,27,-11.0,16.0,Broken,Avoid/exit,42,17.9,7.8,-7.8,45.2,1,,Healthcare,9326732.0,1599467.67
GANX,Gain Therapeutics Inc,1.74,8,10,7,0,2,5,3,35,-19.0,16.0,Broken,Avoid/exit,18,-2.8,5.5,-2.2,46.6,1,,Healthcare,79336512.0,937278.32
MBOT,Microbot Medical Inc,1.79,2,7,7,0,2,6,4,28,-15.0,16.0,Broken,Avoid/exit,18,-1.6,-1.6,-3.8,41.7,1,,Healthcare,123583232.0,2764438.69
CSCIF,COSCIENS Biopharma Inc.,1.99,6,6,2,9,3,0,5,31,-15.0,16.0,Broken,Avoid/exit,35,-7.4,1.0,-3.2,48.2,1,,Healthcare,6368318.0,3746.01
CIG,Companhia Energetica de Minas Gerais CEMIG Pref ADR,2.07,5,8,7,2,0,6,2,30,-14.0,16.0,Broken,Avoid/exit,29,-1.0,-0.5,-2.3,38.8,1,,Utilities,5964521984.0,4472774.99
LX,Lexinfintech Holdings Ltd,2.0,2,9,1,1,6,0,2,21,-6.0,16.0,Broken,Avoid/exit,26,-1.5,-2.9,-3.6,42.8,0,,Financial Services,369125728.0,2328584.04
CNTB,Connect Biopharma Holdings Ltd,2.12,7,12,4,0,4,2,2,31,-13.0,16.0,Broken,Avoid/exit,26,6.5,0.0,-1.7,45.3,1,,Healthcare,144816864.0,214778.32
MOBX,Mobix Labs Inc,1.96,7,4,7,3,5,0,2,28,-15.0,16.0,Broken,Avoid/exit,39,-6.7,-13.7,-7.3,44.5,1,,Technology,35541512.0,3472536.01
FLL,Full House Resorts Inc,2.72,9,14,2,11,7,0,5,48,-30,16,Broken,Avoid/exit,40,-6.2,11.5,-1.1,49.7,3,,Consumer Cyclical,93201520.0,160185.4
BBDO,Banco Bradesco S/A ADR,2.93,5,11,4,0,2,2,2,26,-10.0,16.0,Broken,Avoid/exit,22,-2.3,0.7,-2.7,38.4,0,,Financial Services,31186771968.0,60819.54
UNICY,Unicharm Corp,2.79,0,3,0,7,0,3,3,16,0.0,16.0,Broken,Avoid/exit,13,-3.8,0.0,-3.1,40.9,0,,Consumer Defensive,9808715776.0,592385.79
GMTLF,Guardian Metal Resources PLC,2.84,7,8,1,11,0,0,2,29,-13.0,16.0,Broken,Avoid/exit,45,-14.9,7.8,-8.7,44.2,1,,Basic Materials,689793344.0,170583.04
HNSBF,Hansa Biopharma AB (publ),2.9,8,3,6,5,3,2,4,31,-15.0,16.0,Broken,Avoid/exit,27,0.0,0.0,-0.0,5.9,1,,Healthcare,289228480.0,162.3
MLCI,Mount Logan Capital Inc. Common Stock,2.88,3,12,4,1,4,4,2,30,-14.0,16.0,Broken,Avoid/exit,19,1.4,2.9,-4.5,39.3,2,,Financial Services,33006866.0,63786.48
JSHIX,JANUS SHORT-TERM BOND FUND CLASS I,2.87,1,5,2,6,3,2,4,23,-10.0,16.0,Broken,Avoid/exit,25,-0.3,0.0,-0.2,38.9,0,,nan,0.0,0.0
ELRXF,AB Electrolux (publ),3.01,3,4,4,3,3,7,2,26,-10.0,16.0,Broken,Avoid/exit,18,0.0,0.0,-19.3,39.9,0,,Consumer Cyclical,1481688960.0,42.79
CMCT,Creative Media & Community Trust Corporation,3.5,2,12,3,3,5,4,2,31,-15.0,16.0,Broken,Avoid/exit,37,-5.1,-20.8,-11.8,42.8,1,,Real Estate,8537676.0,129037.69
MHIKX,MFS HIGH INCOME FUND R5,3.08,1,3,2,6,5,2,4,23,-10.0,16.0,Broken,Avoid/exit,26,-0.6,0.0,-0.3,38.3,0,,nan,0.0,0.0
NPSCY,Nippon Steel Corp ADR,3.44,3,8,3,3,2,1,3,23,-10.0,16.0,Broken,Avoid/exit,20,-4.2,1.2,-2.0,42.9,0,,Basic Materials,18082975744.0,225425.86
ILPMY,Permanent TSB Group Holdings PLC ADR,3.22,10,14,5,3,3,2,4,41,-21.0,16.0,Broken,Avoid/exit,16,0.3,-0.9,-1.1,42.2,1,,Financial Services,1938196480.0,1096.06
VERU,Veru Inc,2.97,12,2,2,4,2,2,5,29,-13.0,16.0,Broken,Avoid/exit,50,-5.1,-4.2,2.9,53.7,1,,Healthcare,54571088.0,634014.67
AMDD,Direxion Daily AMD Bear 1X Shares,2.97,3,12,3,0,2,2,2,24,-8.0,16.0,Broken,Avoid/exit,12,-3.7,-11.6,-8.2,37.1,1,,nan,nan,11346648.43
SSTLX,WESTERN ASSET SHORT-TERM BOND FUND CLASS C1,3.67,1,5,2,6,3,2,4,23,-10.0,16.0,Broken,Avoid/exit,24,-0.3,0.0,-0.1,38.4,0,,nan,0.0,0.0
ANPMF,Andean Precious Metals Corp,3.72,0,4,1,9,0,0,2,16,0.0,16.0,Broken,Avoid/exit,15,-17.1,-1.6,-13.7,34.9,0,,Basic Materials,692820992.0,150585.24
SVRE,SaverOne 2014 Ltd. American Depositary Shares,3.42,2,5,4,8,0,4,2,25,-9.0,16.0,Broken,Avoid/exit,43,-7.1,-13.3,-14.4,39.7,1,,Technology,3849072.0,102874.47
LDLRX,LORD ABBETT SHORT DURATION INCOME FUND CLASS R3,3.84,1,5,2,6,3,2,4,23,-10.0,16.0,Broken,Avoid/exit,22,-0.3,0.0,-0.1,37.9,0,,nan,0.0,0.0
RCEL,Avita Medical Ltd,3.95,2,9,5,2,4,6,2,30,-15.0,16.0,Broken,Avoid/exit,26,0.8,-4.1,-3.2,42.3,1,,Healthcare,134186360.0,339132.76
BSEM,Biostem Technologies Inc,3.74,4,10,7,3,2,0,3,29,-13.0,16.0,Broken,Avoid/exit,16,-10.0,4.9,-5.1,43.1,0,,Healthcare,63690208.0,81052.75
JIAXF,Jiangxi Copper Company Limited,4.48,8,6,2,1,2,2,3,24,-8.0,16.0,Broken,Avoid/exit,36,9.5,1.8,-1.4,48.0,0,,Basic Materials,19419867136.0,0.0
CING,Cingulate Inc,4.81,7,7,3,6,3,3,4,33,-15.0,16.0,Broken,Avoid/exit,25,1.5,3.4,0.3,49.9,1,,Healthcare,61257172.0,366239.45
KHYSX,DEUTSCHE HIGH INCOME FUND CLASS S,4.44,2,8,1,6,6,2,4,29,-13.0,16.0,Broken,Avoid/exit,32,-0.7,0.0,-0.3,44.7,0,,nan,0.0,0.0
PASHX,T. ROWE PRICE SHORT-TERM BOND FUND INC. T. ROWE PRICE SHORT-TERM BOND FUND-ADVISOR CLASS,4.61,1,5,2,6,3,2,4,23,-10.0,16.0,Broken,Avoid/exit,23,-0.2,0.0,-0.1,38.3,0,,nan,0.0,0.0
TRZFX,T. Rowe Price Emerging Markets Local Currency Bond Fund Z Class,4.99,1,5,3,6,3,1,4,23,-10.0,16.0,Broken,Avoid/exit,26,-2.0,0.2,-0.7,42.2,0,,nan,nan,0.0
POIXX,Money Market Obligations Trust - Federated Institutional Prime Obligations Fund,1.0,2,5,3,6,3,2,4,25,-10.0,15.0,Broken,Avoid/exit,23,-0.0,-0.0,-0.0,26.0,0,,nan,nan,0.0
TSMXX,TSMXX,1.0,1,5,1,5,3,1,4,20,-10.0,15.0,Broken,🔥 COILED: Avoid/exit,26,0.0,0.0,-22.0,41.3,0,,nan,nan,0.0
KGDEF,Kingdee International Software Group Company Limited,1.06,3,7,0,6,3,4,2,25,-10.0,15.0,Broken,Avoid/exit,23,0.0,0.0,-6.7,47.1,0,,Technology,3715807232.0,63.96
DDC,DDC Enterprise Limited,1.05,3,10,5,4,2,2,2,28,-13.0,15.0,Broken,Avoid/exit,20,-1.9,1.9,-7.6,41.2,2,,Consumer Defensive,52245056.0,89752.15
CHSN,Chanson International Holding Class A Ordinary Shares,1.06,4,3,1,9,0,0,2,19,-4.0,15.0,Broken,Avoid/exit,17,-12.4,-13.8,-9.9,43.7,0,,Consumer Cyclical,2898858.0,192116.47
MRM,Medirom Healthcare Technologies Inc,1.07,2,10,6,1,5,2,2,28,-13.0,15.0,Broken,Avoid/exit,31,-10.1,-7.8,-5.5,42.3,0,,Consumer Cyclical,9403322.0,1142360.56
ACRV,"Acrivon Therapeutics, Inc. Common Stock",1.62,7,12,7,5,7,2,3,43,-28,15,Broken,Avoid/exit,40,8.7,14.1,3.1,52.4,3,,Healthcare,60992460.0,1276348.84
YADGF,Yadea Group Holdings Ltd,0.86,0,2,0,8,3,0,2,15,0.0,15.0,Broken,Avoid/exit,16,-39.4,-43.0,-33.3,8.8,0,,Consumer Cyclical,4584581632.0,100.94
ALXO,Alx Oncology Holdings ,1.79,15,14,5,2,5,2,2,45,-28,15,Broken,Avoid/exit,44,29.7,15.5,7.8,55.6,4,,Healthcare,209918128.0,699630.26
MGTE,Marblegate Capital Corporation,1.4,6,11,1,3,4,0,5,30,-15.0,15.0,Broken,Avoid/exit,22,2.9,0.7,-0.7,49.0,2,,Financial Services,111610744.0,7206.48
FYGGY,Fuyao Glass Industry Group Co. Ltd,1.71,3,12,7,2,4,0,2,30,-13.0,15.0,Broken,Avoid/exit,19,1.0,-3.1,-1.7,46.7,0,,Consumer Cyclical,18372595712.0,18623.21
CDIX,Cardiff Lexington Corp,1.8,5,13,6,2,8,4,2,40,-28.0,15.0,Broken,Avoid/exit,34,0.6,8.1,4.4,51.0,3,,Healthcare,28426736.0,1737.95
BESS-WT,Bimergen Energy Corporation,1.8,14,3,2,3,3,7,2,34,-19.0,15.0,Broken,Avoid/exit,0,5.9,-20.0,-1.6,51.3,0,,nan,nan,0.0
ACTU,"Actuate Therapeutics, Inc. Common stock",1.95,5,11,7,4,2,2,2,33,-18.0,15.0,Broken,Avoid/exit,24,-3.9,-3.0,-5.9,40.2,1,,Healthcare,43545052.0,93281.33
BDTX,Black Diamond Therapeutics Inc,1.86,6,9,2,1,3,2,2,25,-11.0,15.0,Broken,Avoid/exit,19,10.7,-2.1,-4.5,42.4,2,,Healthcare,119760704.0,1066736.67
OPAL,OPAL Fuels Inc,2.01,4,11,4,0,3,2,2,26,-11.0,15.0,Broken,Avoid/exit,21,8.6,0.5,1.1,49.1,1,,Utilities,387959616.0,248420.49
HMENF,Hemisphere Energy Corporation,1.715,2,1,0,8,0,2,2,15,0.0,15.0,Broken,Avoid/exit,38,-8.9,-14.2,-11.0,22.6,1,,Energy,201044560.0,59181.25
DTCX,"Datacentrex, Inc.",2.12,2,9,7,2,2,2,4,28,-13.0,15.0,Broken,Avoid/exit,36,1.0,-0.9,-1.8,46.5,2,,Financial Services,87076920.0,397675.19
PTXKY,XL Axiata Tbk PT ADR,2.81,3,7,4,4,3,2,2,25,-10.0,15.0,Broken,Avoid/exit,17,3.3,6.0,-3.6,38.7,1,,Communication Services,2839178496.0,7653.83
CSAN,Cosan SA ADR,2.89,5,11,4,2,4,2,2,30,-13.0,15.0,Broken,Avoid/exit,13,11.6,7.4,-0.6,44.2,2,,Energy,2828647168.0,2214209.71
WOOF,Pet Acquisition LLC,2.59,1,10,1,6,3,0,2,23,-6.0,15.0,Broken,Avoid/exit,22,-6.8,-4.8,-4.4,42.3,1,,Consumer Cyclical,926285760.0,2642619.22
DRCT,Direct Digital Holdings Inc,2.79,4,4,8,0,5,4,2,27,-15.0,15.0,Broken,Avoid/exit,48,-5.1,-3.1,-6.2,45.0,1,,Communication Services,2033604.0,298394.56
NPPHY,Nippon Paint Holdings Co. Ltd.,3.235,10,8,0,0,3,0,4,25,-10.0,15.0,Broken,Avoid/exit,30,-12.6,6.1,-2.6,48.2,0,,Basic Materials,13916751872.0,2764.21
CLPR,Clipper Realty Inc,3.09,2,4,4,3,7,2,5,27,-12.0,15.0,Broken,Avoid/exit,30,1.3,-6.1,-1.8,47.1,1,,Real Estate,134645632.0,72100.32
ANNA,"AleAnna, Inc. Class A Common Stock",2.63,0,4,5,8,0,4,2,23,-8.0,15.0,Broken,Avoid/exit,18,-13.5,-15.4,-15.4,36.9,0,,Energy,137148992.0,1445133.04
HNNMY,H & M Hennes & Mauritz AB ADR,3.4,1,11,5,4,3,0,4,28,-13.0,15.0,Broken,Avoid/exit,19,-3.4,-2.3,-1.7,45.5,0,,Consumer Cyclical,27936526336.0,107083.26
SHTLF,South32 Limited,3.03,2,5,2,5,6,0,3,23,-8.0,15.0,Broken,Avoid/exit,55,-7.8,2.5,-3.7,42.7,0,,Basic Materials,15771736064.0,0.0
LSTA,Lisata Therapeutics Inc.,3.44,11,5,5,6,2,4,5,38,-23.0,15.0,Broken,Avoid/exit,36,-1.4,-0.6,-0.2,49.4,1,,Healthcare,30142154.0,107188.78
WHTCF,WashTec AG,2.93,3,7,2,2,6,0,3,23,-8.0,15.0,Broken,Avoid/exit,31,-7.2,-13.1,-6.9,37.9,0,,Healthcare,928410624.0,52103.82
SGPPY,The SPAR Group Ltd,3.154,3,9,1,6,3,1,2,25,-10.0,15.0,Broken,Avoid/exit,14,0.0,3.0,-7.5,37.0,0,,Consumer Defensive,715452032.0,4.83
TCLAF,Transcontinental Inc,3.57,3,9,5,0,3,3,2,25,-10.0,15.0,Broken,Avoid/exit,27,0.3,0.3,-2.5,31.9,0,,Consumer Cyclical,306045248.0,0.0
QCLS,"Q/C Technologies, Inc.",3.81,8,8,3,1,4,0,3,27,-15.0,15.0,Broken,Avoid/exit,36,-1.6,0.5,-3.0,46.7,1,,Technology,32199058.0,2154807.52
ACOPF,The a2 Milk Company Limited,5.0,18,5,6,6,4,1,5,45,-30,15,Broken,Avoid/exit,22,37.0,26.6,20.8,73.4,3,,Consumer Defensive,2865433344.0,0.0
WPPGF,WPP plc,3.486,1,3,8,0,2,4,4,22,-10.0,15.0,Broken,Avoid/exit,29,-10.1,-8.7,-6.3,42.6,1,,Communication Services,3742480128.0,6201.81
TTGT,"TechTarget, Inc. Common Stock",3.7,6,10,3,0,3,2,2,26,-11.0,15.0,Broken,Avoid/exit,24,0.5,-0.3,-6.7,37.9,2,,Technology,305826624.0,509986.08
KULR,KULR Technology Group Inc,3.69,11,6,0,1,5,2,2,27,-15.0,15.0,Broken,Avoid/exit,40,0.5,-0.3,-5.0,47.6,1,,Technology,211857808.0,1983100.79
HYSNY,Hysan Development Co Ltd,4.19,3,6,4,2,3,5,2,25,-10.0,15.0,Broken,Avoid/exit,31,0.0,0.0,-2.8,10.1,0,,Real Estate,2268637184.0,0.0
LPFCX,ALPS/RED ROCKS LISTED PRIVATE EQUITY FUND CLASS C,4.15,2,4,2,7,3,1,3,22,-10.0,15.0,Broken,Avoid/exit,29,-5.5,-2.6,-2.6,40.9,0,,nan,0.0,0.0
CLBEY,Calbee Inc,4.345,5,14,1,4,3,2,2,31,-16.0,15.0,Broken,Avoid/exit,22,1.9,0.1,-1.2,46.4,0,,Consumer Defensive,2122437504.0,4298.32
CAAS,China Automotive Systems Inc,4.37,2,8,5,2,5,0,2,24,-10.0,15.0,Broken,Avoid/exit,37,-1.8,-1.1,-2.5,40.6,0,,Consumer Cyclical,134259616.0,36681.97
FBBPF,FIBRA Prologis,4.368,2,8,3,1,5,4,2,25,-11.0,15.0,Broken,Avoid/exit,36,-6.0,-7.0,-4.8,41.7,0,,Real Estate,7832219648.0,6658.51
IMPP,Imperial Petroleum Inc,4.93,6,7,6,3,5,2,2,31,-16.0,15.0,Broken,Avoid/exit,59,-3.0,-4.8,-2.8,45.4,1,,Energy,230137520.0,672130.01
ABHBY,Alfen N.V.,4.915,6,3,4,6,3,1,4,27,-15.0,15.0,Broken,Avoid/exit,22,0.0,0.0,-0.0,2.3,1,,Industrials,213733488.0,45.0
QNCX,"Quince Therapeutics, Inc.",0.952,3,11,5,3,7,2,2,33,-19.0,14.0,Broken,Avoid/exit,38,5.7,-1.9,-3.8,44.8,2,,Healthcare,21515182.0,3539245.86
BCDA,Biocardia Inc,1.06,11,13,1,4,3,5,5,42,-26,14,Broken,Avoid/exit,32,21.8,23.3,12.2,59.6,3,,Healthcare,11715965.0,1017397.27
SOBR,Sobr Safe Inc,0.737,0,4,3,8,2,0,2,19,-5.0,14.0,Broken,Avoid/exit,31,-16.6,-1.2,-23.9,37.8,1,,Technology,3143349.0,2962633.11
CILXX,Western Asset Institutional Liquid Reserves Ltd.,1.0,2,4,3,6,3,2,4,24,-10.0,14.0,Broken,Avoid/exit,30,-0.0,-0.0,-0.0,29.2,0,,nan,nan,0.0
FABXX,FABXX,1.0,1,2,0,7,0,2,2,14,0.0,14.0,Broken,Avoid/exit,14,-52.6,-43.8,-44.1,26.1,0,,nan,nan,0.0
SWSXX,SWSXX,1.0,1,5,1,4,3,1,4,19,-10.0,14.0,Broken,🔥 COILED: Avoid/exit,29,0.0,0.0,-17.8,44.1,0,,nan,nan,0.0
TSSXX,TSSXX,1.0,1,4,1,5,3,1,4,19,-10.0,14.0,Broken,🔥 COILED: Avoid/exit,33,0.0,0.0,-14.0,44.0,0,,nan,nan,0.0
TRSXX,TRSXX,1.0,1,4,1,5,3,1,4,19,-10.0,14.0,Broken,🔥 COILED: Avoid/exit,23,0.0,0.0,-14.0,44.0,0,,nan,nan,0.0
NREDF,NREDF,1.01,0,3,0,9,2,0,2,16,0.0,14.0,Broken,Avoid/exit,0,-22.9,-2.1,-16.9,39.7,0,,nan,nan,0.0
PHGUF,Pharming Group N.V,1.15,3,3,4,3,3,6,2,24,-10.0,14.0,Broken,Avoid/exit,14,0.0,-4.2,-4.1,17.4,0,,Healthcare,997212928.0,744.51
SVMB,SavMobi Technology Inc.,1.0,3,7,3,4,3,2,2,24,-10.0,14.0,Broken,Avoid/exit,12,0.0,0.0,-8.7,35.5,0,,Technology,666378496.0,66.72
DDCCF,DIC Asset AG,1.18,8,11,2,8,4,2,2,37,-23.0,14.0,Broken,Avoid/exit,17,22.9,12.4,1.8,46.5,4,,Real Estate,105710368.0,1093.0
CLWT,Euro Tech Holdings Company Ltd,1.65,19,4,1,4,5,3,5,41,-25.0,14.0,Broken,Avoid/exit,45,37.5,28.9,14.9,60.4,2,,Industrials,8597298.0,30580.46
GDTC,CytoMed Therapeutics Limited Ordinary Shares,0.99,6,7,1,8,3,0,2,27,-13.0,14.0,Broken,Avoid/exit,22,-10.8,-12.9,-9.2,41.2,1,,Healthcare,13962745.0,221831.05
BZFD,BuzzFeed Inc,1.45,15,8,3,2,3,4,2,37,-23.0,14.0,Broken,Avoid/exit,52,-3.3,8.2,0.8,52.2,2,,Communication Services,115158496.0,1261153.4
PAFRF,Pan African Resources PLC,1.61,4,8,3,2,3,2,2,24,-10.0,14.0,Broken,Avoid/exit,39,0.0,10.3,-2.2,35.5,2,,Basic Materials,2959877632.0,594.9
RKTO,RKTO,1.01,7,4,1,3,4,0,5,24,-10.0,14.0,Broken,Avoid/exit,47,-13.7,-21.1,-13.5,45.9,0,,nan,39406772.0,3183556.8
BTBT,Bit Digital Inc,1.93,14,7,1,7,3,2,3,37,-23.0,14.0,Broken,Avoid/exit,42,-5.4,9.7,-0.8,50.6,2,,Financial Services,646002304.0,28794727.7
MAXXF,Max Power Mining Corp.,1.51,10,10,1,3,5,0,2,31,-15.0,14.0,Broken,Avoid/exit,53,-3.2,-8.5,-6.2,45.7,1,,Basic Materials,268488800.0,171910.62
ONTTF,Oxford Nanopore Technologies Limited,1.54,1,6,1,9,0,0,2,19,-5.0,14.0,Broken,Avoid/exit,33,-3.1,-10.5,-5.8,43.7,1,,Healthcare,1897150336.0,26810.18
FATE,Fate Therapeutics Inc,2.06,9,11,0,2,5,4,3,34,-20.0,14.0,Broken,Avoid/exit,60,8.4,8.4,-0.7,50.3,2,,Healthcare,257595808.0,2143410.15
JBFCF,Jollibee Foods Corporation,2.12,3,7,3,6,2,0,2,23,-10.0,14.0,Broken,Avoid/exit,13,-9.0,-2.8,-5.6,38.4,1,,Consumer Cyclical,2555197440.0,4858.09
MDEVY,Melco International Development Limited,2.22,6,5,0,4,3,2,4,24,-10.0,14.0,Broken,Avoid/exit,21,-0.4,-0.4,-3.3,46.3,0,,Consumer Cyclical,1014156096.0,212.25
WEWA,Wewards Inc,2.0,5,3,4,5,3,2,4,26,-15.0,14.0,Broken,Avoid/exit,17,0.0,0.0,-0.0,0.0,1,,Technology,214966896.0,6.0
ABOS,Acumen Pharmaceuticals Inc,2.31,7,9,6,2,0,4,3,31,-17.0,14.0,Broken,Avoid/exit,40,0.9,5.5,-1.4,46.9,2,,Healthcare,165401168.0,469703.54
ORXOY,Orexo AB ADR,2.0,5,6,5,8,3,3,4,34,-20.0,14.0,Broken,Avoid/exit,29,11.1,11.1,1.3,48.9,3,,Healthcare,71834832.0,21.54
LPIX,LPIX,2.094,5,6,2,4,2,7,3,29,-15.0,14.0,Broken,Avoid/exit,42,-0.3,-3.7,-5.8,18.9,1,,Industrials,43522868.0,48.79
DHF,BNY Mellon High Yield Strategies Fund,2.39,2,5,4,1,3,5,4,24,-10.0,14.0,Broken,Avoid/exit,22,-0.8,-0.8,-0.8,40.2,0,,Financial Services,191221200.0,382369.51
GRCE,"Grace Therapeutics, Inc.",2.33,4,13,3,2,2,5,4,33,-19.0,14.0,Broken,Avoid/exit,20,5.0,0.0,-0.5,46.9,2,,Healthcare,37911368.0,311958.64
PLUR,Pluri Inc.,2.12,3,12,2,0,4,4,2,27,-13.0,14.0,Broken,Avoid/exit,13,-5.8,-10.9,-8.7,32.8,2,,Healthcare,25679120.0,18774.67
AYTU,Aytu BioScience Inc,2.19,7,7,4,3,0,1,4,26,-15.0,14.0,Broken,Avoid/exit,27,5.3,-4.8,-1.3,46.9,1,,Healthcare,24149718.0,104852.28
PAHGF,Pets at Home Group Plc,2.25,0,4,5,0,3,4,5,21,-10.0,14.0,Broken,Avoid/exit,18,-13.5,-16.7,-10.0,43.4,0,,Consumer Cyclical,1194160128.0,0.0
BMNM,Bimini Capital Management Inc,2.4,2,5,6,4,0,5,2,24,-10.0,14.0,Broken,Avoid/exit,26,-2.8,-5.9,-5.8,33.8,0,,Financial Services,25258964.0,3736.1
DDD,3D Systems Corporation,3.01,10,8,0,3,3,2,2,28,-14.0,14.0,Broken,Avoid/exit,55,-5.6,2.0,-4.5,47.7,0,,Technology,451127456.0,3922517.08
ONL,Orion Office Reit Inc,2.76,6,5,6,3,3,7,2,32,-18.0,14.0,Broken,Avoid/exit,45,-2.1,-2.8,-2.9,43.3,1,,Real Estate,166227952.0,286707.83
DAVA,Endava Ltd,2.7,3,12,3,1,4,2,2,27,-13.0,14.0,Broken,Avoid/exit,16,-6.9,-5.6,-8.8,34.7,2,,Technology,152187024.0,797885.27
VFS,VinFast Auto Ltd. Ordinary Shares,3.13,5,11,3,0,4,4,2,29,-15.0,14.0,Broken,Avoid/exit,25,1.0,3.0,-3.7,36.0,2,,Consumer Cyclical,7907632128.0,566964.38
HLTRF,HLS Therapeutics Inc,3.16,4,4,3,6,6,3,3,29,-15.0,14.0,Broken,Avoid/exit,25,0.0,0.3,-0.8,25.7,1,,Healthcare,98516040.0,95.4
RAY,Raytech Holding Limited Ordinary Shares,2.86,6,7,2,3,4,0,2,24,-10.0,14.0,Broken,Avoid/exit,36,-7.7,-7.7,-8.3,40.7,0,,Consumer Defensive,9790441.0,151732.9
HLDCY,Henderson Land Development,3.19,1,8,2,2,3,4,2,22,-8.0,14.0,Broken,Avoid/exit,18,-5.1,-7.3,-8.2,28.3,0,,Real Estate,17816303616.0,20024.02
LMPMY,Lee & Man Paper Manufacturing Ltd ADR,3.7,3,4,5,3,0,7,2,24,-10.0,14.0,Broken,Avoid/exit,31,0.0,0.0,-2.1,13.6,0,,Basic Materials,1692230016.0,0.0
TMCI,Treace Medical Concepts Inc,4.13,13,3,3,10,5,3,5,42,-28,14,Broken,Avoid/exit,54,0.2,10.7,10.2,61.2,3,,Healthcare,239381280.0,697161.4
NDRBF,NIBE Industrier AB (publ),3.56,0,3,7,5,3,4,2,24,-10.0,14.0,Broken,Avoid/exit,27,-7.8,-7.8,-7.1,25.4,0,,Industrials,8412598272.0,0.0
ACOPY,The A2 Milk Company Ltd,3.85,3,6,2,4,3,0,3,21,-10.0,14.0,Broken,Avoid/exit,14,0.0,0.5,-3.4,34.5,0,,Consumer Defensive,2771128064.0,808.3
NABL,N-Able Inc,3.25,3,14,2,1,3,2,2,27,-11.0,14.0,Broken,Avoid/exit,18,1.9,0.6,-4.3,41.8,2,,Technology,723372608.0,1193957.3
LDLQX,LORD ABBETT SHORT DURATION INCOME FUND CLASS R2,3.84,1,5,3,6,3,2,4,24,-10.0,14.0,Broken,Avoid/exit,22,-0.3,0.0,-0.1,38.1,0,,nan,0.0,0.0
LOLDX,Lord Abbett Short Duration Income Cl F3,3.84,2,5,2,6,3,2,4,24,-10.0,14.0,Broken,Avoid/exit,23,-0.3,0.0,-0.1,37.4,0,,nan,0.0,0.0
PODC,"Courtside Group, Inc. Common Stock",4.04,9,7,1,4,5,0,2,28,-15.0,14.0,Broken,Avoid/exit,49,-6.3,-4.9,-3.0,48.6,2,,Communication Services,117648488.0,100581.35
IDN,Intellicheck Mobilisa Inc,4.11,6,9,7,1,0,2,3,28,-14.0,14.0,Broken,Avoid/exit,15,-1.4,0.7,-5.8,34.4,1,,Technology,87890296.0,339113.44
GLBZ,Glen Burnie Bancorp,4.52,2,12,9,4,3,5,3,38,-24.0,14.0,Broken,Avoid/exit,37,-3.8,-3.6,-2.7,40.0,2,,Financial Services,13693370.0,6859.9
ELCPF,EDP - Energias de Portugal S.A,4.71,1,3,7,9,0,0,2,22,-8.0,14.0,Broken,Avoid/exit,28,-5.4,-6.0,-5.1,42.2,0,,Utilities,20090859520.0,0.0
BTE,Baytex Energy Corp,3.91,3,2,0,7,0,0,2,14,0.0,14.0,Broken,Avoid/exit,38,-7.3,-17.0,-12.4,29.1,1,,Energy,3674872064.0,21419828.72
DURYY,Duerr AG ADR,4.3,4,6,2,3,3,4,2,24,-10.0,14.0,Broken,Avoid/exit,25,0.0,0.0,-4.0,39.0,1,,Industrials,1647009536.0,0.0
ALKEF,Alkane Resources Limited,1.01,5,8,4,4,0,0,2,23,-10.0,13.0,Broken,Avoid/exit,33,-9.0,0.0,-5.4,42.1,0,,Basic Materials,1475501184.0,461508.66
SOS,SOS Limited,1.07,9,8,7,5,5,1,4,39,-26,13,Broken,Avoid/exit,39,8.1,11.5,2.8,53.1,4,,Financial Services,17302244.0,162399.27
GLNS,Golden Star Resource Corp ,1.0,10,6,6,6,3,1,4,36,-28.0,13.0,Broken,🔥 COILED: Avoid/exit,46,0.0,0.0,0.0,91.8,1,,Basic Materials,7070000.0,27.85
DBLXX,DBLXX,1.0,5,4,0,4,0,1,4,18,-8.0,13.0,Broken,Avoid/exit,28,-71.6,-71.5,-51.2,45.7,0,,nan,nan,0.0
SMRT,SmartRent Inc,1.12,4,14,2,0,4,2,2,28,-15.0,13.0,Broken,Avoid/exit,19,3.7,-0.9,-2.5,44.0,1,,Technology,237190816.0,1067639.58
SYNX,Silynxcom Ltd.,1.072,2,4,9,8,2,0,2,27,-14.0,13.0,Broken,Avoid/exit,33,-4.7,3.1,-6.0,41.0,1,,Technology,7629606.0,502883.84
YRD,Yirendai Ltd,1.13,3,10,3,0,3,2,2,23,-8.0,13.0,Broken,Avoid/exit,14,-6.6,-11.0,-12.6,29.1,0,,Financial Services,106735928.0,91973.83
HSDT,Helius Medical Technologies Inc Class A,1.51,5,11,3,0,2,0,2,23,-10.0,13.0,Broken,Avoid/exit,21,-7.4,2.0,-9.1,40.2,0,,Financial Services,70647880.0,650327.02
CABR,"Caring Brands, Inc. Common Stock",1.15,9,6,8,3,5,0,4,35,-25.0,13.0,Broken,Avoid/exit,47,-13.5,-4.2,-1.7,49.7,1,,Healthcare,10727977.0,143622.4
AERG,Applied Energetics,1.25,1,3,1,9,3,4,5,26,-13.0,13.0,Broken,Avoid/exit,33,-14.4,-12.8,-11.0,39.4,1,,Technology,369508000.0,119992.5
GZTGF,G City Ltd,1.03,1,3,3,5,3,6,2,23,-10.0,13.0,Broken,Avoid/exit,18,0.0,-31.3,-24.8,0.7,0,,Real Estate,257207856.0,503.43
SHWGY,Shandong Weigao Group Medical Polymer Co Ltd ADR,1.58,3,5,5,6,0,2,2,23,-10.0,13.0,Broken,Avoid/exit,7,-0.6,-7.1,-11.6,33.1,0,,Healthcare,1935832832.0,0.0
HERE,Here Group Limited,2.07,5,8,2,2,2,2,2,23,-10.0,13.0,Broken,Avoid/exit,15,-2.8,16.3,-5.6,41.5,2,,Consumer Cyclical,119102312.0,294601.91
PVL,Permianville Royalty Trust,1.79,1,9,4,0,2,5,2,23,-10.0,13.0,Broken,Avoid/exit,28,-0.6,-2.2,-2.8,37.0,0,,Energy,62040000.0,87141.65
EGHT,8x8 Inc Common Stock,1.72,1,8,2,2,4,2,2,21,-8.0,13.0,Broken,Avoid/exit,9,-5.0,-2.8,-8.6,38.6,0,,Technology,289439040.0,1212294.43
FRSX,Foresight Autonomous Holdings Ltd ADR,1.8,6,10,3,1,2,4,2,28,-13.0,13.0,Broken,Avoid/exit,36,14.6,7.8,1.5,49.3,2,,Consumer Cyclical,4505939.0,123691.54
HURA,TuHURA Biosciences Inc,2.52,16,8,4,5,3,2,5,43,-30,13,Broken,Avoid/exit,58,13.0,24.8,7.0,56.9,3,,Healthcare,135006960.0,862839.06
QUCY,Quantum Cyber N.V.,1.47,4,9,1,3,4,0,2,23,-13.0,13.0,Broken,Avoid/exit,0,-24.2,-27.9,-23.3,40.6,1,,Healthcare,56007444.0,0.0
VIVHY,Vivendi SA PK,2.4,3,3,3,3,3,5,2,22,-10.0,13.0,Broken,Avoid/exit,30,-2.0,-0.4,-2.8,40.8,0,,Communication Services,2500391680.0,82699.9
PLYX,"Polaryx Therapeutics, Inc. Common Stock",2.4,3,12,9,0,2,2,2,30,-17.0,13.0,Broken,Avoid/exit,0,4.8,5.3,-7.9,45.9,2,,Healthcare,119305104.0,0.0
TRNLY,Trendlines Group Ltd ADR,2.1,3,8,2,0,4,2,2,21,-8.0,13.0,Broken,Avoid/exit,43,10.5,-8.7,-1.5,43.2,1,,Financial Services,66952704.0,620.51
SQFT,Presidio Property Trust,2.7,6,15,7,5,2,4,2,41,-28,13,Broken,Avoid/exit,39,2.3,21.6,1.3,49.5,3,,Real Estate,3051160.0,411625.36
SBYSF,Sibanye Stillwater Limited,2.54,4,6,5,3,3,0,2,23,-10.0,13.0,Broken,Avoid/exit,28,-4.2,3.3,-5.1,36.5,1,,Basic Materials,8424691712.0,1340.05
INDP,Indaptus Therapeutics Inc,3.55,14,4,2,9,5,2,5,41,-28.0,13.0,Broken,Avoid/exit,45,-4.6,75.3,12.9,56.1,3,,Healthcare,537900992.0,644302.74
SBSYX,WESTERN ASSET SHORT-TERM BOND FUND CLASS I,3.66,1,5,2,6,3,2,4,23,-10.0,13.0,Broken,Avoid/exit,23,-0.3,0.0,-0.1,36.0,0,,nan,0.0,0.0
LWSTX,WESTERN ASSET SHORT-TERM BOND FUND CLASS IS,3.67,1,5,2,6,3,2,4,23,-10.0,13.0,Broken,Avoid/exit,23,-0.3,0.0,-0.1,33.8,0,,nan,0.0,0.0
LWARX,Western Asset Short-Term Bond Fund Cl R,3.66,1,5,2,6,3,2,4,23,-10.0,13.0,Broken,Avoid/exit,23,-0.3,0.0,-0.1,33.8,0,,nan,0.0,0.0
LAW,CS Disco LLC,3.54,1,11,4,0,4,6,2,28,-13.0,13.0,Broken,Avoid/exit,30,0.0,-0.6,-2.8,45.0,2,,Technology,251406880.0,297584.34
MASK,3 E Network Technology Group Ltd Class A Ordinary Shares,2.0,6,8,1,3,0,0,5,23,-10.0,13.0,Broken,Avoid/exit,39,-16.0,-33.6,-21.9,42.9,0,,Technology,4631380.0,2471308.6
LDLAX,LORD ABBETT SHORT DURATION INCOME FUND CLASS C,3.86,1,5,2,6,3,2,4,23,-10.0,13.0,Broken,Avoid/exit,22,-0.3,0.0,-0.1,37.4,0,,nan,0.0,0.0
TGMPF,Tantalus Systems Holding Inc.,3.63,3,9,2,4,5,3,2,28,-15.0,13.0,Broken,Avoid/exit,30,0.4,-5.0,-6.5,37.1,2,,Industrials,251017744.0,9970.33
MWUIX,METROPOLITAN WEST ULTRA SHORT BOND FUND CLASS I,4.17,1,5,2,6,3,2,4,23,-10.0,13.0,Broken,Avoid/exit,27,-0.2,0.0,-0.1,39.3,0,,nan,0.0,0.0
KLRS,"Kalaris Therapeutics, Inc.",4.4,6,11,5,0,2,2,2,28,-15.0,13.0,Broken,Avoid/exit,17,0.7,7.7,-3.8,42.5,1,,Healthcare,112299544.0,177736.32
PRDSF,Prada S.p.A,4.73,1,4,4,4,3,4,5,25,-10.0,13.0,Broken,Avoid/exit,31,-8.3,-2.7,-2.9,45.3,0,,Consumer Cyclical,12319345664.0,0.0
AHT-PD,Ashford Hospitality Trust Inc,5.75,11,12,2,9,5,1,5,45,-28,13,Broken,Avoid/exit,28,40.9,31.6,16.6,58.1,4,,Real Estate,107517424.0,4309.83
SCRPF,Sembcorp Industries Ltd,4.85,3,4,3,1,3,7,2,23,-10.0,13.0,Broken,Avoid/exit,24,0.0,0.0,-1.9,11.2,0,,Utilities,9256988672.0,324.88
NVNI,Nvni Group Limited Ordinary Shares,0.97,4,9,4,2,4,2,2,27,-13.0,12.0,Broken,Avoid/exit,28,0.6,-3.0,-3.7,43.8,2,,Technology,12276739.0,351166.8
JIMXX,JPMorgan Trust I - JPMorgan Prime Money Market Fund,1.0,2,2,3,6,3,2,4,22,-10.0,12.0,Broken,Avoid/exit,22,-0.0,-0.0,-0.0,38.8,0,,nan,nan,0.0
JPAXX,JPMorgan Trust I - JPMorgan Prime Money Market Fund,1.0,1,3,3,6,3,2,4,22,-10.0,12.0,Broken,Avoid/exit,19,-0.0,-0.0,-0.0,36.5,0,,nan,nan,0.0
WLTXX,WLTXX,1.0,3,6,0,4,0,2,4,19,-10.0,12.0,Broken,Avoid/exit,0,0.0,0.0,-49.4,45.5,0,,nan,nan,0.0
INO,Inovio Pharmaceuticals Inc,1.1,3,8,4,3,2,2,2,24,-15.0,12.0,Broken,Avoid/exit,17,-0.9,0.0,-4.0,40.6,1,,Healthcare,95436952.0,1799066.3
WVMDF,West Vault Mining Inc,1.02,0,2,2,8,0,0,2,14,-5.0,12.0,Broken,Avoid/exit,11,-16.1,-11.3,-11.0,32.7,1,,Basic Materials,70271440.0,12046.72
DSEAF,DSEAF,1.04,0,4,3,9,0,0,5,21,-9.0,12.0,Broken,Avoid/exit,0,-14.6,2.0,-9.8,45.1,1,,Basic Materials,70899632.0,0.0
AHG,Akso Health Group ADR,1.35,6,9,2,2,2,2,2,25,-13.0,12.0,Broken,Avoid/exit,18,11.6,-2.9,-4.5,40.2,1,,Healthcare,1311185792.0,52050.48
MSW,Ming Shing Group Holdings Limited Ordinary Shares,1.3,6,4,6,4,5,2,2,29,-15.0,12.0,Broken,Avoid/exit,25,-8.5,-1.5,-5.5,46.1,1,,Industrials,19332750.0,153046.09
AUUD,Auddia Inc,1.29,5,6,6,3,2,0,2,24,-15.0,12.0,Broken,Avoid/exit,12,-6.5,-0.8,-8.6,42.7,1,,Technology,7938794.0,1698631.48
KLTR,Kaltura Inc,1.35,3,8,4,3,7,0,2,27,-13.0,12.0,Broken,Avoid/exit,29,-6.9,-3.6,-4.5,42.7,1,,Technology,218043376.0,597583.47
AWRE,Aware Inc,1.38,11,6,3,4,5,0,5,34,-25.0,12.0,Broken,Avoid/exit,26,-2.8,2.2,-2.7,48.3,1,,Technology,31170350.0,40228.37
MGIH,Millennium Group International Holdings Limited Ordinary Shares,1.5,7,3,2,4,0,3,5,24,-15.0,12.0,Broken,Avoid/exit,40,-2.0,-11.2,-1.0,49.4,1,,Consumer Cyclical,15862500.0,508678.61
CARV,Carver Bancorp Inc,1.48,3,14,6,8,4,2,4,41,-29.0,12.0,Broken,Avoid/exit,33,2.0,9.6,-0.0,48.4,3,,Financial Services,7137585.0,43212.64
RPNMF,Rapala VMC Corporation,1.45,8,3,5,4,3,0,4,27,-15.0,12.0,Broken,Avoid/exit,25,0.0,0.0,-0.0,0.0,1,,Consumer Cyclical,55288268.0,45.0
PPCB,"Propanc Biopharma, Inc. Common Stock",1.49,12,12,0,3,4,0,2,33,-19.0,12.0,Broken,Avoid/exit,46,-22.8,8.0,-5.1,50.6,0,,Healthcare,3303638.0,70834.74
VGAS,Verde Clean Fuels Inc.,1.51,9,7,5,6,2,2,2,33,-21.0,12.0,Broken,Avoid/exit,28,2.7,-0.7,-2.2,45.5,1,,Utilities,67269928.0,22195.57
SHMDW,SCHMID Group N.V. Warrants,1.76,11,5,6,3,3,0,2,30,-18.0,12.0,Broken,Avoid/exit,35,-9.7,10.0,-5.3,45.8,1,,nan,nan,106002.24
NBP,NovaBridge Biosciences,1.6,3,10,4,0,4,2,2,25,-13.0,12.0,Broken,Avoid/exit,21,6.0,0.6,-2.7,41.6,2,,Healthcare,197758944.0,1036939.94
MTLRF,Metalore Resources Limited,1.67,3,4,2,5,3,3,2,22,-10.0,12.0,Broken,Avoid/exit,15,0.0,0.0,-1.2,0.1,0,,Energy,3195063.0,5.0
TCLHF,TCL Electronics Holdings Limited,1.74,3,7,2,5,3,0,2,22,-10.0,12.0,Broken,Avoid/exit,44,-5.9,0.0,-5.1,43.3,1,,Technology,5041635840.0,1827.02
KHDHF,KHD Humboldt Wedag International AG,1.85,1,3,7,5,0,3,3,22,-10.0,12.0,Broken,Avoid/exit,20,0.0,-2.6,-1.3,10.1,0,,Industrials,109531816.0,66.0
HOUR,Hour Loop Inc,1.87,8,6,2,4,0,4,2,26,-14.0,12.0,Broken,Avoid/exit,25,-3.6,6.2,-4.3,45.8,0,,Consumer Cyclical,67216504.0,1529140.2
ANRGF,Anaergia Inc,1.87,6,10,4,1,4,2,2,29,-13.0,12.0,Broken,Avoid/exit,41,5.1,-1.6,-3.9,41.5,0,,Industrials,349280480.0,13029.56
PSEC,Prospect Capital Corporation,2.22,4,6,3,4,2,2,3,24,-12.0,12.0,Broken,Avoid/exit,12,-1.3,0.5,-2.7,41.4,1,,Financial Services,1142297472.0,4463316.16
GMLPF,Golar LNG Partners LP Series A Pref,0.011,0,2,0,8,0,0,2,12,0.0,12.0,Broken,Avoid/exit,19,-99.4,-99.4,-99.4,20.0,0,,Energy,nan,18369.5
GAIA,Gaia Inc,2.36,3,6,6,5,2,2,4,28,-16.0,12.0,Broken,Avoid/exit,20,-0.4,-6.3,-2.9,44.9,1,,Communication Services,61260308.0,72062.56
AMBO,Ambow Education Holding Ltd,2.37,6,10,2,4,8,0,2,32,-18.0,12.0,Broken,Avoid/exit,38,-11.6,-0.6,-3.6,47.2,1,,Consumer Defensive,7179408.0,124148.93
NDBI,NUCLEAR DIAMOND BATTERIES INC.,1.99,5,13,3,0,4,0,4,29,-17.0,12.0,Broken,Avoid/exit,23,-0.5,-14.2,-14.3,40.9,0,,Industrials,nan,307.71
CRHKF,China Resources Beer Holdings Co Ltd,2.96,2,6,1,6,3,2,2,22,-10.0,12.0,Broken,Avoid/exit,9,0.0,0.0,-5.6,39.2,0,,Consumer Defensive,11386439680.0,31.16
GTM,ZoomInfo Technologies Inc.,2.83,6,12,2,0,3,2,2,27,-13.0,12.0,Broken,Avoid/exit,18,1.1,2.2,-8.6,35.8,1,,Technology,919520256.0,7744625.18
AKTAF,AKITA Drilling Ltd,2.41,3,8,0,1,4,4,2,22,-10.0,12.0,Broken,Avoid/exit,39,-8.4,-18.0,-13.0,25.2,0,,Energy,117181680.0,27885.22
CYCN,Cyclerion Therapeutics Inc,3.14,10,7,6,5,2,2,4,36,-24.0,12.0,Broken,Avoid/exit,44,-1.3,4.7,-0.3,50.8,1,,Healthcare,13250761.0,2123076.84
GNZUY,"Guangzhou Automobile Group Co., Ltd.",2.83,2,8,1,4,3,2,2,22,-10.0,12.0,Broken,Avoid/exit,8,0.0,-5.7,-9.0,40.3,1,,Consumer Cyclical,3059119616.0,9.31
CATX,Perspective Therapeutics Inc.,3.0,6,7,4,0,2,6,2,27,-15.0,12.0,Broken,Avoid/exit,25,2.4,0.0,-6.4,34.6,1,,Healthcare,406004480.0,2011609.04
CVOSF,Coveo Solutions Inc.,2.929,3,9,1,2,6,2,2,25,-13.0,12.0,Broken,Avoid/exit,21,-5.3,4.3,-2.4,47.1,1,,Technology,303520704.0,7068.85
NMTC,Neuroone Medical Technologies Corp,3.27,4,8,5,3,5,2,2,29,-17.0,12.0,Broken,Avoid/exit,41,0.6,-3.5,-5.1,41.5,2,,Healthcare,29997168.0,47801.07
MJWNY,Naked Wines plc,3.8,3,4,6,2,6,3,3,27,-15.0,12.0,Broken,Avoid/exit,30,0.0,0.0,-0.6,21.8,1,,Consumer Defensive,64449884.0,159.01
PPAAY,Perusahaan Gas Negara Persero Tbk PT ADR,4.1,1,3,4,6,3,3,2,22,-10.0,12.0,Broken,Avoid/exit,9,-2.8,-3.1,-9.7,20.8,0,,Utilities,2507887872.0,397.83
TARA,Protara Therapeutics Inc,4.03,5,12,4,0,2,2,2,27,-13.0,12.0,Broken,Avoid/exit,19,5.8,1.5,-3.7,42.4,2,,Healthcare,247860672.0,805431.92
UNIF,U & I Financial Corp,4.05,11,8,5,5,6,2,5,42,-30,12,Broken,Avoid/exit,46,6.6,15.7,3.4,56.2,3,,Financial Services,21906320.0,0.0
CHNR,China Natural Resources Inc,4.11,9,6,4,0,2,3,5,29,-15.0,12.0,Broken,Avoid/exit,40,4.3,-3.7,0.2,50.2,1,,Basic Materials,5867332.0,369536.62
AHT-P-G,Ashford Hospitality Trust Inc 7.375% Series G Cumulative Preferred Stock,4.76,11,8,4,5,2,2,3,35,-23.0,12.0,Broken,Avoid/exit,25,22.1,21.3,7.8,53.3,3,,Other,nan,4501.55
OPEN,Opendoor Technologies Inc,4.28,1,11,2,3,4,2,3,26,-15.0,12.0,Broken,Avoid/exit,27,-9.9,-1.4,-5.7,41.6,1,,Real Estate,4775446016.0,115557236.38
OPTH,Optimi Health Corp. Common Shares,4.01,13,6,0,3,3,4,2,31,-19.0,12.0,Broken,Avoid/exit,48,-4.3,-18.5,-6.7,49.9,1,,Healthcare,31926978.0,22551.52
TRLDX,T. ROWE PRICE LIMITED DURATION INFLATION FOCUSED BOND FUND INC. T. ROWE PRICE LIMITED DURATION INFLATION FOCUSED BOND FUND-I CLASS,4.7,2,3,2,6,3,2,4,22,-10.0,12.0,Broken,Avoid/exit,28,-0.6,-0.6,-0.4,28.6,0,,nan,0.0,0.0
API,Agora Inc,4.12,8,5,1,2,5,4,5,30,-18.0,12.0,Broken,Avoid/exit,47,-2.1,-9.3,-3.7,45.7,0,,Technology,406684448.0,437501.02
IVVD,Invivyd Inc.,0.934,6,12,3,1,4,2,2,30,-19.0,11.0,Broken,Avoid/exit,23,4.7,-5.7,-6.3,40.8,1,,Healthcare,324068224.0,5656500.35
REVFF,REVFF,0.923,10,7,4,3,3,4,5,36,-25.0,11.0,Broken,Avoid/exit,49,-11.4,3.7,-1.8,51.3,1,,Basic Materials,52208216.0,5609.28
DGNX,Diginex Limited Ordinary Shares,0.918,2,11,3,0,4,2,2,24,-11.0,11.0,Broken,Avoid/exit,28,-5.0,-10.9,-9.2,43.7,1,,Industrials,32011034.0,397721.5
JINXX,JPMorgan Trust I - JPMorgan Prime Money Market Fund,1.0,1,2,3,6,3,2,4,21,-10.0,11.0,Broken,Avoid/exit,20,-0.0,-0.0,-0.0,20.3,0,,nan,nan,0.0
MAVXX,Morgan Stanley Institutional Liquidity Funds - Prime Portfolio,1.0,1,3,2,6,3,2,4,21,-10.0,11.0,Broken,Avoid/exit,21,-0.0,-0.0,-0.0,28.6,0,,nan,nan,0.0
FAWXX,FAWXX,1.0,0,2,0,7,0,0,2,11,0.0,11.0,Broken,Avoid/exit,14,-58.5,-48.5,-49.3,24.9,0,,nan,nan,0.0
JDSPY,JD Sports Fashion PLC,1.06,7,10,9,6,6,4,3,45,-30,11,Broken,Avoid/exit,47,-8.0,-6.4,-2.3,48.0,0,,Consumer Cyclical,5406529536.0,20029.75
FAMI,Farmmi Inc,1.19,4,14,1,2,5,0,2,28,-15.0,11.0,Broken,Avoid/exit,20,-5.6,6.2,-2.5,47.9,1,,Consumer Defensive,17683468.0,102520.14
GASXF,Ngx Energy International Corp,1.05,3,4,5,5,0,0,2,19,-8.0,11.0,Broken,Avoid/exit,38,-5.4,-2.8,-6.1,40.2,0,,Energy,319228576.0,53151.3
SJ,Scienjoy Holding Corp,0.94,4,11,1,2,4,2,2,26,-13.0,11.0,Broken,Avoid/exit,36,14.1,-12.1,-5.0,43.8,2,,Communication Services,48407556.0,57403.47
CIIT,"Tianci International, Inc. Common Stock",0.692,4,7,0,8,0,6,2,27,-14.0,11.0,Broken,Avoid/exit,31,56.5,-42.3,-33.5,40.6,1,7,Industrials,4342688.0,278995.51
ZENA,ZenaTech Inc.,1.4,6,9,6,3,2,4,3,33,-22.0,11.0,Broken,Avoid/exit,14,0.0,-4.1,-5.4,42.5,1,,Technology,129730184.0,1761425.29
LNKS,Linkers Industries Limited Class A Ordinary Shares,2.21,18,5,2,4,5,2,5,41,-30,11,Broken,Avoid/exit,52,33.9,39.0,18.7,59.5,3,,Industrials,2458117.0,508866.53
PKCPY,AKR Corporindo Tbk PT ADR,1.63,1,4,1,7,3,3,2,21,-10.0,11.0,Broken,Avoid/exit,19,0.0,-20.1,-3.8,38.7,0,,Energy,1409743616.0,20.9
HMDCF,HUTCHMED (China) Limited,2.16,5,7,0,4,3,1,4,24,-13.0,11.0,Broken,Avoid/exit,15,0.0,0.0,-4.5,44.4,0,,Healthcare,1857063936.0,87.05
CMPX,Compass Therapeutics Inc.,2.02,3,10,3,3,0,7,2,28,-17.0,11.0,Broken,Avoid/exit,15,2.5,-1.9,-3.8,41.4,1,,Healthcare,383587296.0,3688054.58
TTEC,TTEC Holdings Inc,2.11,1,9,2,5,4,0,2,23,-13.0,11.0,Broken,Avoid/exit,14,-9.8,-3.7,-8.8,35.7,1,,Technology,111670984.0,427799.83
SINT,SINTX Technologies Inc,1.96,0,5,2,8,4,0,2,21,-8.0,11.0,Broken,Avoid/exit,12,-9.3,-8.8,-7.7,39.9,1,,Healthcare,13892758.0,308204.14
PNTOF,Pantoro Ltd,1.88,0,10,0,5,3,1,2,21,-10.0,11.0,Broken,Avoid/exit,14,1.6,1.6,-14.0,43.7,0,,Basic Materials,956829312.0,1150.19
ANIX,Anixa Biosciences Inc,2.74,13,8,2,6,3,2,4,38,-30.0,11.0,Broken,Avoid/exit,33,5.0,14.2,2.9,53.3,3,,Healthcare,87842984.0,195246.08
TDTH,Trident Digital Tech Holdings Ltd American Depository Shares,1.56,4,4,0,11,3,0,2,24,-13.0,11.0,Broken,Avoid/exit,50,-30.0,-31.6,-27.2,41.4,1,,Technology,15619416.0,50801.82
HLLY,Holley Inc,2.44,2,8,3,0,4,0,2,19,-8.0,11.0,Broken,Avoid/exit,15,-2.4,-6.9,-4.9,38.8,0,,Consumer Cyclical,315368992.0,903740.74
HLLY-WS,HLLY-WS,2.44,2,8,3,0,4,0,2,19,-8.0,11.0,Broken,Avoid/exit,15,-2.4,-6.9,-4.9,38.8,0,,nan,nan,903395.71
ALTI,Alvarium Tiedemann Holdings Inc.,3.18,8,14,4,3,3,4,5,41,-28.0,11.0,Broken,Avoid/exit,20,9.3,13.2,3.0,51.1,3,,Financial Services,468499104.0,146209.45
LHYFF,Lhyfe SA,2.86,10,6,0,3,3,0,4,26,-15.0,11.0,Broken,Avoid/exit,15,0.0,0.0,-0.4,31.9,1,,Basic Materials,137480576.0,12.5
WBX,Wallbox NV,3.79,15,5,2,5,3,6,5,41,-30,11,Broken,Avoid/exit,61,-4.1,35.4,15.9,62.3,4,,Technology,53515744.0,23635.06
FKWL,Franklin Wireless Corp,2.565,3,9,1,1,4,4,2,24,-13.0,11.0,Broken,Avoid/exit,12,-3.2,-7.7,-7.7,26.2,1,,Technology,33703040.0,16945.94
PRME,"Prime Medicine, Inc. Common Stock",3.12,10,8,4,0,0,3,5,30,-19.0,11.0,Broken,Avoid/exit,31,8.7,8.3,0.3,49.6,2,,Healthcare,567138816.0,3194878.31
YDES,YD Bio Ltd,2.63,3,11,2,2,4,0,2,24,-13.0,11.0,Broken,Avoid/exit,22,-1.1,-10.5,-17.6,34.4,1,,Healthcare,255701152.0,0.0
SGAMY,Sega Sammy Holdings Inc ADR,3.4,1,5,1,2,2,6,2,19,-8.0,11.0,Broken,Avoid/exit,14,1.2,-5.2,-3.5,41.5,1,,Communication Services,3040475648.0,7039.77
TULP,"Bloomia Holdings, Inc.",3.75,9,12,3,2,2,6,3,37,-26.0,11.0,Broken,Avoid/exit,24,2.7,-4.3,-0.8,48.5,2,,Communication Services,17515284.0,22280.72
FOSL,Fossil Group Inc,4.03,3,7,6,5,2,2,4,29,-18.0,11.0,Broken,Avoid/exit,41,-8.6,-3.6,-3.8,44.0,1,,Consumer Cyclical,240543520.0,809402.87
SILXF,Silex Systems Limited,3.74,0,9,2,8,6,0,2,27,-16.0,11.0,Broken,Avoid/exit,27,-5.3,-6.5,-6.5,41.1,1,,Technology,1164832128.0,21398.59
CMCM,Cheetah Mobile Inc,3.58,6,11,1,0,2,2,2,24,-13.0,11.0,Broken,Avoid/exit,12,5.0,-14.4,-9.3,32.1,2,,Communication Services,127879144.0,35326.88
IIXFF,iShares III Public Limited Company - iShares Global Government Bond UCITS ETF,4.658,3,1,7,6,0,4,4,25,-10.0,11.0,Broken,Avoid/exit,16,-0.4,-0.9,-0.5,31.3,0,,nan,nan,9487.05
SITC,Site Centers Corp,4.77,1,11,3,0,4,2,2,23,-10.0,11.0,Broken,Avoid/exit,21,-0.8,-5.7,-3.4,34.0,1,,Real Estate,262636736.0,1023297.68
ATXG,Addentax Group Corp,4.375,4,4,7,6,0,0,5,26,-15.0,11.0,Broken,Avoid/exit,39,-9.6,0.6,-6.3,45.1,1,,Industrials,3905115.0,66771.92
DTJXX,Dreyfus Treasury Securities Cash Management,1.0,2,6,0,5,0,0,2,15,-8.0,10.0,Broken,Avoid/exit,10,0.0,0.0,-54.2,42.8,0,,nan,nan,0.0
PIHG,Plural Industry Holding Group Co. Limited,1.05,3,4,3,3,3,7,2,25,-15.0,10.0,Broken,Avoid/exit,16,0.0,0.0,-10.8,0.9,1,,Financial Services,10786939.0,20.5
BYAH,"Park Ha Biological Technology Co., Ltd.",1.25,8,5,1,4,0,2,5,25,-15.0,10.0,Broken,Avoid/exit,39,-16.7,-19.9,-6.4,48.6,1,,Consumer Defensive,3958668.0,113702.41
ESLA,Estrella Immunopharma Inc.,0.98,1,9,7,0,2,2,2,23,-13.0,10.0,Broken,Avoid/exit,27,-2.0,-14.8,-8.0,37.5,1,,Healthcare,44755596.0,174228.43
BTBD,Bt Brands Inc,1.085,3,7,8,3,4,2,3,30,-18.0,10.0,Broken,Avoid/exit,25,-5.7,-7.3,-6.1,38.4,1,,Consumer Cyclical,7297974.0,972586.25
SLSN,"Solesence, Inc. Common Stock",1.105,1,3,2,7,3,4,2,22,-8.0,10.0,Broken,Avoid/exit,32,-18.8,-9.4,-12.8,42.4,0,,Consumer Defensive,88643720.0,38067.4
WIMI,WiMi Hologram Cloud Inc,1.52,0,7,7,0,2,2,2,20,-10.0,10.0,Broken,Avoid/exit,17,-7.9,-2.6,-5.5,39.6,0,,Communication Services,30703040.0,282400.13
BCG,"Binah Capital Group, Inc. Common Stock",1.53,4,6,8,0,2,2,2,24,-14.0,10.0,Broken,Avoid/exit,20,-4.4,-3.8,-4.7,39.8,1,,Financial Services,26391908.0,428824.2
PERF,Perfect Corp.,1.65,3,4,7,0,3,3,4,24,-14.0,10.0,Broken,Avoid/exit,41,-1.2,-2.4,-1.5,43.8,0,,Technology,170087280.0,147853.18
AAME,Atlantic American Corporation,1.7,5,9,3,1,0,0,2,20,-10.0,10.0,Broken,Avoid/exit,5,-6.1,-3.4,-9.6,35.0,0,,Financial Services,37938844.0,21469.34
PTCHF,PureTech Health plc,1.7,3,3,2,4,6,2,2,22,-15.0,10.0,Broken,Avoid/exit,43,0.0,-8.7,-2.6,36.4,1,,Healthcare,453244672.0,5435.5
DFLI,Dragonfly Energy Holdings Corp.,1.81,0,10,5,3,5,0,2,25,-15.0,10.0,Broken,Avoid/exit,35,-5.2,1.1,-5.0,43.5,1,,Industrials,25374374.0,1625763.33
CHRHF,Chervon Holdings Limited,1.925,1,7,0,5,3,2,2,20,-10.0,10.0,Broken,Avoid/exit,6,0.0,0.0,-5.7,38.9,0,,Industrials,1139650048.0,81.89
CGEN,Compugen,2.01,5,6,3,0,2,2,2,20,-10.0,10.0,Broken,Avoid/exit,36,-1.0,-0.5,-7.7,35.6,0,,Healthcare,209977904.0,421153.81
WAI,Top KingWin Ltd,1.95,5,3,2,7,5,0,5,27,-15.0,10.0,Broken,Avoid/exit,29,-12.9,-3.0,-4.7,45.9,1,,Financial Services,4690880.0,438766.67
RZLV,Rezolve AI Limited Ordinary Shares,2.62,10,12,6,5,4,0,5,42,-30,10,Broken,Avoid/exit,31,0.0,12.4,0.5,50.6,3,,Technology,1022992768.0,20376531.15
YQ,17 Education Technology Group Inc,2.08,1,6,4,6,4,0,2,23,-13.0,10.0,Broken,Avoid/exit,21,-13.3,-7.6,-9.4,38.0,1,,Consumer Defensive,22762750.0,19527.84
GARLF,Netcoins Holdings Inc,2.208,2,2,1,8,0,0,2,15,-5.0,10.0,Broken,Avoid/exit,34,-16.1,-6.1,-12.7,34.9,1,,Financial Services,206521760.0,38099.19
CLRB,Cellectar Biosciences Inc,2.49,7,9,3,0,2,2,2,25,-15.0,10.0,Broken,Avoid/exit,18,1.6,5.5,-4.4,43.9,1,,Healthcare,21977484.0,399070.67
MXEYX,Great-West Core Strategies: Inflation-Protected Securities Fund Investor Class,2.65,1,7,0,6,3,2,4,23,-13.0,10.0,Broken,Avoid/exit,15,-2.2,-1.9,-1.6,27.4,0,,nan,nan,0.0
MLYNF,Malayan Banking Berhad,2.74,1,1,3,6,3,2,4,20,-10.0,10.0,Broken,Avoid/exit,0,-0.4,-0.4,-0.3,11.5,0,,Financial Services,31942289408.0,0.0
EVO,Evotec SE ADR,2.69,1,12,2,0,6,0,2,23,-13.0,10.0,Broken,Avoid/exit,20,0.0,-2.2,-2.2,45.0,2,,Healthcare,1022906112.0,108848.66
YUGVF,YouGov plc,2.85,14,2,4,4,3,0,5,32,-18.0,10.0,Broken,Avoid/exit,33,-0.3,-0.3,1.6,55.1,0,,Industrials,335070208.0,0.0
CURI,Curiositystream Inc.,2.48,1,8,1,0,4,4,2,20,-10.0,10.0,Broken,Avoid/exit,14,-3.1,-12.1,-7.2,39.6,1,,Communication Services,191498944.0,570029.02
GNLX,Genelux Corporation Common Stock,2.85,3,5,9,5,3,2,2,29,-19.0,10.0,Broken,Avoid/exit,46,-5.9,-4.4,-2.8,46.0,1,,Healthcare,134521248.0,211479.1
BCTX,Briacell Therapeutics Corp,3.03,3,12,4,0,2,2,2,25,-13.0,10.0,Broken,Avoid/exit,24,7.1,-1.3,-2.4,43.2,2,,Healthcare,28361306.0,236289.14
SQZZF,Serica Energy plc,2.84,3,1,2,5,3,4,2,20,-10.0,10.0,Broken,Avoid/exit,38,0.0,-18.9,-7.4,27.8,1,,Energy,1562694656.0,1355.0
BDRX,Biodexa Pharmaceticals,2.61,0,5,5,6,5,2,2,25,-15.0,10.0,Broken,Avoid/exit,34,-12.4,-15.8,-15.3,34.1,1,,Healthcare,2678549.0,316967.57
XIACF,Xiaomi Corp,2.968,1,9,2,2,4,0,2,20,-8.0,10.0,Broken,Avoid/exit,5,-9.5,-13.7,-11.7,22.3,0,,Technology,90493812736.0,70174.48
CRRFY,Carrefour SA PK,3.64,2,6,1,6,0,0,2,17,-8.0,10.0,Broken,Avoid/exit,38,-4.7,-3.2,-2.6,43.6,0,,Consumer Defensive,12843181056.0,281093.57
SCRYY,SCOR PK,3.58,9,6,2,3,5,1,2,28,-18.0,10.0,Broken,Avoid/exit,40,-5.0,2.7,-1.9,46.9,0,,Financial Services,6306449920.0,13647.56
NIABY,NIBE Industrier AB (publ),3.65,3,4,5,0,3,3,2,20,-10.0,10.0,Broken,Avoid/exit,11,-2.5,-4.5,-5.8,33.4,0,,Industrials,7902980608.0,631.46
GUZOF,Grupo Herdez S.A.B. de C.V,2.94,1,3,3,2,3,6,2,20,-10.0,10.0,Broken,Avoid/exit,18,0.0,-13.7,-10.1,17.1,0,,Consumer Defensive,1222111104.0,0.0
CMND,Clearmind Medicine Inc. Common Shares,2.68,12,3,4,4,3,2,5,33,-23.0,10.0,Broken,Avoid/exit,41,-14.6,-20.9,-5.6,50.7,1,,Healthcare,2985766.0,649106.03
XHIOX,Western Asset High Income Opportunity Fund Inc,3.89,1,3,1,6,3,2,4,20,-10.0,10.0,Broken,Avoid/exit,20,-1.3,-0.8,-0.8,33.7,0,,Other,0.0,0.0
MXEGX,GREAT-WEST CORE STRATEGIES: INFLATION-PROTECTED SECURITIES FUND INSTITUTIONAL CLASS,3.75,1,7,0,6,3,2,4,23,-13.0,10.0,Broken,Avoid/exit,18,-1.8,-1.6,-1.4,26.8,0,,nan,nan,0.0
DNGFF,Dongfang Electric Corporation Limited,3.225,1,8,1,1,3,2,2,18,-8.0,10.0,Broken,Avoid/exit,35,4.9,-20.1,-12.9,18.8,0,,Industrials,13954483200.0,329.03
AHT-PH,Ashford Hospitality Trust Inc,4.5,8,6,3,12,2,2,2,35,-21.0,10.0,Broken,Avoid/exit,29,12.5,13.1,1.0,47.6,3,,Real Estate,102473640.0,5197.2
BWTL,Bowlin Travel Centers Inc,3.39,1,3,0,5,3,6,2,20,-10.0,10.0,Broken,Avoid/exit,15,0.0,-15.2,-6.5,0.4,0,,Consumer Cyclical,15188172.0,113.01
AMPY,Amplify Energy Corp,3.97,1,9,3,1,2,2,2,20,-10.0,10.0,Broken,Avoid/exit,17,-2.7,-10.2,-9.6,29.9,0,,Energy,191573696.0,971872.65
CHYCF,Chiyoda Corporation,4.15,3,2,2,5,3,3,2,20,-10.0,10.0,Broken,Avoid/exit,18,0.0,0.0,-7.8,1.0,0,,Industrials,1223250304.0,15.0
TZA,Direxion Daily Small Cap Bear 3X Shares,3.94,0,6,2,6,2,0,2,18,-8.0,10.0,Broken,Avoid/exit,12,-5.5,-13.2,-8.0,37.8,0,,nan,nan,115720857.82
TRPZX,T. Rowe Price Limited Duration Inflation Focused Bond Fund Z Class,4.68,2,3,0,6,3,2,4,20,-10.0,10.0,Broken,Avoid/exit,27,-0.6,-0.6,-0.4,34.8,0,,nan,nan,0.0
TRBFX,T. ROWE PRICE LIMITED DURATION INFLATION FOCUSED BOND FUND INC. T. ROWE PRICE LIMITED DURATION INFLATION FOCUSED BOND FUND INC.,4.74,2,3,0,6,3,2,4,20,-10.0,10.0,Broken,Avoid/exit,27,-0.6,-0.6,-0.4,34.8,0,,nan,0.0,0.0
CSJXX,CSJXX,1.0,5,4,0,4,0,2,4,19,-13.0,9.0,Broken,Avoid/exit,23,-71.8,-71.8,-51.5,45.7,0,,nan,nan,0.0
CGGGF,Coats Group plc,1.026,1,5,4,1,4,0,2,17,-8.0,9.0,Broken,Avoid/exit,18,-2.2,-7.5,-4.0,33.6,1,,Consumer Cyclical,2067511040.0,0.0
UBSFY,UbiSoft Entertainment Inc,1.07,2,4,2,8,3,2,2,23,-14.0,9.0,Broken,Avoid/exit,42,-2.7,-6.7,-4.7,44.0,1,,Communication Services,747698944.0,191873.9
ABSCF,AB Science S.A.,1.12,7,3,5,2,3,0,4,24,-15.0,9.0,Broken,Avoid/exit,13,0.0,0.0,-0.6,0.1,1,,Healthcare,78149384.0,86.38
VINO,Gaucho Group Holdings Inc,1.44,7,7,6,5,3,2,2,32,-23.0,9.0,Broken,Avoid/exit,41,30.9,-4.0,7.2,51.1,1,,Real Estate,1890232.0,0.0
PTOAF,Pieridae Energy Limited,1.11,4,2,2,9,0,4,3,24,-15.0,9.0,Broken,Avoid/exit,45,-12.6,-15.3,-8.2,39.2,1,,Energy,373996544.0,74887.88
FRSPF,First Phosphate Corp.,1.25,17,5,3,4,5,3,2,39,-30,9,Broken,Avoid/exit,59,-2.3,9.6,0.8,51.9,3,,Basic Materials,237531312.0,228658.93
RECT,Rectitude Holdings Ltd Ordinary Shares,1.24,3,10,3,0,4,0,2,22,-13.0,9.0,Broken,Avoid/exit,27,-4.6,4.2,-2.3,47.0,0,,Consumer Cyclical,19580800.0,781026.6
BON,Bon Natural Life Ltd,1.21,1,6,1,8,4,0,2,22,-13.0,9.0,Broken,Avoid/exit,29,-0.8,-8.2,-4.6,42.3,1,,Basic Materials,12906554.0,381787.36
CIMEF,CIMC Enric Holdings Limited,0.93,1,4,0,5,3,4,2,19,-10.0,9.0,Broken,Avoid/exit,26,0.0,-29.0,-16.3,36.3,0,,Energy,2767987456.0,104.2
GWLLF,Great Wall Motor Co Ltd,1.25,2,3,9,3,0,1,3,21,-8.0,9.0,Broken,Avoid/exit,9,-6.0,-7.4,-6.4,20.9,0,,Consumer Cyclical,11552563200.0,1952.5
EUSHY,Eurocash SA PK,1.36,6,7,1,3,3,2,2,24,-15.0,9.0,Broken,Avoid/exit,14,0.0,0.0,-9.6,38.4,1,,Consumer Defensive,189262064.0,28.88
NNVC,NanoViricides Inc,1.36,3,12,0,2,7,0,2,26,-15.0,9.0,Broken,Avoid/exit,38,0.0,-2.9,-3.5,46.9,1,,Healthcare,34170500.0,460053.34
AMST,Amesite Operating Co,1.12,1,11,1,0,2,2,2,19,-13.0,9.0,Broken,Avoid/exit,23,-11.8,-13.2,-12.1,40.8,1,,Technology,8135649.0,1319291.31
MCHX,Marchex Inc,1.49,2,12,2,0,2,4,2,24,-13.0,9.0,Broken,Avoid/exit,28,-3.9,-1.3,-2.9,41.4,2,,Communication Services,69112368.0,22664.83
ELAB,"Elevai Labs, Inc. Common Stock",1.25,2,3,7,8,0,0,2,22,-13.0,9.0,Broken,Avoid/exit,17,-13.2,-11.3,-19.6,34.3,1,,Healthcare,8224189.0,2508753.5
GOTU,Gaotu Techedu Inc DRC,1.76,8,12,1,5,4,2,5,37,-26,9,Broken,Avoid/exit,25,12.8,23.9,5.8,55.5,4,,Consumer Defensive,400602304.0,518693.31
EMMS,Emmis Communications Corp,1.55,6,4,4,0,3,5,2,24,-15.0,9.0,Broken,Avoid/exit,28,0.0,0.0,-1.8,6.8,1,,Communication Services,26798264.0,574.74
BNKK,"Bonk, Inc.",1.56,7,14,5,4,4,2,2,38,-30.0,9.0,Broken,Avoid/exit,19,17.3,11.4,-4.0,42.5,3,,Financial Services,13841626.0,676450.07
FENG,Phoenix New Media Limited,1.55,2,7,1,3,4,0,2,19,-8.0,9.0,Broken,Avoid/exit,17,-0.6,-4.9,-4.3,38.9,0,,Communication Services,19457458.0,7743.31
TOPP,Toppoint Holdings Inc.,1.23,8,4,1,4,2,2,5,26,-15.0,9.0,Broken,Avoid/exit,40,-1.6,-8.9,-9.3,47.5,1,,Industrials,42158004.0,128013.03
CTARF,Centaurus Energy Inc,1.4,2,4,0,6,3,2,2,19,-10.0,9.0,Broken,Avoid/exit,28,0.0,0.0,-8.4,42.1,0,,Energy,2619260.0,429.51
PSGTY,Semen Indonesia Persero Tbk PT,1.76,3,3,5,2,3,1,2,19,-10.0,9.0,Broken,Avoid/exit,0,-5.9,-5.9,-9.7,9.2,0,,Basic Materials,629773376.0,0.0
ABTS,Abits Group Inc.,1.21,4,6,2,3,4,0,5,24,-13.0,9.0,Broken,Avoid/exit,31,6.1,-8.3,-6.6,47.2,1,,Financial Services,6100580.0,992291.53
USNZY,Usinas Siderurgicas de Minas Gerais,1.714,5,3,0,6,5,2,3,24,-13.0,9.0,Broken,Avoid/exit,54,-12.0,-17.6,-10.7,40.1,1,,Basic Materials,2745002240.0,122408.4
CMPRF,Gentera S.A.B. de C.V,2.08,1,3,2,4,3,4,2,19,-10.0,9.0,Broken,Avoid/exit,0,0.0,-10.7,-6.7,6.0,0,,Financial Services,4216568576.0,0.0
BNNLF,Bannerman Resources Ltd,2.37,6,8,7,0,4,2,2,29,-18.0,9.0,Broken,Avoid/exit,28,-1.2,3.0,-4.4,42.2,1,,Energy,544259072.0,56075.31
ITRG,Integra Resources Corp,2.39,4,7,5,0,0,0,3,19,-10.0,9.0,Broken,Avoid/exit,13,-14.9,2.1,-6.9,41.4,0,,Basic Materials,525854304.0,2500456.33
ACIU,AC Immune Ltd,2.54,7,14,5,3,4,2,2,37,-28.0,9.0,Broken,Avoid/exit,27,7.2,12.4,3.1,51.5,3,,Healthcare,228990544.0,407781.93
ORXGF,Orca Energy Group Inc,1.98,1,8,4,1,3,2,2,21,-8.0,9.0,Broken,Avoid/exit,8,-2.0,-5.7,-9.5,27.1,1,,Energy,48315192.0,0.0
TLF,Tandy Leather Factory Inc,2.31,4,7,8,1,3,7,3,33,-24.0,9.0,Broken,Avoid/exit,22,0.9,-0.4,-1.0,45.2,1,,Consumer Cyclical,19463130.0,31839.18
BZQIF,Bezeq The Israel Telecommunication Corp. Ltd,2.44,0,1,2,5,6,3,2,19,-10.0,9.0,Broken,Avoid/exit,0,-5.1,-9.6,-5.5,28.4,0,,Communication Services,7347604480.0,0.0
TRDTF,Trident Resources Corp.,2.664,9,4,6,3,3,0,2,27,-18.0,9.0,Broken,Avoid/exit,40,-6.9,7.0,-5.0,45.6,0,,Basic Materials,116194256.0,26206.77
SRTS,Sensus Healthcare Inc,3.03,3,14,7,3,3,2,2,34,-26,9,Broken,Avoid/exit,18,11.8,12.2,4.4,51.7,4,,Healthcare,44447560.0,90119.71
CMRC,"Commerce.com, Inc.",2.79,1,11,2,0,5,2,3,24,-13.0,9.0,Broken,Avoid/exit,33,-0.7,4.9,-0.1,48.9,2,,Technology,236810112.0,866926.84
XCUR,Exicure Inc,2.69,6,12,1,3,2,2,4,30,-21.0,9.0,Broken,Avoid/exit,26,24.0,-5.6,-2.5,45.6,2,,Healthcare,18866854.0,231096.98
GOAI,Eva Live Inc. Common Stock,2.57,7,7,2,0,2,4,2,24,-15.0,9.0,Broken,Avoid/exit,22,-1.9,1.6,-10.2,40.9,1,,Technology,111798288.0,128843.53
OCCI,OFS Credit Company Inc,2.55,1,7,1,0,4,4,2,19,-8.0,9.0,Broken,Avoid/exit,19,-4.9,-19.6,-12.0,26.6,2,,Financial Services,94681680.0,320869.39
CDTG,CDT Environmental Technology Investment Holdings Limited ordinary shares,1.845,10,6,1,0,0,0,5,22,-13.0,9.0,Broken,Avoid/exit,43,-5.4,-47.0,-21.1,46.9,1,,Industrials,10362030.0,37351.22
XBIO,Xenetic Biosciences Inc,2.9,1,5,3,5,6,0,2,22,-13.0,9.0,Broken,Avoid/exit,43,-5.2,-5.9,-4.6,43.3,2,,Healthcare,7858322.0,281169.78
CRE,Cre8 Enterprise Limited Class A Ordinary Shares,3.22,13,5,1,4,2,3,5,33,-24.0,9.0,Broken,Avoid/exit,46,-1.5,36.4,-0.7,51.3,2,,Industrials,6303773.0,322380.25
SQNS,Sequans Communications SA,3.07,1,11,1,0,7,0,2,22,-11.0,9.0,Broken,Avoid/exit,36,-4.1,-6.7,-8.3,40.9,1,,Technology,52122276.0,259505.05
KRKR,36Kr Holdings Inc,2.925,2,10,1,0,4,0,2,19,-8.0,9.0,Broken,Avoid/exit,19,-3.1,-15.2,-8.1,38.6,1,,Communication Services,6592525.0,59965.65
TLS,Telos Corp,4.34,2,13,1,4,4,0,2,26,-15.0,9.0,Broken,Avoid/exit,37,-4.2,-1.6,-2.8,46.2,1,,Technology,306758624.0,896404.76
CAMP,CAMP4 THERAPEUTICS CORPORATION,4.03,5,6,8,3,0,2,4,28,-19.0,9.0,Broken,Avoid/exit,41,-2.4,0.5,-3.8,45.4,1,,Healthcare,216530592.0,365387.26
DIBS,1Stdibs.Com Inc,4.46,9,14,3,2,4,2,3,37,-28,9,Broken,Avoid/exit,32,10.7,10.9,3.6,53.5,4,,Communication Services,149460752.0,206553.91
XHGIX,Western Assets High Income Fund II,4.12,1,3,1,6,3,1,4,19,-10.0,9.0,Broken,Avoid/exit,23,-1.7,-0.7,-0.9,36.2,0,,Other,0.0,0.0
OPEG,Leverage Shares 2X Long OPEN Daily ETF,3.82,1,11,1,0,4,0,2,19,-10.0,9.0,Broken,Avoid/exit,0,-19.0,-4.5,-13.4,40.3,0,,nan,nan,0.0
HLFFF,HelloFresh SE,4.5,1,4,6,3,5,0,2,21,-15.0,9.0,Broken,Avoid/exit,21,-4.7,0.4,-2.6,40.6,1,,Consumer Cyclical,709572992.0,1407.88
RADX,Radiopharm Theranostics Limited American Depositary Shares,4.14,3,5,2,9,0,2,2,23,-14.0,9.0,Broken,Avoid/exit,18,-6.1,-2.6,-5.7,39.9,1,,Healthcare,35395408.0,286598.02
WGRX,"Wellgistics Health, Inc. Common Stock",2.82,12,3,4,6,3,2,2,32,-23.0,9.0,Broken,Avoid/exit,49,-23.6,-22.3,-9.4,49.6,1,,Healthcare,11033935.0,340484.16
TGL,Treasure Global Inc.,3.95,6,2,6,0,3,4,3,24,-15.0,9.0,Broken,Avoid/exit,22,-7.1,-2.7,-6.5,43.8,1,,Technology,7172103.0,378372.39
GSNR,Grayscale Near Trust,4.15,8,3,0,5,3,2,2,23,-14.0,9.0,Broken,Avoid/exit,50,-17.5,-15.1,-12.3,45.7,0,,nan,nan,0.0
ADBG,Leverage Shares 2X Long ADBE Daily ETF,2.77,1,8,0,0,2,6,2,19,-8.0,9.0,Broken,Avoid/exit,22,-10.4,-32.9,-22.4,29.8,1,,nan,nan,1850331.11
RXST,Rxsight Inc,5.31,9,14,6,2,4,2,2,39,-28.0,9.0,Broken,Avoid/exit,23,13.5,8.1,3.6,50.7,3,,Healthcare,211122704.0,853716.75
DOYU,DouYu International Holdings,4.53,1,8,1,5,4,0,2,21,-10.0,9.0,Broken,Avoid/exit,24,-0.2,-7.7,-5.1,40.2,0,,Communication Services,154515760.0,43752.85
AZI,Autozi Internet Technology (Global) Ltd. Class A Ordinary Shares,1.14,7,5,1,4,2,2,2,23,-15.0,8.0,Broken,Avoid/exit,22,-36.7,-38.4,-19.6,43.3,1,,Consumer Cyclical,3280622.0,512297.58
EJPXX,JPMorgan Trust I - JPMorgan Prime Money Market Fund,1.0,1,2,3,6,0,2,4,18,-10.0,8.0,Broken,Avoid/exit,21,-0.0,-0.0,-0.0,29.5,0,,nan,nan,0.0
PMVP,Pmv Pharmaceuticals Inc,1.18,7,12,4,6,2,2,3,36,-28,8,Broken,Avoid/exit,29,9.3,12.4,1.8,49.9,4,,Healthcare,63464808.0,711521.19
KMFG,KMFG,0.935,3,1,2,5,3,2,2,18,-10.0,8.0,Broken,Avoid/exit,29,0.0,-15.0,-7.3,2.2,0,,Consumer Cyclical,60500000.0,227.25
BATL,Battalion Oil Corp,1.16,6,5,5,3,0,2,2,23,-15.0,8.0,Broken,Avoid/exit,14,-7.2,-11.5,-23.8,36.0,1,,Energy,30826386.0,6829484.69
KRNGF,Karoon Energy Ltd,1.02,1,4,2,1,4,2,2,16,-8.0,8.0,Broken,Avoid/exit,21,-19.0,-27.1,-18.5,20.5,1,,Energy,1030740288.0,0.0
LOCL,Local Bounti Corp,1.29,1,9,3,0,2,6,2,23,-13.0,8.0,Broken,Avoid/exit,20,1.6,-3.0,-9.6,37.6,2,,Consumer Defensive,33738480.0,462958.35
FILG,Grayscale Filecoin Trust (Fil),1.35,2,11,0,2,4,0,2,21,-13.0,8.0,Broken,Avoid/exit,25,-15.6,-1.0,-10.7,41.2,0,,nan,nan,22704.44
AUSDF,Perenti Global Limited,1.4,2,1,8,5,0,2,2,20,-8.0,8.0,Broken,Avoid/exit,0,-12.5,-12.5,-11.1,25.3,0,,Basic Materials,1498195328.0,0.0
BCHG,Grayscale Bitcoin Cash Trust,1.34,3,10,1,0,0,0,2,16,-8.0,8.0,Broken,Avoid/exit,5,-16.4,-11.8,-23.5,20.1,0,,nan,102952944.0,155052.21
VNRX,Volitionrx Ltd,1.23,3,9,1,3,5,0,2,23,-15.0,8.0,Broken,Avoid/exit,37,-12.1,-9.6,-24.3,35.2,1,,Healthcare,17254382.0,260063.39
CMMB,Chemomab Therapeutics Ltd DRC,1.55,1,9,3,2,4,0,2,21,-11.0,8.0,Broken,Avoid/exit,25,-5.5,-10.4,-6.3,42.3,1,,Healthcare,12960680.0,104133.98
ALLO,Allogene Therapeutics Inc,2.05,10,8,7,4,2,2,3,36,-28,8,Broken,Avoid/exit,40,7.9,12.6,2.1,51.3,3,,Healthcare,704115264.0,5714159.31
POLA,Polar Power Inc,1.8,3,5,4,0,2,2,2,18,-13.0,8.0,Broken,Avoid/exit,36,1.7,2.3,-1.7,47.4,2,,Industrials,6843499.0,1054121.27
KUST,"Kustom Entertainment, Inc.",1.42,1,10,2,0,4,2,2,21,-13.0,8.0,Broken,Avoid/exit,20,-6.0,-13.9,-24.9,29.3,1,,Communication Services,1134616.0,204444.64
TUYA,Tuya Inc ADR,1.78,1,5,0,8,0,0,2,16,-8.0,8.0,Broken,Avoid/exit,15,-7.8,-6.8,-9.8,32.7,0,,Technology,1232352384.0,1373194.97
FGROY,FirstGroup PLC ADR,2.04,3,6,1,0,3,3,2,18,-10.0,8.0,Broken,Avoid/exit,11,0.0,0.0,-2.5,29.9,0,,Industrials,1118846592.0,0.0
IDPUF,IDP Education Limited,2.03,6,4,1,0,3,2,2,18,-10.0,8.0,Broken,Avoid/exit,8,0.0,0.0,-4.5,0.0,0,,Consumer Defensive,565022528.0,35.37
OTH,Off The Hook YS Inc.,2.11,2,9,1,3,2,4,2,23,-13.0,8.0,Broken,Avoid/exit,25,-1.4,-8.3,-7.1,38.7,2,,Consumer Cyclical,64247460.0,0.0
LTGHY,Life Healthcare Group Holdings,2.41,2,7,3,0,2,2,2,18,-10.0,8.0,Broken,Avoid/exit,12,-4.4,0.8,-4.8,41.5,0,,Healthcare,883302784.0,85378.38
INNPF,InnoCan Pharma Corporation,2.1,3,3,4,6,3,2,2,23,-15.0,8.0,Broken,Avoid/exit,5,-12.5,-12.5,-16.8,2.1,1,,Consumer Defensive,11021992.0,199.38
GNCGF,Greencore Group plc,2.53,3,6,1,3,3,0,2,18,-10.0,8.0,Broken,Avoid/exit,8,-8.0,-5.2,-7.9,12.1,0,,Consumer Defensive,2116872448.0,272.63
GCTS,GCT Semiconductor Holding Inc,2.6,14,6,0,3,3,3,2,31,-23.0,8.0,Broken,Avoid/exit,51,-1.5,0.8,-5.0,48.7,1,,Technology,269183488.0,3001375.61
FLYX,"flyExclusive, Inc.",2.04,1,11,3,0,4,2,2,23,-15.0,8.0,Broken,Avoid/exit,21,0.0,-15.4,-8.6,40.8,1,,Industrials,245847808.0,983172.73
GLND,Greenland Energy Company Common Stock,2.7,7,8,6,0,0,3,2,26,-18.0,8.0,Broken,Avoid/exit,0,3.8,3.1,-7.2,45.8,0,,Energy,125942960.0,0.0
SRG,Seritage Growth Properties,2.6,3,4,5,2,5,5,3,27,-19.0,8.0,Broken,Avoid/exit,31,-4.4,-4.1,-1.6,47.2,1,,Real Estate,151513200.0,216943.86
NNBR,NN Inc,2.63,12,5,5,3,3,0,3,31,-23.0,8.0,Broken,Avoid/exit,56,-7.7,-7.7,-6.0,45.8,1,,Industrials,162014672.0,518625.71
KPGHF,Kelly Partners Group Holdings Limited,2.63,1,9,2,1,3,0,2,18,-8.0,8.0,Broken,Avoid/exit,17,-5.7,-10.4,-6.8,40.6,0,,Industrials,134466624.0,13980.22
PPBT,Purple Biotech,1.75,1,7,0,2,2,2,2,16,-8.0,8.0,Broken,Avoid/exit,28,6.7,-41.5,-24.1,29.8,1,,Healthcare,2880726.0,300890.06
SST,System1 Inc,2.38,1,4,3,9,0,2,2,21,-13.0,8.0,Broken,Avoid/exit,22,-23.7,-21.2,-19.7,35.8,1,,Industrials,31904936.0,1079758.78
FPAFY,First Pacific Company Ltd,3.14,0,9,3,1,0,0,2,15,-10.0,8.0,Broken,Avoid/exit,9,-3.7,-2.5,-4.2,36.6,0,,Consumer Defensive,2812999168.0,49515.26
ZURA,Zura Bio Limited Class A Ordinary Shares,4.26,9,7,6,3,2,4,5,36,-28,8,Broken,Avoid/exit,31,21.2,15.4,6.8,54.3,4,,Healthcare,366239552.0,975387.5
WTI,W&T Offshore Inc,3.13,3,2,1,6,0,4,2,18,-10.0,8.0,Broken,Avoid/exit,34,-2.8,-18.5,-14.2,37.7,1,,Energy,609988544.0,4266754.24
HIVE,HIVE Digital Technologies Ltd,4.14,16,7,2,3,3,2,5,38,-30,8,Broken,Avoid/exit,60,1.7,10.7,2.1,53.4,3,,Financial Services,1055014528.0,21716244.31
GXYEF,Galaxy Entertainment Group Ltd,3.81,1,9,1,4,2,2,2,21,-13.0,8.0,Broken,Avoid/exit,9,-1.3,-3.5,-5.5,44.4,0,,Consumer Cyclical,18436603904.0,0.0
PILBF,Pilbara Minerals Limited,3.835,3,6,1,12,6,0,2,30,-22.0,8.0,Broken,Avoid/exit,41,-10.4,-5.9,-8.7,39.8,1,,Basic Materials,14080234496.0,74206.48
BRETF,Brazilian Rare Earths Limited,3.5,3,1,6,3,6,2,2,23,-15.0,8.0,Broken,Avoid/exit,44,-8.0,-10.7,-9.8,29.6,1,,Basic Materials,1204661120.0,1088.03
ECC,Eagle Point Credit Company Inc.,3.65,1,6,2,0,3,4,2,18,-8.0,8.0,Broken,Avoid/exit,20,-2.1,-9.4,-4.8,33.3,2,,Financial Services,536767584.0,1768417.84
HAIVF,Haivision Systems Inc,3.206,1,8,1,0,4,2,2,18,-10.0,8.0,Broken,Avoid/exit,7,-2.3,-24.4,-13.7,29.4,0,,Technology,118791104.0,16897.61
GVH,Globavend Holdings Limited Ordinary Shares,3.7,4,3,5,3,3,0,2,20,-12.0,8.0,Broken,Avoid/exit,43,-7.5,-7.5,-9.7,42.5,0,,Industrials,9901926.0,786621.17
TELFY,"Telefónica, S.A.",4.16,1,5,2,6,0,4,2,20,-10.0,8.0,Broken,Avoid/exit,33,-5.7,-6.7,-5.0,33.3,2,,Communication Services,25539770368.0,794203.4
DFILF,Dairy Farm International Holdings Limited,3.65,1,4,3,3,3,2,2,18,-10.0,8.0,Broken,Avoid/exit,0,0.0,1.4,-6.3,33.8,0,,Consumer Defensive,6294475776.0,0.0
TBCRF,Timbercreek Financial Corp,4.625,2,4,3,0,3,3,3,18,-10.0,8.0,Broken,Avoid/exit,8,-2.2,-1.8,-1.6,33.2,0,,Financial Services,388940096.0,7879.73
VLVCY,Volvo Car AB (publ.),4.026,1,6,1,1,0,0,2,11,-6.0,8.0,Broken,Avoid/exit,26,-3.0,-10.5,-10.0,31.4,0,,Consumer Cyclical,7268880384.0,1075.26
BORR,Borr Drilling Ltd,4.37,1,10,2,0,3,2,2,20,-10.0,8.0,Broken,Avoid/exit,36,1.2,-4.2,-7.5,35.4,1,,Energy,1558867968.0,6344780.88
GRNT,Granite Ridge Resources Inc,4.46,0,5,4,3,0,4,2,18,-10.0,8.0,Broken,Avoid/exit,10,-4.9,-7.5,-7.8,33.2,1,,Energy,658160960.0,724184.79
ALGS,Aligos Therapeutics Inc,5.575,7,10,7,5,2,4,3,38,-28.0,8.0,Broken,Avoid/exit,24,11.7,8.5,2.3,50.8,3,,Healthcare,33045112.0,116212.25
GEOUF,Golden Energy Offshore Services AS,1.16,11,1,5,9,6,0,5,37,-30,7,Broken,Avoid/exit,38,-0.9,11.5,10.3,89.0,3,,Industrials,73410592.0,110.17
GNMLF,Genomma Lab Internacional S.A.B. de C.V,0.837,1,3,2,4,3,2,2,17,-10.0,7.0,Broken,Avoid/exit,0,-0.4,-22.5,-12.3,27.8,0,,Healthcare,1055972864.0,0.0
FTFT,Future Fintech Group Inc,0.677,4,7,0,0,4,0,2,17,-8.0,7.0,Broken,Avoid/exit,17,-14.3,-26.4,-25.5,28.5,0,,Technology,6282450.0,56459.87
LRHC,La Rosa Holdings Corp. Common Stock,1.01,2,5,8,3,2,2,2,24,-13.0,7.0,Broken,Avoid/exit,26,-12.2,-3.8,-12.8,41.4,1,,Real Estate,1270500.0,267070.71
CABPF,CAB Payments Holdings Limited,1.02,3,1,2,4,3,2,2,17,-10.0,7.0,Broken,Avoid/exit,47,0.0,-17.1,-7.7,2.2,0,,Financial Services,312251648.0,2180.25
CBUS,Cibus Global LLC,1.37,7,12,7,2,2,2,3,35,-28.0,7.0,Broken,Avoid/exit,20,4.6,11.4,2.4,50.4,3,,Healthcare,113363976.0,422369.85
LANV,Lanvin Group Holdings Limited,1.5,5,5,6,7,0,2,2,27,-20.0,7.0,Broken,Avoid/exit,36,0.7,15.4,-3.1,47.1,3,,Consumer Cyclical,213856976.0,52216.0
DWTX,"Dogwood Therapeutics, Inc.",1.51,4,11,6,0,2,0,2,25,-18.0,7.0,Broken,Avoid/exit,21,0.7,4.1,-4.0,43.0,0,,Healthcare,54143580.0,285429.12
MRNFF,Meren Energy Inc.,1.35,1,5,2,1,0,4,2,15,-8.0,7.0,Broken,Avoid/exit,26,-6.9,-12.1,-10.7,22.4,1,,Energy,1115590272.0,162410.28
MVO,MV Oil Trust,1.45,6,8,5,0,2,2,2,25,-18.0,7.0,Broken,Avoid/exit,20,0.0,-4.6,-10.7,35.6,0,,Energy,18515000.0,318048.9
BTOG,Bit Origin Ltd,1.77,8,7,6,0,0,0,5,26,-19.0,7.0,Broken,Avoid/exit,28,-14.5,4.7,-5.4,44.8,1,,Financial Services,2641120.0,232015.65
ACXP,Acurx Pharmaceuticals LLC,1.47,3,9,4,0,4,0,2,22,-13.0,7.0,Broken,Avoid/exit,22,-4.5,-8.7,-11.3,30.7,1,,Healthcare,7606996.0,1183585.4
MEOBF,Mesoblast Ltd,1.55,1,3,3,5,3,5,2,22,-15.0,7.0,Broken,Avoid/exit,33,0.0,0.0,-2.8,5.9,1,,Healthcare,2197803520.0,268.5
TIHRF,Tharisa plc,1.49,3,4,1,1,6,0,2,17,-10.0,7.0,Broken,Avoid/exit,18,-7.7,-3.9,-8.4,38.8,0,,Basic Materials,511634208.0,921.09
LICN,Lichen China Limited Class A Ordinary Shares,1.26,2,7,1,4,2,4,5,25,-18.0,7.0,Broken,Avoid/exit,7,-63.2,-29.6,-44.4,37.5,1,,Industrials,29915022.0,101320.06
LEDS,SemiLEDS Corporation,1.71,2,3,1,9,3,0,2,20,-13.0,7.0,Broken,Avoid/exit,29,-7.6,-9.0,-10.2,40.1,1,,Technology,16019847.0,33325.31
NGEN,NervGen Pharma Corp.,1.99,5,9,3,5,0,2,2,26,-19.0,7.0,Broken,Avoid/exit,10,-0.5,9.9,-9.4,37.1,2,,Healthcare,202847984.0,277220.52
NAMM,Namib Minerals Ordinary Shares,1.73,4,5,3,4,2,2,5,25,-18.0,7.0,Broken,Avoid/exit,28,-7.0,-10.4,-6.3,44.6,0,,Basic Materials,127489408.0,3602066.08
AIMD,Ainos Inc,1.8,7,6,2,2,0,0,2,19,-15.0,7.0,Broken,Avoid/exit,38,-4.3,-11.8,-7.5,45.3,1,,Technology,16422929.0,331164.47
JCTC,Jewett-Cameron Trading Company Ltd.,2.07,12,4,1,6,3,3,2,31,-24.0,7.0,Broken,Avoid/exit,41,-1.4,5.1,-0.6,50.2,1,,Basic Materials,7286633.0,21330.63
TROO,TROOPS Inc,2.59,8,11,1,4,3,6,2,35,-28,7,Broken,Avoid/exit,48,-3.0,11.6,-10.2,42.1,3,,Financial Services,290741216.0,296533.31
ADIL,Adial Pharmaceuticals Inc,2.48,13,5,2,4,3,2,5,34,-30,7,Broken,Avoid/exit,50,-2.4,16.4,1.1,53.1,3,,Healthcare,5187563.0,67253.46
VLVOF,Volvo Car AB (publ.),2.09,1,3,2,4,3,2,2,17,-10.0,7.0,Broken,Avoid/exit,17,-1.9,-9.6,-6.4,19.2,0,,Consumer Cyclical,7144846848.0,324.0
KRYXF,Koryx Copper Inc.,2.167,4,3,3,3,0,4,5,22,-15.0,7.0,Broken,Avoid/exit,35,-16.7,-3.8,-8.3,41.2,1,,Basic Materials,288461056.0,21037.52
CIK,Credit Suisse Asset Management IF,2.45,1,8,1,1,2,1,3,17,-10.0,7.0,Broken,Avoid/exit,12,-2.0,-1.2,-1.6,37.4,0,,Financial Services,156493600.0,473514.08
WBQNL,Woodbridge Liquidation Trust,2.23,4,3,2,0,3,2,3,17,-10.0,7.0,Broken,Avoid/exit,11,1.4,-5.1,-2.9,34.0,1,,Industrials,28773374.0,1717.89
NHTC,Natural Health Trend,1.74,1,7,0,0,3,4,2,17,-8.0,7.0,Broken,Avoid/exit,11,-14.3,-24.0,-19.6,24.8,1,,Consumer Cyclical,20501060.0,36708.31
BTGOF,BT Group plc,2.6,0,4,4,0,3,1,2,14,-10.0,7.0,Broken,Avoid/exit,22,-7.1,-2.3,-4.8,40.8,0,,Communication Services,26592358400.0,16959.32
INRLF,Valneva SE,2.5,2,1,7,3,3,3,3,22,-15.0,7.0,Broken,Avoid/exit,15,-3.1,-8.8,-4.1,29.2,1,,Healthcare,519632544.0,376.19
PHCI,Panamera Holdings Corporation,2.5,7,10,2,2,4,2,2,29,-22,7,Broken,Avoid/exit,19,66.7,-2.0,6.0,47.5,1,6,Basic Materials,191364928.0,179.8
SLCJY,SLC Agricola SA ADR,2.63,1,7,1,6,2,0,2,19,-8.0,7.0,Broken,Avoid/exit,8,-9.6,-8.7,-9.6,26.0,0,,Consumer Defensive,1539330432.0,12900.57
WEJTY,Webjet Limited,1.25,1,5,0,4,3,2,2,17,-10.0,7.0,Broken,Avoid/exit,3,0.0,-41.0,-36.6,29.1,0,,Consumer Cyclical,1103819776.0,65.25
AIV,Apartment Investment and Management Co,2.92,1,9,2,0,2,3,2,19,-12.0,7.0,Broken,Avoid/exit,17,0.3,0.0,-9.9,17.4,1,,Real Estate,440199904.0,2253138.87
CANF,Can Fite Biopharma Ltd ADR,2.99,10,7,5,0,2,2,2,28,-21.0,7.0,Broken,Avoid/exit,35,-0.3,2.7,-2.5,43.9,1,,Healthcare,6770448.0,523146.68
BNZI,Banzai International Inc,2.95,7,4,3,3,3,4,2,26,-19.0,7.0,Broken,Avoid/exit,35,-1.7,-5.1,-8.3,47.6,0,,Technology,4587603.0,102026.95
CNVCD,BioHarvest Sciences Inc.,3.26,6,11,2,0,2,2,2,25,-18.0,7.0,Broken,Avoid/exit,22,1.9,0.3,-5.5,36.7,0,,Consumer Defensive,nan,51388.4
RPAY,Repay Holdings Corp,3.26,1,11,2,0,6,2,2,24,-15.0,7.0,Broken,Avoid/exit,32,-0.6,-5.0,-4.3,42.9,1,,Technology,327683008.0,1245835.7
RENT,Rent the Runway Inc,3.21,2,8,3,0,2,2,2,19,-12.0,7.0,Broken,Avoid/exit,15,-7.5,-7.5,-9.3,36.3,0,,Consumer Cyclical,115644792.0,136338.36
AFCG,AFC Gamma Inc,3.15,5,3,3,3,5,4,2,25,-18.0,7.0,Broken,Avoid/exit,48,-7.1,-9.0,-5.7,40.4,1,,Financial Services,86115568.0,289167.35
VTSI,VirTra Inc,3.2,2,3,8,5,0,2,2,22,-15.0,7.0,Broken,Avoid/exit,9,-5.9,-3.6,-6.2,34.0,1,,Technology,38895684.0,53079.44
MIDSX,MIDAS FUND MIDAS FUND,3.15,4,5,0,6,0,0,2,17,-10.0,7.0,Broken,Avoid/exit,18,-13.5,-1.3,-9.2,36.8,0,,nan,0.0,0.0
TTDU,T-REX 2X Long TTD Daily Target ETF,2.605,1,6,2,0,2,4,2,17,-10.0,7.0,Broken,Avoid/exit,20,-13.5,-22.0,-20.0,33.1,0,,nan,nan,0.0
IPCEF,IPCEF,2.75,1,4,0,5,3,2,2,17,-10.0,7.0,Broken,Avoid/exit,14,-8.3,-24.7,-14.9,34.1,0,,nan,554134528.0,1569.29
ETCG,Grayscale Ethereum Classic Trust (Etc),3.87,0,6,3,6,0,0,2,17,-10.0,7.0,Broken,Avoid/exit,26,-4.2,-3.1,-4.9,39.0,0,,nan,nan,39694.59
ZDCAF,Zedcor Inc.,3.85,1,5,5,1,1,2,2,17,-10.0,7.0,Broken,Avoid/exit,11,4.1,-4.0,-4.2,39.7,0,,Industrials,456578560.0,23918.27
CDZI,Cadiz Inc,4.01,3,13,2,0,2,2,2,24,-17.0,7.0,Broken,Avoid/exit,25,6.1,-0.2,-3.3,43.8,1,,Utilities,383433472.0,844052.03
BCYC,Bicycle Therapeutics Ltd,3.96,1,6,4,4,2,3,2,22,-15.0,7.0,Broken,Avoid/exit,14,-1.5,-5.0,-5.2,34.4,1,,Healthcare,298093920.0,348070.03
AHT-PG,Ashford Hospitality Trust Inc,4.76,11,8,4,5,2,2,3,35,-28,7,Broken,Avoid/exit,25,22.1,21.3,7.8,53.3,4,,Real Estate,104801256.0,4294.9
LDDFF,Liberty Defense Holdings Ltd,4.11,5,4,7,3,0,6,5,30,-23.0,7.0,Broken,Avoid/exit,33,1.0,-3.3,-2.9,45.9,1,,Industrials,8175328.0,24123.49
HNSPF,Hansoh Pharmaceutical Group Company Limited,3.825,2,8,0,4,0,1,2,17,-10.0,7.0,Broken,Avoid/exit,21,0.0,0.0,-7.4,42.0,0,,Healthcare,27216607232.0,114.75
RGP,Resources Connection Inc,4.14,4,6,1,2,5,4,3,25,-18.0,7.0,Broken,Avoid/exit,31,-5.7,-11.7,-5.0,40.9,1,,Industrials,153280528.0,386519.93
FLTCF,Filtronic plc,4.08,2,3,0,3,2,2,2,14,-10.0,7.0,Broken,Avoid/exit,34,-16.4,-2.9,-14.0,42.5,0,,Technology,986883008.0,128382.61
DYLLF,Deep Yellow Ltd,1.05,5,12,4,1,3,0,2,27,-21.0,6.0,Broken,Avoid/exit,17,-0.9,7.8,-3.0,44.7,0,,Energy,1077965824.0,118186.18
ASCLF,Ascletis Pharma Inc,1.35,3,3,4,4,0,5,2,21,-15.0,6.0,Broken,Avoid/exit,14,0.0,0.0,-6.1,15.8,1,,Healthcare,1393108096.0,1193.72
PLBY,Plby Group Inc,1.4,4,5,5,6,0,4,5,29,-23.0,6.0,Broken,Avoid/exit,19,-7.3,4.5,-2.0,46.5,1,,Consumer Cyclical,153076528.0,838380.97
LU,Lufax Holding Ltd,1.28,1,10,0,0,4,4,2,21,-13.0,6.0,Broken,Avoid/exit,15,-5.9,-4.5,-10.2,23.9,1,,Financial Services,1343367808.0,1819336.85
SNES,SenesTech Inc,1.56,1,6,7,5,2,2,2,25,-19.0,6.0,Broken,Avoid/exit,26,-5.5,-9.8,-5.6,43.5,1,,Basic Materials,8114241.0,74311.56
EAPIF,Euroapi S.A,1.51,2,4,1,6,3,2,3,21,-15.0,6.0,Broken,Avoid/exit,30,0.0,-2.6,-2.1,45.0,1,,Healthcare,148133664.0,115.14
REBN,Reborn Coffee Inc,1.52,5,9,1,0,2,2,2,21,-15.0,6.0,Broken,Avoid/exit,18,-11.6,-4.4,-10.1,36.5,1,,Consumer Cyclical,14702084.0,72581.65
XJNGF,Xinjiang Goldwind Science & Technology Co. Ltd,1.27,1,2,2,5,0,4,2,16,-10.0,6.0,Broken,Avoid/exit,20,-5.9,-26.2,-21.1,29.1,0,,Industrials,7264916480.0,819.0
ESGH,ESG Inc.,1.79,3,4,6,0,3,3,2,21,-15.0,6.0,Broken,Avoid/exit,15,0.0,0.0,-3.6,16.8,1,,Consumer Defensive,27701088.0,1500.16
CRBU,Caribou Biosciences Inc,1.66,1,9,0,3,2,2,2,19,-13.0,6.0,Broken,Avoid/exit,38,-1.8,-9.8,-8.3,36.5,2,,Healthcare,198857072.0,1609609.3
ACDSF,Ascendas Real Estate Investment Trust,1.8,1,1,3,3,3,2,3,16,-10.0,6.0,Broken,Avoid/exit,20,-10.0,-10.0,-5.7,29.8,0,,Real Estate,9982722048.0,13083.79
GLGDF,GoGold Resources Inc.,2.134,5,4,3,3,3,4,2,24,-18.0,6.0,Broken,Avoid/exit,30,-11.1,-5.6,-8.0,42.0,0,,Basic Materials,1040282368.0,460124.94
DBLVF,Doubleview Gold Corp,1.77,3,7,3,1,2,2,3,21,-15.0,6.0,Broken,Avoid/exit,38,-9.5,-5.3,-8.8,41.3,1,,Basic Materials,460123616.0,165515.12
BRFH,Barfresh Food Group Inc,2.07,1,10,2,0,4,0,2,19,-13.0,6.0,Broken,Avoid/exit,15,-4.2,-4.2,-4.7,35.9,1,,Consumer Defensive,35838572.0,29036.0
CMTG,Claros Mortgage Trust Inc,2.42,5,5,3,4,3,4,5,29,-23.0,6.0,Broken,Avoid/exit,33,-13.6,-0.4,-3.0,47.6,1,,Real Estate,347041440.0,479796.79
BTCFF,Bitcoin Treasury Corporation,2.31,5,2,2,5,0,0,2,16,-10.0,6.0,Broken,Avoid/exit,14,-7.6,-5.3,-10.0,23.1,0,,nan,nan,3041.72
CPYYF,Centrica plc,2.33,1,3,4,0,3,3,2,16,-10.0,6.0,Broken,Avoid/exit,29,-0.9,-1.7,-4.2,24.8,1,,Utilities,11413060608.0,0.0
MIMI,Mint Incorporation Limited Class A Ordinary Shares,2.71,10,6,5,3,3,0,2,29,-23.0,6.0,Broken,Avoid/exit,43,0.0,-15.6,-4.2,49.4,1,,Industrials,8039137.0,526043.06
DNN,Denison Mines Corp,3.17,4,11,2,0,2,0,2,21,-15.0,6.0,Broken,Avoid/exit,30,-4.8,7.5,-2.9,44.7,1,,Energy,3086107904.0,53922061.51
CTMX,CytomX Therapeutics Inc,3.32,6,14,5,2,3,2,2,34,-28,6,Broken,Avoid/exit,27,13.3,11.4,3.4,50.3,4,,Healthcare,653108736.0,4400432.95
CURR,Currenc Group Inc. Ordinary Shares,2.81,2,6,5,3,0,0,2,18,-15.0,6.0,Broken,Avoid/exit,41,-6.6,-5.1,-8.2,41.8,1,,Technology,349196672.0,399245.46
BNDSF,Banco de Sabadell S.A,3.6,1,10,3,5,3,2,5,29,-23.0,6.0,Broken,Avoid/exit,33,8.6,-12.8,1.4,50.7,0,,Financial Services,16877633536.0,0.0
APLS,Apellis Pharmaceuticals Inc,3.506,3,9,4,4,0,3,5,28,-18.0,6.0,Broken,Avoid/exit,15,-0.5,-3.0,-32.6,37.2,1,,Healthcare,5252712960.0,3327978.91
PMNXF,Perseus Mining Limited,3.42,7,6,1,4,3,1,2,24,-18.0,6.0,Broken,Avoid/exit,19,-10.0,4.9,-5.4,45.0,0,,Basic Materials,5140293632.0,41886.56
TNYZF,Tiny Ltd.,3.32,0,6,4,6,3,0,2,21,-15.0,6.0,Broken,Avoid/exit,18,-6.3,-14.9,-6.9,36.6,1,,Financial Services,103117408.0,3930.65
EMPD,Empery Digital Inc.,3.43,2,7,2,4,0,4,2,21,-15.0,6.0,Broken,Avoid/exit,19,-13.8,0.9,-11.8,35.9,1,,Consumer Cyclical,101477504.0,822806.85
QH,Quhuo Limited American Depository Shares,6.26,17,3,2,5,3,3,5,38,-30,6,Broken,Avoid/exit,49,-33.8,83.0,-5.3,51.3,3,,Technology,12505394.0,2376158.69
GME-WT,GameStop Corp. WT EXP 103026,2.649,1,7,0,0,4,0,2,14,-8.0,6.0,Broken,Avoid/exit,20,-6.1,-20.0,-12.4,29.7,0,,nan,nan,0.0
IZEA,IZEA Inc,3.48,0,8,6,1,2,0,2,19,-13.0,6.0,Broken,Avoid/exit,27,-4.7,-4.1,-4.9,38.1,1,,Communication Services,66025336.0,104971.58
NTRB,Nutriband Inc,3.14,1,10,2,0,4,0,2,19,-13.0,6.0,Broken,Avoid/exit,22,-5.1,-11.0,-5.8,40.4,2,,Healthcare,43518420.0,25046.31
EFOI,Energy Focu,2.98,3,10,2,0,4,2,2,23,-15.0,6.0,Broken,Avoid/exit,37,6.8,-14.1,-9.4,40.5,1,,Consumer Cyclical,24011966.0,912369.84
CYGIY,CyberAgent Inc ADR,3.81,0,3,1,4,2,3,3,16,-10.0,6.0,Broken,Avoid/exit,23,-8.4,-8.7,-7.8,41.2,0,,Communication Services,3904662784.0,0.0
FRRPF,Fiera Capital Corporation,3.7,0,5,7,1,0,1,2,16,-10.0,6.0,Broken,Avoid/exit,11,-0.5,-5.6,-3.4,36.3,0,,Financial Services,415776096.0,0.0
LSE,"Leishen Energy Holding Co., Ltd. Ordinary Shares",3.9,4,6,1,3,0,0,2,16,-10.0,6.0,Broken,Avoid/exit,18,-8.2,1.0,-6.6,42.6,0,,Energy,54480000.0,11566.9
BIRD,Allbirds Inc,4.87,14,7,3,4,2,1,5,36,-30,6,Broken,Avoid/exit,34,23.6,23.9,5.2,52.4,3,,Consumer Cyclical,35224204.0,1954322.46
RERE,ATRenew Inc DRC,3.78,1,7,2,1,3,0,2,16,-8.0,6.0,Broken,Avoid/exit,14,-5.7,-7.4,-7.6,36.5,0,,Consumer Cyclical,963485248.0,1464768.9
MOLN,Molecular Partners AG ADR,3.8,1,6,5,2,2,0,2,18,-15.0,6.0,Broken,Avoid/exit,17,-3.1,-2.1,-2.9,45.2,1,,Healthcare,147418880.0,4762.69
MSOX,AdvisorShares Trust - AdvisorShares MSOS 2x Daily ETF,2.62,0,8,2,0,4,0,2,16,-10.0,6.0,Broken,Avoid/exit,32,-15.5,-35.1,-19.1,40.2,0,,nan,nan,2059210.21
EPM,Evolution Petroleum Corporation Inc,3.82,1,8,1,0,2,4,2,18,-10.0,6.0,Broken,Avoid/exit,24,-1.8,-11.0,-7.1,32.0,1,,Energy,162987408.0,378327.39
SNTL,Spectacular Solar Inc,3.99,2,6,0,5,2,2,2,19,-13.0,6.0,Broken,Avoid/exit,14,-0.2,-0.2,-8.3,43.3,1,,Industrials,41828288.0,6919.43
APPIF,Appier Group Inc.,4.8,1,1,2,5,3,1,3,16,-10.0,6.0,Broken,Avoid/exit,15,-3.4,-3.4,-2.6,0.0,0,,Technology,507294624.0,57.89
DUO,Fangdd Network Group Ltd,0.77,0,2,0,8,0,2,2,14,-9.0,5.0,Broken,Avoid/exit,9,-7.5,-15.1,-18.8,27.1,1,,Real Estate,41632288.0,808450.22
MGX,"Metagenomi, Inc. Common Stock",1.2,6,8,3,0,2,2,2,23,-18.0,5.0,Broken,Avoid/exit,28,5.3,-2.4,-3.7,41.4,2,,Healthcare,50070320.0,372881.15
SNDL,SNDL Inc.,1.39,3,5,9,4,0,4,3,28,-23.0,5.0,Broken,Avoid/exit,25,-2.8,-4.8,-2.8,42.8,1,,Consumer Defensive,372228992.0,2646305.36
BAINF,BASE Inc,1.4,3,3,1,0,3,3,2,15,-10.0,5.0,Broken,Avoid/exit,8,0.0,0.0,-7.7,0.0,0,,Technology,161220320.0,32.0
NXTN,Next10 Inc,1.44,5,5,3,3,0,2,2,20,-15.0,5.0,Broken,Avoid/exit,30,0.0,-0.7,-10.5,36.9,1,,Industrials,267160864.0,0.0
IVF,"INVO Fertility, Inc.",1.32,2,2,2,8,2,0,2,18,-13.0,5.0,Broken,Avoid/exit,35,-11.4,-5.7,-12.1,39.8,1,,Healthcare,2746212.0,583313.8
NUCLW,Eagle Nuclear Energy Corp. Warrants,1.49,3,6,7,3,0,6,2,27,-18.0,5.0,Broken,Avoid/exit,0,-0.7,-2.6,-8.7,43.8,0,,nan,nan,0.0
PETS,PetMed Express Inc,1.79,3,12,3,0,2,2,2,24,-19.0,5.0,Broken,Avoid/exit,16,-0.6,4.7,-5.0,37.9,2,,Healthcare,38885724.0,896106.34
ITFS,Itafos Inc.,1.72,2,6,2,3,0,0,2,15,-10.0,5.0,Broken,Avoid/exit,8,-8.6,-0.6,-6.6,34.0,0,,Basic Materials,348656704.0,57695.5
CCARF,Colonial Coal International Corp,1.7,4,9,1,1,3,2,2,22,-15.0,5.0,Broken,Avoid/exit,26,6.2,3.0,-3.0,46.8,2,,Basic Materials,342588672.0,10385.12
ECRAF,Ecora Resources PLC,1.79,2,5,7,3,4,0,2,23,-18.0,5.0,Broken,Avoid/exit,44,-5.8,-2.7,-4.5,40.7,0,,Basic Materials,471467104.0,43958.01
CLLKF,Cellink AB (publ),1.762,1,6,1,5,3,2,2,20,-15.0,5.0,Broken,Avoid/exit,5,0.0,-7.4,-7.3,32.8,1,,Healthcare,134233456.0,209.37
DAGXF,DB Agriculture Double Long ETN,2.0,1,1,2,4,3,1,3,15,-10.0,5.0,Broken,Avoid/exit,27,-2.4,-2.4,-2.1,18.5,0,,nan,nan,237.0
DDL,Dingdong (Cayman) Limited ADR,2.05,1,6,2,1,3,0,2,15,-8.0,5.0,Broken,Avoid/exit,19,-10.1,-17.0,-11.1,27.6,1,,Consumer Defensive,546642816.0,1206900.83
SORA,Top Win International Limited,2.14,2,6,1,0,4,0,2,15,-10.0,5.0,Broken,Avoid/exit,35,-17.4,0.5,-9.5,39.6,0,,Consumer Cyclical,62035676.0,59611.7
WRFRF,Wharf Real Estate Investment Company Limited,2.7,1,3,4,4,0,1,2,15,-10.0,5.0,Broken,Avoid/exit,16,-6.9,-6.9,-7.0,24.3,1,,Real Estate,8805059584.0,0.0
ALSSF,Alsea S.A.B. de C.V,2.58,0,2,7,2,0,4,2,17,-8.0,5.0,Broken,Avoid/exit,17,-6.4,-11.0,-8.2,22.8,0,,Consumer Cyclical,2313625344.0,0.0
AJMPF,Ashmore Group Plc,2.592,0,1,7,0,2,3,2,15,-10.0,5.0,Broken,Avoid/exit,26,-5.7,-5.7,-5.0,20.9,0,,Financial Services,1787912320.0,0.0
GIG,GigCapital7 Corp. Class A Ordinary Share,2.04,3,5,1,0,2,2,2,15,-10.0,5.0,Broken,Avoid/exit,5,-22.4,-29.4,-34.6,15.1,0,,Financial Services,171999984.0,275045.5
CFND,C1 Fund Inc.,3.25,5,7,1,4,0,0,2,19,-14.0,5.0,Broken,Avoid/exit,25,-5.8,4.2,-2.6,44.5,0,,Financial Services,20466664.0,36327.02
NXTC,NextCure  Inc,1.77,3,8,1,0,2,2,2,18,-13.0,5.0,Broken,Avoid/exit,8,-9.7,-24.0,-47.4,21.6,1,,Healthcare,11522586.0,49749.28
TRTI,Transtech Industries Inc,2.75,12,4,0,3,3,2,3,27,-21.0,5.0,Broken,Avoid/exit,49,-8.3,-1.8,-1.9,49.7,1,,Industrials,8341760.0,1754.79
DOMH,Dominari Holdings Inc.,3.06,1,10,4,1,2,2,3,23,-18.0,5.0,Broken,Avoid/exit,25,-4.4,-5.8,-4.5,45.1,1,,Financial Services,73947064.0,215260.43
BBD,Banco Bradesco SA ADR,3.37,4,6,8,0,0,0,3,21,-16.0,5.0,Broken,Avoid/exit,25,-2.6,1.2,-2.2,42.2,0,,Financial Services,35624357888.0,39989919.45
DOMO,Domo Inc,2.75,1,11,0,4,3,4,2,25,-21.0,5.0,Broken,Avoid/exit,25,34.1,-16.4,-7.4,44.4,2,,Technology,174732672.0,1161899.37
GWAV,Greenwave Technology Solutions Inc. Common Stock,3.37,4,9,5,3,2,2,2,27,-22.0,5.0,Broken,Avoid/exit,33,-2.6,-2.5,-3.2,45.0,1,,Industrials,2704597.0,241193.31
DEXSF,DEXUS,3.802,4,4,1,4,0,0,2,15,-10.0,5.0,Broken,Avoid/exit,10,-6.0,7.9,-5.2,36.3,0,,Real Estate,3780879616.0,273.57
ATLX,Atlas Lithium Corporation Common Stock,3.58,4,8,4,0,2,0,2,20,-15.0,5.0,Broken,Avoid/exit,14,-7.0,0.0,-9.1,38.6,1,,Basic Materials,125336272.0,686817.2
LCFY,Locafy Ltd,3.78,6,12,3,4,5,2,3,35,-30,5,Broken,Avoid/exit,37,6.8,12.2,-0.1,47.9,3,,Communication Services,6683489.0,402501.38
LIFFF,Li-FT Power Ltd,3.17,1,6,3,6,2,0,2,20,-15.0,5.0,Broken,Avoid/exit,23,-6.7,-10.7,-13.1,34.9,1,,Basic Materials,339075264.0,8779.83
ODYS,Odysight.ai Inc. Common Stock,4.12,9,14,3,1,4,2,2,35,-28.0,5.0,Broken,Avoid/exit,25,9.6,9.9,-0.4,46.8,3,,Technology,69122568.0,236594.85
LZM,Lifezone Metals Limited,4.03,3,6,0,3,4,2,2,20,-15.0,5.0,Broken,Avoid/exit,19,-7.4,1.5,-10.0,41.8,1,,Basic Materials,467903744.0,346815.23
FLWS,1-800 FLOWERS.COM Inc,3.63,1,5,2,4,6,0,2,20,-13.0,5.0,Broken,Avoid/exit,20,-15.0,-16.0,-10.6,37.1,1,,Consumer Cyclical,289725152.0,996287.64
ASPHF,Ascentage Pharma Group International,4.53,3,3,2,2,3,5,2,20,-15.0,5.0,Broken,Avoid/exit,10,0.0,0.0,-8.0,0.0,1,,Healthcare,1752872960.0,72.5
FSCO,FS Credit Opportunities Corp.,4.74,1,6,3,0,2,1,2,15,-10.0,5.0,Broken,Avoid/exit,17,-3.9,-0.2,-3.0,38.2,0,,Financial Services,993143936.0,1592433.38
LSAK,Lesaka Technologies Inc,4.6,3,4,4,3,2,2,2,20,-13.0,5.0,Broken,Avoid/exit,40,-1.5,-6.1,-2.8,41.2,2,,Technology,433825280.0,76214.52
BJDX,Bluejay Diagnostics Inc,2.99,10,6,1,4,2,0,5,28,-23.0,5.0,Broken,Avoid/exit,43,-34.1,-33.6,-21.8,41.8,1,,Healthcare,5988620.0,678236.1
GSOL,Grayscale Solana Trust ETF,4.96,4,7,2,0,0,0,2,15,-10.0,5.0,Broken,Avoid/exit,17,-10.3,1.2,-8.8,38.9,0,,nan,nan,1024932.29
CGMLF,Chalice Mining Limited,0.89,2,3,9,0,3,0,2,19,-15.0,4.0,Broken,Avoid/exit,16,-11.0,-11.0,-8.5,30.6,1,,Basic Materials,346654752.0,4332.68
RDHL,Redhill Biopharma Ltd,0.909,3,9,2,2,9,2,2,29,-23.0,4.0,Broken,Avoid/exit,30,14.9,13.6,1.1,49.8,3,,Healthcare,4999702.0,755030.11
SKYX,SKYX Platforms Corp,1.02,1,12,5,0,2,0,2,22,-18.0,4.0,Broken,Avoid/exit,12,-2.9,1.0,-4.7,42.7,1,,Industrials,143225552.0,1075731.83
AACG,ATA Creativity Global,0.965,0,3,2,8,2,0,2,17,-13.0,4.0,Broken,Avoid/exit,31,-4.5,-10.6,-8.8,38.2,1,,Consumer Defensive,47096996.0,31589.65
AGMH,AGM Group Holdings Inc Class A,1.04,4,5,1,3,3,4,2,22,-18.0,4.0,Broken,Avoid/exit,28,-19.4,-16.8,-10.6,44.2,0,,Technology,2689749.0,1305591.58
CNIKF,Canada Nickel Company Inc,0.996,1,9,3,0,4,0,2,19,-13.0,4.0,Broken,Avoid/exit,22,-9.5,-4.7,-8.4,34.6,1,,Basic Materials,276997920.0,85053.87
MIST,Milestone Pharmaceuticals Inc,1.27,3,10,6,0,0,2,2,23,-19.0,4.0,Broken,Avoid/exit,20,-1.6,5.0,-5.1,36.7,1,,Healthcare,160602400.0,2795454.57
PTRUF,Petrus Resources Ltd,1.17,1,3,7,3,0,0,2,16,-10.0,4.0,Broken,Avoid/exit,19,-5.0,-7.1,-5.5,34.4,0,,Energy,189193456.0,13359.56
MYO,Myomo Inc,1.18,12,6,1,0,5,2,5,31,-25.0,4.0,Broken,Avoid/exit,50,-22.9,-9.9,-3.4,50.1,1,,Healthcare,49457472.0,882628.8
CYN,Cyngn Inc,1.15,0,9,6,0,2,0,2,19,-15.0,4.0,Broken,Avoid/exit,28,-8.0,-9.4,-11.1,32.2,1,,Technology,20769526.0,1504777.41
PANHF,Ping An Healthcare and Technology Company Limited,0.9,1,1,0,5,3,2,2,14,-10.0,4.0,Broken,Avoid/exit,7,-33.0,-33.0,-23.3,1.4,0,,Healthcare,4253251840.0,58.56
WETH,Wetouch Technology Inc. Common Stock,1.17,0,5,4,3,2,0,2,16,-12.0,4.0,Broken,Avoid/exit,8,-15.8,-19.9,-16.0,32.3,0,,Technology,16346202.0,151477.84
TUNGF,American Tungsten Corp.,1.4,6,6,3,0,0,6,2,23,-19.0,4.0,Broken,Avoid/exit,25,-2.1,-1.4,-7.5,39.2,1,,Basic Materials,103212648.0,395679.2
MCHVF,MGM China Holdings Limited,1.46,3,1,3,3,0,5,3,18,-10.0,4.0,Broken,Avoid/exit,0,-2.7,-2.7,-2.8,38.3,0,,Consumer Cyclical,8160572416.0,0.0
MPJPY,Metaplanet Inc.,1.405,2,9,3,0,0,2,2,18,-14.0,4.0,Broken,Avoid/exit,0,-12.5,-1.7,-11.6,35.6,0,,nan,nan,0.0
ZZHGY,ZhongAn Online P & C Insurance Co. Ltd,1.34,1,3,0,3,3,2,2,14,-10.0,4.0,Broken,Avoid/exit,8,0.0,-15.2,-9.1,0.0,0,,Financial Services,2662004480.0,37.0
GEVO,Gevo Inc,1.43,1,11,1,0,4,2,2,21,-15.0,4.0,Broken,Avoid/exit,12,-1.4,-4.7,-8.2,36.4,1,,Basic Materials,430838048.0,4095004.09
VFF,Village Farms International Inc,1.84,1,3,2,0,2,4,2,14,-10.0,4.0,Broken,Avoid/exit,14,-7.1,-12.0,-13.7,24.2,0,,Consumer Defensive,282293056.0,1925464.85
ONVC,Online Vacation Center Holdings Corp,2.0,0,2,7,3,0,3,3,18,-10.0,4.0,Broken,Avoid/exit,24,-2.4,-4.8,-3.2,36.9,0,,Consumer Cyclical,15948926.0,0.0
BGLC,BioNexus Gene Lab Corp Common stock,2.095,5,3,1,10,3,0,5,27,-23.0,4.0,Broken,Avoid/exit,37,-19.4,-3.7,-8.6,43.5,1,,Basic Materials,5547736.0,73379.84
VTCHF,VTCHF,1.875,0,4,2,2,4,0,4,16,-13.0,4.0,Broken,Avoid/exit,27,-4.5,-9.9,-5.1,37.1,0,,nan,nan,3655.12
SAFLF,Safilo Group S.p.A,2.01,1,1,1,6,3,0,2,14,-10.0,4.0,Broken,Avoid/exit,16,0.0,-13.0,-7.6,0.5,0,,Healthcare,863459136.0,0.0
ECSNF,EcoSynthetix Inc,2.21,1,3,3,4,3,3,2,19,-15.0,4.0,Broken,Avoid/exit,15,-0.5,-9.4,-3.9,24.3,1,,Basic Materials,143585264.0,201.1
SNT,Senstar Technologies Ltd,2.04,1,5,0,0,2,2,2,12,-8.0,4.0,Broken,Avoid/exit,9,-15.4,-17.4,-14.5,23.2,0,,Industrials,60662292.0,48517.78
VULNF,Vulcan Energy Resources Limited,2.2,1,9,3,0,4,0,2,19,-15.0,4.0,Broken,Avoid/exit,16,-6.4,2.3,-7.7,39.0,1,,Basic Materials,1282810752.0,2588.45
SUMXF,Supremex Inc,2.54,3,4,6,1,0,5,3,22,-18.0,4.0,Broken,Avoid/exit,10,-0.4,-0.4,-2.1,39.7,0,,Consumer Cyclical,63990912.0,0.0
WVVIP,Willamette Valley Vineyards Inc PR,2.46,2,5,3,0,0,2,2,14,-10.0,4.0,Broken,Avoid/exit,9,-3.3,-3.7,-3.4,39.8,0,,Consumer Defensive,21754334.0,5379.85
LTCEF,LTCEF,2.33,2,6,5,1,0,0,2,16,-8.0,4.0,Broken,Avoid/exit,47,-8.6,-8.3,-10.6,34.1,0,,nan,nan,9393.46
WTF,Waton Financial Limited Ordinary Shares,2.51,5,7,2,3,0,4,2,23,-19.0,4.0,Broken,Avoid/exit,11,1.6,-2.3,-12.1,41.4,1,,Financial Services,148571408.0,106347.95
LASE,Laser Photonics Corporation Common Stock,1.94,8,4,1,6,3,0,5,27,-23.0,4.0,Broken,Avoid/exit,47,-18.5,-22.7,-6.6,49.9,1,,Industrials,119561616.0,5198841.28
YOLO,AdvisorShares Pure Cannabis,2.64,1,3,1,1,2,4,2,14,-10.0,4.0,Broken,Avoid/exit,25,-7.4,-15.9,-9.2,32.9,0,,nan,nan,88910.49
BYDIF,BYD Electronic (International) Company Limited,2.7,0,5,0,5,0,4,2,16,-10.0,4.0,Broken,Avoid/exit,8,-13.5,-21.1,-16.9,25.6,0,,Technology,8535212032.0,4541.73
PCELF,PowerCell Sweden AB (publ),1.91,1,6,0,1,3,4,2,17,-13.0,4.0,Broken,Avoid/exit,19,0.0,-33.3,-20.5,31.4,1,,Industrials,174835136.0,218.5
SJT,San Juan Basin Royalty Trust,3.0,1,9,0,1,4,0,2,17,-13.0,4.0,Broken,Avoid/exit,7,-9.1,-13.5,-13.1,25.2,1,,Energy,175249072.0,201274.19
BDWBY,Budweiser Brewing Company APAC Limited,3.295,0,7,0,0,2,4,2,15,-11.0,4.0,Broken,Avoid/exit,13,-6.9,-6.7,-8.3,40.0,0,,Consumer Defensive,11890254848.0,1728.5
NORD,Nordicus Partners Corporation,1.63,0,1,0,8,2,4,2,17,-13.0,4.0,Broken,Avoid/exit,10,-55.1,-59.9,-49.7,14.8,1,,Industrials,73664744.0,1682.0
SBDS,"Solo Brands, Inc.",3.6,1,7,5,5,2,0,2,22,-18.0,4.0,Broken,Avoid/exit,23,-11.1,-7.5,-11.7,37.1,1,,Consumer Cyclical,10832179.0,34270.91
MSAI,Infrared Cameras Holdings Inc,5.43,8,9,3,3,5,4,2,34,-30.0,4.0,Broken,Avoid/exit,36,-6.2,10.1,-2.3,48.9,3,,Technology,11308830.0,196489.63
NERV,Minerva Neurosciences Inc,4.33,3,6,4,0,2,2,2,19,-15.0,4.0,Broken,Avoid/exit,21,-0.9,-8.6,-7.4,38.3,1,,Healthcare,224790512.0,1056151.64
LINK,Interlink Electronics Inc,3.9,2,9,0,3,3,0,2,19,-15.0,4.0,Broken,Avoid/exit,34,-8.7,-18.6,-11.6,42.0,1,,Technology,82687536.0,104433.66
CNSP,CNS Pharmaceuticals Inc,4.17,0,7,6,2,2,0,2,19,-15.0,4.0,Broken,Avoid/exit,28,-9.9,-9.2,-10.9,40.9,1,,Healthcare,7716451.0,473823.1
MSS,Maison Solutions Inc,0.709,6,2,0,3,5,2,2,20,-15.0,3.0,Broken,Avoid/exit,32,-11.3,-29.8,-19.8,36.3,1,,Consumer Defensive,3566193.0,190550.25
MOGLF,Mongolian Mining Corporation,0.91,1,1,2,1,3,3,2,13,-10.0,3.0,Broken,Avoid/exit,6,-2.2,-16.5,-8.8,20.4,0,,Basic Materials,1842015616.0,2839.75
PECN,Photoelectron Corp,1.008,1,4,2,3,4,2,2,18,-13.0,3.0,Broken,Avoid/exit,25,-5.2,-9.0,-7.4,25.3,1,,Healthcare,20110000.0,17.03
STKE,Sol Strategies Inc. Common Shares,1.03,0,8,4,0,2,0,2,16,-13.0,3.0,Broken,Avoid/exit,26,-16.9,-14.9,-19.6,33.2,1,,Financial Services,49505328.0,348799.81
ADSLF,Andean Silver Limited,1.38,6,8,2,0,0,0,2,18,-15.0,3.0,Broken,Avoid/exit,33,-11.9,6.9,-6.2,44.6,1,,Basic Materials,318289600.0,175342.05
SGLA,Sino Green Land Corporation,1.25,6,3,2,5,0,0,2,18,-15.0,3.0,Broken,Avoid/exit,18,-10.7,-10.7,-11.8,40.2,1,,Industrials,226930528.0,673.03
INUV,Inuvo Inc,1.27,1,8,3,0,2,0,2,16,-13.0,3.0,Broken,Avoid/exit,10,-6.6,-9.9,-10.9,31.1,1,,Technology,21934930.0,204864.4
JCSE,JE Cleantech Holdings Ltd,1.25,3,5,7,0,2,0,4,21,-18.0,3.0,Broken,Avoid/exit,34,-1.6,-13.2,-5.9,45.4,0,,Industrials,6984128.0,534325.72
NNDM,Nano Dimension Ltd,1.37,1,7,1,3,2,2,2,18,-15.0,3.0,Broken,Avoid/exit,16,11.4,-8.1,-6.9,39.3,2,,Technology,326365376.0,2797526.33
ALSMY,Alstom PK,1.76,2,1,4,5,0,1,2,15,-10.0,3.0,Broken,Avoid/exit,12,-2.2,-4.9,-5.6,31.3,0,,Industrials,8882227200.0,873510.63
CYBQY,Cyberdyne Inc ADR,1.4,1,2,0,3,3,2,2,13,-10.0,3.0,Broken,Avoid/exit,20,-15.8,-35.2,-18.5,30.9,0,,Healthcare,456043008.0,349.76
HIND,"Vyome Holdings, Inc.",2.1,5,3,9,0,5,2,2,26,-23.0,3.0,Broken,Avoid/exit,34,-4.5,-0.5,-3.7,43.7,1,,Healthcare,15861873.0,380301.17
CMRF,CIM Real Estate Finance Trust Inc.,2.2,0,12,5,6,3,0,2,28,-21.0,3.0,Broken,Avoid/exit,29,-7.8,-6.4,-5.8,47.3,2,,Real Estate,1122601984.0,0.0
NIU,Niu Technologies,2.06,1,11,0,0,4,0,2,18,-13.0,3.0,Broken,Avoid/exit,11,-5.9,-12.0,-9.3,35.3,1,,Consumer Cyclical,176089008.0,563492.58
KSCP,Knightscope Inc,1.94,1,7,2,0,4,4,2,20,-17.0,3.0,Broken,Avoid/exit,15,-2.0,-8.1,-13.3,31.4,1,,Industrials,40282636.0,477784.39
SFHG,Samfine Creation Holdings Group Limited,2.35,4,11,2,6,7,0,3,33,-30,3,Broken,Avoid/exit,43,-6.0,2.2,-3.8,43.5,1,,Industrials,9419200.0,28430.4
KRNGY,Karoon Energy Ltd,1.9,1,1,0,2,3,4,2,13,-10.0,3.0,Broken,Avoid/exit,31,0.0,-33.5,-20.9,11.7,0,,Energy,1014977024.0,100.1
HYPD,"Hyperion DeFi, Inc.",3.4,12,8,4,4,0,3,2,33,-30,3,Broken,Avoid/exit,25,4.9,31.3,1.8,50.5,3,,Healthcare,56083664.0,510793.35
SECCF,Serco Group plc,3.07,0,2,2,6,0,3,2,15,-8.0,3.0,Broken,Avoid/exit,16,-5.5,-4.1,-8.1,20.6,0,,Industrials,3340826368.0,0.0
SOLLY,Shui On Land Ltd ADR,2.73,1,1,2,5,3,4,2,18,-15.0,3.0,Broken,Avoid/exit,6,0.0,-10.5,-5.6,0.1,1,,Real Estate,542905088.0,29.79
CIZ,VictoryShares Developed Enhanced Volatility Wtd ETF,2.4,3,2,1,0,5,0,2,13,-10.0,3.0,Broken,Avoid/exit,37,-17.2,-12.7,-15.6,38.2,0,,nan,nan,1128289.72
ETU,T-Rex 2X Long Ether Daily Target ETF,3.05,2,7,2,0,0,4,2,17,-14.0,3.0,Broken,Avoid/exit,17,-23.0,-10.8,-25.1,30.5,0,,nan,nan,180034.36
DTCGF,Dometic Group AB (publ),2.89,0,1,2,5,3,0,2,13,-10.0,3.0,Broken,Avoid/exit,0,-16.2,-16.2,-12.0,16.4,0,,Consumer Cyclical,1102275072.0,0.0
EVAX,Evaxion Biotech AS,3.38,1,8,3,0,2,2,2,18,-13.0,3.0,Broken,Avoid/exit,27,-1.2,-6.9,-6.1,41.6,2,,Healthcare,32276632.0,548888.53
DFSC,DEFSEC Technologies Inc.,3.01,2,6,0,3,3,0,2,16,-13.0,3.0,Broken,Avoid/exit,33,-18.6,-18.0,-18.2,37.8,1,,Industrials,7595715.0,266695.01
TAOFF,Hyperion Metals Limited,3.25,3,4,0,3,6,0,2,18,-15.0,3.0,Broken,Avoid/exit,32,0.0,-27.3,-10.6,38.9,1,,Basic Materials,1517046656.0,5050.36
IMRX,Immuneering Corp,4.6,7,12,3,1,4,2,2,31,-28,3,Broken,Avoid/exit,33,12.2,14.1,2.2,50.2,4,,Healthcare,289844352.0,1634285.14
CCCX,Churchill Capital Corp X Class A Ordinary Shares,4.5,3,2,1,6,0,4,2,18,-15.0,3.0,Broken,Avoid/exit,15,-25.0,-15.1,-35.6,36.7,1,,Financial Services,711003008.0,0.0
DPCDF,DPCDF,3.68,0,7,1,1,2,0,2,13,-10.0,3.0,Broken,Avoid/exit,4,-10.5,-18.2,-22.8,15.5,0,,Consumer Cyclical,613079616.0,93.45
MPT,"Medical Properties Trust, Inc.",4.45,0,5,2,0,2,4,2,15,-12.0,3.0,Broken,Avoid/exit,12,-8.2,-11.7,-7.5,26.7,1,,Real Estate,2960594688.0,6948662.3
AMCI,AMC Robotics Corporation,4.21,3,5,7,3,2,4,2,26,-23.0,3.0,Broken,Avoid/exit,17,-5.0,-4.8,-9.1,37.9,1,,Technology,109837776.0,1402985.83
FBLG,"FibroBiologics, Inc. Common Stock",0.769,3,3,2,3,2,4,2,19,-15.0,2.0,Broken,Avoid/exit,34,-5.0,-17.3,-16.5,31.5,2,,Healthcare,5573539.0,1187423.74
LGDTF,Liberty Gold Corp,0.981,2,6,1,1,5,2,2,19,-15.0,2.0,Broken,Avoid/exit,42,-12.4,1.1,-7.6,41.5,1,,Basic Materials,567529600.0,721132.0
BTCT,BTC Digital Ltd.,1.2,7,3,3,4,3,0,5,25,-23.0,2.0,Broken,Avoid/exit,31,-6.2,-10.4,-2.6,48.2,1,,Technology,10468673.0,124151.28
MTEN,Mingteng International Corporation Inc. Ordinary Shares,1.78,8,8,1,4,4,4,5,34,-30,2,Broken,Avoid/exit,40,-41.8,17.1,-5.5,50.2,3,,Industrials,5631816.0,148205.67
FCHL,Fitness Champs Holdings Limited Common Stock,1.19,4,5,2,3,3,2,2,21,-19.0,2.0,Broken,Avoid/exit,30,-14.4,0.0,-11.5,45.0,1,,Consumer Defensive,1780301.0,0.0
STSS,Sharps Technology Inc,1.18,4,5,2,0,2,2,2,17,-15.0,2.0,Broken,Avoid/exit,24,4.4,-5.6,-14.6,35.1,1,,Technology,77872792.0,743620.93
MVST,Microvast Holdings Inc,1.18,4,6,3,0,0,2,2,17,-15.0,2.0,Broken,Avoid/exit,15,-5.6,4.4,-9.6,39.5,1,,Consumer Cyclical,456425600.0,5513079.29
BMEA,Biomea Fusion Inc,1.25,3,15,6,0,4,2,2,32,-28,2,Broken,Avoid/exit,32,7.8,10.1,-0.7,46.3,4,,Healthcare,99050232.0,1495367.33
BEEM,Beam Global,1.25,4,6,0,3,0,2,2,17,-15.0,2.0,Broken,Avoid/exit,21,-5.3,2.5,-7.4,40.3,1,,Technology,31526252.0,905729.05
AEI,Alset Ehome International Inc,1.29,1,6,3,3,2,0,2,17,-15.0,2.0,Broken,Avoid/exit,18,-7.2,-3.0,-8.4,39.4,2,,Real Estate,56787916.0,200922.74
CVM,CEL-SCI Corp,0.995,3,5,3,2,0,2,2,17,-15.0,2.0,Broken,Avoid/exit,11,-1.5,-23.5,-20.2,30.1,1,,Healthcare,22174460.0,183257.04
XHLD,"TEN Holdings, Inc. Common Stock",1.23,2,6,4,3,2,0,2,19,-15.0,2.0,Broken,Avoid/exit,28,-11.5,2.5,-6.0,44.0,1,,Communication Services,6089322.0,1305084.25
MGMNF,Magna Mining Inc,1.47,5,9,5,0,0,0,2,21,-19.0,2.0,Broken,Avoid/exit,17,-8.1,2.8,-5.9,40.0,1,,Basic Materials,423896480.0,133836.62
NYXH,Nyxoah,1.62,3,14,0,5,4,4,2,32,-28.0,2.0,Broken,Avoid/exit,19,2.5,20.9,-15.4,33.3,3,,Healthcare,128717944.0,62980.7
ORZCF,Orezone Gold Corp,1.53,2,3,0,5,0,0,2,12,-10.0,2.0,Broken,Avoid/exit,35,-17.7,-6.9,-9.7,40.5,0,,Basic Materials,1280578304.0,251608.44
OMGGF,Omai Gold Mines Corp,1.56,4,2,1,3,5,0,2,17,-15.0,2.0,Broken,Avoid/exit,35,-8.1,5.1,-7.5,40.0,1,,Basic Materials,1254915712.0,187149.87
BRR,"ProCap Financial, Inc.",1.51,1,5,2,2,2,2,4,18,-16.0,2.0,Broken,Avoid/exit,21,-3.8,-13.2,-10.6,40.9,1,,Financial Services,174806896.0,868816.82
EVTV,Envirotech Vehicles Inc,1.53,4,4,3,0,2,2,2,17,-15.0,2.0,Broken,Avoid/exit,27,3.4,-8.9,-10.5,38.3,2,,Consumer Cyclical,23275294.0,9155899.31
XTIA,"XTI Aerospace, Inc.",1.66,1,9,6,3,0,0,2,21,-19.0,2.0,Broken,Avoid/exit,19,-4.0,-10.8,-8.7,40.4,1,,Industrials,73877352.0,1960155.88
BAER,"Bridger Aerospace Group Holdings, Inc. Common Stock",1.72,0,9,2,0,2,2,2,17,-15.0,2.0,Broken,Avoid/exit,16,-6.5,-8.0,-9.2,39.0,1,,Industrials,118157160.0,660631.7
NNOX,Nano X Imaging Ltd,1.57,1,6,1,2,4,0,2,16,-15.0,2.0,Broken,Avoid/exit,10,-8.7,-6.0,-9.6,39.3,1,,Healthcare,144051760.0,1406705.02
EXSPF,Expert.ai S.p.A,1.81,1,5,0,2,3,4,2,17,-15.0,2.0,Broken,Avoid/exit,19,0.0,-10.0,-4.8,31.9,1,,Technology,227302176.0,422.85
ENADF,Enad Global 7 AB (publ),1.87,7,1,1,1,3,4,2,19,-13.0,2.0,Broken,Avoid/exit,42,-8.8,-8.8,-4.6,30.9,1,,Communication Services,221733264.0,1345.92
BDCTF,BDCTF,1.87,0,5,3,2,5,0,2,17,-15.0,2.0,Broken,Avoid/exit,30,-11.8,-11.8,-12.8,6.6,1,,Consumer Cyclical,105406800.0,3020.77
LPSN,LivePerson Inc,1.92,0,6,5,0,2,2,2,17,-15.0,2.0,Broken,Avoid/exit,12,-1.5,-7.2,-8.1,36.1,1,,Technology,27517820.0,259235.91
TXXS,21Shares 2x Long Sui ETF,1.988,0,4,2,0,0,4,2,12,-10.0,2.0,Broken,Avoid/exit,17,-28.9,-22.6,-33.8,32.2,0,,nan,nan,0.0
ZGM,Zenta Group Company Limited Ordinary Shares,1.59,2,5,0,0,3,0,2,12,-8.0,2.0,Broken,Avoid/exit,19,-15.0,-42.4,-25.8,33.7,0,,Industrials,19484584.0,0.0
BGIN,Bgin Blockchain Limited Class A Ordinary Shares,1.9,1,7,1,0,4,0,2,15,-13.0,2.0,Broken,Avoid/exit,17,-23.4,-25.5,-23.5,29.2,1,,Technology,306598400.0,0.0
NAII,Natural Alternatives International,2.43,5,5,5,3,0,0,3,21,-19.0,2.0,Broken,Avoid/exit,14,-2.8,-3.2,-3.9,40.3,1,,Consumer Defensive,15876329.0,20456.47
MGHL,Morgan Group Holding Co,2.2,3,1,1,5,5,0,2,17,-15.0,2.0,Broken,Avoid/exit,37,-12.0,-12.0,-7.4,6.9,1,,Financial Services,1500225.0,61.51
DTZNY,DTZNY,2.2,2,4,0,6,3,0,2,17,-15.0,2.0,Broken,Avoid/exit,24,-11.6,-19.9,-14.8,37.4,2,,Basic Materials,2166382080.0,7304.36
VTIX,Virtuix Holdings Inc. Class A Common Stock,3.13,2,4,8,2,0,0,5,21,-19.0,2.0,Broken,Avoid/exit,0,-7.7,-11.1,-11.3,38.2,1,,Technology,117462272.0,0.0
IOTR,iOThree Limited Ordinary Shares,2.8,10,3,2,3,2,0,5,25,-23.0,2.0,Broken,Avoid/exit,38,-8.8,-12.2,-7.8,46.4,1,,Communication Services,9362254.0,725737.57
NEXXY,Nexi S.p.A,3.78,2,6,6,3,0,0,3,20,-18.0,2.0,Broken,Avoid/exit,17,-5.5,-1.3,-5.1,39.2,1,,Technology,4581428224.0,3608.96
LXEO,"Lexeo Therapeutics, Inc. Common Stock",4.89,7,8,5,5,2,2,3,32,-30,2,Broken,Avoid/exit,29,2.9,15.3,1.6,49.8,3,,Healthcare,353347328.0,1050090.52
FIEE,"FiEE, Inc.",4.49,5,14,2,0,3,4,2,30,-26.0,2.0,Broken,Avoid/exit,36,3.7,11.4,-3.7,41.8,3,,Technology,37568476.0,65461.98
ADCT,ADC Therapeutics SA,1.07,3,11,0,2,0,6,2,24,-23.0,1.0,Broken,Avoid/exit,11,7.4,-2.7,-35.5,21.0,1,,Healthcare,139274320.0,1087136.63
AIRXX,AIM Investment Securities Funds (Invesco Investment Securities Funds) - Government Money Market Fund,1.0,1,4,2,5,0,0,2,14,-18.0,1.0,Broken,🔥 COILED: Avoid/exit,26,-66.8,-66.7,-48.4,46.1,0,,nan,nan,0.0
CHWRF,China Tower Corporation Limited,1.1,2,6,2,5,3,1,2,21,-20.0,1.0,Broken,Avoid/exit,24,0.0,0.0,-7.8,46.3,0,,Communication Services,20103378944.0,0.0
TEUTF,Teuton Resources Corp,1.13,2,3,2,5,2,0,2,16,-15.0,1.0,Broken,Avoid/exit,28,-8.9,0.8,-7.2,39.2,1,,Basic Materials,72830536.0,29410.6
CHEV,Cheviot Financial Corp,0.113,1,3,0,5,3,2,2,16,-15.0,1.0,Broken,Avoid/exit,3,-83.9,-91.0,-88.7,21.4,1,,Industrials,12933190.0,2452.39
SPWH,Sportsmans,1.24,1,9,2,3,2,0,3,20,-19.0,1.0,Broken,Avoid/exit,24,-3.1,-1.6,-4.0,43.6,1,,Consumer Cyclical,54627712.0,573371.88
FUSE,Fusemachines Inc. Common stock,1.05,1,7,3,1,4,0,2,18,-15.0,1.0,Broken,Avoid/exit,28,-8.7,-9.5,-12.7,33.8,1,,Technology,37910404.0,1918097.89
INMB,INmune Bio Inc,1.35,8,10,4,1,3,3,2,31,-30.0,1.0,Broken,Avoid/exit,26,5.5,10.7,-0.0,49.5,3,,Healthcare,35890100.0,459326.2
PNSPF,Pensana Plc,1.08,3,1,2,5,3,0,2,16,-15.0,1.0,Broken,Avoid/exit,21,0.0,-16.9,-10.2,26.0,1,,Basic Materials,459569792.0,2577.46
QTRHF,Quarterhill Inc,1.21,5,3,0,3,5,0,2,18,-15.0,1.0,Broken,Avoid/exit,45,-6.2,-6.9,-6.4,39.8,2,,Technology,167972848.0,22379.94
GSTK,GSTK,1.4,5,11,0,2,3,0,2,23,-18.0,1.0,Broken,Avoid/exit,8,-6.0,-6.0,-6.1,39.8,0,,Healthcare,46036276.0,28.35
BCCMY,BAIC Motor Corporation Limited,1.135,0,1,0,5,3,0,2,11,-10.0,1.0,Broken,Avoid/exit,10,-26.8,-26.8,-22.6,0.5,0,,Consumer Cyclical,1242377344.0,150.35
PRFX,Painreform Ltd,1.41,4,3,1,3,0,0,5,16,-15.0,1.0,Broken,Avoid/exit,14,-23.4,-0.7,-16.2,44.5,1,,Healthcare,1555073.0,774655.82
ALEC,Alector Inc,1.79,6,14,3,2,2,2,2,31,-28.0,1.0,Broken,Avoid/exit,35,16.2,9.8,0.2,46.8,3,,Healthcare,200955584.0,1464147.9
GLXZ,Galaxy Gaming Inc,1.65,0,8,1,0,4,0,3,16,-13.0,1.0,Broken,Avoid/exit,13,-9.3,-8.3,-6.2,40.9,0,,Consumer Cyclical,40212432.0,63811.05
RMCF,Rocky Mountain Chocolate Factory,1.5,6,8,1,2,2,2,2,23,-22.0,1.0,Broken,Avoid/exit,12,-3.2,-6.2,-11.0,32.7,1,,Consumer Defensive,16165981.0,136054.69
NAUFF,NevGold Corp,1.46,6,4,0,1,3,0,2,16,-15.0,1.0,Broken,Avoid/exit,37,-12.6,0.0,-12.4,37.4,1,,Basic Materials,333954432.0,149523.08
CTNT,Cheetah Net Supply Chain Service Inc. Class A Common Stock,1.67,7,3,1,6,5,2,4,28,-27.0,1.0,Broken,Avoid/exit,38,3.7,-13.0,-4.5,47.3,1,,Industrials,5149340.0,358949.86
GNSS,Genasys Inc,1.62,1,6,1,0,4,0,2,14,-13.0,1.0,Broken,Avoid/exit,14,-5.8,-13.4,-10.3,32.9,1,,Technology,90173176.0,153821.69
HFFG,Hf Foods Group Inc,1.77,0,3,7,0,0,2,2,14,-13.0,1.0,Broken,Avoid/exit,24,-2.7,-3.8,-5.3,39.7,1,,Consumer Defensive,100528432.0,136145.93
FKKEF,Charter Hall Social Infrastructure REIT,1.705,0,1,0,5,3,0,2,11,-10.0,1.0,Broken,Avoid/exit,6,-12.1,-12.1,-8.5,0.0,0,,Real Estate,719951040.0,0.0
CLNE,Clean Energy Fuels Corp,1.73,0,6,1,2,2,0,2,13,-13.0,1.0,Broken,Avoid/exit,12,-8.5,-10.8,-9.6,27.0,1,,Energy,442651520.0,1317545.24
SCHYF,Sands China Ltd,1.7,0,1,5,1,2,0,2,11,-10.0,1.0,Broken,Avoid/exit,14,-8.1,-16.7,-10.6,22.3,0,,Consumer Cyclical,18595127296.0,0.0
HUYA,HUYA Inc,2.23,1,2,4,0,2,0,2,11,-10.0,1.0,Broken,Avoid/exit,11,-5.1,-10.4,-9.2,25.7,1,,Communication Services,588265472.0,1459503.84
UWMC,UWM Holdings Corp,2.02,1,6,0,0,2,0,2,11,-10.0,1.0,Broken,Avoid/exit,6,-16.9,-18.5,-18.6,16.2,0,,Financial Services,4233155072.0,14291626.15
INDO,Indonesia Energy,2.56,2,5,7,3,0,2,2,21,-20.0,1.0,Broken,Avoid/exit,17,-0.8,-3.4,-6.7,39.5,1,,Energy,45237312.0,1307735.37
HYEX,Grey Cloak Tech Inc,2.15,6,4,4,4,3,0,5,26,-21.0,1.0,Broken,Avoid/exit,48,-20.4,-20.4,-11.6,42.1,0,,Healthcare,39183912.0,767.4
UWMC-WS,UWMC-WS,2.02,1,6,0,0,2,0,2,11,-10.0,1.0,Broken,Avoid/exit,6,-16.9,-18.5,-18.6,16.2,0,,nan,nan,14230931.56
BMBL,Bumble Inc,2.72,2,8,3,3,2,0,2,20,-19.0,1.0,Broken,Avoid/exit,9,-11.1,-2.5,-7.8,36.9,1,,Communication Services,453522048.0,3347648.81
CHHQF,China Hongqiao Group Limited,2.912,0,11,0,0,3,0,2,16,-13.0,1.0,Broken,Avoid/exit,17,-10.4,-8.6,-15.2,41.8,1,,Basic Materials,32894982144.0,3901.95
PUMSY,PUMA SE,2.955,5,6,2,6,6,0,2,27,-26.0,1.0,Broken,Avoid/exit,47,-9.3,-5.3,-4.9,43.4,1,,Consumer Cyclical,4801663488.0,43979.23
CIAFF,Champion Iron Limited,2.595,0,2,2,5,0,0,2,11,-10.0,1.0,Broken,Avoid/exit,6,-12.5,-8.6,-13.1,22.7,0,,Basic Materials,1765827968.0,17836.34
CNF,CNFinance Holdings Ltd,2.9,1,2,8,5,0,2,2,20,-15.0,1.0,Broken,Avoid/exit,22,-6.1,-7.6,-5.7,39.9,1,,Financial Services,53103384.0,22171.81
ALNPY,ANA Holdings Inc ADR,3.6,8,6,0,1,6,4,4,29,-28.0,1.0,Broken,Avoid/exit,27,-5.0,3.9,-0.6,49.3,0,,Industrials,7766415872.0,6603.75
CINT,Ci&T Inc,3.44,1,2,1,0,2,4,5,15,-14.0,1.0,Broken,Avoid/exit,8,-15.3,-12.9,-9.2,37.7,0,,Technology,505132736.0,172448.42
QTI,"QT Imaging Holdings, Inc. Common Stock",3.785,3,13,1,0,2,2,2,23,-22.0,1.0,Broken,Avoid/exit,10,-3.9,0.9,-10.2,33.3,2,,Healthcare,54691528.0,32596.09
TLOFF,Talon Metals Corp,3.64,2,6,3,3,0,0,2,16,-15.0,1.0,Broken,Avoid/exit,31,-21.3,-14.8,-17.4,32.5,1,,Basic Materials,782643328.0,959030.34
CENN,Cenntro Electric Group Ltd,3.63,4,3,1,5,3,0,2,18,-17.0,1.0,Broken,Avoid/exit,55,-9.3,-15.0,-8.9,42.5,2,,Consumer Cyclical,6462643.0,64908.13
MLGO,MicroAlgo Inc.,4.21,6,5,0,3,3,0,2,19,-18.0,1.0,Broken,Avoid/exit,42,-17.0,-11.6,-13.2,40.0,0,,Technology,51315724.0,329105.7
PSPFX,GLOBAL RESOURCES FUND GLOBAL RESOURCES FUND,4.42,0,2,1,6,0,0,2,11,-10.0,1.0,Broken,Avoid/exit,12,-8.3,-8.1,-9.3,26.3,0,,nan,0.0,0.0
