code,name,price,trend,momentum,volatility,volume,sr,pattern,sentiment,raw,adj,final,zone,action,weekly_raw,g5,g10,ext,rsi,dist_flags,mct,sector,mcap,avgvol
ASRV,AmeriServ Financial Inc,3.89,15,14,9,15,4,9,5,71,4.0,78.0,Strong,Enter w/ confidence,65,1.8,2.4,1.6,56.0,0,,Financial Services,64124932.0,17162.33
NEPH,Nephros Inc,3.76,17,14,9,15,6,6,5,72,3.0,75.0,Strong,Enter w/ confidence,44,7.4,11.6,7.4,60.6,2,,Healthcare,38975000.0,52035.42
BIRMF,BIOREM Inc,2.23,12,11,13,16,8,5,4,69,1.0,71.0,Strong,Enter w/ confidence,52,4.2,2.2,2.1,57.4,0,,Industrials,34904688.0,5654.7
GDRX,Goodrx Holdings Inc,3.12,17,11,6,15,6,9,5,69,1.0,70.0,Strong,Enter w/ confidence,59,6.1,2.0,6.5,64.6,0,,Healthcare,965224768.0,2873906.5
REDLF,Red 5 Limited,3.5,16,9,9,16,6,7,5,68,2.0,70.0,Strong,Enter w/ confidence,50,6.1,11.1,6.4,57.5,2,,Basic Materials,3310610944.0,5557.49
LSRCX,SMALL-CAP VALUE SERIES CLASS C,1.1,14,10,13,9,6,7,4,63,1.0,69.0,Moderate,🔥 COILED: Enter w/ caution,43,1.9,0.0,1.8,61.9,0,,nan,0.0,0.0
NQCCX,NUVEEN NWQ LARGE-CAP VALUE FUND CLASS C,4.73,14,8,12,9,6,9,4,62,2.0,69.0,Moderate,🔥 COILED: Enter w/ caution,63,0.9,0.9,0.9,59.7,0,,nan,0.0,0.0
UGP,Ultrapar Participacoes SA ADR,6.24,18,11,6,18,6,7,5,71,-3.0,69.0,Moderate,Enter w/ caution,69,7.4,25.6,12.7,78.3,2,,Energy,5204761088.0,2385744.51
KFFB,Kentucky First Federal Bancorp,5.04,13,12,8,13,9,7,5,67,2.0,69.0,Moderate,Enter w/ caution,66,2.9,-0.6,2.5,56.2,0,,Financial Services,35662416.0,7808.57
MXCHY,Orbia Advance Corp,2.61,17,11,10,16,8,4,5,71,-3.0,68.0,Moderate,Enter w/ caution,55,4.0,3.2,2.5,59.9,2,,Industrials,2518820352.0,8239.6
GENVR,Gen Digital Inc. Contingent Value Rights,1.5,8,11,8,16,9,6,4,62,2.0,67.0,Moderate,Enter w/ caution,42,8.7,-6.2,3.0,51.8,1,,nan,nan,38001.29
XNROX,Neuberger Berman Real Estate Securities Income Fd Inc,3.35,16,12,8,9,4,7,4,60,2.0,67.0,Moderate,🔥 COILED: Enter w/ caution,56,1.8,2.1,1.5,58.6,0,,Other,0.0,0.0
CPAMF,CapitaLand Integrated Commercial Trust,1.89,14,5,10,10,8,8,4,59,2.0,66.0,Moderate,🔥 COILED: Enter w/ caution,59,2.2,3.0,1.8,53.7,0,,Real Estate,14498737152.0,0.0
MSGM,Motorsport Gaming Us LLC,4.68,16,14,4,15,5,7,5,66,2.0,66.0,Moderate,Enter w/ caution,56,1.3,14.1,7.0,58.9,2,,Communication Services,16946664.0,725642.96
GRAN,Grande Group Limited Class A Ordinary Shares,1.7,13,11,9,18,8,5,3,67,-7.0,65.0,Moderate,Enter w/ caution,58,14.9,9.7,18.5,60.9,2,,Financial Services,24388200.0,162701.83
EJH,E-Home Household Service Holdings Ltd,1.73,17,8,9,15,4,4,5,62,2.0,64.0,Moderate,Enter w/ caution,55,4.2,5.5,3.4,54.2,1,,Consumer Cyclical,4800231.0,586233.55
DRMTY,Dr. Martens plc,2.0,17,6,10,14,6,9,5,67,-3.0,64.0,Moderate,Enter w/ caution,68,4.7,11.1,5.8,79.0,2,,Consumer Cyclical,875734208.0,986.58
TZINX,TEMPLETON GLOBAL BALANCED FUND ADVISOR CLASS,3.19,16,11,7,9,6,7,4,60,1.0,64.0,Moderate,Enter w/ caution,67,1.6,2.6,1.5,66.4,0,,nan,0.0,0.0
TAGBX,TEMPLETON GLOBAL BALANCED FUND CLASS A,3.17,16,11,7,9,6,7,4,60,1.0,64.0,Moderate,Enter w/ caution,67,1.6,2.6,1.5,66.7,0,,nan,0.0,0.0
EWIIF,EWIIF,3.83,16,10,10,13,6,11,4,70,-9.0,64.0,Moderate,Enter w/ caution,64,5.5,2.7,4.1,66.0,0,,nan,nan,525.1
WIGOX,WASATCH GLOBAL OPPORTUNITIES FUND INSTITUTIONAL CLASS SHARES,4.09,11,12,8,9,6,7,4,57,2.0,64.0,Moderate,🔥 COILED: Enter w/ caution,49,0.7,-0.2,1.0,57.2,0,,nan,0.0,0.0
RCEL,Avita Medical Ltd,4.98,17,12,3,15,8,7,5,67,-4.0,64.0,Moderate,Enter w/ caution,59,12.9,6.6,13.0,61.1,2,,Healthcare,134186360.0,339132.76
IGR,CBRE Clarion Global Real Estate Income Fund,4.7,13,13,11,11,4,6,4,62,1.0,64.0,Moderate,Enter w/ caution,45,1.7,3.1,1.9,61.0,0,,Financial Services,1039987000.0,817561.56
SINGF,Singapore Airlines Ltd,5.66,13,12,4,15,6,4,5,59,4.0,64.0,Moderate,🔥 COILED: Enter w/ caution,52,-6.1,-3.7,0.4,52.6,0,,Industrials,16668178432.0,0.0
DPUKY,Domino’s Pizza Group PLC,5.22,17,12,6,17,4,8,4,68,-2.0,64.0,Moderate,Enter w/ caution,56,4.4,10.4,3.9,64.6,2,,Consumer Cyclical,952894464.0,12323.06
CXMSF,CEMEX S.A.B. de C.V,1.3,18,11,13,15,4,3,5,69,-2.0,63.0,Moderate,Enter w/ caution,62,8.3,8.3,6.7,62.8,1,,Basic Materials,21082222592.0,0.0
FCGBX,TEMPLETON GLOBAL BALANCED FUND CLASS C,3.16,16,11,7,9,6,6,4,59,1.0,63.0,Moderate,Enter w/ caution,66,1.3,2.3,1.4,67.0,0,,nan,0.0,0.0
TCINX,TEMPLETON GLOBAL BALANCED FUND CLASS C1,3.18,16,11,7,9,6,6,4,59,1.0,63.0,Moderate,Enter w/ caution,67,1.3,2.3,1.4,67.1,0,,nan,0.0,0.0
CXE,MFS High Income Municipal Closed Fund,4.1,18,11,4,15,6,7,5,66,-3.0,63.0,Moderate,Enter w/ caution,70,12.3,13.3,10.3,78.4,2,,Financial Services,115857208.0,89379.64
WAGOX,WASATCH GLOBAL OPPORTUNITIES FUND INVESTOR CLASS SHARES,4.02,11,12,7,9,6,7,4,56,2.0,63.0,Moderate,🔥 COILED: Enter w/ caution,49,0.8,-0.2,1.0,57.2,0,,nan,0.0,0.0
OPRT,Oportun Financial Corp,6.45,18,13,7,12,6,12,5,73,-10.0,63.0,Moderate,Enter w/ caution,64,14.6,9.3,13.2,67.0,1,,Financial Services,220459792.0,532896.14
GABUX,THE GABELLI UTILITIES FUND CLASS AAA,4.91,10,12,8,8,3,8,4,53,2.0,63.0,Moderate,🔥 COILED: Enter w/ caution,31,1.7,2.3,0.7,53.1,0,,nan,0.0,0.0
DTCKF,Davis Commodities Limited,1.09,13,18,9,11,6,0,5,62,-5.0,62.0,Moderate,🔥 COILED: Enter w/ caution,36,-4.1,2.8,1.0,51.8,1,,Consumer Defensive,1765435.0,314179.33
TAIT,Taitron Components Incorporated,1.66,17,11,2,15,6,4,4,59,2.0,62.0,Moderate,Enter w/ caution,56,1.8,2.5,2.7,53.4,1,,Technology,9393040.0,171931.82
FBASF,Fibra UNO,1.77,16,10,9,15,3,3,4,60,2.0,62.0,Moderate,Enter w/ caution,54,4.1,1.4,3.6,57.6,1,,Real Estate,6460956672.0,0.0
DSITF,Dixons Carphone plc,2.11,16,6,8,12,6,9,5,62,0.0,62.0,Moderate,Enter w/ caution,62,1.4,1.0,2.2,75.0,0,,Consumer Cyclical,2045115136.0,0.0
RCG,RENN Fund Inc,3.02,16,12,7,10,6,6,5,62,0.0,62.0,Moderate,Enter w/ caution,59,2.0,-1.0,3.0,61.0,0,,Financial Services,19538964.0,9264.84
MDXG,MiMedx Group Inc,4.43,16,9,7,15,6,9,5,67,-3.0,62.0,Moderate,Enter w/ caution,44,7.0,13.6,9.8,72.9,2,,Healthcare,563014848.0,1055203.36
LITB,LightInTheBox Holding Co Ltd ARD,3.32,16,12,9,11,7,6,5,66,-2.0,62.0,Moderate,Enter w/ caution,68,13.3,13.7,6.1,60.4,2,,Consumer Cyclical,66805432.0,21895.59
GPGOX,GRANDEUR PEAK GLOBAL OPPORTUNITIES FUND GRANDEUR PEAK GLOBAL OPPORTUNITIES FUND INVESTOR CLASS,3.84,11,10,8,9,6,7,4,55,2.0,62.0,Moderate,🔥 COILED: Enter w/ caution,57,1.6,-0.3,1.0,56.4,0,,nan,0.0,0.0
HIX,Western Asset High Income II Closed Fund,3.98,15,6,9,12,3,7,3,55,2.0,62.0,Moderate,🔥 COILED: Enter w/ caution,37,0.0,0.0,0.5,53.7,0,,Financial Services,329388400.0,366764.25
RXST,Rxsight Inc,5.57,13,16,5,16,3,7,5,65,-3.0,62.0,Moderate,Enter w/ caution,38,9.6,7.7,6.8,56.0,1,,Healthcare,211122704.0,853716.75
GHG,GreenTree Hospitality Group Ltd,1.17,11,16,10,11,6,1,5,60,0.0,61.0,Moderate,Enter w/ caution,29,-0.8,1.7,1.3,52.9,0,,Consumer Cyclical,118049872.0,28393.09
LOVFF,Cannara Biotech Inc,1.37,15,9,4,16,4,7,5,60,1.0,61.0,Moderate,Enter w/ caution,66,4.6,16.1,8.4,63.9,2,,Healthcare,114587280.0,6142.77
SERA,Sera Prognostics Inc,2.2,14,14,9,14,7,4,5,67,-4.0,61.0,Moderate,Enter w/ caution,45,6.8,8.4,10.1,62.2,2,,Healthcare,89086104.0,59540.5
ACH,Accendra Health Inc,3.78,19,11,8,15,5,7,5,70,-7.0,61.0,Moderate,Enter w/ caution,55,14.5,5.6,11.7,64.8,1,,Healthcare,197585952.0,1536210.31
SCRYY,SCOR PK,3.78,18,7,3,9,7,6,4,54,4.0,61.0,Moderate,Enter w/ caution,59,2.4,1.9,2.2,56.5,0,,Financial Services,6306449920.0,13647.56
DFITX,DFA International Real Estate Sec I,3.81,14,8,13,9,4,7,4,59,-3.0,61.0,Moderate,🔥 COILED: Enter w/ caution,41,0.8,1.9,0.7,56.0,0,,nan,0.0,0.0
AGXKF,Anglo Asian Mining PLC,5.8,17,4,7,16,7,5,5,61,0.0,61.0,Moderate,Enter w/ caution,72,2.7,7.4,9.0,76.1,0,,Basic Materials,537407488.0,1502.5
XNET,Xunlei Ltd Adr,6.08,15,12,6,14,4,4,5,60,3.0,61.0,Moderate,Enter w/ caution,45,4.1,4.1,8.0,62.2,0,,Technology,289942976.0,429751.96
JAELX,John Hancock Variable Insurance Trust - High Yield Trust,4.89,15,8,11,9,6,2,3,54,2.0,61.0,Moderate,🔥 COILED: Enter w/ caution,52,0.0,0.2,0.2,58.5,0,,nan,nan,0.0
CCO,Clear Channel Outdoor Holdings Inc,2.41,15,14,6,12,6,6,3,62,-3.0,60.0,Moderate,Enter w/ caution,66,0.0,0.0,0.1,52.1,1,,Communication Services,1226650368.0,4953918.01
RDVIX,ROYCE DIVIDEND VALUE FUND INVESTMENT CLASS,2.57,14,11,10,9,6,9,5,64,-9.0,60.0,Moderate,🔥 COILED: Enter w/ caution,45,2.4,1.2,2.6,66.3,0,,nan,0.0,0.0
HLLY,Holley Inc,2.78,14,12,8,16,4,5,5,64,-2.0,60.0,Moderate,Enter w/ caution,28,11.2,13.5,8.9,61.2,2,,Consumer Cyclical,315368992.0,903740.74
HLLY-WS,HLLY-WS,2.78,14,12,8,16,4,5,5,64,-2.0,60.0,Moderate,Enter w/ caution,28,11.2,13.5,8.9,61.2,2,,nan,nan,903395.71
SBC,SBC Medical Group Holdings Incorporated,3.17,9,14,10,10,4,3,5,55,2.0,60.0,Moderate,🔥 COILED: Enter w/ caution,29,6.4,0.0,2.9,54.4,0,,Industrials,314911200.0,69475.86
TINCX,TEMPLETON GLOBAL BALANCED FUND CLASS A1,3.17,16,8,7,9,6,6,4,56,1.0,60.0,Moderate,Enter w/ caution,66,1.3,2.3,1.3,65.6,0,,nan,0.0,0.0
NTHEX,NORTHEAST INVESTORS TRUST NORTHEAST INVESTORS TRUST,3.82,13,5,12,8,4,7,4,53,2.0,60.0,Moderate,🔥 COILED: Enter w/ caution,52,0.3,0.5,0.2,57.3,0,,nan,0.0,0.0
HLNCF,Haleon plc,4.925,15,13,7,11,6,2,5,59,3.0,60.0,Moderate,Enter w/ caution,58,3.2,9.0,4.6,60.2,1,,Healthcare,39219437568.0,39190.61
JAEMX,John Hancock Variable Insurance Trust - High Yield Trust,4.78,14,6,12,9,6,2,4,53,2.0,60.0,Moderate,🔥 COILED: Enter w/ caution,54,0.0,0.2,0.2,58.9,0,,nan,nan,0.0
JDSPY,JD Sports Fashion PLC,1.135,15,6,9,9,7,7,4,57,4.0,59.0,Moderate,Enter w/ caution,60,10.2,6.1,4.1,57.5,1,,Consumer Cyclical,5406529536.0,20029.75
CIF,MFS Intermediate High Income Closed Fund,1.77,16,9,5,10,6,11,5,62,-3.0,59.0,Moderate,Enter w/ caution,58,9.3,9.9,8.7,76.8,1,,Financial Services,45563000.0,55151.02
NNCSF,Nanosonics Limited,2.55,10,8,12,13,4,1,5,53,1.0,59.0,Moderate,🔥 COILED: Enter w/ caution,39,0.0,0.0,1.2,62.7,0,,Healthcare,761989504.0,196.44
RYDVX,ROYCE DIVIDEND VALUE FUND SERVICE CLASS,2.57,14,9,11,9,6,9,5,63,-9.0,59.0,Moderate,🔥 COILED: Enter w/ caution,45,2.8,1.2,2.7,65.7,0,,nan,0.0,0.0
DRAFX,Destinations Real Assets Fund,2.75,13,7,10,9,4,11,3,57,-3.0,59.0,Moderate,🔥 COILED: Enter w/ caution,56,1.1,2.2,0.5,54.1,0,,nan,0.0,0.0
HISEF,Hisense Home Appliances Group Co. Ltd,3.25,14,12,11,17,6,7,5,72,-9.0,59.0,Moderate,Enter w/ caution,61,3.2,4.2,3.9,56.0,0,,Consumer Cyclical,4488895488.0,140.64
CLAR,Clarus Corp,3.42,16,9,9,15,6,11,5,71,-10.0,59.0,Moderate,Enter w/ caution,62,4.3,6.5,6.3,65.6,1,,Consumer Cyclical,110327064.0,176941.95
PAZRF,Plaza Retail REIT,3.68,18,4,6,16,7,6,5,62,-3.0,59.0,Moderate,Enter w/ caution,63,0.0,11.5,6.2,79.5,2,,Real Estate,360533184.0,0.0
HYDTF,Hydreight Technologies Inc.,3.38,16,7,8,15,7,6,5,64,-5.0,59.0,Moderate,Enter w/ caution,55,0.7,5.3,4.1,58.9,0,,Healthcare,191671648.0,49861.19
IFABF,iFabric Corp,3.5,18,14,9,11,8,3,5,68,-7.0,59.0,Moderate,Enter w/ caution,57,14.4,5.7,6.9,60.3,0,,Consumer Cyclical,91201400.0,8420.55
CATO,Cato Corporation,3.34,11,14,5,15,8,1,5,59,-3.0,59.0,Moderate,Enter w/ caution,49,-0.9,1.8,2.3,54.3,1,,Consumer Cyclical,65465052.0,77986.55
EMBC,Embecta Corp,3.35,8,15,6,13,3,4,5,54,2.0,59.0,Moderate,🔥 COILED: Enter w/ caution,18,5.3,-0.3,2.2,48.6,0,,Healthcare,201174208.0,1008358.58
AMBP,Ardagh Metal Packaging SA,4.75,17,14,5,15,6,6,5,68,-7.0,59.0,Moderate,Enter w/ caution,68,2.6,1.3,4.9,61.3,1,,Consumer Cyclical,2378871040.0,1290551.54
SMHB,ETRACS 2xMonthly Pay Leveraged US Small Cap High Dividend ETN,4.295,14,11,7,17,6,9,5,69,-11.0,59.0,Moderate,Enter w/ caution,69,5.5,3.2,5.2,64.4,0,,nan,nan,24173.0
MNSAF,Mineros S.A.,4.74,14,12,9,9,8,2,5,59,2.0,59.0,Moderate,Enter w/ caution,56,4.4,2.2,5.0,57.7,0,,Basic Materials,1209415296.0,15761.69
GVH,Globavend Holdings Limited Ordinary Shares,4.695,12,13,3,14,5,7,5,59,2.0,59.0,Moderate,Enter w/ caution,65,5.3,-21.5,7.9,54.4,0,,Industrials,9901926.0,786621.17
DRCVX,COMSTOCK CAPITAL VALUE FUND RETAIL CLASS A,4.59,17,6,7,9,6,6,4,55,1.0,59.0,Moderate,Enter w/ caution,59,0.2,0.2,0.4,66.5,0,,nan,0.0,0.0
XIGRX,Voya Clarion Global Re Incm Fd,4.76,14,12,6,9,4,9,4,58,-4.0,59.0,Moderate,🔥 COILED: Enter w/ caution,53,3.7,4.2,2.9,62.4,0,,Other,0.0,0.0
ADBG,Leverage Shares 2X Long ADBE Daily ETF,3.88,11,12,6,13,4,4,5,55,4.0,59.0,Moderate,Enter w/ caution,25,10.9,22.4,11.4,57.8,2,,nan,nan,1850331.11
IVFIX,FEDERATED INTERNATIONAL STRATEGIC VALUE DIVIDEND FUND INSTITUTIONAL SHARES,4.97,16,12,7,9,6,6,4,60,-4.0,59.0,Moderate,Enter w/ caution,53,1.6,3.8,1.7,63.9,0,,nan,0.0,0.0
IVFAX,FEDERATED INTERNATIONAL STRATEGIC VALUE DIVIDEND FUND CLASS A SHARES,4.96,16,12,7,9,6,6,4,60,-4.0,59.0,Moderate,Enter w/ caution,53,1.6,3.8,1.7,64.2,0,,nan,0.0,0.0
IVFLX,FEDERATED INTERNATIONAL STRATEGIC VALUE DIVIDEND FUND CLASS R6 SHARES,4.96,16,12,7,9,6,6,4,60,-4.0,59.0,Moderate,Enter w/ caution,53,1.6,3.8,1.7,64.0,0,,nan,0.0,0.0
MXCHF,Orbia Advance Corporation S.A.B. de C.V,1.33,20,5,9,13,4,7,4,62,-4.0,58.0,Moderate,Enter w/ caution,62,3.9,3.9,2.3,63.4,1,,Industrials,2504371968.0,7194.75
BGMS,"Bio Green Med Solution, Inc.",0.95,13,11,2,12,3,7,5,53,2.0,58.0,Moderate,🔥 COILED: Enter w/ caution,30,3.2,-13.7,6.3,53.8,0,,Healthcare,5850623.0,824167.04
HUTCY,Hutchison Telecommunications Hong Kong Holdings Ltd ADR,2.43,19,6,4,16,6,5,5,61,-3.0,58.0,Moderate,Enter w/ caution,70,22.7,16.3,12.9,73.1,2,,Communication Services,671460736.0,223.27
PRT,PermRock Royalty Trust,2.31,13,12,6,10,5,7,5,58,-1.0,58.0,Moderate,Enter w/ caution,23,9.0,0.9,3.5,55.0,0,,Energy,25426378.0,53898.22
PAYD,Paid Inc,2.48,16,14,6,14,6,4,5,65,-7.0,58.0,Moderate,Enter w/ caution,48,3.3,7.8,3.2,62.2,2,,Technology,21611656.0,505.91
LPFCX,ALPS/RED ROCKS LISTED PRIVATE EQUITY FUND CLASS C,4.37,16,8,8,9,6,9,3,59,-4.0,58.0,Moderate,Enter w/ caution,43,2.6,3.1,2.2,60.3,0,,nan,0.0,0.0
CPCCX,COMSTOCK CAPITAL VALUE FUND RETAIL CLASS C,4.21,17,7,5,9,6,6,4,54,1.0,58.0,Moderate,Enter w/ caution,56,0.5,0.2,0.4,62.4,0,,nan,0.0,0.0
SFGYY,Sony Financial Group Inc.,4.74,18,6,6,15,5,5,5,60,-2.0,58.0,Moderate,Enter w/ caution,46,5.1,8.0,4.8,65.9,1,,Financial Services,5755847168.0,0.0
APYX,Apyx Medical Inc,4.34,11,9,6,13,7,5,5,56,-3.0,58.0,Moderate,🔥 COILED: Enter w/ caution,57,-2.7,-6.9,0.2,50.9,1,,Healthcare,179639248.0,130382.45
CPCRX,COMSTOCK CAPITAL VALUE FUND RETAIL CLASS I,4.77,17,6,6,9,6,6,4,54,1.0,58.0,Moderate,Enter w/ caution,59,0.2,0.2,0.4,66.0,0,,nan,0.0,0.0
COMVX,COMSTOCK CAPITAL VALUE FUND CLASS AAA,4.6,18,6,6,9,6,5,4,54,1.0,58.0,Moderate,Enter w/ caution,60,0.2,0.2,0.3,66.4,0,,nan,0.0,0.0
ZENA,ZenaTech Inc.,1.53,8,15,8,14,4,2,5,56,-3.0,57.0,Moderate,Enter w/ caution,28,12.5,5.5,6.4,54.7,1,,Technology,129730184.0,1761425.29
HDALF,Haidilao International Holding Ltd,1.65,8,16,6,11,3,2,2,48,4.0,57.0,Moderate,Enter w/ caution,25,14.6,10.0,5.5,53.7,2,,Consumer Cyclical,9823450112.0,0.0
YSG,Yatsen Holding,3.7,15,14,4,14,7,4,5,63,-4.0,57.0,Moderate,Enter w/ caution,45,7.9,6.9,7.9,61.7,1,,Consumer Defensive,287982784.0,213218.85
KPRX,Kiora Pharmaceuticals Inc,2.55,7,12,9,7,8,4,3,50,-1.0,57.0,Moderate,Enter w/ caution,60,0.0,-4.1,0.1,49.9,1,,Healthcare,11496453.0,185673.01
FPAFY,First Pacific Company Ltd,3.35,14,11,7,11,4,4,4,55,-1.0,57.0,Moderate,Enter w/ caution,25,3.1,7.4,3.0,59.3,0,,Consumer Defensive,2812999168.0,49515.26
BVHMF,Vistry Group PLC,3.66,14,8,8,12,3,7,5,57,-3.0,57.0,Moderate,Enter w/ caution,23,11.9,7.6,7.2,58.7,0,,Consumer Cyclical,1111569920.0,14411.58
GPGIX,GRANDEUR PEAK GLOBAL OPPORTUNITIES FUND GRANDEUR PEAK GLOBAL OPPORTUNITIES FUND INSTITUTIONAL CLASS,3.94,11,10,8,9,6,7,4,55,-3.0,57.0,Moderate,🔥 COILED: Enter w/ caution,57,1.5,-0.3,1.0,56.0,0,,nan,0.0,0.0
ABUS,Arbutus Biopharma Corp,4.74,12,14,4,12,8,0,5,55,2.0,57.0,Moderate,Enter w/ caution,54,-7.8,0.2,0.7,52.8,0,,Healthcare,839535296.0,1630167.49
IVFCX,FEDERATED INTERNATIONAL STRATEGIC VALUE DIVIDEND FUND CLASS C SHARES,4.9,16,10,7,9,6,6,4,58,-4.0,57.0,Moderate,Enter w/ caution,53,1.7,3.8,1.8,65.6,0,,nan,0.0,0.0
MCHX,Marchex Inc,1.85,15,10,6,17,6,11,5,70,-19.0,56.0,Moderate,Enter w/ caution,64,7.6,10.1,10.3,69.8,3,,Communication Services,69112368.0,22664.83
LKFLF,Luk Fook Holdings (International) Limited,2.95,15,7,9,9,1,7,5,53,-2.0,56.0,Moderate,🔥 COILED: Enter w/ caution,19,0.0,0.0,0.9,67.8,0,,Consumer Cyclical,1570513408.0,521.06
CERS,Cerus Corporation,3.21,18,11,5,15,7,4,5,65,-7.0,56.0,Moderate,Enter w/ caution,64,1.9,7.0,6.8,65.0,1,,Healthcare,559029440.0,1711032.73
XGUTX,Gabelli Utility Trust,3.17,12,11,7,7,4,6,4,51,0.0,56.0,Moderate,🔥 COILED: Enter w/ caution,34,1.6,1.9,0.7,53.6,0,,Other,0.0,0.0
FGGBX,Templeton Global Balanced Fund6,3.17,16,9,7,9,6,6,4,57,-4.0,56.0,Moderate,Enter w/ caution,65,1.3,2.3,1.3,64.2,0,,nan,nan,0.0
NPSCY,Nippon Steel Corp ADR,3.62,14,14,7,13,4,4,4,60,-2.0,56.0,Moderate,Enter w/ caution,40,3.7,8.4,3.2,60.6,1,,Basic Materials,18082975744.0,225425.86
ITEX,ITEX Corp,3.04,10,8,10,10,3,7,3,51,0.0,56.0,Moderate,🔥 COILED: Enter w/ caution,31,0.0,0.0,0.2,51.1,0,,Financial Services,5498626.0,420.12
LPERX,ALPS/RED ROCKS LISTED PRIVATE EQUITY FUND CLASS R,3.38,15,8,8,9,3,11,3,57,-4.0,56.0,Moderate,Enter w/ caution,43,2.4,3.0,2.1,60.2,0,,nan,0.0,0.0
BTDPF,Barratt Developments plc,3.5,14,7,11,8,6,2,3,51,0.0,56.0,Moderate,🔥 COILED: Enter w/ caution,27,0.0,0.0,0.0,48.2,0,,Consumer Cyclical,4901827584.0,0.0
BDCO,Blue Dolphin Energy Co,3.9,12,6,8,10,7,3,5,51,2.0,56.0,Moderate,Enter w/ caution,57,-2.5,4.8,1.9,53.1,0,,Energy,56703476.0,10351.32
LSE,"Leishen Energy Holding Co., Ltd. Ordinary Shares",4.6,12,6,4,12,8,7,5,54,2.0,56.0,Moderate,Enter w/ caution,27,3.8,9.9,4.5,55.7,1,,Energy,54480000.0,11566.9
SMGRF,Summerset Group Holdings Limited,4.7,12,7,9,10,4,1,3,46,2.0,56.0,Moderate,🔥 COILED: Enter w/ caution,22,0.0,0.0,0.1,49.0,0,,Healthcare,1096649216.0,25.0
TRIFX,CATALYST/SMH TOTAL RETURN INCOME FUND,4.88,13,12,11,9,3,3,3,54,-3.0,56.0,Moderate,🔥 COILED: Enter w/ caution,42,1.0,0.8,0.5,54.5,0,,nan,0.0,0.0
MTPOF,Metropolitan Bank & Trust Company,1.19,16,10,4,13,5,2,3,53,2.0,55.0,Moderate,Enter w/ caution,44,13.3,0.4,5.1,53.3,1,,Financial Services,5127053824.0,4930.97
LBGJ,Li Bang International Corporation Inc. Ordinary Shares,2.19,18,8,7,18,6,10,5,72,-22,55,Moderate,Enter w/ caution,63,79.5,72.4,60.2,83.9,3,8,Industrials,3201900.0,223036.1
MNOV,MediciNova Inc,1.42,14,14,4,14,9,3,5,63,-6.0,55.0,Moderate,Enter w/ caution,43,2.9,0.0,3.4,58.5,1,,Healthcare,64972048.0,346563.01
MAAL,The Marketing Alliance Inc,1.87,14,7,7,10,6,5,5,54,1.0,55.0,Moderate,Enter w/ caution,67,1.1,6.9,6.6,68.7,0,,Financial Services,11005195.0,0.0
DOUG,Douglas Elliman Inc,1.92,12,10,6,15,3,4,5,55,2.0,55.0,Moderate,Enter w/ caution,40,-1.5,3.2,3.4,56.5,0,,Real Estate,160449232.0,541452.64
LLESY,Lend Lease Group,2.25,16,6,5,12,4,7,5,55,0.0,55.0,Moderate,Enter w/ caution,35,0.0,4.7,4.7,56.7,1,,Real Estate,1291966592.0,0.0
RUBLF,Rubellite Energy Inc,2.73,18,9,6,9,4,7,5,58,-1.0,55.0,Moderate,Enter w/ caution,60,12.6,22.6,11.3,70.0,2,,Energy,229746304.0,13800.49
GTMAY,Grupo TMM SAB,2.75,13,6,11,13,4,5,5,57,-2.0,55.0,Moderate,Enter w/ caution,52,0.0,0.0,2.1,64.4,0,,Industrials,87276560.0,921.13
UNICY,Unicharm Corp,2.94,14,14,3,8,4,1,4,48,2.0,55.0,Moderate,🔥 COILED: Enter w/ caution,45,1.4,4.3,1.2,53.3,0,,Consumer Defensive,9808715776.0,592385.79
SLFPF,Abrdn PLC,3.44,17,8,8,9,6,4,5,57,-2.0,55.0,Moderate,Enter w/ caution,63,0.0,15.1,7.6,68.1,2,,Financial Services,5528461824.0,0.0
LGGNF,Legal & General Group Plc,3.91,16,8,12,9,5,9,5,64,-9.0,55.0,Moderate,Enter w/ caution,57,3.4,3.7,4.2,61.6,1,,Financial Services,19537070080.0,17635.63
RPAY,Repay Holdings Corp,4.06,17,7,5,8,9,7,5,58,-3.0,55.0,Moderate,Enter w/ caution,54,0.0,-3.3,4.6,57.9,1,,Technology,327683008.0,1245835.7
BRBS,Blue Ridge Bankshares Inc,3.55,9,11,5,14,4,4,5,52,3.0,55.0,Moderate,Enter w/ caution,40,3.8,-1.1,2.5,60.6,0,,Financial Services,294910400.0,314102.2
JRSH,Jerash Holdings US Inc,4.72,17,11,4,14,6,2,5,59,-2.0,55.0,Moderate,Enter w/ caution,55,5.1,-0.2,5.8,62.0,0,,Consumer Cyclical,44068792.0,112809.83
SGAMY,Sega Sammy Holdings Inc ADR,3.86,13,11,6,10,4,5,5,54,1.0,55.0,Moderate,Enter w/ caution,35,4.6,9.3,5.7,60.7,2,,Communication Services,3040475648.0,7039.77
LND,Brasilagro Adr,3.72,12,10,7,10,4,3,4,50,2.0,55.0,Moderate,Enter w/ caution,30,3.3,3.6,2.1,56.4,1,,Consumer Defensive,366714368.0,65248.85
SKK,SKK Holdings Limited,4.78,12,13,8,9,3,3,5,53,-3.0,55.0,Moderate,🔥 COILED: Enter w/ caution,44,3.7,-2.8,1.8,54.1,1,,Industrials,9770229.0,265186.94
CVHSY,Cablevisión Holding S.A,5.0,10,4,11,9,6,7,3,50,0.0,55.0,Moderate,🔥 COILED: Enter w/ caution,53,0.0,0.0,0.0,55.1,0,,Communication Services,903212864.0,0.0
ZTG,Zenta Group Company Limited,2.94,17,6,5,13,5,6,5,57,-2.8,54.2,Weak,Watchlist only,0,5.8,72.9,23.0,66.8,2,,Industrials,30821068.0,0.0
USGOW,U.S. GoldMining Inc. Warrant,1.3,13,7,11,10,4,1,3,49,0.0,54.0,Weak,🔥 COILED: Watchlist only,41,0.0,0.0,0.5,59.6,0,,Basic Materials,nan,58602.97
FVHIX,FRANKLIN HIGH INCOME FUND ADVISOR CLASS,1.76,16,8,6,8,4,4,3,49,2.0,54.0,Weak,Watchlist only,41,0.6,0.6,0.3,58.8,0,,nan,0.0,0.0
GEAHF,Great Eagle Holdings Limited,2.21,10,8,7,14,8,5,4,56,-2.0,54.0,Weak,Watchlist only,0,0.5,0.5,0.5,61.0,1,,Real Estate,1649195648.0,0.0
TSRYY,Treasury Wine Estates Ltd PK,3.33,16,12,9,6,6,11,3,63,-9.0,54.0,Weak,Watchlist only,48,7.4,5.0,4.7,60.1,2,,Consumer Defensive,2692293632.0,385721.62
OFS,OFS Capital Corp,3.68,10,10,6,12,5,2,2,47,2.0,54.0,Weak,🔥 COILED: Watchlist only,22,-0.8,2.8,1.3,52.8,1,,Financial Services,45553468.0,86188.6
VNUYX,Vontobel U.S. Equity Y,3.42,10,10,10,7,3,4,3,47,2.0,54.0,Weak,🔥 COILED: Watchlist only,31,0.0,1.2,0.4,52.1,0,,nan,nan,0.0
VNUAX,Vontobel U.S. Equity A,3.38,10,10,10,7,3,4,3,47,2.0,54.0,Weak,🔥 COILED: Watchlist only,31,0.0,1.2,0.3,51.4,0,,nan,nan,0.0
CCGPY,C&C Group plc,4.16,14,6,9,11,3,3,5,51,0.0,54.0,Weak,Watchlist only,30,0.0,0.0,2.8,56.9,0,,Consumer Defensive,448139648.0,886.57
WPPGF,WPP plc,3.7,16,11,7,12,1,0,2,49,0.0,54.0,Weak,🔥 COILED: Watchlist only,42,0.3,5.1,1.7,52.7,2,,Communication Services,3742480128.0,6201.81
NWHUF,Northwest Healthcare Properties REIT,3.96,11,8,10,10,4,6,5,54,0.0,54.0,Weak,Watchlist only,43,0.3,1.8,0.5,52.6,1,,Real Estate,957523840.0,0.0
LAW,CS Disco LLC,4.21,16,8,10,14,3,2,5,58,-4.0,54.0,Weak,Watchlist only,47,6.9,7.7,8.0,63.3,1,,Technology,251406880.0,297584.34
CRCT,Cricut Inc,4.7,16,8,10,14,7,9,5,69,-15.0,54.0,Weak,Watchlist only,52,7.8,5.6,5.4,63.1,0,,Technology,866881408.0,582560.28
RWGFX,RIVERPARK/WEDGEWOOD FUND RETAIL CLASS,4.44,14,10,6,9,6,7,4,56,-2.0,54.0,Weak,Watchlist only,48,1.1,1.4,1.7,61.7,0,,nan,0.0,0.0
REMYY,Remy Cointreau SA ADR,5.2,16,14,10,11,6,11,3,71,-17.0,54.0,Weak,Watchlist only,66,7.2,10.2,5.4,60.4,3,,Consumer Defensive,2490254848.0,16491.45
RGP,Resources Connection Inc,4.69,17,9,4,13,7,0,5,55,-1.0,54.0,Weak,Watchlist only,57,0.0,4.5,3.7,57.9,1,,Industrials,153280528.0,386519.93
EEX,Emerald Expositions Events Inc,5.04,12,8,12,7,5,11,4,59,-8.0,54.0,Weak,Watchlist only,51,0.2,0.2,0.4,57.9,2,,Communication Services,983609984.0,120359.95
SOPH,Sophia Genetics SA,5.83,14,10,6,11,7,4,5,57,-1.0,54.0,Weak,Watchlist only,68,0.2,4.3,4.9,59.8,1,,Healthcare,356080224.0,124125.85
TRICX,CATALYST/SMH TOTAL RETURN INCOME FUND CATALYST/SMH TOTAL RETURN INCOME FUND CLASS C,4.88,13,12,11,9,3,3,3,54,-3.0,54.0,Weak,Watchlist only,48,1.2,1.0,0.6,55.0,0,,nan,0.0,0.0
TRIIX,CATALYST/SMH TOTAL RETURN INCOME FUND CATALYST/SMH TOTAL RETURN INCOME FUND CLASS I,4.87,13,12,11,9,3,3,3,54,-3.0,54.0,Weak,Watchlist only,48,1.2,1.0,0.6,55.0,0,,nan,0.0,0.0
SURVF,Suntec Real Estate Investment Trust,1.08,6,6,10,11,3,7,5,48,0.0,53.0,Weak,🔥 COILED: Watchlist only,39,0.0,0.0,-0.2,43.7,0,,Real Estate,3502604288.0,0.0
PFHO,Pacific Health Care Organization Inc,0.85,8,15,7,9,3,2,2,46,4.0,53.0,Weak,Watchlist only,18,2.4,0.0,-1.9,42.8,1,,Healthcare,14336000.0,0.0
LRE,"Lead Real Estate Co., Ltd American Depositary Shares",1.355,14,6,8,14,5,2,4,53,2.0,53.0,Weak,Watchlist only,51,6.3,1.1,3.4,58.5,0,,Real Estate,17188796.0,304460.96
COGZF,Cogstate Limited,1.99,18,5,7,11,6,4,5,56,-3.0,53.0,Weak,Watchlist only,67,0.0,5.3,3.9,70.8,0,,Healthcare,288803392.0,1777.75
NXDR,NXDR,2.48,19,8,6,14,5,7,5,64,-11.0,53.0,Weak,Watchlist only,56,4.2,6.4,7.3,67.4,1,,Communication Services,770403200.0,3863828.03
BNC,CEA Industries Inc.,2.95,15,7,4,14,3,7,5,55,-3.0,53.0,Weak,Watchlist only,44,6.5,6.1,7.3,57.3,1,,Industrials,110242304.0,559724.98
VMMNF,VMMNF,2.5,13,7,11,9,6,1,3,50,-5.0,53.0,Weak,🔥 COILED: Watchlist only,0,0.0,0.0,1.5,50.0,1,,Basic Materials,297771104.0,0.0
BORAY,"Bora Pharmaceuticals Co., Ltd.",2.59,15,7,12,10,4,1,3,52,-2.0,53.0,Weak,Watchlist only,0,0.0,0.0,1.1,63.5,0,,nan,nan,0.0
CRWS,Crown Crafts Inc,2.97,16,7,4,10,5,3,5,50,0.0,53.0,Weak,Watchlist only,56,-0.3,0.0,1.7,56.9,1,,Consumer Cyclical,28777048.0,42323.21
SVAUF,Storage Vault Canada Inc,3.4,14,7,9,9,4,4,5,52,-2.0,53.0,Weak,Watchlist only,53,3.0,4.6,2.4,60.0,1,,Real Estate,1129128448.0,0.0
BDN,Brandywine Realty Trust,3.19,8,14,7,7,7,4,3,50,2.0,53.0,Weak,Watchlist only,48,4.2,-0.6,1.3,53.7,2,,Real Estate,541980928.0,3005449.97
CYGIY,CyberAgent Inc ADR,4.6,14,16,5,12,3,1,5,56,-3.0,53.0,Weak,Watchlist only,62,-4.5,13.8,5.4,57.5,2,,Communication Services,3904662784.0,0.0
ERHIX,Eaton Vance High Income Opportunities Fund,4.23,12,8,6,8,4,2,3,43,2.0,53.0,Weak,🔥 COILED: Watchlist only,36,0.0,0.0,0.0,52.3,0,,nan,nan,0.0
CILXX,Western Asset Institutional Liquid Reserves Ltd.,1.0,17,5,4,8,6,2,3,45,2.0,52.0,Weak,🔥 COILED: Watchlist only,49,0.0,0.0,0.0,59.5,0,,nan,nan,0.0
TCDXX,BlackRock Liquidity Funds - TempCash,1.0,14,5,4,8,4,7,3,45,2.0,52.0,Weak,🔥 COILED: Watchlist only,39,0.0,0.0,0.0,52.3,0,,nan,nan,0.0
VMIXX,JPMorgan Trust I - JPMorgan Prime Money Market Fund,1.001,14,5,4,8,4,7,3,45,2.0,52.0,Weak,🔥 COILED: Watchlist only,32,0.0,0.0,0.0,51.5,0,,nan,nan,0.0
VMVXX,JPMorgan Trust I - JPMorgan Prime Money Market Fund,1.001,14,5,4,8,4,7,3,45,2.0,52.0,Weak,🔥 COILED: Watchlist only,41,0.0,0.0,0.0,52.1,0,,nan,nan,0.0
SUPIF,Supermarket Income REIT plc,1.1,14,6,11,8,6,2,3,50,-3.0,52.0,Weak,🔥 COILED: Watchlist only,48,0.0,0.0,0.0,79.6,0,,Industrials,nan,0.0
PERF,Perfect Corp.,1.92,16,5,7,15,5,4,5,57,-5.0,52.0,Weak,Watchlist only,60,10.3,12.9,7.6,78.1,2,,Technology,170087280.0,147853.18
WIIOX,WASATCH INTERNATIONAL OPPORTUNITIES FUND INSTITUTIONAL CLASS SHARES,1.99,11,3,7,9,5,7,3,45,2.0,52.0,Weak,🔥 COILED: Watchlist only,38,-0.5,0.0,-0.1,50.5,0,,nan,0.0,0.0
GTIC,GTIC,2.95,10,5,14,18,6,6,4,63,-16.0,52.0,Weak,Watchlist only,62,1.7,1.7,5.7,90.6,1,,Technology,1569557.0,142.84
CIG-C,Energy of Minas Gerais Co DRC,3.205,13,6,7,15,0,4,5,50,4.0,52.0,Weak,Watchlist only,57,3.4,3.4,2.9,56.2,0,,Utilities,8467618816.0,4719.7
NPPHY,Nippon Paint Holdings Co. Ltd.,3.4,13,8,2,13,7,4,2,49,0.0,52.0,Weak,🔥 COILED: Watchlist only,51,-6.8,13.7,1.2,51.2,2,,Basic Materials,13916751872.0,2764.21
NISTF,Nippon Steel Corporation,3.54,12,9,6,7,5,3,3,45,2.0,52.0,Weak,🔥 COILED: Watchlist only,33,3.5,5.7,2.3,54.0,0,,Basic Materials,17873924096.0,74375.32
QUBHF,Qube Holdings Limited,3.485,12,4,11,7,4,4,3,45,2.0,52.0,Weak,🔥 COILED: Watchlist only,50,0.0,0.0,0.2,54.1,0,,Industrials,6910147072.0,1163.84
WZZZY,Wizz Air Holdings PLC,3.9,10,3,10,12,6,6,3,50,2.0,52.0,Weak,Watchlist only,49,0.8,-2.5,0.3,58.9,0,,Industrials,1365687552.0,266.94
BCAB,Bioatla Inc,3.99,17,7,6,10,2,5,5,52,-3.0,52.0,Weak,Watchlist only,55,7.3,-2.3,1.9,52.0,1,,Healthcare,5791843.0,38727.02
HYIFX,INVESCO HIGH YIELD FUND CLASS R6,3.53,6,8,9,8,4,4,3,42,2.0,52.0,Weak,🔥 COILED: Watchlist only,40,0.0,0.0,0.1,52.2,0,,nan,0.0,0.0
VRHYX,VIRTUS HIGH YIELD FUND CLASS R6,3.8,8,10,9,8,3,4,3,45,2.0,52.0,Weak,🔥 COILED: Watchlist only,41,0.0,0.0,0.0,50.4,0,,nan,0.0,0.0
HWGG,HWGG Entertainment Limited,3.99,15,6,9,14,6,3,3,56,-7.0,52.0,Weak,Watchlist only,38,0.0,0.0,7.7,60.7,1,,Consumer Cyclical,101107112.0,0.0
ETHIX,EATON VANCE HIGH INCOME OPPORTUNITIES FUND EATON VANCE HIGH INCOME OPPORTUNITIES FUND CLASS A,4.23,8,11,6,8,4,2,3,42,2.0,52.0,Weak,🔥 COILED: Watchlist only,38,0.0,0.0,0.1,53.5,0,,nan,0.0,0.0
CCC,CCC Intelligent Solutions Holdings Inc.,6.17,16,9,6,15,7,3,5,61,-7.0,52.0,Weak,Watchlist only,44,14.7,14.7,12.8,68.9,2,,Technology,2928833280.0,9649676.15
DNGDF,Dynacor Gold Mines Inc.,4.44,12,9,5,13,7,2,2,50,2.0,52.0,Weak,Watchlist only,44,4.7,4.2,1.0,51.1,1,,Basic Materials,202612560.0,5134.35
EDAP,EDAP TMS SA,5.445,18,9,10,15,6,12,5,75,-23.0,52.0,Weak,Watchlist only,65,6.8,13.2,10.2,78.9,3,,Healthcare,161922176.0,67703.78
GCV,Gabelli Convertible and Income Securities Mutual Fund,4.64,10,5,5,13,5,7,4,49,0.0,52.0,Weak,Watchlist only,59,0.0,-1.1,-0.2,49.9,0,,Financial Services,119904700.0,72382.76
JCSE,JE Cleantech Holdings Ltd,1.35,15,8,10,5,7,6,5,56,-8.0,51.0,Weak,🔥 COILED: Watchlist only,49,3.1,1.5,2.0,52.9,0,,Industrials,6984128.0,534325.72
ATDRY,Auto Trader Group PLC ADR,1.69,15,8,7,12,5,3,5,55,-2.0,51.0,Weak,Watchlist only,42,5.0,2.4,4.9,66.7,0,,Communication Services,4897204736.0,1047595.74
TRSG,Tungray Technologies Inc Class A Ordinary Shares,1.58,12,11,1,13,6,2,4,49,2.0,51.0,Weak,Watchlist only,60,6.0,3.9,4.1,57.1,1,,Industrials,26329112.0,26239.51
ACCL,Acco Group Holdings Limited Ordinary Shares,1.93,18,8,6,14,5,6,5,62,-11.0,51.0,Weak,Watchlist only,44,10.9,14.9,9.5,67.4,2,,Industrials,20645852.0,0.0
FHAIX,FRANKLIN HIGH INCOME FUND CLASS A,1.76,12,7,7,8,3,4,3,44,2.0,51.0,Weak,🔥 COILED: Watchlist only,33,0.0,0.6,0.1,52.4,0,,nan,0.0,0.0
LXRX,Lexicon Pharmaceuticals Inc,2.24,9,11,5,13,9,4,5,56,-6.0,51.0,Weak,Watchlist only,64,-0.4,-4.3,1.0,52.9,1,,Healthcare,843973120.0,2439753.74
GITS,"Global Interactive Technologies, Inc",2.16,14,6,6,10,7,3,5,51,-3.0,51.0,Weak,Watchlist only,64,1.9,-5.3,4.8,54.5,1,,Communication Services,7679094.0,843290.79
BOREF,Borealis Exploration Ltd,2.0,10,6,10,13,4,2,3,48,-5.0,51.0,Weak,🔥 COILED: Watchlist only,37,0.0,0.0,0.1,52.4,1,,Financial Services,10897809.0,940.43
CLVT,CLARIVATE PLC,2.4,9,12,3,14,5,5,5,53,-3.0,51.0,Weak,Watchlist only,35,9.1,8.1,4.9,55.0,2,,Technology,1591649152.0,5463686.86
YAHOF,Z Holdings Corporation,2.75,18,4,10,11,4,2,5,54,-3.0,51.0,Weak,Watchlist only,38,0.0,3.4,2.4,75.1,0,,Consumer Cyclical,17391804416.0,0.0
TNGCF,Tongcheng Travel Holdings Limited,2.8,12,7,11,8,3,2,3,46,0.0,51.0,Weak,🔥 COILED: Watchlist only,51,0.0,0.0,0.0,50.0,0,,Consumer Cyclical,6591793664.0,137.29
SPPSX,SHORT PRECIOUS METALS PROFUND SHORT PRECIOUS METALS PROFUND SERVICE CLASS,3.55,14,12,12,9,6,4,5,62,-14.0,51.0,Weak,Watchlist only,52,6.3,6.0,6.8,64.0,0,,nan,0.0,0.0
SPPIX,SHORT PRECIOUS METALS PROFUND SHORT PRECIOUS METALS PROFUND INVESTOR CLASS,3.6,14,12,12,9,6,6,5,64,-16.0,51.0,Weak,Watchlist only,54,6.2,5.9,6.9,64.5,0,,nan,0.0,0.0
TNABF,Tenaga Nasional Berhad,3.54,9,14,3,12,5,7,4,54,-3.0,51.0,Weak,Watchlist only,48,4.9,4.9,2.0,52.3,0,,Utilities,21235128320.0,8757.82
DLTH,Duluth Holdings Inc,4.33,11,11,3,11,8,5,4,53,-3.0,51.0,Weak,Watchlist only,64,3.6,-4.6,2.8,54.8,2,,Consumer Cyclical,126587272.0,532318.03
VNUIX,Vontobel U.S. Equity Institutional,3.53,7,10,10,7,3,4,3,44,2.0,51.0,Weak,🔥 COILED: Watchlist only,31,0.0,1.1,0.3,51.0,0,,nan,nan,0.0
ATAI,ATAI Life Sciences BV,7.15,18,8,5,17,6,12,5,71,-25,51,Weak,Watchlist only,70,34.1,46.5,38.8,74.9,3,,Healthcare,1656750080.0,5230689.71
ACCO,Acco Brands Corporation,4.18,11,12,4,15,6,6,5,59,-6.0,51.0,Weak,Watchlist only,64,9.1,-3.9,4.5,58.4,1,,Industrials,365340864.0,825834.7
ANTX,AN2 Therapeutics Inc,4.67,12,6,3,9,9,7,3,49,-3.0,51.0,Weak,🔥 COILED: Watchlist only,53,0.9,-0.6,0.5,51.1,1,,Healthcare,150187392.0,517857.7
AHT-P-H,Ashford Hospitality Trust Inc 7.50% Series H Cumulative Preferred Stock,5.193,12,15,4,14,4,4,5,58,-8.0,51.0,Weak,Watchlist only,30,-2.9,-3.6,3.6,54.3,0,,Other,nan,5587.9
MAKSF,Marks and Spencer Group PLC,4.75,14,6,8,12,6,2,5,53,-2.0,51.0,Weak,Watchlist only,57,0.0,10.0,3.9,67.4,1,,Consumer Cyclical,8877057024.0,6746.69
OCINF,OCI N.V,4.45,15,6,11,8,6,2,3,51,-5.0,51.0,Weak,🔥 COILED: Watchlist only,51,0.0,0.0,0.1,72.7,1,,Basic Materials,938814464.0,2037.0
HCHL,Happy City Holdings Limited Class A Ordinary shares,3.96,14,4,11,10,6,5,3,53,-7.0,51.0,Weak,🔥 COILED: Watchlist only,56,0.0,0.0,1.0,64.5,1,,Consumer Cyclical,105649176.0,441362.91
SLXN,Biomotion Sciences Ordinary Shares,2.78,6,14,10,13,8,0,4,55,-1.0,51,Weak,Watchlist only,58,6.5,7.5,3.8,53.9,2,,Healthcare,2036315.0,198109.05
BRN,Barnwell Industries Inc,1.06,9,16,8,8,4,3,4,52,-5.0,50.0,Weak,Watchlist only,37,1.0,3.9,2.2,53.8,1,,Energy,15691161.0,301499.42
KSHTY,Kuaishou Technology,1.15,7,16,8,9,4,4,4,52,2.0,50,Weak,Watchlist only,28,0.0,-4.2,1.7,51.4,1,,Communication Services,25135198208.0,11383.8
HOOK,Hookipa Pharma Inc,1.15,11,4,10,9,6,7,3,50,-5.0,50.0,Weak,🔥 COILED: Watchlist only,51,0.0,0.0,-0.1,48.3,1,,Healthcare,14232977.0,19126.47
RFLFY,Raffles Education Corporation Ltd ADR,1.33,12,6,11,8,3,2,3,45,0.0,50.0,Weak,🔥 COILED: Watchlist only,54,0.0,0.0,0.0,50.0,0,,Consumer Defensive,120860096.0,9.0
ECELF,Eurocell plc,1.63,16,5,4,11,4,7,5,52,-2.0,50.0,Weak,Watchlist only,39,23.5,23.5,12.1,62.2,2,,Industrials,142897856.0,107.82
IKT,Inhibikase Therapeutics Inc,2.01,15,3,4,15,7,4,5,53,-3.0,50.0,Weak,Watchlist only,63,-1.5,3.6,2.9,58.3,1,,Healthcare,219174176.0,882299.26
MALG,Microalliance Group Inc.,1.76,7,6,9,14,4,2,3,45,0.0,50.0,Weak,Watchlist only,55,0.0,0.0,0.0,67.0,0,,Consumer Defensive,1072396352.0,23.48
CNRAF,Vicinity Centres,1.825,14,4,5,11,4,3,4,45,0.0,50.0,Weak,🔥 COILED: Watchlist only,0,14.8,1.1,1.3,54.2,0,,Real Estate,5846823936.0,0.0
AIRRF,Aurion Resources Ltd,1.855,13,12,7,8,6,6,3,55,-5.0,50.0,Weak,Watchlist only,61,-0.4,-1.1,-0.0,57.4,1,,Basic Materials,314679264.0,58206.92
ABTS,Abits Group Inc.,1.23,7,16,10,9,4,2,5,53,-6.0,50.0,Weak,🔥 COILED: Watchlist only,31,4.2,3.4,1.2,50.1,1,,Financial Services,6100580.0,992291.53
PSEC,Prospect Capital Corporation,2.33,11,14,11,6,3,3,5,53,-6.0,50.0,Weak,Watchlist only,24,5.4,0.4,2.7,56.3,1,,Financial Services,1142297472.0,4463316.16
OZFRY,OFX Group Ltd ADR,2.2,13,6,11,8,6,6,3,53,-8.0,50.0,Weak,🔥 COILED: Watchlist only,53,0.0,0.0,0.1,77.1,1,,Financial Services,101967656.0,441.81
WEEEF,Western Energy Services Corp,2.34,11,12,13,10,6,5,4,61,-7.0,50.0,Weak,Watchlist only,43,1.8,1.8,2.0,61.2,2,,Energy,83947592.0,0.0
YSHLF,Yangzijiang Shipbuilding (Holdings) Ltd,2.74,10,5,12,14,3,1,5,50,0.0,50.0,Weak,Watchlist only,42,0.0,1.5,0.7,51.0,0,,Industrials,11547103232.0,0.0
TGAFF,Taiga Building Products Ltd,2.65,19,9,3,8,3,3,4,49,1.0,50.0,Weak,Watchlist only,55,3.1,1.9,1.3,61.6,0,,Industrials,282814624.0,230.53
LRAXF,Lara Exploration Ltd,3.4,17,10,8,16,6,11,5,73,-23.0,50.0,Weak,Watchlist only,66,17.2,30.8,18.8,71.0,3,,Basic Materials,154373424.0,6474.36
GTM,ZoomInfo Technologies Inc.,3.13,9,12,6,12,4,3,5,51,-1.0,50.0,Weak,Watchlist only,19,6.5,10.2,4.0,51.3,2,,Technology,919520256.0,7744625.18
NRO,Neuberger Berman RE Securities IF,3.04,10,10,3,14,6,4,4,51,-1.0,50.0,Weak,Watchlist only,45,-1.3,-0.3,0.3,52.3,0,,Financial Services,225721100.0,249092.24
TKFHY,Tekfen Holding AS ADR,3.22,12,6,11,8,3,2,3,45,0.0,50.0,Weak,🔥 COILED: Watchlist only,53,0.0,0.0,0.0,50.0,1,,Basic Materials,574077696.0,4.5
ZIP,Ziprecruiter Inc,4.11,17,5,6,11,5,9,5,58,-8.0,50.0,Weak,Watchlist only,53,4.8,5.4,7.6,62.5,1,,Communication Services,270654880.0,1071787.11
ANNA,"AleAnna, Inc. Class A Common Stock",3.38,13,11,4,7,3,7,5,50,0.0,50.0,Weak,Watchlist only,38,13.4,19.0,9.8,58.1,2,,Energy,137148992.0,1445133.04
MHIJX,MFS HIGH INCOME FUND R4,3.1,7,8,10,8,3,4,3,43,2.0,50.0,Weak,🔥 COILED: Watchlist only,36,0.0,0.0,0.1,50.9,0,,nan,0.0,0.0
MHIKX,MFS HIGH INCOME FUND R5,3.09,7,8,10,8,3,4,3,43,2.0,50.0,Weak,🔥 COILED: Watchlist only,37,0.0,0.0,0.1,51.2,0,,nan,0.0,0.0
TPLWF,Temple & Webster Group Ltd,4.31,12,7,12,10,4,2,5,52,-2.0,50.0,Weak,Watchlist only,38,5.1,2.9,4.2,64.6,0,,Consumer Cyclical,412542592.0,3024.61
MNGPF,Man Group plc,4.11,18,4,11,13,6,6,5,63,-13.0,50.0,Weak,Watchlist only,65,3.0,6.8,3.3,81.2,0,,Financial Services,4358557696.0,0.0
RGTZ,Defiance Daily Target 2x Short RGTI ETF,6.27,17,12,9,14,3,7,5,67,-15.0,50.0,Weak,Watchlist only,30,36.9,58.3,31.4,60.4,2,,nan,nan,0.0
CYRBY,Cyrela Brazil Realty SA,4.44,6,12,8,13,4,7,5,55,-3.0,50,Weak,Watchlist only,21,0.0,2.3,0.1,49.8,0,,Consumer Cyclical,1476377856.0,11084.08
RERE,ATRenew Inc DRC,4.11,7,10,8,10,3,2,4,44,2.0,50.0,Weak,Watchlist only,33,2.5,0.7,2.3,52.3,1,,Consumer Cyclical,963485248.0,1464768.9
HFUS,Hartford Great Health Corp,4.0,10,7,10,8,4,1,3,43,2.0,50.0,Weak,🔥 COILED: Watchlist only,32,0.0,0.0,-0.0,47.2,0,,Communication Services,100108016.0,155.85
BIREF,Birchcliff Energy Ltd.,4.52,5,13,10,13,7,7,4,59,-2.0,50,Weak,Watchlist only,26,0.9,3.9,0.3,49.5,1,,Energy,1341471744.0,96578.43
PHK,PIMCO High Income Fund,4.71,16,16,5,11,5,4,4,61,-12.0,50.0,Weak,Watchlist only,47,0.6,1.3,1.5,64.4,0,,Financial Services,763023300.0,717239.82
MARPS,Marine Petroleum Trust,4.97,16,7,6,13,5,4,5,56,-4.0,50.0,Weak,Watchlist only,41,4.9,11.7,5.1,61.6,2,,Energy,9640000.0,33807.94
TRPZX,T. Rowe Price Limited Duration Inflation Focused Bond Fund Z Class,4.7,10,8,6,8,4,4,3,43,2.0,50.0,Weak,🔥 COILED: Watchlist only,43,0.0,0.2,0.1,51.7,0,,nan,nan,0.0
QBTZ,Defiance Daily Target 2x Short QBTS ETF,6.66,17,12,9,14,3,6,5,66,-14.0,50.0,Weak,Watchlist only,31,49.0,67.8,30.4,58.1,2,,nan,nan,0.0
SKYQ,Sky Quarry Inc,3.82,16,11,5,15,3,2,5,57,-5.5,49.5,Weak,Watchlist only,52,15.1,28.6,25.5,58.0,2,,Energy,9349560.0,2883580.86
CICHF,China Construction Bank Corp,1.06,7,11,3,14,4,2,3,44,0.0,49.0,Weak,Watchlist only,43,5.0,1.0,-0.2,49.1,1,,Financial Services,269448380416.0,80685.16
BENZF,Benz Mining Corp,1.742,16,9,7,9,6,11,5,63,-14.0,49.0,Weak,Watchlist only,57,6.9,3.1,8.2,66.2,1,,Basic Materials,420660128.0,21704.77
PXHI,Phonex Inc,1.29,14,13,14,17,4,2,5,69,-25.0,49.0,Weak,Watchlist only,46,8.4,12.2,9.7,65.6,4,,Consumer Cyclical,39470540.0,11877.51
IPXAF,Impax Asset Management Group plc,1.536,10,16,2,7,8,3,5,51,2.0,49.0,Weak,Watchlist only,31,11.3,11.3,8.0,56.2,2,,Financial Services,162806880.0,770.88
AUUD,Auddia Inc,1.35,6,12,9,11,4,4,3,49,-3.0,49.0,Weak,Watchlist only,21,-0.7,-0.7,0.2,48.3,2,,Technology,7938794.0,1698631.48
IHT,InnSuites Hospitality Trust,1.74,13,7,2,15,5,4,5,51,0.0,49.0,Weak,Watchlist only,54,1.8,-2.2,3.9,56.5,1,,Real Estate,14375993.0,200719.22
SDPNF,Sime Darby Plantation Berhad,1.489,9,6,11,10,3,2,3,44,0.0,49.0,Weak,🔥 COILED: Watchlist only,54,0.0,0.0,0.0,50.0,0,,Consumer Defensive,11204374528.0,20.49
JMHSF,James Halstead plc,1.684,13,5,6,12,6,2,5,49,-3.0,49.0,Weak,Watchlist only,19,0.0,0.0,1.2,77.6,0,,Industrials,649601792.0,954.82
APTOF,DMD Digital Health Connections Group Inc,1.69,16,11,6,16,5,2,5,61,-12.0,49.0,Weak,Watchlist only,47,10.5,4.8,5.7,62.5,1,,Healthcare,4032838.0,5609.24
BLND,Blend Labs Inc,1.78,10,14,8,9,7,0,4,52,-3.0,49.0,Weak,Watchlist only,48,4.1,-1.7,2.8,54.7,1,,Technology,416440640.0,3669056.99
RMXI,"RMX Industries,  Inc.",2.35,14,5,6,10,5,4,5,49,-5.0,49.0,Weak,🔥 COILED: Watchlist only,46,-6.0,7.5,-0.1,50.4,1,,Technology,57827840.0,6716.35
OLPX,Olaplex Holdings Inc,2.07,17,7,5,12,6,2,4,53,-7.0,49.0,Weak,Watchlist only,54,0.0,0.5,0.6,63.7,1,,Consumer Cyclical,1367758080.0,2610513.69
ADIL,Adial Pharmaceuticals Inc,2.79,13,11,5,12,6,4,5,56,-5.0,49.0,Weak,Watchlist only,60,-0.4,-0.7,3.5,56.5,1,,Healthcare,5187563.0,67253.46
BTBIF,BTB Real Estate Investment Trust,2.745,6,12,5,9,6,3,3,44,0.0,49.0,Weak,🔥 COILED: Watchlist only,35,0.0,3.6,-0.8,45.7,0,,Real Estate,240537696.0,0.0
XMINX,MFS Intermediate Income Trust,2.61,6,8,10,8,3,4,3,42,2.0,49.0,Weak,🔥 COILED: Watchlist only,30,0.0,0.0,-0.0,47.5,0,,Other,0.0,0.0
IONZ,Defiance Daily Target 2x Short IONQ ETF,5.44,15,8,10,14,4,6,5,62,-11.0,49.0,Weak,Watchlist only,32,53.7,97.8,48.8,72.3,2,12,nan,nan,6716893.67
ALMP,ALMP,2.75,12,6,11,7,3,2,3,44,0.0,49.0,Weak,🔥 COILED: Watchlist only,50,0.0,0.0,0.0,50.0,0,,Industrials,88000000.0,10.64
MHIHX,MFS HIGH INCOME FUND R3,3.08,7,8,9,8,3,4,3,42,2.0,49.0,Weak,🔥 COILED: Watchlist only,35,0.0,0.0,0.1,50.9,0,,nan,0.0,0.0
MHITX,MFS HIGH INCOME FUND A,3.09,7,8,9,8,3,4,3,42,2.0,49.0,Weak,🔥 COILED: Watchlist only,36,0.0,0.0,0.0,50.6,0,,nan,0.0,0.0
MHIIX,MFS HIGH INCOME FUND I,3.08,7,8,9,8,3,4,3,42,2.0,49.0,Weak,🔥 COILED: Watchlist only,35,0.0,0.0,0.0,50.6,0,,nan,0.0,0.0
MHICX,MFS HIGH INCOME FUND C,3.1,7,8,9,8,3,4,3,42,2.0,49.0,Weak,🔥 COILED: Watchlist only,36,0.0,0.0,0.1,50.9,0,,nan,0.0,0.0
DHX,DHI Group Inc,3.99,16,10,9,9,7,6,5,62,-13.0,49.0,Weak,Watchlist only,61,0.8,5.0,3.8,57.8,1,,Technology,158538528.0,376991.4
SPRS,Surge Components Inc,4.0,17,8,4,10,7,6,5,57,-8.0,49.0,Weak,Watchlist only,70,11.4,10.5,8.6,74.1,2,,Technology,20237444.0,3183.52
SBSTX,WESTERN ASSET SHORT-TERM BOND FUND CLASS A,3.67,9,8,7,8,3,4,3,42,2.0,49.0,Weak,🔥 COILED: Watchlist only,33,0.0,0.0,0.1,50.7,0,,nan,0.0,0.0
GTN,Gray Television Inc,4.04,5,12,7,8,4,6,5,47,2.0,49.0,Weak,Watchlist only,24,7.2,1.3,2.8,52.8,1,,Communication Services,414036000.0,1265964.93
FF,FutureFuel Corp,4.62,17,5,3,14,3,2,5,49,0.0,49.0,Weak,Watchlist only,56,0.0,-0.4,1.8,55.8,1,,Basic Materials,191683520.0,311248.07
TBLA,Taboola,5.41,17,5,3,14,5,0,5,49,0.0,49.0,Weak,Watchlist only,64,-3.0,4.0,3.7,59.8,0,,Communication Services,1295557376.0,1884970.3
STTK,Shattuck Labs Inc,7.07,16,12,4,15,4,0,5,56,-7.0,49.0,Weak,Watchlist only,63,0.6,8.6,10.2,60.3,2,,Healthcare,374967744.0,604925.04
NARAX,VIRTUS MULTI-SECTOR SHORT TERM BOND FUND CLASS A,4.55,7,10,7,8,3,4,3,42,2.0,49.0,Weak,🔥 COILED: Watchlist only,37,0.0,0.0,0.0,51.3,0,,nan,0.0,0.0
ESFIX,ASHMORE EMERGING MARKETS SHORT DURATION FUND INSTITUTIONAL CLASS SHARES,4.75,14,5,12,8,6,6,4,55,-9.0,49.0,Weak,Watchlist only,49,0.2,0.4,0.3,63.2,0,,nan,0.0,0.0
KRNMF,CLARIANE SE,4.78,12,2,7,13,6,4,4,48,-2.0,49.0,Weak,Watchlist only,47,0.0,0.0,0.2,68.1,0,,nan,1698723712.0,1838.12
HLDAX,THE HARTFORD EMERGING MARKETS LOCAL DEBT FUND CLASS A,4.97,7,8,9,8,3,4,3,42,2.0,49.0,Weak,🔥 COILED: Watchlist only,39,0.2,0.4,0.1,50.5,0,,nan,0.0,0.0
PHGUF,Pharming Group N.V,1.3,14,6,8,10,3,1,5,47,-2.0,48.0,Weak,Watchlist only,22,0.0,0.0,3.1,68.3,0,,Healthcare,997212928.0,744.51
TRUBF,TRUBF,1.34,9,7,11,8,3,2,3,43,0.0,48.0,Weak,🔥 COILED: Watchlist only,45,0.0,0.0,0.0,42.0,0,,nan,438952224.0,81.47
AMJT,AMJ Global Technology,1.32,9,7,10,7,3,6,3,45,0.0,48.0,Weak,Watchlist only,50,0.0,0.0,0.0,58.3,0,,Healthcare,147738176.0,53.13
ZHJD,ZHJD,1.78,19,9,6,12,6,8,5,65,-13.0,48.0,Weak,Watchlist only,0,13.4,13.4,11.9,99.9,2,,Consumer Cyclical,159198000.0,0.0
ASTO,Astro Communications Inc,1.75,13,7,6,9,6,2,3,46,-3.0,48.0,Weak,🔥 COILED: Watchlist only,45,0.0,0.0,0.0,71.5,0,,Industrials,1733532.0,47.65
TELDF,Telefónica Deutschland Holding AG,2.263,10,7,5,7,3,5,3,40,0.0,48.0,Weak,🔥 COILED: Watchlist only,33,0.0,0.0,0.1,54.8,0,,Communication Services,6687346688.0,124.0
ZHYBF,Zhong Yuan Bio-Technology Holdings Limited,2.02,10,6,11,8,3,2,3,43,0.0,48.0,Weak,🔥 COILED: Watchlist only,41,0.0,0.0,0.0,50.0,0,,Consumer Defensive,35753228.0,3.9
ACJJF,Acom Co. Ltd,2.44,10,6,11,8,3,2,3,43,0.0,48.0,Weak,🔥 COILED: Watchlist only,46,0.0,0.0,0.0,50.0,0,,Financial Services,3822537984.0,5.16
ITAYY,Indo Tambangraya Megah Tbk PT ADR,2.94,9,7,11,8,4,1,3,43,0.0,48.0,Weak,🔥 COILED: Watchlist only,43,0.0,0.0,1.1,59.8,0,,Energy,1376900352.0,1411.38
MMLP,Martin Midstream Partners LP,2.39,7,12,3,11,4,6,2,45,2.0,48.0,Weak,Watchlist only,25,4.8,3.0,2.4,51.3,2,,Energy,103676512.0,22117.2
ALTI,Alvarium Tiedemann Holdings Inc.,3.58,11,5,4,13,9,4,5,51,-3.0,48.0,Weak,Watchlist only,35,-2.2,-3.0,2.8,54.6,1,,Financial Services,468499104.0,146209.45
SMNOF,SMN Corporation,2.97,9,6,11,9,3,2,3,43,0.0,48.0,Weak,🔥 COILED: Watchlist only,53,0.0,0.0,0.0,50.0,0,,Communication Services,43442288.0,42.0
GUER,Guerrilla RF Inc.,2.9,14,5,10,14,1,4,5,53,-10.0,48.0,Weak,🔥 COILED: Watchlist only,57,1.8,-2.0,0.5,51.6,2,,Technology,31099568.0,3710.27
JSHNX,JANUS SHORT-TERM BOND FUND CLASS N,2.86,12,5,5,8,4,4,3,41,2.0,48.0,Weak,🔥 COILED: Watchlist only,30,0.0,0.0,0.0,51.4,0,,nan,0.0,0.0
TLSI,TriSalus Life Sciences Inc.,4.36,11,10,3,13,6,3,5,51,-1.0,48.0,Weak,Watchlist only,35,12.1,-2.2,5.6,55.4,1,,Healthcare,202674560.0,219849.27
VDTA,"Vertical Data, Inc",4.25,14,9,7,15,6,2,5,58,-8.0,48.0,Weak,Watchlist only,0,9.0,32.8,16.0,66.2,2,,Technology,125638808.0,0.0
AHT,Ashford Hospitality Trust Inc,3.23,12,6,10,14,7,7,5,61,-13.0,48.0,Weak,Watchlist only,46,0.6,-0.6,1.8,57.6,1,,Real Estate,20374758.0,82655.6
RKIGF,Reko International Group Inc,3.0,12,6,10,7,3,2,3,43,0.0,48.0,Weak,🔥 COILED: Watchlist only,50,0.0,0.0,0.1,50.0,0,,Industrials,16452939.0,12.5
GBCS,Global Healthcare REIT Inc,5.3,17,8,7,9,6,0,5,52,-4.0,48.0,Weak,Watchlist only,60,1.0,0.0,12.3,68.4,0,,Healthcare,9109165.0,0.0
XMGFX,MFS Government Markets Income Trust,3.05,7,12,6,8,3,4,3,43,2.0,48.0,Weak,Watchlist only,35,0.3,0.0,0.1,50.0,0,,Other,0.0,0.0
ELKEF,Elkem ASA,3.4,11,2,4,10,4,9,3,43,0.0,48.0,Weak,🔥 COILED: Watchlist only,44,0.0,0.0,0.7,53.6,0,,Basic Materials,1198290688.0,74.36
SFIX,Stitch Fix,3.94,10,13,5,9,9,2,2,50,-3.0,48.0,Weak,Watchlist only,55,11.9,-1.7,2.7,53.3,1,,Consumer Cyclical,486702816.0,2327460.72
SSTLX,WESTERN ASSET SHORT-TERM BOND FUND CLASS C1,3.67,6,10,7,8,3,4,3,41,2.0,48.0,Weak,🔥 COILED: Watchlist only,32,0.0,0.0,-0.0,47.1,0,,nan,0.0,0.0
NEXXY,Nexi S.p.A,4.67,15,5,7,12,4,2,5,50,-2.0,48.0,Weak,Watchlist only,47,12.5,8.9,9.2,70.9,2,,Technology,4581428224.0,3608.96
BUKS,Butler National Corp,4.8,15,7,6,17,7,7,5,64,-16.0,48.0,Weak,Watchlist only,73,9.8,14.8,9.8,77.5,2,,Industrials,260785040.0,99919.11
ADWPF,Andrew Peller Limited,5.67,15,8,7,14,6,6,5,61,-13.0,48.0,Weak,Watchlist only,64,1.4,1.2,7.0,82.6,0,,Consumer Defensive,182081232.0,0.0
III,Information Services Group Inc,4.1,2,15,8,11,3,3,3,45,2.0,48.0,Weak,Watchlist only,37,0.7,-2.1,0.5,49.9,0,,Technology,207622448.0,267678.85
MOLN,Molecular Partners AG ADR,4.1,10,12,11,9,4,2,5,53,-6.0,48.0,Weak,Watchlist only,34,1.9,4.3,3.0,55.6,1,,Healthcare,147418880.0,4762.69
RRTS,Roadrunner Transportation Systems Inc,5.25,16,11,10,11,7,5,4,64,-14.0,48.0,Weak,Watchlist only,65,6.1,4.0,4.9,66.0,1,,Industrials,168100848.0,7917.82
HRZN,Horizon Technology Finance,4.7,13,6,5,10,5,2,5,46,2.0,48.0,Weak,Watchlist only,38,1.5,-0.6,2.4,58.9,1,,Financial Services,317414176.0,863306.73
TRLDX,T. ROWE PRICE LIMITED DURATION INFLATION FOCUSED BOND FUND INC. T. ROWE PRICE LIMITED DURATION INFLATION FOCUSED BOND FUND-I CLASS,4.72,8,8,6,8,4,4,3,41,2.0,48.0,Weak,🔥 COILED: Watchlist only,40,0.0,0.2,0.1,51.5,0,,nan,0.0,0.0
SPSTY,Singapore Post Ltd ADR,5.23,13,4,7,11,4,1,5,45,0.0,48.0,Weak,Watchlist only,33,0.0,0.0,1.9,55.7,0,,Industrials,559727168.0,0.0
DIALF,Dialight plc,4.9,15,6,11,9,6,6,3,56,-13.0,48.0,Weak,🔥 COILED: Watchlist only,49,0.0,0.0,0.8,96.0,0,,Industrials,163889696.0,152.5
WGMVX,Wasatch Micro Cap Value Fund Institutional Class Shares,4.89,9,7,4,9,8,1,3,41,2.0,48.0,Weak,🔥 COILED: Watchlist only,47,-1.2,-5.0,-0.7,49.4,0,,nan,nan,0.0
JRVXX,JPMorgan Trust I - JPMorgan Prime Money Market Fund,1.0,12,5,4,8,4,4,3,40,2.0,47.0,Weak,🔥 COILED: Watchlist only,34,0.0,0.0,0.0,51.4,0,,nan,nan,0.0
SDIIF,SDI Group plc,1.13,15,6,2,14,5,4,5,51,0.0,47.0,Weak,Watchlist only,54,7.6,7.6,5.2,60.6,0,,Technology,109801776.0,272.5
IMMFF,Omni Bridgeway Limited,1.165,15,6,12,7,6,6,3,55,-13.0,47.0,Weak,🔥 COILED: Watchlist only,67,0.0,0.0,0.2,99.4,0,,Financial Services,337433152.0,12.5
APTPF,Airports of Thailand Public Company Limited,1.725,16,6,11,10,3,6,3,55,-13.0,47.0,Weak,🔥 COILED: Watchlist only,57,0.0,0.0,0.7,100.0,0,,Industrials,18314999808.0,0.0
INM,InMed Pharmaceuticals Inc,1.59,13,4,8,13,7,2,5,52,-3.0,47.0,Weak,Watchlist only,54,-4.2,0.0,1.4,56.6,1,,Healthcare,5169938.0,669290.61
COLZF,Coca-Cola Içecek Anonim Sirketi,1.68,7,8,6,8,3,7,3,42,2.0,47.0,Weak,Watchlist only,45,0.0,0.0,-0.3,42.5,0,,Consumer Defensive,4784714752.0,1341.69
UNLRY,Unilever Indonesia Tbk PT ADR,2.0,8,6,10,13,3,2,5,47,0.0,47.0,Weak,Watchlist only,35,2.0,10.5,2.9,54.8,2,,Consumer Defensive,3814257920.0,0.0
YZCHF,Yanzhou Coal Mining Company Limited,1.792,9,4,11,10,6,3,3,46,-2.0,47.0,Weak,Watchlist only,0,0.0,0.0,0.2,64.1,0,,Energy,14051592192.0,0.0
TRKYY,Türkiye Sinai Kalkinma Bankasi A.S,1.8,7,7,11,9,3,2,3,42,0.0,47.0,Weak,🔥 COILED: Watchlist only,47,0.0,0.0,0.0,51.9,0,,Financial Services,338800000.0,30.0
CIG,Companhia Energetica de Minas Gerais CEMIG Pref ADR,2.14,10,8,8,13,0,2,4,45,2.0,47.0,Weak,Watchlist only,21,0.9,3.4,0.6,50.6,0,,Utilities,5964521984.0,4472774.99
DTNOF,Dno ASA,1.76,5,10,7,15,3,3,2,45,2.0,47.0,Weak,Watchlist only,44,6.0,9.3,1.0,47.5,2,,Energy,2018249984.0,0.0
WSSTF,Western Bulk Chartering AS,2.2,15,6,11,10,6,6,3,57,-13.0,47.0,Weak,Watchlist only,56,0.0,0.0,0.3,100.0,0,,Industrials,76312600.0,115.26
ORXOY,Orexo AB ADR,2.12,15,9,6,15,3,4,5,57,-6.0,47.0,Weak,Watchlist only,38,6.0,6.0,5.7,76.7,1,,Healthcare,71834832.0,21.54
CHIU,Global X MSCI China Utilities ETF,2.1,10,4,12,10,5,4,4,49,-3.0,47.0,Weak,Watchlist only,44,0.5,1.0,0.5,54.6,0,,nan,nan,781019.0
QIHCF,Haier Smart Home Co. Ltd,2.42,15,6,11,8,6,6,3,55,-13.0,47.0,Weak,🔥 COILED: Watchlist only,56,0.0,0.0,0.2,96.5,0,,Consumer Cyclical,36467290112.0,15.5
GZPHF,Guangzhou Baiyunshan Pharmaceutical Holdings Company Limited,2.34,10,6,11,9,3,2,3,44,0.0,47.0,Weak,Watchlist only,45,0.0,0.0,0.0,31.1,0,,Healthcare,3479192832.0,418.8
ANVI,"Anvi Global Holdings, Inc.",2.46,7,7,11,9,3,2,3,42,0.0,47.0,Weak,🔥 COILED: Watchlist only,44,0.0,0.0,0.0,51.9,0,,Basic Materials,295076992.0,4.0
SPASF,SATS Ltd,3.69,18,9,6,9,6,8,5,61,-10.0,47.0,Weak,Watchlist only,65,3.9,12.8,12.2,97.0,2,,Industrials,3943858944.0,0.0
QUILF,Quilter plc,2.75,15,4,4,12,4,2,5,46,-2.0,47.0,Weak,Watchlist only,41,0.0,6.6,2.9,60.7,0,,Financial Services,3762778368.0,12.03
IMDXF,Imdex Limited,2.925,6,6,9,8,4,5,4,42,0.0,47.0,Weak,🔥 COILED: Watchlist only,40,0.0,0.0,0.0,49.3,0,,Industrials,1535525504.0,0.0
CMDXF,Computer Modelling Group Ltd,2.712,11,13,5,13,4,2,2,50,-3.0,47.0,Weak,Watchlist only,34,-0.1,7.6,1.8,52.9,0,,Technology,219943072.0,33770.83
CFND,C1 Fund Inc.,3.42,11,10,5,7,5,3,3,44,2.0,47.0,Weak,Watchlist only,36,1.2,12.5,3.8,56.9,2,,Financial Services,20466664.0,36327.02
UK,Ucommune International Ltd,2.05,7,13,8,8,5,6,2,49,-5.0,47.0,Weak,Watchlist only,31,0.5,-1.0,-4.1,44.0,1,,Real Estate,2121986.0,31154.04
JFHYX,John Hancock Focused High Yield Fund Cla,3.02,7,6,9,8,3,4,3,40,2.0,47.0,Weak,🔥 COILED: Watchlist only,34,0.0,0.0,0.0,49.8,0,,nan,0.0,0.0
HLDCY,Henderson Land Development,3.44,11,12,9,11,4,2,4,53,-6.0,47.0,Weak,Watchlist only,34,10.6,11.3,4.9,57.8,2,,Real Estate,17816303616.0,20024.02
CRRFY,Carrefour SA PK,3.75,11,10,6,9,4,6,3,49,-3.0,47.0,Weak,Watchlist only,37,1.9,5.9,0.9,51.9,0,,Consumer Defensive,12843181056.0,281093.57
RTOXF,Rotork plc,6.49,18,8,6,16,6,12,5,71,-25,47,Weak,Watchlist only,59,60.2,62.3,50.8,89.4,3,5,Industrials,3009803264.0,0.0
NCMI,National CineMedia Inc,3.94,13,5,5,14,5,2,5,49,-2.0,47.0,Weak,Watchlist only,55,1.5,4.5,4.0,61.0,1,,Communication Services,332920032.0,427479.42
NEFHX,LOOMIS SAYLES HIGH INCOME FUND CLASS A,3.65,5,12,7,8,3,4,3,42,2.0,47.0,Weak,Watchlist only,37,0.0,0.3,0.0,49.8,0,,nan,0.0,0.0
YEXT,Yext Inc,5.45,16,3,6,14,5,3,5,52,-5.0,47.0,Weak,Watchlist only,40,7.7,11.7,12.4,75.8,2,,Technology,389965152.0,1819756.14
LALDX,LORD ABBETT SHORT DURATION INCOME FUND CLASS A,3.84,9,8,7,8,3,4,3,42,2.0,47.0,Weak,Watchlist only,32,0.0,0.0,0.1,51.0,0,,nan,0.0,0.0
SMWB,SimilarWeb Ltd,7.05,15,4,6,16,5,6,5,57,-10.0,47.0,Weak,Watchlist only,65,7.0,7.0,15.0,66.7,1,,Technology,379310336.0,623574.89
TLIH,Ten-League International Holdings Limited Ordinary Shares,5.66,19,4,9,16,7,8,5,68,-19.0,47.0,Weak,Watchlist only,62,15.5,25.8,15.9,75.0,2,,Industrials,11291270.0,263970.17
NDRA,ENDRA Life Sciences Inc,5.27,16,4,3,9,3,7,5,47,-5.0,47.0,Weak,🔥 COILED: Watchlist only,54,-4.0,4.6,1.5,51.6,1,,Healthcare,7819003.0,138719.03
MCSIX,MFS COMMODITY STRATEGY FUND I,4.27,13,7,7,9,0,7,4,47,-5.0,47.0,Weak,🔥 COILED: Watchlist only,48,1.9,4.4,1.2,53.9,0,,nan,0.0,0.0
KHYSX,DEUTSCHE HIGH INCOME FUND CLASS S,4.45,7,7,9,8,4,2,3,40,2.0,47.0,Weak,🔥 COILED: Watchlist only,38,0.0,0.2,0.0,51.2,0,,nan,0.0,0.0
PMSTX,VIRTUS MULTI-SECTOR SHORT TERM BOND FUND CLASS C1,4.61,7,8,7,8,3,4,3,40,2.0,47.0,Weak,🔥 COILED: Watchlist only,38,0.0,0.0,0.0,51.3,0,,nan,0.0,0.0
YAHOY,Z Holdings Corp ADR,5.55,15,10,7,14,4,2,5,57,-10.0,47.0,Weak,Watchlist only,54,1.3,6.1,4.0,64.8,0,,Consumer Cyclical,17165669376.0,311778.86
BGKKF,Bangkok Bank Public Company Limited,4.99,8,7,11,9,6,2,3,46,-2.0,47.0,Weak,Watchlist only,0,0.0,0.0,0.0,61.9,0,,Financial Services,8398908928.0,0.0
JBLU,JetBlue Airways Corp,5.64,12,12,8,13,9,0,5,59,-13.0,47.0,Weak,Watchlist only,57,-4.7,-4.7,0.7,52.1,1,,Industrials,1800571392.0,22178391.6
DVTC,Development Technologies Corp,5.0,10,7,10,7,3,2,3,42,0.0,47.0,Weak,🔥 COILED: Watchlist only,35,0.0,0.0,0.0,51.9,0,,Financial Services,272504992.0,0.59
JOIXX,JPMorgan Trust IV - Institutional Tax Free Money Market Fund,1.0,19,7,5,6,6,7,3,53,-10.0,46.0,Weak,Watchlist only,50,0.0,0.0,0.0,58.1,0,,nan,nan,0.0
BULLW,Webull Corporation Warrants,2.477,14,9,8,9,4,4,5,53,-5.0,46.0,Weak,Watchlist only,55,9.4,15.8,10.1,61.4,2,,nan,nan,17366.61
CPHGF,CPHGF,1.65,9,6,11,7,3,2,3,41,0.0,46.0,Weak,🔥 COILED: Watchlist only,52,0.0,0.0,0.0,50.0,0,,Healthcare,1387795328.0,205.0
MNTK,Montauk Renewables Inc,1.69,14,6,11,6,7,5,5,54,-8.0,46.0,Weak,Watchlist only,49,8.3,3.7,4.0,57.4,1,,Basic Materials,241979936.0,273950.44
NNUP,Nocopi Technologies Inc,1.65,8,11,6,7,6,6,2,46,-5.0,46.0,Weak,🔥 COILED: Watchlist only,47,0.9,-1.0,0.1,50.0,1,,Basic Materials,20883220.0,2902.64
PLX,Protalix Biotherapeutics Inc,2.31,11,2,7,14,5,2,5,46,0.0,46.0,Weak,Watchlist only,57,-2.5,0.4,1.1,55.0,0,,Healthcare,161948992.0,914259.83
RLX,RLX Technology Inc,2.03,13,10,4,7,5,3,4,46,2.0,46.0,Weak,Watchlist only,28,2.0,4.6,3.6,57.7,0,,Consumer Defensive,2468954368.0,2552317.3
MMTHF,Momentum Group Limited,2.15,15,6,10,6,6,2,3,48,-10.0,46.0,Weak,🔥 COILED: Watchlist only,53,0.0,0.0,3.8,50.0,0,,Financial Services,901726208.0,52.36
TKLF,Yoshitsu Co Ltd ADR,2.23,17,9,2,13,3,2,5,51,-3.0,46.0,Weak,Watchlist only,31,5.2,11.5,4.8,57.1,2,,Consumer Cyclical,7851809.0,80299.14
LNSPF,LondonMetric Property Plc,2.47,7,5,11,9,3,4,4,43,0.0,46.0,Weak,Watchlist only,18,0.0,0.8,0.2,46.3,0,,Real Estate,6304780288.0,1118.0
CTW,CTW Cayman Class A Ordinary Shares,2.53,10,5,7,8,1,5,2,38,2.0,46.0,Weak,🔥 COILED: Watchlist only,55,4.5,-3.6,0.7,51.1,0,,Communication Services,143520000.0,98477.86
AUUAF,AUUAF,2.5,14,9,2,8,7,3,5,48,-5.0,46.0,Weak,Watchlist only,56,3.7,-0.7,1.7,53.9,1,,Consumer Cyclical,73150216.0,5909.0
GUKYF,Gulf Keystone Petroleum Ltd,2.44,6,13,10,8,3,4,5,49,-3.0,46.0,Weak,Watchlist only,31,-0.4,1.2,0.2,49.5,0,,Energy,543608448.0,0.0
WMMVF,Wal Mart de Mexico SAB de CV,2.84,3,11,8,12,3,2,2,41,2.0,46.0,Weak,Watchlist only,26,1.4,-2.4,-1.3,45.1,1,,Consumer Defensive,52044349440.0,79637.63
RAVE,Rave Restaurant Group Inc,3.31,14,11,9,4,7,4,4,53,-8.0,46.0,Weak,Watchlist only,61,0.6,0.3,1.5,55.1,1,,Consumer Cyclical,40787196.0,55528.21
JSHCX,JANUS SHORT-TERM BOND FUND CLASS C,2.87,6,7,7,8,4,4,3,39,2.0,46.0,Weak,🔥 COILED: Watchlist only,32,0.0,0.0,0.0,49.2,0,,nan,0.0,0.0
JSHAX,JANUS SHORT-TERM BOND FUND CLASS A,2.88,13,6,4,8,1,4,3,39,2.0,46.0,Weak,🔥 COILED: Watchlist only,37,0.0,0.0,0.1,53.9,0,,nan,0.0,0.0
UNJCF,Unicaja Banco S.A,3.05,9,6,11,7,3,2,3,41,0.0,46.0,Weak,🔥 COILED: Watchlist only,57,0.0,0.0,0.0,50.0,0,,Financial Services,7833011200.0,2.5
SWDCF,Swedencare AB (publ),3.13,14,3,7,7,3,6,3,43,-2.0,46.0,Weak,🔥 COILED: Watchlist only,42,0.0,0.0,1.4,63.0,0,,Consumer Defensive,487514912.0,143.12
PYYX,Pyxus International Inc,3.5,10,8,7,11,7,0,3,46,0.0,46.0,Weak,Watchlist only,51,0.3,6.1,3.1,57.0,0,,Consumer Defensive,67917504.0,4845.05
PEXUF,PTT Exploration and Production Public Company Limited ,3.48,8,6,11,8,3,2,3,41,0.0,46.0,Weak,🔥 COILED: Watchlist only,49,0.0,0.0,0.0,50.0,0,,Energy,13815548928.0,0.0
ONWRY,ONWRY,3.25,9,12,6,10,3,2,2,44,2.0,46.0,Weak,Watchlist only,25,11.3,8.3,5.4,55.3,2,,nan,nan,482.2
ORYZF,Oryzon Genomics S.A,3.655,16,5,3,7,4,7,4,46,-5.0,46.0,Weak,🔥 COILED: Watchlist only,40,0.0,0.0,1.1,52.4,1,,Healthcare,286798240.0,230.98
AHIYX,INVESCO HIGH YIELD FUND CLASS R5,3.52,5,8,7,8,4,4,3,39,2.0,46.0,Weak,🔥 COILED: Watchlist only,34,0.0,0.0,-0.0,49.1,0,,nan,0.0,0.0
LDLAX,LORD ABBETT SHORT DURATION INCOME FUND CLASS C,3.86,6,8,7,8,3,4,3,39,2.0,46.0,Weak,🔥 COILED: Watchlist only,33,0.0,0.0,-0.0,46.4,0,,nan,0.0,0.0
LDLQX,LORD ABBETT SHORT DURATION INCOME FUND CLASS R2,3.84,6,8,7,8,3,4,3,39,2.0,46.0,Weak,🔥 COILED: Watchlist only,33,0.0,0.0,-0.0,46.5,0,,nan,0.0,0.0
LDLTX,LORD ABBETT SHORT DURATION INCOME FUND CLASS R5,3.83,6,7,8,8,3,4,3,39,2.0,46.0,Weak,🔥 COILED: Watchlist only,32,0.0,0.0,-0.0,47.2,0,,nan,0.0,0.0
EURBF,EURBF,4.89,15,3,6,9,3,4,3,43,2.0,46.0,Weak,🔥 COILED: Watchlist only,65,0.4,0.4,1.0,54.5,0,,Financial Services,15080270848.0,2393.66
JSNSF,J Sainsbury plc,5.17,16,10,7,10,7,8,5,63,-17.0,46.0,Weak,Watchlist only,67,11.2,16.4,11.7,66.7,3,,Consumer Defensive,9118178304.0,0.0
GEMI,"Gemini Space Station, Inc. Class A Common Stock",4.55,7,10,9,12,2,4,2,46,-3.0,46.0,Weak,Watchlist only,37,7.1,-0.7,2.8,51.8,1,,Financial Services,625842304.0,0.0
SKYC,Qualis Innovations Inc,4.97,14,8,11,9,4,1,3,50,-7.0,46.0,Weak,Watchlist only,33,0.0,0.0,1.7,68.6,1,,Financial Services,535975968.0,235.38
RMNI,Rimini Street Inc,4.69,15,9,4,14,5,1,5,53,-5.0,46.0,Weak,Watchlist only,56,-1.9,4.2,4.4,63.0,0,,Technology,388289216.0,338637.81
RAFI,Regency Affiliates Inc,4.3,16,7,9,10,6,3,5,56,-10.0,46.0,Weak,Watchlist only,54,-0.2,0.0,0.4,55.7,0,,Financial Services,18741268.0,1231.71
AUNA,Auna S.A.,5.15,12,14,9,8,5,2,3,53,-10.0,46.0,Weak,🔥 COILED: Watchlist only,30,-0.4,0.2,1.2,53.6,0,,Healthcare,328810080.0,266329.44
NWPP,New Peoples Bankshares Inc,4.4,19,8,11,5,6,11,4,64,-18.0,46.0,Weak,Watchlist only,63,2.3,2.1,2.0,72.1,1,,Financial Services,102230944.0,0.0
MCSNX,MFS Commodity Strategy Fund Class R1,4.25,14,5,7,9,0,7,4,46,-5.0,46.0,Weak,🔥 COILED: Watchlist only,49,1.9,4.7,1.2,54.6,0,,nan,nan,0.0
APHBF,APHBF,4.86,18,4,3,9,6,2,4,46,0.0,46.0,Weak,Watchlist only,62,-1.8,2.1,5.8,59.5,0,,nan,nan,156.0
SICUF,Siam City Cement Public Company Limited,4.55,9,6,11,7,3,2,3,41,0.0,46.0,Weak,🔥 COILED: Watchlist only,53,0.0,0.0,0.0,50.0,0,,Basic Materials,1790293888.0,5.18
GLBZ,Glen Burnie Bancorp,4.7,12,7,10,13,4,8,3,57,-11.0,46.0,Weak,Watchlist only,50,3.7,3.3,2.2,58.6,1,,Financial Services,13693370.0,6859.9
TBSIX,T. Rowe Price Short-Term Bond Fund I Cla,4.61,8,7,6,8,3,4,3,39,2.0,46.0,Weak,🔥 COILED: Watchlist only,34,0.0,0.0,0.0,50.3,0,,nan,0.0,0.0
ESFCX,ASHMORE EMERGING MARKETS SHORT DURATION FUND CLASS C,4.61,16,5,12,6,6,3,4,52,-9.0,46.0,Weak,Watchlist only,46,0.2,0.2,0.2,63.5,0,,nan,nan,0.0
PTAUF,Port of Tauranga Limited,4.89,9,6,11,7,3,2,3,41,0.0,46.0,Weak,🔥 COILED: Watchlist only,52,0.0,0.0,0.0,50.0,0,,Industrials,3326425344.0,34.89
FRMUF,Firm Capital Property Trust,4.91,13,2,3,13,6,2,4,43,0.0,46.0,Weak,Watchlist only,60,-0.5,-0.5,0.3,59.9,0,,Real Estate,177243264.0,1082.44
LWSRX,WESTERN ASSET SHORT DURATION HIGH INCOME FUND CLASS R,4.75,6,10,5,8,3,4,3,39,2.0,46.0,Weak,🔥 COILED: Watchlist only,31,0.0,0.0,-0.0,46.7,0,,nan,0.0,0.0
NWSZF,NWS Holdings Limited,1.0,9,4,10,9,3,2,3,40,0.0,45.0,Weak,🔥 COILED: Watchlist only,43,0.0,0.0,-0.0,48.1,0,,Industrials,4565157376.0,6.33
TOP,Zhong Yang Financial Group Limited Ordinary Shares,2.52,19,6,5,18,6,7,5,66,-26.0,45.0,Weak,Watchlist only,56,21.2,34.0,38.7,77.3,3,,Financial Services,40081440.0,515130.4
JIMXX,JPMorgan Trust I - JPMorgan Prime Money Market Fund,1.0,7,5,7,8,4,4,3,38,2.0,45.0,Weak,🔥 COILED: Watchlist only,36,0.0,0.0,0.0,52.0,0,,nan,nan,0.0
NHLTY,NHLTY,1.14,11,12,3,8,3,2,4,43,2.0,45.0,Weak,Watchlist only,22,19.5,17.1,8.3,56.2,2,,nan,nan,0.0
AMLTF,AMP Ltd,1.1,17,4,7,12,6,4,5,55,-13.0,45.0,Weak,Watchlist only,52,0.0,4.8,2.1,98.9,0,,Financial Services,2225560576.0,0.0
BYSD,Bayside Corp,1.06,14,6,12,14,6,3,4,59,-17.0,45.0,Weak,Watchlist only,53,1.0,1.0,0.8,62.9,1,,Technology,17124206.0,352.0
UBSFY,UbiSoft Entertainment Inc,1.26,13,7,5,11,5,4,5,50,-5.0,45.0,Weak,Watchlist only,47,-4.5,5.9,3.2,56.3,1,,Communication Services,747698944.0,191873.9
LUNA,Luna Innovations Incorporated,1.25,11,10,9,7,7,1,4,49,-5.0,45.0,Weak,Watchlist only,58,0.0,0.8,0.7,53.8,1,,Technology,52045528.0,47286.67
HSTI,High Sierra Technologies Inc,1.4,9,7,10,9,3,4,3,45,-5.0,45.0,Weak,🔥 COILED: Watchlist only,34,0.0,0.0,0.0,51.9,1,,Healthcare,29346446.0,78.75
ALXO,Alx Oncology Holdings ,2.07,13,7,4,15,9,0,5,53,-6.0,45.0,Weak,Watchlist only,53,0.5,0.5,3.8,55.0,1,,Healthcare,209918128.0,699630.26
FRZCF,Frasers Centrepoint Trust,1.73,8,5,10,7,3,2,3,38,2.0,45.0,Weak,🔥 COILED: Watchlist only,40,0.0,0.0,-0.0,44.4,0,,Real Estate,3525435904.0,228.81
TZROP,tZERO Group Inc,1.98,4,4,11,7,6,5,3,40,0.0,45.0,Weak,🔥 COILED: Watchlist only,37,0.0,0.0,0.0,51.9,0,,Financial Services,nan,6337.1
CIADF,China Mengniu Dairy Company Limited,2.02,8,5,8,8,6,5,2,42,0.0,45.0,Weak,Watchlist only,0,0.0,-1.0,-1.4,41.3,0,,Consumer Defensive,8549817344.0,5377.0
PTTWF,Orange Polska S.A,2.05,7,7,10,8,3,2,3,40,0.0,45.0,Weak,🔥 COILED: Watchlist only,47,0.0,0.0,0.0,51.9,0,,Communication Services,2690332928.0,11.61
HTLM,HomesToLife Ltd,1.93,13,5,9,8,5,2,3,45,-8.0,45.0,Weak,🔥 COILED: Watchlist only,35,1.0,2.7,0.3,50.6,0,,Consumer Cyclical,172648448.0,133777.91
IWGFF,IWG PLC,2.59,14,12,4,10,3,4,4,51,-6.0,45.0,Weak,Watchlist only,45,2.8,3.2,2.2,58.0,0,,Real Estate,2325319936.0,40534.73
SPAIF,Sprout AI Inc,2.2,9,11,8,12,4,6,5,55,-8.0,45.0,Weak,Watchlist only,37,-8.7,0.9,-1.1,46.8,1,,Technology,65641088.0,101552.05
BTGOF,BT Group plc,2.67,11,11,5,10,3,2,2,44,2.0,45.0,Weak,Watchlist only,41,6.4,5.5,2.1,52.0,0,,Communication Services,26592358400.0,16959.32
DBMBF,FIBRA Macquarie México,2.6,15,4,7,10,6,1,4,47,-2.0,45.0,Weak,Watchlist only,56,-1.1,3.4,2.2,58.5,1,,Real Estate,1994474496.0,0.0
BLLQF,Bell Equipment Limited,2.3,9,2,8,13,4,6,3,45,0.0,45.0,Weak,Watchlist only,39,0.0,0.0,-1.5,7.5,0,,Industrials,247596608.0,92.0
FCISX,FRANKLIN INCOME FUND CLASS C,2.61,8,13,7,6,4,4,3,45,-8.0,45.0,Weak,🔥 COILED: Watchlist only,44,0.4,0.4,0.2,51.6,0,,nan,0.0,0.0
CSAN,Cosan SA ADR,3.08,10,10,7,10,2,1,5,45,-3.0,45.0,Weak,Watchlist only,17,2.0,8.8,3.0,54.2,2,,Energy,2828647168.0,2214209.71
CBOAF,CBOAF,2.88,14,4,4,8,3,8,3,44,-2.0,45.0,Weak,Watchlist only,54,0.0,0.0,0.1,64.1,0,,Consumer Defensive,1364554880.0,158.93
CURI,Curiositystream Inc.,2.655,4,9,4,12,4,0,5,38,4.0,45.0,Weak,Watchlist only,24,-0.9,-8.1,-0.7,47.8,1,,Communication Services,191498944.0,570029.02
AIIO,Robo.ai Inc.,4.15,12,3,4,14,7,3,5,48,-3.0,45.0,Weak,Watchlist only,58,22.1,-5.9,8.4,55.0,1,,Consumer Cyclical,55789548.0,4175162.61
VOC,VOC Energy Trust,3.18,14,9,6,11,4,2,5,51,-7.0,45.0,Weak,Watchlist only,46,4.3,10.4,6.1,64.6,2,,Energy,48620000.0,95903.14
JNSTX,JANUS SHORT-TERM BOND FUND CLASS D,2.88,11,7,8,8,1,2,3,40,2.0,45.0,Weak,Watchlist only,26,0.0,0.0,0.0,51.1,0,,nan,0.0,0.0
SECUF,SSC Security Services Corp,3.13,16,6,12,9,3,4,3,53,-13.0,45.0,Weak,🔥 COILED: Watchlist only,52,0.0,0.0,1.4,95.4,0,,Industrials,56984572.0,2398.53
ETU,T-Rex 2X Long Ether Daily Target ETF,4.205,12,5,7,11,0,5,5,45,0.0,45.0,Weak,Watchlist only,28,14.6,33.1,8.9,54.3,2,,nan,nan,180034.36
BNDSF,Banco de Sabadell S.A,3.645,10,11,3,7,4,3,2,40,2.0,45.0,Weak,Watchlist only,35,1.2,10.0,1.9,51.7,2,,Financial Services,16877633536.0,0.0
SSP,E. W. Scripps Co Class A,3.13,5,14,6,8,4,6,5,48,-3.0,45.0,Weak,Watchlist only,29,8.3,0.3,3.3,51.7,1,,Communication Services,305746336.0,921536.38
UPBMF,United Plantations Berhad,3.507,7,7,10,8,3,2,3,40,0.0,45.0,Weak,🔥 COILED: Watchlist only,47,0.0,0.0,0.0,51.9,0,,Consumer Defensive,2181771008.0,1.08
BVHMY,BVHMY,3.37,3,8,4,16,3,4,5,43,2.0,45.0,Weak,Watchlist only,26,-0.5,-2.7,-1.3,45.5,1,,Consumer Cyclical,1184615936.0,474.3
NTRB,Nutriband Inc,3.13,4,14,8,9,3,4,2,44,-3.0,45.0,Weak,Watchlist only,27,1.3,1.3,0.4,48.0,1,,Healthcare,43518420.0,25046.31
NEHCX,LOOMIS SAYLES HIGH INCOME FUND CLASS C,3.67,5,7,8,8,3,4,3,38,2.0,45.0,Weak,🔥 COILED: Watchlist only,35,0.0,0.0,-0.1,45.2,0,,nan,0.0,0.0
AMHYX,INVESCO HIGH YIELD FUND CLASS A,3.53,5,8,6,8,4,4,3,38,2.0,45.0,Weak,🔥 COILED: Watchlist only,34,0.0,0.0,0.0,49.3,0,,nan,0.0,0.0
HAYPY,Hays PLC ADR,4.5,13,6,5,8,4,1,3,40,0.0,45.0,Weak,🔥 COILED: Watchlist only,25,0.0,0.0,0.7,54.8,1,,Industrials,622016704.0,0.0
JRVR,James River Group Holdings Ltd,4.54,14,13,5,15,3,3,5,58,-11.0,45.0,Weak,Watchlist only,23,0.4,3.4,2.9,56.4,0,,Financial Services,184253872.0,293136.81
MGPUF,M&G Plc,4.69,18,6,6,11,6,12,5,64,-15.0,45.0,Weak,Watchlist only,77,2.0,6.6,5.7,92.4,0,,Financial Services,10000998400.0,1716.25
CTKB,Cytek Biosciences Inc,4.64,14,8,5,9,3,4,5,48,-3.0,45.0,Weak,Watchlist only,62,1.1,1.3,4.3,59.5,1,,Healthcare,559187392.0,965779.31
AHT-PH,Ashford Hospitality Trust Inc,5.193,12,15,3,14,4,4,5,57,-13.0,45.0,Weak,Watchlist only,30,-2.9,-3.6,3.6,54.4,1,,Real Estate,102473640.0,5197.2
MWUSX,METROPOLITAN WEST ULTRA SHORT BOND FUND CLASS M,4.16,6,7,7,8,3,4,3,38,2.0,45.0,Weak,🔥 COILED: Watchlist only,31,0.0,0.0,0.0,48.5,0,,nan,0.0,0.0
SLMUF,SLMUF,4.17,15,6,12,9,6,2,3,53,-13.0,45.0,Weak,🔥 COILED: Watchlist only,44,0.0,0.0,0.0,99.1,0,,Financial Services,nan,36.63
WXIBF,WuXi Biologics,4.6,14,5,2,9,6,4,5,45,0.0,45.0,Weak,Watchlist only,38,0.0,15.0,3.5,58.4,2,,Healthcare,18193782784.0,3877.83
NHPEF,New Hope Corporation Ltd,3.85,8,9,4,12,5,2,2,42,2.0,45.0,Weak,Watchlist only,44,0.5,1.9,0.6,49.9,1,,Energy,3766784256.0,0.0
KHYAX,DEUTSCHE HIGH INCOME FUND CLASS A,4.44,7,8,6,8,4,2,3,38,2.0,45.0,Weak,🔥 COILED: Watchlist only,38,0.0,0.0,0.0,50.1,0,,nan,0.0,0.0
MCSRX,MFS COMMODITY STRATEGY FUND R6,4.26,13,5,7,9,0,7,4,45,-5.0,45.0,Weak,🔥 COILED: Watchlist only,50,1.7,4.4,1.1,53.9,0,,nan,0.0,0.0
FNEVY,Fraser and Neave Ltd ADR,4.53,7,4,10,7,3,4,3,38,2.0,45.0,Weak,🔥 COILED: Watchlist only,37,0.0,0.0,-0.0,53.3,0,,Consumer Defensive,1514173440.0,0.0
DOYU,DouYu International Holdings,4.63,3,11,8,8,6,2,4,42,2.0,45.0,Weak,Watchlist only,28,4.0,-0.4,-0.5,47.7,1,,Communication Services,154515760.0,43752.85
ESFAX,ASHMORE EMERGING MARKETS SHORT DURATION FUND CLASS A,4.83,16,5,11,6,6,3,4,51,-9.0,45.0,Weak,Watchlist only,46,0.2,0.2,0.2,63.5,0,,nan,0.0,0.0
DXST,Decent Holding Inc Ordinary Shares,2.99,16,11,8,18,5,4,3,65,-25.8,44.2,Weak,Watchlist only,58,28.9,45.9,27.2,60.7,3,,Industrials,8712500.0,1089152.77
AVCTF,Avacta Group Plc,1.0,6,4,10,8,6,5,3,42,-3.0,44.0,Weak,🔥 COILED: Watchlist only,45,0.0,0.0,-0.1,44.8,1,,Healthcare,455110272.0,5244.28
PNBK,Patriot National Bancorp Inc,1.22,14,16,2,5,5,7,5,54,-8.0,44.0,Weak,Watchlist only,37,4.3,1.7,7.4,57.1,1,,Financial Services,124651656.0,295402.65
DIIBF,Dorel Industries Inc,1.18,10,6,5,12,3,5,5,46,-7.0,44.0,Weak,🔥 COILED: Watchlist only,34,-1.7,-4.8,0.6,51.5,1,,Consumer Defensive,36698736.0,8120.07
ALZN,Alzamend Neuro Inc,1.22,15,14,6,9,9,7,2,62,-18.0,44.0,Weak,Watchlist only,35,5.2,8.9,2.4,53.7,3,,Healthcare,4337404.0,108419.49
RDI,Reading International Inc,1.3,14,10,6,8,5,7,5,55,-11.0,44.0,Weak,Watchlist only,57,4.8,-0.8,3.0,55.6,1,,Communication Services,40920488.0,79205.41
PTGCF,PTT Global Chemical Public Company Limited,1.21,13,2,4,9,6,2,3,39,0.0,44.0,Weak,🔥 COILED: Watchlist only,52,0.0,0.0,0.4,54.1,1,,Basic Materials,5733335552.0,31.9
BOLD,"Boundless Bio, Inc. Common Stock",2.49,15,10,5,12,7,0,5,54,-8.0,44.0,Weak,Watchlist only,64,-0.8,0.4,8.8,70.1,1,,Healthcare,32348322.0,161514.42
CNDT,Conduent Inc,1.58,11,11,5,9,5,3,5,49,-3.0,44.0,Weak,Watchlist only,40,5.3,7.5,5.6,57.9,1,,Technology,237298128.0,1299073.34
TXWHY,Texwinca Holdings Limited,1.5,7,7,10,7,3,2,3,39,0.0,44.0,Weak,🔥 COILED: Watchlist only,45,0.0,0.0,0.0,51.9,0,,Consumer Cyclical,207254432.0,8.0
SWVL,Swvl Holdings Corp,1.47,8,14,6,7,3,4,2,44,-1.0,44.0,Weak,Watchlist only,38,1.4,3.5,1.0,50.1,0,,Industrials,15715764.0,242232.38
NNDM,Nano Dimension Ltd,1.48,8,6,8,15,2,2,5,46,-5.0,44.0,Weak,Watchlist only,19,-1.3,-0.7,0.4,49.4,1,,Technology,326365376.0,2797526.33
OSOL,Osprey Solana Trust,2.28,13,8,5,16,7,4,5,58,-15.0,44.0,Weak,Watchlist only,39,2.3,9.6,6.9,61.2,1,,nan,nan,54045.94
RENX,RenX Enterprises Corp.,1.98,15,5,6,11,3,4,5,49,-5.0,44.0,Weak,Watchlist only,46,-3.4,1.5,1.4,53.9,1,,Real Estate,4312897.0,1134139.93
SYHMY,Synthomer plc,1.75,15,6,12,9,6,6,3,57,-18.0,44.0,Weak,🔥 COILED: Watchlist only,55,0.0,0.0,0.4,94.9,1,,Basic Materials,286901440.0,1661.86
JAGU,Jaguar Uranium Corp.,1.82,7,14,7,12,3,2,2,47,-3.0,44.0,Weak,Watchlist only,0,5.8,7.1,2.9,50.3,1,,Energy,41397240.0,0.0
PRPS,Propellus Inc,2.2,15,4,7,14,6,6,5,57,-18.0,44.0,Weak,🔥 COILED: Watchlist only,54,0.0,2.6,2.6,79.1,1,,Financial Services,17542234.0,761.0
GFSEF,GFSEF,2.0,8,7,9,7,3,2,3,39,0.0,44.0,Weak,🔥 COILED: Watchlist only,32,0.0,0.0,-0.0,47.9,0,,Financial Services,15649690624.0,0.0
CMPRF,Gentera S.A.B. de C.V,2.41,18,7,5,16,5,1,5,57,-13.0,44.0,Weak,Watchlist only,0,15.9,15.9,10.9,81.6,2,,Financial Services,4216568576.0,0.0
GYYMF,The Gym Group plc,2.67,15,6,10,8,6,4,3,52,-13.0,44.0,Weak,🔥 COILED: Watchlist only,56,0.0,0.0,1.3,100.0,0,,Consumer Cyclical,464552832.0,6.75
TNLIF,Trainline Plc,2.965,8,6,10,9,3,2,3,41,0.0,44.0,Weak,Watchlist only,29,0.0,0.0,-0.0,28.8,0,,Consumer Cyclical,1064314496.0,82.2
PGENY,Pigeon Corp ADR,3.15,14,6,12,10,4,2,5,53,-12.0,44.0,Weak,Watchlist only,61,1.6,1.6,2.2,65.7,0,,Consumer Defensive,1450095488.0,0.0
SROYF,Sailfish Royalty Corp,3.41,15,3,4,12,5,6,5,50,-6.0,44.0,Weak,Watchlist only,65,3.5,1.2,3.8,58.3,0,,Basic Materials,239972176.0,31406.18
RENT,Rent the Runway Inc,3.31,6,10,8,14,2,2,2,44,0.0,44.0,Weak,Watchlist only,15,-0.6,0.0,-1.5,45.3,0,,Consumer Cyclical,115644792.0,136338.36
TRTPF,TRTPF,3.5,16,4,5,7,4,0,3,39,0.0,44.0,Weak,🔥 COILED: Watchlist only,47,0.0,0.0,0.9,52.3,0,,Technology,1353537152.0,5640.56
EEICX,EATON VANCE EMERGING MARKETS LOCAL INCOME FUND EATON VANCE EMERGING MARKETS LOCAL INCOME FUND CLASS C,3.6,7,6,8,7,4,2,3,37,2.0,44.0,Weak,🔥 COILED: Watchlist only,34,-0.3,0.3,-0.1,49.5,0,,nan,0.0,0.0
FOSL,Fossil Group Inc,4.21,7,11,9,13,3,2,2,47,-6.0,44.0,Weak,🔥 COILED: Watchlist only,51,3.2,-0.5,1.5,51.9,1,,Consumer Cyclical,240543520.0,809402.87
JUKIY,Juki Corporation,3.99,9,2,9,11,4,3,3,41,0.0,44.0,Weak,Watchlist only,37,0.0,0.0,-0.1,34.7,0,,Industrials,117932912.0,16.13
UEIC,Universal Electronics Inc,4.66,15,5,5,15,5,1,5,51,-7.0,44.0,Weak,Watchlist only,59,-0.2,-0.6,2.8,62.4,1,,Technology,51152724.0,72863.15
LOQPF,Accesso Technology Group PLC,4.13,13,6,11,9,6,4,3,52,-13.0,44.0,Weak,🔥 COILED: Watchlist only,45,0.0,0.0,1.0,94.0,0,,Technology,113372656.0,250.0
DELHY,Delivery Hero SE,4.32,16,6,9,11,5,7,3,57,-13.0,44.0,Weak,Watchlist only,68,3.6,5.0,3.6,61.0,2,,Consumer Cyclical,13334587392.0,237123.82
MGHTF,Mercury NZ Limited,4.37,15,6,12,8,6,2,3,52,-13.0,44.0,Weak,🔥 COILED: Watchlist only,48,0.0,0.0,0.1,99.9,0,,Utilities,6194007552.0,300.76
OERLF,OC Oerlikon Corporation AG,4.345,5,6,10,9,3,5,3,41,0.0,44.0,Weak,Watchlist only,0,0.0,0.0,-0.1,27.5,1,,Industrials,1437811968.0,0.0
GNRV,Grand River Commerce Inc,5.45,16,8,10,15,6,3,4,62,-18.0,44.0,Weak,Watchlist only,56,1.7,2.8,3.9,83.2,0,,Financial Services,29915428.0,3200.44
OWLT,Owlet Inc,5.79,16,7,4,14,3,4,5,53,-9.0,44.0,Weak,Watchlist only,36,-2.0,-6.0,0.8,52.2,1,,Healthcare,148195968.0,245365.47
^TNX,CBOE Interest Rate 10 Year T No,4.569,16,12,4,7,7,1,4,51,-7.0,44.0,Weak,Watchlist only,52,0.7,2.1,1.2,57.8,0,,Other,nan,0.0
FTCO,Fortitude Gold Corp,4.8,3,10,7,9,4,5,3,41,2.0,44.0,Weak,Watchlist only,38,-1.0,-1.8,-0.4,48.3,2,,Basic Materials,130781632.0,69766.88
STAK,STAK Inc. Ordinary Shares,3.58,8,8,1,17,6,0,2,42,-3.0,44.0,Weak,Watchlist only,56,-0.8,-13.5,-3.6,49.0,1,,Energy,69349352.0,2571423.1
SHIAX,WESTERN ASSET SHORT DURATION HIGH INCOME FUND CLASS A,4.76,6,8,5,8,3,4,3,37,2.0,44.0,Weak,🔥 COILED: Watchlist only,28,0.0,0.0,-0.0,46.0,0,,nan,0.0,0.0
PBHAX,PRUDENTIAL HIGH YIELD FUND CLASS A,4.78,5,8,8,8,3,4,3,39,2.0,44.0,Weak,Watchlist only,31,0.0,-0.2,-0.1,44.7,0,,nan,0.0,0.0
ATPC,Agape ATP Corporation Common Stock,4.2,18,12,6,9,6,2,5,58,-19.5,43.5,Weak,Watchlist only,55,48.4,40.5,39.8,65.6,2,,Consumer Defensive,4252660.0,1477938.94
DHSBF,Dah Sing Banking Group Ltd,1.0,7,6,10,7,3,2,3,38,0.0,43.0,Weak,🔥 COILED: Watchlist only,44,0.0,0.0,0.0,50.0,0,,Financial Services,1405752192.0,3.2
LGNRF,Legend Holdings Corporation,1.13,7,6,10,7,3,2,3,38,0.0,43.0,Weak,🔥 COILED: Watchlist only,44,0.0,0.0,0.0,50.0,0,,Technology,2662540800.0,1.04
NNVC,NanoViricides Inc,1.77,18,9,4,16,7,4,5,63,-21.0,43.0,Weak,Watchlist only,59,9.9,31.1,15.2,63.9,3,,Healthcare,34170500.0,460053.34
ZVIA,Zevia Pbc,1.67,13,5,4,15,3,7,5,52,-9.0,43.0,Weak,Watchlist only,50,-5.6,-7.2,1.8,54.5,1,,Consumer Defensive,100485336.0,834801.63
RAPH,Raphael Pharmaceutical Inc.,1.4,12,6,11,7,3,6,3,48,-8.0,43.0,Weak,Watchlist only,56,0.0,0.0,0.0,76.9,1,,Healthcare,28246984.0,14.69
PZCUY,PZ Cussons PLC ADR,1.51,8,6,10,8,3,2,3,40,0.0,43.0,Weak,Watchlist only,31,0.0,0.0,-0.0,10.4,1,,Consumer Defensive,317366944.0,0.0
BRR,"ProCap Financial, Inc.",2.0,15,4,5,17,3,5,5,54,-11.0,43.0,Weak,Watchlist only,37,32.5,32.5,17.2,60.7,2,,Financial Services,174806896.0,868816.82
KPDCF,Keppel DC REIT,1.8,9,7,3,10,4,2,3,38,2.0,43.0,Weak,Watchlist only,41,5.9,3.4,2.3,54.4,0,,Real Estate,4403112960.0,755.49
CCPPF,Capital & Counties Properties PLC,1.82,8,5,3,7,6,6,3,38,0.0,43.0,Weak,🔥 COILED: Watchlist only,58,0.0,0.0,-0.1,50.3,0,,Real Estate,3281440256.0,52.6
PSHG,Performance Shipping Inc,1.72,7,14,9,5,4,7,2,48,-8.0,43.0,Weak,Watchlist only,22,3.6,1.8,1.6,52.7,0,,Industrials,21383312.0,116036.57
JSVGF,Johnson Service Group PLC,1.95,15,2,5,7,6,0,3,38,0.0,43.0,Weak,🔥 COILED: Watchlist only,38,0.0,0.0,0.9,53.1,0,,Industrials,737084800.0,724.69
PHUN,Phunware Inc,2.13,14,5,3,15,3,3,5,48,-5.0,43.0,Weak,Watchlist only,57,2.4,0.9,3.2,57.1,1,,Technology,41099316.0,183813.24
FLNT,Fluent Inc,3.65,13,7,5,14,5,0,5,49,-6.0,43.0,Weak,Watchlist only,49,-0.3,-9.4,4.7,57.9,1,,Communication Services,71259552.0,227439.57
CMCLF,China Molybdenum Co. Ltd,2.25,9,14,4,11,4,2,2,46,-1.0,43.0,Weak,Watchlist only,38,16.0,14.8,7.7,54.3,2,,Basic Materials,58512740352.0,18947.43
ORGO,Organogenesis Holdings Inc,2.67,14,13,11,12,6,2,5,63,-20.0,43.0,Weak,Watchlist only,40,8.5,9.4,9.2,62.6,3,,Healthcare,319112864.0,1313482.48
BNSOF,Bonso Electronics International Inc.,2.39,11,3,9,9,6,4,3,45,-5.0,43.0,Weak,Watchlist only,50,0.0,0.0,-0.1,49.5,1,,Technology,11317245.0,735.18
GNCGF,Greencore Group plc,2.72,10,7,6,8,3,6,3,43,0.0,43.0,Weak,Watchlist only,33,0.4,7.5,1.1,49.9,0,,Consumer Defensive,2116872448.0,272.63
MOBBW,Mobilicom Limited Warrants,2.35,7,14,4,13,4,4,2,48,-13.0,43.0,Weak,Watchlist only,48,-5.2,17.5,3.6,51.2,3,,nan,727576960.0,14239.39
WPNTF,Warpaint London PLC,2.63,11,6,3,8,4,3,5,40,0.0,43.0,Weak,Watchlist only,42,5.1,5.1,2.5,54.8,0,,Consumer Defensive,202170272.0,420.68
TWG,Top Wealth Group Holding Limited Ordinary Shares,2.43,6,12,6,8,4,2,3,41,4.0,43.0,Weak,Watchlist only,21,7.0,8.4,3.8,51.8,2,,Consumer Defensive,69188296.0,541827.36
INDO,Indonesia Energy,2.92,11,12,9,8,5,3,5,53,-8.0,43.0,Weak,Watchlist only,26,5.8,5.4,3.6,54.5,1,,Energy,45237312.0,1307735.37
JASBX,JANUS SHORT-TERM BOND FUND CLASS T,2.88,11,5,6,8,1,4,3,38,2.0,43.0,Weak,Watchlist only,25,0.0,0.0,0.0,51.0,0,,nan,0.0,0.0
RKLZ,Defiance Daily Target 2x Short RKLB ETF,5.11,17,14,7,15,3,2,5,63,-20.0,43.0,Weak,Watchlist only,34,41.9,97.3,40.1,63.2,2,,nan,nan,0.0
MDBH,"MDB Capital Holdings, LLC Class A common",3.42,10,4,4,15,5,7,5,50,-5.0,43.0,Weak,Watchlist only,42,0.7,2.1,3.8,56.6,1,,Financial Services,34216792.0,10955.97
CTNR,Central Natural Resources Inc,3.05,13,6,12,9,6,2,3,51,-13.0,43.0,Weak,🔥 COILED: Watchlist only,35,0.0,0.0,0.0,98.7,0,,Energy,8915078.0,246.5
RAAQW,Real Asset Acquisition Corp.,4.9,19,10,5,16,6,8,5,69,-26,43,Weak,Watchlist only,74,276.9,276.9,172.8,75.1,2,4,nan,nan,52942.71
MAQAF,Atlas Arteria Limited,3.96,16,4,7,9,5,6,5,52,-9.0,43.0,Weak,Watchlist only,58,17.3,9.4,12.0,64.2,1,,Industrials,4904479232.0,0.0
BLMC,Biloxi Marsh Lands Corp,3.5,15,4,8,12,6,3,5,53,-13.0,43.0,Weak,Watchlist only,60,0.0,0.0,1.7,99.5,1,,Energy,6137318.0,0.0
OSSUY,Össur hf,3.815,8,6,10,8,3,2,3,40,0.0,43.0,Weak,Watchlist only,24,0.0,0.0,-0.0,21.1,0,,Healthcare,1626394368.0,35.61
KLC,"KinderCare Learning Companies, Inc.",5.23,16,5,7,15,5,3,5,56,-13.0,43.0,Weak,Watchlist only,60,3.6,9.0,10.3,70.2,2,,Consumer Defensive,471936736.0,1049079.13
GLOH,Glow Holdings Inc,3.75,10,7,11,7,3,2,3,43,-5.0,43.0,Weak,🔥 COILED: Watchlist only,47,0.0,0.0,0.0,51.9,1,,Financial Services,7964186.0,287.5
HRASF,Hera S.p.A,4.1,7,6,10,7,3,2,3,38,0.0,43.0,Weak,🔥 COILED: Watchlist only,51,0.0,0.0,0.0,50.0,0,,Utilities,6061331968.0,10.84
IOVA,Iovance Biotherapeutics Inc,4.66,17,12,5,8,7,6,5,60,-18.0,43.0,Weak,Watchlist only,68,6.6,17.4,10.0,59.9,3,,Healthcare,1888705152.0,14135920.14
OSSFF,Össur hf,4.15,8,3,8,9,3,6,3,40,0.0,43.0,Weak,Watchlist only,31,0.0,0.0,-0.0,0.3,0,,Healthcare,1769210112.0,43.25
UIS,Unisys Corporation,3.8,12,5,3,14,5,2,4,45,-5.0,43.0,Weak,Watchlist only,49,-6.9,3.0,0.1,51.6,1,,Technology,314950336.0,783525.59
CAIXY,Caixabank SA ADR,4.68,8,5,8,10,3,3,3,40,0.0,43.0,Weak,Watchlist only,57,-2.2,-1.4,-0.5,50.6,0,,Financial Services,90562822144.0,409381.21
SGHT,Sight Sciences Inc,5.2,10,8,8,9,7,0,5,47,-5.0,43.0,Weak,Watchlist only,47,-1.1,-4.4,-1.1,49.7,1,,Healthcare,250285744.0,251610.58
BUGDF,Bumrungrad Hospital PCL DRC,4.75,6,4,11,7,3,2,3,36,2.0,43.0,Weak,🔥 COILED: Watchlist only,39,0.0,0.0,0.0,50.8,0,,Healthcare,4292819712.0,0.0
RSGUF,Rogers Sugar Inc,4.96,15,9,6,5,6,7,4,52,-9.0,43.0,Weak,Watchlist only,55,0.6,3.1,1.3,64.1,1,,Consumer Defensive,631070272.0,17640.82
TDUP,ThredUp Inc,6.74,15,9,5,14,7,4,5,59,-14.0,43.0,Weak,Watchlist only,60,2.5,-2.5,6.1,63.6,1,,Consumer Cyclical,619396096.0,2185186.12
PYPG,Leverage Shares 2X Long PYPL Daily ETF,8.54,15,6,6,16,6,10,5,64,-21,43,Weak,Watchlist only,51,52.2,60.2,41.3,81.0,2,9,nan,nan,630115.26
SMGBF,San Miguel Corporation,1.0,6,8,8,8,3,3,3,39,0.0,42.0,Weak,Watchlist only,36,0.0,0.0,-1.4,43.5,0,,Industrials,2700107264.0,0.0
IDSXX,Columbia Funds Series Trust II  - Columbia Government Money Market Fund,1.0,11,7,11,6,4,2,3,44,-10.0,42.0,Weak,🔥 COILED: Watchlist only,42,0.0,0.0,0.0,50.8,0,,nan,nan,0.0
JPAXX,JPMorgan Trust I - JPMorgan Prime Money Market Fund,1.0,5,5,6,8,4,4,3,35,2.0,42.0,Weak,🔥 COILED: Watchlist only,28,0.0,0.0,0.0,51.0,0,,nan,nan,0.0
POIXX,Money Market Obligations Trust - Federated Institutional Prime Obligations Fund,1.0,12,9,5,8,4,4,3,45,-3.0,42.0,Weak,Watchlist only,33,0.0,0.0,0.0,73.2,0,,nan,nan,0.0
FLTTX,WisdomTree Floating Rate Trsy Dgtl N/A,1.01,18,7,5,6,4,7,3,50,-13.0,42.0,Weak,🔥 COILED: Watchlist only,47,1.0,1.0,0.5,70.4,0,,nan,nan,0.0
MGIMF,Verve Group SE,2.4,12,3,4,14,6,0,5,44,-2.0,42.0,Weak,Watchlist only,56,0.0,0.0,12.8,61.3,0,,Technology,411740896.0,53.5
OLNCF,Omni-Lite Industries Canada Inc,1.51,13,2,5,15,6,5,5,51,-9.0,42.0,Weak,Watchlist only,57,1.3,-3.2,2.1,60.3,0,,Industrials,20430386.0,21060.22
GTIM,Good Times Restaurants Inc,1.4,13,3,3,14,3,1,5,42,0.0,42.0,Weak,Watchlist only,45,-1.4,-3.4,0.2,54.6,0,,Consumer Cyclical,13830843.0,55365.54
LXEH,Lixiang Education Holding Co Ltd,1.43,15,12,8,3,9,2,5,54,-13.0,42.0,Weak,Watchlist only,49,5.1,1.4,3.8,54.3,1,,Consumer Defensive,2606667.0,168352.63
WCT,Wellchange Holdings Company Limited,1.16,8,14,3,8,4,6,2,45,-3.0,42.0,Weak,Watchlist only,34,12.6,-4.1,-4.0,46.2,2,,Technology,7466693.0,501469.51
XHLD,"TEN Holdings, Inc. Common Stock",2.01,17,5,4,10,5,3,5,49,-7.0,42.0,Weak,Watchlist only,53,-2.4,-1.0,10.2,60.7,1,,Communication Services,6089322.0,1305084.25
VICP,Vicapsys Life Sciences Inc,1.46,7,7,10,10,3,2,3,42,-5.0,42.0,Weak,🔥 COILED: Watchlist only,42,0.0,0.0,0.0,53.1,1,,Healthcare,47262100.0,16.3
COTY,Coty Inc,2.49,14,13,5,15,5,6,5,63,-19.0,42.0,Weak,Watchlist only,40,16.9,9.2,13.7,69.6,3,,Consumer Defensive,1628862976.0,8080208.55
LTGHY,Life Healthcare Group Holdings,2.61,10,8,7,7,2,3,5,42,-3.0,42.0,Weak,Watchlist only,26,2.4,3.6,1.5,52.3,0,,Healthcare,883302784.0,85378.38
BNNLF,Bannerman Resources Ltd,2.4,4,12,9,8,2,4,3,42,-3.0,42.0,Weak,Watchlist only,31,11.1,7.1,3.3,52.3,2,,Energy,544259072.0,56075.31
SHGR,Success Hldg Grp,2.374,15,6,10,8,6,2,3,50,-13.0,42.0,Weak,🔥 COILED: Watchlist only,51,0.0,0.0,0.3,100.0,0,,Financial Services,50114384.0,20.5
FSROF,FSROF,2.62,15,6,10,10,4,2,3,50,-13.0,42.0,Weak,🔥 COILED: Watchlist only,49,0.0,0.0,0.2,98.8,0,,nan,457748736.0,51.98
INGEF,Ingenia Communities Group,2.875,6,2,10,10,4,4,3,39,0.0,42.0,Weak,Watchlist only,26,0.0,0.0,-0.2,27.6,0,,Real Estate,1171801856.0,214.48
JGHG,Jinzisheng Holding Group,2.76,7,7,11,9,3,2,3,42,-5.0,42.0,Weak,🔥 COILED: Watchlist only,46,0.0,0.0,0.0,51.9,1,,Technology,55237816.0,0.01
ELAMF,Elamex SA de CV,2.8,9,6,11,8,3,2,3,42,-5.0,42.0,Weak,🔥 COILED: Watchlist only,44,0.0,0.0,0.0,50.0,1,,Consumer Defensive,7473704.0,18.5
SFGLF,Steadfast Group Ltd,4.08,14,3,4,7,6,2,3,39,0.0,42.0,Weak,Watchlist only,43,0.0,0.0,2.2,56.3,0,,Financial Services,3836371456.0,129.3
MNKD,MannKind Corp,4.04,11,7,6,12,7,4,5,52,-15.0,42.0,Weak,🔥 COILED: Watchlist only,48,-2.4,-0.2,0.4,52.8,1,,Healthcare,1087504640.0,5081016.26
LSF,Laird Superfood Inc,4.6,11,11,7,8,7,0,3,47,-3.0,42.0,Weak,Watchlist only,60,5.5,-5.7,1.9,56.0,1,,Consumer Defensive,36974608.0,75445.06
SWSSF,Swiss Water Decaffeinated Coffee Inc,4.2,17,4,5,12,6,6,5,55,-13.0,42.0,Weak,Watchlist only,66,0.0,6.6,5.5,99.8,0,,Consumer Defensive,32944754.0,172.0
WHTCF,WashTec AG,3.036,7,12,6,13,6,4,2,50,-8.0,42.0,Weak,Watchlist only,42,-2.4,4.0,-0.5,47.8,0,,Healthcare,928410624.0,52103.82
ZNTL,Zentalis Pharmaceuticals Llc,4.57,14,3,5,12,3,2,5,44,-5.0,42.0,Weak,Watchlist only,59,-2.8,4.9,2.6,54.8,1,,Healthcare,275491168.0,1308735.64
GOGO,Gogo Inc,3.55,6,12,5,10,4,2,3,42,2.0,42.0,Weak,Watchlist only,20,-1.7,2.3,0.2,48.6,0,,Communication Services,557182720.0,2066042.14
XHIOX,Western Asset High Income Opportunity Fund Inc,3.9,4,10,5,8,3,4,3,37,2.0,42.0,Weak,Watchlist only,24,0.0,0.0,-0.1,45.2,0,,Other,0.0,0.0
WAINX,WASATCH EMERGING INDIA FUND INVESTOR CLASS SHARES,4.12,15,4,9,7,3,4,5,47,-10.0,42.0,Weak,🔥 COILED: Watchlist only,38,-1.0,-1.0,0.7,58.1,0,,nan,0.0,0.0
HYSNY,Hysan Development Co Ltd,4.285,9,7,7,10,3,2,4,42,0.0,42.0,Weak,Watchlist only,45,6.9,2.3,1.6,55.2,0,,Real Estate,2268637184.0,0.0
XHGIX,Western Assets High Income Fund II,4.13,4,10,5,8,3,4,3,37,2.0,42.0,Weak,Watchlist only,32,0.2,0.2,-0.1,46.1,0,,Other,0.0,0.0
HIIIX,CATALYST/SMH HIGH INCOME FUND CATALYST/SMH HIGH INCOME FUND CLASS I,4.08,6,6,8,7,3,2,3,35,2.0,42.0,Weak,🔥 COILED: Watchlist only,40,-0.5,-0.5,-0.3,46.6,0,,nan,0.0,0.0
CRNZF,Cairn Energy PLC,4.32,15,6,10,10,6,2,3,52,-13.0,42.0,Weak,Watchlist only,53,0.0,0.0,0.1,100.0,0,,Energy,296636384.0,61.5
RRGB,Red Robin Gourmet Burgers Inc,7.02,13,3,4,14,5,4,5,48,-4.0,42.0,Weak,Watchlist only,62,3.2,-9.2,5.5,60.7,1,,Consumer Cyclical,81953456.0,308671.29
MCSFX,MFS Commodity Strategy Fund Class B,4.23,14,5,7,9,0,3,4,42,-5.0,42.0,Weak,🔥 COILED: Watchlist only,47,1.9,4.4,1.1,54.0,0,,nan,nan,0.0
PYPD,PolyPid,5.19,15,3,3,14,5,4,5,49,-7.0,42.0,Weak,Watchlist only,57,-4.2,2.8,2.1,53.9,1,,Healthcare,93377760.0,76251.29
AACAF,AAC Technologies Holdings Inc,4.8,4,6,10,10,3,3,3,39,0.0,42.0,Weak,Watchlist only,0,0.0,0.0,-0.0,19.6,0,,Technology,5835769856.0,0.0
GDRZF,Gold Reserve Inc,4.55,8,6,8,14,5,1,2,44,-5.0,42.0,Weak,Watchlist only,48,-2.2,-1.9,-1.5,45.2,1,,Basic Materials,730473088.0,166881.89
EMDZX,PRUDENTIAL EMERGING MARKETS DEBT LOCAL CURRENCY FUND CLASS Z,4.93,8,4,7,7,1,7,3,37,0.0,42.0,Weak,🔥 COILED: Watchlist only,30,0.0,0.0,-0.0,50.6,0,,nan,0.0,0.0
CLNXX,Columbia Funds Series Trust II - Columbia Money Market Fund,1.0,11,7,10,6,4,2,3,43,-10.0,41.0,Weak,🔥 COILED: Watchlist only,42,0.0,0.0,0.0,50.8,0,,nan,nan,0.0
GP,GreenPower Motor Company Inc,1.61,16,8,4,10,7,7,5,57,-14.0,41.0,Weak,Watchlist only,54,8.1,0.6,11.6,64.6,1,,Industrials,5632839.0,684671.89
INHD,Inno Holdings Inc. Common Stock,39.49,19,9,7,15,7,2,5,64,-23,41,Weak,Watchlist only,65,3009.4,2869.2,384.7,98.2,4,7,Basic Materials,5379631.0,368198.32
LGMK,LogicMark Inc,0.8,14,13,2,8,8,2,2,49,-8.0,41.0,Weak,Watchlist only,48,-20.0,-26.6,1.4,50.4,1,,Healthcare,899759.0,4595.35
PTMEY,Media Nusantara Citra Tbk PT ADR,1.168,8,3,10,9,3,2,3,38,0.0,41.0,Weak,Watchlist only,28,0.0,0.0,-0.0,10.1,0,,Communication Services,154493248.0,216.31
DJTU,T-Rex 2X Long DJT Daily Target ETF,14.36,18,3,9,15,7,7,5,64,-23,41,Weak,Watchlist only,56,1148.7,1307.8,179.8,96.7,2,7,nan,nan,831406.93
YRD,Yirendai Ltd,1.24,10,7,1,10,2,7,4,41,2.0,41.0,Weak,Watchlist only,22,-1.6,37.5,-0.2,48.2,2,,Financial Services,106735928.0,91973.83
HPURF,Hexagon Purus ASA,1.2,15,6,12,10,6,2,3,54,-18.0,41.0,Weak,🔥 COILED: Watchlist only,48,0.0,0.0,1.5,98.8,1,,Industrials,51418336.0,233.72
NOWG,Nowigence Inc.,1.24,8,2,8,12,4,2,3,39,-3.0,41.0,Weak,🔥 COILED: Watchlist only,40,0.0,0.0,-0.1,47.6,1,,Technology,16162911.0,407.91
QTRHF,Quarterhill Inc,1.93,18,6,4,15,6,9,5,63,-20.0,41.0,Weak,Watchlist only,70,14.2,14.9,18.0,75.4,3,,Technology,167972848.0,22379.94
SMHGF,SMHGF,1.489,10,3,10,7,3,2,3,38,0.0,41.0,Weak,Watchlist only,34,0.0,0.0,-0.0,3.3,0,,Healthcare,3825203456.0,5.5
ITXXF,Itaconix plc,1.55,15,7,7,6,6,9,3,53,-15.0,41.0,Weak,Watchlist only,60,3.3,3.3,2.6,79.6,2,,Basic Materials,19959460.0,59.32
INCPF,InnoCare Pharma Limited,1.55,8,3,10,9,3,2,3,38,0.0,41.0,Weak,Watchlist only,31,0.0,0.0,-0.0,0.0,0,,Healthcare,2731344640.0,28.0
MEOBF,Mesoblast Ltd,1.7,20,5,5,14,4,6,5,59,-18.0,41.0,Weak,Watchlist only,60,9.7,9.7,7.1,86.5,2,,Healthcare,2197803520.0,268.5
SBTU,SBTU,2.13,12,6,6,13,0,6,4,47,-6.0,41.0,Weak,Watchlist only,31,15.1,22.4,6.1,51.4,2,,nan,nan,0.0
SDM,Smart Digital Group Limited Ordinary Shares,1.85,7,3,10,9,0,6,3,38,0.0,41.0,Weak,Watchlist only,28,0.0,0.0,-0.0,28.7,0,,Communication Services,58691252.0,403288.0
PLGDF,Palisades Goldcorp Ltd.,2.15,15,8,4,11,3,3,5,49,-8.0,41.0,Weak,Watchlist only,53,0.5,7.8,2.3,54.6,0,,Basic Materials,157358576.0,26457.55
RAASY,Cloopen Group Holding Ltd - ADR,2.03,8,4,8,8,6,5,4,43,-5.0,41.0,Weak,Watchlist only,51,0.5,-0.5,-0.1,50.5,1,,Technology,119771456.0,17449.74
MAQC,Maquia Capital Acquisition Corp,2.22,13,6,12,7,6,2,3,49,-13.0,41.0,Weak,🔥 COILED: Watchlist only,27,0.0,0.0,0.4,97.1,0,,Financial Services,11170651.0,14.5
BCARW,D. Boral ARC Acquisition I Corp. Warrant,1.45,15,9,3,15,7,0,5,54,-13.0,41.0,Weak,Watchlist only,54,-27.1,107.1,2.6,52.8,2,,nan,nan,0.0
LAUTX,LORD ABBETT INCOME FUND CLASS R5,2.41,4,9,4,8,4,4,3,36,2.0,41.0,Weak,Watchlist only,30,0.0,-0.4,-0.2,44.0,0,,nan,0.0,0.0
KRYXD,Koryx Copper Inc.,2.275,4,13,2,9,5,2,4,39,4.0,41.0,Weak,Watchlist only,42,1.3,3.7,-1.1,48.7,0,,Basic Materials,nan,20922.76
CYH,Community Health Systems Inc,3.38,10,14,3,14,6,4,5,56,-13.0,41.0,Weak,Watchlist only,45,-8.6,-4.5,0.6,52.4,0,,Healthcare,393157600.0,1748450.66
PHCI,Panamera Holdings Corporation,2.5,8,6,6,9,3,4,5,41,-5.0,41.0,Weak,🔥 COILED: Watchlist only,18,0.0,0.0,1.3,47.5,1,,Basic Materials,191364928.0,179.8
VIMGF,Vimian Group AB (publ),2.77,8,3,10,7,3,4,3,38,0.0,41.0,Weak,Watchlist only,40,0.0,0.0,-0.0,0.0,0,,Healthcare,1466058496.0,392.85
ESVIF,Ensign Energy Services Inc,2.41,7,15,6,10,4,2,2,46,-5.0,41.0,Weak,Watchlist only,38,1.3,2.6,-1.6,43.3,1,,Energy,571487936.0,80164.42
SYYNY,SYN prop e tech SA ADR,3.32,14,4,4,10,6,0,5,43,-2.0,41.0,Weak,Watchlist only,29,0.3,0.3,3.9,56.9,0,,Real Estate,101890168.0,600.49
MBPFF,Mitchells & Butlers plc,3.41,8,3,10,7,3,4,3,38,0.0,41.0,Weak,Watchlist only,46,0.0,0.0,-0.0,37.1,0,,Consumer Cyclical,2024112384.0,44.7
FTEMUX,FTEMUX,3.308,9,11,6,8,6,0,4,44,-3.0,41.0,Weak,Watchlist only,27,-0.1,0.0,0.0,38.8,0,,nan,nan,0.0
THRY,Thryv Holdings Inc,4.2,13,10,4,14,7,1,5,54,-11.0,41.0,Weak,Watchlist only,50,-2.8,1.7,3.9,56.4,0,,Technology,168529184.0,958244.46
SBSYX,WESTERN ASSET SHORT-TERM BOND FUND CLASS I,3.66,4,8,4,8,3,4,3,34,2.0,41.0,Weak,🔥 COILED: Watchlist only,29,0.0,0.0,-0.0,46.8,0,,nan,0.0,0.0
XCMUX,MFS High Yield Municipal Trust,3.73,11,7,11,6,4,2,3,44,-8.0,41.0,Weak,🔥 COILED: Watchlist only,36,0.0,0.0,0.0,50.0,0,,Other,0.0,0.0
GPIIX,GRANDEUR PEAK INTERNATIONAL OPPORTUNITIES FUND GRANDEUR PEAK INTERNATIONAL OPPORTUNITIES FUND INSTITUTIONAL CLASS,3.56,5,4,5,9,5,3,3,34,2.0,41.0,Weak,🔥 COILED: Watchlist only,49,-0.3,-1.9,-0.6,47.3,0,,nan,0.0,0.0
NMCCX,VOYA MIDCAP OPPORTUNITIES FUND CLASS C,3.66,6,4,8,7,3,5,3,36,0.0,41.0,Weak,🔥 COILED: Watchlist only,30,-2.7,-3.2,-1.0,47.9,0,,nan,0.0,0.0
PTLO,Portillo's Inc,4.71,8,12,4,9,4,4,5,46,-3.0,41.0,Weak,Watchlist only,32,2.4,-5.6,2.8,54.7,0,,Consumer Cyclical,279028608.0,2375749.03
LDLRX,LORD ABBETT SHORT DURATION INCOME FUND CLASS R3,3.84,4,8,4,8,3,4,3,34,2.0,41.0,Weak,🔥 COILED: Watchlist only,31,0.0,0.0,-0.0,46.8,0,,nan,0.0,0.0
LOLDX,Lord Abbett Short Duration Income Cl F3,3.84,4,8,4,8,3,4,3,34,2.0,41.0,Weak,🔥 COILED: Watchlist only,31,0.0,0.0,-0.0,46.7,0,,nan,0.0,0.0
HIICX,CATALYST/SMH HIGH INCOME FUND CATALYST/SMH HIGH INCOME FUND CLASS C,4.08,5,9,7,7,3,2,3,36,0.0,41.0,Weak,🔥 COILED: Watchlist only,39,-0.7,-0.5,-0.3,45.5,0,,nan,0.0,0.0
XCXEX,MFS High Income Municipal Trust,4.1,10,7,11,6,4,2,3,43,-10.0,41.0,Weak,🔥 COILED: Watchlist only,45,0.0,0.0,0.0,54.5,0,,Other,0.0,0.0
HIIFX,CATALYST/SMH HIGH INCOME FUND CATALYST/SMH HIGH INCOME FUND CLASS A,4.07,5,9,7,7,3,2,3,36,0.0,41.0,Weak,🔥 COILED: Watchlist only,39,-0.7,-0.5,-0.4,45.4,0,,nan,0.0,0.0
AHT-P-G,Ashford Hospitality Trust Inc 7.375% Series G Cumulative Preferred Stock,5.0,8,9,3,13,4,4,5,46,-3.0,41.0,Weak,Watchlist only,21,-6.7,-6.3,-0.4,50.0,0,,Other,nan,4501.55
ARREF,Amerigo Resources Ltd.,5.15,19,6,3,14,3,2,4,51,-10.0,41.0,Weak,Watchlist only,53,6.4,18.9,7.3,60.4,2,,Basic Materials,808984448.0,170541.67
WMGTF,Wilmington plc,4.479,8,4,9,7,3,2,3,36,0.0,41.0,Weak,🔥 COILED: Watchlist only,44,0.0,0.0,-0.0,43.9,0,,Consumer Defensive,401142816.0,7.34
TBTC,Table Trac Inc,4.53,11,15,9,1,3,1,4,44,-8.0,41.0,Weak,🔥 COILED: Watchlist only,56,0.2,6.1,0.7,52.0,0,,Consumer Cyclical,20753704.0,5186.94
MCSAX,MFS COMMODITY STRATEGY FUND A,4.24,13,5,7,9,0,3,4,41,-5.0,41.0,Weak,🔥 COILED: Watchlist only,47,1.7,4.4,1.1,53.9,0,,nan,0.0,0.0
MCSHX,MFS Commodity Strategy Fund Class C,4.2,13,5,7,9,0,3,4,41,-5.0,41.0,Weak,🔥 COILED: Watchlist only,47,1.7,4.5,1.1,53.5,0,,nan,nan,0.0
MCSOX,MFS Commodity Strategy Fund Class R2,4.22,13,5,7,9,0,3,4,41,-5.0,41.0,Weak,🔥 COILED: Watchlist only,47,1.7,4.5,1.0,53.3,0,,nan,nan,0.0
MCSQX,MFS Series Trust XV - MFS Commodity Strategy Fund,4.24,13,5,7,9,0,3,4,41,-5.0,41.0,Weak,🔥 COILED: Watchlist only,47,1.7,4.4,1.1,53.9,0,,nan,nan,0.0
MCSTX,MFS Commodity Strategy Fund Class R4,4.26,13,5,7,9,0,3,4,41,-5.0,41.0,Weak,🔥 COILED: Watchlist only,48,1.9,4.7,1.2,54.3,0,,nan,nan,0.0
RSKD,Riskified Ltd,5.15,10,5,5,14,5,2,5,46,-5.0,41.0,Weak,Watchlist only,55,-2.1,2.6,1.2,56.5,1,,Technology,692813376.0,682449.56
PRHCX,PRUDENTIAL HIGH YIELD FUND CLASS C,4.77,2,9,5,8,3,4,3,34,2.0,41.0,Weak,🔥 COILED: Watchlist only,28,0.0,-0.2,-0.1,44.7,0,,nan,0.0,0.0
PHYGX,PGIM HIGH YIELD FUND CLASS R4,4.78,2,9,5,8,3,4,3,34,2.0,41.0,Weak,🔥 COILED: Watchlist only,28,0.0,-0.2,-0.1,44.8,0,,nan,nan,0.0
FBLG,"FibroBiologics, Inc. Common Stock",0.84,8,8,6,12,2,4,5,45,-5.0,40.0,Weak,Watchlist only,26,-2.5,-7.3,-3.4,44.9,1,,Healthcare,5573539.0,1187423.74
VYAXX,Voya Funds Trust - Government Money Market Fund Series II,1.0,18,9,4,8,4,7,3,53,-13.0,40.0,Weak,Watchlist only,49,0.0,0.0,0.0,96.0,0,,nan,nan,0.0
BLIN,Bridgeline Digital Inc,1.2,13,5,4,11,3,4,5,45,-5.0,40.0,Weak,Watchlist only,52,-3.2,0.0,1.1,53.4,1,,Technology,13355871.0,71424.29
SNOA,Sonoma Pharmaceuticals Inc,1.22,10,5,9,14,2,0,5,45,-5.0,40.0,Weak,Watchlist only,18,-3.2,0.8,0.8,51.4,1,,Healthcare,3959851.0,87041.03
PECN,Photoelectron Corp,1.057,12,6,6,14,0,2,5,45,-8.0,40.0,Weak,🔥 COILED: Watchlist only,34,4.2,8.6,2.4,53.7,2,,Healthcare,20110000.0,17.03
GPSAF,GPSAF,1.23,5,4,10,8,3,2,3,35,0.0,40.0,Weak,🔥 COILED: Watchlist only,31,0.0,0.0,0.0,50.0,0,,nan,609934848.0,50.0
PPKRF,PPKRF,1.3,5,4,9,9,3,2,3,35,0.0,40.0,Weak,🔥 COILED: Watchlist only,39,0.0,0.0,0.0,50.0,0,,Consumer Cyclical,4795471872.0,1.0
HBMHF,HBM Holdings Limited,1.56,8,3,10,8,3,2,3,37,0.0,40.0,Weak,Watchlist only,36,0.0,0.0,-0.0,0.1,0,,Healthcare,1303004544.0,111.48
MRNFF,Meren Energy Inc.,1.42,5,6,8,11,2,2,3,37,0.0,40.0,Weak,Watchlist only,36,-0.7,2.9,-1.5,43.7,1,,Energy,1115590272.0,162410.28
AMC,AMC Entertainment Holdings Inc,2.07,9,13,2,7,7,2,2,42,-3.0,40.0,Weak,Watchlist only,55,8.9,7.3,4.5,53.9,2,,Communication Services,1478176640.0,27707144.41
MIMSX,BNY MELLON MID CAP MULTI-STRATEGY FUND INVESTOR SHARES,1.83,11,7,9,4,6,2,3,42,-10.0,40.0,Weak,🔥 COILED: Watchlist only,28,0.0,0.0,0.1,52.0,0,,nan,0.0,0.0
AUMC,Auryn Mining Corp,1.7,10,11,3,8,6,4,3,45,-10.0,40.0,Weak,🔥 COILED: Watchlist only,42,3.0,-3.4,-2.1,47.0,0,,Basic Materials,133000000.0,4491.38
NUFMF,Nufarm Limited,1.92,5,4,10,9,6,5,3,42,-5.0,40.0,Weak,Watchlist only,52,0.0,0.0,-0.5,47.2,1,,Basic Materials,756294912.0,882.0
SEAN,Saean Group Inc.,0.85,5,6,5,12,3,4,5,40,0.0,40.0,Weak,Watchlist only,29,4.9,4.9,-0.6,39.3,0,,Consumer Cyclical,713702208.0,0.23
ZMTBY,Zumtobel Group AG,1.92,8,3,10,8,3,2,3,37,0.0,40.0,Weak,Watchlist only,33,0.0,0.0,-0.0,5.6,0,,Industrials,162576816.0,46.27
WAIOX,WASATCH INTERNATIONAL OPPORTUNITIES FUND INVESTOR CLASS SHARES,1.91,4,4,7,7,3,7,3,35,0.0,40.0,Weak,🔥 COILED: Watchlist only,32,-1.0,-0.5,-0.5,48.2,0,,nan,0.0,0.0
IVCHF,Invicta Holdings Ltd,1.98,12,6,10,6,6,2,3,45,-10.0,40.0,Weak,🔥 COILED: Watchlist only,49,0.0,0.0,0.1,50.0,0,,Industrials,171523488.0,45.5
KCDMF,Kimberly-Clark de México S. A. B. de C. V,2.25,8,14,9,4,4,3,3,45,-8.0,40.0,Weak,Watchlist only,50,3.7,3.2,2.6,55.0,1,,Consumer Defensive,6721901056.0,0.0
CHRHF,Chervon Holdings Limited,2.65,16,9,4,14,6,8,5,62,-18.0,40.0,Weak,Watchlist only,49,24.4,24.4,23.2,80.1,2,,Industrials,1139650048.0,81.89
HWGLF,Harworth Group plc,2.07,5,4,9,9,3,2,3,35,0.0,40.0,Weak,🔥 COILED: Watchlist only,38,0.0,0.0,0.0,50.0,0,,Real Estate,673164672.0,3.0
MOGU,MOGU Inc,1.96,7,12,2,12,3,2,2,40,2.0,40.0,Weak,Watchlist only,16,-1.0,8.3,0.2,49.5,2,,Consumer Cyclical,16837700.0,382380.88
CABI,Cabbacis Inc.,2.0,7,11,4,8,3,0,3,36,4.0,40.0,Weak,Watchlist only,25,0.0,0.0,1.2,45.6,1,,Consumer Defensive,15584014.0,0.0
TRNLY,Trendlines Group Ltd ADR,2.1,5,6,5,7,4,3,5,35,0.0,40.0,Weak,🔥 COILED: Watchlist only,39,0.0,0.0,-0.3,43.2,0,,Financial Services,66952704.0,620.51
HCTI,Healthcare Triangle Inc,1.89,6,11,4,9,4,4,2,40,2.0,40.0,Weak,Watchlist only,25,-1.0,-2.6,-2.2,45.7,1,,Healthcare,4882699.0,289557.54
ARHVF,Archer Limited,2.5,4,3,10,10,3,7,3,40,0.0,40.0,Weak,Watchlist only,37,0.0,0.0,-0.9,34.4,1,,Energy,290523648.0,0.0
DNERF,Downer EDI Limited,3.0,8,3,9,9,3,2,3,37,0.0,40.0,Weak,Watchlist only,33,0.0,0.0,-0.0,0.0,0,,Industrials,1984904192.0,3.8
SLCJY,SLC Agricola SA ADR,2.72,5,11,4,13,3,2,2,40,2.0,40.0,Weak,Watchlist only,20,1.9,2.6,0.8,48.4,0,,Consumer Defensive,1539330432.0,12900.57
PLTK,Playtika Holding Corp,4.11,19,6,5,11,7,3,5,56,-16.0,40.0,Weak,Watchlist only,62,9.9,7.3,8.0,61.7,1,,Communication Services,1198195584.0,1681689.88
CURR,Currenc Group Inc. Ordinary Shares,3.35,14,14,6,12,5,6,5,62,-22.0,40.0,Weak,Watchlist only,67,9.8,28.4,12.3,60.9,3,,Technology,349196672.0,399245.46
GLSSX,Invesco Global Strategic Income Fund Class R5,3.14,4,7,5,9,1,4,3,33,2.0,40.0,Weak,🔥 COILED: Watchlist only,34,-0.3,0.0,-0.1,48.7,0,,nan,nan,0.0
ALNPY,ANA Holdings Inc ADR,3.79,10,8,1,14,7,0,3,43,-8.0,40.0,Weak,🔥 COILED: Watchlist only,40,-3.8,2.2,1.9,53.2,0,,Industrials,7766415872.0,6603.75
FHNGY,The Foschini Group Limited,3.91,10,8,8,9,4,5,3,47,-10.0,40.0,Weak,Watchlist only,32,0.0,0.0,1.4,58.7,0,,Consumer Cyclical,1067730880.0,250.7
ASCOF,Ascopiave S.p.A,3.33,8,3,9,9,3,2,3,37,0.0,40.0,Weak,Watchlist only,33,0.0,0.0,-0.0,0.0,0,,Utilities,720738048.0,1.0
IMMQF,Immobiliare Grande Distribuzione SIIQ S.p.A,3.46,7,6,10,9,3,2,3,40,-5.0,40.0,Weak,🔥 COILED: Watchlist only,44,0.0,0.0,0.0,50.0,1,,Real Estate,381783008.0,22.44
QTRX,Quanterix Corp,3.96,10,3,4,15,3,5,5,45,-5.0,40.0,Weak,Watchlist only,40,-0.5,-8.8,1.8,53.8,1,,Healthcare,179002720.0,791781.67
BBXIB,BBX Capital Inc,4.3,13,3,6,9,6,2,3,42,-5.0,40.0,Weak,Watchlist only,44,0.0,0.0,1.8,59.8,1,,Industrials,49186460.0,15.11
TQPCX,Touchstone Strategic Income Opportunities Fund Class C,3.27,2,10,3,8,3,4,3,33,4.0,40.0,Weak,Watchlist only,30,0.0,-0.3,-0.3,42.2,0,,nan,nan,0.0
POELF,The Navigator Company S.A,3.6,8,3,9,9,3,2,3,37,0.0,40.0,Weak,Watchlist only,28,0.0,0.0,-0.0,0.0,0,,Basic Materials,2560258816.0,354.28
THFWF,FW Thorpe Plc,3.85,13,6,11,7,6,2,3,48,-13.0,40.0,Weak,🔥 COILED: Watchlist only,42,0.0,0.0,0.7,98.8,0,,Industrials,549960896.0,9.5
ILAG,Intelligent Living Application Group Inc,3.635,10,7,3,9,1,7,5,42,-5.0,40.0,Weak,Watchlist only,40,-1.2,0.4,-0.3,50.4,1,,Industrials,7165470.0,22535.68
LWSTX,WESTERN ASSET SHORT-TERM BOND FUND CLASS IS,3.67,4,8,3,8,3,4,3,33,2.0,40.0,Weak,🔥 COILED: Watchlist only,27,0.0,0.0,-0.0,46.7,0,,nan,0.0,0.0
LWARX,Western Asset Short-Term Bond Fund Cl R,3.66,4,8,3,8,3,4,3,33,2.0,40.0,Weak,🔥 COILED: Watchlist only,28,0.0,0.0,-0.0,46.7,0,,nan,0.0,0.0
NIABY,NIBE Industrier AB (publ),3.724,8,6,8,9,2,2,3,38,2.0,40.0,Weak,Watchlist only,28,1.7,-0.7,0.2,47.8,1,,Industrials,7902980608.0,631.46
SUSRF,Surgical Science Sweden AB (publ),4.0,13,3,12,9,6,2,3,48,-13.0,40.0,Weak,🔥 COILED: Watchlist only,46,0.0,0.0,0.5,92.0,0,,Healthcare,280117536.0,525.93
CLBEY,Calbee Inc,4.5,10,11,3,7,4,3,5,43,-3.0,40.0,Weak,Watchlist only,22,-2.1,0.2,0.4,50.5,0,,Consumer Defensive,2122437504.0,4298.32
DIFTY,Daito Trust Construction Co,4.88,8,8,2,14,0,5,5,42,-2.0,40.0,Weak,Watchlist only,26,-0.8,1.9,0.5,50.6,0,,Real Estate,6062416896.0,140233.91
LINK,Interlink Electronics Inc,4.66,10,16,3,5,8,6,5,53,-11.0,40.0,Weak,Watchlist only,50,11.8,1.1,8.0,57.8,1,,Technology,82687536.0,104433.66
PDVMX,PUTNAM DIVERSIFIED INCOME TRUST CLASS M SHARES,4.82,2,8,6,8,4,2,3,33,2.0,40.0,Weak,🔥 COILED: Watchlist only,33,0.0,-0.2,-0.1,45.2,0,,nan,0.0,0.0
PDVGX,Putnam Diversified Income Class R6,4.9,3,8,5,8,4,2,3,33,2.0,40.0,Weak,🔥 COILED: Watchlist only,32,0.0,-0.2,-0.1,45.6,0,,nan,0.0,0.0
PRKIX,U.S. TREASURY INTERMEDIATE FUND U.S. TREASURY INTERMEDIATE FUND- I CLASS,5.0,2,10,3,8,3,4,3,33,4.0,40.0,Weak,Watchlist only,25,0.0,-0.4,-0.2,45.3,0,,nan,0.0,0.0
SPFX,Standard Premium Finance Holdings Inc.,3.24,19,10,4,5,6,9,5,58,-18.2,39.8,Poor,Stay away,70,8.0,4.5,22.2,63.3,0,,Financial Services,5489757.0,543.83
TXXS,21Shares 2x Long Sui ETF,24.225,18,5,7,10,5,5,5,55,-13.5,39.5,Poor,Stay away,51,8.5,996.2,60.6,79.4,2,,nan,nan,0.0
RANKF,The Rank Group Plc,1.5,15,5,7,14,4,2,5,52,-13.0,39.0,Poor,Stay away,54,0.0,0.0,6.5,99.9,0,,Consumer Cyclical,491516672.0,0.0
CSWYF,China Shineway Pharmaceutical Group Limited,1.004,5,4,9,8,3,2,3,34,0.0,39.0,Poor,🔥 COILED: Stay away,38,0.0,0.0,0.0,50.0,0,,Healthcare,758421568.0,1.0
BBOP,Bebop Channel Corp,1.0,8,3,10,7,3,2,3,36,0.0,39.0,Poor,Stay away,36,0.0,0.0,-0.0,0.0,0,,Communication Services,8733041.0,5.0
SCTTF,Scott Technology Limited,1.14,8,3,9,8,3,2,3,36,0.0,39.0,Poor,Stay away,29,0.0,0.0,-0.0,0.0,0,,Industrials,95869136.0,75.0
GMXTF,GMéxico Transportes S.A.B. de C.V,1.23,8,3,9,8,3,2,3,36,0.0,39.0,Poor,Stay away,30,0.0,0.0,-0.0,2.4,0,,Industrials,4940832768.0,9.31
CABPF,CAB Payments Holdings Limited,1.06,7,6,6,9,3,3,5,39,0.0,39.0,Poor,Stay away,46,0.0,3.9,-0.1,39.2,0,,Financial Services,312251648.0,2180.25
VGLIF,VGLIF,1.25,8,3,10,7,3,2,3,36,0.0,39.0,Poor,Stay away,44,0.0,0.0,-0.0,0.1,0,,Technology,298542976.0,320.5
BUMTF,BUMTF,1.3,12,6,11,8,3,6,3,49,-13.0,39.0,Poor,Stay away,56,0.0,0.0,0.0,99.6,0,,Consumer Defensive,2254387200.0,60.34
CSGQF,Costain Group PLC,1.375,5,4,9,8,3,2,3,34,0.0,39.0,Poor,🔥 COILED: Stay away,39,0.0,0.0,0.0,50.0,0,,Industrials,367232992.0,212.0
EDUC,Educational Development Corporation,1.52,17,10,4,5,7,4,5,52,-18.0,39.0,Poor,🔥 COILED: Stay away,48,-3.2,-1.3,0.6,54.1,0,,Communication Services,12086137.0,205016.94
KRNGF,Karoon Energy Ltd,1.04,7,7,5,10,3,2,2,36,0.0,39.0,Poor,Stay away,25,0.0,16.9,-0.9,42.2,2,,Energy,1030740288.0,0.0
GREE,Greenidge Generation Holdings Inc,1.68,12,4,1,12,3,2,5,39,0.0,39.0,Poor,Stay away,49,-22.2,-0.6,-7.8,46.5,0,,Financial Services,25117708.0,480507.66
SWRBF,Swire Pacific Limited,1.574,7,5,11,7,3,2,3,38,-2.0,39.0,Poor,Stay away,51,0.0,0.0,0.0,69.6,0,,Industrials,10886654976.0,0.0
HBGRF,Heidelberger Druckmaschinen Aktiengesellschaft,1.7,9,5,3,10,3,1,5,36,0.0,39.0,Poor,Stay away,27,0.0,0.0,0.4,49.3,0,,Industrials,482373088.0,161.23
BCG,"Binah Capital Group, Inc. Common Stock",1.52,7,14,8,4,4,2,2,41,-8.0,39.0,Poor,Stay away,28,2.0,-0.7,-0.9,44.0,1,,Financial Services,26391908.0,428824.2
GLXZ,Galaxy Gaming Inc,1.73,6,6,7,7,3,5,2,36,0.0,39.0,Poor,Stay away,31,0.6,4.8,0.6,50.5,1,,Consumer Cyclical,40212432.0,63811.05
XJNGF,Xinjiang Goldwind Science & Technology Co. Ltd,1.3,3,11,8,10,3,2,2,39,0.0,39.0,Poor,Stay away,27,2.4,-7.1,-5.8,38.9,1,,Industrials,7264916480.0,819.0
ETCC,Environmmtl Tectonic,1.75,15,5,2,15,3,2,4,46,-5.0,39.0,Poor,Stay away,62,6.1,3.6,3.3,54.9,2,,Industrials,14750993.0,14946.2
LEDS,SemiLEDS Corporation,2.45,20,6,3,16,5,4,5,59,-20,39,Poor,Stay away,65,58.1,45.0,30.6,65.8,3,9,Technology,16019847.0,33325.31
EGHT,8x8 Inc Common Stock,2.03,11,9,3,12,2,2,5,44,-3.0,39.0,Poor,Stay away,43,-1.5,10.9,3.5,53.8,2,,Technology,289439040.0,1212294.43
OPESF,Otello Corporation ASA,1.9,12,6,11,8,3,6,3,49,-13.0,39.0,Poor,Stay away,61,0.0,0.0,0.0,100.0,0,,Communication Services,130534648.0,18.54
COBA,COBA,2.51,14,11,4,12,6,0,5,52,-13.0,39.0,Poor,Stay away,60,-11.9,32.1,1.9,53.5,2,,nan,107249000.0,12256.25
SSCC,SMURFIT-STONE CONTAINER Corp,2.22,7,6,10,8,3,2,3,39,-5.0,39.0,Poor,🔥 COILED: Stay away,33,0.0,0.0,0.0,50.0,1,,Technology,260140752.0,0.04
LSHGF,LSHGF,2.21,18,8,8,14,6,2,5,61,-22.0,39.0,Poor,Stay away,72,9.7,11.1,13.6,80.2,2,,nan,nan,5458.58
LAUYX,LORD ABBETT INCOME FUND CLASS I,2.41,2,10,3,8,4,4,3,34,2.0,39.0,Poor,Stay away,28,0.0,-0.4,-0.2,44.2,0,,nan,0.0,0.0
YUGVF,YouGov plc,3.15,17,4,5,12,6,2,5,51,-12.0,39.0,Poor,Stay away,44,0.0,10.5,6.4,64.8,2,,Industrials,335070208.0,0.0
CIAFF,Champion Iron Limited,2.88,9,9,5,9,5,2,3,42,-1.0,39.0,Poor,Stay away,23,4.6,4.0,1.3,49.5,1,,Basic Materials,1765827968.0,17836.34
ESPR,Esperion Therapeutics Inc,3.18,16,3,9,12,5,4,4,53,-14.0,39.0,Poor,Stay away,57,1.0,0.3,0.8,64.8,0,,Healthcare,805761984.0,7901981.69
SHTLF,South32 Limited,2.862,9,10,3,13,3,1,2,41,2.0,39.0,Poor,Stay away,42,-1.3,-1.0,-1.6,44.6,0,,Basic Materials,15771736064.0,0.0
GPTGF,GPT Group,3.41,4,4,8,7,6,1,4,34,0.0,39.0,Poor,🔥 COILED: Stay away,30,-5.8,-5.8,-2.9,44.6,0,,Real Estate,6589586432.0,0.0
RADLY,Raia Drogasil SA ADR,3.612,11,7,4,10,0,2,5,39,0.0,39.0,Poor,Stay away,42,2.4,12.6,3.4,55.5,2,,Healthcare,5979994112.0,19503.0
SHJBF,Shanghai Junshi Biosciences Co. Ltd,3.35,13,6,12,8,6,4,3,52,-18.0,39.0,Poor,🔥 COILED: Stay away,53,0.0,0.0,0.1,99.8,1,,Healthcare,4841863680.0,59.45
JELCF,Johnson Electric Holdings Limited,3.416,6,3,10,9,3,2,3,36,0.0,39.0,Poor,Stay away,29,0.0,0.0,-0.0,1.0,0,,Consumer Cyclical,4295440896.0,0.0
DOMO,Domo Inc,3.33,6,7,4,12,3,4,5,41,-5.0,39.0,Poor,Stay away,23,-7.2,-2.6,1.9,51.7,1,,Technology,174732672.0,1161899.37
CMU,MFS High Yield Municipal Closed Fund,3.73,18,11,4,4,6,4,5,52,-13.0,39.0,Poor,Stay away,56,11.3,12.7,8.6,74.9,2,,Financial Services,85655744.0,96570.12
TQPIX,Touchstone Strategic Income Opportunities Fund Institutional Class,3.24,2,9,3,8,3,4,3,32,4.0,39.0,Poor,Stay away,30,0.0,-0.3,-0.3,42.8,0,,nan,nan,0.0
VTEX,VTEX,3.98,11,3,4,13,3,0,5,39,0.0,39.0,Poor,Stay away,49,0.8,-4.8,0.7,53.0,0,,Technology,635913216.0,1269007.12
STLY,HG Holdings Inc,4.26,6,3,5,7,4,4,5,34,0.0,39.0,Poor,🔥 COILED: Stay away,42,-5.3,-5.3,-0.6,50.8,0,,Financial Services,18925482.0,228.87
KGFHF,Kingfisher plc,3.82,6,4,8,8,3,3,4,36,0.0,39.0,Poor,Stay away,28,0.0,-1.0,-0.8,46.2,0,,Consumer Cyclical,6457529856.0,0.0
GDNGY,PT Gudang Garam Tbk,3.64,11,5,9,2,6,1,5,39,-8.0,39.0,Poor,🔥 COILED: Stay away,44,0.0,0.0,0.2,51.6,0,,Consumer Defensive,1895843968.0,2553.79
BAMIF,Blue Ant Media Corporation,3.82,10,5,4,9,0,3,5,36,0.0,39.0,Poor,Stay away,0,-0.5,3.8,-1.5,41.1,0,,Communication Services,111428744.0,0.0
BBXIA,BBX Capital Inc,3.96,11,5,12,15,6,1,4,54,-18.0,39.0,Poor,Stay away,60,0.6,1.5,2.1,74.1,1,,Industrials,64234444.0,1875.2
WIINX,WASATCH EMERGING INDIA FUND INSTITUTIONAL CLASS SHARES,4.23,12,4,9,7,3,4,5,44,-10.0,39.0,Poor,🔥 COILED: Stay away,40,-0.9,-1.2,0.7,57.9,0,,nan,0.0,0.0
GXYEF,Galaxy Entertainment Group Ltd,4.0,8,4,4,10,0,7,5,38,2.0,39.0,Poor,Stay away,34,-3.4,7.0,-0.5,49.3,1,,Consumer Cyclical,18436603904.0,0.0
QLMHIX,Legg Mason Partners Variable Income Trust - Western Asset Core Plus VIT Portfolio,4.66,3,9,3,8,4,4,3,34,2.0,39.0,Poor,Stay away,36,0.0,-0.2,-0.1,47.0,0,,nan,nan,0.0
VNMHF,VietNam Holding Limited,4.85,5,3,8,8,3,6,3,36,0.0,39.0,Poor,Stay away,35,0.0,0.0,-0.0,28.6,0,,Financial Services,90636760.0,26.5
MXYKX,GREAT-WEST T. ROWE PRICE MID CAP GROWTH FUND INSTITUTIONAL CLASS,4.98,9,4,4,7,6,2,4,36,0.0,39.0,Poor,Stay away,39,-1.4,-1.8,-0.3,49.8,0,,nan,0.0,0.0
PHGFX,Popular High Grade Fixed-Income A,4.95,13,12,4,6,4,1,4,44,-8.0,39.0,Poor,Stay away,48,0.4,0.8,0.7,58.6,0,,nan,nan,0.0
CRDL,Cardiol Therapeutics Inc Class A,1.23,17,11,5,13,3,3,5,57,-22.0,38.0,Poor,Stay away,55,24.0,17.1,13.5,65.6,3,,Healthcare,130257632.0,599821.96
RSHPF,Irish Residential Properties REIT Plc,1.285,17,5,2,9,6,7,5,51,-13.0,38.0,Poor,Stay away,65,0.0,10.8,5.3,83.1,2,,Real Estate,617768384.0,838.23
HSWLF,Hostelworld Group plc,1.25,5,3,10,9,3,2,3,35,0.0,38.0,Poor,Stay away,32,0.0,0.0,-0.0,2.8,0,,Consumer Cyclical,154111216.0,506.61
SNLAF,Sino Land Company Limited,1.36,7,7,1,11,3,2,4,35,0.0,38.0,Poor,Stay away,25,0.0,3.0,-1.5,48.1,0,,Real Estate,12653707264.0,0.0
AMXOF,"América Móvil, S.A.B. de C.V.",1.34,12,6,2,9,6,1,2,38,0.0,38.0,Poor,Stay away,33,-2.9,8.9,-0.0,50.3,1,,Communication Services,81715126272.0,6227.45
MLPNF,Millennial Potash Corp.,1.42,8,8,9,15,1,3,5,49,-11.0,38.0,Poor,Stay away,26,0.7,3.7,1.5,51.3,1,,Basic Materials,185594736.0,154314.15
SKWG,Skywealth Group Inc,2.0,17,4,5,12,6,2,5,51,-13.0,38.0,Poor,Stay away,61,0.0,5.3,8.2,100.0,0,,Industrials,330750.0,2.96
ZZHGF,ZhongAn Online P & C Insurance Co. Ltd,1.5,8,3,9,7,3,2,3,35,0.0,38.0,Poor,Stay away,28,0.0,0.0,-0.0,0.0,0,,Financial Services,2527219456.0,0.88
GEVO,Gevo Inc,1.59,11,7,7,7,4,3,5,44,-6.0,38.0,Poor,Stay away,27,8.9,9.7,6.0,56.0,2,,Basic Materials,430838048.0,4095004.09
LOKVW,Live Oak Acquisition Corp. V Warrants,1.9,17,8,5,13,5,10,5,63,-21.0,38.0,Poor,Stay away,67,22.6,22.6,19.4,86.4,2,,nan,nan,37034.01
GLTK,GlobalTech Corporation,1.9,16,3,3,14,3,5,5,49,-11.0,38.0,Poor,Stay away,60,5.6,-5.0,2.4,55.1,1,,Communication Services,241713744.0,930.69
HANOF,HANOF,1.92,5,3,10,9,3,2,3,35,0.0,38.0,Poor,Stay away,30,0.0,0.0,-0.0,0.0,0,,Technology,602782976.0,2.5
XCFT,"xCraft Enterprises, Inc",1.95,8,3,9,7,3,2,3,35,0.0,38.0,Poor,Stay away,38,0.0,0.0,-0.0,0.0,0,,Technology,2920756.0,18.5
OPAL,OPAL Fuels Inc,2.5,16,9,7,15,4,4,5,60,-20.0,38.0,Poor,Stay away,49,24.4,13.6,16.4,67.5,3,,Utilities,387959616.0,248420.49
KGGNF,Kogan.com Ltd,2.16,8,3,9,7,3,2,3,35,0.0,38.0,Poor,Stay away,28,0.0,0.0,-0.0,0.1,1,,Consumer Cyclical,206542304.0,5.15
KNIT,Kinetic Group Inc,2,8,3,9,7,3,2,3,35,0.0,38.0,Poor,Stay away,40,0.0,0.0,-0.0,0.0,0,,Communication Services,52840400.0,10.0
CLWY,Calloway's Nursery Inc,2.05,5,3,10,9,3,2,3,35,0.0,38.0,Poor,Stay away,28,0.0,0.0,-0.0,0.0,0,,Consumer Cyclical,15646768.0,0.0
SNTUF,SNTUF,2.1,12,6,11,6,3,2,3,43,-10.0,38.0,Poor,🔥 COILED: Stay away,50,0.0,0.0,0.0,50.0,0,,Financial Services,nan,40.0
CMRF,CIM Real Estate Finance Trust Inc.,2.38,5,12,8,8,4,2,5,44,-6.0,38.0,Poor,Stay away,37,8.2,-0.3,5.0,52.0,1,,Real Estate,1122601984.0,0.0
CHHHF,CareRx Corporation,2.402,6,4,8,8,3,1,5,35,0.0,38.0,Poor,Stay away,26,-3.5,2.2,-1.4,43.8,0,,Healthcare,146562608.0,0.0
LAUKX,LORD ABBETT INCOME FUND CLASS R4,2.41,2,9,3,8,4,4,3,33,2.0,38.0,Poor,Stay away,30,0.0,-0.4,-0.2,44.0,0,,nan,0.0,0.0
SBNYL,Signature Bank,1.55,1,10,0,12,4,2,2,31,2.0,38.0,Poor,Stay away,22,3.3,-22.5,-14.5,31.1,1,,Financial Services,nan,61443.51
DGQTF,DGQTF,2.25,16,6,4,10,3,2,5,46,-8.0,38.0,Poor,Stay away,0,39.8,-8.5,14.7,57.6,0,,nan,nan,0.0
GBGPF,GB Group plc,2.62,8,3,8,8,3,2,3,35,0.0,38.0,Poor,Stay away,28,0.0,0.0,-0.0,0.0,0,,Technology,605126208.0,560.31
VISL,Vislink Technologies Inc,2.85,8,4,8,11,3,4,5,43,-10.0,38.0,Poor,🔥 COILED: Stay away,62,1.4,-4.7,-2.1,47.6,1,,Technology,6719407.0,4282.19
AIPG,AI Technology Group Inc,2.5,5,4,10,7,3,4,3,36,-3.0,38.0,Poor,🔥 COILED: Stay away,50,0.0,0.0,-0.0,42.9,1,,Financial Services,4008782.0,60.66
FNCFX,FRANKLIN INCOME FUND CLASS R6,2.54,6,11,8,6,3,4,3,41,-8.0,38.0,Poor,🔥 COILED: Stay away,46,0.4,0.4,0.1,51.0,0,,nan,0.0,0.0
MLYNF,Malayan Banking Berhad,2.85,17,4,7,10,6,2,5,51,-13.0,38.0,Poor,Stay away,43,0.0,0.0,1.0,92.3,0,,Financial Services,31942289408.0,0.0
CMRC,"Commerce.com, Inc.",3.07,8,5,5,14,3,0,5,40,-5.0,38.0,Poor,Stay away,30,-0.3,-0.3,1.5,54.2,1,,Technology,236810112.0,866926.84
HEGIF,Hengan Intl Group Ltd-H,3.2,5,6,10,7,0,4,3,35,0.0,38.0,Poor,Stay away,30,0.0,0.0,-0.0,33.4,0,,Consumer Defensive,3532390912.0,0.0
PRKWF,Parkway Life Real Estate Investment Trust,3.2,9,7,11,8,0,2,3,40,-2.0,38.0,Poor,Stay away,44,0.0,0.0,0.0,61.0,0,,Real Estate,2088489984.0,0.0
PGCSF,Prosegur Compañía de Seguridad S.A,3.057,8,3,9,7,3,2,3,35,0.0,38.0,Poor,Stay away,45,0.0,0.0,-0.0,1.7,0,,Industrials,1628347136.0,56.54
CTMX,CytomX Therapeutics Inc,3.665,10,5,5,12,5,0,5,42,-5.0,38.0,Poor,Stay away,27,-7.3,1.8,1.7,53.7,1,,Healthcare,653108736.0,4400432.95
LTCN,Grayscale Litecoin Trust,3.25,6,11,4,12,4,2,2,41,-1.0,38.0,Poor,Stay away,24,-0.6,3.8,-0.2,47.2,0,,nan,66925280.0,147084.94
BBD,Banco Bradesco SA ADR,3.55,13,7,7,10,0,1,4,42,-4.0,38.0,Poor,Stay away,31,2.0,2.0,1.1,53.1,0,,Financial Services,35624357888.0,39989919.45
TSVNF,Team17 Group plc,3.4,5,4,9,7,3,2,3,33,0.0,38.0,Poor,🔥 COILED: Stay away,40,0.0,0.0,0.0,50.0,1,,Communication Services,489922400.0,1.0
CMVLF,Cellectis S.A,3.47,12,6,11,7,6,6,3,51,-18.0,38.0,Poor,🔥 COILED: Stay away,40,0.0,0.0,0.5,88.5,1,,Healthcare,452751648.0,21.5
VTEXF,Venturex Resources Ltd (Australia),3.66,10,7,11,5,3,4,3,43,-10.0,38.0,Poor,🔥 COILED: Stay away,44,0.0,0.0,0.0,50.9,0,,Basic Materials,1207746816.0,77.81
SANG,Sangoma Technologies Corp,4.125,16,6,6,17,5,7,5,62,-24.0,38.0,Poor,Stay away,35,1.9,14.0,5.3,63.8,3,,Technology,117141344.0,5989.89
XGGTX,Gabelli MultiMedia Trust Inc,3.74,7,4,5,9,0,3,3,31,2.0,38.0,Poor,🔥 COILED: Stay away,26,-0.5,-1.8,-0.7,45.1,0,,Other,0.0,0.0
MXEGX,GREAT-WEST CORE STRATEGIES: INFLATION-PROTECTED SECURITIES FUND INSTITUTIONAL CLASS,3.76,4,8,3,8,3,4,3,33,2.0,38.0,Poor,Stay away,20,0.0,0.0,-0.3,40.1,0,,nan,nan,0.0
FRGT,Freight Technologies Inc,4.375,14,4,3,14,3,2,5,45,-7.0,38.0,Poor,Stay away,65,17.6,-4.1,6.8,54.5,1,,Technology,2483022.0,186134.11
APIBX,API SHORT TERM BOND FUND INSTITUTIONAL CLASS,4.19,3,9,2,8,4,4,3,33,2.0,38.0,Poor,Stay away,37,0.0,0.0,0.0,49.6,0,,nan,0.0,0.0
CFEIY,China Feihe Limited,4.39,4,8,6,8,3,3,3,35,0.0,38.0,Poor,Stay away,39,0.0,0.0,-0.2,45.2,0,,Consumer Defensive,3866564608.0,50.85
SHTPY,SHTPY,4.37,5,3,10,9,3,2,3,35,0.0,38.0,Poor,Stay away,34,0.0,0.0,-0.0,0.0,0,,Healthcare,2632743680.0,5.51
GURE,"Gulf Resources, Inc. (NV) Common Stock",3.724,5,13,8,10,4,6,2,48,-8.0,38.0,Poor,Stay away,27,8.3,2.3,-0.8,48.2,2,,Basic Materials,6927889.0,83521.17
GGB,Gerdau SA ADR,4.72,19,5,5,14,3,2,4,52,-14.0,38.0,Poor,Stay away,57,7.0,17.4,6.4,63.1,3,,Basic Materials,9039893504.0,17725562.13
JPPPF,JPPPF,4.64,5,4,9,7,3,2,3,33,0.0,38.0,Poor,🔥 COILED: Stay away,38,0.0,0.0,0.0,50.0,0,,Basic Materials,517092224.0,0.15
VMSSX,VIRTUS MULTI-SECTOR SHORT TERM BOND FUND CLASS R6,4.57,2,6,5,8,3,4,3,31,2.0,38.0,Poor,🔥 COILED: Stay away,28,0.0,0.0,-0.1,46.8,0,,nan,0.0,0.0
ELALF,El Al Israel Airlines Ltd,4.59,3,5,5,12,3,2,3,33,2.0,38.0,Poor,Stay away,28,-8.6,-3.2,-3.2,42.1,0,,Industrials,2934749184.0,1193.31
PHYQX,PRUDENTIAL HIGH YIELD FUND CLASS Q,4.78,2,8,5,8,3,4,3,33,2.0,38.0,Poor,Stay away,33,0.0,-0.2,-0.1,44.5,0,,nan,0.0,0.0
SDSAX,WESTERN ASSET GLOBAL STRATEGIC INCOME FUND CLASS A,4.96,2,9,4,8,3,4,3,33,2.0,38.0,Poor,Stay away,29,0.0,-0.2,-0.1,43.3,0,,nan,0.0,0.0
HLDSX,THE HARTFORD EMERGING MARKETS LOCAL DEBT FUND CLASS R4,4.94,6,7,8,8,0,4,3,36,-3.0,38.0,Poor,🔥 COILED: Stay away,38,0.2,0.4,-0.0,49.4,0,,nan,0.0,0.0
SDSIX,WESTERN ASSET GLOBAL STRATEGIC INCOME FUND CLASS C1,4.97,2,9,4,8,3,4,3,33,2.0,38.0,Poor,Stay away,29,0.0,-0.2,-0.1,43.1,0,,nan,0.0,0.0
SDSYX,WESTERN ASSET GLOBAL STRATEGIC INCOME FUND CLASS I,4.98,2,9,4,8,3,4,3,33,2.0,38.0,Poor,Stay away,31,0.0,-0.2,-0.1,43.3,0,,nan,0.0,0.0
PHYZX,PRUDENTIAL HIGH YIELD FUND CLASS Z,4.79,2,8,5,8,3,4,3,33,2.0,38.0,Poor,Stay away,33,0.0,-0.2,-0.1,44.5,0,,nan,0.0,0.0
TRSNF,TRSNF,1.0,5,4,10,7,3,2,3,34,0.0,37.0,Poor,Stay away,30,0.0,0.0,-0.0,0.0,0,,Utilities,444673792.0,5.0
INCR,InterCure Ltd.,0.958,5,6,2,12,7,4,3,39,-3.0,37.0,Poor,Stay away,43,-2.2,-15.2,-3.1,46.9,1,,Healthcare,55780432.0,59489.59
CONC,ConectiSys Corporation,1.0,9,6,10,9,3,2,3,42,-8.0,37.0,Poor,Stay away,48,0.0,0.0,0.0,79.1,1,,Financial Services,888579.0,4.6
TWODF,Taylor Wimpey plc,1.02,3,4,9,9,3,3,3,34,0.0,37.0,Poor,Stay away,19,-2.9,-4.7,-1.8,43.1,0,,Consumer Cyclical,3299808768.0,0.0
MOGLF,Mongolian Mining Corporation,1.01,14,12,5,9,4,2,5,51,-14.0,37.0,Poor,Stay away,19,26.2,26.2,13.9,65.4,3,,Basic Materials,1842015616.0,2839.75
MLXEF,Metals X Limited,1.04,13,11,4,5,5,2,5,45,-8.0,37.0,Poor,Stay away,54,15.6,9.5,7.0,56.2,2,,Basic Materials,1054841792.0,78078.42
BRLT,Brilliant Earth Group Inc,1.18,10,10,5,12,2,3,5,47,-8.0,37.0,Poor,Stay away,30,1.7,3.5,2.0,52.4,1,,Consumer Cyclical,119427536.0,103910.99
MWG,Multi Ways Holdings Ltd,1.33,9,12,7,6,4,4,2,44,-11.0,37.0,Poor,Stay away,40,13.7,-1.5,1.9,50.2,2,,Industrials,6170429.0,220257.43
ALMMF,Aluminum Corporation of China Limited,1.03,6,8,4,9,3,3,2,35,2.0,37.0,Poor,Stay away,15,6.2,4.0,-3.5,42.3,1,,Basic Materials,22987663360.0,9632.09
UCAR,U Power Limited Ordinary Shares,1.19,9,6,7,11,2,4,3,42,-5.0,37.0,Poor,Stay away,37,-1.7,0.8,-2.2,46.7,2,,Consumer Cyclical,36554564.0,4217853.19
IINN,Inspira Technologies Oxy BHN Ltd,1.61,10,11,2,7,8,0,2,40,-1.0,37.0,Poor,Stay away,57,0.0,-19.9,-0.8,50.9,1,,Healthcare,16560119.0,7636669.46
NXCLF,LIFULL Co. Ltd,1.58,17,4,6,9,6,4,4,50,-13.0,37.0,Poor,Stay away,57,2.6,2.6,1.7,100.0,0,,Communication Services,197644496.0,0.0
LUNG,Pulmonx Corp,1.45,11,10,6,9,5,3,5,49,-15.0,37.0,Poor,🔥 COILED: Stay away,28,-1.4,-1.4,1.4,51.9,1,,Healthcare,68424272.0,1162899.3
BRIA,BrilliA Inc,1.5,5,10,5,10,5,5,5,45,-8.0,37.0,Poor,Stay away,18,1.4,3.1,0.0,49.4,0,,Consumer Cyclical,40000000.0,192508.8
ENGN,enGene Holdings Inc. Common Stock,1.92,7,7,9,13,4,0,5,45,-6.0,37.0,Poor,Stay away,21,0.0,9.1,2.2,46.4,2,,Healthcare,109862720.0,1018521.02
EQTL,Equitech International Corporation,1.65,5,3,4,9,3,7,3,34,0.0,37.0,Poor,Stay away,29,0.0,0.0,-1.7,27.7,0,,Technology,2749187.0,60.88
SPHIF,Super Hi International Holding Ltd.,1.9,5,3,10,8,3,2,3,34,0.0,37.0,Poor,Stay away,31,0.0,0.0,-0.0,9.7,0,,Consumer Cyclical,1117895424.0,29.84
PIAGF,Piaggio & C. SpA,2.0,17,7,2,6,5,2,5,44,-10.0,37.0,Poor,Stay away,38,3.6,3.6,1.5,55.4,0,,Consumer Cyclical,729256960.0,0.0
RTWFF,RTW Venture Fund Limited,2.44,17,4,6,12,6,4,5,54,-17.0,37.0,Poor,Stay away,58,0.0,3.2,3.3,82.9,1,,nan,nan,872.0
DRTSW,Alpha Tau Medical Ltd. Warrant,2.96,13,2,3,13,3,2,5,41,-4.0,37.0,Poor,Stay away,48,-23.3,-8.1,0.7,52.4,0,,nan,nan,33571.08
GELYF,Geely Automobile Holdings Ltd,2.48,11,12,4,15,3,2,3,50,-13.0,37.0,Poor,Stay away,48,-0.4,13.2,4.3,56.1,3,,Consumer Cyclical,26097717248.0,63131.23
JZCLF,JZ Capital Partners Limited,2.25,5,4,10,7,3,2,3,34,0.0,37.0,Poor,Stay away,32,0.0,0.0,-0.0,0.0,0,,nan,224700448.0,15.0
GIPIF,Green Impact Partners Inc,2.25,8,6,10,7,3,2,3,39,-5.0,37.0,Poor,Stay away,34,0.0,0.0,-0.0,33.4,1,,Industrials,47230416.0,22.0
BLIV,BeLive Holdings Ordinary Share,2.38,12,10,6,7,6,5,3,49,-20.0,37.0,Poor,🔥 COILED: Stay away,39,8.2,10.2,2.6,53.9,3,,Technology,24989044.0,5640.56
MPMCX,BNY MELLON MID CAP MULTI-STRATEGY FUND CLASS M SHARES,2.48,9,5,9,5,6,2,3,39,-10.0,37.0,Poor,🔥 COILED: Stay away,29,0.0,0.0,0.1,52.3,0,,nan,0.0,0.0
CEBUY,Cebu Air Inc ADR,2.6,17,4,5,9,6,2,4,47,-13.0,37.0,Poor,Stay away,55,0.0,2.4,1.0,100.0,0,,Industrials,311274016.0,44.28
BHR,Braemar Hotel & Resorts Inc,2.05,4,13,3,12,4,2,4,42,-3.0,37.0,Poor,Stay away,16,-0.5,-5.1,-3.4,41.9,2,,Real Estate,183354640.0,441564.2
FKINX,FRANKLIN INCOME FUND CLASS A,2.55,6,11,9,6,3,2,3,40,-8.0,37.0,Poor,🔥 COILED: Stay away,43,0.0,0.4,0.0,50.0,0,,nan,0.0,0.0
KIERF,Kier Group plc,2.75,7,3,11,8,3,2,3,37,-3.0,37.0,Poor,Stay away,45,0.0,0.0,0.0,72.9,0,,Industrials,1198368768.0,11.63
CYCN,Cyclerion Therapeutics Inc,3.66,13,7,5,12,5,0,5,47,-10.0,37.0,Poor,Stay away,55,-6.9,8.6,4.0,60.8,2,,Healthcare,13250761.0,2123076.84
VVR,Invesco Senior Income Trust,2.98,2,12,8,7,3,1,4,37,-1.0,37.0,Poor,Stay away,22,-0.3,-0.3,-0.3,46.0,0,,Financial Services,647320000.0,1081532.54
CESTY,Chinese Estates Holdings Ltd ADR,3.2,8,4,10,7,0,2,3,34,0.0,37.0,Poor,Stay away,29,0.0,0.0,-0.0,0.0,1,,Real Estate,305219040.0,3.55
OSIYX,Oppenheimer Strategic Income Fund Cl Y,3.13,4,4,5,9,1,4,3,30,2.0,37.0,Poor,🔥 COILED: Stay away,33,-0.3,0.0,-0.1,48.6,0,,nan,0.0,0.0
DSWL,Deswell Industries Inc,3.61,9,13,3,3,8,3,5,44,-8.0,37.0,Poor,Stay away,57,5.9,-6.7,2.2,53.8,0,,Technology,52745640.0,15490.46
QH,Quhuo Limited American Depository Shares,6.09,11,4,3,11,5,4,2,40,-3.0,37.0,Poor,Stay away,51,4.8,-5.9,-4.0,49.5,1,,Technology,12505394.0,2376158.69
AFMMX,API SHORT TERM BOND FUND CLASS L SHARES,3.47,2,10,2,8,3,4,3,32,2.0,37.0,Poor,Stay away,23,0.0,0.0,-0.1,47.3,0,,nan,0.0,0.0
AMDD,Direxion Daily AMD Bear 1X Shares,30.031,18,6,7,9,6,7,5,58,-21,37,Poor,Stay away,58,984.2,961.2,289.3,96.6,3,9,nan,nan,11346648.43
CILJF,China Life Insurance Co Ltd,3.54,2,4,7,12,7,0,2,34,2.0,37.0,Poor,Stay away,33,-3.8,1.4,-2.4,45.8,1,,Financial Services,98926460928.0,13825.89
XIACF,Xiaomi Corp,3.53,15,12,5,12,4,3,5,56,-17.0,37.0,Poor,Stay away,25,10.0,26.1,9.7,63.7,3,,Technology,90493812736.0,70174.48
HLDVF,Henderson Land,3.68,3,10,2,9,6,2,3,35,2.0,37.0,Poor,Stay away,41,5.4,0.5,-0.8,49.0,0,,Real Estate,17719476224.0,0.0
HCAEF,Admie Holding S.A.,3.59,12,6,10,6,3,2,3,42,-10.0,37.0,Poor,🔥 COILED: Stay away,53,0.0,0.0,0.0,50.0,0,,Utilities,832104512.0,15.0
SNLGF,San Lorenzo Gold Corp,2.97,3,10,8,12,8,2,2,45,-6.0,37.0,Poor,Stay away,56,3.5,0.8,-1.2,47.3,2,,Basic Materials,377185280.0,32854.91
TCLAF,Transcontinental Inc,4.02,14,10,6,6,6,1,5,48,-11.0,37.0,Poor,Stay away,32,0.8,-0.2,2.5,49.5,0,,Consumer Cyclical,306045248.0,0.0
EEIIX,EATON VANCE EMERGING MARKETS LOCAL INCOME FUND EATON VANCE EMERGING MARKETS LOCAL INCOME FUND CLASS I SHARES,3.55,6,5,8,7,1,2,3,32,0.0,37.0,Poor,🔥 COILED: Stay away,32,-0.3,0.0,-0.2,48.5,0,,nan,0.0,0.0
IHRTB,iHeartMedia Inc,4.0,15,6,11,7,6,2,3,50,-18.0,37.0,Poor,🔥 COILED: Stay away,56,0.0,0.0,2.7,100.0,1,,Communication Services,604609600.0,10.21
HELP,Cybin Inc. Common Stock,7.04,17,11,6,16,6,4,5,65,-29.0,37.0,Poor,Stay away,59,6.2,12.1,15.4,68.4,3,,Healthcare,214544784.0,875111.56
TELFY,"Telefónica, S.A.",4.06,3,14,1,9,4,6,2,39,-3.0,37.0,Poor,Stay away,31,3.6,4.1,-0.9,44.3,1,,Communication Services,25539770368.0,794203.4
RADX,Radiopharm Theranostics Limited American Depositary Shares,4.29,7,7,6,9,5,2,3,39,-5.0,37.0,Poor,Stay away,33,0.2,0.9,-0.6,48.2,2,,Healthcare,35395408.0,286598.02
XYF,X Financial Class A,4.76,4,11,8,4,9,2,2,40,-6.0,37.0,Poor,Stay away,30,-2.5,-2.9,-0.9,47.7,0,,Financial Services,181029856.0,199773.02
HLDTX,THE HARTFORD EMERGING MARKETS LOCAL DEBT FUND CLASS R5,4.65,5,7,8,8,0,4,3,35,-3.0,37.0,Poor,🔥 COILED: Stay away,37,0.2,0.4,-0.0,49.3,0,,nan,0.0,0.0
OIBAX,Oppenheimer International Bond A,4.61,4,4,7,7,1,4,3,30,2.0,37.0,Poor,🔥 COILED: Stay away,27,-0.4,0.0,-0.3,47.6,0,,nan,0.0,0.0
HOIBX,Homestead Intermediate Bond Fund,4.55,2,8,2,8,3,4,3,30,4.0,37.0,Poor,Stay away,24,0.0,-0.4,-0.3,43.0,0,,nan,nan,0.0
CLSZ,Tradr 2X Short CLSK Daily ETF,4.55,5,7,6,12,3,2,2,37,0.0,37.0,Poor,Stay away,0,0.0,12.3,-6.6,37.9,2,,nan,nan,0.0
ABDBY,Alm. Brand A/S,5.0,5,3,10,8,3,2,3,34,0.0,37.0,Poor,Stay away,36,0.0,0.0,-0.0,0.5,0,,Financial Services,3421142784.0,11.04
LWSIX,WESTERN ASSET GLOBAL STRATEGIC INCOME FUND CLASS C,4.96,2,9,3,8,3,4,3,32,2.0,37.0,Poor,Stay away,27,0.0,-0.2,-0.1,45.0,0,,nan,0.0,0.0
HLDCX,THE HARTFORD EMERGING MARKETS LOCAL DEBT FUND CLASS C,5.0,5,7,8,8,0,4,3,35,-3.0,37.0,Poor,🔥 COILED: Stay away,39,0.2,0.4,-0.0,49.4,0,,nan,0.0,0.0
PIFRX,PUTNAM INCOME FUND CLASS R SHARES,4.97,2,9,3,8,3,4,3,32,2.0,37.0,Poor,Stay away,33,0.0,-0.4,-0.2,43.7,0,,nan,0.0,0.0
HLDYX,THE HARTFORD EMERGING MARKETS LOCAL DEBT FUND CLASS Y,4.87,5,7,8,8,0,4,3,35,-3.0,37.0,Poor,🔥 COILED: Stay away,37,0.2,0.4,-0.0,49.4,0,,nan,0.0,0.0
PUICX,PUTNAM INCOME FUND CLASS C SHARES,4.98,2,9,3,8,3,4,3,32,2.0,37.0,Poor,Stay away,33,0.0,-0.4,-0.2,43.5,0,,nan,0.0,0.0
XMMTX,MFS Multimarket Income Trust,4.87,2,5,5,8,3,4,3,30,2.0,37.0,Poor,🔥 COILED: Stay away,22,-0.2,-0.2,-0.2,42.2,0,,Other,0.0,0.0
HOSGX,SHORT-TERM GOVERNMENT SECURITIES FUND SHORT-TERM GOVERNMENT SECURITIES FUND,4.99,2,10,2,8,3,4,3,32,2.0,37.0,Poor,Stay away,33,0.0,0.0,-0.0,48.3,0,,nan,0.0,0.0
LGBOF,Lingbao Gold Group Company Ltd.,1.0,10,6,11,6,3,2,3,41,-10.0,36.0,Poor,🔥 COILED: Stay away,46,0.0,0.0,0.0,50.0,0,,Basic Materials,1379396992.0,0.0
HOJI,House of Jane Inc,1.0,5,3,10,7,3,2,3,33,0.0,36.0,Poor,Stay away,18,0.0,0.0,-0.1,0.0,0,,Consumer Defensive,11031895.0,12.0
TSYHF,TravelSky Technology Limited,1.12,7,14,8,13,3,2,4,51,-16.0,36.0,Poor,Stay away,33,5.7,10.9,3.8,54.0,3,,Technology,3452926976.0,27890.79
CSYJF,CSE Global Limited,1.03,3,4,10,7,3,3,3,33,0.0,36.0,Poor,Stay away,51,0.0,0.0,-1.1,42.0,0,,Technology,868779328.0,0.0
RNLXY,Renalytix Plc,1.8,12,4,5,15,3,0,5,44,-8.0,36.0,Poor,Stay away,49,-10.9,5.9,5.8,59.9,1,,nan,294987616.0,2878.44
AUHEF,Anhui Expressway Company Limited,1.27,5,3,10,7,3,2,3,33,0.0,36.0,Poor,Stay away,35,0.0,0.0,-0.0,0.0,0,,Industrials,2169911552.0,0.0
ASNFF,ASNFF,1.25,10,6,11,6,3,2,3,41,-10.0,36.0,Poor,🔥 COILED: Stay away,50,0.0,0.0,0.0,50.0,0,,Technology,1174951680.0,1.15
PYIYF,Property For Industry Ltd.,1.26,10,6,11,6,3,2,3,41,-10.0,36.0,Poor,🔥 COILED: Stay away,50,0.0,0.0,0.0,50.0,0,,Real Estate,632997568.0,650.0
HGBL,Heritage Global Inc,1.25,7,11,9,4,2,3,3,39,-8.0,36.0,Poor,🔥 COILED: Stay away,25,0.8,5.0,0.8,51.8,1,,Financial Services,43426940.0,150360.49
PULM,Pulmatrix Inc,1.61,8,9,3,11,6,4,5,46,-8.0,36.0,Poor,Stay away,32,-10.6,-7.5,-1.1,50.9,1,,Healthcare,4684055.0,26924.93
PEJMF,Peijia Medical Limited,1.387,8,4,9,7,3,2,3,36,-5.0,36.0,Poor,🔥 COILED: Stay away,30,0.0,0.0,-0.0,48.1,1,,Healthcare,928412224.0,3800.0
ARTL,Artelo Biosciences Inc,1.14,6,9,8,9,2,2,2,38,-3.0,36.0,Poor,Stay away,24,11.8,3.6,-2.8,40.5,2,,Healthcare,4984322.0,1440863.59
MPPTF,Mpact Limited,1.4,5,3,10,7,3,2,3,33,0.0,36.0,Poor,Stay away,33,0.0,0.0,-0.0,0.0,0,,Consumer Cyclical,203525840.0,0.0
PCSVD,PCSVD,1.55,12,3,6,14,3,3,5,46,-10.0,36.0,Poor,Stay away,55,0.0,2.0,2.8,58.5,0,,Consumer Defensive,nan,3137.43
GRWPF,Growthpoint Properties Australia,1.54,5,3,10,7,3,2,3,33,0.0,36.0,Poor,Stay away,32,0.0,0.0,-0.0,0.0,1,,Real Estate,1161626240.0,0.0
GZTGF,G City Ltd,1.03,3,3,10,7,3,7,3,36,0.0,36.0,Poor,Stay away,20,0.0,0.0,-6.9,0.7,0,,Real Estate,257207856.0,503.43
MCCRF,Mccoy Global Inc,1.57,5,9,8,7,3,2,2,36,-1.0,36.0,Poor,Stay away,33,1.9,0.6,-0.0,47.5,0,,Energy,43165048.0,10235.23
RFGPF,Retail Food Group Limited,1.6,5,4,9,8,0,2,3,31,0.0,36.0,Poor,🔥 COILED: Stay away,34,0.0,0.0,0.0,50.0,0,,Consumer Cyclical,101135048.0,2300.0
HYHHF,Hygeia Healthcare Holdings Co Ltd,1.68,5,3,10,7,3,2,3,33,0.0,36.0,Poor,Stay away,30,0.0,0.0,-0.0,0.0,0,,Healthcare,1025346624.0,4.5
REAX,Real Brokerage Inc,2.18,12,10,5,14,5,4,5,55,-19.0,36.0,Poor,Stay away,42,1.9,10.1,8.4,61.2,3,,Real Estate,347669376.0,2171993.21
OST,Ostin Technology Group Co Ltd,1.695,6,4,10,8,3,2,3,36,-5.0,36.0,Poor,🔥 COILED: Stay away,45,0.0,0.0,-0.0,50.1,1,,Technology,10108845.0,10073.31
CNCK,Coincheck Group N.V. Ordinary Shares,2.85,16,4,7,15,7,7,5,61,-25.0,36.0,Poor,Stay away,48,12.2,33.8,17.0,73.4,3,,Financial Services,244668816.0,547091.46
BEOLF,Beyond Oil Ltd.,1.684,4,10,4,9,5,4,3,39,-3.0,36.0,Poor,Stay away,21,2.1,-0.3,-0.8,45.9,1,,Consumer Defensive,137256928.0,9524.43
SYKWF,SKY Network Television Limited,1.89,10,6,11,6,3,2,3,41,-10.0,36.0,Poor,🔥 COILED: Stay away,35,0.0,0.0,0.0,50.0,0,,Communication Services,234047520.0,0.0
TXMD,TherapeuticsMD Inc,2.04,6,14,4,3,8,2,2,39,-6.0,36.0,Poor,Stay away,52,1.5,-5.6,0.6,50.3,1,,Healthcare,23148724.0,105907.79
JCTC,Jewett-Cameron Trading Company Ltd.,2.79,16,10,5,9,6,7,5,58,-20.0,36.0,Poor,Stay away,62,7.7,12.0,13.8,71.9,3,,Basic Materials,7286633.0,21330.63
CGEN,Compugen,2.33,10,6,5,10,2,0,5,38,-2.0,36.0,Poor,Stay away,43,-5.7,9.4,2.1,53.2,1,,Healthcare,209977904.0,421153.81
CMCAU,Capitalworks Emerging Markets Acquisition Corp Unit,2.0,5,3,10,7,3,2,3,33,0.0,36.0,Poor,Stay away,31,0.0,0.0,-0.0,0.0,0,,Financial Services,nan,4.0
TLGUF,TLGUF,2.0,5,3,10,7,3,2,3,33,0.0,36.0,Poor,Stay away,31,0.0,0.0,-0.0,0.0,0,,Financial Services,nan,1.0
LLESF,Lend Lease Group,2.29,7,6,5,7,3,2,3,33,0.0,36.0,Poor,Stay away,27,0.0,0.0,-0.0,15.8,1,,Real Estate,2272122880.0,0.0
ANIX,Anixa Biosciences Inc,3.32,15,6,3,14,5,6,5,54,-18.0,36.0,Poor,Stay away,59,3.1,5.7,9.6,60.6,1,,Healthcare,87842984.0,195246.08
ADTGJX,ADTGJX,2.334,2,11,2,8,3,2,3,31,2.0,36.0,Poor,Stay away,33,-0.2,-0.2,-0.1,45.7,0,,nan,nan,0.0
XXRP,Teucrium 2x Long Daily XRP ETF,22.44,15,1,7,14,3,4,5,49,-13.0,36.0,Poor,Stay away,46,-0.6,6.2,31.3,72.8,1,,nan,nan,2070224.87
BMNM,Bimini Capital Management Inc,2.3,3,8,6,8,3,6,2,36,2.0,36.0,Poor,Stay away,28,2.2,-2.1,-2.4,39.9,1,,Financial Services,25258964.0,3736.1
YMDAF,Yamada Holdings Co. Ltd,3.16,10,6,11,6,3,2,3,41,-10.0,36.0,Poor,🔥 COILED: Stay away,34,0.0,0.0,0.0,50.0,0,,Consumer Cyclical,2059765120.0,0.0
BTSGY,BTS Group Holdings PCL ADR,3.08,5,3,10,7,3,2,3,33,0.0,36.0,Poor,Stay away,33,0.0,0.0,-0.0,0.0,0,,Industrials,656627136.0,0.0
MXGFF,Maxim Power Corp,3.03,5,8,2,9,3,5,2,34,2.0,36.0,Poor,Stay away,31,4.9,-4.3,0.2,47.6,0,,Utilities,204051952.0,407.74
ATHR,"Aether Holdings, Inc.",4.49,11,9,4,15,9,4,5,57,-21.0,36.0,Poor,Stay away,40,4.2,-7.8,6.7,59.6,1,,Technology,41047972.0,19512.83
HAIUF,Healthcare AI Acquisition Corp.,3.01,5,3,10,7,3,2,3,33,0.0,36.0,Poor,Stay away,32,0.0,0.0,-0.0,0.0,0,,Financial Services,nan,0.0
TPGTF,TPG Telecom Limited,3.28,5,3,9,9,3,1,3,33,0.0,36.0,Poor,Stay away,26,0.0,0.0,-0.0,0.0,0,,Communication Services,6438736384.0,5.1
SQZZF,Serica Energy plc,2.84,5,3,10,7,3,5,3,36,0.0,36.0,Poor,Stay away,36,0.0,0.0,-1.8,27.8,1,,Energy,1562694656.0,1355.0
BOVNF,BioInvent International AB (publ),3.289,8,4,9,7,3,2,3,36,-5.0,36.0,Poor,🔥 COILED: Stay away,30,0.0,0.0,-0.0,45.5,1,,Healthcare,216404224.0,9.08
STG,Sunlands Technology Group,3.74,9,11,2,11,3,0,5,41,-5.0,36.0,Poor,Stay away,30,-5.3,-8.1,-1.0,50.1,0,,Consumer Defensive,45781284.0,137828.31
GPIOX,GRANDEUR PEAK INTERNATIONAL OPPORTUNITIES FUND GRANDEUR PEAK INTERNATIONAL OPPORTUNITIES FUND INVESTOR CLASS,3.52,5,4,5,9,0,3,3,29,2.0,36.0,Poor,🔥 COILED: Stay away,49,-0.3,-1.9,-0.6,47.3,0,,nan,0.0,0.0
PMOIF,Harbour Energy plc,3.16,1,12,3,9,3,2,2,32,4.0,36.0,Poor,Stay away,37,-0.3,-13.9,-6.3,40.4,1,,Energy,5757846528.0,0.0
ASOMY,ASOS plc PK,4.89,18,4,6,17,7,9,5,66,-30.0,36.0,Poor,Stay away,70,11.4,33.6,19.1,86.3,3,,Consumer Cyclical,424752992.0,1564.44
RUMOF,Rumo S.A,3.8,5,3,10,7,3,2,3,33,0.0,36.0,Poor,Stay away,34,0.0,0.0,-0.0,0.0,0,,Industrials,7051605504.0,50.0
SAFLY,Safilo Group SpA ADR,3.76,4,2,9,9,3,3,3,33,0.0,36.0,Poor,Stay away,27,0.0,0.0,-0.2,28.0,0,,Healthcare,737865024.0,32.03
TCAPF,TP ICAP Group PLC,4.57,14,1,6,11,6,2,4,44,-13.0,36.0,Poor,🔥 COILED: Stay away,55,0.0,0.0,1.8,83.0,0,,Financial Services,2922688256.0,82.28
TLS,Telos Corp,4.73,10,5,4,14,5,2,5,45,-9.0,36.0,Poor,Stay away,50,-4.1,-3.5,0.2,51.8,1,,Technology,306758624.0,896404.76
TARA,Protara Therapeutics Inc,4.08,6,6,8,11,2,3,5,41,-5.0,36.0,Poor,Stay away,18,-2.9,1.0,-1.4,46.6,1,,Healthcare,247860672.0,805431.92
NRXP,NRX Pharmaceuticals Inc,4.24,13,5,3,13,5,5,5,49,-13.0,36.0,Poor,Stay away,63,3.2,9.8,4.5,56.6,2,,Healthcare,169870288.0,854368.37
AHT-PG,Ashford Hospitality Trust Inc,5.0,8,9,3,13,4,4,5,46,-8.0,36.0,Poor,Stay away,21,-6.7,-6.3,-0.4,50.0,1,,Real Estate,104801256.0,4294.9
LOAN,Manhattan Bridge Capital Inc,4.42,8,14,1,6,9,2,3,43,-8.0,36.0,Poor,Stay away,36,3.8,-3.7,0.7,51.8,0,,Real Estate,48231860.0,29856.38
PLMUF,Plum Acquisition Corp. III,4.01,5,3,10,7,3,2,3,33,0.0,36.0,Poor,Stay away,28,0.0,0.0,-0.0,36.0,0,,Financial Services,nan,176.23
PSTCX,VIRTUS MULTI-SECTOR SHORT TERM BOND FUND CLASS C,4.62,2,6,3,8,3,4,3,29,2.0,36.0,Poor,🔥 COILED: Stay away,28,0.0,0.0,-0.1,46.4,0,,nan,0.0,0.0
WAMVX,WASATCH MICRO CAP VALUE FUND INVESTOR CLASS SHARES,4.84,9,7,2,9,8,1,3,39,-8.0,36.0,Poor,🔥 COILED: Stay away,48,-1.2,-5.1,-0.6,49.5,0,,nan,0.0,0.0
TRZOX,T. Rowe Price Short-Term Bond Fund,4.6,2,6,3,8,3,4,3,29,2.0,36.0,Poor,🔥 COILED: Stay away,30,0.0,0.0,-0.1,46.2,0,,nan,nan,0.0
AEAEU,Altenergy Acquisition Corp Unit,4.5,5,3,10,7,3,2,3,33,0.0,36.0,Poor,Stay away,28,0.0,0.0,-0.0,0.0,0,,Financial Services,nan,1.34
MLLCF,Molecular Partners AG,3.8,9,4,3,7,6,5,2,36,-5.0,36.0,Poor,🔥 COILED: Stay away,55,0.0,5.6,-1.6,45.6,1,,Healthcare,181929136.0,78.0
GGROU,Golden Growers Cooperative,5.0,5,3,10,7,3,2,3,33,0.0,36.0,Poor,Stay away,35,0.0,0.0,-0.0,2.6,0,,Consumer Defensive,77452496.0,1245.0
ALGS,Aligos Therapeutics Inc,5.75,9,5,3,10,5,4,5,41,-5.0,36.0,Poor,Stay away,24,-15.1,5.5,-2.6,47.9,1,,Healthcare,33045112.0,116212.25
EMDAX,PRUDENTIAL EMERGING MARKETS DEBT LOCAL CURRENCY FUND CLASS A,4.88,7,4,7,7,1,2,3,31,0.0,36.0,Poor,🔥 COILED: Stay away,29,-0.2,-0.2,-0.1,49.5,0,,nan,0.0,0.0
EMDCX,PRUDENTIAL EMERGING MARKETS DEBT LOCAL CURRENCY FUND CLASS C,4.91,7,4,7,7,1,2,3,31,0.0,36.0,Poor,🔥 COILED: Stay away,29,-0.2,-0.2,-0.2,48.8,0,,nan,0.0,0.0
EMDQX,PRUDENTIAL EMERGING MARKETS DEBT LOCAL CURRENCY FUND CLASS Q,4.92,7,4,7,7,1,2,3,31,0.0,36.0,Poor,🔥 COILED: Stay away,29,-0.2,-0.2,-0.1,49.5,0,,nan,0.0,0.0
PNCMX,PUTNAM INCOME FUND CLASS M SHARES,4.81,2,8,3,8,3,2,3,29,4.0,36.0,Poor,Stay away,32,-0.2,-0.4,-0.3,41.7,0,,nan,0.0,0.0
HOSBX,SHORT-TERM BOND FUND SHORT-TERM BOND FUND,4.93,2,6,3,8,3,4,3,29,2.0,36.0,Poor,🔥 COILED: Stay away,29,0.0,-0.2,-0.1,44.0,0,,nan,0.0,0.0
JAFJX,John Hancock Variable Insurance Trust - Capital Appreciation Value Trust,4.93,9,4,3,7,3,7,3,36,-5.0,36.0,Poor,🔥 COILED: Stay away,37,-1.4,-1.6,-0.9,46.9,0,,nan,nan,0.0
CCTC,Clean Coal Technologies Inc,4.08,17,7,6,16,7,5,5,63,-25.8,35.2,Poor,Stay away,62,6.8,22.9,21.2,66.4,3,,Industrials,130232720.0,0.0
CGXYF,China Galaxy Securities Co. Ltd,1.0,9,6,11,6,3,2,3,40,-10.0,35.0,Poor,🔥 COILED: Stay away,34,0.0,0.0,0.0,50.0,0,,Financial Services,10934402048.0,0.0
EMTRF,Element 29 Resources Inc,1.03,5,12,8,11,4,2,5,47,-12.0,35.0,Poor,Stay away,46,-4.6,-8.8,-3.3,45.0,1,,Basic Materials,188697568.0,72066.88
EJPXX,JPMorgan Trust I - JPMorgan Prime Money Market Fund,1.0,7,8,8,6,4,4,3,40,-10.0,35.0,Poor,🔥 COILED: Stay away,28,0.0,0.0,-0.0,44.3,0,,nan,nan,0.0
FIUXX,First American Funds Inc. - First American Institutional Prime Obligations Fund,1.0,8,7,11,6,3,2,3,40,-10.0,35.0,Poor,🔥 COILED: Stay away,41,0.0,0.0,0.0,54.9,0,,nan,nan,0.0
JOFXX,JPMorgan Trust IV - Institutional Tax Free Money Market Fund,1.0,16,5,4,6,4,2,3,40,-10.0,35.0,Poor,🔥 COILED: Stay away,37,0.0,0.0,0.0,51.9,0,,nan,nan,0.0
TCPXX,SEI Daily Income Trust - Prime Obligation Fund,1.0,13,7,5,6,4,4,3,42,-10.0,35.0,Poor,Stay away,36,0.0,0.0,0.0,50.7,0,,nan,nan,0.0
FRAZ,Francisco Industries Inc,1.05,9,6,11,6,3,2,3,40,-10.0,35.0,Poor,🔥 COILED: Stay away,51,0.0,0.0,0.0,50.0,0,,Consumer Defensive,nan,24.98
PMVP,Pmv Pharmaceuticals Inc,1.3,13,4,3,13,1,5,5,44,-9.0,35.0,Poor,Stay away,35,4.8,4.8,3.3,54.6,1,,Healthcare,63464808.0,711521.19
DDHRF,Dream Hard Asset Alternatives Trust Units,1.17,8,3,10,7,3,3,3,37,-5.0,35.0,Poor,Stay away,34,0.0,0.0,-0.1,37.0,1,,Real Estate,22287918.0,0.0
SVMB,SavMobi Technology Inc.,1.0,3,7,5,7,3,2,3,30,0.0,35.0,Poor,🔥 COILED: Stay away,13,0.0,0.0,-2.9,42.6,0,,Technology,666378496.0,66.72
PVTRF,Pivotree Inc.,1.29,9,6,11,9,3,4,3,45,-13.0,35.0,Poor,Stay away,48,0.0,0.0,0.0,100.0,0,,Technology,33779236.0,91.25
GIBO,Global IBO Group Ltd,27.05,17,4,4,9,6,2,5,47,-12.0,35.0,Poor,Stay away,58,-6.0,-3.4,36.7,67.7,1,,Communication Services,84001736.0,291798.66
APWC,Asia Pacific Wire & Cable Corp Ltd,1.47,5,9,1,8,3,2,5,33,4.0,35.0,Poor,Stay away,28,-5.8,-9.3,-5.1,44.6,0,,Industrials,56488464.0,11069.93
BSKZF,Bambuser AB (publ),1.39,9,4,11,7,3,2,3,39,-7.0,35.0,Poor,Stay away,48,0.0,0.0,0.0,64.5,1,,Technology,11192210.0,50.48
SGLA,Sino Green Land Corporation,1.81,7,2,3,10,6,4,5,37,-5.0,35.0,Poor,Stay away,44,0.0,-33.0,0.1,51.0,1,,Industrials,226930528.0,673.03
ADTGKX,ADTGKX,1.434,2,10,2,8,3,2,3,30,2.0,35.0,Poor,Stay away,25,-0.2,-0.2,-0.1,43.3,0,,nan,nan,0.0
PAFRF,Pan African Resources PLC,1.27,5,9,2,10,3,2,2,33,2.0,35.0,Poor,Stay away,32,8.5,-3.1,-6.7,32.5,0,,Basic Materials,2959877632.0,594.9
VS,Versus Systems Inc,1.58,15,6,2,15,5,5,5,53,-18.0,35.0,Poor,Stay away,63,9.0,16.2,9.0,58.6,3,,Technology,7744650.0,81522.46
CPNNF,Central Pattana Public Company Limited,1.56,12,6,11,8,3,2,3,45,-13.0,35.0,Poor,Stay away,44,0.0,0.0,0.0,100.0,0,,Real Estate,7001668096.0,5.96
YITYY,Yit Oyj ADR,1.55,7,3,10,9,3,2,3,37,-5.0,35.0,Poor,Stay away,34,0.0,0.0,-0.0,7.4,1,,Industrials,715002752.0,7.5
AUSDF,Perenti Global Limited,1.8,14,6,8,6,6,2,5,47,-12.0,35.0,Poor,Stay away,42,0.0,0.0,2.9,64.6,0,,Basic Materials,1498195328.0,0.0
CURV,Torrid Holdings Inc,2.23,17,13,8,14,7,2,5,66,-29,35,Poor,Stay away,64,14.4,28.2,14.7,68.5,3,,Consumer Cyclical,138302880.0,659790.65
CPCAF,Cathay Pacific Airways Limited,1.55,4,4,6,8,6,5,2,35,0.0,35.0,Poor,Stay away,47,0.0,0.0,-1.0,29.4,0,,Industrials,10277106688.0,0.0
ERLFF,Entree Resources Ltd,2.04,12,3,3,14,3,0,5,40,-5.0,35.0,Poor,Stay away,58,-6.4,-8.1,-0.3,52.1,1,,Basic Materials,379600832.0,17584.77
IHHHF,IHH Healthcare Berhad,1.71,7,6,11,6,6,1,3,40,-10.0,35.0,Poor,🔥 COILED: Stay away,0,0.0,0.0,0.0,50.0,0,,Healthcare,15109822464.0,0.0
VNTEF,VNTEF,1.7,5,3,9,7,3,2,3,32,0.0,35.0,Poor,Stay away,0,0.0,0.0,-0.0,0.0,0,,Real Estate,466556000.0,0.0
CLIK,Click Holdings Limited,1.73,11,14,9,7,3,2,5,51,-21.0,35.0,Poor,Stay away,29,21.8,17.7,13.6,59.5,3,,Consumer Cyclical,6395545.0,901360.45
PKCPY,AKR Corporindo Tbk PT ADR,1.63,4,3,9,7,3,3,3,32,0.0,35.0,Poor,Stay away,16,0.0,0.0,-0.9,38.7,0,,Energy,1409743616.0,20.9
FAURY,Faurecia S.E,1.93,8,3,9,9,3,2,3,37,-5.0,35.0,Poor,Stay away,29,0.0,0.0,-0.0,0.0,1,,Consumer Cyclical,1425507456.0,0.55
GKSDF,Grupo KUO S.A.B. de C.V,1.9,8,3,9,9,3,2,3,37,-5.0,35.0,Poor,Stay away,31,0.0,0.0,-0.0,0.0,1,,Consumer Defensive,826638848.0,75.5
YNNHF,Yihai International Holding Ltd,1.992,12,6,10,7,3,4,3,45,-13.0,35.0,Poor,Stay away,49,0.0,0.0,0.1,95.7,0,,Consumer Defensive,1932502912.0,5.72
CRRNF,Cairn Homes plc,1.99,9,6,11,6,3,2,3,40,-10.0,35.0,Poor,🔥 COILED: Stay away,42,0.0,0.0,0.0,50.0,0,,Consumer Cyclical,1236098944.0,0.0
LPRO,Open Lending Corp,3.14,15,10,13,8,6,2,4,58,-21.0,35.0,Poor,Stay away,67,0.3,1.0,4.6,73.7,1,,Financial Services,264806256.0,695912.35
MHGU,Meritage Hospitality Group Inc,2.28,6,4,3,10,5,4,5,37,-5.0,35.0,Poor,Stay away,34,-3.0,-23.7,-6.8,43.3,1,,Consumer Cyclical,14015943.0,7841.49
SLGCX,LARGE CAPITALIZATION GROWTH PORTFOLIO LARGE CAPITALIZATION GROWTH PORTFOLIO CLASS C,1.99,9,4,3,7,3,1,3,30,0.0,35.0,Poor,🔥 COILED: Stay away,29,-2.0,-1.5,-0.5,49.1,0,,nan,0.0,0.0
FTROF,First Resources Limited,2.26,12,6,11,8,3,2,3,45,-13.0,35.0,Poor,Stay away,55,0.0,0.0,0.0,100.0,0,,Consumer Defensive,4077327872.0,79.5
QKIE,QKIE,2.4,13,7,4,14,6,9,5,58,-23.0,35.0,Poor,Stay away,64,4.8,5.3,4.5,82.7,0,,Financial Services,1189168256.0,633.69
JVTSF,Juventus Football Club S.p.A,2.453,4,7,9,7,3,2,3,35,-3.0,35.0,Poor,Stay away,34,2.2,0.7,1.2,50.7,2,,Communication Services,1015477696.0,0.0
MOPLF,Molinos Rio de la Plata S.A.,2.35,9,6,11,6,3,2,3,40,-10.0,35.0,Poor,🔥 COILED: Stay away,51,0.0,0.0,0.0,50.0,1,,Consumer Defensive,473325504.0,46.97
FISRX,FRANKLIN INCOME FUND CLASS R,2.48,5,11,8,6,3,2,3,38,-8.0,35.0,Poor,🔥 COILED: Stay away,42,0.0,0.4,-0.0,48.8,0,,nan,0.0,0.0
DNLZY,Dyno Nobel Limited,2.68,9,8,2,9,7,2,3,40,-8.0,35.0,Poor,Stay away,51,-0.4,-1.1,1.4,53.1,1,,Basic Materials,4599666688.0,5435.01
XDHFX,Dreyfus High Yield Strategies Fund,2.69,3,9,2,8,3,2,3,30,2.0,35.0,Poor,Stay away,32,0.0,-0.4,-0.2,43.1,0,,Other,0.0,0.0
WOOF,Pet Acquisition LLC,2.67,4,12,8,6,6,4,2,42,-8.0,35.0,Poor,Stay away,32,4.7,-1.8,1.7,51.7,0,,Consumer Cyclical,926285760.0,2642619.22
NCEL,NewcelX Ltd.,3.91,13,3,4,14,3,0,5,42,-5.0,35.0,Poor,Stay away,51,-5.3,1.6,2.6,57.7,1,,Healthcare,17013032.0,111558.62
WNW,Meiwu Technology Co Ltd,3.38,10,6,5,9,2,3,2,37,-5.0,35.0,Poor,🔥 COILED: Stay away,35,1.8,-7.9,-4.8,47.3,1,,Consumer Cyclical,4177679.0,579495.51
VERB,Verb Technology Company Inc,3.4,15,5,4,9,7,5,3,48,-18.0,35.0,Poor,🔥 COILED: Stay away,48,1.8,16.8,5.8,55.0,3,,Technology,877814080.0,574130.39
TONX,TON Strategy Co,3.4,15,5,4,9,7,5,3,48,-18.0,35.0,Poor,🔥 COILED: Stay away,48,1.8,16.8,5.8,55.0,3,,Technology,212555120.0,574112.99
HNST,Honest Company Inc,3.92,15,7,5,14,3,1,5,50,-15.0,35.0,Poor,Stay away,60,-1.0,3.2,2.8,58.3,1,,Consumer Defensive,362158656.0,2680385.83
PTXLF,PTT Exploration and Production Public Company Limited,3.85,17,4,5,9,6,2,5,48,-13.0,35.0,Poor,Stay away,61,0.0,0.0,3.1,100.0,0,,Energy,13896693760.0,3.0
WTI,W&T Offshore Inc,3.33,8,5,7,14,2,2,5,43,-8.0,35.0,Poor,Stay away,42,-2.3,8.1,-2.7,46.1,2,,Energy,609988544.0,4266754.24
ASOMF,ASOS Plc,3.7,16,6,12,8,3,2,3,50,-18.0,35.0,Poor,Stay away,55,0.0,0.0,0.5,96.1,1,,Consumer Cyclical,421163552.0,59.15
TMCI,Treace Medical Concepts Inc,4.43,16,11,8,9,5,1,5,55,-18.0,35.0,Poor,Stay away,64,-4.9,4.7,4.1,56.4,1,,Healthcare,239381280.0,697161.4
AARD,"Aardvark Therapeutics, Inc. Common Stock",6.33,16,5,3,15,7,2,5,53,-18.0,35.0,Poor,Stay away,38,26.6,12.6,13.8,57.8,3,,Healthcare,83120424.0,219286.16
AOAO,Alpha One Inc,3.55,5,4,9,7,3,4,3,35,-5.0,35.0,Poor,🔥 COILED: Stay away,33,0.0,0.0,-0.0,48.1,1,,Communication Services,38954460.0,0.4
TTGT,"TechTarget, Inc. Common Stock",3.74,3,10,5,7,2,6,4,37,-5.0,35.0,Poor,Stay away,19,-0.8,-8.1,-2.6,44.1,1,,Technology,305826624.0,509986.08
KRMD,Repro Med Systems Inc,4.24,7,13,3,10,8,4,5,50,-13.0,35.0,Poor,Stay away,37,-4.3,-3.6,-0.3,50.5,1,,Healthcare,190162608.0,147690.56
IVA,Inventiva Sa,4.52,13,10,3,15,5,7,5,58,-21.0,35.0,Poor,Stay away,39,-0.2,22.5,8.2,58.9,3,,Healthcare,883849728.0,340807.98
BWTL,Bowlin Travel Centers Inc,3.39,3,3,8,8,3,7,3,35,0.0,35.0,Poor,Stay away,13,0.0,0.0,-1.5,0.4,0,,Consumer Cyclical,15188172.0,113.01
RLEA,Rubber Leaf Inc,4.5,12,6,12,9,6,2,3,50,-18.0,35.0,Poor,Stay away,53,0.0,0.0,0.3,99.9,1,,Basic Materials,184992544.0,23.61
PASHX,T. ROWE PRICE SHORT-TERM BOND FUND INC. T. ROWE PRICE SHORT-TERM BOND FUND-ADVISOR CLASS,4.61,2,6,2,8,3,4,3,28,2.0,35.0,Poor,🔥 COILED: Stay away,29,0.0,0.0,-0.0,46.2,0,,nan,0.0,0.0
VLVCY,Volvo Car AB (publ.),4.2,7,8,3,8,3,2,4,35,0.0,35.0,Poor,Stay away,27,-3.4,12.6,0.1,48.1,2,,Consumer Cyclical,7268880384.0,1075.26
LWHIX,WESTERN ASSET SHORT DURATION HIGH INCOME FUND CLASS C,4.76,2,7,3,8,3,4,3,30,2.0,35.0,Poor,Stay away,26,0.0,-0.2,-0.1,42.6,0,,nan,0.0,0.0
PHYEX,PGIM HIGH YIELD FUND CLASS R2,4.78,2,9,3,8,3,2,3,30,2.0,35.0,Poor,Stay away,28,-0.2,-0.2,-0.1,44.7,0,,nan,nan,0.0
TRZTX,T. Rowe Price U.S. Treasury Intermediate Index Fund,5.01,2,8,2,8,3,4,3,30,2.0,35.0,Poor,Stay away,28,0.0,-0.2,-0.1,47.5,0,,nan,nan,0.0
ABVN,ABV Consulting Inc,2.55,16,2,4,13,7,7,5,54,-20.0,34.0,Poor,Stay away,60,-27.1,363.6,10.1,59.2,3,,Financial Services,100783000.0,76.84
DFORF,D4t4 Solutions Plc,1.0,3,3,8,10,3,1,3,31,0.0,34.0,Poor,Stay away,10,0.0,0.0,-2.0,0.0,0,,Technology,38201184.0,240.38
CCXIW,Churchill Capital Corp XI Warrants,6.82,13,2,3,9,5,3,5,40,-6.0,34.0,Poor,Stay away,0,-8.5,-13.9,13.3,60.4,0,,nan,nan,0.0
CGGGF,Coats Group plc,1.03,4,3,8,10,3,3,3,34,0.0,34.0,Poor,Stay away,24,0.0,0.0,-0.8,35.5,0,,Consumer Cyclical,2067511040.0,0.0
AMRQF,Amaroq Ltd.,1.13,7,9,9,8,2,2,4,41,-5.0,34.0,Poor,Stay away,23,-1.1,1.6,-0.3,47.8,1,,Basic Materials,568562432.0,119612.58
EXFY,Expensify Inc,1.81,13,7,3,15,7,4,5,54,-18.0,34.0,Poor,Stay away,61,-7.2,2.8,7.4,59.8,1,,Technology,111386024.0,629567.35
QRHC,Quest Resource Holding Corp,1.33,18,16,5,4,7,3,2,55,-21.0,34.0,Poor,Stay away,47,3.1,7.3,2.2,53.7,2,,Industrials,28870712.0,169100.2
GDTC,CytoMed Therapeutics Limited Ordinary Shares,1.02,10,12,5,4,9,2,2,44,-11.0,34.0,Poor,Stay away,34,4.1,3.0,0.1,49.0,1,,Healthcare,13962745.0,221831.05
CGCTW,Cartesian Growth Corporation III Warrant,1.4,11,14,2,14,8,2,5,56,-20,34,Poor,Stay away,53,100.3,100.3,33.7,57.8,2,8,nan,nan,69534.04
USIO,Usio Inc,2.23,15,3,2,14,3,5,5,47,-13.0,34.0,Poor,Stay away,58,4.7,-12.5,2.3,55.1,1,,Technology,42773788.0,65122.92
EMMS,Emmis Communications Corp,1.55,7,3,8,7,3,5,3,36,-5.0,34.0,Poor,Stay away,34,0.0,0.0,-0.4,6.8,1,,Communication Services,26798264.0,574.74
FRCEF,Fletcher Building Limited,2.1,18,9,5,13,6,12,5,68,-30,34,Poor,Stay away,68,28.8,28.8,25.4,99.4,3,,Basic Materials,1752082816.0,69.75
PETS,PetMed Express Inc,2.0,12,9,3,8,5,5,5,47,-13.0,34.0,Poor,Stay away,30,2.0,0.5,3.5,55.7,1,,Healthcare,38885724.0,896106.34
TIHRF,Tharisa plc,1.48,3,5,6,7,3,3,2,29,0.0,34.0,Poor,🔥 COILED: Stay away,28,0.0,0.0,-2.0,40.5,0,,Basic Materials,511634208.0,921.09
IPM,Intelligent Protection Management Corp,1.81,10,6,4,7,3,2,5,37,-3.0,34.0,Poor,Stay away,37,3.4,4.0,2.2,54.6,1,,Technology,25550030.0,366868.57
SDCHD,"SideChannel, Inc.",1.85,8,4,8,7,1,0,3,31,0.0,34.0,Poor,Stay away,38,-7.5,-2.9,-3.4,41.8,0,,Technology,8893424.0,2927.09
CLNE,Clean Energy Fuels Corp,2.35,16,8,5,14,5,2,5,55,-19.0,34.0,Poor,Stay away,53,9.3,13.5,10.2,70.0,3,,Energy,442651520.0,1317545.24
KHDHF,KHD Humboldt Wedag International AG,1.85,4,3,10,8,0,3,3,31,0.0,34.0,Poor,Stay away,20,0.0,0.0,-0.3,10.1,0,,Industrials,109531816.0,66.0
BSMAF,Bursa Malaysia Bhd Ord,2.18,10,0,9,12,6,4,3,44,-13.0,34.0,Poor,Stay away,41,0.0,0.0,0.2,88.2,0,,Financial Services,1764272128.0,169.0
IPHLF,IPH Limited,2.68,15,4,5,10,6,2,5,47,-13.0,34.0,Poor,Stay away,47,0.0,21.3,8.6,100.0,2,,Industrials,572480448.0,6.6
MOBX,Mobix Labs Inc,1.92,5,6,8,11,2,0,2,34,-3.0,34.0,Poor,Stay away,40,-4.5,-10.7,-5.3,43.7,1,,Technology,35541512.0,3472536.01
ADTGDX,ADTGDX,2.215,2,10,1,8,3,2,3,29,2.0,34.0,Poor,Stay away,29,-0.1,-0.1,-0.1,46.0,0,,nan,nan,0.0
RHEPZ,"Regional Health Properties, Inc.",2.4,11,13,4,10,6,0,5,49,-13.0,34.0,Poor,Stay away,48,-4.0,6.7,2.4,55.6,0,,nan,nan,1582.53
GPFOF,Grupo Financiero Inbursa S.A.B. de C.V,2.405,11,4,6,6,4,4,4,39,-8.0,34.0,Poor,Stay away,26,0.0,1.5,0.5,51.0,0,,Financial Services,14867475456.0,0.0
GSKRF,Goldsky Resources Corp.,2.15,5,8,6,11,0,2,2,34,-3.0,34.0,Poor,Stay away,37,-3.2,-8.5,-5.7,40.7,2,,Basic Materials,496943264.0,58451.82
CCLD,"CareCloud, Inc.",2.33,12,10,8,4,2,5,5,46,-15.0,34.0,Poor,Stay away,29,2.2,2.6,2.7,53.3,0,,Healthcare,99858424.0,499847.66
ORXGF,Orca Energy Group Inc,2.02,7,5,8,8,0,3,3,34,0.0,34.0,Poor,Stay away,13,-2.4,1.0,-2.2,40.7,0,,Energy,48315192.0,0.0
SCWO,374Water Inc. Common Stock,2.2,8,16,8,3,3,2,3,43,-13.0,34.0,Poor,Stay away,39,7.8,1.9,5.1,52.8,1,,Industrials,44963444.0,290717.04
GRCE,"Grace Therapeutics, Inc.",2.41,6,7,6,10,2,0,5,36,-5.0,34.0,Poor,Stay away,21,-1.2,7.6,0.3,50.0,1,,Healthcare,37911368.0,311958.64
HRSHF,Haier Smart Home Co. Ltd,2.6,3,5,5,12,4,0,2,31,0.0,34.0,Poor,Stay away,25,-1.9,1.8,-1.5,44.2,0,,Consumer Cyclical,24086996992.0,2486.94
AEMMF,A2A S.p.A,2.6,10,6,11,9,3,2,3,44,-13.0,34.0,Poor,Stay away,47,0.0,0.0,0.0,98.7,0,,Utilities,8124445696.0,34.06
CRON,Cronos Group Inc,2.75,7,7,8,12,2,0,5,41,-8.0,34.0,Poor,Stay away,50,-1.1,-3.8,-0.1,50.3,0,,Healthcare,1046253696.0,1988482.88
XCIKX,Credit Suisse Asset Management Income Fd Inc,2.73,8,5,11,6,4,2,3,39,-10.0,34.0,Poor,🔥 COILED: Stay away,36,0.0,0.4,0.1,53.2,0,,Other,0.0,0.0
FRIAX,FRANKLIN INCOME FUND ADVISOR CLASS,2.52,5,8,8,6,3,4,3,37,-8.0,34.0,Poor,🔥 COILED: Stay away,41,0.0,0.4,-0.1,48.0,0,,nan,0.0,0.0
FKIQX,Franklin Income Fund Cl A,2.54,5,8,8,6,3,4,3,37,-8.0,34.0,Poor,🔥 COILED: Stay away,40,0.0,0.4,-0.1,48.0,0,,nan,nan,0.0
KLTHF,Koolearn Technology Holding Limited,2.8,9,6,10,6,3,2,3,39,-10.0,34.0,Poor,🔥 COILED: Stay away,53,0.0,0.0,0.0,50.0,0,,Consumer Defensive,2947582976.0,762.5
HTT,High Templar Tech Limited Sponsored ADR Class A,2.63,3,8,3,7,5,6,2,34,0.0,34.0,Poor,Stay away,36,0.8,2.3,-2.8,44.4,0,,Financial Services,462744832.0,261939.97
SLUNF,Solutions 30 SE,2.84,5,4,9,8,3,2,3,34,-5.0,34.0,Poor,🔥 COILED: Stay away,29,0.0,0.0,0.0,50.0,1,,Technology,304077536.0,425.3
MLCI,Mount Logan Capital Inc. Common Stock,3.38,13,5,4,12,0,4,5,43,-14.0,34.0,Poor,🔥 COILED: Stay away,23,-4.2,-1.2,0.7,50.8,1,,Financial Services,33006866.0,63786.48
FCAFF,Firm Capital Apartment Real Estate Investment Trust,2.75,8,3,9,8,3,2,3,36,-5.0,34.0,Poor,Stay away,30,0.0,0.0,-0.0,0.1,1,,Real Estate,20912032.0,58.5
ICU,SeaStar Medical Holding Corporation,4.22,14,3,2,12,3,4,5,43,-9.0,34.0,Poor,Stay away,48,-13.9,-13.2,-1.3,51.4,1,,Healthcare,13110166.0,170458.99
MLACX,MAINSTAY LARGE CAP GROWTH FUND CLASS C,2.81,5,4,4,7,3,3,3,29,0.0,34.0,Poor,🔥 COILED: Stay away,32,-1.7,-1.4,-0.9,47.9,0,,nan,0.0,0.0
CVOSF,Coveo Solutions Inc.,3.12,13,4,5,7,6,2,4,41,-7.0,34.0,Poor,Stay away,31,5.3,6.5,4.0,55.0,1,,Technology,303520704.0,7068.85
YDES,YD Bio Ltd,2.46,6,12,4,8,3,4,2,39,-6.0,34.0,Poor,Stay away,29,15.0,6.5,1.1,46.4,1,,Healthcare,255701152.0,0.0
ZH,Zhihu Inc ADR,3.21,12,5,10,13,0,4,4,48,-14.0,34.0,Poor,Stay away,34,0.6,3.2,0.7,52.7,1,,Communication Services,268187744.0,324787.99
BLRX,BioLineRx Ltd,2.98,2,10,1,9,7,2,3,34,0.0,34.0,Poor,Stay away,39,-1.7,-6.0,-4.0,44.2,0,,Healthcare,14960542.0,34229.93
HRST,Harvest Oil & Gas Corp,3.13,12,6,6,12,0,1,4,41,-7.0,34.0,Poor,Stay away,48,0.0,3.0,0.8,67.7,1,,Energy,3172011.0,43.13
ADTGFX,ADTGFX,3.161,2,10,1,8,3,2,3,29,2.0,34.0,Poor,Stay away,25,-0.2,-0.3,-0.1,44.5,0,,nan,nan,0.0
TNYZF,Tiny Ltd.,5.0,18,8,6,12,6,8,5,63,-30,34,Poor,Stay away,59,40.8,41.0,26.6,79.2,4,,Financial Services,103117408.0,3930.65
FHTX,Foghorn Therapeutics Inc,5.07,11,3,1,12,3,4,5,39,-5.0,34.0,Poor,Stay away,45,-15.6,1.2,-0.4,52.3,1,,Healthcare,219590064.0,171339.7
KAUCX,FEDERATED KAUFMANN FUND CLASS C SHARES,3.84,8,4,2,7,3,1,4,29,0.0,34.0,Poor,🔥 COILED: Stay away,43,-3.8,-4.2,-1.6,46.8,0,,nan,0.0,0.0
EEIAX,EATON VANCE EMERGING MARKETS LOCAL INCOME FUND,3.55,4,5,7,7,1,2,3,29,0.0,34.0,Poor,🔥 COILED: Stay away,31,-0.3,0.0,-0.3,47.2,0,,nan,0.0,0.0
FRRPF,Fiera Capital Corporation,3.8,10,13,11,2,3,3,4,46,-8.0,34.0,Poor,Stay away,25,1.7,3.5,1.4,55.1,1,,Financial Services,415776096.0,0.0
MASK,3 E Network Technology Group Ltd Class A Ordinary Shares,1.7,5,8,7,8,4,0,2,34,2.0,34.0,Poor,Stay away,33,-10.1,-15.8,-15.2,39.7,0,,Technology,4631380.0,2471308.6
NUVI,Emo Capital Corp,0.021,3,4,8,7,3,1,3,29,0.0,34.0,Poor,🔥 COILED: Stay away,38,0.0,0.0,-87.3,42.8,0,,Financial Services,12019999744.0,0.0
RTGN,RetinalGenix Technologies Inc,4.0,13,6,11,8,6,2,3,49,-18.0,34.0,Poor,Stay away,48,0.0,0.0,0.1,100.0,1,,Healthcare,75374512.0,154.2
MYGN,Myriad Genetics Inc,6.19,16,6,7,15,5,1,5,55,-21.0,34.0,Poor,Stay away,61,1.5,3.2,9.6,66.9,1,,Healthcare,436350720.0,1431509.4
EARN,Ellington Residential Mortgage,4.46,4,14,7,3,3,3,3,37,-6.0,34.0,Poor,Stay away,27,1.8,1.8,0.2,48.5,0,,Financial Services,174319232.0,397515.93
OIBNX,Oppenheimer International Bond R,4.6,4,4,7,9,1,4,3,32,-3.0,34.0,Poor,🔥 COILED: Stay away,29,-0.4,0.0,-0.2,48.0,0,,nan,0.0,0.0
OIBYX,Oppenheimer International Bond Y,4.61,4,4,7,9,1,4,3,32,-3.0,34.0,Poor,🔥 COILED: Stay away,29,-0.2,0.0,-0.2,48.2,0,,nan,0.0,0.0
TZA,Direxion Daily Small Cap Bear 3X Shares,39.94,17,7,5,12,7,6,5,59,-25,34,Poor,Stay away,67,916.3,940.1,278.4,98.1,2,5,nan,nan,115720857.82
COIG,Leverage Shares 2X Long COIN Daily ETF,5.02,6,8,5,7,0,4,2,32,2.0,34.0,Poor,Stay away,19,3.7,1.8,-1.7,46.9,0,,nan,nan,93323.02
AYAAY,Ayala Land Inc,5.0,4,3,9,8,3,1,3,31,0.0,34.0,Poor,Stay away,15,0.0,0.0,-0.5,0.4,0,,Real Estate,3577076224.0,5.52
HLDIX,THE HARTFORD EMERGING MARKETS LOCAL DEBT FUND CLASS I,4.91,4,6,7,8,0,4,3,32,-3.0,34.0,Poor,🔥 COILED: Stay away,34,0.0,0.2,-0.1,48.6,0,,nan,0.0,0.0
HLDRX,THE HARTFORD EMERGING MARKETS LOCAL DEBT FUND CLASS R3,4.99,4,6,7,8,0,4,3,32,-3.0,34.0,Poor,🔥 COILED: Stay away,37,0.0,0.2,-0.1,48.6,0,,nan,0.0,0.0
HLDFX,THE HARTFORD EMERGING MARKETS LOCAL DEBT FUND CLASS F,4.91,4,6,7,8,0,4,3,32,-3.0,34.0,Poor,🔥 COILED: Stay away,34,0.0,0.2,-0.1,48.5,0,,nan,0.0,0.0
CTHCF,Cathay Real Estate Development Co Ltd,1.0,2,5,8,9,0,0,4,28,2.0,33.0,Poor,Stay away,24,-2.9,-3.9,-1.8,47.2,0,,Other,118571648.0,16536.78
DGNX,Diginex Limited Ordinary Shares,1.12,10,4,5,9,0,5,5,38,-5.0,33.0,Poor,Stay away,31,-4.3,-12.5,0.0,50.3,1,,Industrials,32011034.0,397721.5
YQAI,YouneeqAI Technical Services Inc.,1.0,10,6,10,10,3,1,3,43,-15.0,33.0,Poor,🔥 COILED: Stay away,39,0.0,0.0,1.4,84.8,1,,Technology,10511393.0,77.32
MCSXX,BlackRock Liquidity Funds - MuniCash,1.0,14,5,4,6,4,2,3,38,-10.0,33.0,Poor,🔥 COILED: Stay away,37,0.0,0.0,0.0,51.9,0,,nan,nan,0.0
JOCXX,JPMorgan Trust IV - Institutional Tax Free Money Market Fund,1.0,14,5,4,6,4,2,3,38,-10.0,33.0,Poor,🔥 COILED: Stay away,37,0.0,0.0,0.0,51.9,0,,nan,nan,0.0
MPFXX,Morgan Stanley Institutional Liquidity Funds - Prime Portfolio,1.0,11,7,5,6,4,2,3,38,-8.0,33.0,Poor,Stay away,32,0.0,0.0,0.0,54.3,0,,nan,nan,0.0
WAAXX,Western Asset Premier Institutional Liquid Reserves Capital Shares,1.0,13,5,5,6,6,2,3,40,-10.0,33.0,Poor,Stay away,44,0.0,0.0,0.0,55.2,0,,nan,nan,0.0
AFLYY,Air France KLM SA,1.44,11,6,7,3,3,4,4,38,-8.0,33.0,Poor,Stay away,58,-2.0,-3.4,0.5,52.8,0,,Industrials,3291897088.0,156149.14
TTGPF,TT Electronics plc,1.6,13,6,13,10,1,1,4,48,-18.0,33.0,Poor,Stay away,44,0.0,1.5,1.6,72.8,1,,Technology,237243232.0,1906.5
TIKK,Tel-Instrument Electronics Corp,1.5,12,5,10,11,6,4,5,53,-23.0,33.0,Poor,Stay away,31,0.0,15.4,4.3,70.5,3,,Industrials,8302511.0,1240.74
PGWFF,PGG Wrightson Limited,1.35,10,6,11,6,0,2,3,38,-10.0,33.0,Poor,🔥 COILED: Stay away,0,0.0,0.0,0.0,50.0,0,,Industrials,190219888.0,0.0
KLTR,Kaltura Inc,1.3,6,14,8,4,6,3,2,43,-13.0,33.0,Poor,Stay away,28,2.4,0.0,-0.9,46.1,2,,Technology,218043376.0,597583.47
BKHAR,Black Hawk Acquisition Corporation Rights,1.64,16,9,8,5,6,7,5,56,-23.0,33.0,Poor,Stay away,66,6.5,-4.7,6.0,60.6,1,,nan,1766400.0,0.0
DLNDY,D&L Industries Inc ADR,1.46,7,7,10,4,3,4,3,38,-10.0,33.0,Poor,🔥 COILED: Stay away,29,0.0,0.0,-0.4,43.2,0,,Basic Materials,422857184.0,942.68
FCHIX,FRANKLIN HIGH INCOME FUND CLASS C,1.79,6,6,8,6,3,4,3,36,-8.0,33.0,Poor,🔥 COILED: Stay away,28,0.0,0.0,-0.1,44.2,0,,nan,0.0,0.0
UGSDX,U.S. GOVERNMENT SECURITIES ULTRA-SHORT BOND FUND U.S. GOVERNMENT SECURITIES ULTRA-SHORT BOND FUND,1.95,15,5,3,6,4,2,3,38,-10.0,33.0,Poor,🔥 COILED: Stay away,29,0.0,0.5,0.0,53.7,0,,nan,0.0,0.0
PMDI,Psychemedics Corporation,2.49,17,5,6,7,6,5,5,51,-18.0,33.0,Poor,Stay away,64,0.0,0.0,2.8,80.4,1,,Healthcare,13440905.0,2681.28
ADTGEX,ADTGEX,2.204,2,9,1,8,3,2,3,28,2.0,33.0,Poor,Stay away,24,-0.2,-0.2,-0.1,43.9,0,,nan,nan,0.0
DDL,Dingdong (Cayman) Limited ADR,2.32,13,11,5,9,5,3,4,50,-15.0,33.0,Poor,Stay away,25,10.0,17.2,6.8,59.5,3,,Consumer Defensive,546642816.0,1206900.83
MIN,MFS Intermediate Income Trust,2.45,6,3,6,13,0,1,4,33,0.0,33.0,Poor,Stay away,21,-0.8,-0.8,-0.1,48.9,0,,Financial Services,277667712.0,266584.06
DHF,BNY Mellon High Yield Strategies Fund,2.41,6,7,9,3,2,8,3,38,-6.0,33.0,Poor,Stay away,31,0.4,-0.8,0.0,49.9,0,,Financial Services,191221200.0,382369.51
RSSS,Research Solutions Inc,2.2,1,7,5,11,2,4,3,33,0.0,33.0,Poor,Stay away,24,-4.8,-8.7,-3.5,40.7,0,,Technology,75256944.0,85176.55
DEWY,The Dewey Electronics Corporation,2.35,5,3,10,9,3,2,3,35,-5.0,33.0,Poor,Stay away,36,0.0,0.0,-0.0,0.3,1,,Industrials,3211817.0,45.01
PAHGF,Pets at Home Group Plc,2.61,7,8,9,5,4,3,4,40,-10.0,33.0,Poor,Stay away,38,0.0,16.0,1.8,51.0,2,,Consumer Cyclical,1194160128.0,0.0
TRTI,Transtech Industries Inc,2.75,9,3,4,7,6,2,2,33,-5.0,33.0,Poor,🔥 COILED: Stay away,37,0.0,0.0,-0.4,49.7,1,,Industrials,8341760.0,1754.79
VFS,VinFast Auto Ltd. Ordinary Shares,3.11,7,14,8,4,4,4,4,45,-13.0,33.0,Poor,Stay away,21,2.8,0.6,-0.3,44.9,2,,Consumer Cyclical,7907632128.0,566964.38
ZNNGY,"Zhongyuan Bank Co., Ltd.",3.11,10,6,11,8,3,2,3,43,-13.0,33.0,Poor,Stay away,46,0.0,0.0,0.0,96.0,0,,Financial Services,2273399040.0,4.0
OSIIX,Oppenheimer Global Strtgc Incm Fd Cl I,3.12,1,4,5,8,1,4,3,26,2.0,33.0,Poor,🔥 COILED: Stay away,32,-0.3,0.0,-0.2,48.1,0,,nan,0.0,0.0
TMVWY,TeamViewer AG,3.04,9,7,8,6,3,3,2,38,-10.0,33.0,Poor,🔥 COILED: Stay away,37,3.1,3.8,1.0,51.4,0,,Technology,1132019456.0,6342.03
BYDIF,BYD Electronic (International) Company Limited,2.85,6,9,3,8,2,6,2,36,-3.0,33.0,Poor,Stay away,17,0.4,6.3,-1.9,44.8,0,,Technology,8535212032.0,4541.73
GMPUF,Gestamp Automoción S.A,3.725,13,4,3,6,4,7,3,40,-10.0,33.0,Poor,Stay away,44,0.0,0.0,0.5,51.8,0,,Consumer Cyclical,2119033856.0,82.4
CTAGF,Capita PLC,3.5,5,3,10,7,3,4,3,35,-5.0,33.0,Poor,Stay away,32,0.0,0.0,-0.0,34.7,1,,Industrials,419231136.0,49.0
IPST,"Heritage Distilling Holding Company, Inc.",2.5,5,10,5,8,4,2,2,36,-3.0,33.0,Poor,Stay away,42,1.6,2.0,-9.2,40.8,2,,Financial Services,2886312.0,71708.44
XPPTX,Putnam Premier Income Trust,3.7,2,5,6,8,0,2,3,26,2.0,33.0,Poor,🔥 COILED: Stay away,30,0.0,-0.3,-0.1,44.2,0,,Other,0.0,0.0
MGNX,MacroGenics Inc,4.12,7,5,2,12,3,4,5,38,-5.0,33.0,Poor,Stay away,55,-9.8,-10.8,-6.7,43.3,1,,Healthcare,270143264.0,1111755.08
LAWR,"Robot Consulting Co., Ltd. ADS",3.75,10,8,11,6,3,6,3,47,-17.0,33.0,Poor,Stay away,53,0.0,0.0,0.0,67.5,1,,Industrials,172350000.0,603737.0
CMND,Clearmind Medicine Inc. Common Shares,1.99,8,9,4,7,6,0,2,36,-3.0,33.0,Poor,Stay away,40,-3.9,-13.5,-11.8,40.9,2,,Healthcare,2985766.0,649106.03
CYRB,Cyber App Solutions Corp.,4.0,8,3,9,7,3,2,3,35,-5.0,33.0,Poor,Stay away,30,0.0,0.0,-0.0,39.6,1,,Energy,383516192.0,69.9
HAIVF,Haivision Systems Inc,3.12,3,7,8,8,3,2,2,33,0.0,33.0,Poor,Stay away,11,-3.6,-3.4,-5.0,35.7,1,,Technology,118791104.0,16897.61
DBVTF,DBV Technologies S.A,4.26,7,3,10,7,3,2,3,35,-5.0,33.0,Poor,Stay away,39,0.0,0.0,-0.0,33.4,1,,Healthcare,1260676480.0,17.5
ACRS,Aclaris Therapeutics Inc,5.36,13,2,4,15,3,0,5,42,-9.0,33.0,Poor,Stay away,64,-6.1,0.4,2.1,56.4,1,,Healthcare,608933632.0,1572043.76
AVIR,Atea Pharmaceuticals Inc,4.715,12,7,5,15,0,2,5,46,-13.0,33.0,Poor,Stay away,37,-4.0,-1.4,0.1,50.8,1,,Healthcare,353719776.0,415587.13
FLWS,1-800 FLOWERS.COM Inc,4.08,13,13,7,6,8,2,2,51,-16.0,33.0,Poor,Stay away,41,7.4,10.0,5.6,57.4,2,,Consumer Cyclical,289725152.0,996287.64
MMT,MFS Multimarket Income Trust,4.45,5,14,7,3,3,3,3,38,-6.0,33.0,Poor,Stay away,26,0.9,1.1,0.3,51.0,1,,Financial Services,245301904.0,92632.53
KLRS,"Kalaris Therapeutics, Inc.",4.61,9,6,9,5,2,7,5,43,-13.0,33.0,Poor,Stay away,26,2.7,1.8,1.1,50.3,1,,Healthcare,112299544.0,177736.32
OPTH,Optimi Health Corp. Common Shares,4.96,12,10,2,6,7,6,5,48,-13.0,33.0,Poor,Stay away,59,8.5,-0.8,8.8,57.4,1,,Healthcare,31926978.0,22551.52
SCYX,Scynexis Inc,4.48,15,3,3,14,3,3,5,46,-13.0,33.0,Poor,Stay away,60,-1.9,5.9,4.5,58.2,2,,Healthcare,46126380.0,63425.0
PRWBX,T. ROWE PRICE SHORT-TERM BOND FUND INC. T. ROWE PRICE SHORT-TERM BOND FUND INC.,4.6,2,6,2,8,3,4,3,28,2.0,33.0,Poor,Stay away,29,0.0,0.0,-0.1,45.4,0,,nan,0.0,0.0
LVITX,Western Asset Core Plus VIT Portfolio CL,4.66,2,4,2,8,5,4,3,28,2.0,33.0,Poor,Stay away,36,0.0,-0.4,-0.3,44.6,0,,Other,0.0,0.0
PCHUY,PTT Global Chemical PCL ADR,4.88,12,6,10,7,3,2,3,43,-13.0,33.0,Poor,Stay away,50,0.0,0.0,0.0,100.0,1,,Basic Materials,4400636928.0,0.0
FINV,FinVolution Group,4.75,2,13,6,6,6,4,3,40,-8.0,33.0,Poor,Stay away,33,0.0,-3.8,-0.1,48.4,0,,Financial Services,1206440320.0,1430149.71
GSOL,Grayscale Solana Trust ETF,5.71,5,5,4,11,1,4,5,35,-2.0,33.0,Poor,Stay away,29,-3.1,-1.4,-0.1,49.8,0,,nan,nan,1024932.29
MCBRF,McBride plc,2.72,20,4,5,13,6,6,5,59,-26.8,32.2,Poor,Stay away,60,47.8,47.8,24.4,99.9,2,,Consumer Defensive,314388288.0,448.39
SGDH,Sgd Holdings Ltd,1.0,12,6,9,6,4,2,3,42,-15.0,32.0,Poor,🔥 COILED: Stay away,53,0.0,0.0,0.0,52.8,1,,Industrials,5000248320.0,112.46
UCL,Ucloudlink Group Inc,0.92,4,13,5,8,3,2,2,37,-3.0,32.0,Poor,Stay away,19,-0.8,-3.6,-3.6,41.2,0,,Communication Services,38854092.0,25850.38
SOSAF,SosTravel.com S.P.A.,1.01,4,4,9,9,3,1,3,33,0.0,32.0,Poor,Stay away,28,0.0,0.0,0.0,50.0,0,,Consumer Cyclical,13216139.0,0.72
JINXX,JPMorgan Trust I - JPMorgan Prime Money Market Fund,1.0,8,8,6,6,4,4,3,39,-10.0,32.0,Poor,Stay away,27,0.0,0.0,-0.0,42.9,0,,nan,nan,0.0
ALBKY,Alpha Bank SA,1.12,8,9,8,7,1,4,3,40,-8.0,32.0,Poor,Stay away,55,-3.4,-3.4,-1.7,46.7,0,,Financial Services,9973065728.0,80871.0
CCVTF,China Conch Venture Holdings Limited,1.17,7,6,10,6,3,2,3,37,-10.0,32.0,Poor,🔥 COILED: Stay away,45,0.0,0.0,0.0,50.0,0,,Industrials,2096688000.0,2.98
RECT,Rectitude Holdings Ltd Ordinary Shares,1.24,8,11,8,1,3,4,2,37,-8.0,32.0,Poor,Stay away,26,2.5,-1.6,-0.0,49.2,0,,Consumer Cyclical,19580800.0,781026.6
DOWAD,DOWAD,1.72,18,9,7,6,6,3,5,54,-22,32,Poor,Stay away,55,102.3,102.3,52.2,72.6,3,6,nan,nan,32278.18
DFSLY,Defeng Solife Holdings Limited,1.72,18,9,7,6,6,3,5,54,-22,32,Poor,Stay away,55,102.3,102.3,52.2,72.6,3,6,nan,nan,32278.18
LNDAF,Línea Directa Aseguradora S.A,1.4,4,7,1,7,3,2,3,27,2.0,32.0,Poor,Stay away,43,0.0,0.0,-0.1,46.3,0,,Financial Services,1522971904.0,459.24
FNDM,Fund.com Inc,1.5,10,7,11,6,3,2,3,42,-15.0,32.0,Poor,🔥 COILED: Stay away,31,0.0,0.0,0.0,46.3,1,,Financial Services,7913057.0,0.0
VNTXF,VNTXF,1.5,12,6,11,8,3,4,3,47,-18.0,32.0,Poor,Stay away,53,0.0,0.0,0.0,99.9,1,,Consumer Defensive,7582417.0,11.63
HXBM,Helix BioMedix Inc,1.79,11,6,11,11,6,2,3,50,-18.0,32.0,Poor,Stay away,37,0.0,0.0,0.2,88.8,1,,Healthcare,402227.0,30.5
ALSMY,Alstom PK,1.76,5,14,7,2,3,3,3,37,-8.0,32.0,Poor,Stay away,22,1.7,5.4,0.4,47.4,1,,Industrials,8882227200.0,873510.63
HOUR,Hour Loop Inc,1.95,8,10,2,9,2,0,4,35,-3.0,32.0,Poor,Stay away,25,-11.0,5.4,-0.7,49.3,0,,Consumer Cyclical,67216504.0,1529140.2
FATE,Fate Therapeutics Inc,2.73,17,3,3,14,3,0,5,45,-13.0,32.0,Poor,Stay away,57,-12.2,-9.6,1.2,54.3,1,,Healthcare,257595808.0,2143410.15
MMTOF,Mitsubishi Motors Corp.,2.02,5,5,9,5,5,7,3,39,-10.0,32.0,Poor,Stay away,33,0.0,0.0,-0.6,40.3,0,,Consumer Cyclical,2716855808.0,0.0
SHGKY,Sun Hung Kai & Company Lt,2.12,7,4,2,7,6,0,3,29,0.0,32.0,Poor,Stay away,34,0.0,0.0,-0.8,50.1,0,,Financial Services,830904448.0,0.0
WFF,WF Holding Limited Ordinary Shares,2.31,10,3,2,14,3,2,2,36,-5.0,32.0,Poor,Stay away,51,13.2,-17.8,-4.5,47.9,2,,Industrials,10529457.0,70510.88
VRTK,Vartech Systems Inc,2.05,7,6,10,6,3,2,3,37,-10.0,32.0,Poor,🔥 COILED: Stay away,43,0.0,0.0,0.0,50.0,0,,Technology,4431382.0,88.52
SAFLF,Safilo Group S.p.A,2.01,3,3,9,8,3,3,3,32,0.0,32.0,Poor,Stay away,19,0.0,0.0,-1.8,0.5,0,,Healthcare,863459136.0,0.0
NIU,Niu Technologies,2.44,16,10,9,7,4,3,5,54,-22.0,32.0,Poor,Stay away,24,17.9,17.9,11.7,63.9,3,,Consumer Cyclical,176089008.0,563492.58
CRMZ,CreditRiskMonitor.Com Inc,2.21,7,15,5,2,3,5,3,40,-8.0,32.0,Poor,Stay away,33,0.5,0.9,-0.2,47.5,1,,Technology,24334552.0,0.0
USEA,United Maritime Corporation,2.52,6,3,8,10,3,0,2,32,0.0,32.0,Poor,Stay away,49,-5.3,-4.2,-3.7,40.4,1,,Industrials,24322254.0,58416.78
AWX,Avalon Holdings Corporation,2.65,17,7,4,5,5,3,5,46,-12.0,32.0,Poor,Stay away,54,2.3,5.2,3.5,62.6,0,,Industrials,9904557.0,91692.19
SDRMF,SiteMinder Limited,2.7,7,4,6,10,3,2,2,34,-5.0,32.0,Poor,Stay away,35,-1.8,-2.5,-0.8,50.6,1,,Technology,808326464.0,1802.48
UFCP,Union Financial Corporation,2.51,7,6,10,6,3,2,3,37,-10.0,32.0,Poor,🔥 COILED: Stay away,44,0.0,0.0,0.0,50.0,0,,Financial Services,8266010.0,26.73
CRHKF,China Resources Beer Holdings Co Ltd,2.96,3,7,0,9,3,2,3,27,2.0,32.0,Poor,Stay away,14,0.0,0.0,-2.1,44.8,0,,Consumer Defensive,11386439680.0,31.16
PUMSY,PUMA SE,3.34,17,11,7,14,6,2,4,61,-29,32,Poor,Stay away,62,6.2,10.4,6.0,64.8,4,,Consumer Cyclical,4801663488.0,43979.23
HLTRF,HLS Therapeutics Inc,3.09,6,8,4,10,3,3,3,37,-5.0,32.0,Poor,Stay away,26,3.0,3.0,0.2,46.1,1,,Healthcare,98516040.0,95.4
BCTX,Briacell Therapeutics Corp,3.85,16,6,7,11,3,3,5,51,-19.0,32.0,Poor,Stay away,38,5.8,11.0,9.7,60.9,3,,Healthcare,28361306.0,236289.14
HSCCX,EAGLE SMALL CAP GROWTH FUND CLASS C,3.16,6,4,3,7,3,1,3,27,0.0,32.0,Poor,🔥 COILED: Stay away,42,-3.4,-5.4,-2.2,43.8,0,,nan,0.0,0.0
MHIGX,MFS HIGH INCOME FUND R1,3.09,6,7,8,6,3,4,3,37,-10.0,32.0,Poor,🔥 COILED: Stay away,30,0.0,0.0,-0.0,46.3,0,,nan,0.0,0.0
MHGUP,Meritage Hospitality Group Inc. PFD CV SER B,6.0,15,4,6,11,4,2,5,47,-15.0,32.0,Poor,Stay away,31,4.3,5.3,11.6,78.2,0,,Other,nan,503.05
ZURA,Zura Bio Limited Class A Ordinary Shares,5.25,13,3,4,15,5,0,5,45,-13.0,32.0,Poor,Stay away,49,-4.7,4.9,5.4,56.2,1,,Healthcare,366239552.0,975387.5
PDRX,Pd-Rx Pharmaceutical,3.35,9,6,11,8,3,2,3,42,-13.0,32.0,Poor,Stay away,58,0.0,0.0,0.0,99.8,0,,Healthcare,5745551.0,121.28
NDRBF,NIBE Industrier AB (publ),3.674,5,7,9,6,3,7,2,39,-10.0,32.0,Poor,Stay away,42,0.0,3.2,0.1,44.8,0,,Industrials,8412598272.0,0.0
KSTOF,Kistos Holdings Plc,3.88,6,4,3,7,3,6,3,32,-3.0,32.0,Poor,Stay away,49,0.0,0.0,-0.1,49.9,1,,Energy,546491392.0,78.63
SHIM,Shimmick Corporation Common Stock,3.73,4,4,7,11,2,5,4,37,-5.0,32.0,Poor,Stay away,35,0.3,-13.9,-3.5,45.5,1,,Industrials,158206576.0,90288.38
ATHE,Alterity Therapeutics Ltd,5.085,12,15,2,7,7,4,5,52,-18.0,32.0,Poor,Stay away,51,-5.5,-6.9,-0.4,51.9,1,,Healthcare,70690208.0,39581.59
HYPMY,Hypera SA,4.08,7,9,9,2,3,3,4,37,-8.0,32.0,Poor,Stay away,28,3.0,2.3,0.3,49.1,0,,Healthcare,2991966976.0,20396.77
RBSTF,ROBOSENSE TECHNOLOGY CO,3.05,3,13,1,9,3,2,2,33,1.0,32.0,Poor,Stay away,17,1.7,-4.7,-2.8,43.6,0,,nan,nan,349.32
CFWFF,Calfrac Well Services Ltd,4.46,8,5,8,4,6,5,3,39,-10.0,32.0,Poor,Stay away,49,1.8,-1.8,-0.4,48.9,0,,Energy,486282560.0,10627.97
GGT,Gabelli MultiMedia Mutual Fund,4.22,13,11,7,4,5,4,3,47,-15.0,32.0,Poor,Stay away,53,0.2,0.5,0.4,52.6,0,,Financial Services,179154272.0,242261.86
CSNRF,CoinShares,4.57,9,6,11,8,3,2,3,42,-13.0,32.0,Poor,Stay away,55,0.0,0.0,0.0,99.7,1,,Financial Services,1054149504.0,25.5
TKNO,Alpha Teknova Inc,5.32,13,7,9,9,5,4,5,52,-18.0,32.0,Poor,Stay away,57,-1.8,-9.5,0.9,54.0,1,,Healthcare,291124160.0,202227.21
AHT-P-D,Ashford Hospitality Trust Inc 8.45% Series D Cumulative Preferred Stock,5.22,7,3,2,7,2,4,5,30,2.0,32.0,Poor,Stay away,21,-3.3,-13.3,-2.5,47.1,0,,Other,nan,4587.72
IIXFF,iShares III Public Limited Company - iShares Global Government Bond UCITS ETF,4.678,1,11,3,8,4,2,4,33,-1.0,32.0,Poor,Stay away,28,-0.6,-0.4,-0.2,46.2,1,,nan,nan,9487.05
WAGIX,WESTERN ASSET GLOBAL STRATEGIC INCOME FUND CLASS IS,4.98,2,5,4,8,3,2,3,27,2.0,32.0,Poor,Stay away,27,-0.2,-0.2,-0.2,43.2,0,,nan,0.0,0.0
ADTGZX,ADTGZX,4.883,2,8,2,8,0,2,3,25,4.0,32.0,Poor,Stay away,22,-0.2,-1.2,-0.4,42.4,0,,nan,nan,0.0
FBYDW,"Falcon's Beyond Global, Inc. Warrants",2.46,17,3,5,14,5,0,5,49,-17.5,31.5,Poor,Stay away,69,-8.6,-8.6,37.1,56.0,0,,nan,nan,0.0
ITGDF,Integral Diagnostics Limited,2.612,14,2,3,9,4,0,5,37,-5.8,31.2,Poor,Stay away,47,0.0,0.0,27.4,64.2,0,,Healthcare,373066528.0,6.6
ATER,Aterian Inc,1.28,14,8,6,2,9,3,4,46,-16.0,31.0,Poor,Stay away,64,7.6,1.6,3.3,54.4,2,,Consumer Cyclical,11684423.0,1489277.54
BFDXX,BlackRock Liquidity Funds - Federal Trust Fund,1.0,18,9,5,9,6,7,5,59,-28,31,Poor,Stay away,61,290.9,290.9,206.1,100.0,2,2,nan,nan,0.0
FAIXX,First American Funds Inc. - First American Institutional Prime Obligations Fund,1.0,15,6,11,6,6,2,3,49,-23.0,31.0,Poor,🔥 COILED: Stay away,47,0.0,0.0,0.0,99.9,0,,nan,nan,0.0
BMNU,T-REX 2X Long BMNR Daily Target ETF,8.56,18,4,8,9,5,4,5,53,-22,31,Poor,Stay away,50,975.4,1041.3,145.7,84.6,3,8,nan,nan,0.0
SWSSU,Springwater Special Situations Corp Unit,1.065,5,3,10,7,3,2,3,33,-5.0,31.0,Poor,Stay away,30,0.0,0.0,-0.0,0.0,1,,Financial Services,nan,1.0
OBRUF,Oberon Uranium Corp.,1.137,9,6,11,8,3,6,3,46,-18.0,31.0,Poor,Stay away,58,0.0,0.0,0.0,99.8,1,,Energy,34545616.0,389.05
EPGNF,Epigenomics AG,1.12,10,6,11,6,3,2,3,41,-15.0,31.0,Poor,🔥 COILED: Stay away,35,0.0,0.0,0.0,50.0,1,,Healthcare,982213.0,0.0
CEVIF,China Everbright Limited,1.23,7,4,11,6,3,6,3,40,-12.0,31.0,Poor,Stay away,51,0.0,0.0,0.0,63.8,1,,Financial Services,2966046720.0,0.0
FUSE,Fusemachines Inc. Common stock,0.976,3,7,8,9,0,2,2,31,-5.0,31.0,Poor,Stay away,23,-0.9,-7.9,-7.0,34.1,1,,Technology,37910404.0,1918097.89
SOWG,Sow Good Inc. Common Stock,3.6,15,3,4,14,3,2,5,46,-15.0,31.0,Poor,Stay away,57,1.4,-12.8,4.3,56.2,1,,Consumer Defensive,29375370.0,137043.11
ASCLF,Ascletis Pharma Inc,1.42,6,7,5,10,3,0,5,36,-5.0,31.0,Poor,Stay away,18,-5.3,5.2,-0.4,44.9,2,,Healthcare,1393108096.0,1193.72
CVM,CEL-SCI Corp,1.15,5,9,3,8,4,4,5,38,-3.0,31.0,Poor,Stay away,11,-14.8,9.5,-5.2,43.4,2,,Healthcare,22174460.0,183257.04
PCSV,Pcs Edventures Com,1.62,14,6,11,5,6,3,5,50,-19.0,31.0,Poor,Stay away,50,4.5,1.2,4.0,62.5,0,,Consumer Defensive,16355240.0,6191.48
GPMT,Granite Point Mortgage Trust Inc,1.4,2,12,5,9,4,4,3,39,-8.0,31.0,Poor,Stay away,24,3.7,-4.8,-0.0,49.2,1,,Real Estate,73317024.0,193907.51
SCPAF,Shopping Centres Australasia Property Group,1.55,8,6,10,6,3,2,3,38,-10.0,31.0,Poor,Stay away,0,0.0,0.0,-0.0,3.3,0,,Real Estate,1608239104.0,0.0
NMRA,"Neumora Therapeutics, Inc.",1.6,5,5,6,13,3,2,4,38,-7.0,31.0,Poor,Stay away,23,-3.0,-1.2,-2.0,47.4,1,,Healthcare,322394592.0,1414392.66
FTEXX,Fidelity Union Street Trust II - Fidelity Municipal Money Market Fund,1.99,10,12,3,9,3,2,2,41,-13.0,31.0,Poor,Stay away,33,33.6,-15.0,3.8,51.4,0,,nan,nan,0.0
ELLKF,Ellaktor S.A,1.85,10,6,11,7,3,6,3,46,-18.0,31.0,Poor,Stay away,50,0.0,0.0,0.0,99.0,1,,Industrials,726946432.0,0.0
WPRT,Westport Fuel Systems Inc,1.91,2,8,1,9,6,4,4,34,-1.0,31.0,Poor,Stay away,36,-9.5,-9.9,-5.9,43.2,1,,Consumer Cyclical,33921684.0,59540.58
IMSIX,IMS STRATEGIC INCOME FUND INSTITUTIONAL CLASS SHARES,1.97,6,11,4,6,6,2,3,38,-10.0,31.0,Poor,Stay away,31,0.0,-0.5,-0.2,48.2,0,,nan,0.0,0.0
JBFCF,Jollibee Foods Corporation,2.35,6,5,3,12,1,0,4,31,0.0,31.0,Poor,Stay away,16,-6.0,3.1,-0.4,49.4,0,,Consumer Cyclical,2555197440.0,4858.09
CMPX,Compass Therapeutics Inc.,2.1,7,4,5,13,0,2,5,36,-5.0,31.0,Poor,Stay away,16,-9.1,-3.7,-4.2,42.1,1,,Healthcare,383587296.0,3688054.58
HMENF,Hemisphere Energy Corporation,1.85,10,8,4,13,0,2,3,40,-9.0,31.0,Poor,Stay away,45,4.5,8.2,1.1,50.3,1,,Energy,201044560.0,59181.25
OPNDF,OpenDoor Inc,2.0,11,6,11,7,6,2,3,46,-18.0,31.0,Poor,Stay away,38,0.0,0.0,0.0,90.6,1,,Communication Services,60476328.0,26.0
LPIX,LPIX,3.1,19,6,5,17,4,5,5,61,-30,31,Poor,Stay away,65,48.0,48.0,31.3,90.0,4,,Industrials,43522868.0,48.79
YOTA,Yotta Acquisition Corporation Common Stock,2.0,5,3,10,10,3,2,3,36,-5.0,31.0,Poor,Stay away,32,0.0,0.0,-0.0,1.0,1,,Financial Services,7365208.0,105.3
WAI,Top KingWin Ltd,2.561,17,6,7,17,7,2,5,61,-30,31,Poor,Stay away,59,34.8,29.3,23.3,73.1,3,,Financial Services,4690880.0,438766.67
RUMBW,Rumble Inc.,1.69,7,5,2,7,3,0,5,29,2.0,31.0,Poor,Stay away,31,-11.1,-9.6,-5.0,48.5,0,,nan,nan,21011.16
AFGVY,Agfa Gevaert NV ADR,2.29,5,3,10,7,3,2,3,33,-5.0,31.0,Poor,Stay away,39,0.0,0.0,-0.0,0.4,1,,Industrials,177269504.0,2.5
TUXS,Tuxis Corporation,2.35,12,6,11,9,3,2,3,46,-18.0,31.0,Poor,Stay away,54,0.0,0.0,0.0,99.0,1,,Industrials,2843476.0,44.5
LAUFX,LORD ABBETT INCOME FUND CLASS F,2.4,2,5,3,8,3,2,3,26,2.0,31.0,Poor,Stay away,23,-0.4,-0.8,-0.4,41.0,0,,nan,0.0,0.0
LAURX,LORD ABBETT INCOME FUND CLASS R3,2.41,2,5,3,8,3,2,3,26,2.0,31.0,Poor,Stay away,25,-0.4,-0.8,-0.4,41.1,0,,nan,0.0,0.0
CYFWF,Cyfrowy Polsat S.A,2.64,8,4,10,6,3,2,3,36,-10.0,31.0,Poor,🔥 COILED: Stay away,37,0.0,0.0,-0.0,48.1,0,,Communication Services,1453857408.0,47.25
GLVHF,Glenveagh Properties PLC,2.54,9,6,10,8,3,2,3,41,-13.0,31.0,Poor,Stay away,52,0.0,0.0,0.0,100.0,0,,Consumer Cyclical,1310544384.0,1428.6
ANGX,"Angel Studios, Inc.",4.15,16,3,6,15,5,11,5,61,-30,31,Poor,Stay away,55,4.8,17.2,13.1,73.3,3,,Communication Services,497721024.0,0.0
AIFU,Fanhua Inc.,36.0,13,9,5,3,7,0,2,39,-11.0,31.0,Poor,🔥 COILED: Stay away,49,-6.1,-17.2,1.5,55.9,1,,Financial Services,263101328.0,19471.69
FOCIF,Focusrite plc,2.14,5,4,3,8,3,3,2,28,0.0,31.0,Poor,Stay away,21,0.0,0.0,-2.9,34.4,0,,Consumer Cyclical,150405360.0,38.4
FBIO,Fortress Biotech Inc,3.42,15,5,3,11,3,2,5,44,-13.0,31.0,Poor,Stay away,64,4.0,10.7,7.4,60.3,2,,Healthcare,88030544.0,796400.8
SWPFF,Swire Properties Limited,2.75,12,8,9,4,3,3,3,42,-11.0,31.0,Poor,Stay away,31,5.8,5.8,2.7,58.2,2,,Real Estate,17163249664.0,0.0
PN,Skycorp Solar Group Limited Ordinary Shares,3.82,10,15,8,6,4,3,5,51,-18.0,31.0,Poor,Stay away,39,1.3,-2.1,0.7,51.1,1,,Technology,46704084.0,467671.61
URLGX,COLUMBIA SELECT LARGE CAP GROWTH FUND COLUMBIA SELECT LARGE CAP GROWTH FUND CLASS R,3.03,10,5,5,7,3,7,4,41,-15.0,31.0,Poor,🔥 COILED: Stay away,39,-1.0,-0.7,-0.1,50.9,0,,nan,0.0,0.0
SOLLY,Shui On Land Ltd ADR,2.73,3,3,9,7,3,5,3,33,-5.0,31.0,Poor,Stay away,11,0.0,0.0,-1.3,0.1,1,,Real Estate,542905088.0,29.79
VRA,Vera Bradley Inc,3.83,13,5,9,7,1,3,5,43,-17.0,31.0,Poor,🔥 COILED: Stay away,51,0.0,-1.3,0.3,51.7,1,,Consumer Cyclical,94414992.0,500511.8
CANF,Can Fite Biopharma Ltd ADR,3.32,10,10,3,4,6,3,5,41,-11.0,31.0,Poor,Stay away,43,1.5,-28.3,1.0,51.2,1,,Healthcare,6770448.0,523146.68
SCPKF,7C Solarparken AG,3.48,8,4,10,6,3,2,3,36,-10.0,31.0,Poor,🔥 COILED: Stay away,36,0.0,0.0,-0.0,48.1,0,,Technology,281392000.0,22.5
NAGE,"Niagen Bioscience, Inc.",3.4,4,12,7,6,2,4,3,38,-10.0,31.0,Poor,Stay away,20,-2.6,2.1,-1.0,47.1,0,,Healthcare,273976480.0,1025530.61
TUSK,Mammoth Energy Services Inc,2.85,3,10,4,9,7,0,2,35,-5.0,31.0,Poor,Stay away,46,-1.0,-9.5,-4.3,44.2,2,,Industrials,159926544.0,240174.56
PPOEF,PGE Polska Grupa Energetyczna S.A,3.56,10,6,11,6,3,2,3,41,-15.0,31.0,Poor,🔥 COILED: Stay away,47,0.0,0.0,0.0,50.0,1,,Utilities,7987618304.0,0.0
CTYMF,Catalyst Metals Limited,3.7,2,6,4,11,0,3,2,28,0.0,31.0,Poor,Stay away,25,0.0,8.5,-1.8,44.7,1,,Basic Materials,1004638272.0,4443.56
PBM,Psyence Biomedical Ltd. Common Shares,3.01,6,10,6,7,3,4,2,38,-3.0,31.0,Poor,Stay away,32,2.7,-3.2,-2.5,43.2,1,,Healthcare,9058563.0,965384.84
CSGTX,TRANSAMERICA SMALL CAP GROWTH C,3.6,3,5,3,7,6,1,3,28,0.0,31.0,Poor,Stay away,33,-1.4,-4.0,-1.2,45.4,0,,nan,0.0,0.0
BDORY,Banco Do Brasil SA,4.08,11,6,11,2,2,2,5,39,-8.0,31.0,Poor,Stay away,26,5.2,5.7,2.8,57.2,1,,Financial Services,21864282112.0,587774.87
WYHG,Wing Yip Food Holdings Group Limited American Depositary Shares,4.625,13,10,3,3,9,5,5,48,-17.0,31.0,Poor,Stay away,56,11.4,8.6,9.7,57.5,2,,Consumer Defensive,42781288.0,93384.27
ENIC,Enel Chile SA ADR,4.4,8,6,7,8,1,1,2,33,-2.0,31.0,Poor,Stay away,53,-1.3,0.0,-0.5,48.8,0,,Utilities,5768491008.0,573514.83
NSANY,Nissan Motor Co Ltd ADR,4.05,9,12,4,13,3,5,2,48,-18.0,31.0,Poor,Stay away,24,8.0,8.3,2.9,52.4,3,,Consumer Cyclical,7587150336.0,174867.4
VNCE,Vince Holding Corp. Common Stock,6.38,14,10,2,3,7,0,2,38,-10.0,31.0,Poor,🔥 COILED: Stay away,62,-0.5,-5.2,0.3,53.0,0,,Consumer Cyclical,57684348.0,703016.92
BKYI,BIO-Key International Inc,4.97,16,9,3,9,6,4,5,52,-21.0,31.0,Poor,Stay away,54,-0.8,10.4,5.7,55.7,3,,Industrials,4633855.0,521573.5
KHYIX,DEUTSCHE HIGH INCOME FUND INSTITUTIONAL CLASS,4.45,7,8,6,6,4,2,3,36,-10.0,31.0,Poor,🔥 COILED: Stay away,35,0.0,0.0,-0.0,49.3,0,,nan,0.0,0.0
NTPIF,Nam Tai Property Inc.,4.7,7,17,6,6,4,2,3,45,-14.0,31.0,Poor,Stay away,35,-2.1,-1.1,-0.4,45.1,1,,Real Estate,289831008.0,13570.11
SWRHF,Shibusawa Logistics Corporation,4.565,8,4,10,6,3,2,3,36,-10.0,31.0,Poor,🔥 COILED: Stay away,29,0.0,0.0,-0.0,48.1,0,,Industrials,259903392.0,1.0
XRCSX,PIMCO Strategic Income Fund Inc,4.58,5,4,3,8,1,2,3,26,2.0,31.0,Poor,Stay away,36,-0.7,-0.4,-0.1,49.9,0,,Other,0.0,0.0
INBQX,AIM Investment Funds Invesco Investment Funds Invesco Oppenheimer Intl Bd Fd Cl R5,4.61,4,4,7,7,0,4,3,29,-3.0,31.0,Poor,🔥 COILED: Stay away,23,-0.4,-0.2,-0.4,46.6,0,,nan,nan,0.0
BTE,Baytex Energy Corp,4.1,7,6,7,8,2,2,3,35,-4.0,31.0,Poor,Stay away,48,1.2,4.9,-1.4,44.6,1,,Energy,3674872064.0,21419828.72
API,Agora Inc,4.0,4,6,8,9,4,2,2,35,-4.0,31.0,Poor,Stay away,34,-7.6,-1.5,-3.3,44.8,0,,Technology,406684448.0,437501.02
PRTHU,Priority Technology Holdings Inc Unit,5.0,5,3,10,7,3,2,3,33,-5.0,31.0,Poor,Stay away,34,0.0,0.0,-0.0,0.0,1,,Technology,302850496.0,5.0
PDVYX,PUTNAM DIVERSIFIED INCOME TRUST CLASS Y SHARES,4.93,2,4,4,8,1,2,3,24,2.0,31.0,Poor,🔥 COILED: Stay away,29,-0.2,-0.2,-0.2,45.5,0,,nan,0.0,0.0
KYIVW,Kyivstar Group Ltd. Warrant,5.9,14,5,2,9,5,3,5,43,-10.5,30.5,Poor,Stay away,55,0.0,55.3,22.7,56.4,2,,nan,nan,24350.0
AEHL,Antelope Enterprise Holdings Ltd,0.87,4,6,7,8,4,0,2,31,-1.0,30.0,Poor,Stay away,24,-18.7,-14.7,-13.0,40.7,2,,Industrials,19423116.0,3382782.66
CNENF,Claren Energy Corp,0.55,8,2,7,9,4,2,3,35,-5.0,30.0,Poor,Stay away,14,0.0,0.0,-5.0,0.0,1,,Energy,11162271.0,53.42
VCNX,Vaccinex Inc,1.16,14,7,5,13,4,2,5,50,-20.0,30.0,Poor,Stay away,52,-0.9,13.7,4.9,54.8,3,,Healthcare,2676637.0,2603.64
CJPXX,JPMorgan Trust I - JPMorgan Prime Money Market Fund,1.0,5,4,10,6,3,2,3,33,-8.0,30.0,Poor,🔥 COILED: Stay away,36,0.0,0.0,-0.0,42.6,0,,nan,nan,0.0
IQ,iQIYI Inc,1.24,14,10,6,8,4,4,5,51,-22.0,30.0,Poor,Stay away,34,8.8,17.0,12.9,67.3,3,,Communication Services,1042226752.0,11639107.12
AACG,ATA Creativity Global,0.961,4,5,5,11,2,4,2,33,-3.0,30.0,Poor,Stay away,24,0.1,-10.2,-4.1,43.5,1,,Consumer Defensive,47096996.0,31589.65
CLXLF,Calix Limited,1.1,12,6,11,8,3,2,3,45,-18.0,30.0,Poor,Stay away,51,0.0,0.0,0.0,100.0,1,,Basic Materials,237363152.0,83.93
BAIGF,Bairong Inc.,1.2,7,6,10,9,3,2,3,40,-13.0,30.0,Poor,Stay away,38,0.0,0.0,0.0,80.8,0,,Technology,539498496.0,64.93
BMEA,Biomea Fusion Inc,1.26,1,6,8,10,2,0,5,32,-5.0,30.0,Poor,Stay away,20,-3.8,-7.4,-3.9,44.6,1,,Healthcare,99050232.0,1495367.33
BGOUF,Bang & Olufsen a/s,1.36,4,3,8,8,3,3,3,32,-5.0,30.0,Poor,Stay away,24,0.0,0.0,-0.5,20.4,1,,Technology,204009648.0,306.43
MYSE,"Myseum, Inc.",2.77,15,13,6,11,4,7,5,61,-29.0,30.0,Poor,Stay away,59,17.4,10.4,14.6,67.4,3,,Technology,8118926.0,1543368.9
FPLPF,Provident Financial plc,1.561,12,6,5,7,3,2,3,38,-13.0,30.0,Poor,🔥 COILED: Stay away,48,0.0,0.0,0.0,100.0,0,,Financial Services,390818016.0,111.63
KDCXF,Kudelski SA,1.62,9,6,11,6,3,2,3,40,-15.0,30.0,Poor,🔥 COILED: Stay away,53,0.0,0.0,0.0,50.0,1,,Technology,158513568.0,12.98
ITFY,Interfoundry Inc,4.0,16,7,6,14,4,5,5,57,-27,30,Poor,Stay away,59,99.0,100.0,84.6,94.3,3,3,Energy,171038304.0,417.97
CLRPF,Clarity Pharmaceuticals Ltd,1.7,12,13,2,11,4,7,4,53,-23.0,30.0,Poor,Stay away,25,13.3,13.3,4.4,52.5,4,,Healthcare,613537664.0,5004.43
BCHG,Grayscale Bitcoin Cash Trust,1.63,4,5,1,9,2,5,4,30,0.0,30.0,Poor,Stay away,10,-7.4,3.2,-4.0,42.5,0,,nan,102952944.0,155052.21
JYOGF,Jersey Oil and Gas Plc,1.75,12,6,11,8,3,2,3,45,-18.0,30.0,Poor,Stay away,53,0.0,0.0,0.0,90.8,1,,Energy,57168348.0,442.5
XCIFX,MFS Intermediate High Income Fund,1.77,7,6,10,6,1,2,3,35,-10.0,30.0,Poor,🔥 COILED: Stay away,25,0.0,0.0,-0.0,47.8,0,,Other,0.0,0.0
FHIRX,FRANKLIN HIGH INCOME FUND CLASS R,1.81,5,7,7,6,3,4,3,35,-10.0,30.0,Poor,🔥 COILED: Stay away,33,0.0,0.0,-0.0,48.5,0,,nan,0.0,0.0
CIMDF,CIMB Group Holdings Berhad,1.89,2,5,4,10,3,4,2,30,0.0,30.0,Poor,Stay away,31,-6.7,0.8,-9.4,46.0,0,,Financial Services,21607139328.0,0.0
BMRPF,B&M European Value Retail S.A,2.515,9,4,8,5,6,1,2,35,-10.0,30.0,Poor,🔥 COILED: Stay away,47,0.0,0.0,-0.5,48.9,0,,Consumer Defensive,2140731648.0,14001.98
HIND,"Vyome Holdings, Inc.",2.19,13,5,8,5,3,5,3,42,-15.0,30.0,Poor,Stay away,27,-1.8,-2.7,-0.6,49.3,1,,Healthcare,15861873.0,380301.17
FLX,BingEx Ltd,2.2,4,14,7,6,4,2,5,42,-12.0,30.0,Poor,Stay away,21,1.4,0.9,0.2,48.6,0,,Industrials,165273600.0,165123.78
GROW,US Global Investors Inc,2.93,13,6,5,6,5,0,4,39,-10.0,30.0,Poor,Stay away,46,-1.7,-7.0,-1.8,46.8,0,,Financial Services,33615372.0,43273.67
WVVIP,Willamette Valley Vineyards Inc PR,2.75,13,5,3,8,1,3,5,38,-8.0,30.0,Poor,Stay away,28,2.0,5.8,2.2,56.3,0,,Consumer Defensive,21754334.0,5379.85
METXF,METXF,2.95,12,6,11,6,0,2,3,40,-15.0,30.0,Poor,🔥 COILED: Stay away,46,0.0,0.0,0.0,50.0,1,,Healthcare,88646008.0,0.5
WLWHY,Woolworths Holdings Ltd PK,3.21,3,5,4,7,3,3,2,27,0.0,30.0,Poor,Stay away,27,0.0,-2.7,-1.5,34.7,0,,Consumer Cyclical,2830666240.0,0.0
PEVM,Phoenix Motor Inc.,1.7,1,7,4,11,3,2,2,30,-1.0,30.0,Poor,Stay away,26,-2.9,-15.0,-16.2,35.7,2,,nan,102010424.0,965.29
NAAS,Naas Technology Inc ADR,3.268,17,5,4,11,3,0,5,45,-15.0,30.0,Poor,Stay away,55,-5.5,8.9,1.1,55.0,2,,Consumer Cyclical,37853332.0,33512.11
MHIBX,MFS HIGH INCOME FUND B,3.09,6,5,8,6,3,4,3,35,-10.0,30.0,Poor,🔥 COILED: Stay away,30,0.0,0.0,-0.0,46.0,0,,nan,0.0,0.0
MIHRX,MFS HIGH INCOME FUND R2,3.07,6,5,8,6,3,4,3,35,-10.0,30.0,Poor,🔥 COILED: Stay away,30,0.0,0.0,-0.1,44.0,0,,nan,0.0,0.0
EKHAX,WELLS FARGO HIGH YIELD BOND FUND CLASS A,3.01,5,5,8,6,4,4,3,35,-10.0,30.0,Poor,🔥 COILED: Stay away,33,0.0,0.0,-0.1,45.3,0,,nan,0.0,0.0
ILPMY,Permanent TSB Group Holdings PLC ADR,3.35,11,8,5,4,4,1,5,38,-8.0,30.0,Poor,Stay away,36,0.0,4.0,1.6,58.7,1,,Financial Services,1938196480.0,1096.06
IRWD,Ironwood Pharmaceuticals Inc,3.87,4,4,4,12,1,0,5,30,0.0,30.0,Poor,Stay away,37,-17.1,-6.1,-5.7,44.9,0,,Healthcare,533347456.0,2893320.39
CGROF,The Character Group plc,3.26,8,4,9,6,3,2,3,35,-10.0,30.0,Poor,🔥 COILED: Stay away,41,0.0,0.0,-0.0,48.1,0,,Consumer Cyclical,56792292.0,4.25
IOTR,iOThree Limited Ordinary Shares,3.51,13,13,4,13,8,4,5,60,-28.0,30.0,Poor,Stay away,57,-6.9,39.3,14.0,58.9,3,,Communication Services,9362254.0,725737.57
TQPYX,Touchstone Strategic Income Opportunities Fund,3.24,2,6,1,8,3,2,3,25,2.0,30.0,Poor,Stay away,30,-0.3,-0.3,-0.3,42.0,0,,nan,nan,0.0
FWDI,"Forward Industries, Inc.",4.24,6,6,2,9,3,4,2,32,-3.0,30.0,Poor,Stay away,33,3.2,-9.8,-1.5,48.6,2,,Consumer Cyclical,315148288.0,819638.03
BENF,Beneficient Class A Common Stock,3.36,4,11,2,8,5,2,3,35,-3.0,30.0,Poor,Stay away,40,1.5,-8.9,-1.6,47.8,1,,Financial Services,53145448.0,1138320.91
GRCLF,GrainCorp Limited,3.5,3,14,8,3,3,2,5,38,-8.0,30.0,Poor,Stay away,30,2.3,4.5,-0.9,47.0,2,,Consumer Defensive,869285504.0,0.0
SSII,SS Innovations International Inc. Common Stock,3.61,5,11,4,11,2,2,5,40,-8.0,30.0,Poor,Stay away,19,-4.5,-8.4,-1.4,47.9,1,,Healthcare,862566912.0,81070.59
AEC,Anfield Energy Inc.,4.36,10,9,7,2,2,7,5,42,-13.0,30.0,Poor,Stay away,35,4.1,5.8,1.1,50.4,1,,Energy,83650888.0,95918.95
CSHR,CoinShares PLC Ordinary Shares,4.25,9,6,10,11,2,2,3,43,-13.0,30.0,Poor,Stay away,0,3.2,12.1,2.3,48.7,3,,Financial Services,603553344.0,0.0
AHT-P-F,Ashford Hospitality Trust Inc 7.375% Series F Cumulative Preferred Stock,6.335,15,2,3,13,3,0,5,41,-11.0,30.0,Poor,Stay away,37,-7.9,1.2,2.2,53.3,0,,Other,nan,6172.87
KHYQX,DEUTSCHE HIGH INCOME FUND CLASS R6,4.44,7,8,6,6,3,2,3,35,-10.0,30.0,Poor,🔥 COILED: Stay away,35,0.0,0.0,-0.0,48.8,0,,nan,0.0,0.0
SEIGY,Semperit Aktiengesellschaft Holding,3.91,2,2,0,14,3,2,2,25,0.0,30.0,Poor,Stay away,27,-18.2,-18.2,-12.5,39.0,0,,Industrials,390483776.0,69.6
KKPNY,Koninklijke KPN NV ADR,4.94,5,7,1,9,0,5,3,30,0.0,30.0,Poor,Stay away,30,1.6,2.9,-0.6,46.3,0,,Communication Services,18715381760.0,578395.13
BEKAY,NV Bekaert SA ADR,4.755,4,8,2,8,3,3,2,30,0.0,30.0,Poor,Stay away,0,1.9,-3.7,-1.3,38.5,1,,Industrials,2403054336.0,0.0
FSCO,FS Credit Opportunities Corp.,4.83,2,11,7,6,4,1,3,34,-8.0,30.0,Poor,Stay away,30,-0.4,-3.4,-0.7,45.8,0,,Financial Services,993143936.0,1592433.38
JQC,Nuveen Credit Strategies Income Closed Fund,4.78,3,7,9,8,3,2,3,35,-3.0,30.0,Poor,Stay away,35,-0.8,-1.4,-0.6,43.2,0,,Financial Services,810943500.0,823801.43
ABHBY,Alfen N.V.,4.915,6,3,8,7,3,2,3,32,-5.0,30.0,Poor,Stay away,22,0.0,0.0,-0.0,2.3,1,,Industrials,213733488.0,45.0
JDYRX,PRUDENTIAL HIGH YIELD FUND CLASS R,4.77,2,3,3,8,0,4,3,23,2.0,30.0,Poor,🔥 COILED: Stay away,27,-0.2,-0.2,-0.2,44.0,0,,nan,0.0,0.0
DCMDF,DATA Communications Management Corp,1.74,18,4,3,14,3,6,5,53,-23.5,29.5,Poor,Stay away,69,18.9,45.0,21.8,88.0,2,,Industrials,69133128.0,6000.0
QNCX,"Quince Therapeutics, Inc.",18.67,17,4,7,16,7,3,5,59,-30,29,Poor,Stay away,60,6.7,11.5,45.8,83.8,3,,Healthcare,21515182.0,3539245.86
JOAXX,JPMorgan Trust IV - Institutional Tax Free Money Market Fund,1.0,6,7,4,6,4,4,3,34,-10.0,29.0,Poor,🔥 COILED: Stay away,31,0.0,0.0,-0.0,48.4,0,,nan,nan,0.0
PRSXX,PRSXX,1.0,5,8,5,6,3,4,3,34,-10.0,29.0,Poor,🔥 COILED: Stay away,24,0.0,0.0,0.0,47.2,0,,nan,nan,0.0
OMZNF,Osisko Metals Incorporated,1.12,3,2,8,12,2,2,2,31,-5.0,29.0,Poor,Stay away,31,-10.3,-11.1,-8.2,40.3,1,,Basic Materials,988627776.0,113344.76
SKHRF,Stakeholder Gold Corp,1.27,18,9,8,9,5,4,5,58,-29.0,29.0,Poor,Stay away,55,1.6,10.4,4.1,68.4,3,,Basic Materials,27349696.0,3043.21
PANHF,Ping An Healthcare and Technology Company Limited,0.921,5,7,2,7,3,0,2,26,0.0,29.0,Poor,Stay away,14,-7.2,2.3,-5.9,26.6,0,,Healthcare,4253251840.0,58.56
VNOV,VNOV,1.38,5,3,10,5,4,6,3,36,-10.0,29.0,Poor,Stay away,25,0.0,0.0,-0.6,1.4,0,,Healthcare,11505686.0,65.05
SXTC,China SXT Pharmaceuticals Inc,2.57,15,14,7,5,7,3,5,56,-25.0,29.0,Poor,Stay away,55,1.6,4.5,7.8,59.7,1,,Healthcare,6999186.0,104538.22
SXTP,"60 Degrees Pharmaceuticals, Inc. Common Stock",1.52,5,7,6,6,7,4,5,40,-11.0,29.0,Poor,Stay away,26,-2.6,-13.1,-3.2,45.7,2,,Healthcare,3855967.0,1436125.38
AMBR,Amber International Holding Limited,1.46,3,13,9,3,4,6,3,41,-12.0,29.0,Poor,Stay away,24,4.3,-2.7,-1.0,44.8,1,,Technology,143298368.0,591111.15
NZRFF,The New Zealand Refining Company Limited,1.62,10,6,11,7,3,2,3,42,-13.0,29.0,Poor,Stay away,56,0.0,0.0,0.0,98.9,0,,Energy,671310400.0,0.0
HCWB,HCW Biologics Inc,4.06,15,3,5,7,3,2,5,40,-11.0,29.0,Poor,Stay away,60,-12.6,-11.4,13.0,61.2,1,,Healthcare,11672674.0,7049438.37
WAFU,Wah Fu Education Group Ltd,1.58,5,12,4,6,3,7,2,39,-13.0,29.0,Poor,Stay away,34,0.6,2.6,-0.4,47.7,2,,Consumer Defensive,7321528.0,122546.02
WALD,Waldencast Acquisition Corp,1.69,12,3,9,5,5,4,3,41,-13.0,29.0,Poor,Stay away,51,-1.7,-2.9,0.9,52.3,1,,Consumer Defensive,224454784.0,457637.07
HBPCF,Helix BioPharma Corp,1.71,6,3,9,8,3,2,3,34,-5.0,29.0,Poor,Stay away,38,0.0,0.0,-0.0,0.2,1,,Healthcare,130606544.0,8.5
TCMFF,Telecom Argentina S.A,1.225,4,5,1,11,6,0,2,29,0.0,29.0,Poor,Stay away,32,-43.0,74.3,-22.0,42.8,2,,Communication Services,3768954112.0,0.0
CTARF,Centaurus Energy Inc,1.6,12,11,12,11,3,2,5,56,-27.0,29.0,Poor,Stay away,58,6.7,14.3,7.5,61.8,3,,Energy,2619260.0,429.51
POTMF,Portmeirion Group PLC,1.9,8,4,9,5,3,2,3,34,-10.0,29.0,Poor,🔥 COILED: Stay away,32,0.0,0.0,-0.0,45.4,0,,Consumer Cyclical,26204238.0,0.38
XDHYX,Credit Suisse High Yield Bond Fund,1.93,5,6,10,6,3,3,3,36,-10.0,29.0,Poor,Stay away,22,0.0,0.0,-0.1,36.2,0,,Other,0.0,0.0
DNGYF,Dongyue Group Limited,2.24,13,7,1,5,6,0,3,35,-6.0,29.0,Poor,Stay away,52,4.8,-15.5,-1.5,51.6,0,,Basic Materials,4916929536.0,190.35
GRGTF,Grainger plc,2.09,4,5,0,9,3,2,3,26,0.0,29.0,Poor,Stay away,31,0.0,0.0,-1.0,47.8,0,,Real Estate,1545059840.0,518.0
LCTC,Lifeloc Technologies Inc,3.8,18,3,6,15,6,6,5,59,-30,29,Poor,Stay away,60,13.1,13.1,18.7,81.8,3,,Technology,6193386.0,189.32
VLVOF,Volvo Car AB (publ.),2.16,7,7,5,6,4,3,4,36,-10.0,29.0,Poor,Stay away,24,0.0,10.2,0.6,48.7,2,,Consumer Cyclical,7144846848.0,324.0
TLF,Tandy Leather Factory Inc,2.34,5,4,6,12,3,0,4,34,-5.0,29.0,Poor,Stay away,35,-2.1,-1.3,-0.9,47.3,1,,Consumer Cyclical,19463130.0,31839.18
LCMRF,La Comer S.A.B. de C.V,2.429,11,3,11,6,3,2,3,39,-13.0,29.0,Poor,Stay away,54,0.0,0.0,0.0,76.3,0,,Consumer Cyclical,nan,57.6
FDMDF,4DMedical Limited,2.8,10,3,9,1,3,5,5,36,-15.0,29.0,Poor,🔥 COILED: Stay away,49,0.0,-6.7,0.0,51.2,1,,Healthcare,1582959872.0,6020.27
COTGF,COTGF,3.47,12,3,4,6,6,2,3,36,-10.0,29.0,Poor,Stay away,47,0.0,0.0,3.9,57.5,0,,Technology,249815760.0,4545.42
ONL,Orion Office Reit Inc,2.68,4,6,3,9,7,0,2,31,0.0,29.0,Poor,Stay away,41,-3.6,-6.3,-3.5,39.0,1,,Real Estate,166227952.0,286707.83
MEDXF,Medexus Pharmaceuticals Inc,3.52,16,1,4,15,3,2,5,46,-17.0,29.0,Poor,Stay away,61,-2.2,1.1,4.3,60.9,1,,Healthcare,82394160.0,12016.1
MZDAY,Mazda Motor Corp ADR,3.41,9,13,5,5,8,3,2,45,-16.0,29.0,Poor,Stay away,36,0.6,3.3,0.4,50.7,0,,Consumer Cyclical,4276687872.0,51183.45
WTLLF,Water Intelligence plc,4.307,17,3,7,10,6,9,5,57,-28.0,29.0,Poor,Stay away,53,18.8,18.8,16.5,83.9,3,,Industrials,58932432.0,1754.08
ACOPY,The A2 Milk Company Ltd,5.02,13,5,3,5,6,4,5,41,-12.0,29.0,Poor,Stay away,31,0.0,-1.6,4.3,60.4,0,,Consumer Defensive,2771128064.0,808.3
DWSN,Dawson Geophysical Company,4.34,5,4,0,10,5,0,3,27,2.0,29.0,Poor,Stay away,50,-39.5,-27.5,-17.7,42.8,0,,Energy,136943024.0,97511.03
APIMX,API SHORT TERM BOND FUND CLASS A SHARES,3.88,4,4,1,8,0,4,3,24,2.0,29.0,Poor,Stay away,25,0.0,-0.3,-0.2,44.2,0,,nan,0.0,0.0
BCYC,Bicycle Therapeutics Ltd,4.18,5,8,6,7,2,1,5,34,-5.0,29.0,Poor,Stay away,20,0.0,-0.7,-1.3,46.3,1,,Healthcare,298093920.0,348070.03
UNIF,U & I Financial Corp,4.0,10,3,8,8,6,1,5,41,-15.0,29.0,Poor,Stay away,50,0.0,-2.2,-0.4,49.0,1,,Financial Services,21906320.0,0.0
ECHIX,EATON VANCE HIGH INCOME OPPORTUNITIES FUND EATON VANCE HIGH INCOME OPPORTUNITIES FUND CLASS C,4.23,7,5,5,6,4,2,3,32,-8.0,29.0,Poor,🔥 COILED: Stay away,34,0.0,-0.2,-0.1,47.3,0,,nan,0.0,0.0
RKUNF,Rakuten Group Inc,4.98,11,12,6,6,4,3,5,47,-18.0,29.0,Poor,Stay away,39,0.6,4.6,3.7,57.7,1,,Consumer Cyclical,10238080000.0,0.0
PXS,Pyxis Tankers Inc,4.31,7,13,7,2,5,3,2,39,-11.0,29.0,Poor,Stay away,49,2.6,4.1,0.5,49.8,1,,Energy,47305076.0,39790.49
OIBCX,Oppenheimer International Bond C,4.59,4,4,7,7,0,2,3,27,-3.0,29.0,Poor,🔥 COILED: Stay away,25,-0.4,-0.2,-0.4,46.5,0,,nan,0.0,0.0
MPT,"Medical Properties Trust, Inc.",4.82,9,14,7,3,4,2,3,42,-11.0,29.0,Poor,Stay away,27,4.8,5.0,3.7,57.2,2,,Real Estate,2960594688.0,6948662.3
LFMD,LifeMD Inc,4.5,6,6,8,11,3,0,2,36,-5.0,29.0,Poor,Stay away,36,-4.9,-0.9,-2.2,47.4,1,,Healthcare,235525424.0,1177825.59
EVF,Eaton Vance Senior Income Closed Fund,4.97,2,6,9,9,5,2,3,36,-10.0,29.0,Poor,Stay away,38,-0.2,-0.4,-0.2,46.0,0,,Financial Services,90124632.0,92496.1
CNSP,CNS Pharmaceuticals Inc,4.74,4,8,4,12,7,0,4,39,-8.0,29.0,Poor,Stay away,40,-10.9,1.3,-2.0,48.6,1,,Healthcare,7716451.0,473823.1
MQ,Marqeta Inc,17.89,18,4,5,15,6,6,5,59,-28.5,28.5,Poor,Stay away,66,15.3,7.6,36.3,82.1,0,,Technology,1708842240.0,3996188.14
IRLTF,Intralot S.A. Integrated Lottery Systems and Services,1.0,4,3,8,8,3,1,3,30,-5.0,28.0,Poor,Stay away,13,0.0,0.0,-0.1,0.0,1,,Consumer Cyclical,1846765056.0,13.78
IGDFF,IG Design Group plc,0.985,6,6,3,7,6,3,2,33,-5.0,28.0,Poor,Stay away,46,0.0,0.0,-1.2,39.4,1,,Consumer Cyclical,95308144.0,2260.5
AHMA,Ambitions Enterprise Management Co. L.L.C Class A Ordinary Shares,1.72,11,3,6,12,0,2,2,36,-8.0,28.0,Poor,Stay away,32,-13.6,-21.5,-7.5,47.0,0,,Consumer Cyclical,31508498.0,0.0
NASO,The GNS Group Inc,2.35,11,3,4,7,6,4,5,40,-15.0,28.0,Poor,Stay away,57,-21.7,-20.3,-5.6,48.8,1,,Consumer Defensive,2248752.0,1193.7
MAVXX,Morgan Stanley Institutional Liquidity Funds - Prime Portfolio,1.0,5,7,4,6,4,4,3,33,-10.0,28.0,Poor,🔥 COILED: Stay away,29,0.0,0.0,-0.0,48.4,0,,nan,nan,0.0
ODOT,Osprey Polkadot Trust,1.0,1,6,5,9,3,2,2,28,0.0,28.0,Poor,Stay away,21,-5.7,-14.5,-6.7,35.5,0,,nan,nan,1363.21
FCHL,Fitness Champs Holdings Limited Common Stock,1.17,3,10,3,9,5,4,2,36,-8.0,28.0,Poor,Stay away,36,-12.0,0.0,-6.7,44.9,1,,Consumer Defensive,1780301.0,0.0
SDA,SunCar Technology Group Inc.,0.808,5,6,3,7,2,4,5,32,-4.0,28.0,Poor,Stay away,24,-14.2,-2.9,-5.9,44.0,0,,Consumer Cyclical,140772912.0,418133.21
NGHLF,Nightingale Health Oyj,1.19,4,3,8,8,3,1,3,30,-5.0,28.0,Poor,Stay away,14,0.0,0.0,-0.3,0.0,1,,Healthcare,71829592.0,1.0
DRMA,Dermata Therapeutics Inc,1.28,7,4,3,9,5,0,5,33,-5.0,28.0,Poor,Stay away,32,-4.5,-7.2,-2.0,48.1,1,,Healthcare,5028081.0,959578.57
MHIFF,Mineral Hill Industries Ltd,1.23,9,6,11,7,3,4,3,43,-18.0,28.0,Poor,Stay away,59,0.0,0.0,0.0,99.8,1,,Financial Services,2536230.0,45.17
OXSQ,Oxford Square Capital Corp,1.57,16,5,4,7,3,2,5,42,-14.0,28.0,Poor,Stay away,27,6.1,18.9,8.8,64.7,3,,Financial Services,129067384.0,1361967.49
CABR,"Caring Brands, Inc. Common Stock",1.28,9,4,3,10,5,2,2,35,-5.0,28.0,Poor,Stay away,56,-3.0,-9.9,-1.4,50.3,1,,Healthcare,10727977.0,143622.4
ZKIN,ZK International Group Co Ltd,1.38,4,14,8,3,3,4,2,38,-13.0,28.0,Poor,Stay away,35,-9.2,-5.5,-2.4,47.6,1,,Basic Materials,75652248.0,36437.43
MPJPY,Metaplanet Inc.,1.43,8,8,4,7,0,7,2,36,-8.0,28.0,Poor,Stay away,12,-2.3,13.5,-2.3,46.5,2,,nan,nan,0.0
ZIZTF,Zip Co Limited,2.03,8,3,8,8,6,0,2,35,-10.0,28.0,Poor,Stay away,48,-1.0,4.1,-1.2,50.4,0,,Financial Services,2164897024.0,2003.38
SVC,Service Properties Trust,8.7,18,8,6,15,7,1,5,60,-30,28,Poor,Stay away,66,-0.6,417.9,56.9,90.7,3,,Real Estate,1067891520.0,4362389.64
IH,Ihuman Inc,1.36,3,4,9,9,2,2,3,32,-4.0,28.0,Poor,Stay away,14,-4.7,-2.2,-4.3,40.6,0,,Consumer Defensive,81780584.0,13841.36
FEEXY,Ferrexpo plc,1.65,5,3,8,7,3,1,3,30,-5.0,28.0,Poor,Stay away,21,0.0,0.0,-0.2,5.2,1,,Basic Materials,242713328.0,133.14
EVTV,Envirotech Vehicles Inc,1.81,10,5,5,11,0,5,5,41,-13.0,28.0,Poor,Stay away,41,-1.1,1.7,0.1,50.3,1,,Consumer Cyclical,23275294.0,9155899.31
ZEOX,"Zeo ScientifiX, Inc.",1.78,6,5,4,9,1,3,5,33,-5.0,28.0,Poor,Stay away,32,-6.1,0.6,-3.6,47.0,1,,Healthcare,14699363.0,10346.2
ENVB,Enveric Biosciences Inc,1.36,4,12,7,5,3,2,3,36,-11.0,28.0,Poor,Stay away,19,-4.9,-9.3,-6.2,38.1,1,,Healthcare,7216493.0,1538476.56
HSCS,Heart Test Laboratories Inc. Common Stock,2.74,13,11,2,4,8,0,5,43,-13.0,28.0,Poor,Stay away,50,2.2,-6.8,6.9,57.3,1,,Healthcare,6401247.0,41394.27
DURCF,DURCF,1.89,5,4,4,7,3,3,2,28,0.0,28.0,Poor,Stay away,48,0.0,0.0,-0.9,19.9,0,,Industrials,503412512.0,355.38
BPOSF,bpost SA/NV,1.99,3,3,9,8,3,1,3,30,-5.0,28.0,Poor,Stay away,13,0.0,0.0,-1.4,0.0,1,,Industrials,398001888.0,0.55
EDVGF,Endeavour Group Limited,2.25,11,4,3,4,4,2,5,33,-10.0,28.0,Poor,🔥 COILED: Stay away,35,0.0,0.0,0.5,52.1,0,,Consumer Defensive,3683392512.0,155.5
PHDWY,PT Ace Hardware Indonesia Tbk,1.973,4,5,2,8,3,3,3,28,0.0,28.0,Poor,Stay away,17,0.0,0.0,-1.8,18.8,0,,Consumer Cyclical,342407808.0,1.03
GCLAF,GCLAF,2.2,7,6,10,7,3,2,3,38,-13.0,28.0,Poor,Stay away,47,0.0,0.0,0.0,97.0,0,,nan,117453600.0,7.31
SCTQ,Spectra Systems Corporation,2.13,9,4,10,6,3,2,3,37,-12.0,28.0,Poor,Stay away,44,0.0,0.0,0.0,63.9,0,,Technology,106003120.0,26.17
GLBS,Globus Maritime Ltd,2.73,12,6,2,12,3,0,5,40,-15.0,28.0,Poor,Stay away,60,-6.2,-12.2,-1.9,50.2,1,,Industrials,45754472.0,118808.53
XRTX,XORTX Therapeutics Inc,2.11,8,12,7,4,3,2,2,38,-13.0,28.0,Poor,Stay away,42,0.2,-0.5,-0.0,48.6,2,,Healthcare,3810358.0,522443.84
GMLPF,Golar LNG Partners LP Series A Pref,0.91,4,6,1,8,5,2,2,28,0.0,28.0,Poor,Stay away,42,-9.0,-24.2,-25.1,40.9,1,,Energy,nan,18369.5
VTCHF,VTCHF,1.887,6,12,7,1,2,3,2,33,-8.0,28.0,Poor,Stay away,31,-1.7,3.7,-0.9,45.7,1,,nan,nan,3655.12
RMHIX,Easterly ROCMuni High Inc Muncpl Bd I,2.2,13,5,10,6,6,2,4,46,-23.0,28.0,Poor,🔥 COILED: Stay away,35,0.0,0.0,0.1,96.0,0,,nan,nan,0.0
LNNGF,Li Ning Company Limited,1.75,3,3,5,9,3,3,2,28,0.0,28.0,Poor,Stay away,15,0.0,0.0,-6.9,32.0,0,,Consumer Cyclical,6121007104.0,676.83
XBIT,XBiotech Inc,2.29,2,5,7,9,2,5,3,33,-5.0,28.0,Poor,Stay away,24,0.0,-0.4,-1.6,42.0,2,,Healthcare,72255920.0,60722.33
RETO,ReTo Eco-Solutions Inc,3.12,19,5,8,16,3,2,5,58,-30,28,Poor,Stay away,66,12.6,24.0,12.0,63.1,3,,Basic Materials,7585171.0,122578.32
INRLF,Valneva SE,2.62,7,6,11,4,3,3,4,38,-15.0,28.0,Poor,🔥 COILED: Stay away,22,0.0,0.0,0.1,47.1,1,,Healthcare,519632544.0,376.19
CAGPF,Cryptology Asset Group p.l.c,2.61,9,6,11,9,3,2,3,43,-18.0,28.0,Poor,Stay away,55,0.0,0.0,0.0,100.0,1,,Financial Services,240617872.0,11.5
SUMXF,Supremex Inc,2.59,8,6,8,3,3,3,4,35,-10.0,28.0,Poor,Stay away,22,-0.4,-1.5,-0.1,48.3,0,,Consumer Cyclical,63990912.0,0.0
MGHL,Morgan Group Holding Co,2.2,5,4,8,8,3,3,2,33,-5.0,28.0,Poor,Stay away,40,0.0,0.0,-1.8,6.9,1,,Financial Services,1500225.0,61.51
MGF,MFS Government Markets Income Closed Fund,2.84,3,10,4,9,6,1,3,36,-6.0,28.0,Poor,Stay away,20,-0.4,-0.4,-0.3,47.5,0,,Financial Services,101681392.0,78978.78
PBRCX,FEDERATED PRUDENT BEAR FUND CLASS C SHARES,2.82,2,11,6,6,3,1,4,33,-10.0,28.0,Poor,🔥 COILED: Stay away,29,0.0,-0.7,-0.4,46.5,0,,nan,0.0,0.0
HNNMY,H & M Hennes & Mauritz AB ADR,3.34,2,12,7,6,3,3,2,35,-10.0,28.0,Poor,Stay away,29,-1.2,0.3,-1.0,46.0,0,,Consumer Cyclical,27936526336.0,107083.26
SHKLF,Sinotruk (Hong Kong) Ltd,3.38,9,6,11,7,0,2,3,38,-13.0,28.0,Poor,Stay away,55,0.0,0.0,0.0,100.0,0,,Industrials,9750380544.0,9.5
OUTKY,Outokumpu Oyj ADR,3.1,8,11,3,3,6,2,2,35,-10.0,28.0,Poor,Stay away,46,9.2,-2.7,-0.4,50.1,1,,Basic Materials,3252506368.0,0.0
CCEL,CryoCell International Inc,3.48,7,9,1,7,3,4,4,35,-5.0,28.0,Poor,Stay away,33,-1.7,6.1,-0.4,49.5,1,,Healthcare,28193024.0,12334.69
NEHYX,LOOMIS SAYLES HIGH INCOME FUND CLASS Y,3.64,3,6,8,6,3,4,3,33,-10.0,28.0,Poor,🔥 COILED: Stay away,28,0.0,0.0,-0.1,43.1,0,,nan,0.0,0.0
ODYS,Odysight.ai Inc. Common Stock,5.07,14,8,7,12,4,4,5,54,-24.0,28.0,Poor,Stay away,41,17.6,24.3,13.8,66.7,3,,Technology,69122568.0,236594.85
NRRWF,NuRAN Wireless Inc,4.498,8,4,2,11,3,0,5,33,-5.0,28.0,Poor,Stay away,47,-10.8,-25.0,-7.5,44.6,1,,Technology,49992164.0,0.0
HNGZY,Hangzhou Tigermed Consulting Co. Ltd,4.45,16,1,5,5,6,2,5,40,-12.0,28.0,Poor,Stay away,54,0.0,0.0,3.3,64.5,0,,Healthcare,3444104192.0,30.6
EIHIX,EATON VANCE HIGH INCOME OPPORTUNITIES FUND EATON VANCE HIGH INCOME OPPORTUNITIES FUND CLASS I,4.23,7,5,6,6,4,2,3,33,-10.0,28.0,Poor,🔥 COILED: Stay away,34,0.0,-0.2,-0.1,47.4,0,,nan,0.0,0.0
KHYCX,DEUTSCHE HIGH INCOME FUND CLASS C,4.44,6,5,8,6,3,2,3,33,-10.0,28.0,Poor,🔥 COILED: Stay away,35,0.0,0.0,-0.0,48.6,0,,nan,0.0,0.0
ASPHF,Ascentage Pharma Group International,4.53,3,3,8,8,3,5,3,33,-5.0,28.0,Poor,Stay away,13,0.0,0.0,-1.9,0.0,1,,Healthcare,1752872960.0,72.5
OIBIX,Oppenheimer Int'l Bd Fd Cl I,4.6,4,4,5,7,1,2,3,26,-3.0,28.0,Poor,🔥 COILED: Stay away,25,-0.4,0.0,-0.3,47.2,0,,nan,0.0,0.0
PRVFF,Pro Real Estate Investment Trust,4.95,3,5,1,8,3,2,3,25,0.0,28.0,Poor,Stay away,40,0.0,0.0,-45.1,48.2,0,,Real Estate,352957056.0,20.61
PRTIX,U.S. TREASURY INTERMEDIATE FUND U.S. TREASURY INTERMEDIATE FUND,5.0,2,4,2,8,0,4,3,23,2.0,28.0,Poor,Stay away,24,0.0,-0.4,-0.2,44.6,0,,nan,0.0,0.0
PDVRX,PUTNAM DIVERSIFIED INCOME TRUST CLASS R SHARES,4.88,2,3,4,8,1,2,3,23,2.0,28.0,Poor,Stay away,29,-0.2,-0.2,-0.2,44.6,0,,nan,0.0,0.0
BQSSF,Boss Resources Ltd,0.902,12,8,4,11,0,7,5,47,-23.0,27.0,Poor,Stay away,22,6.1,18.1,4.6,54.3,3,,Energy,394416544.0,48891.11
BCWG,BCW Group Holding Inc,1.0,7,3,10,6,3,2,3,34,-10.0,27.0,Poor,Stay away,35,0.0,0.0,-0.0,20.1,0,,Communication Services,100000000.0,16.5
AMTD,AMTD IDEA Group,0.958,6,14,3,1,2,3,3,32,-6.0,27.0,Poor,Stay away,22,1.4,-0.4,-0.4,47.5,1,,Financial Services,94910008.0,125968.1
SEED,Origin Agritech Ltd,1.0,4,8,8,10,2,4,5,41,-14.0,27.0,Poor,Stay away,21,0.0,-7.4,-2.7,43.5,1,,Basic Materials,12736079.0,404450.95
NVNI,Nvni Group Limited Ordinary Shares,1.56,17,4,7,16,7,1,5,57,-30,27,Poor,Stay away,48,45.8,57.6,33.8,77.5,3,,Technology,12276739.0,351166.8
WTO,UTime Limited,18.13,18,1,5,12,7,3,5,51,-22,27,Poor,Stay away,63,151.8,185.6,94.2,73.2,4,8,Technology,2112049.0,321835.27
LTFXX,LeggMason Partners Institutional Trust - Western Asset Institutional Tax Free Reserves,1.0,4,4,8,6,3,4,3,32,-10.0,27.0,Poor,🔥 COILED: Stay away,29,0.0,0.0,-0.0,48.1,0,,nan,nan,0.0
VSLXX,JPMorgan Trust IV - JPMorgan Securities Lending Money Market Fund,1.0,4,4,10,6,3,2,3,32,-10.0,27.0,Poor,🔥 COILED: Stay away,33,0.0,0.0,-0.0,48.1,0,,nan,nan,0.0
VANI,Vivani Medical Inc.,1.35,13,2,2,11,3,4,5,40,-13.0,27.0,Poor,Stay away,42,-13.5,9.8,1.8,53.3,2,,Healthcare,108656232.0,270245.11
CLWT,Euro Tech Holdings Company Ltd,1.52,11,8,2,6,3,2,5,37,-10.0,27.0,Poor,Stay away,41,-10.6,-16.5,-3.1,49.2,0,,Industrials,8597298.0,30580.46
LLDTF,Lloyds Banking Group plc,1.4,8,3,8,4,3,5,3,34,-10.0,27.0,Poor,Stay away,45,-3.4,-3.4,-2.8,47.2,0,,Financial Services,81572052992.0,0.0
NEXR,Nexera Technologies Ltd.,0.439,6,7,3,9,3,2,2,32,-3.0,27.0,Poor,Stay away,16,-16.1,-35.9,-30.1,35.2,1,,Consumer Cyclical,825352.0,1213149.34
TOIPF,Thai Oil Public Company Limited,1.25,3,3,5,9,3,1,3,27,0.0,27.0,Poor,Stay away,0,0.0,0.0,-0.9,7.0,0,,Energy,4169320448.0,0.0
HSDT,Helius Medical Technologies Inc Class A,1.71,7,7,6,6,3,5,5,39,-10.0,27.0,Poor,Stay away,22,-6.6,-1.7,-0.6,48.9,0,,Financial Services,70647880.0,650327.02
INMB,INmune Bio Inc,2.07,16,3,6,15,5,4,5,54,-25.0,27.0,Poor,Stay away,50,15.6,23.2,19.6,74.4,4,,Healthcare,35890100.0,459326.2
IRCDF,Intercede Group plc,1.37,5,4,9,6,3,2,3,32,-10.0,27.0,Poor,🔥 COILED: Stay away,39,0.0,0.0,0.0,50.0,0,,Technology,82422688.0,67.5
GDRPF,Golden Resources Development International Limited,1.59,5,4,9,6,3,2,3,32,-10.0,27.0,Poor,🔥 COILED: Stay away,37,0.0,0.0,0.0,50.0,0,,nan,2698876416.0,78.34
HKD,AMTD Digital Inc.,1.62,9,8,7,2,2,2,2,32,-8.0,27.0,Poor,Stay away,28,5.9,-1.2,1.1,50.4,1,,Technology,559417280.0,2176901.29
CHLWF,Charter Hall Long WALE REIT,1.73,5,4,9,6,3,2,3,32,-10.0,27.0,Poor,🔥 COILED: Stay away,25,0.0,0.0,0.0,50.0,1,,Real Estate,1238156160.0,2.87
TCLHF,TCL Electronics Holdings Limited,1.77,5,6,8,5,3,0,3,30,-8.0,27.0,Poor,🔥 COILED: Stay away,40,-6.8,0.0,-1.8,47.8,0,,Technology,5041635840.0,1827.02
CAMLF,Central Asia Metals plc,1.85,8,4,11,6,0,3,4,36,-12.0,27.0,Poor,Stay away,24,3.9,4.5,1.8,53.2,1,,Basic Materials,316956544.0,1019.96
LMGHF,LINK Mobility Group Holding ASA,2.1,5,4,9,6,3,2,3,32,-10.0,27.0,Poor,🔥 COILED: Stay away,38,0.0,0.0,0.0,50.0,0,,Communication Services,592870784.0,5812.47
EVCO,EVCO,2.0,10,6,11,7,3,2,3,42,-18.0,27.0,Poor,Stay away,42,0.0,0.0,0.0,83.6,1,,Financial Services,9752008.0,1.67
TORM,TOR Minerals International Inc,2.16,13,13,7,5,7,4,3,52,-28.0,27.0,Poor,Stay away,63,6.4,10.8,3.7,56.9,3,,Basic Materials,7614662.0,2704.35
FGROF,FirstGroup plc,2.38,5,3,10,6,3,4,3,34,-10.0,27.0,Poor,Stay away,25,0.0,0.0,-0.0,0.5,0,,Industrials,1357823488.0,80.0
RSDEF,Ramsdens Holdings PLC,2.392,5,4,9,6,3,2,3,32,-10.0,27.0,Poor,🔥 COILED: Stay away,29,0.0,0.0,0.0,50.0,0,,Consumer Cyclical,77411208.0,456.25
ADTI,"Adapti, Inc.",2.91,12,2,9,13,3,3,5,47,-20.0,27.0,Poor,Stay away,59,-3.0,3.9,4.3,64.9,1,,Consumer Defensive,25270212.0,246.52
YQ,17 Education Technology Group Inc,2.2,2,10,3,10,4,4,2,35,-8.0,27.0,Poor,Stay away,29,-12.7,0.0,-4.5,44.6,1,,Consumer Defensive,22762750.0,19527.84
HOPHF,Hemogenyx Pharmaceuticals Plc,2.33,7,6,10,6,3,2,3,37,-15.0,27.0,Poor,🔥 COILED: Stay away,48,0.0,0.0,0.0,50.0,1,,Healthcare,15843909.0,1250.0
UHPSX,ULTRASHORT CHINA PROFUND ULTRASHORT CHINA PROFUND SERVICE CLASS,2.39,4,4,0,7,3,4,2,24,0.0,27.0,Poor,Stay away,47,-6.3,-13.4,-8.7,38.1,0,,nan,0.0,0.0
UHPIX,ULTRASHORT CHINA PROFUND ULTRASHORT CHINA PROFUND INVESTOR CLASS,2.73,4,3,1,7,3,4,2,24,0.0,27.0,Poor,Stay away,47,-6.2,-13.3,-8.6,38.2,0,,nan,0.0,0.0
ELPKF,Elopak ASA,2.81,5,4,9,6,3,2,3,32,-10.0,27.0,Poor,🔥 COILED: Stay away,25,0.0,0.0,0.0,50.0,0,,Consumer Cyclical,755150016.0,10.0
TTSH,Tile Shop Holdings Inc,2.93,7,11,6,1,4,4,2,35,-11.0,27.0,Poor,🔥 COILED: Stay away,33,1.4,-2.3,0.6,50.9,1,,Consumer Cyclical,113491952.0,176695.34
JSHSX,JANUS SHORT-TERM BOND FUND CLASS S,2.87,5,6,5,6,3,4,3,32,-10.0,27.0,Poor,🔥 COILED: Stay away,29,0.0,0.0,-0.0,45.8,0,,nan,0.0,0.0
EYUUF,Electricity Gnrtng NVtg,3.208,5,4,9,6,3,2,3,32,-10.0,27.0,Poor,🔥 COILED: Stay away,26,0.0,0.0,0.0,50.0,1,,Utilities,1688899712.0,0.02
WEJTY,Webjet Limited,1.25,3,6,0,7,3,2,3,24,0.0,27.0,Poor,Stay away,8,0.0,0.0,-13.6,39.8,0,,Consumer Cyclical,1103819776.0,65.25
NPSGF,Nippon Sheet Glass Company Limited,3.0,7,3,10,6,3,2,3,34,-10.0,27.0,Poor,Stay away,27,0.0,0.0,-0.0,0.0,0,,Consumer Cyclical,426847008.0,13.5
OSINX,Oppenheimer Strat Incm N,3.13,1,4,5,8,0,4,3,25,-3.0,27.0,Poor,🔥 COILED: Stay away,30,-0.3,0.0,-0.2,47.2,0,,nan,0.0,0.0
CIZ,VictoryShares Developed Enhanced Volatility Wtd ETF,1.975,2,7,3,9,2,0,2,25,2.0,27.0,Poor,Stay away,30,-16.0,-21.0,-18.0,26.9,0,,nan,nan,1128289.72
GRAB,Grab Holdings Ltd,3.73,5,5,3,12,1,0,5,31,-4.0,27.0,Poor,Stay away,28,-3.9,-4.1,-0.4,51.0,0,,Technology,14151399424.0,49543273.51
WSIOF,Wasion Holdings Limited,3.305,4,5,1,8,3,0,3,24,0.0,27.0,Poor,Stay away,47,0.0,0.0,-1.6,47.2,0,,Industrials,3439228416.0,2742.5
AXG,Solowin Holdings,3.25,3,10,8,7,4,3,2,37,-8.0,27.0,Poor,Stay away,26,-0.3,0.0,-1.6,38.1,1,,Financial Services,657065728.0,0.0
BEARX,FEDERATED PRUDENT BEAR FUND CLASS A SHARES,3.49,2,11,5,6,3,1,4,32,-10.0,27.0,Poor,🔥 COILED: Stay away,29,-0.3,-0.9,-0.6,45.8,0,,nan,0.0,0.0
DIDIY,DiDi Global Inc.,3.55,6,7,5,10,0,1,4,33,-6.0,27.0,Poor,Stay away,34,0.0,5.3,-0.2,49.6,1,,Technology,16317208576.0,9612470.07
WAFMX,WASATCH FRONTIER EMERGING SMALL COUNTRIES FUND INVESTOR CLASS SHARES,3.69,5,4,5,7,3,1,2,27,-5.0,27.0,Poor,🔥 COILED: Stay away,32,-0.5,-1.3,-0.9,45.8,0,,nan,0.0,0.0
PBRIX,FEDERATED PRUDENT BEAR FUND INSTITUTIONAL SHARES,3.64,2,11,5,6,3,1,4,32,-10.0,27.0,Poor,🔥 COILED: Stay away,29,0.0,-0.8,-0.4,46.4,0,,nan,0.0,0.0
MPGPY,Pagegroup PLC ADR,5.62,13,11,9,5,4,6,5,53,-26,27,Poor,Stay away,0,98.6,117.0,60.6,61.8,3,3,Industrials,604045376.0,0.0
PRLD,Prelude Therapeutics Inc,4.18,5,4,2,11,3,4,3,32,-5.0,27.0,Poor,Stay away,46,-14.9,-14.9,-8.4,42.5,1,,Healthcare,324952832.0,701732.34
TPCS,TechPrecision Corporation Common stock,4.57,11,3,4,14,5,0,5,42,-15.0,27.0,Poor,Stay away,46,-6.9,-12.8,0.8,54.5,1,,Industrials,39895156.0,42893.29
YTFD,Yacht Finders Inc,3.99,12,4,3,4,4,2,3,32,-10.0,27.0,Poor,🔥 COILED: Stay away,36,0.0,0.0,1.6,51.9,0,,Financial Services,20744010.0,4.5
PHCIX,VIRTUS HIGH YIELD FUND CLASS I,3.8,3,5,8,6,3,4,3,32,-10.0,27.0,Poor,🔥 COILED: Stay away,33,0.0,-0.3,-0.1,41.5,0,,nan,0.0,0.0
GMYYF,MONETA Money Bank a.s,4.15,5,4,9,6,3,2,3,32,-10.0,27.0,Poor,🔥 COILED: Stay away,38,0.0,0.0,0.0,50.0,0,,Financial Services,2120650112.0,0.15
BHLLD,Bunker Hill Mining Corp,4.04,5,9,7,5,7,2,2,37,-13.0,27.0,Poor,Stay away,51,0.5,-5.8,-2.8,44.2,2,,Basic Materials,190136480.0,30277.25
UFI,Unifi Inc,6.4,18,3,3,18,7,3,5,57,-30,27,Poor,Stay away,77,21.9,33.3,21.2,80.9,3,,Consumer Cyclical,77508848.0,52272.9
ADVB,Advanced Biomed Inc. Common Stock,4.9,12,5,8,9,0,2,5,41,-14.0,27.0,Poor,Stay away,49,-8.0,1.2,-0.9,50.0,0,,Healthcare,7175613.0,207362.59
CAEN,California-Engels Mining Company,4.0,5,4,9,6,3,2,3,32,-10.0,27.0,Poor,🔥 COILED: Stay away,43,0.0,0.0,-0.0,48.1,0,,Basic Materials,2783560.0,5.23
MAYX,Mayex USA Inc,4.2,9,3,7,3,3,6,3,34,-10.0,27.0,Poor,Stay away,40,0.0,0.0,-0.6,2.5,0,,Financial Services,5460000.0,57.73
ISCDF,Isracard Ltd,4.4,5,4,9,6,3,2,3,32,-10.0,27.0,Poor,🔥 COILED: Stay away,37,0.0,0.0,0.0,50.0,0,,Financial Services,1432423168.0,0.14
IPMLF,Imperial Metals Corporation,4.79,6,5,5,10,0,7,2,35,-8.0,27.0,Poor,Stay away,23,-6.4,10.9,-1.8,48.2,2,,Basic Materials,896201024.0,28784.84
BCOMF,B Communications Ltd,4.3,8,6,10,5,3,2,3,37,-10.0,27.0,Poor,Stay away,41,0.0,0.0,-0.0,34.3,0,,Communication Services,451979904.0,0.0
TRVG,Trivago NV,5.5,14,11,5,6,5,3,5,49,-22.0,27.0,Poor,Stay away,64,3.0,1.5,7.2,69.6,0,,Communication Services,303307584.0,51995.12
REIGX,Federated Hermes International Growth Fund Class R6 Shares,4.39,2,3,3,7,0,5,2,22,2.0,27.0,Poor,Stay away,27,-2.7,-3.7,-2.4,40.9,0,,nan,nan,0.0
CPPKF,Copperbank Resources Corp,3.72,3,3,5,11,3,2,2,29,-5.0,27.0,Poor,Stay away,35,-10.4,-13.5,-8.0,41.8,1,,Basic Materials,1341524224.0,80026.12
MSAI,Infrared Cameras Holdings Inc,5.41,12,10,8,6,2,4,2,44,-17.0,27.0,Poor,Stay away,42,3.8,1.5,0.9,50.8,1,,Technology,11308830.0,196489.63
BOLT,Bolt Biotherapeutics,4.19,6,14,9,2,4,2,3,40,-13.0,27.0,Poor,Stay away,25,5.3,5.0,1.5,49.7,2,,Healthcare,9146659.0,29660.63
APPIF,Appier Group Inc.,4.8,2,7,0,8,3,2,2,24,0.0,27.0,Poor,Stay away,23,0.0,0.0,-2.4,47.1,0,,Technology,507294624.0,57.89
ITRYF,Ishares PLC - Ishares Treasury Bond 0-1 year UCITS ETF,4.981,10,7,9,13,6,3,4,52,-21.0,27.0,Poor,Stay away,42,0.1,0.1,0.2,81.2,0,,Other,nan,365709.58
NWTG,Newton Golf Company,1.15,15,12,6,10,4,2,5,54,-29,26,Poor,Stay away,25,47.1,33.7,22.4,65.0,4,,Consumer Cyclical,4847513.0,76705.72
TSMXX,TSMXX,1.0,3,5,9,5,3,1,3,29,-8.0,26.0,Poor,🔥 COILED: Stay away,24,0.0,0.0,-5.9,41.3,0,,nan,nan,0.0
TSSXX,TSSXX,1.0,3,5,9,5,3,1,3,29,-8.0,26.0,Poor,🔥 COILED: Stay away,33,0.0,0.0,-3.5,44.0,0,,nan,nan,0.0
WOMXX,WOMXX,1.0,3,5,10,4,3,1,3,29,-8.0,26.0,Poor,🔥 COILED: Stay away,30,0.0,0.0,-0.8,43.1,0,,nan,nan,0.0
PBSFY,ProSiebenSat1 Media AG,1.07,3,6,1,9,3,2,2,26,0.0,26.0,Poor,Stay away,18,9.2,-4.9,-4.9,39.1,1,,Communication Services,996434368.0,0.0
CHWRF,China Tower Corporation Limited,1.1,2,4,2,7,3,2,3,23,0.0,26.0,Poor,Stay away,22,0.0,0.0,-4.2,47.4,0,,Communication Services,20103378944.0,0.0
SUNE,SUNation Energy Inc.,2.6,13,6,2,10,2,1,2,36,-10.0,26.0,Poor,Stay away,44,1.6,9.2,0.0,51.1,1,,Technology,5030189.0,1325432.54
AURX,Nuo Therapeutics Inc,0.98,3,8,8,3,3,4,5,34,-11.0,26.0,Poor,Stay away,29,2.0,-3.0,-0.0,47.2,2,,Healthcare,56154124.0,5053.0
ECHQF,ECHQF,1.25,14,6,3,5,6,4,5,43,-20.0,26.0,Poor,Stay away,54,0.0,38.9,9.3,55.9,2,,nan,898773312.0,6741.98
SKRKF,SKRKF,1.4,18,10,6,4,9,3,5,55,-27.0,26.0,Poor,Stay away,54,13.1,19.7,10.9,60.8,3,,nan,nan,0.0
FDDMF,FDM Group (Holdings) plc,1.43,2,5,1,7,3,2,3,23,0.0,26.0,Poor,Stay away,37,0.0,0.0,-0.7,48.0,0,,Technology,156362368.0,91.66
NXTN,Next10 Inc,2.3,17,6,5,5,4,3,5,45,-19,26,Poor,Stay away,43,130.0,60.0,30.7,59.6,4,9,Industrials,267160864.0,0.0
SMBMF,Sembcorp Marine Ltd,1.65,4,9,8,6,4,0,2,33,-10.0,26.0,Poor,Stay away,39,0.0,0.0,-0.8,48.2,0,,Energy,5322466304.0,0.0
ENGS,Energys Group Limited Ordinary Shares,2.56,11,3,4,12,5,4,5,44,-18.0,26.0,Poor,Stay away,47,-13.8,-4.8,0.4,55.3,1,,Industrials,48442792.0,413958.03
BIVI,Biovie Inc,1.72,10,10,0,8,7,0,2,37,-11.0,26.0,Poor,Stay away,46,-23.2,-21.1,-8.5,45.7,1,,Healthcare,12066943.0,128695.27
TRUG,Trugolf Inc,1.17,0,5,9,9,2,4,2,31,-5.0,26.0,Poor,Stay away,16,-13.3,-11.4,-12.7,37.7,1,,Consumer Cyclical,1737336.0,77974.75
SEGG,Lottery.com Inc.,0.767,6,4,7,8,2,2,2,31,-5.0,26.0,Poor,Stay away,22,-7.0,-17.4,-16.8,36.1,2,,Consumer Cyclical,27347096.0,4350730.6
BKEAY,Bank of East Asia Limited,1.6,1,3,4,10,0,6,2,26,0.0,26.0,Poor,Stay away,30,1.3,-4.8,-3.1,31.5,0,,Financial Services,4547377152.0,0.0
SHWGY,Shandong Weigao Group Medical Polymer Co Ltd ADR,1.6,6,9,8,3,0,3,4,33,-10.0,26.0,Poor,Stay away,12,0.0,0.0,-2.4,37.7,0,,Healthcare,1935832832.0,0.0
RC,Ready Capital Corp,1.64,2,12,6,3,2,4,3,32,-6.0,26.0,Poor,Stay away,20,-3.5,-7.9,-2.4,45.4,1,,Real Estate,283899520.0,2758882.82
GLIV,Grayscale Livepeer Trust (LPT),1.63,5,10,8,5,2,2,2,34,-8.0,26.0,Poor,Stay away,27,0.0,3.8,-1.0,46.9,1,,nan,nan,3172.54
STCK,Grayscale Stacks Trust (STX),1.39,3,13,5,6,3,2,2,34,-6.0,26.0,Poor,Stay away,28,11.2,-15.2,-7.4,40.5,0,,nan,nan,0.0
SY,So-Young International Inc,1.69,9,6,4,10,0,7,3,39,-13.0,26.0,Poor,Stay away,17,3.0,-0.6,0.0,47.7,1,,Healthcare,203772144.0,825419.92
BDTX,Black Diamond Therapeutics Inc,1.81,3,8,3,8,2,4,5,33,-5.0,26.0,Poor,Stay away,13,-3.7,-1.6,-4.2,43.4,1,,Healthcare,119760704.0,1066736.67
CYBQY,Cyberdyne Inc ADR,1.435,3,3,6,8,3,1,2,26,0.0,26.0,Poor,Stay away,22,-3.6,-3.6,-6.1,34.5,0,,Healthcare,456043008.0,349.76
TTEC,TTEC Holdings Inc,2.24,9,8,6,11,0,3,2,39,-13.0,26.0,Poor,Stay away,23,2.3,6.7,1.1,49.9,2,,Technology,111670984.0,427799.83
CISS,C3is Inc.,1.77,8,15,6,3,5,2,2,41,-13.0,26.0,Poor,Stay away,33,1.1,2.3,-2.3,45.1,1,,Industrials,1195804.0,2537177.18
DZZ,DB Gold Double Short ETN,1.93,6,5,4,4,2,7,5,33,-10.0,26.0,Poor,Stay away,21,1.0,-8.1,-2.0,46.6,0,,nan,nan,79848.57
CNICF,China International Capital Corporation Limited,2.35,6,4,11,6,3,2,3,35,-12.0,26.0,Poor,Stay away,41,0.0,0.0,0.0,61.7,0,,Financial Services,11344053248.0,0.0
HLICF,HLICF,2.44,11,5,2,5,6,4,3,36,-10.0,26.0,Poor,Stay away,52,0.0,0.0,-0.1,59.7,0,,nan,299755264.0,2.5
NHTC,Natural Health Trend,1.9,5,10,3,6,4,4,2,34,-8.0,26.0,Poor,Stay away,17,1.6,3.8,-0.4,45.3,1,,Consumer Cyclical,20501060.0,36708.31
ADTGUX,ADTGUX,2.366,2,4,2,8,0,2,3,21,2.0,26.0,Poor,Stay away,32,-0.2,-1.0,-0.4,43.5,0,,nan,nan,0.0
WLMIF,Wilmar International Limited,2.77,7,5,4,8,0,2,2,28,2.0,26.0,Poor,Stay away,34,-6.1,-0.4,-2.9,43.8,0,,Consumer Defensive,16606111744.0,5222.0
WVVI,Willamette Valley Vineyards Inc,2.73,14,12,2,5,5,3,3,44,-18.0,26.0,Poor,Stay away,38,-1.4,1.1,1.4,51.8,1,,Consumer Defensive,13544322.0,7506.8
AANNF,Aroundtown SA,2.74,1,5,0,7,3,4,3,23,0.0,26.0,Poor,Stay away,30,0.0,0.0,-2.3,47.1,0,,Real Estate,2971973888.0,906.06
AJMPF,Ashmore Group Plc,3.12,18,4,6,6,6,4,5,49,-23.0,26.0,Poor,Stay away,46,4.5,20.4,7.6,82.5,2,,Financial Services,1787912320.0,0.0
TVRD,"Tvardi Therapeutics, Inc.",3.08,10,11,2,12,7,4,5,51,-23.0,26.0,Poor,Stay away,30,-18.9,57.9,5.1,51.9,3,,Healthcare,27674968.0,140332.09
LRMR,Larimar Therapeutics Inc,3.67,12,8,3,12,3,0,5,43,-20.0,26.0,Poor,Stay away,28,-11.1,14.3,1.1,51.1,3,,Healthcare,341774848.0,2672598.29
HURRY,HÃ¼rriyet Gazetecilik ve Matbaacilik A.S.,3.0,8,4,10,6,3,2,3,36,-15.0,26.0,Poor,🔥 COILED: Stay away,36,0.0,0.0,-0.0,48.1,1,,Communication Services,88800000.0,16.8
ADPXY,Audio Pixels Holdings Ltd ADR,3.0,4,3,10,7,3,1,3,31,-5.0,26.0,Poor,Stay away,24,0.0,0.0,-0.1,0.1,1,,Technology,87630304.0,230.09
THYUX,HIGH YIELD FUND HIGH YIELD FUND,3.21,4,5,6,6,3,4,3,31,-10.0,26.0,Poor,🔥 COILED: Stay away,36,0.0,0.0,-0.1,42.8,0,,nan,0.0,0.0
JHYCX,JOHN HANCOCK FOCUSED HIGH YIELD FUND CLASS C,3.02,4,5,6,6,3,4,3,31,-10.0,26.0,Poor,🔥 COILED: Stay away,29,0.0,0.0,-0.1,43.7,0,,nan,0.0,0.0
LSTA,Lisata Therapeutics Inc.,3.5,16,5,3,10,3,2,4,43,-13.0,26.0,Poor,Stay away,49,8.2,4.2,1.3,52.5,2,,Healthcare,30142154.0,107188.78
QHUOD,Quhuo Limited,6.37,11,3,3,7,7,7,5,43,-15.0,26.0,Poor,Stay away,61,15.6,-43.7,-0.6,52.1,1,,Technology,9281347.0,79190.1
OILCF,Permex Petroleum Corporation,3.27,9,6,11,7,3,2,3,41,-18.0,26.0,Poor,Stay away,53,0.0,0.0,0.0,98.9,1,,Energy,1803414.0,44.27
LMPMY,Lee & Man Paper Manufacturing Ltd ADR,3.75,10,4,5,3,3,7,4,36,-10.0,26.0,Poor,Stay away,43,-0.5,-0.5,-0.3,36.6,0,,Basic Materials,1692230016.0,0.0
GUZOF,Grupo Herdez S.A.B. de C.V,2.94,3,3,10,4,3,7,3,33,-10.0,26.0,Poor,Stay away,16,0.0,0.0,-2.4,17.1,0,,Consumer Defensive,1222111104.0,0.0
NCT,Intercont (Cayman) Limited Ordinary shares,2.89,3,4,4,16,2,2,2,33,-8.0,26.0,Poor,Stay away,60,-0.7,-8.0,-2.1,48.6,1,,Industrials,5837400.0,1382340.35
WIFMX,WASATCH FRONTIER EMERGING SMALL COUNTRIES FUND INSTITUTIONAL CLASS SHARES,3.77,4,4,5,7,3,1,2,26,-5.0,26.0,Poor,🔥 COILED: Stay away,32,-0.8,-1.6,-0.9,45.6,0,,nan,0.0,0.0
DIBS,1Stdibs.Com Inc,4.65,8,6,2,10,3,2,5,36,-8.0,26.0,Poor,Stay away,33,-0.4,-10.2,-0.2,50.3,1,,Communication Services,149460752.0,206553.91
MWUIX,METROPOLITAN WEST ULTRA SHORT BOND FUND CLASS I,4.17,2,6,5,6,3,4,3,29,-8.0,26.0,Poor,🔥 COILED: Stay away,23,0.0,0.0,-0.0,44.8,0,,nan,0.0,0.0
FBBPF,FIBRA Prologis,4.384,7,6,8,11,0,1,2,35,-9.0,26.0,Poor,Stay away,34,0.4,-0.7,-2.1,46.2,0,,Real Estate,7832219648.0,6658.51
HUSQF,Husqvarna AB (publ),3.9,3,3,4,8,3,3,2,26,0.0,26.0,Poor,Stay away,0,0.0,0.0,-2.7,19.0,0,,Industrials,2572960512.0,0.0
BFLY,Butterfly Network Inc,7.01,12,4,1,8,5,0,5,35,-9.0,26.0,Poor,Stay away,55,-12.6,-11.6,-5.1,48.8,1,,Healthcare,1357916288.0,5671162.26
VCIGF,Vitreous Glass Inc,4.5,1,3,5,9,5,0,3,26,0.0,26.0,Poor,Stay away,39,-2.4,-2.4,-2.6,39.3,0,,Industrials,29310290.0,0.0
DRIP,Direxion Daily S&P Oil & Gas Exp. & Prod. Bear 2X Shares,45.61,19,7,4,5,5,6,5,51,-25,26,Poor,Stay away,74,815.9,746.2,266.1,95.4,3,5,nan,nan,16090041.59
NJDCY,Nidec Corporation,3.88,8,6,4,11,1,2,2,34,-8.0,26.0,Poor,Stay away,32,-3.2,29.3,-3.2,47.2,2,,Industrials,17872109568.0,178652.69
ILKAF,Iluka Resources Limited,4.51,1,5,3,9,2,2,2,24,2.0,26.0,Poor,Stay away,28,0.2,-2.0,-5.7,42.7,2,,Basic Materials,2539924224.0,44604.65
ACRE,Ares Commercial Real Estate,4.7,7,14,8,5,3,3,2,42,-14.0,26.0,Poor,Stay away,27,6.1,3.8,3.2,55.3,2,,Real Estate,280179616.0,467124.03
WRAP,Wrap Technologies Inc,2.19,16,4,3,13,7,2,5,50,-24.5,25.5,Poor,Stay away,50,-7.2,48.0,23.3,65.0,3,,Technology,75804016.0,366016.69
BSAI,BSAI,7.75,13,13,3,9,6,4,5,53,-25.8,25.2,Poor,Stay away,66,10.7,72.2,45.2,66.3,3,,Basic Materials,121213648.0,1123.23
PSSMF,PSSMF,1,2,4,10,6,3,2,3,30,-10.0,25.0,Poor,🔥 COILED: Stay away,31,0.0,0.0,0.0,50.0,0,,Basic Materials,8239617536.0,20.0
LEXLF,Lexington Gold Ltd,1,2,4,10,6,3,2,3,30,-10.0,25.0,Poor,🔥 COILED: Stay away,0,0.0,0.0,0.0,50.0,0,,Basic Materials,473861056.0,0.0
FXTGY,Foxtons Group PLC,1.026,5,3,10,6,3,2,3,32,-10.0,25.0,Poor,Stay away,31,0.0,0.0,-0.0,22.7,0,,Real Estate,151760864.0,0.0
GLCP,GLCP,1,2,4,10,6,3,2,3,30,-10.0,25.0,Poor,🔥 COILED: Stay away,31,0.0,0.0,0.0,50.0,0,,Industrials,154394752.0,45.0
ADCT,ADC Therapeutics SA,1.35,5,15,5,7,3,6,5,46,-19.0,25.0,Poor,Stay away,16,3.8,18.4,1.2,43.6,3,,Healthcare,139274320.0,1087136.63
GEOUF,Golden Energy Offshore Services AS,1.16,12,3,6,5,6,4,3,39,-17.0,25.0,Poor,Stay away,40,0.0,0.0,2.7,62.8,1,,Industrials,73410592.0,110.17
PSPX,PSPX,1,2,4,10,6,3,2,3,30,-10.0,25.0,Poor,🔥 COILED: Stay away,31,0.0,0.0,0.0,50.0,0,,Consumer Cyclical,14375000.0,4.5
BMMAX,Blackrock Multi-Manager Alt Fund Cl A,1,2,4,10,6,3,2,3,30,-10.0,25.0,Poor,🔥 COILED: Stay away,30,0.0,0.0,0.0,50.0,0,,Other,0.0,0.0
BMMCX,Blackrock Multi-Manager Alt Fund Cl C,1,2,4,10,6,3,2,3,30,-10.0,25.0,Poor,🔥 COILED: Stay away,30,0.0,0.0,0.0,50.0,0,,Other,0.0,0.0
CPVPX,Columbia Leg Captl Preservation Port A,1,2,4,10,6,3,2,3,30,-10.0,25.0,Poor,🔥 COILED: Stay away,30,0.0,0.0,0.0,50.0,0,,Other,0.0,0.0
IUGXX,Invesco Treasurers Series Trust - Invesco Premier U.S. Government Money Portfolio,1,2,4,10,6,3,2,3,30,-10.0,25.0,Poor,🔥 COILED: Stay away,30,0.0,0.0,0.0,50.0,0,,Other,nan,0.0
SPAXX,Fidelity® Government Money Market Fund,1,2,4,10,6,3,2,3,30,-10.0,25.0,Poor,🔥 COILED: Stay away,0,0.0,0.0,0.0,50.0,0,,nan,nan,0.0
VUSXX,Vanguard Treasury Money Market Fund,1,2,4,10,6,3,2,3,30,-10.0,25.0,Poor,🔥 COILED: Stay away,30,0.0,0.0,0.0,50.0,0,,nan,nan,0.0
FDRXX,Fidelity Govt Cash Rsrvs,1,2,4,10,6,3,2,3,30,-10.0,25.0,Poor,🔥 COILED: Stay away,30,0.0,0.0,0.0,50.0,0,,nan,nan,0.0
VMFXX,Vanguard Federal Money Market Fund Investor Shares,1,2,4,10,6,3,2,3,30,-10.0,25.0,Poor,🔥 COILED: Stay away,30,0.0,0.0,0.0,50.0,0,,nan,nan,0.0
FGTXX,Goldman Sachs Financial Square Government Fund Institutional Shares,1,2,4,10,6,3,2,3,30,-10.0,25.0,Poor,🔥 COILED: Stay away,30,0.0,0.0,0.0,50.0,0,,nan,nan,0.0
TFDXX,BlackRock Liquidity Funds FedFund Institutional Shares,1,2,4,10,6,3,2,3,30,-10.0,25.0,Poor,🔥 COILED: Stay away,30,0.0,0.0,0.0,50.0,0,,nan,nan,0.0
FTIXX,Goldman Sachs Financial Square Treasury Instruments Fund Institutional Shares,1,2,4,10,6,3,2,3,30,-10.0,25.0,Poor,🔥 COILED: Stay away,30,0.0,0.0,0.0,50.0,0,,nan,nan,0.0
AGPXX,Invesco Short-Term Investments Trust Government & Agency Portfolio Institutional,1,2,4,10,6,3,2,3,30,-10.0,25.0,Poor,🔥 COILED: Stay away,30,0.0,0.0,0.0,50.0,0,,nan,nan,0.0
AALXX,Thrivent Money Market Fund Class S,1,2,4,10,6,3,2,3,30,-10.0,25.0,Poor,🔥 COILED: Stay away,30,0.0,0.0,0.0,50.0,0,,nan,nan,0.0
DAPXX,Dreyfus Government Securities Cash Management Administrative Shares,1,2,4,10,6,3,2,3,30,-10.0,25.0,Poor,🔥 COILED: Stay away,30,0.0,0.0,0.0,50.0,0,,nan,nan,0.0
MISXX,Morgan Stanley Institutional Liquidity Funds - Treasury Portfolio,1,2,4,10,6,3,2,3,30,-10.0,25.0,Poor,🔥 COILED: Stay away,30,0.0,0.0,0.0,50.0,0,,nan,nan,0.0
FXFXX,First American Funds Inc. - Treasury Obligations Fund,1,2,4,10,6,3,2,3,30,-10.0,25.0,Poor,🔥 COILED: Stay away,30,0.0,0.0,0.0,50.0,0,,nan,nan,0.0
MVRXX,Morgan Stanley Institutional Liquidity Funds -  Government Portfolio,1,2,4,10,6,3,2,3,30,-10.0,25.0,Poor,🔥 COILED: Stay away,30,0.0,0.0,0.0,50.0,0,,nan,nan,0.0
FGXXX,First American Funds Inc. - Government Obligations Fund,1,2,4,10,6,3,2,3,30,-10.0,25.0,Poor,🔥 COILED: Stay away,30,0.0,0.0,0.0,50.0,0,,nan,nan,0.0
GVMXX,State Street Master Funds - State Street U.S. Government Money Market Portfolio,1,2,4,10,6,3,2,3,30,-10.0,25.0,Poor,🔥 COILED: Stay away,30,0.0,0.0,0.0,50.0,0,,nan,nan,0.0
DTRXX,Dreyfus Treasury Obligations Cash Management,1,2,4,10,6,3,2,3,30,-10.0,25.0,Poor,🔥 COILED: Stay away,30,0.0,0.0,0.0,50.0,0,,nan,nan,0.0
FSIXX,Fidelity Colchester Street Trust - Treasury Only Portfolio,1,2,4,10,6,3,2,3,30,-10.0,25.0,Poor,🔥 COILED: Stay away,30,0.0,0.0,0.0,50.0,0,,nan,nan,0.0
TPIXX,State Street Institutional Investment Trust - State Street Institutional Treasury Plus Money Market,1,2,4,10,6,3,2,3,30,-10.0,25.0,Poor,🔥 COILED: Stay away,30,0.0,0.0,0.0,50.0,0,,nan,nan,0.0
TTTXX,BlackRock Liquidity Funds - Treasury Trust Fund,1,2,4,10,6,3,2,3,30,-10.0,25.0,Poor,🔥 COILED: Stay away,30,0.0,0.0,0.0,50.0,0,,nan,nan,0.0
FRAXX,Goldman Sachs Trust - Goldman Sachs Financial Square Treasury Instruments Fund,1,2,4,10,6,3,2,3,30,-10.0,25.0,Poor,🔥 COILED: Stay away,30,0.0,0.0,0.0,50.0,0,,nan,nan,0.0
FIGXX,Fidelity Colchester Street Trust - Government Portfolio,1,2,4,10,6,3,2,3,30,-10.0,25.0,Poor,🔥 COILED: Stay away,30,0.0,0.0,0.0,50.0,0,,nan,nan,0.0
FMJXX,Goldman Sachs Investor Money Market Fund Class I,1,2,4,10,6,3,2,3,30,-10.0,25.0,Poor,🔥 COILED: Stay away,30,0.0,0.0,0.0,50.0,0,,nan,nan,0.0
FZDXX,Fidelity Money Market Fund,1,2,4,10,6,3,2,3,30,-10.0,25.0,Poor,🔥 COILED: Stay away,30,0.0,0.0,0.0,50.0,0,,nan,nan,0.0
SWVXX,Schwab Value Advantage Money Fund,1,2,4,10,6,3,2,3,30,-10.0,25.0,Poor,🔥 COILED: Stay away,30,0.0,0.0,0.0,50.0,0,,nan,nan,0.0
TSCXX,T. Rowe Price Cash Reserves Fund,1,2,4,10,6,3,2,3,30,-10.0,25.0,Poor,🔥 COILED: Stay away,30,0.0,0.0,0.0,50.0,0,,nan,nan,0.0
SWGXX,Schwab Government Money Fund,1,2,4,10,6,3,2,3,30,-10.0,25.0,Poor,🔥 COILED: Stay away,30,0.0,0.0,0.0,50.0,0,,nan,nan,0.0
DGCXX,Dreyfus Government Cash Management Fund,1,2,4,10,6,3,2,3,30,-10.0,25.0,Poor,🔥 COILED: Stay away,30,0.0,0.0,0.0,50.0,0,,nan,nan,0.0
MUSXX,MainStay U.S. Government Liquidity Fund Class I,1,2,4,10,6,3,2,3,30,-10.0,25.0,Poor,🔥 COILED: Stay away,30,0.0,0.0,0.0,50.0,0,,nan,nan,0.0
SAHXX,State Street Institutional U.S. Government Money Market Fund,1,2,4,10,6,3,2,3,30,-10.0,25.0,Poor,🔥 COILED: Stay away,30,0.0,0.0,0.0,50.0,0,,nan,nan,0.0
TSTXX,BlackRock Liquidity Funds - T-Fund,1,2,4,10,6,3,2,3,30,-10.0,25.0,Poor,🔥 COILED: Stay away,30,0.0,0.0,0.0,50.0,0,,nan,nan,0.0
INFXX,Institutional Fiduciary Trust Money Market Fund,1,2,4,10,6,3,2,3,30,-10.0,25.0,Poor,🔥 COILED: Stay away,30,0.0,0.0,0.0,50.0,0,,nan,nan,0.0
ABZXX,American Funds U.S. Government Money Market Fund,1,2,4,10,6,3,2,3,30,-10.0,25.0,Poor,🔥 COILED: Stay away,30,0.0,0.0,0.0,50.0,0,,nan,nan,0.0
AAOXX,American Beacon U.S. Government Money Market Select Fund,1,2,4,10,6,3,2,3,30,-10.0,25.0,Poor,🔥 COILED: Stay away,30,0.0,0.0,0.0,50.0,0,,nan,nan,0.0
ACAXX,American Century Investment Trust - Prime Money Market Fund,1,2,4,10,6,3,2,3,30,-10.0,25.0,Poor,🔥 COILED: Stay away,30,0.0,0.0,0.0,50.0,0,,nan,nan,0.0
ACNXX,AIM Investment Securities Funds (Invesco Investment Securities Funds) - Government Money Market Fund,1,2,4,10,6,3,2,3,30,-10.0,25.0,Poor,🔥 COILED: Stay away,30,0.0,0.0,0.0,50.0,0,,nan,nan,0.0
ACXXX,AIM Investment Securities Funds (Invesco Investment Securities Funds) - Government Money Market Fund,1,2,4,10,6,3,2,3,30,-10.0,25.0,Poor,🔥 COILED: Stay away,30,0.0,0.0,0.0,50.0,0,,nan,nan,0.0
ACZXX,AIM Investment Securities Funds (Invesco Investment Securities Funds) - Government Money Market Fund,1,2,4,10,6,3,2,3,30,-10.0,25.0,Poor,🔥 COILED: Stay away,30,0.0,0.0,0.0,50.0,0,,nan,nan,0.0
ADAXX,AIM Investment Securities Funds (Invesco Investment Securities Funds) - Government Money Market Fund,1,2,4,10,6,3,2,3,30,-10.0,25.0,Poor,🔥 COILED: Stay away,30,0.0,0.0,0.0,50.0,0,,nan,nan,0.0
AECXX,AB Fixed-Income Shares Inc. - AB Government Money Market Portfolio,1,2,4,10,6,3,2,3,30,-10.0,25.0,Poor,🔥 COILED: Stay away,30,0.0,0.0,0.0,50.0,0,,nan,nan,0.0
AEAXX,AB Government Exchange Reserves,1,2,4,10,6,3,2,3,30,-10.0,25.0,Poor,🔥 COILED: Stay away,30,0.0,0.0,0.0,50.0,0,,nan,nan,0.0
AEYXX,AB Government Exchange Reserves,1,2,4,10,6,3,2,3,30,-10.0,25.0,Poor,🔥 COILED: Stay away,30,0.0,0.0,0.0,50.0,0,,nan,nan,0.0
AGQXX,American Century Investment Trust - Premium Money Market Fund,1,2,4,10,6,3,2,3,30,-10.0,25.0,Poor,🔥 COILED: Stay away,30,0.0,0.0,0.0,50.0,0,,nan,nan,0.0
AGHXX,American Century Investment Trust - Premium Money Market Fund,1,2,4,10,6,3,2,3,30,-10.0,25.0,Poor,🔥 COILED: Stay away,30,0.0,0.0,0.0,50.0,0,,nan,nan,0.0
AGCXX,Short-Term Investment Trust - Invesco Government & Agency Portfolio,1,2,4,10,6,3,2,3,30,-10.0,25.0,Poor,🔥 COILED: Stay away,30,0.0,0.0,0.0,50.0,0,,nan,nan,0.0
AGRXX,AllianceBernstein Bond Fund - Government Reserves Portfolio Fund,1,2,4,10,6,3,2,3,30,-10.0,25.0,Poor,🔥 COILED: Stay away,30,0.0,0.0,0.0,50.0,0,,nan,nan,0.0
AIMXX,AIM Investment Securities Funds (Invesco Investment Securities Funds) - Government Money Market Fund,1,2,4,10,6,3,2,3,30,-10.0,25.0,Poor,🔥 COILED: Stay away,30,0.0,0.0,0.0,50.0,0,,nan,nan,0.0
AIEXX,AB Government Exchange Reserves,1,2,4,10,6,3,2,3,30,-10.0,25.0,Poor,🔥 COILED: Stay away,30,0.0,0.0,0.0,50.0,0,,nan,nan,0.0
AIYXX,AIM Investment Securities Funds (Invesco Investment Securities Funds) - Government Money Market Fund,1,2,4,10,6,3,2,3,30,-10.0,25.0,Poor,🔥 COILED: Stay away,30,0.0,0.0,0.0,50.0,0,,nan,nan,0.0
AMAXX,PIMCO Funds - PIMCO Government Money Market Fund,1,2,4,10,6,3,2,3,30,-10.0,25.0,Poor,🔥 COILED: Stay away,30,0.0,0.0,0.0,50.0,0,,nan,nan,0.0
AMGXX,PIMCO Funds - PIMCO Government Money Market Fund,1,2,4,10,6,3,2,3,30,-10.0,25.0,Poor,🔥 COILED: Stay away,30,0.0,0.0,0.0,50.0,0,,nan,nan,0.0
AMMXX,Thrivent Mutual Funds - Thrivent Money Market Fund,1,2,4,10,6,3,2,3,30,-10.0,25.0,Poor,🔥 COILED: Stay away,30,0.0,0.0,0.0,50.0,0,,nan,nan,0.0
APCXX,Cavanal Hill Funds - Government Securities Money Market Fund,1,2,4,10,6,3,2,3,30,-10.0,25.0,Poor,🔥 COILED: Stay away,30,0.0,0.0,0.0,50.0,0,,nan,nan,0.0
APGXX,Cavanal Hill Funds - U.S. Treasury Fund,1,2,4,10,6,3,2,3,30,-10.0,25.0,Poor,🔥 COILED: Stay away,30,0.0,0.0,0.0,50.0,0,,nan,nan,0.0
APHXX,Cavanal Hill Funds - Government Securities Money Market Fund,1,2,4,10,6,3,2,3,30,-10.0,25.0,Poor,🔥 COILED: Stay away,30,0.0,0.0,0.0,50.0,0,,nan,nan,0.0
APNXX,Cavanal Hill Funds - U.S. Treasury Fund,1,2,4,10,6,3,2,3,30,-10.0,25.0,Poor,🔥 COILED: Stay away,30,0.0,0.0,0.0,50.0,0,,nan,nan,0.0
APKXX,Cavanal Hill Funds - U.S. Treasury Fund,1,2,4,10,6,3,2,3,30,-10.0,25.0,Poor,🔥 COILED: Stay away,30,0.0,0.0,0.0,50.0,0,,nan,nan,0.0
ARCXX,American Century Investment Trust - Prime Money Market Fund,1,2,4,10,6,3,2,3,30,-10.0,25.0,Poor,🔥 COILED: Stay away,30,0.0,0.0,0.0,50.0,0,,nan,nan,0.0
APPXX,Cavanal Hill Funds - Government Securities Money Market Fund,1,2,4,10,6,3,2,3,30,-10.0,25.0,Poor,🔥 COILED: Stay away,30,0.0,0.0,0.0,50.0,0,,nan,nan,0.0
APSXX,Cavanal Hill Funds - Government Securities Money Market Fund,1,2,4,10,6,3,2,3,30,-10.0,25.0,Poor,🔥 COILED: Stay away,30,0.0,0.0,0.0,50.0,0,,nan,nan,0.0
BBSXX,BBH Trust - BBH U.S. Government Money Market Fund,1,2,4,10,6,3,2,3,30,-10.0,25.0,Poor,🔥 COILED: Stay away,30,0.0,0.0,0.0,50.0,0,,nan,nan,0.0
BCTXX,American Century California Tax-Free and Municipal Funds - California Tax-Free Money Market Fund,1,2,4,10,6,3,2,3,30,-10.0,25.0,Poor,🔥 COILED: Stay away,30,0.0,0.0,0.0,50.0,0,,nan,nan,0.0
BEMXX,BlackRock Liquidity Funds - T-Fund,1,2,4,10,6,3,2,3,30,-10.0,25.0,Poor,🔥 COILED: Stay away,30,0.0,0.0,0.0,50.0,0,,nan,nan,0.0
BCHXX,BlackRock Liquidity Funds - T-Fund,1,2,4,10,6,3,2,3,30,-10.0,25.0,Poor,🔥 COILED: Stay away,30,0.0,0.0,0.0,50.0,0,,nan,nan,0.0
BECXX,BlackRock Liquidity Funds - Federal Trust Fund,1,2,4,10,6,3,2,3,30,-10.0,25.0,Poor,🔥 COILED: Stay away,30,0.0,0.0,0.0,50.0,0,,nan,nan,0.0
BFRXX,BlackRock Liquidity Funds - FedFund,1,2,4,10,6,3,2,3,30,-10.0,25.0,Poor,🔥 COILED: Stay away,30,0.0,0.0,0.0,50.0,0,,nan,nan,0.0
BFFXX,BlackRock Liquidity Funds - FedFund,1,2,4,10,6,3,2,3,30,-10.0,25.0,Poor,🔥 COILED: Stay away,30,0.0,0.0,0.0,50.0,0,,nan,nan,0.0
BFMXX,BlackRock Liquidity Funds - Federal Trust Fund,1,2,4,10,6,3,2,3,30,-10.0,25.0,Poor,🔥 COILED: Stay away,30,0.0,0.0,0.0,50.0,0,,nan,nan,0.0
BMMIX,CollegeAdvantage 529 Savings Plan - BlackRock Money Market Option,1,2,4,10,6,3,2,3,30,-10.0,25.0,Poor,🔥 COILED: Stay away,30,0.0,0.0,0.0,50.0,0,,nan,nan,0.0
BFTXX,BlackRock Liquidity Funds - Federal Trust Fund,1,2,4,10,6,3,2,3,30,-10.0,25.0,Poor,🔥 COILED: Stay away,30,0.0,0.0,0.0,50.0,0,,nan,nan,0.0
BGSXX,Northern Institutional Funds - U.S. Government Select Portfolio,1,2,4,10,6,3,2,3,30,-10.0,25.0,Poor,🔥 COILED: Stay away,30,0.0,0.0,0.0,50.0,0,,nan,nan,0.0
BNGXX,Northern Institutional Funds - U.S. Government Portfolio,1,2,4,10,6,3,2,3,30,-10.0,25.0,Poor,🔥 COILED: Stay away,30,0.0,0.0,0.0,50.0,0,,nan,nan,0.0
BNTXX,American Century Municipal Trust - Tax-Free Money Market Fund,1,2,4,10,6,3,2,3,30,-10.0,25.0,Poor,🔥 COILED: Stay away,30,0.0,0.0,0.0,50.0,0,,nan,nan,0.0
BPRXX,American Century Investment Trust - Prime Money Market Fund,1,2,4,10,6,3,2,3,30,-10.0,25.0,Poor,🔥 COILED: Stay away,30,0.0,0.0,0.0,50.0,0,,nan,nan,0.0
BSCXX,Northern Institutional Funds - U.S. Government Select Portfolio,1,2,4,10,6,3,2,3,30,-10.0,25.0,Poor,🔥 COILED: Stay away,30,0.0,0.0,0.0,50.0,0,,nan,nan,0.0
BRIXX,Blackrock Funds III - Treasury Money Market Fund,1,2,4,10,6,3,2,3,30,-10.0,25.0,Poor,🔥 COILED: Stay away,30,0.0,0.0,0.0,50.0,0,,nan,nan,0.0
BTCXX,BlackRock Liquidity Funds - Treasury Trust Fund,1,2,4,10,6,3,2,3,30,-10.0,25.0,Poor,🔥 COILED: Stay away,30,0.0,0.0,0.0,50.0,0,,nan,nan,0.0
BTFXX,BlackRock Liquidity Funds - Treasury Trust Fund,1,2,4,10,6,3,2,3,30,-10.0,25.0,Poor,🔥 COILED: Stay away,30,0.0,0.0,0.0,50.0,0,,nan,nan,0.0
CACPX,Future Scholar 529 College Savings Plan - Conservative Portfolio,1,2,4,10,6,3,2,3,30,-10.0,25.0,Poor,🔥 COILED: Stay away,30,0.0,0.0,0.0,50.0,0,,nan,nan,0.0
BTRXX,BlackRock Liquidity Funds - T-Fund,1,2,4,10,6,3,2,3,30,-10.0,25.0,Poor,🔥 COILED: Stay away,30,0.0,0.0,0.0,50.0,0,,nan,nan,0.0
CACXX,Money Market Obligations Trust - Federated Hermes California Municipal Cash Trust,1,2,4,10,6,3,2,3,30,-10.0,25.0,Poor,🔥 COILED: Stay away,30,0.0,0.0,0.0,50.0,0,,nan,nan,0.0
CAGXX,Cash Account Trust - Government & Agency Securities Portfolio,1,2,4,10,6,3,2,3,30,-10.0,25.0,Poor,🔥 COILED: Stay away,30,0.0,0.0,0.0,50.0,0,,nan,nan,0.0
CAIXX,Money Market Obligations Trust - Federated Hermes California Municipal Cash Trust,1,2,4,10,6,3,2,3,30,-10.0,25.0,Poor,🔥 COILED: Stay away,30,0.0,0.0,0.0,50.0,0,,nan,nan,0.0
CALXX,Money Market Obligations Trust - Federated Hermes California Municipal Cash Trust,1,2,4,10,6,3,2,3,30,-10.0,25.0,Poor,🔥 COILED: Stay away,30,0.0,0.0,0.0,50.0,0,,nan,nan,0.0
CBDAX,Future Scholar 529 College Savings Plan - Columbia Bank Deposit 529 Portfolio,1,2,4,10,6,3,2,3,30,-10.0,25.0,Poor,🔥 COILED: Stay away,30,0.0,0.0,0.0,50.0,0,,nan,nan,0.0
CBDCX,Future Scholar 529 College Savings Plan - Columbia Bank Deposit 529 Portfolio,1,2,4,10,6,3,2,3,30,-10.0,25.0,Poor,🔥 COILED: Stay away,30,0.0,0.0,0.0,50.0,0,,nan,nan,0.0
CBDEX,Future Scholar 529 College Savings Plan - Columbia Bank Deposit 529 Portfolio,1,2,4,10,6,3,2,3,30,-10.0,25.0,Poor,🔥 COILED: Stay away,30,0.0,0.0,0.0,50.0,0,,nan,nan,0.0
CCCPX,Future Scholar 529 College Savings Plan - Conservative Portfolio,1,2,4,10,6,3,2,3,30,-10.0,25.0,Poor,🔥 COILED: Stay away,30,0.0,0.0,0.0,50.0,0,,nan,nan,0.0
CBDPX,Future Scholar 529 College Savings Plan - Columbia Bank Deposit 529 Portfolio,1,2,4,10,6,3,2,3,30,-10.0,25.0,Poor,🔥 COILED: Stay away,30,0.0,0.0,0.0,50.0,0,,nan,nan,0.0
CCCXX,Money Market Obligations Trust - Federated Hermes California Municipal Cash Trust,1,2,4,10,6,3,2,3,30,-10.0,25.0,Poor,🔥 COILED: Stay away,30,0.0,0.0,0.0,50.0,0,,nan,nan,0.0
CEAXX,Citizensselect Funds - Dreyfus Institutional Preferred Treasury Securities Money Market Fund,1,2,4,10,6,3,2,3,30,-10.0,25.0,Poor,🔥 COILED: Stay away,30,0.0,0.0,0.0,50.0,0,,nan,nan,0.0
CCSXX,Money Market Obligations Trust - Federated Hermes California Municipal Cash Trust,1,2,4,10,6,3,2,3,30,-10.0,25.0,Poor,🔥 COILED: Stay away,30,0.0,0.0,0.0,50.0,0,,nan,nan,0.0
CECPX,Future Scholar 529 College Savings Plan - Conservative Portfolio,1,2,4,10,6,3,2,3,30,-10.0,25.0,Poor,🔥 COILED: Stay away,30,0.0,0.0,0.0,50.0,0,,nan,nan,0.0
CEIXX,Citizensselect Funds - Dreyfus Institutional Preferred Treasury Securities Money Market Fund,1,2,4,10,6,3,2,3,30,-10.0,25.0,Poor,🔥 COILED: Stay away,30,0.0,0.0,0.0,50.0,0,,nan,nan,0.0
CIFXX,LeggMason Partners Institutional Trust - Western Asset Institutional Tax Free Reserves,1,2,4,10,6,3,2,3,30,-10.0,25.0,Poor,🔥 COILED: Stay away,30,0.0,0.0,0.0,50.0,0,,nan,nan,0.0
CIIXX,Legg Mason Partners Institutional Trust - Western Asset Institutional U.S. Treasury Reserves,1,2,4,10,6,3,2,3,30,-10.0,25.0,Poor,🔥 COILED: Stay away,30,0.0,0.0,0.0,50.0,0,,nan,nan,0.0
CNFXX,City National Rochdale Funds - City National Rochdale Government Money Market Fund,1,2,4,10,6,3,2,3,30,-10.0,25.0,Poor,🔥 COILED: Stay away,30,0.0,0.0,0.0,50.0,0,,nan,nan,0.0
CNIXX,City National Rochdale Funds - City National Rochdale Government Money Market Fund,1,2,4,10,6,3,2,3,30,-10.0,25.0,Poor,🔥 COILED: Stay away,30,0.0,0.0,0.0,50.0,0,,nan,nan,0.0
CNGXX,City National Rochdale Funds - City National Rochdale Government Money Market Fund,1,2,4,10,6,3,2,3,30,-10.0,25.0,Poor,🔥 COILED: Stay away,30,0.0,0.0,0.0,50.0,0,,nan,nan,0.0
COSXX,Morgan Stanley Institutional Liquidity Funds -  Government Portfolio,1,2,4,10,6,3,2,3,30,-10.0,25.0,Poor,🔥 COILED: Stay away,30,0.0,0.0,0.0,50.0,0,,nan,nan,0.0
CPFXX,American Century Government Income Trust - Capital Preservation Fund,1,2,4,10,6,3,2,3,30,-10.0,25.0,Poor,🔥 COILED: Stay away,30,0.0,0.0,0.0,50.0,0,,nan,nan,0.0
CRHXX,MFS Series Trust I - MFS U.S. Government Cash Reserve Fund,1,2,4,10,6,3,2,3,30,-10.0,25.0,Poor,🔥 COILED: Stay away,30,0.0,0.0,0.0,50.0,0,,nan,nan,0.0
CRJXX,MFS Series Trust I - MFS U.S. Government Cash Reserve Fund,1,2,4,10,6,3,2,3,30,-10.0,25.0,Poor,🔥 COILED: Stay away,30,0.0,0.0,0.0,50.0,0,,nan,nan,0.0
CRKXX,MFS Series Trust I - MFS U.S. Government Cash Reserve Fund,1,2,4,10,6,3,2,3,30,-10.0,25.0,Poor,🔥 COILED: Stay away,30,0.0,0.0,0.0,50.0,0,,nan,nan,0.0
CRMXX,MFS Series Trust I - MFS U.S. Government Cash Reserve Fund,1,2,4,10,6,3,2,3,30,-10.0,25.0,Poor,🔥 COILED: Stay away,30,0.0,0.0,0.0,50.0,0,,nan,nan,0.0
CRRXX,MFS Series Trust I - MFS U.S. Government Cash Reserve Fund,1,2,4,10,6,3,2,3,30,-10.0,25.0,Poor,🔥 COILED: Stay away,30,0.0,0.0,0.0,50.0,0,,nan,nan,0.0
CRVXX,MFS Series Trust I - MFS U.S. Government Cash Reserve Fund,1,2,4,10,6,3,2,3,30,-10.0,25.0,Poor,🔥 COILED: Stay away,30,0.0,0.0,0.0,50.0,0,,nan,nan,0.0
CVGXX,BofA Funds Series Trust - BofA Money Market Reserves,1,2,4,10,6,3,2,3,30,-10.0,25.0,Poor,🔥 COILED: Stay away,30,0.0,0.0,0.0,50.0,0,,nan,nan,0.0
DAGXX,Dreyfus Government Cash Management Fund,1,2,4,10,6,3,2,3,30,-10.0,25.0,Poor,🔥 COILED: Stay away,30,0.0,0.0,0.0,50.0,0,,nan,nan,0.0
CVTXX,Short-Term Investment Trust - Invesco Treasury Portfolio,1,2,4,10,6,3,2,3,30,-10.0,25.0,Poor,🔥 COILED: Stay away,30,0.0,0.0,0.0,50.0,0,,nan,nan,0.0
DARXX,Dreyfus Treasury Securities Cash Management,1,2,4,10,6,3,2,3,30,-10.0,25.0,Poor,🔥 COILED: Stay away,30,0.0,0.0,0.0,50.0,0,,nan,nan,0.0
DCMXX,Cash Account Trust - Government & Agency Securities Portfolio,1,2,4,10,6,3,2,3,30,-10.0,25.0,Poor,🔥 COILED: Stay away,30,0.0,0.0,0.0,50.0,0,,nan,nan,0.0
DGPXX,Dreyfus Government Cash Management Funds - Dreyfus Government Prime Cash Management,1,2,4,10,6,3,2,3,30,-10.0,25.0,Poor,🔥 COILED: Stay away,30,0.0,0.0,0.0,50.0,0,,nan,nan,0.0
DBBXX,Cash Account Trust - Government & Agency Securities Portfolio,1,2,4,10,6,3,2,3,30,-10.0,25.0,Poor,🔥 COILED: Stay away,30,0.0,0.0,0.0,50.0,0,,nan,nan,0.0
DGEXX,Morgan Stanley U.S Government Money Market Trust Fund,1,2,4,10,6,3,2,3,30,-10.0,25.0,Poor,🔥 COILED: Stay away,30,0.0,0.0,0.0,50.0,0,,nan,nan,0.0
DGQXX,Dreyfus Government Cash Management Fund,1,2,4,10,6,3,2,3,30,-10.0,25.0,Poor,🔥 COILED: Stay away,30,0.0,0.0,0.0,50.0,0,,nan,nan,0.0
DHLXX,Dreyfus Institutional Reserves Funds - Dreyfus Institutional Treasury and Agency Cash Advantage Fund,1,2,4,10,6,3,2,3,30,-10.0,25.0,Poor,🔥 COILED: Stay away,30,0.0,0.0,0.0,50.0,0,,nan,nan,0.0
DGUXX,Dreyfus Government Cash Management Fund,1,2,4,10,6,3,2,3,30,-10.0,25.0,Poor,🔥 COILED: Stay away,30,0.0,0.0,0.0,50.0,0,,nan,nan,0.0
DGVXX,Dreyfus Government Cash Management Fund,1,2,4,10,6,3,2,3,30,-10.0,25.0,Poor,🔥 COILED: Stay away,30,0.0,0.0,0.0,50.0,0,,nan,nan,0.0
DIPXX,Dreyfus Government Cash Management Funds - Dreyfus Government Prime Cash Management,1,2,4,10,6,3,2,3,30,-10.0,25.0,Poor,🔥 COILED: Stay away,30,0.0,0.0,0.0,50.0,0,,nan,nan,0.0
DIRXX,Dreyfus Treasury Securities Cash Management,1,2,4,10,6,3,2,3,30,-10.0,25.0,Poor,🔥 COILED: Stay away,30,0.0,0.0,0.0,50.0,0,,nan,nan,0.0
DNSXX,Dreyfus Institutional Reserves Funds - Dreyfus Institutional Treasury and Agency Cash Advantage Fund,1,2,4,10,6,3,2,3,30,-10.0,25.0,Poor,🔥 COILED: Stay away,30,0.0,0.0,0.0,50.0,0,,nan,nan,0.0
DOAXX,DWS Money Market Prime Series - DWS Cash Investment Trust,1,2,4,10,6,3,2,3,30,-10.0,25.0,Poor,🔥 COILED: Stay away,30,0.0,0.0,0.0,50.0,0,,nan,nan,0.0
DPGXX,Dreyfus Government Cash Management Fund,1,2,4,10,6,3,2,3,30,-10.0,25.0,Poor,🔥 COILED: Stay away,30,0.0,0.0,0.0,50.0,0,,nan,nan,0.0
DOCXX,DWS Money Market Prime Series - DWS Cash Investment Trust,1,2,4,10,6,3,2,3,30,-10.0,25.0,Poor,🔥 COILED: Stay away,30,0.0,0.0,0.0,50.0,0,,nan,nan,0.0
DOSXX,DWS Money Market Prime Series - DWS Cash Investment Trust,1,2,4,10,6,3,2,3,30,-10.0,25.0,Poor,🔥 COILED: Stay away,30,0.0,0.0,0.0,50.0,0,,nan,nan,0.0
DPRXX,Dreyfus Treasury Securities Cash Management,1,2,4,10,6,3,2,3,30,-10.0,25.0,Poor,🔥 COILED: Stay away,30,0.0,0.0,0.0,50.0,0,,nan,nan,0.0
DSHXX,Dreyfus Institutional Reserves Funds - Dreyfus Institutional Preferred Government Money Market Fund,1,2,4,10,6,3,2,3,30,-10.0,25.0,Poor,🔥 COILED: Stay away,30,0.0,0.0,0.0,50.0,0,,nan,nan,0.0
DTAXX,Dreyfus Treasury Obligations Cash Management,1,2,4,10,6,3,2,3,30,-10.0,25.0,Poor,🔥 COILED: Stay away,30,0.0,0.0,0.0,50.0,0,,nan,nan,0.0
DSVXX,Dreyfus Institutional Reserves Funds - Dreyfus Institutional Preferred Government Money Market Fund,1,2,4,10,6,3,2,3,30,-10.0,25.0,Poor,🔥 COILED: Stay away,30,0.0,0.0,0.0,50.0,0,,nan,nan,0.0
DTBXX,Cash Account Trust - DWS Tax-Exempt Portfolio,1,2,4,10,6,3,2,3,30,-10.0,25.0,Poor,🔥 COILED: Stay away,30,0.0,0.0,0.0,50.0,0,,nan,nan,0.0
DTCXX,Cash Account Trust - DWS Tax-Exempt Portfolio,1,2,4,10,6,3,2,3,30,-10.0,25.0,Poor,🔥 COILED: Stay away,30,0.0,0.0,0.0,50.0,0,,nan,nan,0.0
DTGXX,Cash Account Trust - Government & Agency Securities Portfolio,1,2,4,10,6,3,2,3,30,-10.0,25.0,Poor,🔥 COILED: Stay away,30,0.0,0.0,0.0,50.0,0,,nan,nan,0.0
DTHXX,Dreyfus Treasury Securities Cash Management,1,2,4,10,6,3,2,3,30,-10.0,25.0,Poor,🔥 COILED: Stay away,30,0.0,0.0,0.0,50.0,0,,nan,nan,0.0
DTDXX,Cash Account Trust - DWS Tax-Exempt Portfolio,1,2,4,10,6,3,2,3,30,-10.0,25.0,Poor,🔥 COILED: Stay away,30,0.0,0.0,0.0,50.0,0,,nan,nan,0.0
DTKXX,Dreyfus Treasury Obligations Cash Management,1,2,4,10,6,3,2,3,30,-10.0,25.0,Poor,🔥 COILED: Stay away,30,0.0,0.0,0.0,50.0,0,,nan,nan,0.0
DTLXX,Dreyfus Institutional Liquidity Funds - Dreyfus Treasury and Agency Liquidity Money Market Fund,1,2,4,10,6,3,2,3,30,-10.0,25.0,Poor,🔥 COILED: Stay away,30,0.0,0.0,0.0,50.0,0,,nan,nan,0.0
DTNXX,Dreyfus Treasury Obligations Cash Management,1,2,4,10,6,3,2,3,30,-10.0,25.0,Poor,🔥 COILED: Stay away,30,0.0,0.0,0.0,50.0,0,,nan,nan,0.0
DTVXX,Dreyfus Treasury Obligations Cash Management,1,2,4,10,6,3,2,3,30,-10.0,25.0,Poor,🔥 COILED: Stay away,30,0.0,0.0,0.0,50.0,0,,nan,nan,0.0
DVRXX,Dreyfus Treasury Securities Cash Management,1,2,4,10,6,3,2,3,30,-10.0,25.0,Poor,🔥 COILED: Stay away,30,0.0,0.0,0.0,50.0,0,,nan,nan,0.0
DTPXX,Dreyfus Treasury Obligations Cash Management,1,2,4,10,6,3,2,3,30,-10.0,25.0,Poor,🔥 COILED: Stay away,30,0.0,0.0,0.0,50.0,0,,nan,nan,0.0
DWGXX,Morgan Stanley U.S Government Money Market Trust Fund,1,2,4,10,6,3,2,3,30,-10.0,25.0,Poor,🔥 COILED: Stay away,30,0.0,0.0,0.0,50.0,0,,nan,nan,0.0
DVPXX,Dreyfus Government Cash Management Funds - Dreyfus Government Prime Cash Management,1,2,4,10,6,3,2,3,30,-10.0,25.0,Poor,🔥 COILED: Stay away,30,0.0,0.0,0.0,50.0,0,,nan,nan,0.0
FAAXX,First American Funds Inc. - Government Obligations Fund,1,2,4,10,6,3,2,3,30,-10.0,25.0,Poor,🔥 COILED: Stay away,30,0.0,0.0,0.0,50.0,0,,nan,nan,0.0
ELMXX,Elfun Government Money Market Fund,1,2,4,10,6,3,2,3,30,-10.0,25.0,Poor,🔥 COILED: Stay away,30,0.0,0.0,0.0,50.0,0,,nan,nan,0.0
FAPXX,First American Funds Inc. - Retail Prime Obligations Fund,1,2,4,10,6,3,2,3,30,-10.0,25.0,Poor,🔥 COILED: Stay away,30,0.0,0.0,0.0,50.0,0,,nan,nan,0.0
FATXX,First American Funds Inc. - Treasury Obligations Fund,1,2,4,10,6,3,2,3,30,-10.0,25.0,Poor,🔥 COILED: Stay away,30,0.0,0.0,0.0,50.0,0,,nan,nan,0.0
FCEXX,Fidelity Colchester Street Trust - Treasury Portfolio,1,2,4,10,6,3,2,3,30,-10.0,25.0,Poor,🔥 COILED: Stay away,30,0.0,0.0,0.0,50.0,0,,nan,nan,0.0
FCIXX,Fidelity Colchester Street Trust - Money Market Portfolio,1,2,4,10,6,3,2,3,30,-10.0,25.0,Poor,🔥 COILED: Stay away,30,0.0,0.0,0.0,50.0,0,,nan,nan,0.0
FCGXX,Fidelity Colchester Street Trust - Government Portfolio,1,2,4,10,6,3,2,3,30,-10.0,25.0,Poor,🔥 COILED: Stay away,30,0.0,0.0,0.0,50.0,0,,nan,nan,0.0
FCSXX,Fidelity Colchester Street Trust - Treasury Portfolio,1,2,4,10,6,3,2,3,30,-10.0,25.0,Poor,🔥 COILED: Stay away,30,0.0,0.0,0.0,50.0,0,,nan,nan,0.0
FCOXX,Fidelity Colchester Street Trust - Money Market Portfolio,1,2,4,10,6,3,2,3,30,-10.0,25.0,Poor,🔥 COILED: Stay away,30,0.0,0.0,0.0,50.0,0,,nan,nan,0.0
FDCXX,Fidelity Newbury Street Trust - Treasury Fund,1,2,4,10,6,3,2,3,30,-10.0,25.0,Poor,🔥 COILED: Stay away,30,0.0,0.0,0.0,50.0,0,,nan,nan,0.0
FCVXX,Fidelity Colchester Street Trust - Government Portfolio,1,2,4,10,6,3,2,3,30,-10.0,25.0,Poor,🔥 COILED: Stay away,30,0.0,0.0,0.0,50.0,0,,nan,nan,0.0
FCYXX,Goldman Sachs Trust - Investor Tax-Exempt Money Market Fund,1,2,4,10,6,3,2,3,30,-10.0,25.0,Poor,🔥 COILED: Stay away,30,0.0,0.0,0.0,50.0,0,,nan,nan,0.0
FDEXX,Fidelity Newbury Street Trust - Tax-Exempt Fund,1,2,4,10,6,3,2,3,30,-10.0,25.0,Poor,🔥 COILED: Stay away,30,0.0,0.0,0.0,50.0,0,,nan,nan,0.0
FDLXX,Fidelity Hereford Street Trust - Fidelity Treasury Only Money Market Fund,1,2,4,10,6,3,2,3,30,-10.0,25.0,Poor,🔥 COILED: Stay away,30,0.0,0.0,0.0,50.0,0,,nan,nan,0.0
FEAXX,Goldman Sachs Trust - Goldman Sachs Investor Tax-Exempt Money Market Fund,1,2,4,10,6,3,2,3,30,-10.0,25.0,Poor,🔥 COILED: Stay away,30,0.0,0.0,0.0,50.0,0,,nan,nan,0.0
FDUXX,Fidelity Newbury Street Trust - Treasury Fund,1,2,4,10,6,3,2,3,30,-10.0,25.0,Poor,🔥 COILED: Stay away,30,0.0,0.0,0.0,50.0,0,,nan,nan,0.0
FEDXX,Goldman Sachs Trust - Goldman Sachs Financial Square Federal Fund,1,2,4,10,6,3,2,3,30,-10.0,25.0,Poor,🔥 COILED: Stay away,30,0.0,0.0,0.0,50.0,0,,nan,nan,0.0
FERXX,Fidelity Newbury Street Trust - Tax-Exempt Fund,1,2,4,10,6,3,2,3,30,-10.0,25.0,Poor,🔥 COILED: Stay away,30,0.0,0.0,0.0,50.0,0,,nan,nan,0.0
FEIXX,First American Funds Inc. - Retail Prime Obligations Fund,1,2,4,10,6,3,2,3,30,-10.0,25.0,Poor,🔥 COILED: Stay away,30,0.0,0.0,0.0,50.0,0,,nan,nan,0.0
FESXX,Goldman Sachs Trust - Goldman Sachs Investor Tax-Exempt Money Market Fund,1,2,4,10,6,3,2,3,30,-10.0,25.0,Poor,🔥 COILED: Stay away,30,0.0,0.0,0.0,50.0,0,,nan,nan,0.0
FETXX,Fidelity Colchester Street Trust - Tax-Exempt Portfolio,1,2,4,10,6,3,2,3,30,-10.0,25.0,Poor,🔥 COILED: Stay away,30,0.0,0.0,0.0,50.0,0,,nan,nan,0.0
FEXXX,Fidelity Colchester Street Trust - Tax-Exempt Portfolio,1,2,4,10,6,3,2,3,30,-10.0,25.0,Poor,🔥 COILED: Stay away,30,0.0,0.0,0.0,50.0,0,,nan,nan,0.0
FFCXX,First American Funds Inc. - Retail Tax Free Obligations Fund,1,2,4,10,6,3,2,3,30,-10.0,25.0,Poor,🔥 COILED: Stay away,30,0.0,0.0,0.0,50.0,0,,nan,nan,0.0
FFTXX,Money Market Obligations Trust - Federated Institutional Tax-Free Cash Trust,1,2,4,10,6,3,2,3,30,-10.0,25.0,Poor,🔥 COILED: Stay away,30,0.0,0.0,0.0,50.0,0,,nan,nan,0.0
FGEXX,Fidelity Colchester Street Trust - Government Portfolio,1,2,4,10,6,3,2,3,30,-10.0,25.0,Poor,🔥 COILED: Stay away,30,0.0,0.0,0.0,50.0,0,,nan,nan,0.0
FGAXX,Goldman Sachs Trust - Goldman Sachs Financial Square Treasury Obligations Fund,1,2,4,10,6,3,2,3,30,-10.0,25.0,Poor,🔥 COILED: Stay away,30,0.0,0.0,0.0,50.0,0,,nan,nan,0.0
FGDXX,First American Funds Inc. - Government Obligations Fund,1,2,4,10,6,3,2,3,30,-10.0,25.0,Poor,🔥 COILED: Stay away,30,0.0,0.0,0.0,50.0,0,,nan,nan,0.0
FGNXX,Fidelity Salem Street Trust - Government Money Market Fund,1,2,4,10,6,3,2,3,30,-10.0,25.0,Poor,🔥 COILED: Stay away,30,0.0,0.0,0.0,50.0,0,,nan,nan,0.0
FGUXX,First American Funds Inc. - Government Obligations Fund,1,2,4,10,6,3,2,3,30,-10.0,25.0,Poor,🔥 COILED: Stay away,30,0.0,0.0,0.0,50.0,0,,nan,nan,0.0
FGGXX,Goldman Sachs Trust - Goldman Sachs Financial Square Government Fund,1,2,4,10,6,3,2,3,30,-10.0,25.0,Poor,🔥 COILED: Stay away,30,0.0,0.0,0.0,50.0,0,,nan,nan,0.0
FGVXX,First American Funds Inc. - Government Obligations Fund,1,2,4,10,6,3,2,3,30,-10.0,25.0,Poor,🔥 COILED: Stay away,30,0.0,0.0,0.0,50.0,0,,nan,nan,0.0
FGZXX,First American Funds Inc. - Government Obligations Fund,1,2,4,10,6,3,2,3,30,-10.0,25.0,Poor,🔥 COILED: Stay away,30,0.0,0.0,0.0,50.0,0,,nan,nan,0.0
FHMXX,Goldman Sachs Trust - Investor Money Market Fund,1,2,4,10,6,3,2,3,30,-10.0,25.0,Poor,🔥 COILED: Stay away,30,0.0,0.0,0.0,50.0,0,,nan,nan,0.0
FHIXX,First American Funds Inc. - Retail Tax Free Obligations Fund,1,2,4,10,6,3,2,3,30,-10.0,25.0,Poor,🔥 COILED: Stay away,30,0.0,0.0,0.0,50.0,0,,nan,nan,0.0
FHSXX,Goldman Sachs Trust - Investor Money Market Fund,1,2,4,10,6,3,2,3,30,-10.0,25.0,Poor,🔥 COILED: Stay away,30,0.0,0.0,0.0,50.0,0,,nan,nan,0.0
FIKXX,Goldman Sachs Trust - Goldman Sachs Financial Square Federal Fund,1,2,4,10,6,3,2,3,30,-10.0,25.0,Poor,🔥 COILED: Stay away,30,0.0,0.0,0.0,50.0,0,,nan,nan,0.0
FIOXX,Goldman Sachs Trust - Goldman Sachs Financial Square Federal Fund,1,2,4,10,6,3,2,3,30,-10.0,25.0,Poor,🔥 COILED: Stay away,30,0.0,0.0,0.0,50.0,0,,nan,nan,0.0
FIHXX,Goldman Sachs Trust - Goldman Sachs Financial Square Federal Fund,1,2,4,10,6,3,2,3,30,-10.0,25.0,Poor,🔥 COILED: Stay away,30,0.0,0.0,0.0,50.0,0,,nan,nan,0.0
FILXX,Goldman Sachs Trust - Goldman Sachs Financial Square Federal Fund,1,2,4,10,6,3,2,3,30,-10.0,25.0,Poor,🔥 COILED: Stay away,30,0.0,0.0,0.0,50.0,0,,nan,nan,0.0
FIRXX,Goldman Sachs Trust - Goldman Sachs Financial Square Federal Fund,1,2,4,10,6,3,2,3,30,-10.0,25.0,Poor,🔥 COILED: Stay away,30,0.0,0.0,0.0,50.0,0,,nan,nan,0.0
FISXX,Fidelity Colchester Street Trust - Treasury Portfolio,1,2,4,10,6,3,2,3,30,-10.0,25.0,Poor,🔥 COILED: Stay away,30,0.0,0.0,0.0,50.0,0,,nan,nan,0.0
FIWXX,Goldman Sachs Trust - Goldman Sachs Financial Square Federal Fund,1,2,4,10,6,3,2,3,30,-10.0,25.0,Poor,🔥 COILED: Stay away,30,0.0,0.0,0.0,50.0,0,,nan,nan,0.0
FLIXX,First American Funds Inc. - Treasury Obligations Fund,1,2,4,10,6,3,2,3,30,-10.0,25.0,Poor,🔥 COILED: Stay away,30,0.0,0.0,0.0,50.0,0,,nan,nan,0.0
FKIXX,Goldman Sachs Trust - Investor Tax-Exempt Money Market Fund,1,2,4,10,6,3,2,3,30,-10.0,25.0,Poor,🔥 COILED: Stay away,30,0.0,0.0,0.0,50.0,0,,nan,nan,0.0
FLGXX,Fidelity Hereford Street Trust-Flexible Government Money Market Fund,1,2,4,10,6,3,2,3,30,-10.0,25.0,Poor,🔥 COILED: Stay away,30,0.0,0.0,0.0,50.0,0,,nan,nan,0.0
FLPXX,Meeder Funds - Institutional Prime Money Market Fund,1,2,4,10,6,3,2,3,30,-10.0,25.0,Poor,🔥 COILED: Stay away,30,0.0,0.0,0.0,50.0,0,,nan,nan,0.0
FMAXX,Fidelity Massachusetts Municipal Trust - Fidelity Massachusetts AMT Tax-Free Money Market Fund,1,2,4,10,6,3,2,3,30,-10.0,25.0,Poor,🔥 COILED: Stay away,30,0.0,0.0,0.0,50.0,0,,nan,nan,0.0
FMFXX,Franklin U.S. Government Money Fund,1,2,4,10,6,3,2,3,30,-10.0,25.0,Poor,🔥 COILED: Stay away,30,0.0,0.0,0.0,50.0,0,,nan,nan,0.0
FMEXX,Goldman Sachs Trust - Investor Money Market Fund,1,2,4,10,6,3,2,3,30,-10.0,25.0,Poor,🔥 COILED: Stay away,30,0.0,0.0,0.0,50.0,0,,nan,nan,0.0
FMGXX,Goldman Sachs Trust - Investor Money Market Fund,1,2,4,10,6,3,2,3,30,-10.0,25.0,Poor,🔥 COILED: Stay away,30,0.0,0.0,0.0,50.0,0,,nan,nan,0.0
FMKXX,Goldman Sachs Trust - Investor Money Market Fund,1,2,4,10,6,3,2,3,30,-10.0,25.0,Poor,🔥 COILED: Stay away,30,0.0,0.0,0.0,50.0,0,,nan,nan,0.0
FMOXX,Fidelity Newbury Street Trust - Tax-Exempt Fund,1,2,4,10,6,3,2,3,30,-10.0,25.0,Poor,🔥 COILED: Stay away,30,0.0,0.0,0.0,50.0,0,,nan,nan,0.0
FMPXX,Fidelity Colchester Street Trust - Money Market Portfolio,1,2,4,10,6,3,2,3,30,-10.0,25.0,Poor,🔥 COILED: Stay away,30,0.0,0.0,0.0,50.0,0,,nan,nan,0.0
FMSXX,Fidelity Massachusetts Municipal Trust - Fidelity Massachusetts AMT Tax-Free Money Market Fund,1,2,4,10,6,3,2,3,30,-10.0,25.0,Poor,🔥 COILED: Stay away,30,0.0,0.0,0.0,50.0,0,,nan,nan,0.0
FMQXX,Fidelity Salem Street Trust - Fidelity SAI Municipal Money Market Fund,1,2,4,10,6,3,2,3,30,-10.0,25.0,Poor,🔥 COILED: Stay away,30,0.0,0.0,0.0,50.0,0,,nan,nan,0.0
FMYXX,Fidelity Colchester Street Trust - Money Market Portfolio,1,2,4,10,6,3,2,3,30,-10.0,25.0,Poor,🔥 COILED: Stay away,30,0.0,0.0,0.0,50.0,0,,nan,nan,0.0
FNBXX,Fidelity Hereford Street Trust - Fidelity Government Money Market Fund,1,2,4,10,6,3,2,3,30,-10.0,25.0,Poor,🔥 COILED: Stay away,30,0.0,0.0,0.0,50.0,0,,nan,nan,0.0
FNCXX,Money Market Obligations Trust - Federated New York Municipal Cash Trust,1,2,4,10,6,3,2,3,30,-10.0,25.0,Poor,🔥 COILED: Stay away,30,0.0,0.0,0.0,50.0,0,,nan,nan,0.0
FNDXX,Federated Private Liquidity Funds-Prime Private Liquidity Fund,1,2,4,10,6,3,2,3,30,-10.0,25.0,Poor,🔥 COILED: Stay away,30,0.0,0.0,0.0,50.0,0,,nan,nan,0.0
FNKXX,Fidelity New York Municipal Trust II - Fidelity New York AMT Tax-Free Money Market Fund,1,2,4,10,6,3,2,3,30,-10.0,25.0,Poor,🔥 COILED: Stay away,30,0.0,0.0,0.0,50.0,0,,nan,nan,0.0
FOAXX,Goldman Sachs Trust - Goldman Sachs Financial Square Government Fund,1,2,4,10,6,3,2,3,30,-10.0,25.0,Poor,🔥 COILED: Stay away,30,0.0,0.0,0.0,50.0,0,,nan,nan,0.0
FNTXX,Money Market Obligations Trust - Federated New York Municipal Cash Trust,1,2,4,10,6,3,2,3,30,-10.0,25.0,Poor,🔥 COILED: Stay away,30,0.0,0.0,0.0,50.0,0,,nan,nan,0.0
FOCXX,First American Funds Inc. - Treasury Obligations Fund,1,2,4,10,6,3,2,3,30,-10.0,25.0,Poor,🔥 COILED: Stay away,30,0.0,0.0,0.0,50.0,0,,nan,nan,0.0
FODXX,First American Funds Inc. - U.S. Treasury Money Market Fund,1,2,4,10,6,3,2,3,30,-10.0,25.0,Poor,🔥 COILED: Stay away,30,0.0,0.0,0.0,50.0,0,,nan,nan,0.0
FOEXX,First American Funds Inc. - U.S. Treasury Money Market Fund,1,2,4,10,6,3,2,3,30,-10.0,25.0,Poor,🔥 COILED: Stay away,30,0.0,0.0,0.0,50.0,0,,nan,nan,0.0
FOIXX,Fidelity Colchester Street Trust - Treasury Only Portfolio,1,2,4,10,6,3,2,3,30,-10.0,25.0,Poor,🔥 COILED: Stay away,30,0.0,0.0,0.0,50.0,0,,nan,nan,0.0
FOPXX,Fidelity Colchester Street Trust - Treasury Only Portfolio,1,2,4,10,6,3,2,3,30,-10.0,25.0,Poor,🔥 COILED: Stay away,30,0.0,0.0,0.0,50.0,0,,nan,nan,0.0
FOSXX,Goldman Sachs Trust - Goldman Sachs Financial Square Government Fund,1,2,4,10,6,3,2,3,30,-10.0,25.0,Poor,🔥 COILED: Stay away,30,0.0,0.0,0.0,50.0,0,,nan,nan,0.0
FOYXX,First American Funds Inc. - U.S. Treasury Money Market Fund,1,2,4,10,6,3,2,3,30,-10.0,25.0,Poor,🔥 COILED: Stay away,30,0.0,0.0,0.0,50.0,0,,nan,nan,0.0
FOXXX,Fidelity Colchester Street Trust - Treasury Only Portfolio,1,2,4,10,6,3,2,3,30,-10.0,25.0,Poor,🔥 COILED: Stay away,30,0.0,0.0,0.0,50.0,0,,nan,nan,0.0
FPIXX,First American Funds Inc. - First American Institutional Prime Obligations Fund,1.0,5,3,10,6,3,2,3,32,-10.0,25.0,Poor,Stay away,31,0.0,0.0,-0.0,0.0,0,,nan,nan,0.0
FPPXX,First American Funds Inc. - Government Obligations Fund,1,2,4,10,6,3,2,3,30,-10.0,25.0,Poor,🔥 COILED: Stay away,30,0.0,0.0,0.0,50.0,0,,nan,nan,0.0
FPUXX,First American Funds Inc. - Retail Prime Obligations Fund,1,2,4,10,6,3,2,3,30,-10.0,25.0,Poor,🔥 COILED: Stay away,30,0.0,0.0,0.0,50.0,0,,nan,nan,0.0
FOZXX,First American Funds Inc. - U.S. Treasury Money Market Fund,1,2,4,10,6,3,2,3,30,-10.0,25.0,Poor,🔥 COILED: Stay away,30,0.0,0.0,0.0,50.0,0,,nan,nan,0.0
FRBXX,Fidelity Colchester Street Trust - Treasury Portfolio,1,2,4,10,6,3,2,3,30,-10.0,25.0,Poor,🔥 COILED: Stay away,30,0.0,0.0,0.0,50.0,0,,nan,nan,0.0
FRFXX,Money Market Obligations Trust - Federated Hermes Capital Reserve Fund,1,2,4,10,6,3,2,3,30,-10.0,25.0,Poor,🔥 COILED: Stay away,30,0.0,0.0,0.0,50.0,0,,nan,nan,0.0
FRRXX,Franklin U.S. Government Money Fund,1,2,4,10,6,3,2,3,30,-10.0,25.0,Poor,🔥 COILED: Stay away,30,0.0,0.0,0.0,50.0,0,,nan,nan,0.0
FRQXX,Franklin U.S. Government Money Fund,1,2,4,10,6,3,2,3,30,-10.0,25.0,Poor,🔥 COILED: Stay away,30,0.0,0.0,0.0,50.0,0,,nan,nan,0.0
FRSXX,Fidelity Colchester Street Trust - Treasury Only Portfolio,1,2,4,10,6,3,2,3,30,-10.0,25.0,Poor,🔥 COILED: Stay away,30,0.0,0.0,0.0,50.0,0,,nan,nan,0.0
FSKXX,Fidelity Court Street Trust II - Fidelity New Jersey AMT Tax-Free Money Market Fund,1,2,4,10,6,3,2,3,30,-10.0,25.0,Poor,🔥 COILED: Stay away,30,0.0,0.0,0.0,50.0,0,,nan,nan,0.0
FSBXX,Fidelity California Municipal Trust II - Fidelity California AMT Tax-Free Money Market Fund,1,2,4,10,6,3,2,3,30,-10.0,25.0,Poor,🔥 COILED: Stay away,30,0.0,0.0,0.0,50.0,0,,nan,nan,0.0
FSJXX,Fidelity Court Street Trust II - Fidelity New Jersey AMT Tax-Free Money Market Fund,1,2,4,10,6,3,2,3,30,-10.0,25.0,Poor,🔥 COILED: Stay away,30,0.0,0.0,0.0,50.0,0,,nan,nan,0.0
FSGXX,Goldman Sachs Trust - Goldman Sachs Financial Square Government Fund,1,2,4,10,6,3,2,3,30,-10.0,25.0,Poor,🔥 COILED: Stay away,30,0.0,0.0,0.0,50.0,0,,nan,nan,0.0
FSNXX,Fidelity New York Municipal Trust II - Fidelity New York AMT Tax-Free Money Market Fund,1,2,4,10,6,3,2,3,30,-10.0,25.0,Poor,🔥 COILED: Stay away,30,0.0,0.0,0.0,50.0,0,,nan,nan,0.0
FSPXX,Fidelity California Municipal Trust II - Fidelity California AMT Tax-Free Money Market Fund,1,2,4,10,6,3,2,3,30,-10.0,25.0,Poor,🔥 COILED: Stay away,30,0.0,0.0,0.0,50.0,0,,nan,nan,0.0
FSOXX,Goldman Sachs Trust - Goldman Sachs Financial Square Government Fund,1,2,4,10,6,3,2,3,30,-10.0,25.0,Poor,🔥 COILED: Stay away,30,0.0,0.0,0.0,50.0,0,,nan,nan,0.0
FSXXX,Fidelity Colchester Street Trust - Tax-Exempt Portfolio,1,2,4,10,6,3,2,3,30,-10.0,25.0,Poor,🔥 COILED: Stay away,30,0.0,0.0,0.0,50.0,0,,nan,nan,0.0
FSRXX,Fidelity Newbury Street Trust - Treasury Fund,1,2,4,10,6,3,2,3,30,-10.0,25.0,Poor,🔥 COILED: Stay away,30,0.0,0.0,0.0,50.0,0,,nan,nan,0.0
FTAXX,First American Funds Inc. - Retail Tax Free Obligations Fund,1,2,4,10,6,3,2,3,30,-10.0,25.0,Poor,🔥 COILED: Stay away,30,0.0,0.0,0.0,50.0,0,,nan,nan,0.0
FTCXX,Fidelity Colchester Street Trust - Tax-Exempt Portfolio,1,2,4,10,6,3,2,3,30,-10.0,25.0,Poor,🔥 COILED: Stay away,30,0.0,0.0,0.0,50.0,0,,nan,nan,0.0
FTFXX,Money Market Obligations Trust - Federated Institutional Tax-Free Cash Trust,1,2,4,10,6,3,2,3,30,-10.0,25.0,Poor,🔥 COILED: Stay away,30,0.0,0.0,0.0,50.0,0,,nan,nan,0.0
FTDXX,First American Funds Inc. - Treasury Obligations Fund,1,2,4,10,6,3,2,3,30,-10.0,25.0,Poor,🔥 COILED: Stay away,30,0.0,0.0,0.0,50.0,0,,nan,nan,0.0
FTGXX,First American Funds Inc. - Government Obligations Fund,1,2,4,10,6,3,2,3,30,-10.0,25.0,Poor,🔥 COILED: Stay away,30,0.0,0.0,0.0,50.0,0,,nan,nan,0.0
FTJXX,First American Funds Inc. - Retail Tax Free Obligations Fund,1,2,4,10,6,3,2,3,30,-10.0,25.0,Poor,🔥 COILED: Stay away,30,0.0,0.0,0.0,50.0,0,,nan,nan,0.0
FTKXX,First American Funds Inc. - U.S. Treasury Money Market Fund,1,2,4,10,6,3,2,3,30,-10.0,25.0,Poor,🔥 COILED: Stay away,30,0.0,0.0,0.0,50.0,0,,nan,nan,0.0
FTQXX,Franklin U.S. Government Money Fund,1,2,4,10,6,3,2,3,30,-10.0,25.0,Poor,🔥 COILED: Stay away,30,0.0,0.0,0.0,50.0,0,,nan,nan,0.0
FTOXX,Goldman Sachs Trust - Goldman Sachs Financial Square Treasury Obligations Fund,1,2,4,10,6,3,2,3,30,-10.0,25.0,Poor,🔥 COILED: Stay away,30,0.0,0.0,0.0,50.0,0,,nan,nan,0.0
FTTXX,Fifth Third Funds - Fifth Third US Treasury Money Market Fund,1,2,4,10,6,3,2,3,30,-10.0,25.0,Poor,🔥 COILED: Stay away,30,0.0,0.0,0.0,50.0,0,,nan,nan,0.0
FTUXX,Fidelity Colchester Street Trust - Treasury Portfolio,1,2,4,10,6,3,2,3,30,-10.0,25.0,Poor,🔥 COILED: Stay away,30,0.0,0.0,0.0,50.0,0,,nan,nan,0.0
FTXXX,Goldman Sachs Trust - Goldman Sachs Investor Tax-Exempt Money Market Fund,1,2,4,10,6,3,2,3,30,-10.0,25.0,Poor,🔥 COILED: Stay away,30,0.0,0.0,0.0,50.0,0,,nan,nan,0.0
FTVXX,Fidelity Colchester Street Trust - Treasury Portfolio,1,2,4,10,6,3,2,3,30,-10.0,25.0,Poor,🔥 COILED: Stay away,30,0.0,0.0,0.0,50.0,0,,nan,nan,0.0
FTYXX,Fidelity Colchester Street Trust - Treasury Only Portfolio,1,2,4,10,6,3,2,3,30,-10.0,25.0,Poor,🔥 COILED: Stay away,30,0.0,0.0,0.0,50.0,0,,nan,nan,0.0
FUGXX,Invesco Treasurers Series Trust - Invesco Premier U.S. Government Money Portfolio,1,2,4,10,6,3,2,3,30,-10.0,25.0,Poor,🔥 COILED: Stay away,30,0.0,0.0,0.0,50.0,0,,nan,nan,0.0
FUIXX,First American Funds Inc. - U.S. Treasury Money Market Fund,1,2,4,10,6,3,2,3,30,-10.0,25.0,Poor,🔥 COILED: Stay away,30,0.0,0.0,0.0,50.0,0,,nan,nan,0.0
FTZXX,First American Funds Inc. - Retail Tax Free Obligations Fund,1,2,4,10,6,3,2,3,30,-10.0,25.0,Poor,🔥 COILED: Stay away,30,0.0,0.0,0.0,50.0,0,,nan,nan,0.0
FUPXX,First American Funds Inc. - Treasury Obligations Fund,1,2,4,10,6,3,2,3,30,-10.0,25.0,Poor,🔥 COILED: Stay away,30,0.0,0.0,0.0,50.0,0,,nan,nan,0.0
FUZXX,First American Funds Inc. - Treasury Obligations Fund,1,2,4,10,6,3,2,3,30,-10.0,25.0,Poor,🔥 COILED: Stay away,30,0.0,0.0,0.0,50.0,0,,nan,nan,0.0
FVAXX,Goldman Sachs Trust - Goldman Sachs Financial Square Federal Fund,1,2,4,10,6,3,2,3,30,-10.0,25.0,Poor,🔥 COILED: Stay away,30,0.0,0.0,0.0,50.0,0,,nan,nan,0.0
FVIXX,First American Funds Inc. - Government Obligations Fund,1,2,4,10,6,3,2,3,30,-10.0,25.0,Poor,🔥 COILED: Stay away,30,0.0,0.0,0.0,50.0,0,,nan,nan,0.0
FVSXX,Goldman Sachs Trust - Goldman Sachs Financial Square Federal Fund,1,2,4,10,6,3,2,3,30,-10.0,25.0,Poor,🔥 COILED: Stay away,30,0.0,0.0,0.0,50.0,0,,nan,nan,0.0
FYAXX,Goldman Sachs Trust - Goldman Sachs Financial Square Treasury Obligations Fund,1,2,4,10,6,3,2,3,30,-10.0,25.0,Poor,🔥 COILED: Stay away,30,0.0,0.0,0.0,50.0,0,,nan,nan,0.0
FXRXX,First American Funds Inc. - U.S. Treasury Money Market Fund,1,2,4,10,6,3,2,3,30,-10.0,25.0,Poor,🔥 COILED: Stay away,30,0.0,0.0,0.0,50.0,0,,nan,nan,0.0
FYRXX,First American Funds Inc. - Retail Prime Obligations Fund,1,2,4,10,6,3,2,3,30,-10.0,25.0,Poor,🔥 COILED: Stay away,30,0.0,0.0,0.0,50.0,0,,nan,nan,0.0
FYSXX,Goldman Sachs Trust - Goldman Sachs Financial Square Treasury Instruments Fund,1,2,4,10,6,3,2,3,30,-10.0,25.0,Poor,🔥 COILED: Stay away,30,0.0,0.0,0.0,50.0,0,,nan,nan,0.0
FZAXX,Fidelity Hereford Street Trust - Fidelity Government Money Market Fund,1,2,4,10,6,3,2,3,30,-10.0,25.0,Poor,🔥 COILED: Stay away,30,0.0,0.0,0.0,50.0,0,,nan,nan,0.0
FZEXX,Fidelity Newbury Street Trust - Tax-Exempt Fund,1,2,4,10,6,3,2,3,30,-10.0,25.0,Poor,🔥 COILED: Stay away,30,0.0,0.0,0.0,50.0,0,,nan,nan,0.0
FZFXX,Fidelity Newbury Street Trust - Treasury Fund,1,2,4,10,6,3,2,3,30,-10.0,25.0,Poor,🔥 COILED: Stay away,30,0.0,0.0,0.0,50.0,0,,nan,nan,0.0
FZBXX,Fidelity Hereford Street Trust - Fidelity Government Money Market Fund,1,2,4,10,6,3,2,3,30,-10.0,25.0,Poor,🔥 COILED: Stay away,30,0.0,0.0,0.0,50.0,0,,nan,nan,0.0
FZGXX,Fidelity Hereford Street Trust - Fidelity Government Money Market Fund,1,2,4,10,6,3,2,3,30,-10.0,25.0,Poor,🔥 COILED: Stay away,30,0.0,0.0,0.0,50.0,0,,nan,nan,0.0
FZRXX,First American Funds Inc. - Retail Prime Obligations Fund,1,2,4,10,6,3,2,3,30,-10.0,25.0,Poor,🔥 COILED: Stay away,30,0.0,0.0,0.0,50.0,0,,nan,nan,0.0
GABXX,The Gabelli Money Market Funds - The Gabelli U.S. Treasury Money Market Fund,1,2,4,10,6,3,2,3,30,-10.0,25.0,Poor,🔥 COILED: Stay away,30,0.0,0.0,0.0,50.0,0,,nan,nan,0.0
GBAXX,The Gabelli Money Market Funds - The Gabelli U.S. Treasury Money Market Fund,1,2,4,10,6,3,2,3,30,-10.0,25.0,Poor,🔥 COILED: Stay away,30,0.0,0.0,0.0,50.0,0,,nan,nan,0.0
GBCXX,The Gabelli Money Market Funds - The Gabelli U.S. Treasury Money Market Fund,1,2,4,10,6,3,2,3,30,-10.0,25.0,Poor,🔥 COILED: Stay away,30,0.0,0.0,0.0,50.0,0,,nan,nan,0.0
GCFXX,Goldman Sachs Trust - Goldman Sachs Financial Square Federal Fund,1,2,4,10,6,3,2,3,30,-10.0,25.0,Poor,🔥 COILED: Stay away,30,0.0,0.0,0.0,50.0,0,,nan,nan,0.0
GCGXX,Goldman Sachs Trust - Goldman Sachs Financial Square Government Fund,1,2,4,10,6,3,2,3,30,-10.0,25.0,Poor,🔥 COILED: Stay away,30,0.0,0.0,0.0,50.0,0,,nan,nan,0.0
GCIXX,Goldman Sachs Trust - Goldman Sachs Financial Square Treasury Instruments Fund,1,2,4,10,6,3,2,3,30,-10.0,25.0,Poor,🔥 COILED: Stay away,30,0.0,0.0,0.0,50.0,0,,nan,nan,0.0
GFCXX,Goldman Sachs Trust - Goldman Sachs Financial Square Federal Fund,1,2,4,10,6,3,2,3,30,-10.0,25.0,Poor,🔥 COILED: Stay away,30,0.0,0.0,0.0,50.0,0,,nan,nan,0.0
GFPXX,Goldman Sachs Trust - Goldman Sachs Financial Square Federal Fund,1,2,4,10,6,3,2,3,30,-10.0,25.0,Poor,🔥 COILED: Stay away,30,0.0,0.0,0.0,50.0,0,,nan,nan,0.0
GCTXX,Goldman Sachs Trust - Goldman Sachs Financial Square Treasury Obligations Fund,1,2,4,10,6,3,2,3,30,-10.0,25.0,Poor,🔥 COILED: Stay away,30,0.0,0.0,0.0,50.0,0,,nan,nan,0.0
GFAXX,SEI Daily Income Trust - Government Fund,1,2,4,10,6,3,2,3,30,-10.0,25.0,Poor,🔥 COILED: Stay away,30,0.0,0.0,0.0,50.0,0,,nan,nan,0.0
GGPXX,Goldman Sachs Trust - Goldman Sachs Financial Square Government Fund,1,2,4,10,6,3,2,3,30,-10.0,25.0,Poor,🔥 COILED: Stay away,30,0.0,0.0,0.0,50.0,0,,nan,nan,0.0
GIPXX,Goldman Sachs Trust - Goldman Sachs Financial Square Treasury Instruments Fund,1,2,4,10,6,3,2,3,30,-10.0,25.0,Poor,🔥 COILED: Stay away,30,0.0,0.0,0.0,50.0,0,,nan,nan,0.0
GICXX,Goldman Sachs Trust - Goldman Sachs Financial Square Treasury Instruments Fund,1,2,4,10,6,3,2,3,30,-10.0,25.0,Poor,🔥 COILED: Stay away,30,0.0,0.0,0.0,50.0,0,,nan,nan,0.0
GMBXX,General Money Market Fund Inc.,1,2,4,10,6,3,2,3,30,-10.0,25.0,Poor,🔥 COILED: Stay away,30,0.0,0.0,0.0,50.0,0,,nan,nan,0.0
GMGXX,General Money Market Fund Inc.,1,2,4,10,6,3,2,3,30,-10.0,25.0,Poor,🔥 COILED: Stay away,30,0.0,0.0,0.0,50.0,0,,nan,nan,0.0
GMCXX,AIM Investment Secs Fds (Invesco Invt Secs Fds) - Invesco U.S. Government Money Portfolio,1,2,4,10,6,3,2,3,30,-10.0,25.0,Poor,🔥 COILED: Stay away,30,0.0,0.0,0.0,50.0,0,,nan,nan,0.0
GMLXX,AIM Investment Secs Fds (Invesco Invt Secs Fds) - Invesco U.S. Government Money Portfolio,1,2,4,10,6,3,2,3,30,-10.0,25.0,Poor,🔥 COILED: Stay away,30,0.0,0.0,0.0,50.0,0,,nan,nan,0.0
GMIXX,Nationwide Mutual Funds - Nationwide Money Market Fund,1,2,4,10,6,3,2,3,30,-10.0,25.0,Poor,🔥 COILED: Stay away,30,0.0,0.0,0.0,50.0,0,,nan,nan,0.0
GMMXX,General Money Market Fund Inc.,1,2,4,10,6,3,2,3,30,-10.0,25.0,Poor,🔥 COILED: Stay away,30,0.0,0.0,0.0,50.0,0,,nan,nan,0.0
GMOXX,AB Fixed-Income Shares Inc. - AB Government Money Market Portfolio,1,2,4,10,6,3,2,3,30,-10.0,25.0,Poor,🔥 COILED: Stay away,30,0.0,0.0,0.0,50.0,0,,nan,nan,0.0
GMRXX,AIM Investment Secs Fds (Invesco Invt Secs Fds) - Invesco U.S. Government Money Portfolio,1,2,4,10,6,3,2,3,30,-10.0,25.0,Poor,🔥 COILED: Stay away,30,0.0,0.0,0.0,50.0,0,,nan,nan,0.0
GMQXX,AIM Investment Secs Fds (Invesco Invt Secs Fds) - Invesco U.S. Government Money Portfolio,1,2,4,10,6,3,2,3,30,-10.0,25.0,Poor,🔥 COILED: Stay away,30,0.0,0.0,0.0,50.0,0,,nan,nan,0.0
GMZXX,GuideStone Funds - Money Market Fund,1,2,4,10,6,3,2,3,30,-10.0,25.0,Poor,🔥 COILED: Stay away,30,0.0,0.0,0.0,50.0,0,,nan,nan,0.0
GMYXX,GuideStone Funds - Money Market Fund,1,2,4,10,6,3,2,3,30,-10.0,25.0,Poor,🔥 COILED: Stay away,30,0.0,0.0,0.0,50.0,0,,nan,nan,0.0
GOAXX,Money Market Obligations Trust - Federated Hermes Government Obligations Tax-Managed Fund,1,2,4,10,6,3,2,3,30,-10.0,25.0,Poor,🔥 COILED: Stay away,30,0.0,0.0,0.0,50.0,0,,nan,nan,0.0
GOIXX,Federated Hermes Govt Obl IS,1,2,4,10,6,3,2,3,30,-10.0,25.0,Poor,🔥 COILED: Stay away,30,0.0,0.0,0.0,50.0,0,,nan,nan,0.0
GOFXX,Money Market Obligations Trust - Federated Government Obligations Fund,1,2,4,10,6,3,2,3,30,-10.0,25.0,Poor,🔥 COILED: Stay away,30,0.0,0.0,0.0,50.0,0,,nan,nan,0.0
GOTXX,Money Market Obligations Trust - Federated Hermes Government Obligations Tax-Managed Fund,1,2,4,10,6,3,2,3,30,-10.0,25.0,Poor,🔥 COILED: Stay away,30,0.0,0.0,0.0,50.0,0,,nan,nan,0.0
GOVXX,Money Market Obligations Trust - Federated Government Obligations Fund,1,2,4,10,6,3,2,3,30,-10.0,25.0,Poor,🔥 COILED: Stay away,30,0.0,0.0,0.0,50.0,0,,nan,nan,0.0
GPFXX,Goldman Sachs Trust - Goldman Sachs Financial Square Federal Fund,1,2,4,10,6,3,2,3,30,-10.0,25.0,Poor,🔥 COILED: Stay away,30,0.0,0.0,0.0,50.0,0,,nan,nan,0.0
GPIXX,Goldman Sachs Trust - Goldman Sachs Financial Square Treasury Instruments Fund,1,2,4,10,6,3,2,3,30,-10.0,25.0,Poor,🔥 COILED: Stay away,30,0.0,0.0,0.0,50.0,0,,nan,nan,0.0
GPOXX,Goldman Sachs Trust - Goldman Sachs Financial Square Treasury Obligations Fund,1,2,4,10,6,3,2,3,30,-10.0,25.0,Poor,🔥 COILED: Stay away,30,0.0,0.0,0.0,50.0,0,,nan,nan,0.0
GPTXX,Goldman Sachs Trust - Goldman Sachs Investor Tax-Exempt Money Market Fund,1,2,4,10,6,3,2,3,30,-10.0,25.0,Poor,🔥 COILED: Stay away,30,0.0,0.0,0.0,50.0,0,,nan,nan,0.0
GPGXX,Goldman Sachs Trust - Goldman Sachs Financial Square Government Fund,1,2,4,10,6,3,2,3,30,-10.0,25.0,Poor,🔥 COILED: Stay away,30,0.0,0.0,0.0,50.0,0,,nan,nan,0.0
GPVXX,Short-Term Investment Trust - Invesco Government & Agency Portfolio,1,2,4,10,6,3,2,3,30,-10.0,25.0,Poor,🔥 COILED: Stay away,30,0.0,0.0,0.0,50.0,0,,nan,nan,0.0
GRAXX,Money Market Obligations Trust - Federated Hermes Government Reserves Fund,1,2,4,10,6,3,2,3,30,-10.0,25.0,Poor,🔥 COILED: Stay away,30,0.0,0.0,0.0,50.0,0,,nan,nan,0.0
GRCXX,Money Market Obligations Trust - Federated Hermes Government Reserves Fund,1,2,4,10,6,3,2,3,30,-10.0,25.0,Poor,🔥 COILED: Stay away,30,0.0,0.0,0.0,50.0,0,,nan,nan,0.0
GRFXX,Money Market Obligations Trust - Federated Hermes Government Reserves Fund,1,2,4,10,6,3,2,3,30,-10.0,25.0,Poor,🔥 COILED: Stay away,30,0.0,0.0,0.0,50.0,0,,nan,nan,0.0
GRGXX,Money Market Obligations Trust - Federated Hermes Government Reserves Fund,1,2,4,10,6,3,2,3,30,-10.0,25.0,Poor,🔥 COILED: Stay away,30,0.0,0.0,0.0,50.0,0,,nan,nan,0.0
GSFXX,Goldman Sachs Trust - Goldman Sachs Financial Square Federal Fund,1,2,4,10,6,3,2,3,30,-10.0,25.0,Poor,🔥 COILED: Stay away,30,0.0,0.0,0.0,50.0,0,,nan,nan,0.0
GSGXX,Goldman Sachs Trust - Goldman Sachs Financial Square Government Fund,1,2,4,10,6,3,2,3,30,-10.0,25.0,Poor,🔥 COILED: Stay away,30,0.0,0.0,0.0,50.0,0,,nan,nan,0.0
GSIXX,Goldman Sachs Trust - Goldman Sachs Financial Square Treasury Instruments Fund,1,2,4,10,6,3,2,3,30,-10.0,25.0,Poor,🔥 COILED: Stay away,30,0.0,0.0,0.0,50.0,0,,nan,nan,0.0
GSOXX,Goldman Sachs Trust - Goldman Sachs Financial Square Treasury Obligations Fund,1,2,4,10,6,3,2,3,30,-10.0,25.0,Poor,🔥 COILED: Stay away,30,0.0,0.0,0.0,50.0,0,,nan,nan,0.0
GTOXX,Goldman Sachs Trust - Goldman Sachs Financial Square Treasury Obligations Fund,1,2,4,10,6,3,2,3,30,-10.0,25.0,Poor,🔥 COILED: Stay away,30,0.0,0.0,0.0,50.0,0,,nan,nan,0.0
GTPXX,Goldman Sachs Trust - Goldman Sachs Financial Square Treasury Obligations Fund,1,2,4,10,6,3,2,3,30,-10.0,25.0,Poor,🔥 COILED: Stay away,30,0.0,0.0,0.0,50.0,0,,nan,nan,0.0
GTRXX,Goldman Sachs Trust - Goldman Sachs Financial Square Treasury Obligations Fund,1,2,4,10,6,3,2,3,30,-10.0,25.0,Poor,🔥 COILED: Stay away,30,0.0,0.0,0.0,50.0,0,,nan,nan,0.0
GTSXX,Money Market Obligations Trust - Federated Hermes Government Obligations Tax-Managed Fund,1,2,4,10,6,3,2,3,30,-10.0,25.0,Poor,🔥 COILED: Stay away,30,0.0,0.0,0.0,50.0,0,,nan,nan,0.0
GVCXX,Goldman Sachs Trust - Goldman Sachs Financial Square Government Fund,1,2,4,10,6,3,2,3,30,-10.0,25.0,Poor,🔥 COILED: Stay away,30,0.0,0.0,0.0,50.0,0,,nan,nan,0.0
GVIXX,Allspring Funds Trust - Allspring Government Money Market Fund,1,2,4,10,6,3,2,3,30,-10.0,25.0,Poor,🔥 COILED: Stay away,30,0.0,0.0,0.0,50.0,0,,nan,nan,0.0
GVRXX,Goldman Sachs Trust - Goldman Sachs Financial Square Government Fund,1,2,4,10,6,3,2,3,30,-10.0,25.0,Poor,🔥 COILED: Stay away,30,0.0,0.0,0.0,50.0,0,,nan,nan,0.0
GVSXX,State Street Insti U.S. Government Money Market Fd Service Class,1,2,4,10,6,3,2,3,30,-10.0,25.0,Poor,🔥 COILED: Stay away,30,0.0,0.0,0.0,50.0,0,,nan,nan,0.0
HBIXX,HSBC Funds - HSBC U.S. Treasury Money Market Fund,1,2,4,10,6,3,2,3,30,-10.0,25.0,Poor,🔥 COILED: Stay away,30,0.0,0.0,0.0,50.0,0,,nan,nan,0.0
GVVXX,State Street Master Funds - State Street U.S. Government Money Market Portfolio,1,2,4,10,6,3,2,3,30,-10.0,25.0,Poor,🔥 COILED: Stay away,30,0.0,0.0,0.0,50.0,0,,nan,nan,0.0
HDIXX,Homestead Funds Inc. - Daily Income Fund,1,2,4,10,6,3,2,3,30,-10.0,25.0,Poor,🔥 COILED: Stay away,30,0.0,0.0,0.0,50.0,0,,nan,nan,0.0
HGFXX,HSBC Funds - HSBC U.S. Government Money Market Fund,1,2,4,10,6,3,2,3,30,-10.0,25.0,Poor,🔥 COILED: Stay away,30,0.0,0.0,0.0,50.0,0,,nan,nan,0.0
HGDXX,HSBC Funds - HSBC U.S. Government Money Market Fund,1,2,4,10,6,3,2,3,30,-10.0,25.0,Poor,🔥 COILED: Stay away,30,0.0,0.0,0.0,50.0,0,,nan,nan,0.0
HGGXX,HSBC Funds - HSBC U.S. Government Money Market Fund,1,2,4,10,6,3,2,3,30,-10.0,25.0,Poor,🔥 COILED: Stay away,30,0.0,0.0,0.0,50.0,0,,nan,nan,0.0
HGIXX,HSBC Funds - HSBC U.S. Government Money Market Fund,1,2,4,10,6,3,2,3,30,-10.0,25.0,Poor,🔥 COILED: Stay away,30,0.0,0.0,0.0,50.0,0,,nan,nan,0.0
HTDXX,HSBC Funds - HSBC U.S. Treasury Money Market Fund,1,2,4,10,6,3,2,3,30,-10.0,25.0,Poor,🔥 COILED: Stay away,30,0.0,0.0,0.0,50.0,0,,nan,nan,0.0
HTFXX,HSBC Funds - HSBC U.S. Treasury Money Market Fund,1,2,4,10,6,3,2,3,30,-10.0,25.0,Poor,🔥 COILED: Stay away,30,0.0,0.0,0.0,50.0,0,,nan,nan,0.0
HTGXX,HSBC Funds - HSBC U.S. Treasury Money Market Fund,1,2,4,10,6,3,2,3,30,-10.0,25.0,Poor,🔥 COILED: Stay away,30,0.0,0.0,0.0,50.0,0,,nan,nan,0.0
HTYXX,HSBC Funds - HSBC U.S. Treasury Money Market Fund,1,2,4,10,6,3,2,3,30,-10.0,25.0,Poor,🔥 COILED: Stay away,30,0.0,0.0,0.0,50.0,0,,nan,nan,0.0
ICAXX,DWS Government Money Market Series - Institutional,1,2,4,10,6,3,2,3,30,-10.0,25.0,Poor,🔥 COILED: Stay away,30,0.0,0.0,0.0,50.0,0,,nan,nan,0.0
IATXX,Transamerica Funds - Transamerica Government Money Market,1,2,4,10,6,3,2,3,30,-10.0,25.0,Poor,🔥 COILED: Stay away,30,0.0,0.0,0.0,50.0,0,,nan,nan,0.0
IMLXX,Transamerica Funds - Transamerica Government Money Market,1,2,4,10,6,3,2,3,30,-10.0,25.0,Poor,🔥 COILED: Stay away,30,0.0,0.0,0.0,50.0,0,,nan,nan,0.0
ICTXX,Investors Cash Trust - DWS Treasury Portfolio,1,2,4,10,6,3,2,3,30,-10.0,25.0,Poor,🔥 COILED: Stay away,30,0.0,0.0,0.0,50.0,0,,nan,nan,0.0
IMRXX,AIM Treasurer's Series Trust (Invesco Treasurer's Series Trust) - Invesco Premier Portfolio,1,2,4,10,6,3,2,3,30,-10.0,25.0,Poor,🔥 COILED: Stay away,30,0.0,0.0,0.0,50.0,0,,nan,nan,0.0
INGXX,Legg Mason Partners Institutional Trust - Western Asset Institutional Government Reserves,1,2,4,10,6,3,2,3,30,-10.0,25.0,Poor,🔥 COILED: Stay away,30,0.0,0.0,0.0,50.0,0,,nan,nan,0.0
INAXX,AIM Investment Securities Funds (Invesco Investment Securities Funds) - Government Money Market Fund,1,2,4,10,6,3,2,3,30,-10.0,25.0,Poor,🔥 COILED: Stay away,30,0.0,0.0,0.0,50.0,0,,nan,nan,0.0
INVXX,AIM Investment Securities Funds (Invesco Investment Securities Funds) - Government Money Market Fund,1,2,4,10,6,3,2,3,30,-10.0,25.0,Poor,🔥 COILED: Stay away,30,0.0,0.0,0.0,50.0,0,,nan,nan,0.0
IPVXX,AIM Treasurer's Series Trust (Invesco Treasurer's Series Trust) - Invesco Premier Portfolio,1,2,4,10,6,3,2,3,30,-10.0,25.0,Poor,🔥 COILED: Stay away,30,0.0,0.0,0.0,50.0,0,,nan,nan,0.0
IPTXX,AIM Treasurer's Series Trust (Invesco Treasurer's Series Trust) - Invesco Premier Portfolio,1,2,4,10,6,3,2,3,30,-10.0,25.0,Poor,🔥 COILED: Stay away,30,0.0,0.0,0.0,50.0,0,,nan,nan,0.0
IRCXX,AIM Treasurer's Series Trust (Invesco Treasurer's Series Trust) - Invesco Premier Portfolio,1,2,4,10,6,3,2,3,30,-10.0,25.0,Poor,🔥 COILED: Stay away,30,0.0,0.0,0.0,50.0,0,,nan,nan,0.0
IPPXX,AIM Treasurer's Series Trust (Invesco Treasurer's Series Trust) - Invesco Premier Portfolio,1,2,4,10,6,3,2,3,30,-10.0,25.0,Poor,🔥 COILED: Stay away,30,0.0,0.0,0.0,50.0,0,,nan,nan,0.0
ISSXX,Federated Private Liquidity Funds-Prime Private Liquidity Fund,1,2,4,10,6,3,2,3,30,-10.0,25.0,Poor,🔥 COILED: Stay away,30,0.0,0.0,0.0,50.0,0,,nan,nan,0.0
IRVXX,AIM Treasurer's Series Trust (Invesco Treasurer's Series Trust) - Invesco Premier Portfolio,1,2,4,10,6,3,2,3,30,-10.0,25.0,Poor,🔥 COILED: Stay away,30,0.0,0.0,0.0,50.0,0,,nan,nan,0.0
ITVXX,Investors Cash Trust - DWS Treasury Portfolio,1,2,4,10,6,3,2,3,30,-10.0,25.0,Poor,🔥 COILED: Stay away,30,0.0,0.0,0.0,50.0,0,,nan,nan,0.0
JAMXX,Janus Investment Fund - Janus Money Market Fund,1,2,4,10,6,3,2,3,30,-10.0,25.0,Poor,🔥 COILED: Stay away,30,0.0,0.0,0.0,50.0,0,,nan,nan,0.0
IUSXX,Treasury Portfolio - Deutsche U.S. Treasury Money Fund,1,2,4,10,6,3,2,3,30,-10.0,25.0,Poor,🔥 COILED: Stay away,30,0.0,0.0,0.0,50.0,0,,nan,nan,0.0
IVMXX,Voya Government Money Market Portfolio,1,2,4,10,6,3,2,3,30,-10.0,25.0,Poor,🔥 COILED: Stay away,30,0.0,0.0,0.0,50.0,0,,nan,nan,0.0
JMCXX,John Hancock Money Market Fund Class C,1,2,4,10,6,3,2,3,30,-10.0,25.0,Poor,🔥 COILED: Stay away,30,0.0,0.0,0.0,50.0,0,,nan,nan,0.0
JHOXX,John Hancock Variable Insurance Trust - Money Market Trust,1,2,4,10,6,3,2,3,30,-10.0,25.0,Poor,🔥 COILED: Stay away,30,0.0,0.0,0.0,50.0,0,,nan,nan,0.0
JNMXX,Janus Investment Fund - Janus Money Market Fund,1,2,4,10,6,3,2,3,30,-10.0,25.0,Poor,🔥 COILED: Stay away,30,0.0,0.0,0.0,50.0,0,,nan,nan,0.0
JNSXX,Edward Jones Money Market Fund,1,2,4,10,6,3,2,3,30,-10.0,25.0,Poor,🔥 COILED: Stay away,30,0.0,0.0,0.0,50.0,0,,nan,nan,0.0
LACXX,Lord Abbett U.S. Govt & Govt Sponsored Enterprises Money Mkt Fd Inc.,1,2,4,10,6,3,2,3,30,-10.0,25.0,Poor,🔥 COILED: Stay away,30,0.0,0.0,0.0,50.0,0,,nan,nan,0.0
JRSXX,ftse-kicks-2011-off-boosted-by-oil-manufacturing.aspx,1,2,4,10,6,3,2,3,30,-10.0,25.0,Poor,🔥 COILED: Stay away,30,0.0,0.0,0.0,50.0,0,,nan,nan,0.0
LAIXX,Legg Mason Partners Institutional Trust - U.S. Treasury Obligations Money Market Fund,1,2,4,10,6,3,2,3,30,-10.0,25.0,Poor,🔥 COILED: Stay away,30,0.0,0.0,0.0,50.0,0,,nan,nan,0.0
KMMXX,DWS Money Market Prime Series - DWS Money Market Fund,1,2,4,10,6,3,2,3,30,-10.0,25.0,Poor,🔥 COILED: Stay away,30,0.0,0.0,0.0,50.0,0,,nan,nan,0.0
LAOXX,Legg Mason Partners Institutional Trust - U.S. Treasury Obligations Money Market Fund,1,2,4,10,6,3,2,3,30,-10.0,25.0,Poor,🔥 COILED: Stay away,30,0.0,0.0,0.0,50.0,0,,nan,nan,0.0
LAYXX,Lord Abbett U.S. Govt & Govt Sponsored Entpr MMkt Fd Cl I,1,2,4,10,6,3,2,3,30,-10.0,25.0,Poor,🔥 COILED: Stay away,30,0.0,0.0,0.0,50.0,0,,nan,nan,0.0
LCCXX,Lord Abbett U.S. Government & Government Sponsored Enterprises Money Market Fund,1,2,4,10,6,3,2,3,30,-10.0,25.0,Poor,🔥 COILED: Stay away,30,0.0,0.0,0.0,50.0,0,,nan,nan,0.0
LGRXX,Legg Mason Partners Institutional Trust - Western Asset Institutional Government Reserves,1,2,4,10,6,3,2,3,30,-10.0,25.0,Poor,🔥 COILED: Stay away,30,0.0,0.0,0.0,50.0,0,,nan,nan,0.0
LWPXX,Legg Mason Partners Institutional Trust - Western Asset Institutional Government Reserves,1,2,4,10,6,3,2,3,30,-10.0,25.0,Poor,🔥 COILED: Stay away,30,0.0,0.0,0.0,50.0,0,,nan,nan,0.0
LUIXX,Legg Mason Partners Institutional Trust - U.S. Treasury Obligations Money Market Fund,1,2,4,10,6,3,2,3,30,-10.0,25.0,Poor,🔥 COILED: Stay away,30,0.0,0.0,0.0,50.0,0,,nan,nan,0.0
LTRXX,Legg Mason Partners Institutional Trust - Western Asset Institutional U.S. Treasury Reserves,1,2,4,10,6,3,2,3,30,-10.0,25.0,Poor,🔥 COILED: Stay away,30,0.0,0.0,0.0,50.0,0,,nan,nan,0.0
MAAXX,Money Market Fund,1,2,4,10,6,3,2,3,30,-10.0,25.0,Poor,🔥 COILED: Stay away,30,0.0,0.0,0.0,50.0,0,,nan,nan,0.0
MAOXX,Morgan Stanley Institutional Liquidity Funds - Treasury Portfolio,1,2,4,10,6,3,2,3,30,-10.0,25.0,Poor,🔥 COILED: Stay away,30,0.0,0.0,0.0,50.0,0,,nan,nan,0.0
MAMXX,Morgan Stanley Institutional Liquidity Funds - Treasury Securities Portfolio,1,2,4,10,6,3,2,3,30,-10.0,25.0,Poor,🔥 COILED: Stay away,30,0.0,0.0,0.0,50.0,0,,nan,nan,0.0
MAYXX,Morgan Stanley Institutional Liquidity Funds -  Government Portfolio,1,2,4,10,6,3,2,3,30,-10.0,25.0,Poor,🔥 COILED: Stay away,30,0.0,0.0,0.0,50.0,0,,nan,nan,0.0
MCBXX,BlackRock Financial Institutions Series Trust - BlackRock Summit Cash Reserves Fund,1,2,4,10,6,3,2,3,30,-10.0,25.0,Poor,🔥 COILED: Stay away,30,0.0,0.0,0.0,50.0,0,,nan,nan,0.0
MCDXX,BlackRock Liquidity Funds - MuniCash,1,2,4,10,6,3,2,3,30,-10.0,25.0,Poor,🔥 COILED: Stay away,30,0.0,0.0,0.0,50.0,0,,nan,nan,0.0
MCCXX,MFS Series Trust I - MFS U.S. Government Cash Reserve Fund,1,2,4,10,6,3,2,3,30,-10.0,25.0,Poor,🔥 COILED: Stay away,30,0.0,0.0,0.0,50.0,0,,nan,nan,0.0
MCMXX,MFS Series Trust IV - MFS U.S. Government Money Market Fund,1,2,4,10,6,3,2,3,30,-10.0,25.0,Poor,🔥 COILED: Stay away,30,0.0,0.0,0.0,50.0,0,,nan,nan,0.0
MCPXX,BlackRock Liquidity Funds MuniCash - Capital,1,2,4,10,6,3,2,3,30,-10.0,25.0,Poor,🔥 COILED: Stay away,30,0.0,0.0,0.0,50.0,0,,nan,nan,0.0
MCHXX,Morgan Stanley Institutional Liquidity Funds - Government Securities Portfolio,1,2,4,10,6,3,2,3,30,-10.0,25.0,Poor,🔥 COILED: Stay away,30,0.0,0.0,0.0,50.0,0,,nan,nan,0.0
MFCXX,Money Market Obligations Trust - Federated Municipal Obligations Fund,1,2,4,10,6,3,2,3,30,-10.0,25.0,Poor,🔥 COILED: Stay away,30,0.0,0.0,0.0,50.0,0,,nan,nan,0.0
MCRXX,MFS Series Trust I - MFS U.S. Government Cash Reserve Fund,1,2,4,10,6,3,2,3,30,-10.0,25.0,Poor,🔥 COILED: Stay away,30,0.0,0.0,0.0,50.0,0,,nan,nan,0.0
MFSXX,Money Market Obligations Trust - Federated Municipal Obligations Fund,1,2,4,10,6,3,2,3,30,-10.0,25.0,Poor,🔥 COILED: Stay away,30,0.0,0.0,0.0,50.0,0,,nan,nan,0.0
MGAXX,Morgan Stanley Institutional Liquidity Funds - Government Securities Portfolio,1,2,4,10,6,3,2,3,30,-10.0,25.0,Poor,🔥 COILED: Stay away,30,0.0,0.0,0.0,50.0,0,,nan,nan,0.0
MGMXX,JPMorgan Trust II - JPMorgan U.S. Government Money Market Fund,1,2,4,10,6,3,2,3,30,-10.0,25.0,Poor,🔥 COILED: Stay away,30,0.0,0.0,0.0,50.0,0,,nan,nan,0.0
MGOXX,Morgan Stanley Institutional Liquidity Funds -  Government Portfolio,1,2,4,10,6,3,2,3,30,-10.0,25.0,Poor,🔥 COILED: Stay away,30,0.0,0.0,0.0,50.0,0,,nan,nan,0.0
MGSXX,Morgan Stanley Institutional Liquidity Funds -  Government Portfolio,1,2,4,10,6,3,2,3,30,-10.0,25.0,Poor,🔥 COILED: Stay away,30,0.0,0.0,0.0,50.0,0,,nan,nan,0.0
MGPXX,Morgan Stanley Institutional Liquidity Funds - Government Securities Portfolio,1,2,4,10,6,3,2,3,30,-10.0,25.0,Poor,🔥 COILED: Stay away,30,0.0,0.0,0.0,50.0,0,,nan,nan,0.0
MIPXX,The MainStay Funds - MainStay Money Market Fund,1,2,4,10,6,3,2,3,30,-10.0,25.0,Poor,🔥 COILED: Stay away,30,0.0,0.0,0.0,50.0,0,,nan,nan,0.0
MHSXX,Morgan Stanley Institutional Liquidity Funds - Treasury Portfolio,1,2,4,10,6,3,2,3,30,-10.0,25.0,Poor,🔥 COILED: Stay away,30,0.0,0.0,0.0,50.0,0,,nan,nan,0.0
MIFXX,Nationwide Mutual Funds - Nationwide Money Market Fund,1,2,4,10,6,3,2,3,30,-10.0,25.0,Poor,🔥 COILED: Stay away,30,0.0,0.0,0.0,50.0,0,,nan,nan,0.0
MJCXX,Prudential Government Money Market Fund Inc.,1,2,4,10,6,3,2,3,30,-10.0,25.0,Poor,🔥 COILED: Stay away,30,0.0,0.0,0.0,50.0,0,,nan,nan,0.0
MJAXX,Prudential Government Money Market Fund Inc.,1,2,4,10,6,3,2,3,30,-10.0,25.0,Poor,🔥 COILED: Stay away,30,0.0,0.0,0.0,50.0,0,,nan,nan,0.0
MJLXX,JPMorgan Trust II - JPMorgan Liquid Assets Money Market Fund,1,2,4,10,6,3,2,3,30,-10.0,25.0,Poor,🔥 COILED: Stay away,30,0.0,0.0,0.0,50.0,0,,nan,nan,0.0
MNVXX,Morgan Stanley Institutional Liquidity Funds - Treasury Securities Portfolio,1,2,4,10,6,3,2,3,30,-10.0,25.0,Poor,🔥 COILED: Stay away,30,0.0,0.0,0.0,50.0,0,,nan,nan,0.0
MMIXX,Wells Fargo Funds Trust - National Tax-Free Money Market Fund,1,2,4,10,6,3,2,3,30,-10.0,25.0,Poor,🔥 COILED: Stay away,30,0.0,0.0,0.0,50.0,0,,nan,nan,0.0
MOIXX,Money Market Obligations Trust - Federated Municipal Obligations Fund,1,2,4,10,6,3,2,3,30,-10.0,25.0,Poor,🔥 COILED: Stay away,30,0.0,0.0,0.0,50.0,0,,nan,nan,0.0
MODXX,Money Market Obligations Trust - Federated Municipal Obligations Fund,1,2,4,10,6,3,2,3,30,-10.0,25.0,Poor,🔥 COILED: Stay away,30,0.0,0.0,0.0,50.0,0,,nan,nan,0.0
MOFXX,Money Market Obligations Trust - Federated Municipal Obligations Fund,1,2,4,10,6,3,2,3,30,-10.0,25.0,Poor,🔥 COILED: Stay away,30,0.0,0.0,0.0,50.0,0,,nan,nan,0.0
MOSXX,Money Market Obligations Trust - Federated Municipal Obligations Fund,1,2,4,10,6,3,2,3,30,-10.0,25.0,Poor,🔥 COILED: Stay away,30,0.0,0.0,0.0,50.0,0,,nan,nan,0.0
MOTXX,Money Market Obligations Trust - Federated Municipal Obligations Fund,1,2,4,10,6,3,2,3,30,-10.0,25.0,Poor,🔥 COILED: Stay away,30,0.0,0.0,0.0,50.0,0,,nan,nan,0.0
MPIXX,ProFunds - Money Market ProFund,1,2,4,10,6,3,2,3,30,-10.0,25.0,Poor,🔥 COILED: Stay away,30,0.0,0.0,0.0,50.0,0,,nan,nan,0.0
MPCXX,Morgan Stanley Institutional Liquidity Funds -  Government Portfolio,1,2,4,10,6,3,2,3,30,-10.0,25.0,Poor,🔥 COILED: Stay away,30,0.0,0.0,0.0,50.0,0,,nan,nan,0.0
MPNXX,Morgan Stanley Institutional Liquidity Funds - Prime Portfolio,1,2,4,10,6,3,2,3,30,-10.0,25.0,Poor,🔥 COILED: Stay away,30,0.0,0.0,0.0,50.0,0,,nan,nan,0.0
MPRXX,Morgan Stanley Institutional Liquidity Funds - Treasury Securities Portfolio,1,2,4,10,6,3,2,3,30,-10.0,25.0,Poor,🔥 COILED: Stay away,30,0.0,0.0,0.0,50.0,0,,nan,nan,0.0
MPMXX,Morgan Stanley Institutional Liquidity Funds - Prime Portfolio,1,2,4,10,6,3,2,3,30,-10.0,25.0,Poor,🔥 COILED: Stay away,30,0.0,0.0,0.0,50.0,0,,nan,nan,0.0
MPSXX,ProFunds - Money Market ProFund,1,2,4,10,6,3,2,3,30,-10.0,25.0,Poor,🔥 COILED: Stay away,30,0.0,0.0,0.0,50.0,0,,nan,nan,0.0
MREXX,Morgan Stanley Institutional Liquidity Funds - Treasury Portfolio,1,2,4,10,6,3,2,3,30,-10.0,25.0,Poor,🔥 COILED: Stay away,30,0.0,0.0,0.0,50.0,0,,nan,nan,0.0
MPVXX,Morgan Stanley Institutional Liquidity Funds - Prime Portfolio,1,2,4,10,6,3,2,3,30,-10.0,25.0,Poor,🔥 COILED: Stay away,30,0.0,0.0,0.0,50.0,0,,nan,nan,0.0
MSAXX,BlackRock Summit Cash Reserves Fund Cl A,1,2,4,10,6,3,2,3,30,-10.0,25.0,Poor,🔥 COILED: Stay away,30,0.0,0.0,0.0,50.0,0,,nan,nan,0.0
MSCXX,The MainStay Funds - MainStay Money Market Fund,1,2,4,10,6,3,2,3,30,-10.0,25.0,Poor,🔥 COILED: Stay away,30,0.0,0.0,0.0,50.0,0,,nan,nan,0.0
MSEXX,Morgan Stanley Institutional Liquidity Funds - Treasury Securities Portfolio,1,2,4,10,6,3,2,3,30,-10.0,25.0,Poor,🔥 COILED: Stay away,30,0.0,0.0,0.0,50.0,0,,nan,nan,0.0
MSDXX,Morgan Stanley Institutional Liquidity Funds -  Government Portfolio,1,2,4,10,6,3,2,3,30,-10.0,25.0,Poor,🔥 COILED: Stay away,30,0.0,0.0,0.0,50.0,0,,nan,nan,0.0
MSGXX,Morgan Stanley Institutional Liquidity Funds -  Government Portfolio,1,2,4,10,6,3,2,3,30,-10.0,25.0,Poor,🔥 COILED: Stay away,30,0.0,0.0,0.0,50.0,0,,nan,nan,0.0
MSIXX,MainStay Funds Trust - Cash Reserves Sweeps Fund,1,2,4,10,6,3,2,3,30,-10.0,25.0,Poor,🔥 COILED: Stay away,30,0.0,0.0,0.0,50.0,0,,nan,nan,0.0
MSRXX,MFS Series Trust I - MFS U.S. Government Cash Reserve Fund,1,2,4,10,6,3,2,3,30,-10.0,25.0,Poor,🔥 COILED: Stay away,30,0.0,0.0,0.0,50.0,0,,nan,nan,0.0
MSSXX,Morgan Stanley Institutional Liquidity Funds - Treasury Securities Portfolio,1,2,4,10,6,3,2,3,30,-10.0,25.0,Poor,🔥 COILED: Stay away,30,0.0,0.0,0.0,50.0,0,,nan,nan,0.0
MSTXX,Morgan Stanley Institutional Liquidity Funds - Treasury Portfolio,1,2,4,10,6,3,2,3,30,-10.0,25.0,Poor,🔥 COILED: Stay away,30,0.0,0.0,0.0,50.0,0,,nan,nan,0.0
MSUXX,Morgan Stanley Institutional Liquidity Funds - Treasury Portfolio,1,2,4,10,6,3,2,3,30,-10.0,25.0,Poor,🔥 COILED: Stay away,30,0.0,0.0,0.0,50.0,0,,nan,nan,0.0
MSVXX,Morgan Stanley Institutional Liquidity Funds - Government Securities Portfolio,1,2,4,10,6,3,2,3,30,-10.0,25.0,Poor,🔥 COILED: Stay away,30,0.0,0.0,0.0,50.0,0,,nan,nan,0.0
MTCXX,Morgan Stanley Institutional Liquidity Funds - Treasury Portfolio,1,2,4,10,6,3,2,3,30,-10.0,25.0,Poor,🔥 COILED: Stay away,30,0.0,0.0,0.0,50.0,0,,nan,nan,0.0
MTNXX,Morgan Stanley Institutional Liquidity Funds - Treasury Portfolio,1,2,4,10,6,3,2,3,30,-10.0,25.0,Poor,🔥 COILED: Stay away,30,0.0,0.0,0.0,50.0,0,,nan,nan,0.0
MTSXX,Morgan Stanley Institutional Liquidity Funds - Treasury Portfolio,1,2,4,10,6,3,2,3,30,-10.0,25.0,Poor,🔥 COILED: Stay away,30,0.0,0.0,0.0,50.0,0,,nan,nan,0.0
MUIXX,Morgan Stanley Institutional Liquidity Funds - Government Securities Portfolio,1,2,4,10,6,3,2,3,30,-10.0,25.0,Poor,🔥 COILED: Stay away,30,0.0,0.0,0.0,50.0,0,,nan,nan,0.0
MTTXX,Morgan Stanley Institutional Liquidity Funds - Treasury Portfolio,1,2,4,10,6,3,2,3,30,-10.0,25.0,Poor,🔥 COILED: Stay away,30,0.0,0.0,0.0,50.0,0,,nan,nan,0.0
MVIXX,Morgan Stanley Institutional Liquidity Funds - Government Securities Portfolio,1,2,4,10,6,3,2,3,30,-10.0,25.0,Poor,🔥 COILED: Stay away,30,0.0,0.0,0.0,50.0,0,,nan,nan,0.0
MVAXX,Morgan Stanley Institutional Liquidity Funds - Government Securities Portfolio,1,2,4,10,6,3,2,3,30,-10.0,25.0,Poor,🔥 COILED: Stay away,30,0.0,0.0,0.0,50.0,0,,nan,nan,0.0
MVVXX,Morgan Stanley Institutional Liquidity Funds -  Government Portfolio,1,2,4,10,6,3,2,3,30,-10.0,25.0,Poor,🔥 COILED: Stay away,30,0.0,0.0,0.0,50.0,0,,nan,nan,0.0
MYMXX,AB Fixed-Income Shares Inc. - AB Government Money Market Portfolio,1,2,4,10,6,3,2,3,30,-10.0,25.0,Poor,🔥 COILED: Stay away,30,0.0,0.0,0.0,50.0,0,,nan,nan,0.0
MVYXX,Morgan Stanley Institutional Liquidity Funds - Treasury Portfolio,1,2,4,10,6,3,2,3,30,-10.0,25.0,Poor,🔥 COILED: Stay away,30,0.0,0.0,0.0,50.0,0,,nan,nan,0.0
NISXX,Money Market Obligations Trust - Federated New York Municipal Cash Trust,1,2,4,10,6,3,2,3,30,-10.0,25.0,Poor,🔥 COILED: Stay away,30,0.0,0.0,0.0,50.0,0,,nan,nan,0.0
NCGXX,North Capital Funds Trust - Treasury Money Market Fund,1,2,4,10,6,3,2,3,30,-10.0,25.0,Poor,🔥 COILED: Stay away,30,0.0,0.0,0.0,50.0,0,,nan,nan,0.0
NITXX,Northern Institutional Funds - Treasury Portfolio,1,2,4,10,6,3,2,3,30,-10.0,25.0,Poor,🔥 COILED: Stay away,30,0.0,0.0,0.0,50.0,0,,nan,nan,0.0
NOGXX,Northern Funds - U.S. Government Money Market Fund,1,2,4,10,6,3,2,3,30,-10.0,25.0,Poor,🔥 COILED: Stay away,30,0.0,0.0,0.0,50.0,0,,nan,nan,0.0
NOSXX,Northern Funds - U.S. Government Select Money Market Fund,1,2,4,10,6,3,2,3,30,-10.0,25.0,Poor,🔥 COILED: Stay away,30,0.0,0.0,0.0,50.0,0,,nan,nan,0.0
NWGXX,Allspring Funds Trust - Allspring Government Money Market Fund,1,2,4,10,6,3,2,3,30,-10.0,25.0,Poor,🔥 COILED: Stay away,30,0.0,0.0,0.0,50.0,0,,nan,nan,0.0
NWSXX,Nationwide Mutual Funds - Nationwide Money Market Fund,1,2,4,10,6,3,2,3,30,-10.0,25.0,Poor,🔥 COILED: Stay away,30,0.0,0.0,0.0,50.0,0,,nan,nan,0.0
NTPXX,Northern Institutional Funds - Treasury Portfolio,1,2,4,10,6,3,2,3,30,-10.0,25.0,Poor,🔥 COILED: Stay away,30,0.0,0.0,0.0,50.0,0,,nan,nan,0.0
NYCXX,Money Market Obligations Trust - New York Cash II Fund,1,2,4,10,6,3,2,3,30,-10.0,25.0,Poor,🔥 COILED: Stay away,30,0.0,0.0,0.0,50.0,0,,nan,nan,0.0
OMBXX,AIM Investment Secs Fds (Invesco Invt Secs Fds) - Invesco U.S. Government Money Portfolio,1,2,4,10,6,3,2,3,30,-10.0,25.0,Poor,🔥 COILED: Stay away,30,0.0,0.0,0.0,50.0,0,,nan,nan,0.0
NWTXX,Wells Fargo Funds Trust - 100% Treasury Money Market Fund,1,2,4,10,6,3,2,3,30,-10.0,25.0,Poor,🔥 COILED: Stay away,30,0.0,0.0,0.0,50.0,0,,nan,nan,0.0
PBHXX,The Payden & Rygel Investment Group - Payden Cash Reserves Money Market Fund,1,2,4,10,6,3,2,3,30,-10.0,25.0,Poor,🔥 COILED: Stay away,30,0.0,0.0,0.0,50.0,0,,nan,nan,0.0
PBMXX,Prudential Government Money Market Fund Inc.,1,2,4,10,6,3,2,3,30,-10.0,25.0,Poor,🔥 COILED: Stay away,30,0.0,0.0,0.0,50.0,0,,nan,nan,0.0
PCEXX,PACE Select Advisors Trust - PACE Money Market Investments,1,2,4,10,6,3,2,3,30,-10.0,25.0,Poor,🔥 COILED: Stay away,30,0.0,0.0,0.0,50.0,0,,nan,nan,0.0
PCSXX,Principal Fds Inc. Money Market Fd A Cl,1,2,4,10,6,3,2,3,30,-10.0,25.0,Poor,🔥 COILED: Stay away,30,0.0,0.0,0.0,50.0,0,,nan,nan,0.0
PCOXX,Money Market Obligations Trust - Federated Prime Cash Obligations Fund,1,2,4,10,6,3,2,3,30,-10.0,25.0,Poor,🔥 COILED: Stay away,30,0.0,0.0,0.0,50.0,0,,nan,nan,0.0
PCUXX,Fundvantage Trust - Pac Capital US Government Money Market Fund,1,2,4,10,6,3,2,3,30,-10.0,25.0,Poor,🔥 COILED: Stay away,30,0.0,0.0,0.0,50.0,0,,nan,nan,0.0
PCVXX,Money Market Obligations Trust - Federated Prime Cash Obligations Fund,1,2,4,10,6,3,2,3,30,-10.0,25.0,Poor,🔥 COILED: Stay away,30,0.0,0.0,0.0,50.0,0,,nan,nan,0.0
PFCXX,Putnam Money Market Fund,1,2,4,10,6,3,2,3,30,-10.0,25.0,Poor,🔥 COILED: Stay away,30,0.0,0.0,0.0,50.0,0,,nan,nan,0.0
PGEXX,Putnam Investment Funds - Government Money Market Fund,1,2,4,10,6,3,2,3,30,-10.0,25.0,Poor,🔥 COILED: Stay away,30,0.0,0.0,0.0,50.0,0,,nan,nan,0.0
PGLXX,Putnam Investment Funds - Government Money Market Fund,1,2,4,10,6,3,2,3,30,-10.0,25.0,Poor,🔥 COILED: Stay away,30,0.0,0.0,0.0,50.0,0,,nan,nan,0.0
PGDXX,Putnam Investment Funds - Government Money Market Fund,1,2,4,10,6,3,2,3,30,-10.0,25.0,Poor,🔥 COILED: Stay away,30,0.0,0.0,0.0,50.0,0,,nan,nan,0.0
PGFXX,PIMCO Funds - PIMCO Government Money Market Fund,1,2,4,10,6,3,2,3,30,-10.0,25.0,Poor,🔥 COILED: Stay away,30,0.0,0.0,0.0,50.0,0,,nan,nan,0.0
PGKXX,Putnam Investment Funds - Government Money Market Fund,1,2,4,10,6,3,2,3,30,-10.0,25.0,Poor,🔥 COILED: Stay away,30,0.0,0.0,0.0,50.0,0,,nan,nan,0.0
PGRXX,Putnam Investment Funds - Government Money Market Fund,1,2,4,10,6,3,2,3,30,-10.0,25.0,Poor,🔥 COILED: Stay away,30,0.0,0.0,0.0,50.0,0,,nan,nan,0.0
PGPXX,PIMCO Funds - PIMCO Government Money Market Fund,1,2,4,10,6,3,2,3,30,-10.0,25.0,Poor,🔥 COILED: Stay away,30,0.0,0.0,0.0,50.0,0,,nan,nan,0.0
PGOXX,PIMCO Funds - PIMCO Government Money Market Fund,1,2,4,10,6,3,2,3,30,-10.0,25.0,Poor,🔥 COILED: Stay away,30,0.0,0.0,0.0,50.0,0,,nan,nan,0.0
PGYXX,PIMCO Funds - PIMCO Government Money Market Fund,1,2,4,10,6,3,2,3,30,-10.0,25.0,Poor,🔥 COILED: Stay away,30,0.0,0.0,0.0,50.0,0,,nan,nan,0.0
PINXX,BlackRock Funds - BlackRock Wealth Liquid Environmentally Aware Fund,1,2,4,10,6,3,2,3,30,-10.0,25.0,Poor,🔥 COILED: Stay away,30,0.0,0.0,0.0,50.0,0,,nan,nan,0.0
PIFXX,Plan Investment Fund Inc. - Government Portfolio,1,2,4,10,6,3,2,3,30,-10.0,25.0,Poor,🔥 COILED: Stay away,30,0.0,0.0,0.0,50.0,0,,nan,nan,0.0
PISXX,Wells Fargo Funds Trust - Treasury Plus Money Market Fund,1,2,4,10,6,3,2,3,30,-10.0,25.0,Poor,🔥 COILED: Stay away,30,0.0,0.0,0.0,50.0,0,,nan,nan,0.0
PIVXX,Wells Fargo Funds Trust - Treasury Plus Money Market Fund,1,2,4,10,6,3,2,3,30,-10.0,25.0,Poor,🔥 COILED: Stay away,30,0.0,0.0,0.0,50.0,0,,nan,nan,0.0
PMJXX,Principal Fds Inc. Money Market Fd J Cl,1,2,4,10,6,3,2,3,30,-10.0,25.0,Poor,🔥 COILED: Stay away,30,0.0,0.0,0.0,50.0,0,,nan,nan,0.0
PMZXX,Prudential Government Money Market Fund Inc.,1,2,4,10,6,3,2,3,30,-10.0,25.0,Poor,🔥 COILED: Stay away,30,0.0,0.0,0.0,50.0,0,,nan,nan,0.0
PMTXX,Pioneer Money Market Trust - Pioneer U.S. Government Money Market Fund,1,2,4,10,6,3,2,3,30,-10.0,25.0,Poor,🔥 COILED: Stay away,30,0.0,0.0,0.0,50.0,0,,nan,nan,0.0
PRRXX,T. Rowe Price Government Money Fund Inc.,1,2,4,10,6,3,2,3,30,-10.0,25.0,Poor,🔥 COILED: Stay away,30,0.0,0.0,0.0,50.0,0,,nan,nan,0.0
PRMXX,Federated Private Liquidity Funds-Prime Private Liquidity Fund,1,2,4,10,6,3,2,3,30,-10.0,25.0,Poor,🔥 COILED: Stay away,30,0.0,0.0,0.0,50.0,0,,nan,nan,0.0
PRVXX,Wells Fargo Funds Trust - Treasury Plus Money Market Fund,1,2,4,10,6,3,2,3,30,-10.0,25.0,Poor,🔥 COILED: Stay away,30,0.0,0.0,0.0,50.0,0,,nan,nan,0.0
PRTXX,T. Rowe Price U.S. Treasury Funds Inc. - T. Rowe Price U.S. Treasury Money Fund,1,2,4,10,6,3,2,3,30,-10.0,25.0,Poor,🔥 COILED: Stay away,30,0.0,0.0,0.0,50.0,0,,nan,nan,0.0
PTBXX,Putnam Money Market Fund,1,2,4,10,6,3,2,3,30,-10.0,25.0,Poor,🔥 COILED: Stay away,30,0.0,0.0,0.0,50.0,0,,nan,nan,0.0
PRYXX,Pioneer Money Market Trust - Pioneer U.S. Government Money Market Fund,1,2,4,10,6,3,2,3,30,-10.0,25.0,Poor,🔥 COILED: Stay away,30,0.0,0.0,0.0,50.0,0,,nan,nan,0.0
PTEXX,T. Rowe Price Tax-Exempt Money Fund Inc.,1,2,4,10,6,3,2,3,30,-10.0,25.0,Poor,🔥 COILED: Stay away,30,0.0,0.0,0.0,50.0,0,,nan,nan,0.0
RBEXX,American Funds U.S. Government Money Market Fund,1,2,4,10,6,3,2,3,30,-10.0,25.0,Poor,🔥 COILED: Stay away,30,0.0,0.0,0.0,50.0,0,,nan,nan,0.0
PURXX,Putnam Money Market Fund,1,2,4,10,6,3,2,3,30,-10.0,25.0,Poor,🔥 COILED: Stay away,30,0.0,0.0,0.0,50.0,0,,nan,nan,0.0
RGYXX,HSBC Funds - HSBC U.S. Government Money Market Fund,1,2,4,10,6,3,2,3,30,-10.0,25.0,Poor,🔥 COILED: Stay away,30,0.0,0.0,0.0,50.0,0,,nan,nan,0.0
RPGXX,Davis Series Inc. - Davis Government Money Market Fund,1,2,4,10,6,3,2,3,30,-10.0,25.0,Poor,🔥 COILED: Stay away,30,0.0,0.0,0.0,50.0,0,,nan,nan,0.0
RMGXX,Ubs Money Series - RMA Government Money Market Fund,1,2,4,10,6,3,2,3,30,-10.0,25.0,Poor,🔥 COILED: Stay away,30,0.0,0.0,0.0,50.0,0,,nan,nan,0.0
RYFXX,Rydex Series Funds - U.S. Government Money Market Fund,1,2,4,10,6,3,2,3,30,-10.0,25.0,Poor,🔥 COILED: Stay away,30,0.0,0.0,0.0,50.0,0,,nan,nan,0.0
SALXX,State Street Master Funds - State Street U.S. Government Money Market Portfolio,1,2,4,10,6,3,2,3,30,-10.0,25.0,Poor,🔥 COILED: Stay away,30,0.0,0.0,0.0,50.0,0,,nan,nan,0.0
SAEXX,State Street Institutional Investment Trust - State Street Institutional Treasury Plus Money Market,1,2,4,10,6,3,2,3,30,-10.0,25.0,Poor,🔥 COILED: Stay away,30,0.0,0.0,0.0,50.0,0,,nan,nan,0.0
SAJXX,State Street Institutional Investment Trust - State Street Institutional Treasury Plus Money Market,1,2,4,10,6,3,2,3,30,-10.0,25.0,Poor,🔥 COILED: Stay away,30,0.0,0.0,0.0,50.0,0,,nan,nan,0.0
SAMXX,State Street Master Funds - State Street U.S. Government Money Market Portfolio,1,2,4,10,6,3,2,3,30,-10.0,25.0,Poor,🔥 COILED: Stay away,30,0.0,0.0,0.0,50.0,0,,nan,nan,0.0
SCAXX,Schwab California Municipal Money Fund Ultra Shares,1,2,4,10,6,3,2,3,30,-10.0,25.0,Poor,🔥 COILED: Stay away,30,0.0,0.0,0.0,50.0,0,,nan,nan,0.0
SCIXX,Cash Account Trust - DWS Tax-Exempt Portfolio,1,2,4,10,6,3,2,3,30,-10.0,25.0,Poor,🔥 COILED: Stay away,30,0.0,0.0,0.0,50.0,0,,nan,nan,0.0
SCOXX,Schwab Treasury Obligations Money Fund Ultra Shares,1,2,4,10,6,3,2,3,30,-10.0,25.0,Poor,🔥 COILED: Stay away,30,0.0,0.0,0.0,50.0,0,,nan,nan,0.0
SCPXX,SEI Daily Income Trust - Treasury II Fund,1,2,4,10,6,3,2,3,30,-10.0,25.0,Poor,🔥 COILED: Stay away,30,0.0,0.0,0.0,50.0,0,,nan,nan,0.0
SCTXX,Schwab AMT Tax-Free Money Fund Ultra Shares,1,2,4,10,6,3,2,3,30,-10.0,25.0,Poor,🔥 COILED: Stay away,30,0.0,0.0,0.0,50.0,0,,nan,nan,0.0
SEGXX,UBS Series Funds - UBS Select Government Preferred Fund,1,2,4,10,6,3,2,3,30,-10.0,25.0,Poor,🔥 COILED: Stay away,30,0.0,0.0,0.0,50.0,0,,nan,nan,0.0
SEOXX,SEI Daily Income Trust - Government Fund,1,2,4,10,6,3,2,3,30,-10.0,25.0,Poor,🔥 COILED: Stay away,30,0.0,0.0,0.0,50.0,0,,nan,nan,0.0
SETXX,UBS (Cayman) Select Treasury Institutional Fund,1,2,4,10,6,3,2,3,30,-10.0,25.0,Poor,🔥 COILED: Stay away,30,0.0,0.0,0.0,50.0,0,,nan,nan,0.0
SGAXX,The Saratoga Advantage Trust - U.S. Government Money Market Portfolio,1,2,4,10,6,3,2,3,30,-10.0,25.0,Poor,🔥 COILED: Stay away,30,0.0,0.0,0.0,50.0,0,,nan,nan,0.0
SGPXX,UBS Series Funds - UBS Select Government Preferred Fund,1,2,4,10,6,3,2,3,30,-10.0,25.0,Poor,🔥 COILED: Stay away,30,0.0,0.0,0.0,50.0,0,,nan,nan,0.0
SGMXX,The Saratoga Advantage Trust - U.S. Government Money Market Portfolio,1,2,4,10,6,3,2,3,30,-10.0,25.0,Poor,🔥 COILED: Stay away,30,0.0,0.0,0.0,50.0,0,,nan,nan,0.0
SGUXX,Schwab Government Money Fund Ultra Shares,1,2,4,10,6,3,2,3,30,-10.0,25.0,Poor,🔥 COILED: Stay away,30,0.0,0.0,0.0,50.0,0,,nan,nan,0.0
SMGXX,Legg Mason Partners Money Market Trust - Western Asset Government Reserves,1,2,4,10,6,3,2,3,30,-10.0,25.0,Poor,🔥 COILED: Stay away,30,0.0,0.0,0.0,50.0,0,,nan,nan,0.0
SNAXX,The Charles Schwab Family of Funds - Schwab Value Advantage Money Fund,1,2,4,10,6,3,2,3,30,-10.0,25.0,Poor,🔥 COILED: Stay away,30,0.0,0.0,0.0,50.0,0,,nan,nan,0.0
SNOXX,Charles Schwab Family of Funds - Schwab Treasury Obligations Money Fund,1,2,4,10,6,3,2,3,30,-10.0,25.0,Poor,🔥 COILED: Stay away,30,0.0,0.0,0.0,50.0,0,,nan,nan,0.0
SNRXX,Schwab Charles Family Funds - Retirment Government Money Fund,1,2,4,10,6,3,2,3,30,-10.0,25.0,Poor,🔥 COILED: Stay away,30,0.0,0.0,0.0,50.0,0,,nan,nan,0.0
SNSXX,The Charles Schwab Family of Funds - Schwab U.S. Treasury Money Fund,1,2,4,10,6,3,2,3,30,-10.0,25.0,Poor,🔥 COILED: Stay away,30,0.0,0.0,0.0,50.0,0,,nan,nan,0.0
SNVXX,Schwab Government Money Fund,1,2,4,10,6,3,2,3,30,-10.0,25.0,Poor,🔥 COILED: Stay away,30,0.0,0.0,0.0,50.0,0,,nan,nan,0.0
SNYXX,Schwab New York Municipal Money Fund Ultra Shares,1,2,4,10,6,3,2,3,30,-10.0,25.0,Poor,🔥 COILED: Stay away,30,0.0,0.0,0.0,50.0,0,,nan,nan,0.0
SPRXX,Fidelity Hereford Street Trust - Fidelity Money Market Fund,1,2,4,10,6,3,2,3,30,-10.0,25.0,Poor,🔥 COILED: Stay away,30,0.0,0.0,0.0,50.0,0,,nan,nan,0.0
SSKXX,State Street Institutional Investment Trust - State Street Institutional Tax Free Money Market Fund,1,2,4,10,6,3,2,3,30,-10.0,25.0,Poor,🔥 COILED: Stay away,30,0.0,0.0,0.0,50.0,0,,nan,nan,0.0
SSJXX,State Street Institutional Investment Trust- Treasury Money Market Fund,1,2,4,10,6,3,2,3,30,-10.0,25.0,Poor,🔥 COILED: Stay away,30,0.0,0.0,0.0,50.0,0,,nan,nan,0.0
SSNXX,State Street Institutional Investment Trust - State Street Institutional Tax Free Money Market Fund,1,2,4,10,6,3,2,3,30,-10.0,25.0,Poor,🔥 COILED: Stay away,30,0.0,0.0,0.0,50.0,0,,nan,nan,0.0
SSOXX,State Street Master Funds - State Street U.S. Government Money Market Portfolio,1,2,4,10,6,3,2,3,30,-10.0,25.0,Poor,🔥 COILED: Stay away,30,0.0,0.0,0.0,50.0,0,,nan,nan,0.0
SSQXX,State Street Institutional Investment Trust - State Street Institutional Treasury Plus Money Market,1,2,4,10,6,3,2,3,30,-10.0,25.0,Poor,🔥 COILED: Stay away,30,0.0,0.0,0.0,50.0,0,,nan,nan,0.0
SUTXX,Schwab U.S. Treasury Money Fund Ultra Shares,1,2,4,10,6,3,2,3,30,-10.0,25.0,Poor,🔥 COILED: Stay away,30,0.0,0.0,0.0,50.0,0,,nan,nan,0.0
STGXX,Wells Fargo Funds Trust - Money Market Fund,1,2,4,10,6,3,2,3,30,-10.0,25.0,Poor,🔥 COILED: Stay away,30,0.0,0.0,0.0,50.0,0,,nan,nan,0.0
STPXX,UBS Money Series - UBS Select Treasury Preferred Fund,1,2,4,10,6,3,2,3,30,-10.0,25.0,Poor,🔥 COILED: Stay away,30,0.0,0.0,0.0,50.0,0,,nan,nan,0.0
SWKXX,The Charles Schwab Family of Funds - Schwab California Municipal Money Fund,1,2,4,10,6,3,2,3,30,-10.0,25.0,Poor,🔥 COILED: Stay away,30,0.0,0.0,0.0,50.0,0,,nan,nan,0.0
SWTXX,The Charles Schwab Family of Funds - Schwab Municipal Money Fund,1,2,4,10,6,3,2,3,30,-10.0,25.0,Poor,🔥 COILED: Stay away,30,0.0,0.0,0.0,50.0,0,,nan,nan,0.0
SWOXX,Schwab Municipal Money Fund,1,2,4,10,6,3,2,3,30,-10.0,25.0,Poor,🔥 COILED: Stay away,30,0.0,0.0,0.0,50.0,0,,nan,nan,0.0
SWWXX,The Charles Schwab Family of Funds - Schwab AMT Tax-Free Money Fund,1,2,4,10,6,3,2,3,30,-10.0,25.0,Poor,🔥 COILED: Stay away,30,0.0,0.0,0.0,50.0,0,,nan,nan,0.0
SWYXX,The Charles Schwab Family of Funds - Schwab New York Municipal Money Fund,1,2,4,10,6,3,2,3,30,-10.0,25.0,Poor,🔥 COILED: Stay away,30,0.0,0.0,0.0,50.0,0,,nan,nan,0.0
SZCXX,The Saratoga Advantage Trust - U.S. Government Money Market Portfolio,1,2,4,10,6,3,2,3,30,-10.0,25.0,Poor,🔥 COILED: Stay away,30,0.0,0.0,0.0,50.0,0,,nan,nan,0.0
TACXX,Short-Term Investment Trust - Invesco Treasury Obligations Portfolio,1,2,4,10,6,3,2,3,30,-10.0,25.0,Poor,🔥 COILED: Stay away,30,0.0,0.0,0.0,50.0,0,,nan,nan,0.0
TAQXX,State Street Institutional Investment Trust -Treasury Obligations Money Market Fund,1,2,4,10,6,3,2,3,30,-10.0,25.0,Poor,🔥 COILED: Stay away,30,0.0,0.0,0.0,50.0,0,,nan,nan,0.0
TAMXX,Transamerica Funds - Transamerica Government Money Market,1,2,4,10,6,3,2,3,30,-10.0,25.0,Poor,🔥 COILED: Stay away,30,0.0,0.0,0.0,50.0,0,,nan,nan,0.0
TBIXX,Money Market Obligations Trust - Federated Tax-Free Obligations Fund,1,2,4,10,6,3,2,3,30,-10.0,25.0,Poor,🔥 COILED: Stay away,30,0.0,0.0,0.0,50.0,0,,nan,nan,0.0
TBSXX,Money Market Obligations Trust - Federated Tax-Free Obligations Fund,1,2,4,10,6,3,2,3,30,-10.0,25.0,Poor,🔥 COILED: Stay away,30,0.0,0.0,0.0,50.0,0,,nan,nan,0.0
TBVXX,Money Market Obligations Trust - Federated Tax-Free Obligations Fund,1,2,4,10,6,3,2,3,30,-10.0,25.0,Poor,🔥 COILED: Stay away,30,0.0,0.0,0.0,50.0,0,,nan,nan,0.0
TCGXX,SEI Daily Income Trust - Government II Fund,1,2,4,10,6,3,2,3,30,-10.0,25.0,Poor,🔥 COILED: Stay away,30,0.0,0.0,0.0,50.0,0,,nan,nan,0.0
TCRXX,American Century Investment Trust - Premium Money Market Fund,1,2,4,10,6,3,2,3,30,-10.0,25.0,Poor,🔥 COILED: Stay away,30,0.0,0.0,0.0,50.0,0,,nan,nan,0.0
TCIXX,TIAA-CREF Funds - TIAA-CREF Money Market Fund,1,2,4,10,6,3,2,3,30,-10.0,25.0,Poor,🔥 COILED: Stay away,30,0.0,0.0,0.0,50.0,0,,nan,nan,0.0
TERXX,T. Rowe Price Tax-Exempt Money Fund Inc.,1,2,4,10,6,3,2,3,30,-10.0,25.0,Poor,🔥 COILED: Stay away,30,0.0,0.0,0.0,50.0,0,,nan,nan,0.0
TGRXX,Transamerica Funds - Government Money Market Fund,1,2,4,10,6,3,2,3,30,-10.0,25.0,Poor,🔥 COILED: Stay away,30,0.0,0.0,0.0,50.0,0,,nan,nan,0.0
TFFXX,BlackRock Liquidity Funds - Federal Trust Fund,1,2,4,10,6,3,2,3,30,-10.0,25.0,Poor,🔥 COILED: Stay away,30,0.0,0.0,0.0,50.0,0,,nan,nan,0.0
TFGXX,Transamerica Funds - Government Money Market Fund,1,2,4,10,6,3,2,3,30,-10.0,25.0,Poor,🔥 COILED: Stay away,30,0.0,0.0,0.0,50.0,0,,nan,nan,0.0
TIEXX,TIAA-CREF Funds - TIAA-CREF Money Market Fund,1,2,4,10,6,3,2,3,30,-10.0,25.0,Poor,🔥 COILED: Stay away,30,0.0,0.0,0.0,50.0,0,,nan,nan,0.0
TGTXX,Transamerica Funds - Government Money Market Fund,1,2,4,10,6,3,2,3,30,-10.0,25.0,Poor,🔥 COILED: Stay away,30,0.0,0.0,0.0,50.0,0,,nan,nan,0.0
TIMXX,RBC Funds Trust - U.S. Government Money Market Fund,1,2,4,10,6,3,2,3,30,-10.0,25.0,Poor,🔥 COILED: Stay away,30,0.0,0.0,0.0,50.0,0,,nan,nan,0.0
TISXX,Money Market Obligations Trust - Federated Hermes U.S. Treasury Cash Reserves,1,2,4,10,6,3,2,3,30,-10.0,25.0,Poor,🔥 COILED: Stay away,30,0.0,0.0,0.0,50.0,0,,nan,nan,0.0
TLMXX,TIAA-CREF Life Money Market Fund,1,2,4,10,6,3,2,3,30,-10.0,25.0,Poor,🔥 COILED: Stay away,30,0.0,0.0,0.0,50.0,0,,nan,nan,0.0
TIRXX,TIAA-CREF Funds - TIAA-CREF Money Market Fund,1,2,4,10,6,3,2,3,30,-10.0,25.0,Poor,🔥 COILED: Stay away,30,0.0,0.0,0.0,50.0,0,,nan,nan,0.0
TMDXX,T. Rowe Price State Tax-Free Income Trust - T. Rowe Price Maryland Tax-Free Money Fund,1,2,4,10,6,3,2,3,30,-10.0,25.0,Poor,🔥 COILED: Stay away,30,0.0,0.0,0.0,50.0,0,,nan,nan,0.0
TMHXX,TIAA-CREF Life Funds - Money Market Fund,1,2,4,10,6,3,2,3,30,-10.0,25.0,Poor,🔥 COILED: Stay away,30,0.0,0.0,0.0,50.0,0,,nan,nan,0.0
TPFXX,Short-Term Investment Trust - Invesco Treasury Portfolio,1,2,4,10,6,3,2,3,30,-10.0,25.0,Poor,🔥 COILED: Stay away,30,0.0,0.0,0.0,50.0,0,,nan,nan,0.0
TPLXX,State Street Institutional Investment Trust - International Treasure Plus Money Market Fund,1,2,4,10,6,3,2,3,30,-10.0,25.0,Poor,🔥 COILED: Stay away,30,0.0,0.0,0.0,50.0,0,,nan,nan,0.0
TPPXX,TIAA-CREF Funds - TIAA-CREF Money Market Fund,1,2,4,10,6,3,2,3,30,-10.0,25.0,Poor,🔥 COILED: Stay away,30,0.0,0.0,0.0,50.0,0,,nan,nan,0.0
TPVXX,State Street Institutional Investment Trust - State Street Institutional Treasury Plus Money Market,1,2,4,10,6,3,2,3,30,-10.0,25.0,Poor,🔥 COILED: Stay away,30,0.0,0.0,0.0,50.0,0,,nan,nan,0.0
TRGXX,T. Rowe Price U.S. Treasury Funds Inc. - T. Rowe Price U.S. Treasury Money Fund,1,2,4,10,6,3,2,3,30,-10.0,25.0,Poor,🔥 COILED: Stay away,30,0.0,0.0,0.0,50.0,0,,nan,nan,0.0
TRIXX,State Street Institutional Investment Trust - Treasury Fund,1,2,4,10,6,3,2,3,30,-10.0,25.0,Poor,🔥 COILED: Stay away,30,0.0,0.0,0.0,50.0,0,,nan,nan,0.0
TRVXX,State Street Institutional Investment Trust - Treasury Fund,1,2,4,10,6,3,2,3,30,-10.0,25.0,Poor,🔥 COILED: Stay away,30,0.0,0.0,0.0,50.0,0,,nan,nan,0.0
TRZXX,T. Rowe Price U.S. Treasury Funds Inc. - T. Rowe Price U.S. Treasury Money Fund,1,2,4,10,6,3,2,3,30,-10.0,25.0,Poor,🔥 COILED: Stay away,30,0.0,0.0,0.0,50.0,0,,nan,nan,0.0
TRPXX,Short-Term Investment Trust - Invesco Treasury Portfolio,1,2,4,10,6,3,2,3,30,-10.0,25.0,Poor,🔥 COILED: Stay away,30,0.0,0.0,0.0,50.0,0,,nan,nan,0.0
TSPXX,Short-Term Investment Trust - Invesco Treasury Obligations Portfolio,1,2,4,10,6,3,2,3,30,-10.0,25.0,Poor,🔥 COILED: Stay away,30,0.0,0.0,0.0,50.0,0,,nan,nan,0.0
TTGXX,T Rowe Price Government Money Funds Inc - Government Money Fund,1,2,4,10,6,3,2,3,30,-10.0,25.0,Poor,🔥 COILED: Stay away,30,0.0,0.0,0.0,50.0,0,,nan,nan,0.0
TTOXX,Money Market Obligations Trust - Federated Trust for U.S. Treasury Obligations,1,2,4,10,6,3,2,3,30,-10.0,25.0,Poor,🔥 COILED: Stay away,30,0.0,0.0,0.0,50.0,0,,nan,nan,0.0
TUGXX,RBC Funds Trust - U.S. Government Money Market Fund,1,2,4,10,6,3,2,3,30,-10.0,25.0,Poor,🔥 COILED: Stay away,30,0.0,0.0,0.0,50.0,0,,nan,nan,0.0
TUIXX,RBC Funds Trust - U.S. Government Money Market Fund,1,2,4,10,6,3,2,3,30,-10.0,25.0,Poor,🔥 COILED: Stay away,30,0.0,0.0,0.0,50.0,0,,nan,nan,0.0
TWNXX,T. Rowe Price State Tax-Free Income Trust - T. Rowe Price Maryland Tax-Free Money Fund,1,2,4,10,6,3,2,3,30,-10.0,25.0,Poor,🔥 COILED: Stay away,30,0.0,0.0,0.0,50.0,0,,nan,nan,0.0
TXPXX,Short-Term Investment Trust - Invesco Treasury Obligations Portfolio,1,2,4,10,6,3,2,3,30,-10.0,25.0,Poor,🔥 COILED: Stay away,30,0.0,0.0,0.0,50.0,0,,nan,nan,0.0
TXMXX,Cash Account Trust - DWS Tax-Exempt Portfolio,1,2,4,10,6,3,2,3,30,-10.0,25.0,Poor,🔥 COILED: Stay away,30,0.0,0.0,0.0,50.0,0,,nan,nan,0.0
TYCXX,Short-Term Investment Trust - Invesco Treasury Portfolio,1,2,4,10,6,3,2,3,30,-10.0,25.0,Poor,🔥 COILED: Stay away,30,0.0,0.0,0.0,50.0,0,,nan,nan,0.0
UATXX,USAA Mutual Funds Trust - USAA Treasury Money Market Trust,1,2,4,10,6,3,2,3,30,-10.0,25.0,Poor,🔥 COILED: Stay away,30,0.0,0.0,0.0,50.0,0,,nan,nan,0.0
UPPXX,UBS Select Prime Preferred Fund,1,2,4,10,6,3,2,3,30,-10.0,25.0,Poor,🔥 COILED: Stay away,30,0.0,0.0,0.0,50.0,0,,nan,nan,0.0
USAXX,USAA Mutual Funds Trust - USAA Money Market Fund,1,2,4,10,6,3,2,3,30,-10.0,25.0,Poor,🔥 COILED: Stay away,30,0.0,0.0,0.0,50.0,0,,nan,nan,0.0
UPRXX,Ubs Money Series - Prime Reserve  Fund,1,2,4,10,6,3,2,3,30,-10.0,25.0,Poor,🔥 COILED: Stay away,30,0.0,0.0,0.0,50.0,0,,nan,nan,0.0
USEXX,USAA Mutual Funds Trust - USAA Tax Exempt Money Market Fund,1,2,4,10,6,3,2,3,30,-10.0,25.0,Poor,🔥 COILED: Stay away,30,0.0,0.0,0.0,50.0,0,,nan,nan,0.0
UTIXX,Money Market Obligations Trust - Federated Hermes U.S. Treasury Cash Reserves,1,2,4,10,6,3,2,3,30,-10.0,25.0,Poor,🔥 COILED: Stay away,30,0.0,0.0,0.0,50.0,0,,nan,nan,0.0
UTSXX,Shelton Funds - The United States Treasury Trust,1,2,4,10,6,3,2,3,30,-10.0,25.0,Poor,🔥 COILED: Stay away,30,0.0,0.0,0.0,50.0,0,,nan,nan,0.0
VCTXX,Vanguard California Municipal Money Market Fund,1,2,4,10,6,3,2,3,30,-10.0,25.0,Poor,🔥 COILED: Stay away,30,0.0,0.0,0.0,50.0,0,,nan,nan,0.0
VETXX,Goldman Sachs Trust - Goldman Sachs Financial Square Government Fund,1,2,4,10,6,3,2,3,30,-10.0,25.0,Poor,🔥 COILED: Stay away,30,0.0,0.0,0.0,50.0,0,,nan,nan,0.0
VMRXX,Vanguard Money Market Reserves - Vanguard Cash Reserves Federal Money Market Fund,1,2,4,10,6,3,2,3,30,-10.0,25.0,Poor,🔥 COILED: Stay away,30,0.0,0.0,0.0,50.0,0,,nan,nan,0.0
VMSXX,Vanguard Municipal Bond Funds - Vanguard Municipal Money Market Fund,1,2,4,10,6,3,2,3,30,-10.0,25.0,Poor,🔥 COILED: Stay away,30,0.0,0.0,0.0,50.0,0,,nan,nan,0.0
VYFXX,Vanguard New York Tax-Exempt Money Market Fund,1,2,4,10,6,3,2,3,30,-10.0,25.0,Poor,🔥 COILED: Stay away,30,0.0,0.0,0.0,50.0,0,,nan,nan,0.0
WACXX,Western Asset Premier Institutional Government Reserves Preferred Shares,1,2,4,10,6,3,2,3,30,-10.0,25.0,Poor,🔥 COILED: Stay away,30,0.0,0.0,0.0,50.0,0,,nan,nan,0.0
WABXX,Western Asset Premier Institutional Government Reserves Capital Shares,1,2,4,10,6,3,2,3,30,-10.0,25.0,Poor,🔥 COILED: Stay away,30,0.0,0.0,0.0,50.0,0,,nan,nan,0.0
WADXX,Western Asset Premier Institutional U.S. Treasury Reserves Capital Shares,1,2,4,10,6,3,2,3,30,-10.0,25.0,Poor,🔥 COILED: Stay away,30,0.0,0.0,0.0,50.0,0,,nan,nan,0.0
WAEXX,Western Asset Premier Institutional U.S. Treasury Reserves Preferred Shares,1,2,4,10,6,3,2,3,30,-10.0,25.0,Poor,🔥 COILED: Stay away,30,0.0,0.0,0.0,50.0,0,,nan,nan,0.0
WAGXX,Wilmington Funds - Wilmington U.S. Government Money Market Fund,1,2,4,10,6,3,2,3,30,-10.0,25.0,Poor,🔥 COILED: Stay away,30,0.0,0.0,0.0,50.0,0,,nan,nan,0.0
WFFXX,Allspring Funds Trust - Allspring Government Money Market Fund,1,2,4,10,6,3,2,3,30,-10.0,25.0,Poor,🔥 COILED: Stay away,30,0.0,0.0,0.0,50.0,0,,nan,nan,0.0
WCGXX,Northern Institutional Funds - U.S. Government Select Portfolio,1,2,4,10,6,3,2,3,30,-10.0,25.0,Poor,🔥 COILED: Stay away,30,0.0,0.0,0.0,50.0,0,,nan,nan,0.0
WFGXX,Allspring Funds Trust - Allspring Government Money Market Fund,1,2,4,10,6,3,2,3,30,-10.0,25.0,Poor,🔥 COILED: Stay away,30,0.0,0.0,0.0,50.0,0,,nan,nan,0.0
WFNXX,Wells Fargo Funds Trust - National Tax-Free Money Market Fund,1,2,4,10,6,3,2,3,30,-10.0,25.0,Poor,🔥 COILED: Stay away,30,0.0,0.0,0.0,50.0,0,,nan,nan,0.0
WGAXX,Allspring Funds Trust - Allspring Government Money Market Fund,1,2,4,10,6,3,2,3,30,-10.0,25.0,Poor,🔥 COILED: Stay away,30,0.0,0.0,0.0,50.0,0,,nan,nan,0.0
WGEXX,Wilmington Funds - Wilmington U.S. Government Money Market Fund,1,2,4,10,6,3,2,3,30,-10.0,25.0,Poor,🔥 COILED: Stay away,30,0.0,0.0,0.0,50.0,0,,nan,nan,0.0
WGSXX,WT Mutual Fund - Wilmington U.S. Government Money Market Fund,1,2,4,10,6,3,2,3,30,-10.0,25.0,Poor,🔥 COILED: Stay away,30,0.0,0.0,0.0,50.0,0,,nan,nan,0.0
WGOXX,Wilmington Funds - Wilmington U.S. Government Money Market Fund,1,2,4,10,6,3,2,3,30,-10.0,25.0,Poor,🔥 COILED: Stay away,30,0.0,0.0,0.0,50.0,0,,nan,nan,0.0
WMOXX,Wells Fargo Funds Trust - Money Market Fund,1,2,4,10,6,3,2,3,30,-10.0,25.0,Poor,🔥 COILED: Stay away,30,0.0,0.0,0.0,50.0,0,,nan,nan,0.0
WNTXX,Wells Fargo Funds Trust - National Tax-Free Money Market Fund,1,2,4,10,6,3,2,3,30,-10.0,25.0,Poor,🔥 COILED: Stay away,30,0.0,0.0,0.0,50.0,0,,nan,nan,0.0
WMPXX,Wells Fargo Funds Trust - Money Market Fund,1,2,4,10,6,3,2,3,30,-10.0,25.0,Poor,🔥 COILED: Stay away,30,0.0,0.0,0.0,50.0,0,,nan,nan,0.0
WOTXX,Wells Fargo Funds Trust - 100% Treasury Money Market Fund,1,2,4,10,6,3,2,3,30,-10.0,25.0,Poor,🔥 COILED: Stay away,30,0.0,0.0,0.0,50.0,0,,nan,nan,0.0
WTEXX,WT Mutual Fund - Wilmington Tax-Exempt Money Market Fund,1,2,4,10,6,3,2,3,30,-10.0,25.0,Poor,🔥 COILED: Stay away,30,0.0,0.0,0.0,50.0,0,,nan,nan,0.0
WTAXX,Wilmington Funds - Wilmington U.S. Treasury Money Market Fund,1,2,4,10,6,3,2,3,30,-10.0,25.0,Poor,🔥 COILED: Stay away,30,0.0,0.0,0.0,50.0,0,,nan,nan,0.0
WTIXX,Wilmington Funds - Wilmington U.S. Treasury Money Market Fund,1,2,4,10,6,3,2,3,30,-10.0,25.0,Poor,🔥 COILED: Stay away,30,0.0,0.0,0.0,50.0,0,,nan,nan,0.0
WTPXX,Wells Fargo Funds Trust - Treasury Plus Money Market Fund,1,2,4,10,6,3,2,3,30,-10.0,25.0,Poor,🔥 COILED: Stay away,30,0.0,0.0,0.0,50.0,0,,nan,nan,0.0
WTLXX,Wells Fargo Funds Trust - Treasury Plus Money Market Fund,1,2,4,10,6,3,2,3,30,-10.0,25.0,Poor,🔥 COILED: Stay away,30,0.0,0.0,0.0,50.0,0,,nan,nan,0.0
WTSXX,WT Mutual Fund - Wilmington Tax-Exempt Money Market Fund,1,2,4,10,6,3,2,3,30,-10.0,25.0,Poor,🔥 COILED: Stay away,30,0.0,0.0,0.0,50.0,0,,nan,nan,0.0
WTRXX,Wells Fargo Funds Trust - 100% Treasury Money Market Fund,1,2,4,10,6,3,2,3,30,-10.0,25.0,Poor,🔥 COILED: Stay away,30,0.0,0.0,0.0,50.0,0,,nan,nan,0.0
FOBXX,Franklin Templeton Trust - Onchain US Government Money Fund,1,2,4,10,6,3,2,3,30,-10.0,25.0,Poor,🔥 COILED: Stay away,30,0.0,0.0,0.0,50.0,0,,nan,nan,0.0
TRSXX,TRSXX,1.0,3,4,9,5,3,1,3,28,-8.0,25.0,Poor,🔥 COILED: Stay away,25,0.0,0.0,-3.5,44.0,0,,nan,nan,0.0
FYIXX,Fidelity Treasury Only Money Market Fund,1,2,4,10,6,3,2,3,30,-10.0,25.0,Poor,🔥 COILED: Stay away,30,0.0,0.0,0.0,50.0,0,,nan,nan,0.0
KCLHF,KCLHF,1.06,2,4,10,6,3,2,3,30,-10.0,25.0,Poor,🔥 COILED: Stay away,0,0.0,0.0,0.0,50.0,0,,nan,4759977472.0,0.0
BVSFF,Bravura Solutions Limited,1.05,5,6,6,4,4,4,3,32,-10.0,25.0,Poor,Stay away,33,0.0,0.0,0.1,50.1,0,,Technology,479680992.0,139.25
LRHC,La Rosa Holdings Corp. Common Stock,1.11,6,10,9,5,4,2,2,38,-13.0,25.0,Poor,Stay away,39,0.0,-5.1,0.5,49.2,2,,Real Estate,1270500.0,267070.71
EVCOU,EVCOU,1.1,2,4,10,6,3,2,3,30,-10.0,25.0,Poor,🔥 COILED: Stay away,30,0.0,0.0,0.0,50.0,0,,nan,nan,0.25
FCSUF,Focus Minerals Limited,1.15,4,3,10,4,3,5,3,32,-10.0,25.0,Poor,Stay away,31,0.0,0.0,-0.3,7.0,0,,Basic Materials,329542432.0,143.16
SNCF,Sanarco Funds Inc,1.23,7,6,2,7,4,1,3,30,-5.0,25.0,Poor,Stay away,24,-0.8,0.0,-1.0,26.4,1,,Financial Services,13592344.0,25.33
CVPUF,CP ALL Public Company Limited,1.3,7,3,10,7,3,2,3,35,-13.0,25.0,Poor,Stay away,34,0.0,0.0,-0.0,86.7,0,,Consumer Defensive,15148871680.0,0.0
HRZCF,HRZCF,1.3,2,4,10,6,3,2,3,30,-10.0,25.0,Poor,🔥 COILED: Stay away,31,0.0,0.0,0.0,50.0,0,,Industrials,4156417024.0,4.5
KNFSF,Kiatnakin Bank Public Company. Ltd,1.32,2,4,10,6,3,2,3,30,-10.0,25.0,Poor,🔥 COILED: Stay away,31,0.0,0.0,0.0,50.0,0,,Financial Services,1613675136.0,30.04
AHG,Akso Health Group ADR,1.56,5,16,5,6,4,2,5,43,-16.0,25.0,Poor,Stay away,29,4.7,3.3,4.3,54.9,1,,Healthcare,1311185792.0,52050.48
ICDX,ICDX,1.3,2,4,10,6,3,2,3,30,-10.0,25.0,Poor,🔥 COILED: Stay away,31,0.0,0.0,0.0,50.0,0,,Consumer Cyclical,8384999.0,9.0
AUHYF,Anadolu Hayat Emeklilik Anonim Sirketi,1.418,5,4,9,4,3,2,3,30,-10.0,25.0,Poor,🔥 COILED: Stay away,25,0.0,0.0,0.0,50.0,0,,Financial Services,609800192.0,122.14
YADGF,Yadea Group Holdings Ltd,0.86,3,7,1,7,3,2,2,25,0.0,25.0,Poor,Stay away,16,0.0,0.0,-12.2,39.0,0,,Consumer Cyclical,4584581632.0,100.94
STCPF,Sella Capital Real Estate Ltd,1.5,2,4,10,6,3,2,3,30,-10.0,25.0,Poor,🔥 COILED: Stay away,30,0.0,0.0,0.0,50.0,0,,Real Estate,384328800.0,0.0
STNDF,Santander UK plc,1.5,2,4,10,6,3,2,3,30,-10.0,25.0,Poor,🔥 COILED: Stay away,31,0.0,0.0,0.0,50.0,0,,Financial Services,nan,889.13
DLEXY,Datalex plc,1.55,8,4,9,6,3,2,3,35,-15.0,25.0,Poor,🔥 COILED: Stay away,44,0.0,0.0,-0.0,48.1,1,,Technology,145819168.0,11.9
DHY,Credit Suisse High Yield Bond Fund,1.72,4,2,2,12,1,1,3,25,0.0,25.0,Poor,Stay away,19,-3.9,-2.8,-2.1,38.3,0,,Financial Services,217378800.0,640456.26
GANX,Gain Therapeutics Inc,1.66,0,5,6,9,4,4,2,30,-5.0,25.0,Poor,Stay away,15,-8.8,-16.6,-6.8,39.7,1,,Healthcare,79336512.0,937278.32
FHQRX,FRANKLIN HIGH INCOME FUND CLASS A,1.73,3,5,6,6,3,4,3,30,-10.0,25.0,Poor,🔥 COILED: Stay away,29,0.0,0.0,-0.1,40.0,0,,nan,nan,0.0
STXS,Stereotaxis Inc,1.65,1,7,0,10,3,0,2,23,-3.0,25.0,Poor,Stay away,14,-5.2,-6.8,-4.7,41.5,1,,Healthcare,183745008.0,483199.22
MTPTF,Motorpoint Group plc,1.78,2,4,10,6,3,2,3,30,-10.0,25.0,Poor,🔥 COILED: Stay away,30,0.0,0.0,0.0,50.0,1,,Consumer Cyclical,141745376.0,88.75
JDLGF,JD Logistics Inc,1.525,1,13,2,5,3,2,2,28,-6.0,25.0,Poor,Stay away,37,0.0,3.9,-3.8,41.0,0,,Industrials,11075524608.0,299.91
CLIHF,CLS Holdings plc,1.8,2,4,10,6,3,2,3,30,-10.0,25.0,Poor,🔥 COILED: Stay away,30,0.0,0.0,0.0,50.0,1,,Real Estate,716599360.0,0.5
PROK,ProKidney Corp.,1.61,1,10,0,9,4,2,2,28,-1.0,25.0,Poor,Stay away,20,-10.6,-14.8,-8.4,40.7,1,,Healthcare,522563136.0,1311690.88
THCH,TH International Limited,1.78,6,5,1,8,1,5,4,30,-5.0,25.0,Poor,Stay away,20,-4.8,-5.8,-0.4,49.3,1,,Consumer Cyclical,57345384.0,10021.73
PHBBF,"Pharmaron Beijing Co., Ltd.",1.93,2,4,10,6,3,2,3,30,-10.0,25.0,Poor,🔥 COILED: Stay away,31,0.0,0.0,0.0,50.0,0,,Healthcare,3545957120.0,4.0
VSTKF,VNV Global AB (publ),1.985,10,3,10,6,3,2,3,37,-15.0,25.0,Poor,Stay away,28,0.0,0.0,-0.0,5.5,1,,Financial Services,254093104.0,467.68
ACDSF,Ascendas Real Estate Investment Trust,1.9,4,6,4,12,4,1,2,33,-4.0,25.0,Poor,Stay away,20,-1.0,-2.6,-1.3,44.7,0,,Real Estate,9982722048.0,13083.79
PBMRY,Bumi Resources Tbk PT ADR,2.23,4,3,10,6,3,3,3,32,-10.0,25.0,Poor,Stay away,17,0.0,0.0,-0.7,8.5,0,,Energy,7370450432.0,33.51
SPIDY,Septeni Holdings Co Ltd ADR,2.13,2,4,10,6,3,2,3,30,-10.0,25.0,Poor,🔥 COILED: Stay away,31,0.0,0.0,0.0,50.0,0,,Communication Services,441858080.0,1.01
MENS,Jyong Biotech Ltd. Ordinary Shares,2.3,14,8,6,14,5,2,5,54,-29,25,Poor,Stay away,35,0.0,12.2,9.0,62.7,3,,Healthcare,158897808.0,444849.83
CWID,Country-Wide Insurance Company,2.15,12,6,11,6,3,4,3,45,-23.0,25.0,Poor,Stay away,52,0.0,0.0,0.0,99.9,0,,Financial Services,nan,4.0
CMCUF,CMCUF,2,2,4,10,6,3,2,3,30,-10.0,25.0,Poor,🔥 COILED: Stay away,0,0.0,0.0,0.0,50.0,0,,Financial Services,nan,0.0
STKAF,Stockland,2.775,5,4,8,0,3,3,5,28,-8.0,25.0,Poor,🔥 COILED: Stay away,21,0.0,-4.3,-2.6,40.7,0,,Real Estate,8583704064.0,0.0
NSANF,Nissan Motor Co. Ltd.,2.1,5,11,6,6,3,2,2,35,-13.0,25.0,Poor,Stay away,29,7.7,5.0,2.6,52.0,2,,Consumer Cyclical,8041679360.0,41572.35
DMTRF,3-D Matrix Ltd,2.5,9,5,4,11,4,7,5,45,-20.0,25.0,Poor,Stay away,40,0.0,11.1,2.7,54.0,3,,Healthcare,270478144.0,460.73
OPTGF,OPTGF,2.175,1,7,0,7,3,2,2,22,0.0,25.0,Poor,Stay away,25,0.0,0.0,-4.2,45.5,0,,Consumer Cyclical,160842000.0,242.99
ADWYF,ADWYF,2.259,2,4,10,6,3,2,3,30,-10.0,25.0,Poor,🔥 COILED: Stay away,30,0.0,0.0,0.0,50.0,0,,Communication Services,88286512.0,0.0
BTMD,biote Corp,2.38,15,13,4,5,4,2,5,48,-21.0,25.0,Poor,Stay away,45,4.4,19.6,8.4,58.9,3,,Healthcare,83905264.0,180561.39
XBP,XBP Europe Holdings Inc,2.76,12,16,5,5,5,7,5,55,-28.0,25.0,Poor,Stay away,31,10.4,12.7,10.4,59.2,3,,Technology,27125356.0,32231.65
ZGM,Zenta Group Company Limited Ordinary Shares,2.78,14,10,3,1,8,4,4,44,-17,25,Poor,Stay away,52,73.7,74.8,40.9,66.6,3,12,Industrials,19484584.0,0.0
LNAI,Lunai Bioworks Inc.,2.88,11,8,3,3,5,2,4,36,-11.0,25.0,Poor,Stay away,55,5.5,-6.8,-2.3,50.7,1,,Healthcare,13012264.0,1012054.32
AMBO,Ambow Education Holding Ltd,2.25,2,9,6,3,9,2,2,33,-6.0,25.0,Poor,Stay away,46,-1.7,-4.3,-2.1,45.8,1,,Consumer Defensive,7179408.0,124148.93
TRSBF,3SBio Inc,2.15,6,6,6,5,3,3,3,32,-10.0,25.0,Poor,Stay away,18,0.0,0.0,-1.6,32.0,0,,Healthcare,6251630592.0,792.52
JFHHF,Jupiter Fund Management Plc,2.61,12,6,11,6,3,4,3,45,-23.0,25.0,Poor,Stay away,55,0.0,0.0,0.0,99.9,0,,Financial Services,1310166528.0,276.5
LGYV,Legacy Ventures International Inc,2.5,2,4,10,6,3,2,3,30,-10.0,25.0,Poor,🔥 COILED: Stay away,30,0.0,0.0,0.0,50.0,0,,Financial Services,125787664.0,0.0
JUKCF,JUKCF,2.64,2,4,10,6,3,2,3,30,-10.0,25.0,Poor,🔥 COILED: Stay away,31,0.0,0.0,0.0,50.0,1,,Industrials,78030800.0,12.5
HHS,Harte Hanks Inc,2.44,10,14,4,2,4,3,3,40,-13.0,25.0,Poor,Stay away,32,5.2,7.5,2.4,52.5,1,,Industrials,18845454.0,38612.09
XFCOX,Aberdeen Global Income Fd Inc,2.74,4,3,10,6,3,3,3,32,-10.0,25.0,Poor,Stay away,32,0.0,0.0,-0.0,36.9,0,,Other,0.0,0.0
ADTGAX,ADTGAX,2.636,2,4,1,8,0,2,3,20,2.0,25.0,Poor,Stay away,36,-0.1,-0.4,-0.1,44.7,0,,nan,nan,0.0
ADTGBX,ADTGBX,2.69,2,4,1,8,0,2,3,20,2.0,25.0,Poor,Stay away,30,-0.2,-0.7,-0.3,42.9,0,,nan,nan,0.0
ADTGSX,ADTGSX,2.701,2,4,1,8,0,2,3,20,2.0,25.0,Poor,Stay away,26,-0.2,-0.8,-0.3,42.8,0,,nan,nan,0.0
BBDO,Banco Bradesco S/A ADR,3.09,9,5,7,7,0,1,4,33,-8.0,25.0,Poor,Stay away,29,1.6,4.7,1.0,52.8,0,,Financial Services,31186771968.0,60819.54
HAIIF,Haitian International Holdings Limited,2.8,5,3,10,6,3,2,3,32,-10.0,25.0,Poor,Stay away,31,0.0,0.0,-0.0,0.0,0,,Industrials,4468800000.0,9.5
TSRYF,Treasury Wine Estates Ltd,3.1,6,4,7,4,6,3,2,32,-10.0,25.0,Poor,Stay away,34,0.0,-8.8,-1.7,44.8,1,,Consumer Defensive,2503964672.0,1781.5
MPZZF,MPC Container Ships ASA,2.5,5,6,8,4,3,3,3,32,-10.0,25.0,Poor,Stay away,59,2.0,1.6,-0.8,47.9,0,,Industrials,1225119488.0,13894.32
KRNGY,Karoon Energy Ltd,1.9,3,7,4,5,3,7,3,32,-10.0,25.0,Poor,Stay away,24,0.0,0.0,-5.6,18.2,0,,Energy,1014977024.0,100.1
IHPGF,IntegraFin Holdings plc,2.75,2,4,10,6,3,2,3,30,-10.0,25.0,Poor,🔥 COILED: Stay away,31,0.0,0.0,0.0,50.0,0,,Financial Services,908531712.0,1.0
IPFPF,International Personal Finance plc,2.83,7,3,10,7,3,2,3,35,-13.0,25.0,Poor,Stay away,43,0.0,0.0,0.0,94.9,0,,Financial Services,628432704.0,15.0
DDD,3D Systems Corporation,2.81,5,7,4,8,3,0,2,29,-4.0,25.0,Poor,Stay away,45,-9.6,-5.1,-6.1,43.1,0,,Technology,451127456.0,3922517.08
BMBL,Bumble Inc,3.03,4,6,5,11,2,7,3,38,-13.0,25.0,Poor,Stay away,20,-1.3,-6.2,-0.7,48.5,1,,Communication Services,453522048.0,3347648.81
SARDF,Sanford Limited,2.78,5,3,10,9,3,2,3,35,-13.0,25.0,Poor,Stay away,32,0.0,0.0,-0.0,82.0,0,,Consumer Defensive,259947056.0,0.0
MRVSY,Minerva SA,2.95,3,6,8,6,0,3,4,30,-8.0,25.0,Poor,Stay away,28,0.5,-4.6,-1.9,41.6,0,,Consumer Defensive,777605504.0,6669.0
PFPLF,Propel Funeral Partners Limited,3,2,4,10,6,3,2,3,30,-10.0,25.0,Poor,🔥 COILED: Stay away,30,0.0,0.0,0.0,50.0,0,,Consumer Cyclical,413920800.0,0.0
FRFBF,ForFarmers N.V.,3.17,2,4,10,6,3,2,3,30,-10.0,25.0,Poor,🔥 COILED: Stay away,31,0.0,0.0,0.0,50.0,1,,Consumer Defensive,280641024.0,1.0
CLRO,ClearOne Inc,7.21,15,2,2,12,5,2,5,43,-18.0,25.0,Poor,Stay away,52,-25.3,123.9,13.1,55.3,3,,Technology,8444135.0,22462.05
OSICX,Oppenheimer Strategic Income Fund C,3.12,1,4,5,8,0,2,3,23,-3.0,25.0,Poor,🔥 COILED: Stay away,29,-0.3,-0.3,-0.3,46.9,0,,nan,0.0,0.0
JHHBX,JOHN HANCOCK FOCUSED HIGH YIELD FUND CLASS A,3.02,3,5,6,6,3,4,3,30,-10.0,25.0,Poor,🔥 COILED: Stay away,29,0.0,-0.3,-0.2,41.3,0,,nan,0.0,0.0
OPSIX,Oppenheimer Strat Income Fund,3.13,1,4,5,8,0,2,3,23,-3.0,25.0,Poor,🔥 COILED: Stay away,30,-0.3,0.0,-0.2,47.7,0,,nan,0.0,0.0
DAHSF,Dah Sing Financial Holdings Limited,3.34,5,4,9,4,3,2,3,30,-10.0,25.0,Poor,🔥 COILED: Stay away,32,0.0,0.0,0.0,50.0,0,,Financial Services,1067380800.0,0.52
CTNGY,Costain Group PLC,3.3,7,3,10,7,3,2,3,35,-13.0,25.0,Poor,Stay away,42,0.0,0.0,0.0,97.4,0,,Industrials,440679584.0,3.0
JETD,Bank of Montreal,2.49,5,10,8,11,4,2,3,43,-18.0,25.0,Poor,Stay away,21,7.3,11.2,0.0,45.9,3,,nan,nan,92110.86
CIIHF,CITIC Securities Company Limited,3.5,5,3,11,8,3,2,3,35,-13.0,25.0,Poor,Stay away,40,0.0,0.0,0.0,82.7,0,,Financial Services,49352417280.0,0.0
HBRIY,Harbour Energy PLC ADR,3.14,5,6,4,7,2,2,2,28,-3.0,25.0,Poor,Stay away,27,2.6,3.6,-1.5,45.5,1,,Energy,5679401472.0,25775.82
ZHUZF,Zhuzhou CRRC Times Electric Co. Ltd,3.65,2,4,10,6,3,2,3,30,-10.0,25.0,Poor,🔥 COILED: Stay away,30,0.0,0.0,0.0,50.0,0,,Industrials,4794186240.0,0.0
HNORF,Harvey Norman Holdings Ltd,3.72,5,6,6,5,3,4,3,32,-10.0,25.0,Poor,Stay away,35,0.0,0.0,-0.0,36.3,0,,Consumer Cyclical,4635144704.0,439.67
EENNF,ENAV S.p.A,3.52,2,4,10,6,3,2,3,30,-10.0,25.0,Poor,🔥 COILED: Stay away,30,0.0,0.0,0.0,50.0,0,,Industrials,1901944832.0,0.0
ISLCF,ISLCF,3.69,2,4,10,6,3,2,3,30,-10.0,25.0,Poor,🔥 COILED: Stay away,30,0.0,0.0,0.0,50.0,0,,nan,1258648832.0,0.0
VSTM,Verastem Inc,5.77,16,4,6,15,5,2,5,53,-26.0,25.0,Poor,Stay away,42,6.9,40.7,18.9,72.3,3,,Healthcare,339192256.0,2176157.71
ITOR,Intorio Corp.,3.55,8,6,9,6,3,2,3,37,-15.0,25.0,Poor,Stay away,39,0.0,0.0,-0.0,29.4,1,,Consumer Defensive,192001744.0,17.25
PXMBF,Paxman AB,3.5,2,4,10,6,3,2,3,30,-10.0,25.0,Poor,🔥 COILED: Stay away,31,0.0,0.0,0.0,50.0,0,,Healthcare,81456960.0,27.0
LSHNX,Loomis Sayles High Income Fund Class N,3.65,3,4,8,6,0,4,3,28,-8.0,25.0,Poor,🔥 COILED: Stay away,33,0.0,0.0,-0.1,44.9,0,,nan,0.0,0.0
BRDNF,BRDNF,3.94,1,4,1,7,3,3,3,22,0.0,25.0,Poor,Stay away,17,0.0,-1.7,-1.4,44.1,0,,Basic Materials,1352037888.0,178.33
ANPMF,Andean Precious Metals Corp,4.09,6,5,8,8,0,4,2,33,-8.0,25.0,Poor,Stay away,21,0.2,-5.8,-1.9,46.1,1,,Basic Materials,692820992.0,150585.24
OBIO,Orchestra BioMed Holdings Inc.,3.72,1,8,2,9,4,4,2,30,-3.0,25.0,Poor,Stay away,29,-5.1,-13.5,-5.8,41.2,1,,Healthcare,231139552.0,248407.44
BWEN,Broadwind Energy Inc,4.61,16,3,4,7,3,2,2,37,-12.0,25.0,Poor,Stay away,66,3.8,-0.9,2.0,53.0,0,,Industrials,95020712.0,406780.34
FNFPA,First Niles Financial Inc. PFD SER A,3.8,5,3,10,6,3,2,3,32,-10.0,25.0,Poor,Stay away,30,0.0,0.0,-0.0,0.0,0,,Other,0.0,18.74
ADTGPX,ADTGPX,3.791,2,4,1,8,0,2,3,20,2.0,25.0,Poor,Stay away,29,-0.2,-0.7,-0.3,43.0,0,,nan,nan,0.0
CUGCY,China Oriental Group Co Ltd ADR,4.2,6,3,11,7,3,2,3,35,-13.0,25.0,Poor,Stay away,39,0.0,0.0,0.0,95.7,0,,Basic Materials,876665024.0,2.5
BOSC,BOS Better Online Solutions,4.26,3,10,4,3,5,0,3,28,-4.0,25.0,Poor,Stay away,20,-1.6,-4.7,-1.3,44.6,0,,Technology,29679700.0,84689.73
HNSPF,Hansoh Pharmaceutical Group Company Limited,3.825,3,6,1,7,0,2,3,22,0.0,25.0,Poor,Stay away,20,0.0,0.0,-3.2,46.0,0,,Healthcare,27216607232.0,114.75
OTPMF,OPTiM Corporation,4.42,2,4,10,6,3,2,3,30,-10.0,25.0,Poor,🔥 COILED: Stay away,31,0.0,0.0,0.0,50.0,0,,Technology,240884000.0,4.5
PIGDX,PNC INTERNATIONAL GROWTH FUND CLASS I,4.36,2,3,3,7,0,5,2,22,0.0,25.0,Poor,Stay away,27,-2.7,-3.8,-2.5,40.1,0,,nan,0.0,0.0
AHT-P-I,Ashford Hospitality Trust Inc 7.50% Series I Cumulative Preferred Stock,5.02,11,11,3,2,4,4,5,40,-15.0,25.0,Poor,Stay away,24,-4.4,-3.6,1.1,51.4,0,,Other,nan,7772.28
GSNR,Grayscale Near Trust,4.13,8,4,4,11,3,2,2,34,-9.0,25.0,Poor,Stay away,49,7.0,0.7,-3.8,47.5,1,,nan,nan,0.0
CHYCF,Chiyoda Corporation,4.13,3,2,4,7,3,3,3,25,0.0,25.0,Poor,Stay away,15,0.0,0.0,-2.0,1.0,0,,Industrials,1223250304.0,15.0
CNNRF,Canadian Net Real Estate Investment Trust,4.64,7,4,2,8,0,1,3,25,0.0,25.0,Poor,Stay away,45,0.0,3.1,-0.5,48.4,0,,Real Estate,97775176.0,2506.0
XPHKX,PIMCO High Income Fund,4.49,1,4,1,8,1,2,3,20,2.0,25.0,Poor,Stay away,28,-0.9,-0.7,-0.4,45.0,0,,Other,0.0,0.0
SCVPF,The Siam Cement Public Company Limited,4.89,2,4,10,6,3,2,3,30,-10.0,25.0,Poor,🔥 COILED: Stay away,30,0.0,0.0,0.0,50.0,0,,Industrials,6967443456.0,0.0
AVAL,Grupo Aval,4.97,15,4,4,3,5,4,2,37,-12.0,25.0,Poor,Stay away,50,-1.0,-2.2,-1.3,48.1,0,,Financial Services,5686562304.0,152782.59
ALEDY,Allied Group Ltd ADR,5,2,4,10,6,3,2,3,30,-10.0,25.0,Poor,🔥 COILED: Stay away,30,0.0,0.0,0.0,50.0,1,,Financial Services,702736896.0,0.0
AECLY,AE & CI Ltd. (South Africa) ADR,5.0,5,3,10,6,3,2,3,32,-10.0,25.0,Poor,Stay away,29,0.0,0.0,-0.0,0.0,0,,Basic Materials,527588864.0,4.5
MDNC,Medinotec Inc.,5,2,4,10,6,3,2,3,30,-10.0,25.0,Poor,🔥 COILED: Stay away,31,0.0,0.0,0.0,50.0,0,,Healthcare,58777740.0,5.0
TRBFX,T. ROWE PRICE LIMITED DURATION INFLATION FOCUSED BOND FUND INC. T. ROWE PRICE LIMITED DURATION INFLATION FOCUSED BOND FUND INC.,4.75,7,6,4,6,0,2,3,28,-8.0,25.0,Poor,🔥 COILED: Stay away,27,-0.2,0.0,-0.1,44.4,0,,nan,0.0,0.0
SSIXX,State Street Institutional Liquid Reserves Fund,1.0,4,3,10,6,3,2,3,31,-10.0,24.0,Broken,Avoid/exit,32,0.0,0.0,-0.0,0.0,0,,nan,nan,0.0
SSHXX,State Street Institutional Liquid Reserves Fund,1.0,4,3,10,6,3,2,3,31,-10.0,24.0,Broken,Avoid/exit,32,0.0,0.0,-0.0,0.0,0,,nan,nan,0.0
SSVXX,State Street Institutional Liquid Reserves Fund,1.0,4,3,10,6,3,2,3,31,-10.0,24.0,Broken,Avoid/exit,32,0.0,0.0,-0.0,0.0,0,,nan,nan,0.0
SSYXX,State Street Institutional Liquid Reserves Fund,1.0,4,3,10,6,3,2,3,31,-10.0,24.0,Broken,Avoid/exit,32,0.0,0.0,-0.0,0.0,0,,nan,nan,0.0
SSZXX,State Street Institutional Liquid Reserves Fund,1.0,4,5,10,6,3,2,3,33,-12.0,24.0,Broken,Avoid/exit,32,0.0,0.0,-0.0,67.6,0,,nan,nan,0.0
TILXX,State Street Institutional Investment Trust - International Liquid Reserves Fund,1.0,4,3,10,6,3,2,3,31,-10.0,24.0,Broken,Avoid/exit,32,0.0,0.0,-0.0,0.0,0,,nan,nan,0.0
VPMXX,JPMorgan Trust I - JPMorgan Prime Money Market Fund,1.0,4,4,7,6,3,2,3,29,-10.0,24.0,Broken,🔥 COILED: Avoid/exit,33,0.0,0.0,-0.0,41.6,0,,nan,nan,0.0
BUYXX,BUYXX,1.0,4,4,10,4,3,1,3,29,-10.0,24.0,Broken,🔥 COILED: Avoid/exit,28,0.0,0.0,-0.8,42.7,0,,nan,nan,0.0
BVYXX,BVYXX,1.0,4,4,10,4,3,1,3,29,-10.0,24.0,Broken,🔥 COILED: Avoid/exit,28,0.0,0.0,-0.8,42.7,0,,nan,nan,0.0
CAHXX,CAHXX,1.0,4,4,10,4,3,1,3,29,-10.0,24.0,Broken,🔥 COILED: Avoid/exit,28,0.0,0.0,-0.8,42.7,0,,nan,nan,0.0
CAJXX,CAJXX,1.0,4,4,10,4,3,1,3,29,-10.0,24.0,Broken,🔥 COILED: Avoid/exit,28,0.0,0.0,-0.8,42.7,0,,nan,nan,0.0
LDIXX,LDIXX,1.0,4,4,10,4,3,1,3,29,-10.0,24.0,Broken,🔥 COILED: Avoid/exit,31,0.0,0.0,-0.8,44.1,0,,nan,nan,0.0
LEIXX,LEIXX,1.0,4,4,10,4,3,1,3,29,-10.0,24.0,Broken,🔥 COILED: Avoid/exit,30,0.0,0.0,-0.7,44.4,0,,nan,nan,0.0
OPGXX,OPGXX,1.0,4,4,10,4,3,1,3,29,-10.0,24.0,Broken,🔥 COILED: Avoid/exit,26,0.0,0.0,-0.8,42.8,0,,nan,nan,0.0
OPRXX,OPRXX,1.0,4,4,10,4,3,1,3,29,-10.0,24.0,Broken,🔥 COILED: Avoid/exit,29,0.0,0.0,-0.8,42.9,0,,nan,nan,0.0
OPTXX,OPTXX,1.0,4,4,10,4,3,1,3,29,-10.0,24.0,Broken,🔥 COILED: Avoid/exit,28,0.0,0.0,-0.8,42.8,0,,nan,nan,0.0
VTLXX,VTLXX,1.0,4,4,10,4,3,1,3,29,-10.0,24.0,Broken,🔥 COILED: Avoid/exit,26,0.0,0.0,-0.8,42.9,0,,nan,nan,0.0
VTGXX,VTGXX,1.0,4,4,10,4,3,1,3,29,-10.0,24.0,Broken,🔥 COILED: Avoid/exit,28,0.0,0.0,-0.8,42.7,0,,nan,nan,0.0
VTTXX,VTTXX,1.0,4,4,10,4,3,1,3,29,-10.0,24.0,Broken,🔥 COILED: Avoid/exit,29,0.0,0.0,-0.3,46.2,0,,nan,nan,0.0
VINO,Gaucho Group Holdings Inc,1.44,7,9,5,5,6,0,5,37,-13.0,24.0,Broken,Avoid/exit,41,-4.0,-4.0,8.0,51.1,1,,Real Estate,1890232.0,0.0
CHEV,Cheviot Financial Corp,0.127,4,6,1,9,3,4,2,29,-5.0,24.0,Broken,Avoid/exit,12,0.0,-86.6,-71.4,39.7,1,,Industrials,12933190.0,2452.39
FGSGF,Flat Glass Group Co. Ltd,1.2,4,3,9,6,3,3,3,31,-10.0,24.0,Broken,Avoid/exit,20,0.0,0.0,-0.1,0.0,0,,Technology,2788911616.0,29.5
AMMHF,AMMB Holdings Berhad,1.255,5,4,4,6,3,6,3,31,-10.0,24.0,Broken,Avoid/exit,23,0.0,0.0,-0.2,42.4,0,,Financial Services,4149642496.0,100.35
ENSIF,ENSIF,1.22,1,8,7,6,9,1,2,34,-8.0,24.0,Broken,Avoid/exit,0,-2.4,-2.4,-3.1,44.1,1,,nan,nan,0.0
EAPIF,Euroapi S.A,1.51,3,4,1,8,3,4,3,26,-5.0,24.0,Broken,Avoid/exit,43,0.0,0.0,-1.0,47.1,1,,Healthcare,148133664.0,115.14
MTLRF,Metalore Resources Limited,1.67,4,3,9,6,3,3,3,31,-10.0,24.0,Broken,Avoid/exit,20,0.0,0.0,-0.3,0.1,0,,Energy,3195063.0,5.0
CSTE,Caesarstone Ltd,2.41,15,6,5,9,5,4,5,49,-25.0,24.0,Broken,Avoid/exit,61,2.1,10.0,7.8,66.0,3,,Industrials,59818344.0,459980.86
ELLKY,Ellaktor SA ADR,1.77,8,3,10,5,0,2,3,31,-10.0,24.0,Broken,Avoid/exit,23,0.0,0.0,-0.0,19.8,1,,Industrials,612712000.0,0.0
CAPFF,Capital Limited,1.42,3,6,0,8,3,2,2,24,0.0,24.0,Broken,Avoid/exit,25,0.0,-2.4,-6.1,44.0,0,,Basic Materials,406262848.0,71.42
DYSL,Dynasil Corporation of America,1.8,8,3,11,9,3,2,3,39,-18.0,24.0,Broken,Avoid/exit,39,0.0,0.0,0.0,83.9,1,,Technology,22198900.0,19.5
FRSX,Foresight Autonomous Holdings Ltd ADR,1.43,1,8,1,9,4,4,2,29,-3.0,24.0,Broken,Avoid/exit,19,-10.1,-27.4,-12.0,36.3,1,,Consumer Cyclical,4505939.0,123691.54
MYCOF,Mydecine Innovations Group Inc,1.1,11,4,5,6,6,4,5,41,-20.0,24.0,Broken,Avoid/exit,47,0.0,-45.0,-8.7,50.3,0,,Healthcare,103044568.0,0.0
BATXF,Battery X Metals Inc.,1.93,13,11,6,14,2,3,5,54,-30,24,Broken,Avoid/exit,47,27.8,36.9,13.4,60.6,4,,Basic Materials,10368724.0,3730.4
RMHVX,Easterly ROCMuni High Inc Muncpl Bd Inv,2.2,15,4,7,6,6,2,4,44,-23.0,24.0,Broken,Avoid/exit,36,0.0,0.5,0.3,96.4,0,,nan,nan,0.0
RMJAX,Easterly ROCMuni High Inc Muncpl Bd A,2.19,15,4,7,6,6,2,4,44,-23.0,24.0,Broken,Avoid/exit,35,0.0,0.5,0.2,96.3,0,,nan,nan,0.0
MTRBF,Metro Bank Holdings PLC,2.12,5,9,0,10,6,4,2,36,-8.0,24.0,Broken,Avoid/exit,51,-9.0,-9.8,-5.2,40.6,1,,Financial Services,1515267072.0,2055.03
HUYA,HUYA Inc,2.4,9,8,7,6,2,0,4,36,-12.0,24.0,Broken,Avoid/exit,19,-4.4,-0.8,-0.2,47.2,1,,Communication Services,588265472.0,1459503.84
CNTN,"Canton Strategic Holdings, Inc.",2.34,1,9,2,9,2,2,2,27,-3.0,24.0,Broken,Avoid/exit,14,2.2,-20.4,-10.2,39.3,1,,Healthcare,171021952.0,4018047.21
CHMI,Cherry Hill Mortgage Investment Corp,2.35,6,13,5,1,3,3,3,34,-8.0,24.0,Broken,Avoid/exit,19,2.6,1.7,0.7,50.1,1,,Real Estate,88329128.0,241797.26
TDTH,Trident Digital Tech Holdings Ltd American Depository Shares,2.64,16,5,2,7,3,6,5,44,-20.0,24.0,Broken,Avoid/exit,54,1.9,63.0,18.6,55.9,3,,Technology,15619416.0,50801.82
WLSS,Welsis Corp.,2.49,7,3,10,4,4,5,3,36,-15.0,24.0,Broken,Avoid/exit,24,0.0,0.0,-0.3,3.4,1,,Healthcare,6854141.0,62.4
VETTF,Vector Limited,2.73,6,3,10,7,3,2,3,34,-13.0,24.0,Broken,Avoid/exit,30,0.0,0.0,-0.0,92.8,0,,Utilities,2230000128.0,0.0
XDNCF,XD Inc,2.7,5,4,9,6,0,2,3,29,-10.0,24.0,Broken,🔥 COILED: Avoid/exit,35,0.0,0.0,0.0,50.0,0,,Communication Services,1301346432.0,1.75
HKTVY,Hong Kong Television Network Ltd,2.7,4,2,8,7,1,3,4,29,-5.0,24.0,Broken,Avoid/exit,26,-1.8,-1.8,-1.2,39.7,1,,Consumer Cyclical,104870280.0,208.0
CSCI,COSCIENS Biopharma Inc.,8.0,14,9,4,11,7,4,5,54,-30,24,Broken,Avoid/exit,51,-32.2,129.2,23.5,60.7,3,,Healthcare,8641549.0,3862.68
PEW-WS,PEW-WS,2.53,4,5,1,9,2,2,5,28,-4.0,24.0,Broken,Avoid/exit,24,-17.9,8.6,-4.3,46.2,1,,nan,nan,629842.53
NLST,Netlist Inc,2.77,6,9,6,6,4,0,5,36,-13.0,24.0,Broken,Avoid/exit,42,-2.5,-2.8,-1.1,49.2,1,,Technology,1039949504.0,1417982.29
NXTC,NextCure  Inc,6.17,17,5,4,6,3,5,5,45,-21,24,Broken,⚠️ EXHAUSTION RISK: Avoid/exit,42,208.5,216.4,81.2,70.8,3,9,Healthcare,11522586.0,49749.28
WFCNP,Wells Fargo & Company PFD DIV EQUALIZ,2.75,9,6,11,6,3,6,3,44,-23.0,24.0,Broken,Avoid/exit,59,0.0,0.0,0.0,99.9,0,,Other,nan,34.26
ABEV,Ambev SA ADR,3.05,3,8,8,3,7,3,2,34,-8.0,24.0,Broken,Avoid/exit,42,0.3,-1.9,-1.4,44.3,1,,Consumer Defensive,48508940288.0,31817687.3
CHHQF,China Hongqiao Group Limited,2.768,3,7,1,7,0,4,2,24,0.0,24.0,Broken,Avoid/exit,33,2.6,3.4,-6.4,46.6,0,,Basic Materials,32894982144.0,3901.95
AGEN,Agenus Inc,5.0,18,5,3,4,7,4,5,46,-22,24,Broken,Avoid/exit,58,54.3,46.6,27.7,64.9,2,8,Healthcare,134088632.0,633734.88
GRBMF,Grupo Bimbo S.A.B. De C.V.,3.18,7,8,7,2,0,5,2,31,-10.0,24.0,Broken,Avoid/exit,30,6.4,0.6,0.5,50.0,0,,Consumer Defensive,14461111296.0,0.0
NWL,Newell Brands Inc,5.43,14,10,2,3,6,4,5,44,-18.0,24.0,Broken,Avoid/exit,59,5.8,-7.8,4.2,57.9,1,,Consumer Defensive,1631722624.0,7358579.28
PGUCY,Prosegur Cash S.A,3.595,5,3,9,6,3,2,3,31,-10.0,24.0,Broken,Avoid/exit,19,0.0,0.0,-0.0,0.0,0,,Industrials,1231464192.0,1.51
TCPC,BlackRock TCP Capital Corp,3.34,3,13,6,2,4,4,2,34,-8.0,24.0,Broken,Avoid/exit,22,5.7,-3.2,0.3,47.4,2,,Financial Services,319669568.0,923768.68
AHYCX,INVESCO HIGH YIELD FUND CLASS C,3.52,3,5,5,6,3,4,3,29,-10.0,24.0,Broken,🔥 COILED: Avoid/exit,32,0.0,-0.3,-0.1,42.3,0,,nan,0.0,0.0
AHHYX,INVESCO HIGH YIELD FUND CLASS Y,3.53,3,5,5,6,3,4,3,29,-10.0,24.0,Broken,🔥 COILED: Avoid/exit,31,0.0,-0.3,-0.1,42.6,0,,nan,0.0,0.0
LTRCF,The Lottery Corporation Limited,3.795,7,3,7,5,3,6,3,34,-13.0,24.0,Broken,Avoid/exit,48,0.0,0.0,0.0,74.1,0,,Consumer Cyclical,8446803968.0,25.56
PHCHX,VIRTUS HIGH YIELD FUND CLASS A,3.79,3,5,8,6,0,4,3,29,-10.0,24.0,Broken,🔥 COILED: Avoid/exit,34,0.0,-0.3,-0.1,41.5,0,,nan,0.0,0.0
ACRG,American Clean Resources Group Inc.,4.0,3,6,5,8,3,2,2,29,-5.0,24.0,Broken,Avoid/exit,24,14.3,-11.1,-2.6,46.8,1,,Basic Materials,57815404.0,895.65
JVA,Coffee Holding Co Inc,3.49,5,6,7,6,2,2,5,33,-10.0,24.0,Broken,Avoid/exit,27,-1.7,1.5,-1.8,40.4,0,,Consumer Defensive,25688700.0,73256.98
ICCM,Icecure Medical,3.66,11,8,1,3,9,0,5,37,-11.0,24.0,Broken,Avoid/exit,49,-5.9,-30.7,-11.4,47.7,1,,Healthcare,13472165.0,33081.74
WGRX,"Wellgistics Health, Inc. Common Stock",2.66,6,8,7,6,3,2,2,34,-13.0,24.0,Broken,Avoid/exit,44,-9.8,-13.4,-10.4,43.8,1,,Healthcare,11033935.0,340484.16
GRNT,Granite Ridge Resources Inc,4.56,6,10,6,2,2,2,3,31,-10.0,24.0,Broken,Avoid/exit,20,-0.2,4.6,-0.8,45.5,1,,Energy,658160960.0,724184.79
LSAK,Lesaka Technologies Inc,4.8,5,5,4,11,0,4,4,33,-9.0,24.0,Broken,Avoid/exit,44,-1.2,-3.0,-0.3,48.9,1,,Technology,433825280.0,76214.52
RYOJ,"rYojbaba Co., Ltd. Common Shares",4.38,13,8,4,6,7,2,5,45,-19.5,23.5,Broken,Avoid/exit,53,12.9,42.9,27.6,67.5,2,,Industrials,34996500.0,692537.12
EDTXF,Spectral Med Inc,0.95,9,8,6,3,4,3,2,35,-15.0,23.0,Broken,Avoid/exit,33,1.0,3.0,-0.7,45.7,1,,Healthcare,297820256.0,10643.46
FIDXX,FIDXX,1.0,3,4,10,4,3,1,3,28,-10.0,23.0,Broken,🔥 COILED: Avoid/exit,30,0.0,0.0,-0.8,43.0,0,,nan,nan,0.0
WMNXX,WMNXX,1.0,3,4,10,4,3,1,3,28,-10.0,23.0,Broken,🔥 COILED: Avoid/exit,31,0.0,0.0,-0.8,43.2,0,,nan,nan,0.0
FTFT,Future Fintech Group Inc,1.44,18,4,5,5,3,2,5,42,-19,23,Broken,Avoid/exit,66,1100.0,772.7,123.6,75.9,2,11,Technology,6282450.0,56459.87
CHSN,Chanson International Holding Class A Ordinary Shares,1.07,10,13,4,3,4,2,2,38,-13.0,23.0,Broken,Avoid/exit,21,2.9,3.9,-2.6,46.5,0,,Consumer Cyclical,2898858.0,192116.47
WVMDF,West Vault Mining Inc,1.217,14,8,7,7,5,2,4,47,-24.0,23.0,Broken,Avoid/exit,27,5.8,21.7,7.7,62.0,4,,Basic Materials,70271440.0,12046.72
SAPLF,Sylvania Platinum Limited,1.235,12,6,7,2,3,4,2,36,-13.0,23.0,Broken,Avoid/exit,37,7.4,13.3,3.9,55.5,2,,Basic Materials,383059808.0,23242.82
VODPF,Vodafone Group PLC,1.55,18,4,6,6,8,3,4,49,-29,23,Broken,Avoid/exit,44,14.8,13.1,5.9,61.0,4,,Communication Services,35921715200.0,0.0
MGIH,Millennium Group International Holdings Limited Ordinary Shares,1.59,16,5,1,6,5,6,5,44,-21.0,23.0,Broken,Avoid/exit,58,-4.8,8.9,2.5,52.7,2,,Consumer Cyclical,15862500.0,508678.61
KLDCF,Kenorland Minerals Ltd,1.56,9,5,2,10,3,0,3,32,-9.0,23.0,Broken,Avoid/exit,29,-10.0,4.0,-0.8,49.4,1,,Basic Materials,120063616.0,42719.53
PRQR,ProQR Therapeutics BV,1.67,8,6,4,8,3,2,5,36,-13.0,23.0,Broken,Avoid/exit,31,-5.1,-4.6,-1.8,49.1,1,,Healthcare,158043824.0,516464.73
BLNC,Balance Labs Inc,1.55,5,4,10,6,3,2,3,33,-15.0,23.0,Broken,🔥 COILED: Avoid/exit,40,0.0,0.0,-0.0,40.2,1,,Industrials,72621096.0,219.98
PALI,Palisade Bio Inc,1.89,3,6,5,10,0,0,5,29,-6.0,23.0,Broken,Avoid/exit,36,-4.1,-4.1,-3.3,47.3,0,,Healthcare,335394752.0,5322832.89
JEM,707 Cayman Holdings Limited Ordinary Shares,5.29,20,8,4,5,3,2,5,47,-24,23,Broken,Avoid/exit,59,372.3,64.8,95.0,65.1,3,5,Consumer Cyclical,2701902.0,400610.43
FHRRX,FRANKLIN HIGH INCOME FUND CLASS R6,1.74,3,5,4,6,3,4,3,28,-10.0,23.0,Broken,🔥 COILED: Avoid/exit,25,0.0,0.0,-0.1,43.6,0,,nan,0.0,0.0
ONXYY,Ontex Group NV,1.79,5,3,10,4,3,2,3,30,-10.0,23.0,Broken,Avoid/exit,18,0.0,0.0,-0.0,0.0,0,,Consumer Defensive,285445952.0,37.25
HMCLF,HMCLF,1.92,6,3,8,5,3,2,3,30,-10.0,23.0,Broken,Avoid/exit,20,0.0,0.0,-0.0,1.0,1,,Real Estate,792222208.0,124.67
HUATF,Huatai Securities Co. Ltd,2.1,10,6,11,6,3,4,3,43,-23.0,23.0,Broken,Avoid/exit,43,0.0,0.0,0.0,95.0,0,,Financial Services,18956412928.0,15.4
FDCHF,Funding Circle Holdings plc,2.18,12,6,11,6,3,2,3,43,-23.0,23.0,Broken,Avoid/exit,50,0.0,0.0,0.0,100.0,0,,Financial Services,619370624.0,248.0
AOGO,Arogo Capital Acquisition Corp,2.0,8,3,10,6,3,2,3,35,-15.0,23.0,Broken,Avoid/exit,27,0.0,0.0,-0.0,0.0,1,,Financial Services,8746994.0,4.82
XTLB,XTL Biopharmaceuticals Ltd ADR,2.83,13,4,5,12,0,4,5,43,-20.0,23.0,Broken,Avoid/exit,56,-2.1,13.7,2.6,53.9,3,,Healthcare,4802184.0,714385.05
KRYXF,Koryx Copper Inc.,2.15,3,5,5,8,0,2,2,25,-5.0,23.0,Broken,Avoid/exit,34,-3.2,-11.9,-5.5,43.6,1,,Basic Materials,288461056.0,21037.52
DDEJF,Dundee Corp,2.65,10,8,3,9,0,2,3,35,-17.0,23.0,Broken,🔥 COILED: Avoid/exit,28,3.5,12.3,3.6,53.8,3,,Basic Materials,265028080.0,37533.34
SRTS,Sensus Healthcare Inc,3.015,8,5,9,14,0,5,5,46,-23.0,23.0,Broken,Avoid/exit,13,3.3,-0.5,0.2,49.4,1,,Healthcare,44447560.0,90119.71
KLNG,Koil Energy Solutions Inc.,2.4,5,10,8,3,5,0,2,33,-10.0,23.0,Broken,Avoid/exit,47,-7.3,-4.4,-4.3,41.6,0,,Energy,31591512.0,27343.0
ZKH,ZKH Group Limited,2.95,17,12,5,3,4,7,5,53,-28,23,Broken,Avoid/exit,34,16.1,43.2,10.7,59.3,4,,Consumer Cyclical,461901760.0,119782.58
MTGRY,Mount Gibson Iron Ltd ADR,2.825,7,3,10,6,0,6,3,35,-15.0,23.0,Broken,Avoid/exit,33,0.0,0.0,-0.0,10.7,1,,Basic Materials,333471104.0,293.08
RCKT,Rocket Pharmaceuticals Inc,3.41,6,4,3,11,3,4,5,36,-13.0,23.0,Broken,Avoid/exit,27,-18.6,-3.1,-4.9,46.5,1,,Healthcare,318845184.0,2987362.16
FDMIF,Founders Metals Inc.,2.795,3,9,7,11,2,2,2,36,-13.0,23.0,Broken,Avoid/exit,14,-1.2,1.1,-3.6,42.3,1,,Basic Materials,390035744.0,33373.94
CLPR,Clipper Realty Inc,2.9,6,11,4,3,2,3,2,31,-8.0,23.0,Broken,Avoid/exit,26,-1.4,4.7,-1.0,46.2,2,,Real Estate,134645632.0,72100.32
EKHIX,WELLS FARGO HIGH YIELD BOND FUND INSTITUTIONAL CLASS,3.01,4,5,5,6,3,2,3,28,-10.0,23.0,Broken,🔥 COILED: Avoid/exit,31,-0.3,-0.3,-0.1,44.0,0,,nan,0.0,0.0
FMAXPX,FMAXPX,3.127,2,7,1,8,3,2,3,26,-3.0,23.0,Broken,Avoid/exit,27,-0.4,-0.4,-0.2,27.0,0,,nan,nan,0.0
MDDNF,Meridian Energy Limited,3.372,3,5,5,6,6,3,2,30,-10.0,23.0,Broken,Avoid/exit,0,0.0,0.0,-0.7,44.3,1,,Utilities,9182930944.0,0.0
LSLPF,LSL Property Services plc,3.41,5,4,10,6,3,2,3,33,-13.0,23.0,Broken,Avoid/exit,31,0.0,0.0,-0.0,71.7,0,,Real Estate,321893312.0,0.0
VTIX,Virtuix Holdings Inc. Class A Common Stock,3.03,7,9,8,6,2,2,2,36,-13.0,23.0,Broken,Avoid/exit,0,-1.6,-6.8,-3.4,44.6,1,,Technology,117462272.0,0.0
RTB,"RTB Digital, Inc.",17.24,15,10,4,9,7,4,5,54,-29,23,Broken,Avoid/exit,54,-4.1,16.6,21.0,66.7,3,,Technology,22232636.0,213167.98
SNIRF,Senior plc,3.7,7,2,3,7,0,4,3,26,-3.0,23.0,Broken,Avoid/exit,40,-2.9,-2.9,-2.6,39.9,0,,Industrials,1596224128.0,439.72
FHYTDX,FHYTDX,3.604,2,5,2,8,0,3,3,23,0.0,23.0,Broken,Avoid/exit,22,-0.4,-0.5,-0.8,32.5,0,,nan,nan,0.0
TBNGY,Bukit Asam Tbk PT ADR,3.4,5,6,8,4,3,5,2,33,-10.0,23.0,Broken,Avoid/exit,19,3.0,-4.2,-1.7,37.3,1,,Energy,1838778368.0,705.75
INTS,"Intensity Therapeutics, Inc. Common stock",4.9,14,8,7,15,5,1,5,55,-30.0,23.0,Broken,Avoid/exit,57,-0.2,18.1,8.1,66.9,3,,Healthcare,10784252.0,430576.68
LLDYX,LORD ABBETT SHORT DURATION INCOME FUND CLASS I,3.83,2,5,5,6,3,4,3,28,-10.0,23.0,Broken,🔥 COILED: Avoid/exit,27,0.0,0.0,-0.1,41.3,0,,nan,0.0,0.0
LDLKX,LORD ABBETT SHORT DURATION INCOME FUND CLASS R4,3.84,3,5,4,6,3,4,3,28,-10.0,23.0,Broken,🔥 COILED: Avoid/exit,25,0.0,0.0,-0.1,42.5,0,,nan,0.0,0.0
EPM,Evolution Petroleum Corporation Inc,3.8,8,11,5,2,2,2,3,33,-10.0,23.0,Broken,Avoid/exit,22,3.5,4.4,-0.4,46.1,2,,Energy,162987408.0,378327.39
CAAS,China Automotive Systems Inc,4.36,3,4,9,7,0,1,3,27,-4.0,23.0,Broken,Avoid/exit,41,-1.1,-2.9,-1.6,41.8,1,,Consumer Cyclical,134259616.0,36681.97
NTWK,NetSol Technologies Inc,4.45,9,11,4,6,6,0,4,40,-18.0,23.0,Broken,Avoid/exit,55,2.3,-6.3,-0.0,50.7,0,,Technology,54215832.0,65866.54
CMAKY,China Minsh,4.41,8,11,2,4,2,2,2,31,-8.0,23.0,Broken,Avoid/exit,27,9.2,-3.5,1.7,49.3,1,,Financial Services,24663656448.0,0.0
ROC,Rank One Computing Corporation Common stock,4.84,4,4,3,11,0,0,5,27,-4.0,23.0,Broken,Avoid/exit,0,0.0,-8.0,-3.8,46.0,0,,nan,87768584.0,0.0
ATXG,Addentax Group Corp,3.9,9,14,4,8,4,2,2,43,-18.0,23.0,Broken,Avoid/exit,47,1.6,16.5,-1.6,46.8,3,,Industrials,3905115.0,66771.92
PAELX,T. ROWE PRICE EMERGING MARKETS LOCAL CURRENCY BOND FUND T. ROWE PRICE EMERGING MARKETS LOCAL CURRENCY BOND FUND ADVISOR CLASS,4.98,3,4,8,6,0,2,3,26,-8.0,23.0,Broken,🔥 COILED: Avoid/exit,28,-0.2,0.0,-0.2,46.9,0,,nan,0.0,0.0
MIRA,"MIRA Pharmaceuticals, Inc. Common Stock",0.934,7,12,7,6,2,2,3,39,-13.0,22.0,Broken,Avoid/exit,29,1.5,-1.4,-0.8,46.9,1,,Healthcare,42442308.0,1121545.68
ESHSF,Eddy Smart Home Solutions Ltd.,1,5,4,9,6,3,2,3,32,-15.0,22.0,Broken,🔥 COILED: Avoid/exit,40,0.0,0.0,0.0,50.0,1,,Technology,6128623.0,400.0
SWSXX,SWSXX,1.0,3,4,9,4,3,1,3,27,-10.0,22.0,Broken,🔥 COILED: Avoid/exit,22,0.0,0.0,-4.2,44.1,0,,nan,nan,0.0
RKDA,Arcadia Biosciences Inc,0.688,6,14,4,5,4,2,2,37,-13.0,22.0,Broken,Avoid/exit,17,1.7,-8.2,-5.2,41.3,2,,Consumer Defensive,2200866.0,502551.06
KMFG,KMFG,0.935,5,3,6,6,3,3,3,29,-10.0,22.0,Broken,Avoid/exit,31,0.0,0.0,-1.7,2.2,0,,Consumer Cyclical,60500000.0,227.25
ORVMF,Orvana Minerals Corp,1.31,13,4,4,14,3,1,5,44,-20.0,22.0,Broken,Avoid/exit,40,3.1,13.9,3.4,53.9,3,,Basic Materials,188131968.0,76870.34
ACMDY,Atlas Consolidated Mining and Development Corporation,1.35,2,4,10,6,0,2,3,27,-10.0,22.0,Broken,🔥 COILED: Avoid/exit,28,0.0,0.0,0.0,50.0,0,,Basic Materials,398445888.0,5.07
HNFD,HNFD,1.35,5,3,10,6,0,2,3,29,-10.0,22.0,Broken,Avoid/exit,31,0.0,0.0,-0.0,0.0,0,,Industrials,nan,142.65
PACB,Pacific Biosciences of California,1.49,8,4,5,7,3,2,5,34,-15.0,22.0,Broken,Avoid/exit,36,-7.5,-14.4,-2.5,48.3,1,,Healthcare,506280768.0,7220079.05
ECNLF,Aquafil S.p.A,1.47,5,3,10,4,3,6,3,34,-15.0,22.0,Broken,Avoid/exit,22,0.0,0.0,-0.0,0.1,1,,Consumer Cyclical,136965744.0,66.0
BBMPY,BBMG Corp ADR,1.52,5,4,9,4,0,2,3,27,-10.0,22.0,Broken,🔥 COILED: Avoid/exit,22,0.0,0.0,0.0,50.0,1,,Basic Materials,811510592.0,2.25
EHGO,Eshallgo Inc. Class A Ordinary Shares,1.98,8,9,1,3,3,6,5,35,-13.0,22.0,Broken,Avoid/exit,50,7.0,-25.6,-6.8,48.7,1,,Industrials,3256400.0,31037.18
ZZHGY,ZhongAn Online P & C Insurance Co. Ltd,1.34,3,3,8,6,3,3,3,29,-10.0,22.0,Broken,Avoid/exit,9,0.0,0.0,-2.2,0.0,0,,Financial Services,2662004480.0,37.0
YJ,Yunji Inc,1.442,3,15,5,2,4,4,2,35,-13.0,22.0,Broken,Avoid/exit,24,3.7,-4.5,-0.9,47.2,1,,Consumer Cyclical,7437565.0,73511.15
IPHYF,Innate Pharma,1.65,4,4,9,6,3,3,3,32,-15.0,22.0,Broken,🔥 COILED: Avoid/exit,22,0.0,0.0,-0.5,40.6,1,,Healthcare,154940416.0,179.0
FYGGY,Fuyao Glass Industry Group Co. Ltd,1.655,6,6,8,5,0,2,3,30,-8.0,22.0,Broken,Avoid/exit,21,1.5,2.5,-1.2,47.4,0,,Consumer Cyclical,18372595712.0,18623.21
HRBR,Harbor Diversified,2.05,11,3,5,14,3,1,5,42,-20.0,22.0,Broken,Avoid/exit,62,-0.5,5.1,5.9,80.3,1,,Industrials,91150544.0,40658.5
BIAF,"bioAffinity Technologies, Inc.",0.712,3,6,5,9,2,2,2,29,-5.0,22.0,Broken,Avoid/exit,20,-8.5,-15.6,-19.7,26.4,1,,Healthcare,8525623.0,3672470.74
TRON,Tron Inc.,1.4,2,3,8,8,2,2,2,27,-5.0,22.0,Broken,Avoid/exit,24,-5.4,-11.4,-9.1,38.1,2,,Consumer Cyclical,882350656.0,1650976.94
HERE,Here Group Limited,1.83,3,11,2,5,4,0,2,27,-6.0,22.0,Broken,Avoid/exit,15,-8.5,-6.6,-7.0,40.5,1,,Consumer Cyclical,119102312.0,294601.91
NEOV,NeoVolta Inc. Common Stock,2.12,3,6,4,12,3,2,5,35,-13.0,22.0,Broken,Avoid/exit,28,-13.5,-23.7,-8.6,45.7,1,,Industrials,110910976.0,610378.11
ENADF,Enad Global 7 AB (publ),1.87,5,7,2,3,6,7,2,32,-15.0,22.0,Broken,🔥 COILED: Avoid/exit,41,1.1,-3.6,-1.4,44.3,1,,Communication Services,221733264.0,1345.92
SWAG,Software Acquisition Group III Inc,2.04,9,8,3,0,5,4,2,31,-10.0,22.0,Broken,Avoid/exit,44,1.0,-3.3,-1.9,47.0,0,,Communication Services,39041924.0,146958.55
SDST,Stardust Power Inc.,1.72,5,8,8,6,0,6,2,35,-13.0,22.0,Broken,Avoid/exit,21,-3.9,0.6,-1.9,45.8,1,,Industrials,23804386.0,296340.67
ONVC,Online Vacation Center Holdings Corp,1.99,4,5,8,1,4,5,2,29,-10.0,22.0,Broken,Avoid/exit,28,0.0,-0.5,-1.6,45.5,0,,Consumer Cyclical,15948926.0,0.0
OVID,Ovid Therapeutics Inc,2.45,5,4,3,12,2,4,5,35,-13.0,22.0,Broken,Avoid/exit,50,-5.8,-8.6,-3.0,46.3,1,,Healthcare,447936256.0,2463685.59
EDIT,Editas Medicine Inc,2.88,3,4,1,11,0,0,5,24,-5.0,22.0,Broken,Avoid/exit,59,-12.7,-12.2,-7.9,43.6,1,,Healthcare,415881600.0,2055739.12
NKTX,Nkarta Inc,2.6,2,5,0,11,2,4,3,27,-5.0,22.0,Broken,Avoid/exit,37,-19.0,-8.8,-10.6,41.7,1,,Healthcare,198180640.0,787734.46
SHANY,Shandong Molong Petroleum Machinery Company Limited,2.5,5,4,9,6,3,2,3,32,-15.0,22.0,Broken,🔥 COILED: Avoid/exit,24,0.0,0.0,0.0,50.0,1,,Energy,99731048.0,1.7
GIG,GigCapital7 Corp. Class A Ordinary Share,2.0,6,12,2,2,4,4,2,32,-10.0,22.0,Broken,Avoid/exit,17,6.4,-5.7,-10.0,29.5,0,,Financial Services,171999984.0,275045.5
JSHIX,JANUS SHORT-TERM BOND FUND CLASS I,2.87,2,5,4,6,3,4,3,27,-10.0,22.0,Broken,🔥 COILED: Avoid/exit,23,0.0,0.0,-0.1,44.3,0,,nan,0.0,0.0
WBDSF,WBDSF,3.0,6,3,9,4,3,1,3,29,-10.0,22.0,Broken,Avoid/exit,21,0.0,0.0,-0.4,2.5,0,,Industrials,2966396416.0,7.87
PIM,Putnam Master Intermediate Income Trust,3.16,1,5,3,8,3,1,3,24,0.0,22.0,Broken,Avoid/exit,23,-1.2,-1.6,-0.8,42.3,0,,Financial Services,150335136.0,116653.95
JYHIX,JOHN HANCOCK FOCUSED HIGH YIELD FUND CLASS I,3.02,3,5,5,6,3,2,3,27,-10.0,22.0,Broken,🔥 COILED: Avoid/exit,27,-0.3,-0.3,-0.2,43.2,0,,nan,0.0,0.0
IPCEF,IPCEF,2.65,2,5,5,8,0,0,2,22,0.0,22.0,Broken,Avoid/exit,11,-13.1,-5.4,-8.2,37.4,0,,nan,554134528.0,1569.29
HIO,Western Asset High Income Opportunity Closed Fund,3.62,3,4,7,12,0,1,3,30,-8.0,22.0,Broken,Avoid/exit,31,-0.8,-0.8,-0.4,47.2,0,,Financial Services,412730600.0,421712.74
EVAX,Evaxion Biotech AS,3.12,3,13,6,0,4,4,2,32,-11.0,22.0,Broken,Avoid/exit,18,-2.5,-2.5,-4.2,41.5,1,,Healthcare,32276632.0,548888.53
CSPCY,CSPC Pharmaceutical Group Limited,4.04,13,6,2,2,4,0,5,32,-10.0,22.0,Broken,Avoid/exit,19,1.0,13.8,3.8,56.3,2,,Healthcare,10378960896.0,14362.3
LNXSY,LANXESS Aktiengesellschaft,3.525,1,5,4,8,2,0,2,22,0.0,22.0,Broken,Avoid/exit,31,-2.9,-6.6,-2.5,39.5,2,,Basic Materials,1656122112.0,3906.19
AIOT,"PowerFleet, Inc.",4.22,11,5,3,9,5,0,4,37,-15.0,22.0,Broken,Avoid/exit,38,-1.4,-3.7,2.0,56.9,1,,Technology,511101120.0,1502688.51
MTR,Mesa Royalty Trust,3.18,6,11,6,6,3,3,2,37,-13.0,22.0,Broken,Avoid/exit,19,2.9,3.6,-1.9,36.8,0,,Energy,7135872.0,12168.92
ETCG,Grayscale Ethereum Classic Trust (Etc),3.81,2,6,7,5,0,7,2,29,-10.0,22.0,Broken,Avoid/exit,27,-2.6,-1.3,-3.4,42.2,0,,nan,nan,39694.59
EVH,Evolent Health Inc,5.67,13,3,5,14,5,3,5,48,-26.0,22.0,Broken,Avoid/exit,55,0.7,-1.2,3.9,58.4,1,,Healthcare,474670080.0,3213340.02
TTTRF,Treatt plc,3.5,3,4,1,10,3,4,2,27,-1.0,22.0,Broken,Avoid/exit,32,-12.5,-12.5,-11.3,17.0,0,,Basic Materials,236140528.0,446.83
LDDFF,Liberty Defense Holdings Ltd,4.01,4,10,7,3,2,2,2,30,-11.0,22.0,Broken,Avoid/exit,33,-2.4,-1.5,-3.4,43.2,1,,Industrials,8175328.0,24123.49
AMPY,Amplify Energy Corp,3.97,5,8,8,1,2,2,3,29,-10.0,22.0,Broken,Avoid/exit,21,-2.5,0.3,-3.1,40.5,0,,Energy,191573696.0,971872.65
ELCPF,EDP - Energias de Portugal S.A,4.95,2,4,6,8,0,8,3,31,-9.0,22.0,Broken,Avoid/exit,38,1.0,-7.0,-1.4,48.0,0,,Utilities,20090859520.0,0.0
KKPNF,Koninklijke KPN N.V,4.7,7,8,0,8,2,4,2,31,-9.0,22.0,Broken,Avoid/exit,17,-2.3,1.3,-4.1,42.9,0,,Communication Services,18904045568.0,57921.19
SCRPF,Sembcorp Industries Ltd,4.476,3,4,0,8,3,2,2,22,0.0,22.0,Broken,Avoid/exit,8,5.3,-13.9,-6.1,33.4,0,,Utilities,9256988672.0,324.88
PYTCF,Playtech plc,5.33,17,4,6,10,6,4,5,52,-30,22,Broken,Avoid/exit,66,11.5,11.5,7.4,100.0,3,,Consumer Cyclical,1144733824.0,381.74
AMCI,AMC Robotics Corporation,5.13,12,5,4,6,0,5,5,37,-16.0,22.0,Broken,Avoid/exit,27,-2.3,-1.5,1.4,51.3,1,,Technology,109837776.0,1402985.83
ITIPF,iShares II Public Limited Company - iShares $ Tips 0-5 UCITS ETF,4.884,2,3,1,10,0,3,3,22,0.0,22.0,Broken,Avoid/exit,13,0.1,-3.0,-1.0,38.5,0,,nan,nan,32186.64
TMLL,Third Millennium Industries Inc,1,5,4,9,5,3,2,3,31,-15.0,21.0,Broken,🔥 COILED: Avoid/exit,26,0.0,0.0,0.0,50.0,1,,Financial Services,62403024.0,4.5
GGAZF,Goldgroup Mining Inc.,4.61,18,3,6,14,7,0,5,53,-30,21,Broken,Avoid/exit,63,4.8,300.9,52.6,83.6,4,,Basic Materials,302378912.0,274020.74
LZMH,LZ Technology Holdings Limited Class B Ordinary Shares,1.205,9,10,5,3,7,0,2,36,-15.0,21.0,Broken,Avoid/exit,42,-0.4,-5.1,-2.2,50.0,2,,Technology,9786565.0,147373.09
NOWGD,Nowigence Inc,1.24,5,3,8,6,3,5,3,33,-15.0,21.0,Broken,Avoid/exit,29,0.0,0.0,-1.6,42.9,1,,Technology,25731354.0,407.11
REI,Ring Energy Inc,1.2,10,6,8,11,2,2,5,44,-23.0,21.0,Broken,Avoid/exit,34,7.1,10.1,3.5,52.5,4,,Energy,342702400.0,3584060.22
STIM,Neuronetics Inc,1.78,14,6,4,14,3,2,5,48,-23.0,21.0,Broken,Avoid/exit,50,7.2,31.9,14.3,67.2,3,,Healthcare,101598248.0,1935432.66
NPT,Texxon Holding Ltd.,2.56,11,10,7,4,2,2,5,41,-18.0,21.0,Broken,Avoid/exit,28,-4.8,4.5,2.7,51.9,1,,Consumer Cyclical,27509400.0,0.0
BON,Bon Natural Life Ltd,1.176,6,9,5,5,4,0,2,31,-13.0,21.0,Broken,Avoid/exit,23,-1.2,-1.9,-2.4,44.3,1,,Basic Materials,12906554.0,381787.36
PHPRF,Primary Health Properties PLC,1.25,7,7,3,2,6,1,2,28,-10.0,21.0,Broken,Avoid/exit,26,0.0,-1.6,-1.3,40.3,0,,Real Estate,3399645440.0,217.61
GLDAF,GlobalData Plc,1.05,1,4,1,8,3,2,2,21,0.0,21.0,Broken,Avoid/exit,24,0.0,0.0,-9.4,30.8,0,,Industrials,968554304.0,578.4
XWEL,XWELL Inc.,1.05,6,11,5,2,4,4,2,34,-13.0,21.0,Broken,Avoid/exit,32,5.0,-0.9,-0.6,47.1,2,,Healthcare,11315317.0,2739377.67
LU,Lufax Holding Ltd,1.35,3,11,3,6,4,4,3,34,-13.0,21.0,Broken,Avoid/exit,15,-0.7,-5.6,-0.5,46.3,1,,Financial Services,1343367808.0,1819336.85
SCTSF,Scottie Resources Corp,1.42,4,7,8,8,0,4,2,33,-12.0,21.0,Broken,Avoid/exit,29,-1.7,0.0,-2.4,45.8,2,,Basic Materials,122323808.0,46799.19
BYSI,BeyondSpring Inc,1.28,1,6,0,9,2,4,2,24,-3.0,21.0,Broken,Avoid/exit,21,-14.1,-30.8,-16.7,31.2,1,,Healthcare,70314896.0,99011.27
HCAT,Health Catalyst Inc,2.28,15,4,7,14,5,1,5,51,-30,21,Broken,Avoid/exit,62,1.8,10.1,9.3,69.0,3,,Healthcare,99756920.0,865084.89
CLILF,CapitaLand Investment Limited,1.83,3,6,5,4,3,3,2,26,-8.0,21.0,Broken,Avoid/exit,18,0.0,0.0,-1.6,41.5,0,,Real Estate,9947114496.0,2620.37
RPID,Rapid Micro Biosystems Inc,2.09,15,5,5,15,3,2,5,50,-29.0,21.0,Broken,Avoid/exit,30,20.1,22.2,10.1,61.6,3,,Healthcare,99145400.0,170660.57
GUOSF,Guotai Junan Securities Co. Ltd,2.0,10,6,11,6,3,2,3,41,-23.0,21.0,Broken,Avoid/exit,47,0.0,0.0,0.0,95.1,0,,Financial Services,35257851904.0,2.0
GRO,Brazil Potash Corp.,2.21,6,7,8,6,0,3,4,34,-13.0,21.0,Broken,Avoid/exit,26,-2.2,-2.2,-1.2,45.6,1,,Basic Materials,148946656.0,827196.76
GEG,Great Elm Group Inc,2.15,5,6,1,11,0,1,2,26,-5.0,21.0,Broken,Avoid/exit,38,-5.3,0.0,-3.4,45.7,1,,Financial Services,71493976.0,123206.68
TCRT,Alaunos Therapeutics Inc,2.07,3,9,8,3,0,6,2,31,-13.0,21.0,Broken,Avoid/exit,15,0.0,-4.2,-3.6,42.9,2,,Healthcare,5763464.0,185916.95
CHR,Cheer Holding Inc.,1.855,5,4,8,6,4,2,2,31,-10.0,21.0,Broken,Avoid/exit,42,0.8,-8.2,-3.3,46.8,0,,Communication Services,4420695.0,158361.52
RELV,Reliv International Inc,2.26,16,9,4,5,6,2,5,47,-29,21,Broken,Avoid/exit,34,0.0,18.9,3.1,63.6,3,,Consumer Defensive,2565054.0,71.69
FTBAYX,FTBAYX,2.306,2,4,1,8,0,3,3,21,0.0,21.0,Broken,Avoid/exit,24,-0.3,-0.8,-0.6,38.5,0,,nan,nan,0.0
CDXS,Codexis Inc,2.16,2,7,2,7,2,4,2,26,-5.0,21.0,Broken,Avoid/exit,37,-15.6,-9.6,-9.3,39.4,1,,Healthcare,254510384.0,1415157.47
CAZGF,Catapult Group International Limited,2.5,17,7,2,15,1,2,5,49,-28.0,21.0,Broken,Avoid/exit,44,22.0,25.8,8.3,58.9,3,,Technology,958492928.0,1044.9
AKTAF,AKITA Drilling Ltd,2.55,11,8,6,5,2,2,3,37,-16.0,21.0,Broken,Avoid/exit,41,4.1,1.6,0.5,47.9,1,,Energy,117181680.0,27885.22
UGRO,Urban-Gro Inc,1.88,3,7,1,9,4,2,2,28,-5.0,21.0,Broken,Avoid/exit,24,-6.5,-27.7,-29.2,33.7,2,,Industrials,4042144.0,1760299.22
TKECY,Tokyo Electric Power Co,3.09,5,9,5,9,0,2,3,33,-12.0,21.0,Broken,Avoid/exit,25,1.6,5.5,1.5,49.4,2,,Utilities,5224808960.0,2657.75
SHCAF,Sharp Corporation,3.646,4,3,10,4,3,1,3,28,-10.0,21.0,Broken,Avoid/exit,22,0.0,0.0,-0.2,0.1,0,,Technology,2367372032.0,70.5
ALVO,Alvotech,3.37,1,10,4,1,6,2,2,26,-6.0,21.0,Broken,Avoid/exit,26,1.5,-5.9,-3.8,43.5,1,,Healthcare,979831680.0,516453.05
FULC,Fulcrum Therapeutics Inc,3.5,3,7,7,7,2,4,4,34,-13.0,21.0,Broken,Avoid/exit,9,-2.5,-3.8,-6.9,35.9,1,,Healthcare,224554288.0,1190636.04
CJAX,Barrister Energy LLC,3.55,12,6,11,6,3,2,3,43,-25.0,21.0,Broken,Avoid/exit,49,0.0,0.0,0.0,91.6,1,,Energy,50299080.0,6.23
ZIVO,Zivo Bioscience Inc,4.8,8,12,4,14,6,4,5,53,-30,21,Broken,Avoid/exit,37,1.1,14.3,6.4,55.5,3,,Healthcare,15443978.0,2022.51
RAYA,Erayak Power Solution Group Inc. Class A Ordinary Shares,2.68,6,5,8,6,0,6,2,33,-15.0,21.0,Broken,Avoid/exit,50,-6.6,-2.9,-7.1,42.7,1,,Industrials,3664982.0,288102.77
SMSI,Smith Micro Software Inc,2.57,11,8,4,1,5,0,2,31,-13.0,21.0,Broken,Avoid/exit,43,-3.4,0.8,-2.1,50.7,1,,Technology,4124965.0,58932.95
LWSOX,WESTERN ASSET SHORT-TERM BOND FUND CLASS C,3.66,3,6,2,6,0,4,3,24,-8.0,21.0,Broken,🔥 COILED: Avoid/exit,24,0.0,0.0,-0.1,43.5,0,,nan,0.0,0.0
IHRT,iHeartMedia Inc Class A,3.87,2,4,5,11,2,0,2,26,-5.0,21.0,Broken,Avoid/exit,30,-4.9,-11.0,-5.0,42.9,1,,Communication Services,591761664.0,1136592.4
PNNT,PennantPark Investment Corporation,3.44,3,14,5,1,3,3,2,31,-11.0,21.0,Broken,Avoid/exit,11,1.2,-1.7,-1.1,42.6,0,,Financial Services,263143280.0,689945.71
NUVID,NUVID,0.021,3,3,8,5,3,3,3,28,-10.0,21.0,Broken,Avoid/exit,25,0.0,0.0,-95.1,12.0,0,,Financial Services,12020000.0,9.87
LDDFD,Liberty Defense Holdings Ltd,4.17,4,11,7,4,4,0,4,34,-13.0,21.0,Broken,Avoid/exit,35,-1.1,-7.3,-1.7,47.7,1,,Industrials,9262727.0,24121.35
DFILF,Dairy Farm International Holdings Limited,3.65,3,3,10,6,3,3,3,31,-10.0,21.0,Broken,Avoid/exit,0,0.0,0.0,-1.5,33.8,0,,Consumer Defensive,6294475776.0,0.0
VBIX,Viewbix Inc. Common Stock,5.09,12,3,1,8,3,4,5,36,-15.0,21.0,Broken,Avoid/exit,53,-10.5,-19.8,-5.0,49.0,1,,Communication Services,48544468.0,59511.18
APVO,Aptevo Therapeutics Inc,4.5,6,7,5,3,5,2,3,31,-8.0,21.0,Broken,Avoid/exit,35,14.2,1.1,0.3,49.0,1,,Healthcare,5881615.0,177742.65
MTHRY,M3 Inc,5.87,15,4,5,9,7,0,5,45,-24.0,21.0,Broken,Avoid/exit,51,2.6,9.3,5.6,67.7,1,,Healthcare,6393971712.0,435528.98
SITC,Site Centers Corp,4.42,5,15,1,1,3,4,2,31,-8.0,21.0,Broken,Avoid/exit,21,5.0,-0.9,-0.6,45.6,1,,Real Estate,262636736.0,1023297.68
PRELX,T. ROWE PRICE EMERGING MARKETS LOCAL CURRENCY BOND FUND T. ROWE PRICE EMERGING MARKETS LOCAL CURRENCY BOND FUND,5.02,1,4,8,6,0,2,3,24,-8.0,21.0,Broken,🔥 COILED: Avoid/exit,28,-0.2,0.0,-0.2,47.2,0,,nan,0.0,0.0
LONJX,Lord Abbett New Jersey Tax Free Cl F3,4.74,5,4,5,6,3,2,3,28,-10.0,21.0,Broken,Avoid/exit,39,-0.2,-0.6,-0.3,40.4,0,,nan,0.0,0.0
UVRBF,Universal Robina Corporation,1.0,4,3,10,8,3,2,3,33,-13.0,20.0,Broken,Avoid/exit,0,0.0,0.0,-0.0,84.5,0,,Consumer Defensive,2136426112.0,0.0
CHND,China Media Inc,1,2,4,10,6,3,2,3,30,-15.0,20.0,Broken,🔥 COILED: Avoid/exit,31,0.0,0.0,0.0,50.0,1,,Communication Services,39750000.0,6.77
GPAIF,Grounded People Apparel Inc.,1.03,2,4,10,6,3,2,3,30,-15.0,20.0,Broken,🔥 COILED: Avoid/exit,31,0.0,0.0,0.0,50.0,1,,Consumer Cyclical,28299496.0,14.75
SGTSY,Singulus Technologies AG ADR,1.0,8,3,9,4,3,2,3,32,-15.0,20.0,Broken,Avoid/exit,30,0.0,0.0,-0.0,0.0,1,,Industrials,17793054.0,4.0
MBHCF,MBH Corporation PLC,1,2,4,10,6,3,2,3,30,-15.0,20.0,Broken,🔥 COILED: Avoid/exit,31,0.0,0.0,0.0,50.0,1,,Real Estate,6667460.0,4.5
INPEF,INPEF,1.08,2,4,10,6,3,2,3,30,-15.0,20.0,Broken,🔥 COILED: Avoid/exit,0,0.0,0.0,0.0,50.0,1,,Healthcare,nan,0.0
MXCT,MaxCyte Inc,1.35,15,4,5,5,3,3,5,40,-20.0,20.0,Broken,Avoid/exit,59,5.5,9.8,5.4,62.5,2,,Healthcare,131759656.0,980682.87
MMTLF,Madison Metals Inc.,0.71,2,4,3,12,0,2,2,25,-5.0,20.0,Broken,Avoid/exit,28,-11.6,-4.1,-13.1,35.9,1,,Energy,69444312.0,8230.43
AKRRF,Philly Shipyard ASA,1.1,12,6,11,6,3,4,3,45,-28.0,20.0,Broken,Avoid/exit,49,0.0,0.0,0.0,100.0,1,,Industrials,13318691.0,22.5
ENTX,Entera Bio Ltd,2.0,13,8,6,9,8,3,5,52,-30,20,Broken,Avoid/exit,59,17.6,18.3,23.4,74.1,3,,Healthcare,60134084.0,166791.34
JDDSF,JD Sports Fashion plc,1.06,1,5,2,6,6,3,2,25,-10.0,20.0,Broken,🔥 COILED: Avoid/exit,39,0.0,0.0,-1.8,44.1,0,,Consumer Cyclical,5789293056.0,276.0
NWWDF,New World Development Company Limited,1.23,12,6,11,6,3,4,3,45,-28.0,20.0,Broken,Avoid/exit,54,0.0,0.0,0.0,99.9,1,,Real Estate,3070252032.0,63.5
DDCCF,DIC Asset AG,1.18,11,5,3,11,3,2,5,40,-20.0,20.0,Broken,Avoid/exit,16,-4.8,15.7,1.1,49.9,3,,Real Estate,105710368.0,1093.0
ECXJ,Cxj Group Co Ltd,1.5,10,5,4,3,5,1,2,30,-15.0,20.0,Broken,🔥 COILED: Avoid/exit,47,0.0,0.0,0.3,59.6,1,,Consumer Cyclical,134986864.0,50.85
BRCNF,Burcon NutraScience Corp,1.36,1,12,6,3,3,3,2,30,-13.0,20.0,Broken,Avoid/exit,21,-1.4,-1.7,-2.3,43.4,1,,Consumer Defensive,16753805.0,2143.12
GWLLF,Great Wall Motor Co Ltd,1.11,5,11,1,6,3,2,2,30,-10.0,20.0,Broken,Avoid/exit,10,2.8,-3.5,-4.6,32.2,1,,Consumer Cyclical,11552563200.0,1952.5
PEPG,PepGen Ltd,2.25,13,5,5,15,5,2,5,50,-30,20,Broken,Avoid/exit,30,-2.2,24.3,10.7,64.1,3,,Healthcare,96145208.0,1797989.74
NYXH,Nyxoah,1.62,3,14,6,3,4,6,4,40,-18.0,20.0,Broken,Avoid/exit,14,-3.0,-9.0,-5.7,38.8,1,,Healthcare,128717944.0,62980.7
GNNSF,Genscript Biotech Corporation,1.5,1,5,1,10,3,0,2,22,-5.0,20.0,Broken,Avoid/exit,30,-6.2,-6.2,-5.1,42.5,1,,Healthcare,3495528448.0,878.71
BRAG,Bragg Gaming Group Inc,1.72,3,3,5,8,2,0,4,25,-5.0,20.0,Broken,Avoid/exit,25,-7.0,-0.1,-3.0,46.4,1,,Consumer Cyclical,44086972.0,45888.63
FENG,Phoenix New Media Limited,1.5,3,13,1,0,2,2,2,23,-6.0,20.0,Broken,Avoid/exit,19,0.0,-2.0,-2.1,43.4,1,,Communication Services,19457458.0,7743.31
NWARF,Norwegian Air Shuttle ASA,1.3,0,2,3,9,2,2,2,20,0.0,20.0,Broken,Avoid/exit,16,-9.7,-10.3,-11.6,29.5,0,,Industrials,1777387136.0,5168.68
MAXXF,Max Power Mining Corp.,1.44,8,9,3,1,8,4,2,35,-13.0,20.0,Broken,Avoid/exit,51,3.7,-5.3,-2.0,47.5,1,,Basic Materials,268488800.0,171910.62
HLFDF,Halfords Group plc,3.17,17,4,4,8,6,6,5,50,-30,20,Broken,Avoid/exit,63,0.0,85.4,20.9,99.9,3,,Consumer Cyclical,403073760.0,0.0
SEER,Seer Inc,2.16,16,7,4,7,5,0,5,44,-22.0,20.0,Broken,Avoid/exit,51,-1.8,32.5,8.8,69.6,3,,Healthcare,101715872.0,237709.98
FNCHF,FINEOS Corporation Holdings plc,2.16,9,6,11,6,3,2,3,40,-23.0,20.0,Broken,Avoid/exit,53,0.0,0.0,0.0,100.0,0,,Technology,745289792.0,172.5
QUEXF,Q2 Metals Corp.,1.725,2,7,1,7,4,0,2,23,-3.0,20.0,Broken,Avoid/exit,37,-9.1,-20.0,-12.4,31.7,1,,Basic Materials,426579008.0,35922.09
FIGI,Freedom Internet Group Inc,2.05,2,4,10,6,3,2,3,30,-15.0,20.0,Broken,🔥 COILED: Avoid/exit,31,0.0,0.0,0.0,50.0,1,,Financial Services,22821026.0,3.75
SIGGF,Sigma Healthcare Limited,2.15,1,1,1,9,4,2,2,20,0.0,20.0,Broken,Avoid/exit,35,0.0,-8.4,-3.6,0.5,0,,Healthcare,27104614400.0,132.7
DMPZF,Domino's Pizza Group plc,2.4,7,3,5,6,6,1,2,30,-10.0,20.0,Broken,Avoid/exit,27,0.0,-1.8,-0.8,39.6,0,,Consumer Cyclical,949082880.0,0.0
OQLGF,Olympique Lyonnais Groupe SA,2.3,2,4,10,6,3,2,3,30,-15.0,20.0,Broken,🔥 COILED: Avoid/exit,31,0.0,0.0,0.0,50.0,1,,Communication Services,376590208.0,0.83
ZJK,"ZJK Industrial Co., Ltd",1.99,7,9,3,3,2,2,2,28,-8.0,20.0,Broken,Avoid/exit,31,4.7,0.1,-4.3,44.2,0,,Industrials,170453968.0,50659.82
BLSG,Leverage Shares 2X Long BLSH Daily ETF,1.656,3,8,6,7,0,2,2,28,-8.0,20.0,Broken,Avoid/exit,10,-12.8,-16.8,-19.1,37.6,0,,nan,nan,0.0
HEPS,D-MARKET Electronic Services & Trading ADR,2.87,9,4,8,13,3,1,5,43,-23.0,20.0,Broken,Avoid/exit,55,-3.0,-1.4,-1.2,48.1,1,,Consumer Cyclical,928785536.0,282296.39
FORA,Forian Inc,2.69,8,14,3,4,6,0,2,37,-18.0,20.0,Broken,Avoid/exit,51,-1.1,3.1,0.6,51.2,1,,Healthcare,67792720.0,67158.24
HTSUY,Hisamitsu Pharmaceutical Company Inc Unsponsored ADR,2.94,3,7,1,6,3,2,3,25,-8.0,20.0,Broken,Avoid/exit,16,0.0,0.0,-10.2,45.1,0,,Healthcare,nan,10.93
RAY,Raytech Holding Limited Ordinary Shares,2.71,0,3,5,8,0,0,2,18,2.0,20.0,Broken,Avoid/exit,35,-12.0,-6.9,-9.0,40.2,0,,Consumer Defensive,9790441.0,151732.9
HLFDY,Halfords Group PLC ADR,3.41,5,3,6,5,3,2,3,27,-10.0,20.0,Broken,Avoid/exit,26,0.0,0.0,-0.0,0.6,1,,Consumer Cyclical,371481504.0,0.0
PPT,Putnam Premier Income Trust,3.43,2,7,7,3,4,1,3,27,-10.0,20.0,Broken,Avoid/exit,21,-0.6,-1.2,-0.4,43.3,0,,Financial Services,328274496.0,189450.38
GWAV,Greenwave Technology Solutions Inc. Common Stock,2.97,5,12,3,1,3,2,2,28,-8.0,20.0,Broken,Avoid/exit,23,2.8,-6.6,-4.4,40.4,1,,Industrials,2704597.0,241193.31
XPIMX,Putnam Master Intermediate Income Trust,3.38,2,5,5,6,0,2,3,23,-8.0,20.0,Broken,🔥 COILED: Avoid/exit,20,-0.3,-0.3,-0.3,43.3,0,,Other,0.0,0.0
MLLUY,Metallurgical Corporation of China Ltd ADR,3.558,4,6,2,5,3,7,3,30,-10.0,20.0,Broken,Avoid/exit,21,0.0,0.0,-0.9,28.4,0,,Industrials,3680521472.0,19.65
ORMP,Oramed Pharmaceuticals Inc,4.05,5,7,2,0,7,0,5,26,-6.0,20.0,Broken,Avoid/exit,52,-3.1,-12.1,-3.3,45.6,0,,Healthcare,151835760.0,174728.4
ANGH,Anghami De Inc,3.4,4,14,2,6,3,0,2,31,-9.0,20.0,Broken,Avoid/exit,42,0.0,4.6,-8.4,41.8,2,,Communication Services,31998772.0,254721.32
HYINX,INVESCO HIGH YIELD FUND INVESTOR CLASS,3.52,3,3,5,6,3,2,3,25,-10.0,20.0,Broken,🔥 COILED: Avoid/exit,29,-0.3,-0.3,-0.1,43.6,0,,nan,0.0,0.0
NABL,N-Able Inc,4.68,16,5,5,12,3,2,5,48,-28.0,20.0,Broken,Avoid/exit,39,8.8,19.4,14.3,69.5,3,,Technology,723372608.0,1193957.3
QBAK,Qualstar Corporation,3.1,3,3,3,8,3,3,2,25,-5.0,20.0,Broken,Avoid/exit,18,0.0,-11.4,-5.6,26.0,1,,Industrials,15534596.0,3862.6
OSUR,OraSure Technologies Inc,3.96,8,2,4,10,3,4,2,33,-13.0,20.0,Broken,Avoid/exit,55,-7.7,-8.3,-6.4,39.6,1,,Healthcare,287098464.0,599665.15
ATOS,Atossa Genetics Inc,2.39,5,9,3,13,4,4,5,43,-23.0,20.0,Broken,Avoid/exit,25,1.3,17.2,-3.9,41.1,4,,Healthcare,41765428.0,84410.6
ABTZY,Aboitiz Equity Ventures Inc ADR,4.59,5,3,5,6,3,2,3,27,-10.0,20.0,Broken,Avoid/exit,32,0.0,0.0,-0.0,1.9,0,,Utilities,2548737536.0,0.0
ECTXF,Electrolux Professional AB (publ),4.65,4,3,9,4,3,1,3,27,-10.0,20.0,Broken,Avoid/exit,18,0.0,0.0,-0.4,0.1,0,,Industrials,1336398080.0,96.25
TBCRF,Timbercreek Financial Corp,4.6,5,12,3,4,3,5,3,35,-13.0,20.0,Broken,Avoid/exit,26,0.6,0.2,-0.1,47.3,0,,Financial Services,388940096.0,7879.73
OMSE,OMS Energy Technologies Inc.,4.44,15,6,3,11,1,2,5,43,-23.0,20.0,Broken,Avoid/exit,27,3.5,13.8,3.6,56.0,3,,Energy,198659920.0,49380.73
PIMSX,VIRTUS MULTI-SECTOR SHORT TERM BOND FUND CLASS I SHARES,4.55,1,4,5,6,0,4,3,23,-8.0,20.0,Broken,🔥 COILED: Avoid/exit,25,0.0,-0.2,-0.1,43.1,0,,nan,0.0,0.0
NERV,Minerva Neurosciences Inc,4.21,0,8,0,9,4,0,2,23,-3.0,20.0,Broken,Avoid/exit,13,-10.8,-18.3,-8.5,41.4,1,,Healthcare,224790512.0,1056151.64
TEIMX,T. ROWE PRICE EMERGING MARKETS LOCAL CURRENCY BOND FUND T. ROWE PRICE EMERGING MARKETS LOCAL CURRENCY BOND FUND-I CLASS,5.02,1,4,7,6,0,2,3,23,-8.0,20.0,Broken,🔥 COILED: Avoid/exit,27,-0.2,0.0,-0.2,47.0,0,,nan,0.0,0.0
TRZFX,T. Rowe Price Emerging Markets Local Currency Bond Fund Z Class,5.01,1,4,7,6,0,2,3,23,-8.0,20.0,Broken,🔥 COILED: Avoid/exit,28,-0.2,-0.2,-0.3,46.2,0,,nan,nan,0.0
REVFF,REVFF,0.799,3,5,1,8,5,0,2,24,-5.0,19.0,Broken,Avoid/exit,41,-7.5,-21.5,-12.5,40.0,1,,Basic Materials,52208216.0,5609.28
AZI,Autozi Internet Technology (Global) Ltd. Class A Ordinary Shares,1.27,7,3,1,7,0,4,2,24,-5.0,19.0,Broken,Avoid/exit,34,-21.6,-42.3,-19.7,43.4,1,,Consumer Cyclical,3280622.0,512297.58
FITGF,FIT Hon Teng Limited,0.738,1,5,1,10,0,0,2,19,0.0,19.0,Broken,Avoid/exit,21,-12.1,-20.3,-14.1,34.9,0,,Technology,8533048832.0,4924.85
ANZLY,Air New Zealand Ltd ADR,1.155,6,4,6,4,3,4,2,29,-10.0,19.0,Broken,Avoid/exit,23,-0.4,-0.4,-0.9,39.5,1,,Industrials,750186368.0,349.11
NTIP,Network-1 Technologies Inc,1.47,7,7,4,4,1,3,3,29,-8.0,19.0,Broken,Avoid/exit,45,0.0,0.0,0.1,50.0,2,,Industrials,33953920.0,182383.04
LLEIF,LleidaNetworks Serveis Telemàtics S.A,1.55,9,6,10,6,3,2,3,39,-23.0,19.0,Broken,Avoid/exit,54,0.0,0.0,0.0,93.4,0,,Communication Services,24643744.0,25.5
CGIUF,ESR-REIT,1.66,7,3,11,6,3,6,3,39,-23.0,19.0,Broken,Avoid/exit,48,0.0,0.0,0.0,90.2,0,,Real Estate,1336358144.0,0.0
PBMLF,Pacific Booker Minerals Inc,1.99,21,6,5,7,3,2,5,49,-30,19,Broken,Avoid/exit,45,29.2,35.2,17.1,74.9,4,,Basic Materials,28084336.0,1696.98
ISPR,Ispire Technology Inc. Common Stock,1.88,16,9,4,5,5,3,5,47,-28,19,Broken,Avoid/exit,38,24.5,64.9,17.8,59.7,4,,Consumer Defensive,92413032.0,75364.11
ADTGLX,ADTGLX,1.741,2,2,2,8,0,2,3,19,0.0,19.0,Broken,Avoid/exit,25,-0.3,-0.4,-0.3,37.1,0,,nan,nan,0.0
NTCPF,NorthIsle Copper and Gold Inc,2.06,7,5,3,8,3,0,2,28,-9.0,19.0,Broken,Avoid/exit,32,-8.0,-1.2,-3.4,46.6,1,,Basic Materials,703962368.0,438630.25
POWW,Ammo Inc,2.33,13,3,2,9,5,1,5,38,-19.0,19.0,Broken,Avoid/exit,57,-4.5,0.9,0.9,54.7,1,,Industrials,233404560.0,507940.57
FCCN,Spectral Cap Corp,5.15,13,1,7,14,5,4,5,49,-30,19,Broken,Avoid/exit,61,-1.3,13.2,14.8,77.0,3,,Technology,187743888.0,10725.95
CNTB,Connect Biopharma Holdings Ltd,2.335,11,4,4,6,5,1,5,36,-17.0,19.0,Broken,Avoid/exit,29,-12.2,-2.3,0.7,50.9,1,,Healthcare,144816864.0,214778.32
SATLW,Satellogic Inc. Warrant,0.41,1,5,3,9,2,0,2,22,-3.0,19.0,Broken,Avoid/exit,16,-45.3,-63.0,-54.7,41.2,1,,nan,nan,65095.13
ADTGMX,ADTGMX,2.158,2,2,2,8,0,2,3,19,0.0,19.0,Broken,Avoid/exit,23,-0.2,-0.4,-0.3,37.4,0,,nan,nan,0.0
CMHHF,China Merchants Port Holdings Company Limited,1.45,0,3,3,8,3,0,2,19,0.0,19.0,Broken,Avoid/exit,11,-16.2,-12.7,-14.4,37.3,0,,Industrials,8941759488.0,8937.58
SAXJY,Sa Sa International Holdings Ltd ADR,2.05,9,4,1,4,3,0,5,26,-10.0,19.0,Broken,Avoid/exit,38,-6.8,-3.5,-6.0,46.7,0,,Consumer Cyclical,380140704.0,843.74
CMTG,Claros Mortgage Trust Inc,2.32,5,9,4,4,5,2,2,31,-13.0,19.0,Broken,Avoid/exit,40,2.7,-4.5,-1.0,47.7,2,,Real Estate,347041440.0,479796.79
SQFT,Presidio Property Trust,2.37,1,11,7,6,3,2,2,32,-13.0,19.0,Broken,Avoid/exit,31,-0.8,-6.0,-4.2,42.8,1,,Real Estate,3051160.0,411625.36
UWMC,UWM Holdings Corp,2.05,3,11,5,2,4,2,2,29,-8.0,19.0,Broken,Avoid/exit,8,-1.4,-7.7,-5.6,35.9,0,,Financial Services,4233155072.0,14291626.15
PEW,GrabAGun Digital Holdings Inc.,2.53,4,5,1,9,2,2,5,28,-9.0,19.0,Broken,Avoid/exit,25,-17.9,8.6,-4.3,46.2,2,,Industrials,75264184.0,623156.97
CLRB,Cellectar Biosciences Inc,2.58,6,4,8,4,2,4,5,33,-15.0,19.0,Broken,Avoid/exit,24,-6.9,-8.8,-3.1,45.1,1,,Healthcare,21977484.0,399070.67
UWMC-WS,UWMC-WS,2.05,3,11,5,2,4,2,2,29,-8.0,19.0,Broken,Avoid/exit,8,-1.4,-7.7,-5.6,35.9,0,,nan,nan,14230931.56
MXEYX,Great-West Core Strategies: Inflation-Protected Securities Fund Investor Class,2.65,4,7,2,6,3,4,3,29,-10.0,19.0,Broken,Avoid/exit,17,0.0,0.0,-0.4,34.3,0,,nan,nan,0.0
PPBT,Purple Biotech,1.47,3,11,2,6,3,2,2,29,-8.0,19.0,Broken,Avoid/exit,17,-10.4,-16.0,-15.2,31.2,0,,Healthcare,2880726.0,300890.06
RMDCX,ALLIANZGI MID-CAP FUND C,2.67,2,3,7,7,3,1,3,26,-10.0,19.0,Broken,Avoid/exit,31,-3.3,-4.3,-2.0,43.2,0,,nan,0.0,0.0
IORMX,AIM TaxExempt Funds Invesco TaxExempt Funds Invesco Oppenheimer Rochester Ltd Term NY Mun Fd Cl R6,2.8,5,2,7,6,4,2,3,29,-10.0,19.0,Broken,Avoid/exit,32,0.0,-0.4,-0.2,20.3,0,,nan,nan,0.0
SECCF,Serco Group plc,3.059,3,3,6,4,3,5,2,26,-10.0,19.0,Broken,Avoid/exit,21,0.0,-0.4,-2.1,19.9,0,,Industrials,3340826368.0,0.0
CNF,CNFinance Holdings Ltd,2.45,1,8,2,7,3,0,2,23,-5.0,19.0,Broken,Avoid/exit,16,-9.3,-14.6,-9.9,36.0,1,,Financial Services,53103384.0,22171.81
CULP,"Culp, Inc. Common Stock",3.79,18,6,5,6,5,4,5,49,-30,19,Broken,Avoid/exit,68,19.2,22.7,12.9,72.0,3,,Consumer Cyclical,40014400.0,29704.06
EVTK,Eventiko Inc,2.91,3,3,6,6,6,2,3,29,-10.0,19.0,Broken,Avoid/exit,33,0.0,-9.1,-4.0,36.3,0,,Consumer Cyclical,12577500.0,89.64
AFCG,AFC Gamma Inc,2.92,1,7,6,3,2,6,2,27,-8.0,19.0,Broken,Avoid/exit,40,0.0,-7.6,-4.4,37.8,2,,Financial Services,86115568.0,289167.35
KTCC,Key Tronic Corporation,3.97,9,3,1,12,3,2,4,34,-15.0,19.0,Broken,Avoid/exit,60,-3.4,-3.6,-0.4,51.5,1,,Technology,42676932.0,22378.0
LODE,Comstock Mining Inc,3.94,5,3,4,11,3,0,2,28,-9.0,19.0,Broken,Avoid/exit,53,-6.9,-1.3,-4.8,46.2,1,,Basic Materials,330981088.0,1441835.75
KOSS,Koss Corporation,3.86,1,6,9,8,0,2,2,28,-9.0,19.0,Broken,Avoid/exit,25,-0.3,-1.0,-1.9,46.3,1,,Technology,38481072.0,36207.49
CLIR,ClearSign Combustion Corporation,3.64,6,8,8,3,0,2,2,29,-13.0,19.0,Broken,Avoid/exit,41,-2.9,-11.7,-4.9,41.3,1,,Industrials,26494968.0,41692.64
ZIJMF,Zijin Mining Group Co Ltd-H,3.69,4,7,3,7,2,2,2,27,-8.0,19.0,Broken,Avoid/exit,24,-1.6,9.2,-3.5,45.6,1,,Basic Materials,114340077568.0,89276.85
AHT-PI,Ashford Hospitality Trust Inc,5.02,9,11,2,4,4,4,5,39,-20.0,19.0,Broken,Avoid/exit,24,-4.4,-3.6,1.1,51.6,1,,Real Estate,104520272.0,7644.6
NAKA,Nakamoto Inc.,3.97,12,3,7,5,5,2,2,36,-17.0,19.0,Broken,Avoid/exit,49,4.2,-1.0,0.9,51.8,2,,Financial Services,86314616.0,339220.03
CNROX,City National Rochdale Strategic Credit Fund,4.35,3,9,3,6,3,3,2,29,-10.0,19.0,Broken,Avoid/exit,27,0.2,0.5,-1.5,23.4,0,,nan,nan,0.0
YACAF,Yancoal Australia Ltd,3.8,6,12,4,0,3,2,2,29,-10.0,19.0,Broken,Avoid/exit,24,6.1,-2.6,-3.9,41.9,1,,Energy,6777089024.0,15019.16
LUD,Luda Technology Group Limited,4.22,0,1,7,7,0,2,2,19,0.0,19.0,Broken,Avoid/exit,17,-5.7,-15.6,-9.1,39.0,0,,Basic Materials,114414328.0,78468.27
WXM,WF International Limited Ordinary Shares,3.23,8,11,0,2,7,2,2,32,-11.0,19.0,Broken,Avoid/exit,57,13.7,-30.4,-6.6,47.3,2,,Industrials,428099.0,23376.7
SHICX,WESTERN ASSET SHORT DURATION HIGH INCOME FUND CLASS C1,4.79,2,4,6,6,3,2,3,26,-10.0,19.0,Broken,Avoid/exit,27,-0.2,-0.2,-0.1,40.0,0,,nan,0.0,0.0
UVIX,2x Long VIX Futures ETF,57.4,17,6,7,5,6,0,5,46,-25.5,18.5,Broken,Avoid/exit,50,-2.6,-8.1,42.6,76.4,0,,nan,nan,39131693.68
TOMZ,TOMI Environmental Solutions Inc,0.686,0,3,0,9,2,4,3,21,-3.0,18.0,Broken,Avoid/exit,27,-14.3,-18.4,-12.8,36.4,1,,Industrials,23436502.0,299839.54
NZTCF,Spark New Zealand Ltd,1.05,6,5,6,4,0,2,2,25,-10.0,18.0,Broken,Avoid/exit,15,0.0,5.0,-1.8,43.0,0,,Communication Services,2192526848.0,0.0
INO,Inovio Pharmaceuticals Inc,1.12,3,8,8,8,0,0,4,31,-13.0,18.0,Broken,Avoid/exit,23,-5.9,-5.9,-3.3,43.8,1,,Healthcare,95436952.0,1799066.3
MTEN,Mingteng International Corporation Inc. Ordinary Shares,1.21,4,12,2,3,4,2,2,29,-11.0,18.0,Broken,Avoid/exit,33,5.2,-22.4,-14.1,42.5,2,,Industrials,5631816.0,148205.67
DLPN,Dolphin Entertainment Inc,1.12,4,13,3,4,2,2,3,31,-13.0,18.0,Broken,Avoid/exit,19,5.7,-0.9,-0.4,46.9,1,,Communication Services,14969861.0,42648.45
GBCEY,Globe Trade Centre SA ADR,1.23,5,3,9,5,3,2,3,30,-15.0,18.0,Broken,Avoid/exit,17,0.0,0.0,-0.1,0.0,1,,Real Estate,353166880.0,67.88
LVWR,LiveWire Group Inc.,0.73,3,9,1,6,3,2,2,26,-13.0,18.0,Broken,Avoid/exit,21,2.9,-34.2,-21.4,33.7,1,,Consumer Cyclical,264142752.0,161074.27
MEGL,Magic Empire Global Limited,1.16,3,4,3,8,0,0,2,20,-5.0,18.0,Broken,Avoid/exit,35,-4.1,-13.4,-4.4,44.0,1,,Financial Services,6279422.0,37929.18
OCGN,Ocugen Inc,1.37,2,6,6,8,0,0,5,27,-9.0,18.0,Broken,Avoid/exit,15,-6.8,-7.4,-3.9,45.0,1,,Healthcare,463774944.0,6017677.52
MGX,"Metagenomi, Inc. Common Stock",1.24,4,7,4,8,0,3,5,31,-13.0,18.0,Broken,Avoid/exit,28,-1.6,2.5,-1.9,46.8,1,,Healthcare,50070320.0,372881.15
CIMEF,CIMC Enric Holdings Limited,0.93,3,7,0,5,3,2,3,23,-10.0,18.0,Broken,🔥 COILED: Avoid/exit,29,0.0,0.0,-5.8,43.5,0,,Energy,2767987456.0,104.2
WDH,Waterdrop Inc ADR,1.18,3,16,1,0,4,2,2,28,-8.0,18.0,Broken,Avoid/exit,12,0.0,1.7,-2.5,40.6,1,,Financial Services,517394816.0,318248.7
BAINF,BASE Inc,1.4,3,3,8,5,3,3,3,28,-10.0,18.0,Broken,Avoid/exit,11,0.0,0.0,-1.8,0.0,0,,Technology,161220320.0,32.0
ACRV,"Acrivon Therapeutics, Inc. Common Stock",1.75,10,3,3,12,1,0,5,34,-16.0,18.0,Broken,Avoid/exit,41,-14.6,1.2,-3.7,48.3,1,,Healthcare,60992460.0,1276348.84
PPCB,"Propanc Biopharma, Inc. Common Stock",1.59,11,3,4,4,4,0,2,28,-10.0,18.0,Broken,Avoid/exit,40,-10.7,10.4,-2.6,50.0,2,,Healthcare,3303638.0,70834.74
BGAOY,Proximus NV ADR,1.38,4,9,4,2,3,2,2,26,-8.0,18.0,Broken,Avoid/exit,25,0.0,7.0,-0.2,46.1,0,,Communication Services,2439160064.0,0.0
BFNH,BioForce Nanosciences Holdings Inc,1.5,11,9,2,5,9,0,5,41,-21.0,18.0,Broken,Avoid/exit,55,-16.2,-11.2,-4.6,49.4,1,,Consumer Defensive,44284688.0,1165.58
NBP,NovaBridge Biosciences,1.79,6,4,3,9,0,0,5,27,-9.0,18.0,Broken,Avoid/exit,21,-3.8,-10.1,-2.2,47.7,1,,Healthcare,197758944.0,1036939.94
UTKN,"Universal Token, Inc.",1.4,1,3,7,6,6,3,2,28,-10.0,18.0,Broken,Avoid/exit,21,0.0,-6.0,-3.6,37.7,0,,Industrials,163310096.0,797.87
CRGO,Freightos Limited Ordinary shares,1.36,6,9,5,3,2,4,2,31,-13.0,18.0,Broken,Avoid/exit,26,3.0,-4.9,-2.2,43.8,2,,Industrials,84760936.0,109035.92
RVRC,Revium Recovery Inc,1.67,12,6,11,6,3,2,3,43,-28.0,18.0,Broken,Avoid/exit,51,0.0,0.0,0.0,100.0,1,,Healthcare,101417592.0,7.79
REED,"Reed's, Inc.",0.99,3,7,2,7,0,0,2,21,-3.0,18.0,Broken,Avoid/exit,7,-13.2,-23.3,-20.6,27.9,1,,Consumer Defensive,21105612.0,27132.96
BLUMY,Blue Moon Group Holdings Limited,1.785,7,6,11,6,3,2,3,38,-23.0,18.0,Broken,Avoid/exit,47,0.0,0.0,0.0,88.1,1,,Consumer Defensive,2081780864.0,40.46
CSCIF,COSCIENS Biopharma Inc.,5.75,16,4,3,12,3,4,5,47,-30,18,Broken,Avoid/exit,56,-15.8,653.3,64.5,77.3,3,,Healthcare,6368318.0,3746.01
XTGRF,Xtra-Gold Resources Corp,1.66,3,14,3,0,3,3,2,28,-10.0,18.0,Broken,Avoid/exit,7,1.8,1.2,-3.7,39.6,0,,Basic Materials,92972432.0,11851.0
SCHYF,Sands China Ltd,1.77,3,4,8,5,0,3,2,25,-10.0,18.0,Broken,Avoid/exit,24,0.0,0.0,-1.6,33.3,0,,Consumer Cyclical,18595127296.0,0.0
IDPUF,IDP Education Limited,2.03,6,3,5,3,3,2,3,25,-10.0,18.0,Broken,Avoid/exit,15,0.0,0.0,-1.0,0.0,0,,Consumer Defensive,565022528.0,35.37
EXSPF,Expert.ai S.p.A,1.83,7,5,2,4,3,5,4,30,-15.0,18.0,Broken,Avoid/exit,31,0.0,1.1,-0.6,39.1,1,,Technology,227302176.0,422.85
GNLAF,Genesis Land Development Corp,2.49,6,3,11,5,6,4,3,38,-23.0,18.0,Broken,Avoid/exit,0,0.0,0.0,0.0,92.7,0,,Real Estate,140144688.0,0.0
PPENF,Pampa EnergÃ­a S.A.,1.75,1,3,0,7,3,2,2,18,0.0,18.0,Broken,Avoid/exit,12,0.0,0.0,-14.6,0.0,0,,Industrials,3560540416.0,74.1
HYEX,Grey Cloak Tech Inc,1.64,1,11,1,5,6,2,2,28,-10.0,18.0,Broken,Avoid/exit,27,-25.5,1.9,-12.3,43.9,0,,Healthcare,39183912.0,767.4
KOS,Kosmos Energy Ltd,2.15,4,6,4,9,0,6,2,31,-13.0,18.0,Broken,Avoid/exit,42,-1.4,5.9,-7.3,42.2,1,,Energy,1791431552.0,17266117.08
HNSBF,Hansa Biopharma AB (publ),2.9,7,4,6,5,3,2,3,30,-15.0,18.0,Broken,Avoid/exit,30,0.0,0.0,-0.0,5.9,1,,Healthcare,289228480.0,162.3
WTF,Waton Financial Limited Ordinary Shares,3.0,9,5,6,6,2,2,5,35,-17.0,18.0,Broken,Avoid/exit,30,3.4,7.1,3.4,52.5,1,,Financial Services,148571408.0,106347.95
GNLX,Genelux Corporation Common Stock,2.82,3,3,9,11,3,0,2,31,-13.0,18.0,Broken,Avoid/exit,38,-5.4,-2.8,-3.9,42.8,1,,Healthcare,134521248.0,211479.1
VNJA,Vanjia Corp,3.94,5,4,0,7,0,0,2,18,0.0,18.0,Broken,Avoid/exit,26,-25.0,-34.3,-21.6,41.4,0,,Consumer Cyclical,82500000.0,166.45
LTNCX,Oppenheimer Rochester LtdTerm NY MunisC,2.78,5,2,6,6,4,2,3,28,-10.0,18.0,Broken,Avoid/exit,33,-0.4,-0.4,-0.2,17.4,0,,nan,0.0,0.0
CRE,Cre8 Enterprise Limited Class A Ordinary Shares,3.17,14,5,3,4,2,7,2,37,-19.0,18.0,Broken,Avoid/exit,43,8.9,29.4,3.2,52.3,2,,Industrials,6303773.0,322380.25
CABA,Cabaletta Bio Inc,2.67,0,7,5,7,0,0,2,21,-3.0,18.0,Broken,Avoid/exit,30,-14.3,-10.7,-10.1,36.4,1,,Healthcare,572322368.0,3307059.32
WKHS,Workhorse Group Inc,2.69,2,11,6,4,4,2,2,31,-14.0,18.0,Broken,Avoid/exit,37,1.1,-8.5,-4.0,42.8,1,,Consumer Cyclical,37691164.0,177945.62
DEXSF,DEXUS,3.84,4,8,2,0,3,4,2,23,-10.0,18.0,Broken,🔥 COILED: Avoid/exit,17,0.0,1.0,-1.1,44.2,0,,Real Estate,3780879616.0,273.57
PCELF,PowerCell Sweden AB (publ),1.91,3,3,8,5,3,5,3,30,-15.0,18.0,Broken,Avoid/exit,18,0.0,0.0,-5.4,31.4,1,,Industrials,174835136.0,218.5
CRBJF,China Resources Land Ltd,3.8,8,3,11,6,3,4,3,38,-23.0,18.0,Broken,Avoid/exit,0,0.0,0.0,0.0,92.2,0,,Real Estate,27097569280.0,60.45
NEWP,New Pacific Metals Corp,3.95,5,11,7,0,4,4,2,33,-13.0,18.0,Broken,Avoid/exit,29,-2.7,-1.5,-3.8,43.8,1,,Basic Materials,784696128.0,948094.82
ZDCAF,Zedcor Inc.,3.7,1,13,6,0,4,2,2,28,-8.0,18.0,Broken,Avoid/exit,13,-1.6,-4.0,-3.3,42.5,0,,Industrials,456578560.0,23918.27
FIEE,"FiEE, Inc.",3.6,3,14,2,4,3,2,2,30,-10.0,18.0,Broken,Avoid/exit,17,-10.2,-15.3,-10.4,40.5,0,,Technology,37568476.0,65461.98
QXL,Quantum X Labs Inc.,4.81,10,6,0,3,5,4,2,30,-15.0,18.0,Broken,Avoid/exit,51,-5.3,-15.5,-7.7,43.1,1,,Technology,60547220.0,59469.67
HCGI,Huntwicke Capital Group Inc,6.15,1,5,1,10,0,0,3,20,-5.0,18.0,Broken,Avoid/exit,21,0.0,0.0,-39.1,48.2,1,,Financial Services,26443322.0,68.5
UONEK,Urban One Inc Class D,4.21,2,2,5,10,4,0,2,25,-5.0,18.0,Broken,Avoid/exit,36,-4.5,-8.7,-6.0,41.1,1,,Communication Services,21277166.0,15312.5
AGNT,"eXp World Holdings, Inc.",4.68,1,11,1,7,4,0,2,26,-6.0,18.0,Broken,Avoid/exit,20,-3.3,-17.8,-3.4,45.1,1,,Real Estate,773965696.0,1163516.81
BNGO,Bionano Genomics Inc,1.17,11,10,8,6,0,1,4,40,-23.0,17.0,Broken,Avoid/exit,36,2.6,0.0,0.5,50.4,1,,Healthcare,13655251.0,405126.7
MSW,Ming Shing Group Holdings Limited Ordinary Shares,1.37,11,6,5,6,4,2,2,36,-19.0,17.0,Broken,Avoid/exit,34,6.2,4.6,0.6,50.3,1,,Industrials,19332750.0,153046.09
AMS,American Shared Hospital Service,1.47,3,10,3,3,6,0,4,29,-13.0,17.0,Broken,Avoid/exit,30,-3.3,-2.6,-0.7,48.9,1,,Healthcare,9142500.0,72136.82
CHRS,Coherus BioSciences Inc,1.39,1,3,5,9,0,4,4,26,-9.0,17.0,Broken,Avoid/exit,24,-14.7,-3.5,-7.0,40.6,1,,Healthcare,227518608.0,1505298.91
GOTU,Gaotu Techedu Inc DRC,1.75,5,5,2,7,1,5,5,30,-13.0,17.0,Broken,Avoid/exit,22,-4.9,-1.1,-0.5,49.7,1,,Consumer Defensive,400602304.0,518693.31
AIB,"BlockchAIn Digital Infrastructure, Inc",1.78,1,10,9,5,5,2,2,34,-15.0,17.0,Broken,Avoid/exit,0,-2.7,-12.3,-6.9,45.7,1,,Technology,77927488.0,0.0
ITFS,Itafos Inc.,1.7,3,10,5,4,3,2,2,29,-10.0,17.0,Broken,Avoid/exit,12,0.5,-4.8,-2.6,39.7,0,,Basic Materials,348656704.0,57695.5
IPHA,Innate Pharma,1.775,6,6,6,3,5,2,3,31,-15.0,17.0,Broken,Avoid/exit,39,-0.8,-1.9,-1.6,47.6,1,,Healthcare,168086880.0,89943.37
TURB,"Turbo Energy, S.A. American Depositary Shares",1.48,6,7,8,4,5,4,3,37,-18.0,17.0,Broken,Avoid/exit,33,-2.6,-3.9,-2.0,48.0,2,,Technology,20789652.0,2972179.76
ESGH,ESG Inc.,1.79,6,3,8,3,3,3,3,29,-15.0,17.0,Broken,Avoid/exit,16,0.0,0.0,-0.8,16.8,1,,Consumer Defensive,27701088.0,1500.16
BESS-WT,Bimergen Energy Corporation,1.774,9,4,5,0,3,0,5,26,-10.0,17.0,Broken,Avoid/exit,0,-11.3,3.7,-5.4,48.2,0,,nan,nan,0.0
HLOSF,Healios K.K,1.8,1,5,0,7,3,0,3,19,-5.0,17.0,Broken,Avoid/exit,20,0.0,0.0,-3.3,47.3,1,,Healthcare,243003424.0,105.75
SDCH,SideChannel Inc.,1.85,6,6,8,5,5,0,2,32,-15.0,17.0,Broken,Avoid/exit,41,-5.8,-1.4,-3.1,41.8,1,,Technology,9145514.0,83299.25
LGCL,Lucas GC Limited Ordinary Shares,1.27,7,6,1,4,3,4,2,27,-10.0,17.0,Broken,Avoid/exit,16,-6.6,-31.4,-10.9,43.5,0,,Technology,86864520.0,112824.47
MDEVY,Melco International Development Limited,2.42,5,3,2,5,3,1,5,24,-10.0,17.0,Broken,Avoid/exit,29,0.0,-5.8,-0.8,49.2,0,,Consumer Cyclical,1014156096.0,212.25
BEEP,Mobile Infrastructure Corporation,1.92,12,13,2,5,5,4,4,45,-28,17,Broken,Avoid/exit,32,20.8,38.1,10.7,58.7,4,,Industrials,92683040.0,56931.05
SNTG,Sentage Holdings Inc,2.08,3,10,5,3,6,3,2,32,-18.0,17.0,Broken,Avoid/exit,38,0.0,0.7,-1.2,47.9,2,,Financial Services,6171715.0,587816.71
IGTAU,Inception Growth Acquisition Ltd Unit,2.31,8,6,11,4,3,2,3,37,-23.0,17.0,Broken,Avoid/exit,32,0.0,0.0,0.0,80.3,0,,Financial Services,nan,2.05
RGLSF,Regulus Resources Inc,2.8,6,6,6,10,0,0,2,30,-13.0,17.0,Broken,Avoid/exit,34,-4.8,-3.1,-3.0,44.6,1,,Basic Materials,377889472.0,7654.57
SRG,Seritage Growth Properties,2.6,4,5,8,2,3,5,2,29,-15.0,17.0,Broken,Avoid/exit,34,-1.5,-1.1,-1.3,46.0,1,,Real Estate,151513200.0,216943.86
WELX,Winland Holdings Corporation,2.27,1,4,8,0,6,3,2,24,-10.0,17.0,Broken,Avoid/exit,30,-1.3,0.0,-2.0,45.1,0,,Technology,12705522.0,4092.98
HTWSF,Helios Towers plc,2.65,8,6,5,3,0,3,2,27,-10.0,17.0,Broken,Avoid/exit,30,-0.5,-1.5,-4.0,36.3,0,,Communication Services,3065930752.0,5592.19
FKWL,Franklin Wireless Corp,2.37,3,11,2,4,4,4,2,30,-13.0,17.0,Broken,Avoid/exit,14,-2.5,-7.1,-5.3,32.7,1,,Technology,33703040.0,16945.94
GNLN,Greenlane Holdings Inc,2.41,3,7,8,4,0,6,2,30,-13.0,17.0,Broken,Avoid/exit,21,-5.1,2.6,-5.6,41.6,1,,Consumer Defensive,1925949.0,83420.96
OLCAX,Oppenheimer Rochester Ltd Term CA MuniA,3.12,3,4,3,6,6,2,3,27,-10.0,17.0,Broken,Avoid/exit,45,0.0,-0.3,-0.1,37.4,0,,nan,0.0,0.0
BEVFF,Diversified Royalty Corp,3.212,5,8,0,3,5,2,2,25,-8.0,17.0,Broken,Avoid/exit,46,-1.5,-3.4,-2.3,40.2,0,,Industrials,575459200.0,8278.77
PDGNF,Pendragon PLC,3.95,16,6,6,4,6,4,5,47,-30,17,Broken,Avoid/exit,41,0.6,12.9,6.4,81.7,3,,Consumer Cyclical,376251488.0,1247.4
KRKR,36Kr Holdings Inc,2.62,5,7,8,1,0,4,2,27,-10.0,17.0,Broken,Avoid/exit,13,-1.8,0.0,-7.4,39.2,0,,Communication Services,6592525.0,59965.65
ACOPF,The a2 Milk Company Limited,4.7,6,9,2,3,3,2,2,27,-10.0,17.0,Broken,Avoid/exit,16,0.0,-6.0,-4.6,42.7,0,,Consumer Defensive,2865433344.0,0.0
GSM,Ferroglobe PLC,3.35,5,12,3,1,2,2,2,27,-8.0,17.0,Broken,Avoid/exit,17,2.4,1.8,-3.3,41.0,2,,Basic Materials,835266432.0,1329110.7
BGS,B&G Foods Inc,3.82,1,12,7,1,4,0,2,27,-10.0,17.0,Broken,Avoid/exit,11,-1.3,-6.1,-3.0,40.2,1,,Consumer Defensive,320609664.0,2178765.67
BOF,BranchOut Food Inc. Common Stock,4.0,12,4,3,9,3,4,5,40,-23.0,17.0,Broken,Avoid/exit,52,-7.8,-21.4,-5.3,45.6,1,,Consumer Defensive,57435112.0,446355.58
GCMDX,GOLDMAN SACHS LOCAL EMERGING MARKETS DEBT FUND CLASS C,4.02,3,4,4,6,3,4,3,27,-10.0,17.0,Broken,Avoid/exit,29,0.0,-0.2,-0.3,30.3,0,,nan,0.0,0.0
GAMDX,GOLDMAN SACHS LOCAL EMERGING MARKETS DEBT FUND CLASS A,4.03,3,4,4,6,3,4,3,27,-10.0,17.0,Broken,Avoid/exit,30,0.0,-0.2,-0.3,30.0,0,,nan,0.0,0.0
GIMSX,GOLDMAN SACHS LOCAL EMERGING MARKETS DEBT FUND CLASS R6 SHARES,4.02,3,4,4,6,3,4,3,27,-10.0,17.0,Broken,Avoid/exit,30,0.0,-0.2,-0.2,31.3,0,,nan,nan,0.0
BMHL,Bluemount Holdings Limited Class B Ordinary Shares,5.76,9,4,1,8,3,2,2,29,-8.0,17.0,Broken,Avoid/exit,58,-5.4,-5.6,-1.9,51.6,0,,Financial Services,109481432.0,3475.32
OMCC,Old Market Capital Corporation,4.15,1,4,3,10,0,1,3,22,-1.0,17.0,Broken,Avoid/exit,33,-4.4,-4.6,-2.3,43.5,1,,Communication Services,29315410.0,9048.44
SEAC,SeaChange International Inc,3.28,1,4,0,8,7,0,2,22,-5.0,17.0,Broken,Avoid/exit,21,-7.6,-34.4,-20.5,21.3,1,,Technology,8398952.0,359.5
PSPFX,GLOBAL RESOURCES FUND GLOBAL RESOURCES FUND,4.24,2,5,6,6,0,3,2,24,-10.0,17.0,Broken,Avoid/exit,16,-3.2,-3.2,-5.2,29.2,0,,nan,0.0,0.0
PDVCX,PUTNAM DIVERSIFIED INCOME TRUST CLASS C SHARES,4.84,1,3,5,6,0,2,3,20,-8.0,17.0,Broken,🔥 COILED: Avoid/exit,28,-0.2,-0.4,-0.2,42.7,0,,nan,0.0,0.0
TMCXX,BlackRock Liquidity Funds - TempCash,1.0,2,5,2,6,3,2,3,23,-10.0,16.0,Broken,Avoid/exit,30,-0.0,0.0,-0.0,40.8,0,,nan,nan,0.0
AGIG,AGIG,1.02,7,10,6,1,3,4,2,33,-17.0,16.0,Broken,Avoid/exit,26,1.0,5.2,-0.2,48.0,2,,Utilities,49745788.0,530225.08
AGMH,AGM Group Holdings Inc Class A,1.079,2,3,7,3,5,4,2,26,-10.0,16.0,Broken,Avoid/exit,29,-4.5,-13.7,-4.6,45.8,0,,Technology,2689749.0,1305591.58
VWAVW,"VisionWave Holdings, Inc. Warrant",0.62,1,5,0,8,0,0,2,16,0.0,16.0,Broken,Avoid/exit,11,-10.1,-60.0,-35.0,39.0,0,,nan,nan,70257.62
PBTDF,Plover Bay Technologies Limited,1.07,6,7,3,2,4,0,2,24,-8.0,16.0,Broken,Avoid/exit,49,-5.3,-5.3,-1.0,47.1,1,,Technology,1260582272.0,900.2
MMLTF,MMG Limited,0.879,3,9,2,3,3,2,2,24,-8.0,16.0,Broken,Avoid/exit,18,1.5,-3.9,-6.5,39.9,0,,Basic Materials,14690042880.0,6031.28
MTEK,Maris Tech Ltd,1.05,4,8,5,8,0,2,2,29,-13.0,16.0,Broken,Avoid/exit,12,-2.8,2.9,-3.9,44.8,1,,Technology,11395885.0,437305.42
SFBQF,SoftBank Corp,1.28,4,6,9,1,0,2,3,25,-10.0,16.0,Broken,Avoid/exit,19,-1.5,-7.9,-1.6,46.5,0,,Communication Services,65487736832.0,42768.7
MMHTF,Miramar Hotel and Investment Company Limited,1.27,8,3,11,6,3,2,3,36,-23.0,16.0,Broken,Avoid/exit,46,0.0,0.0,0.0,94.9,0,,Consumer Cyclical,877518784.0,65.01
PLBY,Plby Group Inc,1.2,1,12,3,4,3,2,2,27,-11.0,16.0,Broken,Avoid/exit,15,3.4,-4.0,-3.7,42.2,2,,Consumer Cyclical,153076528.0,838380.97
AREN,Arena Group Holdings Inc,1.05,9,14,5,5,4,2,2,41,-23.0,16.0,Broken,Avoid/exit,19,18.0,29.6,3.4,47.5,3,,Communication Services,62835688.0,142212.73
BZFD,BuzzFeed Inc,1.39,7,6,3,3,5,2,2,28,-15.0,16.0,Broken,Avoid/exit,49,-6.1,-8.6,-3.9,47.1,1,,Communication Services,115158496.0,1261153.4
RDGT,"Ridgetech, Inc.",1.48,7,8,6,4,2,6,3,36,-18.0,16.0,Broken,Avoid/exit,27,8.8,2.1,-1.6,49.0,1,,Healthcare,1618032.0,187331.34
MPGPF,PageGroup plc,1.4,3,4,6,5,3,3,2,26,-10.0,16.0,Broken,Avoid/exit,0,0.0,0.0,-4.0,17.8,0,,Industrials,488840832.0,0.0
PVL,Permianville Royalty Trust,1.72,5,13,3,1,2,2,2,28,-12.0,16.0,Broken,Avoid/exit,34,3.0,1.8,-0.5,45.5,1,,Energy,62040000.0,87141.65
STKS,One Group Hospitality Inc,1.9,11,6,5,4,3,5,5,39,-23.0,16.0,Broken,Avoid/exit,39,0.5,-3.1,-1.3,48.7,1,,Consumer Cyclical,58078312.0,55626.15
CICOF,COSCO SHIPPING Holdings Co. Ltd,1.66,0,1,3,7,3,0,2,16,0.0,16.0,Broken,Avoid/exit,17,-10.3,-7.8,-6.0,33.4,0,,Industrials,28550774784.0,0.0
HMDCF,HUTCHMED (China) Limited,2.16,3,7,0,3,3,2,3,21,-8.0,16.0,Broken,Avoid/exit,20,0.0,0.0,-2.4,46.9,0,,Healthcare,1857063936.0,87.05
ELME,Elme Communities,1.54,3,13,3,1,4,2,2,28,-10.0,16.0,Broken,Avoid/exit,20,0.0,0.0,-5.9,35.0,2,,Real Estate,181403376.0,2127497.37
SFUNY,Fang Holdings Ltd,0.715,2,1,0,8,3,0,2,16,-5.0,16.0,Broken,Avoid/exit,20,-65.3,-65.3,-62.6,11.3,1,,Communication Services,18839504.0,273.16
MSC,Studio City International Holdings Ltd,1.81,4,10,5,0,3,2,2,26,-13.0,16.0,Broken,Avoid/exit,18,-0.5,-2.2,-4.2,39.2,1,,Consumer Cyclical,437175168.0,10293.85
PLUR,Pluri Inc.,1.8,4,11,1,5,3,2,2,28,-13.0,16.0,Broken,Avoid/exit,13,1.1,-13.9,-8.8,36.1,1,,Healthcare,25679120.0,18774.67
SFHG,Samfine Creation Holdings Group Limited,2.52,15,14,3,4,3,3,4,46,-30,16,Broken,Avoid/exit,58,1.2,16.1,3.4,54.9,3,,Industrials,9419200.0,28430.4
CPYYF,Centrica plc,2.31,3,3,8,3,3,3,3,26,-10.0,16.0,Broken,Avoid/exit,32,0.0,0.0,-1.4,28.6,1,,Utilities,11413060608.0,0.0
VULNF,Vulcan Energy Resources Limited,2.11,3,13,4,0,3,4,2,29,-13.0,16.0,Broken,Avoid/exit,22,19.9,-5.3,-1.5,47.0,2,,Basic Materials,1282810752.0,2588.45
MTVA,MetaVia Inc.,1.8,10,5,3,7,4,2,5,36,-20.0,16.0,Broken,Avoid/exit,49,4.0,24.1,2.9,51.2,3,,Healthcare,13840512.0,1317013.41
EKNPF,EKINOPS S.A.,2.97,4,3,10,7,3,1,3,31,-18.0,16.0,Broken,Avoid/exit,0,0.0,0.0,-0.0,90.4,1,,Technology,80205360.0,0.0
GNZUY,"Guangzhou Automobile Group Co., Ltd.",2.83,3,7,0,5,3,2,3,23,-10.0,16.0,Broken,Avoid/exit,15,0.0,0.0,-3.6,45.3,1,,Consumer Cyclical,3059119616.0,9.31
FUTG,Leverage Shares 2x Long FUTU Daily ETF,3.43,6,8,7,6,0,2,3,32,-16.0,16.0,Broken,Avoid/exit,22,0.9,-6.0,-4.6,41.4,1,,nan,nan,0.0
PINWF,Pinnacle Renewable Energy Inc,3.95,16,6,6,5,6,2,5,46,-30,16,Broken,Avoid/exit,44,0.6,12.9,6.3,75.5,3,,Technology,379821664.0,1324.9
XVVRX,Invesco Senior Income Trust,3.35,1,3,9,6,3,1,3,26,-10.0,16.0,Broken,Avoid/exit,22,-0.6,-0.6,-0.4,30.8,0,,Other,0.0,0.0
JPDYY,Japan Display Inc ADR,3.77,5,7,6,3,3,1,3,28,-15.0,16.0,Broken,Avoid/exit,37,0.0,0.0,-0.8,30.1,1,,Technology,1424104448.0,50.0
DNUT,Krispy Kreme Inc,3.41,1,13,7,2,3,2,2,30,-15.0,16.0,Broken,Avoid/exit,25,-0.3,-8.3,-2.2,46.2,1,,Consumer Defensive,563747968.0,4227573.93
DNGFF,Dongfang Electric Corporation Limited,2.875,3,7,1,5,3,2,2,23,-10.0,16.0,Broken,Avoid/exit,21,0.0,0.0,-7.6,39.3,0,,Industrials,13954483200.0,329.03
INVE,Identiv Inc,2.835,3,8,2,12,0,2,2,29,-13.0,16.0,Broken,Avoid/exit,22,3.5,7.0,-6.7,38.4,1,,Industrials,102986648.0,91540.98
SBDS,"Solo Brands, Inc.",3.69,3,13,8,1,4,0,2,31,-13.0,16.0,Broken,Avoid/exit,29,5.4,7.0,-0.6,46.9,2,,Consumer Cyclical,10832179.0,34270.91
SIGA,SIGA Technologies Inc,3.56,1,13,2,0,4,2,2,24,-8.0,16.0,Broken,Avoid/exit,13,1.7,-4.3,-5.9,35.9,0,,Healthcare,308413632.0,494599.12
NEXPF,Nexi S.p.A,4.5,4,4,4,6,3,3,2,26,-10.0,16.0,Broken,Avoid/exit,43,1.6,-3.4,-1.2,34.0,1,,Technology,5463928832.0,509.47
DPCDF,DPCDF,3.55,3,8,4,0,3,3,2,23,-10.0,16.0,Broken,Avoid/exit,11,0.0,0.0,-7.1,14.6,0,,Consumer Cyclical,613079616.0,93.45
LNJFX,LORD ABBETT NEW JERSEY TAX-FREE INCOME FUND CLASS F,4.73,5,2,5,6,3,2,3,26,-10.0,16.0,Broken,Avoid/exit,36,-0.4,-0.8,-0.4,34.1,0,,nan,0.0,0.0
WEICF,Weichai Power Co. Ltd,4.25,0,2,1,9,0,0,2,14,-3.0,16.0,Broken,Avoid/exit,39,-7.8,-5.6,-7.3,40.5,0,,Consumer Cyclical,44176936960.0,0.0
CVGI,Commercial Vehicle Group Inc,4.69,9,6,7,4,3,0,2,31,-15.0,16.0,Broken,Avoid/exit,44,-7.3,-3.3,-2.8,46.5,1,,Consumer Cyclical,185914256.0,516058.52
LANJX,LORD ABBETT NEW JERSEY TAX-FREE INCOME FUND CLASS A,4.73,5,2,5,6,3,2,3,26,-10.0,16.0,Broken,Avoid/exit,38,-0.4,-0.8,-0.4,34.2,0,,nan,0.0,0.0
NUVB-WS,NUVB-WS,5.64,10,6,5,3,3,2,5,34,-18.0,16.0,Broken,Avoid/exit,48,-7.7,4.1,-0.3,51.7,0,,nan,nan,6239713.3
INLF,INLIF LIMITED Ordinary Shares,2.57,16,3,3,9,2,0,5,38,-22.5,15.5,Broken,Avoid/exit,45,-29.2,1284900.0,24.2,57.3,3,,Industrials,51773436.0,55453.82
IVVD,Invivyd Inc.,0.788,3,6,5,8,2,2,2,28,-13.0,15.0,Broken,Avoid/exit,10,-2.0,-7.7,-9.3,39.2,1,,Healthcare,324068224.0,5656500.35
VTXXF,Vertex Minerals Limited,0.1,3,5,0,8,0,2,2,20,-5.0,15.0,Broken,Avoid/exit,14,0.0,0.0,-67.0,8.7,1,,Basic Materials,286577472.0,120.23
HBFGF,Happy Belly Food Group Inc.,1.13,8,5,8,0,3,1,2,27,-15.0,15.0,Broken,Avoid/exit,26,-1.3,-5.8,-2.2,44.6,2,,Consumer Defensive,160109216.0,13004.67
ICON,Icon Energy Corp.,0.927,3,6,8,5,2,4,2,30,-15.0,15.0,Broken,Avoid/exit,31,0.3,-10.9,-3.9,43.8,1,,Industrials,3567616.0,383002.78
LDI,Loandepot Inc,1.12,1,7,6,1,2,6,2,25,-13.0,15.0,Broken,Avoid/exit,22,-1.8,-11.1,-3.5,43.3,1,,Financial Services,810716288.0,5151559.39
CIIT,"Tianci International, Inc. Common Stock",0.325,3,6,0,9,0,0,2,20,-3.0,15.0,Broken,Avoid/exit,11,-37.8,-45.4,-47.1,32.2,1,,Industrials,4342688.0,278995.51
SLSN,"Solesence, Inc. Common Stock",0.78,6,10,1,2,2,2,2,25,-8.0,15.0,Broken,Avoid/exit,23,11.5,6.9,-8.8,41.6,1,,Consumer Defensive,88643720.0,38067.4
OBGRF,Orbit Garant Drilling Inc,0.83,3,3,4,5,3,5,2,25,-10.0,15.0,Broken,Avoid/exit,12,-2.4,-2.4,-7.5,1.4,0,,Basic Materials,52294188.0,2388.44
PRSNF,Personas Social Inc,1.38,3,2,8,6,6,3,2,30,-15.0,15.0,Broken,Avoid/exit,28,0.0,0.0,-1.0,21.4,1,,Communication Services,9928663.0,118.47
BCTCF,BC Technology Group Limited,1.5,11,4,3,2,4,0,3,27,-15.0,15.0,Broken,Avoid/exit,20,0.0,0.0,5.5,51.2,1,,Financial Services,1321977856.0,73.6
RPNMF,Rapala VMC Corporation,1.45,7,4,6,4,3,0,3,27,-15.0,15.0,Broken,Avoid/exit,25,0.0,0.0,-0.0,0.0,1,,Consumer Cyclical,55288268.0,45.0
GSTK,GSTK,1.22,5,7,2,3,3,3,2,25,-10.0,15.0,Broken,Avoid/exit,9,0.0,0.0,-6.0,33.3,0,,Healthcare,46036276.0,28.35
SYYYF,Synthomer plc,1.18,2,4,4,5,6,7,2,30,-15.0,15.0,Broken,Avoid/exit,36,0.0,0.0,-6.6,21.6,1,,Basic Materials,268867648.0,205.25
NEON,Neonode Inc,0.86,5,10,2,0,4,2,2,25,-10.0,15.0,Broken,Avoid/exit,12,2.4,-12.3,-11.3,36.9,0,,Technology,31048410.0,908551.41
NUAIW,"New Era Energy & Digital, Inc.",1.9,7,6,2,5,0,0,5,25,-10.0,15.0,Broken,Avoid/exit,48,-20.7,5.6,-8.2,47.2,0,,nan,nan,137413.66
HURA,TuHURA Biosciences Inc,2.22,7,4,6,3,2,2,3,27,-15.0,15.0,Broken,Avoid/exit,45,-5.1,-9.4,-5.0,44.7,1,,Healthcare,135006960.0,862839.06
BOMXF,Bolsa Mexicana de Valores S.A.B. de C.V,2.05,3,6,6,5,0,4,3,27,-8.0,15.0,Broken,Avoid/exit,33,-1.9,-0.5,-1.2,45.2,0,,Financial Services,1241487872.0,0.0
THM,International Tower Hill Mines Ltd,1.99,2,6,7,9,0,2,2,28,-13.0,15.0,Broken,Avoid/exit,29,-9.1,-3.9,-7.7,43.4,1,,Basic Materials,661903040.0,1228807.46
CNPRF,Condor Petroleum Inc,2.553,15,6,4,9,5,1,5,45,-30,15,Broken,Avoid/exit,59,16.6,28.6,15.3,69.3,3,,Energy,163574384.0,10870.85
DSX,Diana Shipping Inc.,2.1,5,10,8,0,2,2,2,29,-14.0,15.0,Broken,Avoid/exit,26,-1.4,1.4,-2.7,39.6,0,,Industrials,294029184.0,607667.89
GALT,Galectin Therapeutics Inc,4.225,14,3,2,12,3,2,5,41,-26.0,15.0,Broken,Avoid/exit,64,-3.3,-2.4,1.3,53.6,1,,Healthcare,156739424.0,383759.86
DAIC,"CID HoldCo, Inc. Common Stock",1.33,5,6,1,9,4,0,2,27,-15.0,15.0,Broken,Avoid/exit,28,-31.8,-28.1,-20.1,41.6,1,,Technology,93199504.0,111343.07
WBQNL,Woodbridge Liquidation Trust,2.21,4,6,3,5,0,0,4,22,-10.0,15.0,Broken,Avoid/exit,12,-3.9,-0.9,-2.1,40.6,0,,Industrials,28773374.0,1717.89
AYTU,Aytu BioScience Inc,2.16,3,6,6,9,0,0,5,29,-14.0,15.0,Broken,Avoid/exit,23,-1.8,0.0,-1.7,45.9,1,,Healthcare,24149718.0,104852.28
YDDL,One and One Green Technologies. Inc Class A Ordinary Shares,1.97,3,11,4,0,3,2,2,25,-8.0,15.0,Broken,Avoid/exit,16,0.5,-2.0,-10.6,28.7,0,,Industrials,179306672.0,0.0
TRDTF,Trident Resources Corp.,2.42,2,1,6,9,3,0,2,23,-8.0,15.0,Broken,Avoid/exit,29,-9.8,-17.2,-10.3,38.1,0,,Basic Materials,116194256.0,26206.77
PTXKY,XL Axiata Tbk PT ADR,2.7,5,5,7,5,0,0,3,25,-10.0,15.0,Broken,Avoid/exit,19,-3.6,-3.9,-2.9,39.9,1,,Communication Services,2839178496.0,7653.83
ALSSF,Alsea S.A.B. de C.V,2.37,0,4,5,8,0,4,2,23,-8.0,15.0,Broken,Avoid/exit,14,-5.9,-7.1,-8.2,25.8,0,,Consumer Cyclical,2313625344.0,0.0
AIV,Apartment Investment and Management Co,2.78,3,12,2,0,4,2,2,25,-8.0,15.0,Broken,Avoid/exit,12,-0.4,-6.4,-5.3,23.6,0,,Real Estate,440199904.0,2253138.87
GOAI,Eva Live Inc. Common Stock,2.43,2,5,8,4,2,4,2,27,-15.0,15.0,Broken,Avoid/exit,21,-6.2,-5.8,-6.8,39.3,1,,Technology,111798288.0,128843.53
CMCT,Creative Media & Community Trust Corporation,2.66,0,5,5,9,4,0,2,25,-8.0,15.0,Broken,Avoid/exit,28,-22.2,-21.8,-20.3,31.6,1,,Real Estate,8537676.0,129037.69
UBXG,U-BX Technology Ltd. Ordinary Shares,5.04,13,5,1,0,5,4,2,30,-15.0,15.0,Broken,Avoid/exit,46,8.9,0.6,-6.9,49.0,1,,Communication Services,5508637.0,45489.35
POAHY,Porsche Automobile Holding SE,3.1,3,13,2,0,2,3,2,25,-10.0,15.0,Broken,Avoid/exit,15,1.0,1.3,-2.7,39.0,1,,Consumer Cyclical,10782018560.0,209513.45
QHUOY,Quhuo Limited,6.34,11,3,3,6,7,7,5,42,-25.0,15.0,Broken,Avoid/exit,53,15.1,-43.9,-1.9,51.4,1,,nan,12831055.0,97236.12
SCGPY,Serco Group PLC,2.83,3,6,3,3,3,5,2,25,-10.0,15.0,Broken,Avoid/exit,17,0.0,0.0,-5.7,1.2,0,,Industrials,3558276352.0,0.0
RVYL,Ryvyl Inc,14.96,18,3,3,11,3,2,5,45,-30,15,Broken,Avoid/exit,53,-11.1,29.3,11.5,60.5,3,,Technology,9994965.0,213604.62
BDWBY,Budweiser Brewing Company APAC Limited,3.357,7,12,6,4,3,4,2,38,-23.0,15.0,Broken,Avoid/exit,19,1.9,10.5,0.5,48.8,3,,Consumer Defensive,11890254848.0,1728.5
LDLFX,LORD ABBETT SHORT DURATION INCOME FUND CLASS F,3.83,3,4,0,6,0,4,3,20,-8.0,15.0,Broken,Avoid/exit,23,0.0,-0.3,-0.1,42.1,0,,nan,0.0,0.0
PPAAY,Perusahaan Gas Negara Persero Tbk PT ADR,3.9,3,4,8,2,3,3,2,25,-10.0,15.0,Broken,Avoid/exit,13,0.0,0.0,-3.9,17.3,0,,Utilities,2507887872.0,397.83
EOGSF,Emerald Resources NL,3.75,4,7,5,1,3,0,2,22,-10.0,15.0,Broken,Avoid/exit,28,-0.2,-12.9,-4.7,43.6,0,,Basic Materials,2709180928.0,0.0
ECC,Eagle Point Credit Company Inc.,3.72,4,8,5,5,2,1,3,28,-13.0,15.0,Broken,Avoid/exit,25,-3.1,-2.6,-2.0,40.5,1,,Financial Services,536767584.0,1768417.84
WHWK,"Whitehawk Therapeutics, Inc.",3.89,3,9,1,3,4,6,2,28,-11.0,15.0,Broken,Avoid/exit,40,0.8,-9.5,-4.3,43.3,1,,Healthcare,214623696.0,698405.51
NORD,Nordicus Partners Corporation,2.5,8,7,1,6,4,0,2,28,-13.0,15.0,Broken,Avoid/exit,22,-26.3,2.0,-8.5,43.1,2,,Industrials,73664744.0,1682.0
TIGR,Up Fintech Holding Ltd,4.63,3,10,7,4,0,0,3,27,-12.0,15.0,Broken,Avoid/exit,23,-1.7,0.2,-1.2,44.6,1,,Financial Services,850615168.0,4341213.09
CHRCF,CHRCF,4.15,3,5,6,5,3,3,2,27,-15.0,15.0,Broken,Avoid/exit,20,0.0,0.0,-1.3,34.1,1,,Technology,518375136.0,98.98
LXEO,"Lexeo Therapeutics, Inc. Common Stock",4.56,4,6,8,3,0,4,2,27,-15.0,15.0,Broken,Avoid/exit,22,-9.7,2.5,-4.2,44.7,1,,Healthcare,353347328.0,1050090.52
AHT-PF,Ashford Hospitality Trust Inc,6.335,8,3,4,13,3,2,5,38,-23.0,15.0,Broken,Avoid/exit,37,-13.6,-3.7,0.9,52.8,1,,Real Estate,102808168.0,5966.87
OPHLY,Ono Pharmaceutical Co Ltd,4.81,4,5,4,3,0,1,5,22,-10.0,15.0,Broken,Avoid/exit,26,-3.2,-0.4,-1.5,45.8,0,,Healthcare,6400777728.0,65242.43
BNEFF,Bonterra Energy Corp,3.87,5,11,1,3,4,4,2,30,-15.0,15.0,Broken,Avoid/exit,44,-0.8,0.3,-3.0,42.8,1,,Energy,180214624.0,21571.68
MLGO,MicroAlgo Inc.,4.1,1,10,6,0,4,2,2,25,-8.0,15.0,Broken,Avoid/exit,47,-1.2,-2.6,-3.4,45.0,0,,Technology,51315724.0,329105.7
FTCI,FTC Solar Inc,4.3,0,4,8,8,3,2,3,28,-13.0,15.0,Broken,Avoid/exit,27,-16.0,-13.7,-11.7,38.9,1,,Technology,86268536.0,145863.09
BTBD,Bt Brands Inc,1.14,7,8,7,2,0,2,3,29,-13.0,14.0,Broken,Avoid/exit,33,8.6,5.6,2.2,51.1,2,,Consumer Cyclical,7297974.0,972586.25
LAB,Standard Biotools Inc,0.858,7,13,1,2,4,0,5,32,-16.0,14.0,Broken,Avoid/exit,13,-8.8,-1.4,-1.4,47.4,1,,Healthcare,495767520.0,1927863.28
AIRJW,AirJoule Technologies Corporation,0.87,1,2,0,8,3,2,2,18,-4.0,14.0,Broken,Avoid/exit,28,-19.5,-33.1,-17.9,40.1,0,,nan,nan,39080.29
TELO,"Telomir Pharmaceuticals, Inc. Common Stock",1.19,1,3,4,9,2,2,2,23,-9.0,14.0,Broken,Avoid/exit,24,-6.3,-8.5,-4.6,40.9,1,,Healthcare,84593200.0,1125052.41
QTEX,QTREX Quantum Ltd.,1.34,2,7,7,6,2,0,2,26,-15.0,14.0,Broken,Avoid/exit,0,-16.2,-11.3,-14.3,43.2,1,,Technology,87775160.0,0.0
LNKS,Linkers Industries Limited Class A Ordinary Shares,1.45,6,11,2,3,3,0,2,27,-11.0,14.0,Broken,Avoid/exit,43,1.4,-9.9,-8.2,44.3,1,,Industrials,2458117.0,508866.53
NMG,Nouveau Monde Graphite Inc,1.42,2,3,7,9,0,4,2,27,-13.0,14.0,Broken,Avoid/exit,9,-9.6,-7.2,-8.4,35.9,1,,Basic Materials,575950080.0,906982.8
GRWG,GrowGeneration Corp,1.42,0,6,5,7,3,0,2,23,-9.0,14.0,Broken,Avoid/exit,43,-7.8,-6.6,-4.1,43.7,1,,Consumer Cyclical,102454992.0,555374.09
ACXP,Acurx Pharmaceuticals LLC,1.59,8,6,8,3,0,1,5,31,-17.0,14.0,Broken,Avoid/exit,31,8.9,3.9,0.4,48.6,2,,Healthcare,7606996.0,1183585.4
HOLO,MicroCloud Hologram Inc.,1.51,6,9,5,0,0,2,2,24,-13.0,14.0,Broken,Avoid/exit,26,-3.2,-5.0,-4.3,41.8,2,,Technology,39523820.0,1041008.75
OCG,Oriental Culture Holding Ltd,1.52,1,11,8,0,7,2,2,31,-15.0,14.0,Broken,Avoid/exit,28,-5.0,-17.8,-9.0,40.6,1,,Consumer Cyclical,3527728.0,489704.41
UNWPX,WORLD PRECIOUS MINERALS FUND WORLD PRECIOUS MINERALS FUND,1.75,2,5,7,5,0,0,2,21,-10.0,14.0,Broken,Avoid/exit,16,-7.9,-4.4,-6.7,37.7,0,,nan,0.0,0.0
ABOS,Acumen Pharmaceuticals Inc,2.17,1,3,1,10,2,0,2,19,-5.0,14.0,Broken,Avoid/exit,23,-19.6,-16.2,-12.5,38.6,1,,Healthcare,165401168.0,469703.54
NTCL,NETCLASS TECHNOLOGY INC Class A Ordinary Shares,3.99,17,6,6,5,5,2,5,46,-30,14,Broken,Avoid/exit,57,-7.6,199400.0,60.0,76.5,3,,Technology,105499512.0,1754800.08
IDAI,Trust Stamp Inc,2.28,12,4,5,11,5,1,5,43,-27.0,14.0,Broken,Avoid/exit,29,1.8,12.9,8.9,59.2,4,,Technology,13215914.0,253586.82
WAEMX,WASATCH EMERGING MARKETS SMALL CAP FUND INVESTOR CLASS SHARES,1.97,1,2,1,7,0,1,2,14,0.0,14.0,Broken,Avoid/exit,32,-3.4,-6.6,-3.9,36.2,0,,nan,0.0,0.0
WIEMX,WASATCH EMERGING MARKETS SMALL CAP FUND INSTITUTIONAL CLASS SHARES,2.03,1,2,1,7,0,1,2,14,0.0,14.0,Broken,Avoid/exit,32,-3.3,-6.9,-4.1,35.8,0,,nan,0.0,0.0
FLL,Full House Resorts Inc,2.51,1,8,6,3,2,2,2,24,-13.0,14.0,Broken,Avoid/exit,27,-6.7,-11.6,-6.0,40.7,1,,Consumer Cyclical,93201520.0,160185.4
DAMD,Defiance Daily Target 2X Short AMD ETF,1.77,6,15,6,5,3,2,2,39,-26.0,14.0,Broken,Avoid/exit,22,18.0,10.6,0.4,44.3,3,,nan,nan,0.0
SANA,Sana Biotechnology Inc,3.17,2,4,2,11,3,0,5,27,-13.0,14.0,Broken,Avoid/exit,26,-19.3,-11.0,-10.1,40.6,1,,Healthcare,823743104.0,3925021.45
BGIN,Bgin Blockchain Limited Class A Ordinary Shares,1.925,6,11,4,0,2,4,2,29,-13.0,14.0,Broken,Avoid/exit,16,-3.3,5.2,-5.1,41.0,2,,Technology,306598400.0,0.0
CNVS,Cineverse Corp.,2.57,5,8,1,3,4,4,2,27,-13.0,14.0,Broken,Avoid/exit,40,-7.2,-10.1,-6.2,42.1,1,,Communication Services,54940752.0,195990.92
PCSA,Processa Pharmaceuticals Inc,2.24,12,6,6,6,0,7,5,42,-28,14,Broken,Avoid/exit,38,13.7,14.3,4.6,52.2,3,,Healthcare,7562976.0,393023.37
WRFRF,Wharf Real Estate Investment Company Limited,2.7,3,4,6,3,0,3,2,21,-10.0,14.0,Broken,Avoid/exit,18,0.0,0.0,-1.7,24.3,1,,Real Estate,8805059584.0,0.0
SWRD,Stewards Inc.,2.9,9,8,5,0,0,0,2,24,-10.0,14.0,Broken,Avoid/exit,38,-3.3,16.0,1.1,51.2,2,,Financial Services,608466240.0,1742.91
LHYFF,Lhyfe SA,2.86,9,7,1,3,3,0,3,26,-15.0,14.0,Broken,Avoid/exit,18,0.0,0.0,-0.1,31.9,1,,Basic Materials,137480576.0,12.5
NSRX,Nasus Pharma Ltd.,3.07,3,5,6,4,4,6,3,31,-15.0,14.0,Broken,Avoid/exit,31,2.0,-12.7,-2.6,46.8,1,,Healthcare,36303508.0,77225.81
MIMI,Mint Incorporation Limited Class A Ordinary Shares,2.51,14,7,3,3,5,4,2,38,-24.0,14.0,Broken,Avoid/exit,47,25.5,7.3,-0.7,49.6,1,,Industrials,8039137.0,526043.06
BHST,BioHarvest Sciences Inc. Common Stock,2.83,3,10,4,5,2,2,2,28,-15.0,14.0,Broken,Avoid/exit,18,2.5,-2.7,-3.7,37.0,2,,Consumer Defensive,80697520.0,51515.6
DTCGF,Dometic Group AB (publ),2.89,6,5,3,3,3,2,2,24,-10.0,14.0,Broken,Avoid/exit,0,0.0,0.0,-3.1,28.0,0,,Consumer Cyclical,1102275072.0,0.0
XRX,Xerox Corp,2.68,5,5,4,3,5,0,2,24,-10.0,14.0,Broken,Avoid/exit,41,-3.6,-13.5,-7.3,40.2,1,,Industrials,456420832.0,4827438.68
SABS,SAB Biotherapeutics Inc,3.665,4,11,8,1,4,2,4,34,-18.0,14.0,Broken,Avoid/exit,37,-7.4,-5.5,-2.5,46.2,1,,Healthcare,259970272.0,466001.61
NOMA,NOMADAR Corp. Class A Common Stock,3.06,2,9,2,6,4,0,2,25,-11.0,14.0,Broken,Avoid/exit,29,-7.6,-27.8,-7.9,42.9,1,,Consumer Cyclical,61704084.0,0.0
JTKWY,Just Eat Takeaway.com NV ADR,3.9,7,9,1,4,4,2,2,29,-15.0,14.0,Broken,Avoid/exit,18,11.4,4.0,-0.4,49.2,1,,nan,4094232832.0,5956.5
MGLUY,Magazine Luiza S.A,3.81,6,9,3,4,2,6,2,32,-18.0,14.0,Broken,Avoid/exit,22,-0.8,13.7,0.2,46.5,2,,Consumer Cyclical,1021243008.0,405.52
INDI,indie Semiconductor Inc,3.81,2,4,0,12,2,1,2,23,-9.0,14.0,Broken,Avoid/exit,27,-19.1,-16.1,-8.8,43.9,1,,Technology,1014185280.0,4467684.86
CAMP,CAMP4 THERAPEUTICS CORPORATION,3.9,5,2,6,10,0,2,2,27,-13.0,14.0,Broken,Avoid/exit,29,-10.1,-10.1,-8.4,41.0,1,,Healthcare,216530592.0,365387.26
BSEM,Biostem Technologies Inc,3.83,10,14,6,2,4,3,2,41,-25.0,14.0,Broken,Avoid/exit,28,19.1,18.9,4.5,52.7,3,,Healthcare,63690208.0,81052.75
EDHL,Everbright Digital Holding Limited Ordinary Shares,4.27,11,13,3,4,3,0,2,36,-28.0,14.0,Broken,Avoid/exit,42,-9.0,10.1,0.3,50.5,3,,Communication Services,4350810.0,517847.31
CENN,Cenntro Electric Group Ltd,3.29,4,8,4,3,4,4,2,29,-13.0,14.0,Broken,Avoid/exit,46,-4.4,-12.5,-7.2,38.2,1,,Consumer Cyclical,6462643.0,64908.13
EGFIX,EDGEWOOD GROWTH FUND INSTITUTIONAL CLASS SHARES,4.511,5,5,3,4,0,3,4,24,-10.0,14.0,Broken,Avoid/exit,15,-2.1,-1.3,-4.2,23.7,0,,nan,0.0,0.0
RKUNY,Rakuten Inc ADR,4.98,12,7,6,8,4,0,5,42,-28,14,Broken,Avoid/exit,33,0.2,10.9,4.1,58.9,4,,Consumer Cyclical,10520659968.0,36939.51
AHT-PD,Ashford Hospitality Trust Inc,5.22,2,7,2,5,2,4,5,27,-13.0,14.0,Broken,Avoid/exit,21,-3.3,-14.6,-2.9,46.6,1,,Real Estate,107517424.0,4309.83
TOI,Oncology Institute Inc,5.26,12,4,2,13,3,1,5,40,-26.0,14.0,Broken,Avoid/exit,56,-10.1,-4.5,-4.6,47.9,1,,Healthcare,485417152.0,1953762.62
FRNWF,Future plc,4.07,1,1,0,7,3,0,2,14,0.0,14.0,Broken,Avoid/exit,12,-18.6,-18.6,-12.2,0.1,0,,Communication Services,452146272.0,56.18
XGCVX,Gabelli Convertible and Income Securities Fd Inc,4.48,2,2,0,7,0,1,2,14,0.0,14.0,Broken,Avoid/exit,27,-3.9,-4.3,-3.7,35.1,0,,Other,0.0,0.0
SHIYX,WESTERN ASSET SHORT DURATION HIGH INCOME FUND CLASS I,4.77,3,2,5,6,0,2,3,21,-10.0,14.0,Broken,Avoid/exit,25,-0.2,-0.2,-0.2,38.8,0,,nan,0.0,0.0
CONL,GraniteShares ETF Trust - GraniteShares 1.5x Long COIN Daily ETF,5.01,6,8,5,5,0,4,2,30,-16.0,14.0,Broken,Avoid/exit,21,1.8,-0.2,-3.5,45.9,0,,nan,nan,12328631.85
SUMMF,Summit Royalties Ltd.,0.95,4,4,8,1,2,0,2,21,-8.0,13.0,Broken,Avoid/exit,17,-2.1,-3.4,-2.8,40.2,0,,Basic Materials,76119480.0,0.0
MPCMF,Mapletree Commercial Trust,0.998,1,7,1,5,3,4,2,23,-10.0,13.0,Broken,Avoid/exit,27,0.0,0.0,-1.6,38.4,0,,Real Estate,5627854336.0,187.31
ABSCF,AB Science S.A.,1.12,8,4,5,2,3,0,3,25,-15.0,13.0,Broken,Avoid/exit,15,0.0,0.0,-0.1,0.1,1,,Healthcare,78149384.0,86.38
PTOAF,Pieridae Energy Limited,1.09,8,6,4,3,3,7,2,33,-20.0,13.0,Broken,Avoid/exit,48,1.9,2.8,-2.1,44.0,1,,Energy,373996544.0,74887.88
STSS,Sharps Technology Inc,1.155,6,8,4,4,0,2,2,26,-13.0,13.0,Broken,Avoid/exit,20,6.0,-2.1,-4.3,43.3,1,,Technology,77872792.0,743620.93
STKE,Sol Strategies Inc. Common Shares,1.12,3,3,1,7,2,0,2,18,-5.0,13.0,Broken,Avoid/exit,25,-21.1,-30.0,-13.1,40.3,1,,Financial Services,49505328.0,348799.81
IMRN,Immuron Ltd ADR,1.13,6,3,2,10,3,0,4,28,-15.0,13.0,Broken,Avoid/exit,38,-10.3,3.7,-3.7,47.4,1,,Healthcare,10207925.0,268697.84
CJEWF,Chow Tai Fook Jewellery Group Ltd,1.4,1,3,3,6,3,5,2,23,-10.0,13.0,Broken,Avoid/exit,30,0.0,0.0,-1.3,10.0,0,,Consumer Cyclical,18743394304.0,0.0
BCCMY,BAIC Motor Corporation Limited,1.135,4,5,2,5,3,2,2,23,-10.0,13.0,Broken,Avoid/exit,23,0.0,0.0,-5.8,24.8,0,,Consumer Cyclical,1242377344.0,150.35
RFL,"Rafael Holdings, Inc.",2.35,11,6,0,6,7,4,2,36,-23.0,13.0,Broken,Avoid/exit,58,3.5,-37.8,-4.4,49.1,1,,Real Estate,72296872.0,104303.66
CNTX,Context Therapeutics Inc,0.615,5,8,4,3,2,4,2,28,-15.0,13.0,Broken,Avoid/exit,8,3.3,1.1,-20.8,30.2,1,,Healthcare,186514720.0,858841.52
STMRF,Stanmore Resources Limited,1.622,1,7,3,4,3,3,2,23,-10.0,13.0,Broken,Avoid/exit,28,0.0,-1.7,-2.5,37.7,1,,Basic Materials,1622504832.0,17792.05
CCARF,Colonial Coal International Corp,1.65,3,11,5,1,3,0,5,28,-13.0,13.0,Broken,Avoid/exit,33,7.1,4.8,-0.6,48.6,2,,Basic Materials,342588672.0,10385.12
ECRAF,Ecora Resources PLC,1.71,3,6,5,3,4,2,2,25,-10.0,13.0,Broken,Avoid/exit,40,1.2,-6.6,-3.7,39.3,0,,Basic Materials,471467104.0,43958.01
POLA,Polar Power Inc,1.61,2,11,7,0,2,2,2,26,-11.0,13.0,Broken,Avoid/exit,30,-2.4,-6.4,-5.3,42.4,1,,Industrials,6843499.0,1054121.27
FKKEF,Charter Hall Social Infrastructure REIT,1.705,6,4,1,5,3,2,2,23,-10.0,13.0,Broken,Avoid/exit,11,0.0,0.0,-2.0,0.0,0,,Real Estate,719951040.0,0.0
RMLRF,Ramelius Resources Ltd,2.03,5,6,8,0,0,2,2,23,-10.0,13.0,Broken,Avoid/exit,14,-3.3,1.5,-4.2,40.6,0,,Basic Materials,4627373056.0,23778.77
ADBRF,Aldebaran Resources Inc,1.75,6,7,4,3,0,4,2,26,-18.0,13.0,Broken,🔥 COILED: Avoid/exit,21,-1.1,-7.9,-5.1,43.9,1,,Basic Materials,431883744.0,57058.46
WEWA,Wewards Inc,2.0,5,3,4,5,3,2,3,25,-15.0,13.0,Broken,Avoid/exit,20,0.0,0.0,-0.0,0.0,1,,Technology,214966896.0,6.0
SBFM,Sunshine Biopharma Inc,1.83,11,3,1,6,5,0,2,28,-15.0,13.0,Broken,Avoid/exit,40,-14.5,-16.1,-8.5,44.1,1,,Healthcare,39768224.0,515712.31
AVD,American Vanguard Corporation,2.69,6,8,3,3,2,2,4,28,-13.0,13.0,Broken,Avoid/exit,23,1.1,-6.9,-1.6,47.9,1,,Basic Materials,71800800.0,241663.26
HLEO,Helio Corporation,1.15,3,11,4,2,4,2,2,28,-15.0,13.0,Broken,Avoid/exit,22,-0.9,-0.9,-12.7,37.2,2,,Industrials,69691752.0,32385.99
UTSI,UTStarcom Holdings Corp,2.48,7,12,1,0,4,2,2,28,-15.0,13.0,Broken,Avoid/exit,23,0.4,1.6,-1.0,47.6,2,,Technology,26678448.0,5251.3
PIAHY,Ping An Healthcare and Technology Company Limited,1.885,3,3,2,5,3,5,2,23,-10.0,13.0,Broken,Avoid/exit,10,0.0,-1.8,-11.2,0.0,0,,Healthcare,3189938944.0,58.36
ADAG,Adagene Inc,3.58,3,5,2,8,4,0,4,26,-13.0,13.0,Broken,Avoid/exit,47,-7.0,-25.1,-7.3,42.9,1,,Healthcare,236539872.0,167928.78
EMPD,Empery Digital Inc.,3.36,0,4,3,8,2,4,2,23,-8.0,13.0,Broken,Avoid/exit,21,-11.6,-9.4,-9.7,38.2,1,,Consumer Cyclical,101477504.0,822806.85
TQPAX,Touchstone Strategic Income Opportunities Fund Class A,3.25,2,5,2,6,3,2,3,23,-10.0,13.0,Broken,Avoid/exit,31,-0.3,-0.3,-0.4,39.2,0,,nan,nan,0.0
TTDU,T-REX 2X Long TTD Daily Target ETF,2.97,6,6,8,2,2,4,3,31,-18.0,13.0,Broken,Avoid/exit,20,-6.9,-1.3,-2.7,45.7,0,,nan,nan,0.0
PGEN,Precigen Inc,4.95,9,4,4,5,3,2,5,32,-19.0,13.0,Broken,Avoid/exit,56,-10.5,-5.7,-4.5,46.5,1,,Healthcare,1376132352.0,5100722.44
GSISF,Genesis Minerals Limited,3.86,4,6,4,2,0,0,4,20,-10.0,13.0,Broken,Avoid/exit,26,-3.5,3.2,-1.8,46.1,0,,Basic Materials,4960903168.0,1407.38
LDLVX,LORD ABBETT SHORT DURATION INCOME FUND CLASS R6,3.83,1,4,0,6,0,4,3,18,-8.0,13.0,Broken,Avoid/exit,23,0.0,-0.3,-0.1,41.7,0,,nan,0.0,0.0
DJTWW,Trump Media & Technology Group Corp.,3.51,3,12,1,6,2,4,2,30,-13.0,13.0,Broken,Avoid/exit,25,6.4,-32.4,-2.3,47.6,2,,nan,1293337344.0,45166.62
CHNR,China Natural Resources Inc,3.73,3,5,4,8,0,4,2,26,-13.0,13.0,Broken,Avoid/exit,30,-1.6,-4.4,-3.9,43.2,1,,Basic Materials,5867332.0,369536.62
GLIRX,GOLDMAN SACHS LOCAL EMERGING MARKETS DEBT FUND INVESTOR SHARES,4.02,2,4,3,6,3,2,3,23,-10.0,13.0,Broken,Avoid/exit,29,-0.2,-0.2,-0.3,35.3,0,,nan,0.0,0.0
GMWPX,GOLDMAN SACHS LOCAL EMERGING MARKETS DEBT FUND CLASS P SHARES,4.01,2,4,3,6,3,2,3,23,-10.0,13.0,Broken,Avoid/exit,28,-0.2,-0.2,-0.3,35.3,0,,nan,nan,0.0
TEFOF,Telefónica S.A,4.1,1,10,3,0,3,5,2,24,-11.0,13.0,Broken,Avoid/exit,23,2.5,-1.8,-2.1,46.3,2,,Communication Services,24806840320.0,0.0
SITIF,SITC International Holdings Company Limited,4.08,3,1,2,5,3,7,2,23,-10.0,13.0,Broken,Avoid/exit,40,0.0,-7.3,-3.0,22.6,0,,Industrials,11636963328.0,6273.59
TLOFF,Talon Metals Corp,3.76,7,6,6,3,0,2,2,26,-13.0,13.0,Broken,Avoid/exit,31,-0.5,-11.1,-6.1,43.5,1,,Basic Materials,782643328.0,959030.34
IMRX,Immuneering Corp,4.78,6,3,3,9,0,0,5,26,-13.0,13.0,Broken,Avoid/exit,26,-10.8,-5.3,-3.8,46.3,1,,Healthcare,289844352.0,1634285.14
HMMCF,HMMCF,4.0,10,8,5,4,0,7,2,36,-23.0,13.0,Broken,Avoid/exit,28,-8.8,-1.7,-6.1,44.1,1,,Basic Materials,1392938880.0,16933.28
IMPP,Imperial Petroleum Inc,4.75,7,8,8,3,3,0,2,31,-18.0,13.0,Broken,Avoid/exit,48,-2.9,2.6,-3.2,43.2,0,,Energy,230137520.0,672130.01
RBNE,Robin Energy Ltd.,4.1,13,4,4,3,3,1,5,33,-20.5,12.5,Broken,Avoid/exit,54,-49.0,484.6,34.2,58.3,2,,Energy,6900758.0,1999763.21
SOS,SOS Limited,1.01,2,6,8,0,2,2,4,24,-13.0,12.0,Broken,Avoid/exit,28,-2.9,-1.0,-1.9,45.4,1,,Financial Services,17302244.0,162399.27
SYNX,Silynxcom Ltd.,1.02,2,7,7,6,0,0,2,24,-15.0,12.0,Broken,Avoid/exit,19,-7.7,-5.6,-4.7,41.9,1,,Technology,7629606.0,502883.84
AIHS,Senmiao Technology Ltd,1.25,4,3,3,12,3,2,2,29,-15.0,12.0,Broken,Avoid/exit,25,-13.2,-10.7,-8.6,41.8,1,,Industrials,5423412.0,1291628.46
STKH,Steakholder Foods Ltd,0.52,3,9,3,2,3,2,2,24,-13.0,12.0,Broken,Avoid/exit,10,-16.2,-11.5,-23.7,25.6,1,,Consumer Defensive,2000206.0,263345.1
CBUS,Cibus Global LLC,1.81,11,4,3,13,3,3,5,42,-30,12,Broken,Avoid/exit,36,-4.7,27.5,6.1,55.5,3,,Healthcare,113363976.0,422369.85
BRCC,BRC Inc.,1.18,7,13,8,6,6,2,2,44,-30.0,12.0,Broken,Avoid/exit,29,-0.8,10.3,-2.9,44.6,3,,Consumer Defensive,153860272.0,906892.71
KBSX,FST Corp. Ordinary Shares,0.88,5,11,1,0,3,2,2,24,-10.0,12.0,Broken,Avoid/exit,18,0.0,-8.8,-9.6,35.3,0,,Consumer Cyclical,57349728.0,68320.14
EUSHY,Eurocash SA PK,1.36,6,7,0,3,3,2,3,24,-15.0,12.0,Broken,Avoid/exit,18,0.0,0.0,-3.6,44.5,1,,Consumer Defensive,189262064.0,28.88
MCHVF,MGM China Holdings Limited,1.28,1,3,3,3,3,7,2,22,-10.0,12.0,Broken,Avoid/exit,16,0.0,-14.7,-6.0,12.8,0,,Consumer Cyclical,8160572416.0,0.0
RWSPF,RWS Holdings plc,0.92,3,4,2,5,3,3,2,22,-10.0,12.0,Broken,Avoid/exit,11,0.0,0.0,-9.9,36.5,1,,Technology,573447296.0,383.71
RKTO,RKTO,0.846,4,3,3,3,0,2,2,17,-8.0,12.0,Broken,Avoid/exit,24,-7.0,-10.8,-10.5,44.0,0,,nan,39406772.0,3183556.8
SNES,SenesTech Inc,1.41,1,13,4,3,2,2,2,27,-13.0,12.0,Broken,Avoid/exit,24,1.8,-4.1,-4.8,41.5,2,,Basic Materials,8114241.0,74311.56
CRTHF,CARsgen Therapeutics Holdings Limited,1.905,7,4,0,3,6,2,2,24,-15.0,12.0,Broken,Avoid/exit,45,-8.9,-8.2,-3.5,43.7,1,,Healthcare,981320192.0,14.0
PSGTY,Semen Indonesia Persero Tbk PT,1.5,3,4,5,2,3,3,2,22,-10.0,12.0,Broken,Avoid/exit,0,0.0,0.0,-7.0,4.7,0,,Basic Materials,629773376.0,0.0
ITMPF,ITM Power Plc,1.45,2,5,2,12,0,2,2,25,-13.0,12.0,Broken,Avoid/exit,39,-4.7,-16.2,-10.1,37.9,1,,Industrials,1601267968.0,20596.63
RIOFF,Rio2 Limited,1.83,3,6,5,4,0,2,2,22,-10.0,12.0,Broken,Avoid/exit,20,-4.2,-2.7,-3.9,43.8,0,,Basic Materials,1190204928.0,646850.27
GEODF,Geodrill Limited,1.88,4,8,3,6,0,4,2,27,-15.0,12.0,Broken,Avoid/exit,16,-0.5,0.5,-2.8,44.6,1,,Basic Materials,103578608.0,29632.25
LLOBF,Lloyds Banking Group plc 9.25% NON-CUM IRR PRF SHS GBP0.25,2.0,5,5,0,5,3,1,3,22,-10.0,12.0,Broken,Avoid/exit,25,0.0,0.0,-1.2,47.4,0,,Other,nan,86.25
ATIIW,Archimedes Tech SPAC Partners II Co. Warrant,1.8,10,5,1,8,5,2,2,33,-21.0,12.0,Broken,Avoid/exit,41,-2.2,200.0,-1.4,50.2,3,,nan,nan,65860.77
CIBEY,Commercial International Bank,2.56,10,5,8,3,1,1,3,31,-20.0,12.0,Broken,Avoid/exit,34,-2.3,0.1,-0.8,49.1,0,,Financial Services,8050238464.0,13047.64
TMOAY,TomTom NV ADR,2.38,0,2,1,7,3,2,2,17,-1.0,12.0,Broken,Avoid/exit,12,-10.5,-8.8,-8.9,27.4,0,,Technology,683969472.0,1701.75
SYZLF,Sylogist Ltd,2.49,0,3,6,5,2,4,2,22,-10.0,12.0,Broken,Avoid/exit,33,-3.5,-4.6,-3.1,42.0,1,,Technology,62662412.0,4428.02
LTCEF,LTCEF,2.22,7,2,8,0,0,3,2,22,-10.0,12.0,Broken,Avoid/exit,47,-3.5,-0.9,-5.5,32.6,0,,nan,nan,9393.46
WBX,Wallbox NV,4.71,17,3,2,12,3,0,5,42,-30,12,Broken,Avoid/exit,59,-14.1,38.5,4.1,55.1,3,,Technology,53515744.0,23635.06
LNVGF,Lenovo Group,2.8,10,3,1,3,3,0,2,22,-10.0,12.0,Broken,Avoid/exit,49,-7.9,-1.1,-2.9,49.1,0,,Technology,38330396672.0,116462.71
MBRFY,Marfrig Global Foods S.A.,2.93,1,6,1,8,2,0,2,20,-8.0,12.0,Broken,Avoid/exit,12,-2.3,-8.7,-4.8,43.5,1,,Consumer Defensive,4288926976.0,375939.01
XBIO,Xenetic Biosciences Inc,2.81,2,7,7,4,0,2,2,24,-13.0,12.0,Broken,Avoid/exit,37,1.3,-4.4,-2.7,45.7,2,,Healthcare,7858322.0,281169.78
BNZI,Banzai International Inc,2.41,2,3,1,8,2,0,2,18,-6.0,12.0,Broken,Avoid/exit,28,-20.7,-19.1,-18.2,41.3,0,,Technology,4587603.0,102026.95
FNYUSX,FNYUSX,3.273,2,4,2,6,3,2,3,22,-10.0,12.0,Broken,Avoid/exit,27,-0.4,-0.4,-0.2,26.0,0,,nan,nan,0.0
KSIOF,kneat.com inc.,4.59,13,2,7,13,3,1,3,42,-30,12,Broken,Avoid/exit,50,0.7,26.8,2.5,57.9,3,,Healthcare,373184736.0,17147.08
KNCAF,Konica Minolta Inc,3.54,2,4,3,6,0,5,2,22,-10.0,12.0,Broken,Avoid/exit,0,0.0,0.0,-2.9,23.5,0,,Industrials,1846270208.0,0.0
JRNGF,Journey Energy Inc,2.99,6,11,5,0,2,4,2,30,-18.0,12.0,Broken,Avoid/exit,41,3.1,6.4,-4.7,38.2,0,,Energy,295566784.0,92477.05
TXXD,21Shares 2x Long Dogecoin ETF,3.26,3,8,4,3,0,2,2,22,-10.0,12.0,Broken,Avoid/exit,16,-1.1,0.3,-12.0,35.8,1,,nan,nan,0.0
RZLT,Rezolute Inc,4.37,7,6,6,7,3,4,2,35,-23.0,12.0,Broken,Avoid/exit,41,-14.8,-11.7,-7.5,43.1,1,,Healthcare,434278432.0,3447926.78
CWGL,Crimson Wine,4.13,1,8,3,5,9,2,2,30,-18.0,12.0,Broken,Avoid/exit,20,-0.5,-5.3,-1.9,41.8,0,,Consumer Defensive,91196104.0,14286.56
QNTM,Quantum BioPharma Ltd.,3.37,3,11,7,0,2,2,2,27,-15.0,12.0,Broken,Avoid/exit,29,-1.2,0.3,-8.2,39.3,2,,Healthcare,31225398.0,243192.31
DQJCF,Pan Pacific International Holdings Corporation,4.96,8,6,4,0,0,2,2,22,-10.0,12.0,Broken,Avoid/exit,24,0.2,-1.9,-4.7,45.1,0,,Consumer Defensive,14723181568.0,0.0
ZPTA,Zapata Computing Holdings Inc. Common Stock,0.98,7,5,3,0,2,0,4,21,-10.0,11.0,Broken,Avoid/exit,50,-7.5,-24.0,-10.3,45.3,0,,Technology,168596032.0,161764.35
WLTXX,WLTXX,1.0,1,3,2,4,0,3,3,16,-10.0,11.0,Broken,🔥 COILED: Avoid/exit,0,-70.8,-70.8,-62.8,40.5,0,,nan,nan,0.0
WHGRF,WH Group Limited,1.0,1,2,4,5,0,2,4,18,-10.0,11.0,Broken,Avoid/exit,21,-9.1,-9.1,-8.7,40.9,0,,Consumer Defensive,14030552064.0,0.0
KGDEF,Kingdee International Software Group Company Limited,0.749,1,4,0,6,3,2,2,18,-10.0,11.0,Broken,Avoid/exit,17,0.0,0.0,-16.0,44.9,0,,Technology,3715807232.0,63.96
SKYX,SKYX Platforms Corp,1.18,11,5,5,5,1,2,5,34,-23.0,11.0,Broken,Avoid/exit,32,0.9,5.4,3.8,53.7,1,,Industrials,143225552.0,1075731.83
BTCT,BTC Digital Ltd.,0.877,4,11,1,6,4,0,2,28,-15.0,11.0,Broken,Avoid/exit,27,-7.7,-7.7,-12.1,40.4,1,,Technology,10468673.0,124151.28
VRNO,Verano Holdings Corp.,5.74,15,4,6,3,5,4,4,41,-30,11,Broken,Avoid/exit,52,-1.5,-7.3,5.5,63.9,2,,Healthcare,408107616.0,0.0
ORKT,Orangekloud Technology Inc. Class A Ordinary Shares,1.04,2,11,3,2,6,0,2,26,-13.0,11.0,Broken,Avoid/exit,28,-1.0,0.0,-3.8,44.1,1,,Technology,7825292.0,444514.57
WETH,Wetouch Technology Inc. Common Stock,1.21,2,6,4,1,2,4,2,21,-10.0,11.0,Broken,Avoid/exit,13,-6.2,3.4,-5.8,43.2,0,,Technology,16346202.0,151477.84
GIGM,Giga Media Ltd,1.37,4,4,1,10,2,0,3,24,-13.0,11.0,Broken,Avoid/exit,22,-4.2,-6.8,-3.8,43.1,1,,Communication Services,15804695.0,8823.05
LOCL,Local Bounti Corp,1.26,3,6,9,0,0,2,3,23,-15.0,11.0,Broken,Avoid/exit,18,-3.1,-3.1,-5.1,41.0,1,,Consumer Defensive,33738480.0,462958.35
ZNB,Zeta Network Group,0.415,3,9,4,2,4,2,2,26,-13.0,11.0,Broken,Avoid/exit,18,-18.5,-33.1,-33.4,23.7,1,,Communication Services,2723989.0,82989.12
CVALF,Covalon Technologies Ltd,1.47,6,2,3,3,3,2,2,21,-8.0,11.0,Broken,Avoid/exit,40,-2.6,-1.3,-2.1,42.8,0,,Healthcare,43084196.0,8491.01
ELAB,"Elevai Labs, Inc. Common Stock",1.09,4,7,8,3,2,2,2,28,-15.0,11.0,Broken,Avoid/exit,21,2.8,-14.8,-11.3,38.2,2,,Healthcare,8224189.0,2508753.5
ORZCF,Orezone Gold Corp,1.5,0,3,6,8,0,0,2,19,-8.0,11.0,Broken,Avoid/exit,35,-9.1,-8.0,-8.3,40.8,0,,Basic Materials,1280578304.0,251608.44
IDXG,Interpace Biosciences Inc,1.55,4,5,6,0,0,0,3,18,-8.0,11.0,Broken,Avoid/exit,34,-5.4,-3.7,-5.0,40.8,0,,Healthcare,46260508.0,8400.32
OMGGF,Omai Gold Mines Corp,1.5,2,4,4,10,0,2,2,24,-13.0,11.0,Broken,Avoid/exit,38,-13.2,-11.2,-9.2,40.4,1,,Basic Materials,1254915712.0,187149.87
RMSG,Real Messenger Corporation Ordinary Shares,0.393,4,10,5,0,3,2,2,26,-13.0,11.0,Broken,Avoid/exit,22,-11.0,-23.5,-22.6,36.3,1,,Technology,9878278.0,5816471.26
GENK,"GEN Restaurant Group, Inc. Class A Common Stock",1.81,1,10,3,0,6,0,2,22,-11.0,11.0,Broken,Avoid/exit,27,-11.7,-11.3,-6.5,42.3,1,,Consumer Cyclical,63621712.0,52733.47
WIT,Wipro Limited ADR,1.85,1,9,1,0,4,6,2,23,-10.0,11.0,Broken,Avoid/exit,15,0.0,-1.1,-6.4,39.3,0,,Technology,21610151936.0,9948261.57
USNZY,Usinas Siderurgicas de Minas Gerais,1.59,3,5,3,6,5,4,2,28,-15.0,11.0,Broken,Avoid/exit,43,-2.5,-3.0,-5.5,38.5,2,,Basic Materials,2745002240.0,122408.4
EMNSF,Elementis plc,2.07,4,1,3,5,3,2,3,21,-10.0,11.0,Broken,Avoid/exit,0,0.0,-1.0,-0.6,14.9,0,,Basic Materials,1282643968.0,0.0
IPSC,Century Therapeutics Inc,2.26,4,10,5,4,8,0,5,36,-23.0,11.0,Broken,Avoid/exit,47,-2.2,-5.4,-1.0,48.7,1,,Healthcare,396780608.0,1274923.1
DTCX,"Datacentrex, Inc.",2.07,9,12,6,4,3,2,3,39,-28,11,Broken,Avoid/exit,33,2.0,19.7,2.6,52.2,4,,Financial Services,87076920.0,397675.19
SEV,Aptera Motors Corp. Class B Common Stock,1.91,1,8,3,3,4,0,2,21,-8.0,11.0,Broken,Avoid/exit,30,-7.7,-16.2,-8.0,38.4,1,,nan,81739680.0,0.0
LFS,"LEIFRAS Co., Ltd. American Depositary Shares",2.13,3,4,6,4,0,4,4,25,-14.0,11.0,Broken,Avoid/exit,37,-4.9,-15.5,-5.0,45.0,0,,Communication Services,54675692.0,0.0
WRN,Western Copper and Gold Corp,2.07,2,5,7,3,0,2,2,21,-10.0,11.0,Broken,Avoid/exit,14,-5.9,-7.2,-8.1,36.6,0,,Basic Materials,661106048.0,1587372.89
PLSDF,Pulse Seismic Inc,2.32,3,4,9,2,0,1,2,21,-10.0,11.0,Broken,Avoid/exit,14,-1.7,-2.5,-2.6,39.6,0,,Energy,125265696.0,12000.34
HGPI,Horizon Group Properties Inc,2.0,0,1,0,7,0,4,2,14,-8.0,11.0,Broken,Avoid/exit,20,-13.4,-13.4,-12.2,3.1,1,,Real Estate,22635690.0,329.66
CUPR,Cuprina Holdings (Cayman) Limited Class A Ordinary Shares,4.01,10,3,0,3,4,4,2,26,-15.0,11.0,Broken,Avoid/exit,40,-24.2,-32.7,-13.0,47.3,1,,Healthcare,7587937.0,174070.04
LAUSX,LORD ABBETT INCOME FUND CLASS C,2.41,2,2,3,6,3,2,3,21,-10.0,11.0,Broken,Avoid/exit,25,-0.4,-0.8,-0.5,32.1,0,,nan,0.0,0.0
LAUQX,LORD ABBETT INCOME FUND CLASS R2,2.42,2,2,3,6,3,2,3,21,-10.0,11.0,Broken,Avoid/exit,24,-0.4,-0.8,-0.5,31.9,0,,nan,0.0,0.0
PSNYW,Polestar Automotive Holding UK PLC Class C-1 ADS (ADW),2.25,6,10,5,4,2,2,2,31,-20.0,11.0,Broken,Avoid/exit,19,1.4,-6.6,-6.8,40.7,1,,Consumer Cyclical,27928928256.0,61489.31
SBYSF,Sibanye Stillwater Limited,2.215,3,3,5,2,3,3,2,21,-10.0,11.0,Broken,Avoid/exit,25,0.0,-12.8,-6.3,22.2,1,,Basic Materials,8424691712.0,1340.05
BZQIF,Bezeq The Israel Telecommunication Corp. Ltd,2.3,1,3,4,5,3,3,2,21,-10.0,11.0,Broken,Avoid/exit,0,0.0,-5.7,-4.5,14.0,0,,Communication Services,7347604480.0,0.0
BAOS,Baosheng Media Group Holdings Ltd,2.53,1,11,1,6,3,0,2,24,-18.0,11.0,Broken,Avoid/exit,23,-8.5,-4.5,-4.8,43.8,1,,Communication Services,3774838.0,384215.41
AKBTY,Akbank Turk Anonim Sirketi,2.88,1,9,2,5,4,2,2,25,-14.0,11.0,Broken,Avoid/exit,17,-2.0,-16.3,-4.7,42.7,0,,Financial Services,7254000128.0,28074.21
NINTF,Ninety One Group,2.6,1,7,0,4,3,4,2,21,-10.0,11.0,Broken,Avoid/exit,18,0.0,0.0,-4.9,33.7,0,,Financial Services,2886976768.0,55.39
SLVYY,Solvay SA ADR,2.95,3,8,6,5,0,5,2,29,-18.0,11.0,Broken,Avoid/exit,23,0.3,0.3,-1.2,44.3,1,,Basic Materials,3162350080.0,36154.13
DAVA,Endava Ltd,2.8,4,13,5,3,2,2,2,31,-18.0,11.0,Broken,Avoid/exit,20,0.0,-11.1,-2.2,44.6,1,,Technology,152187024.0,797885.27
IXHL,Incannex Healthcare Ltd ADR,3.15,3,4,5,3,2,4,2,23,-15.0,11.0,Broken,Avoid/exit,50,-6.5,-15.1,-8.6,40.1,1,,Healthcare,36585212.0,909893.58
HQWWW,Horizon Quantum Holdings Ltd. Warrant,9.96,11,4,1,4,4,0,5,29,-18.0,11.0,Broken,Avoid/exit,0,-19.5,-34.0,-11.5,48.1,0,,nan,nan,0.0
CASBF,CanSino Biologics Inc,2.6,3,3,3,4,3,3,2,21,-10.0,11.0,Broken,Avoid/exit,12,0.0,0.0,-4.7,5.6,0,,Healthcare,741131392.0,364.67
PLUT,Plutus Financial Group Limited Ordinary Shares,2.9,4,4,9,5,3,1,2,28,-15.0,11.0,Broken,Avoid/exit,25,-3.3,-4.3,-3.5,32.5,1,,Financial Services,47585000.0,14063.39
ZDGE,Zedge Inc,2.97,5,4,8,4,2,4,3,30,-19.0,11.0,Broken,Avoid/exit,30,-1.0,-9.5,-3.7,45.4,1,,Communication Services,41342812.0,339728.29
OLCYX,Oppenheimer Roc Limited Term Ca Muni Cla,3.12,2,2,3,6,3,2,3,21,-10.0,11.0,Broken,Avoid/exit,28,-0.3,-0.6,-0.4,24.6,0,,nan,0.0,0.0
OLCCX,Oppenheimer Roc Limited Term Ca Muni Fd,3.1,2,2,3,6,3,2,3,21,-10.0,11.0,Broken,Avoid/exit,30,-0.3,-0.6,-0.3,25.8,0,,nan,0.0,0.0
IORLX,AIM TaxExempt Funds Invesco TaxExempt Funds Invesco Oppenheimer Rochester Ltd Term Calif Mun Fd Cl R6,3.11,2,2,3,6,3,2,3,21,-10.0,11.0,Broken,Avoid/exit,28,-0.3,-0.6,-0.4,24.2,0,,nan,nan,0.0
BDRX,Biodexa Pharmaceticals,2.13,0,3,4,11,0,0,2,20,-9.0,11.0,Broken,Avoid/exit,26,-17.8,-29.0,-19.4,28.3,1,,Healthcare,2678549.0,316967.57
MIDSX,MIDAS FUND MIDAS FUND,2.99,0,2,6,6,0,2,2,18,-10.0,11.0,Broken,Avoid/exit,16,-7.4,-6.6,-7.7,37.0,0,,nan,0.0,0.0
RGLXY,RTL Group SA ADR,3.6,1,1,6,6,3,2,2,21,-10.0,11.0,Broken,Avoid/exit,17,2.0,-7.7,-4.2,35.8,0,,Communication Services,5539792384.0,0.0
EFOI,Energy Focu,2.94,8,8,8,3,2,6,5,40,-29.0,11.0,Broken,Avoid/exit,36,-2.6,-5.2,-3.7,43.5,1,,Consumer Cyclical,24011966.0,912369.84
IDN,Intellicheck Mobilisa Inc,3.75,2,2,6,7,0,0,2,19,-8.0,11.0,Broken,Avoid/exit,6,-9.2,-10.0,-9.6,29.7,0,,Technology,87890296.0,339113.44
GIMDX,GOLDMAN SACHS LOCAL EMERGING MARKETS DEBT FUND INSTITUTIONAL,4.01,2,2,3,6,3,2,3,21,-10.0,11.0,Broken,Avoid/exit,28,-0.2,-0.5,-0.3,31.3,0,,nan,0.0,0.0
VRRM,Verra Mobility Corp,4.26,3,8,4,0,2,2,2,21,-10.0,11.0,Broken,Avoid/exit,17,0.9,0.9,-7.8,33.4,1,,Technology,651679552.0,2347315.56
TGL,Treasure Global Inc.,3.79,7,3,8,0,0,6,2,26,-18.0,11.0,Broken,Avoid/exit,23,0.3,-4.8,-3.7,43.2,2,,Technology,7172103.0,378372.39
QNRX,Quoin Pharmaceuticals Ltd DRC,4.16,2,7,3,8,2,0,2,24,-13.0,11.0,Broken,Avoid/exit,15,-10.9,-11.7,-7.0,42.3,1,,Healthcare,9037881.0,247795.72
PRDSF,Prada S.p.A,4.75,2,3,6,0,3,2,2,18,-10.0,11.0,Broken,Avoid/exit,29,-5.4,-2.9,-3.7,41.8,0,,Consumer Cyclical,12319345664.0,0.0
LINJX,LORD ABBETT NEW JERSEY TAX-FREE INCOME FUND CLASS I,4.73,3,2,2,6,3,2,3,21,-10.0,11.0,Broken,Avoid/exit,36,-0.4,-0.8,-0.5,35.0,0,,nan,0.0,0.0
NUVB,Nuvation Bio Inc,5.64,10,6,5,3,3,2,5,34,-23.0,11.0,Broken,Avoid/exit,48,-7.7,4.1,-0.3,51.7,1,,Healthcare,1800204288.0,6238536.29
BORR,Borr Drilling Ltd,4.19,2,6,8,5,2,0,2,25,-14.0,11.0,Broken,Avoid/exit,21,-4.1,-2.8,-5.7,37.4,0,,Energy,1558867968.0,6344780.88
YI,111 Inc,3.79,2,5,4,9,2,0,2,24,-13.0,11.0,Broken,Avoid/exit,12,-5.5,-8.5,-8.7,39.3,1,,Healthcare,41521668.0,25838.93
NXLLF,Nuix Limited,0.772,1,7,0,5,3,2,2,20,-10.0,10.0,Broken,Avoid/exit,22,0.0,0.0,-10.0,34.0,0,,Technology,338752096.0,352.73
RAFX,Rafex Gold Corp.,0.497,4,6,2,4,0,2,2,20,-10.0,10.0,Broken,Avoid/exit,12,0.0,0.0,-18.8,29.1,0,,Financial Services,53427968.0,45.76
IPLXX,Voya Investors Trust - Voya Liquid Assets Portfolio,1.0,1,2,3,6,3,2,3,20,-10.0,10.0,Broken,Avoid/exit,19,-0.0,-0.0,-0.0,1.2,0,,nan,nan,0.0
ITLXX,Voya Investors Trust - Voya Liquid Assets Portfolio,1.0,1,2,3,6,3,2,3,20,-10.0,10.0,Broken,Avoid/exit,19,-0.0,-0.0,-0.0,1.2,0,,nan,nan,0.0
ISPXX,Voya Investors Trust - Voya Liquid Assets Portfolio,1.0,1,2,3,6,3,2,3,20,-10.0,10.0,Broken,Avoid/exit,18,-0.0,-0.0,-0.0,1.2,0,,nan,nan,0.0
PIHG,Plural Industry Holding Group Co. Limited,2.5,14,4,7,7,3,0,5,40,-30,10,Broken,Avoid/exit,40,0.0,138.1,28.9,89.0,3,,Financial Services,10786939.0,20.5
AIKO,Alternative Investment Corporation,0.983,1,5,0,5,3,6,2,22,-15.0,10.0,Broken,Avoid/exit,33,0.0,0.0,-10.3,46.3,1,,Financial Services,17602666.0,4.5
GERN,Geron Corporation,1.42,11,11,4,2,5,4,5,42,-30.0,10.0,Broken,Avoid/exit,41,-9.0,11.8,2.5,54.9,3,,Healthcare,776240384.0,11925645.57
TAOP,Taoping Inc,1.27,1,2,2,8,0,0,2,15,-5.0,10.0,Broken,Avoid/exit,35,-11.2,-13.0,-9.3,39.2,1,,Technology,12196065.0,199776.48
PCCYF,PetroChina Co Ltd Class H,1.23,12,8,2,4,2,6,3,37,-25.0,10.0,Broken,Avoid/exit,36,0.8,15.0,2.2,51.1,3,,Energy,332594642944.0,60165.28
AMST,Amesite Operating Co,1.05,1,11,2,3,4,2,2,25,-13.0,10.0,Broken,Avoid/exit,23,-8.7,-22.2,-9.2,40.9,1,,Technology,8135649.0,1319291.31
HUIZ,Huize Holding Ltd,1.24,8,6,5,6,2,6,2,35,-23.0,10.0,Broken,Avoid/exit,28,9.7,11.7,0.8,48.9,3,,Financial Services,14557803.0,156524.62
KMRK,K-Tech Solutions Company Limited Class A Ordinary Shares,1.1,6,13,4,5,4,6,2,40,-28,10,Broken,Avoid/exit,22,5.8,18.8,-3.0,43.2,4,,Consumer Cyclical,40090000.0,125010.36
CUBTD,"Curative Biotechnology, Inc.",1.2,4,8,2,3,6,0,2,25,-15.0,10.0,Broken,Avoid/exit,51,-10.0,-14.3,-9.5,45.9,1,,Healthcare,6794167.0,1600.32
GDTRF,Gladiator Metals Corp,2.15,9,3,3,5,5,0,5,30,-23.0,10.0,Broken,Avoid/exit,57,-6.5,-13.8,-4.4,49.1,1,,Basic Materials,175606112.0,41416.9
EHTH,eHealth Inc,1.49,3,6,8,1,0,2,2,22,-15.0,10.0,Broken,Avoid/exit,20,-10.2,-12.9,-6.9,42.4,1,,Financial Services,50150808.0,497907.69
GMGMF,Graphene Manufacturing Group Ltd,1.63,7,6,9,0,2,2,3,29,-19.0,10.0,Broken,Avoid/exit,27,-7.0,-6.9,-3.8,44.3,1,,Basic Materials,228775712.0,255434.92
CTNT,Cheetah Net Supply Chain Service Inc. Class A Common Stock,1.58,5,6,5,3,5,2,3,29,-19.0,10.0,Broken,Avoid/exit,24,-15.1,-12.2,-5.8,46.2,1,,Industrials,5149340.0,358949.86
CRBU,Caribou Biosciences Inc,1.66,1,3,1,11,0,0,3,19,-9.0,10.0,Broken,Avoid/exit,23,-14.4,-5.7,-7.7,38.4,1,,Healthcare,198857072.0,1609609.3
NCNA,NuCana PLC,1.33,6,9,1,0,2,2,2,22,-12.0,10.0,Broken,Avoid/exit,17,7.3,-7.6,-10.6,34.8,0,,Healthcare,8636090.0,171552.43
EAXR,Flint Telecom Group,1.15,0,2,2,9,0,0,2,15,-5.0,10.0,Broken,Avoid/exit,25,-11.5,-14.8,-21.8,25.9,1,,Technology,120243072.0,1942.5
VFORF,VFORF,1.86,4,8,7,0,0,1,2,22,-13.0,10.0,Broken,Avoid/exit,24,-0.3,-1.1,-2.1,42.5,1,,Communication Services,44204052.0,3645.74
RAIN,"Rain Enhancement Technologies Holdco, Inc. Class A Common Stock",1.61,4,6,3,0,4,4,2,23,-13.0,10.0,Broken,Avoid/exit,16,-12.0,-18.7,-14.5,38.0,1,,Industrials,18056378.0,40701.12
PMAX,Powell Max Limited Class A Ordinary Shares,1.759,1,10,2,1,3,2,2,21,-9.0,10.0,Broken,Avoid/exit,31,11.4,-18.2,-7.5,43.2,1,,Financial Services,3636505.0,510264.41
VIVHY,Vivendi SA PK,2.12,1,2,2,7,0,4,2,18,-8.0,10.0,Broken,Avoid/exit,17,-2.3,-14.2,-8.2,31.1,0,,Communication Services,2500391680.0,82699.9
MCRNF,Micro-Mechanics (Holdings) Ltd,2.17,2,1,2,5,6,2,2,20,-10.0,10.0,Broken,Avoid/exit,44,-8.4,-8.4,-6.4,31.6,0,,Technology,327420096.0,0.0
MKZR,"MacKenzie Realty Capital, Inc. Common Stock",1.68,3,9,7,0,2,2,2,25,-15.0,10.0,Broken,Avoid/exit,14,3.7,-1.2,-6.1,35.2,1,,Real Estate,5233443.0,31264.31
INBS,Intelligent Bio Solutions Inc.,2.2,4,7,8,3,0,4,2,28,-18.0,10.0,Broken,Avoid/exit,21,-0.5,-1.3,-3.4,43.4,1,,Healthcare,5713641.0,791188.33
BTCFF,Bitcoin Treasury Corporation,2.18,5,3,4,0,3,3,2,20,-10.0,10.0,Broken,Avoid/exit,17,0.0,-5.6,-5.3,16.7,0,,nan,nan,3041.72
AVXL,Anavex Life Sciences Corp,2.34,0,4,5,8,0,0,2,19,-9.0,10.0,Broken,Avoid/exit,11,-13.3,-9.3,-8.8,38.5,1,,Healthcare,261334352.0,1713931.36
KEGX,Key Energy Services Inc,2.0,5,2,0,12,3,3,3,28,-18.0,10.0,Broken,Avoid/exit,44,-20.0,-16.7,-15.0,36.3,1,,Energy,37416356.0,0.0
NAII,Natural Alternatives International,2.26,6,9,3,1,2,2,2,25,-15.0,10.0,Broken,Avoid/exit,18,0.9,-5.4,-3.2,34.3,2,,Consumer Defensive,15876329.0,20456.47
RBBN,Ribbon Communications Inc,2.15,2,7,2,5,2,0,2,20,-10.0,10.0,Broken,Avoid/exit,17,-5.3,-8.5,-7.7,38.5,0,,Technology,540746944.0,814816.88
TANAF,TANAF,0.633,3,7,1,0,3,2,2,18,-8.0,10.0,Broken,Avoid/exit,9,4.2,4.2,-44.2,15.6,0,,Healthcare,136098816.0,6870.44
LPA,Logistic Properties of the Americas,3.11,3,4,0,5,4,2,2,20,-10.0,10.0,Broken,Avoid/exit,29,-4.6,-19.2,-8.0,42.6,0,,Real Estate,91059312.0,55810.5
CRVO,CervoMed Inc.,3.14,4,12,1,3,4,4,2,30,-18.0,10.0,Broken,Avoid/exit,25,-16.0,-14.9,-6.1,46.1,1,,Healthcare,27498396.0,79183.09
UPC,Universe Pharmaceuticals Inc,4.55,8,3,1,4,2,0,5,23,-13.0,10.0,Broken,Avoid/exit,39,-14.9,-18.2,-6.1,49.5,1,,Healthcare,2154061.0,180529.37
IMOPX,VOYA MIDCAP OPPORTUNITIES PORTFOLIO CLASS S2,2.81,1,4,0,6,0,7,2,20,-10.0,10.0,Broken,Avoid/exit,10,-2.8,-3.1,-8.6,29.2,0,,nan,0.0,0.0
STMUX,Invesco Short Term Municipal Fund Class R6,3.71,1,2,6,6,0,2,3,20,-10.0,10.0,Broken,Avoid/exit,19,-0.3,-0.3,-0.2,7.6,0,,nan,nan,0.0
KSKGF,Kingsgate Consolidated Limited,2.9,1,5,2,5,3,0,2,18,-8.0,10.0,Broken,Avoid/exit,15,-15.2,-12.1,-13.5,35.1,0,,Basic Materials,1105297664.0,0.0
FOFO,"Hang Feng Technology Innovation Co., Ltd.",2.73,3,5,7,3,2,2,5,27,-15.0,10.0,Broken,Avoid/exit,33,-18.0,-13.9,-11.0,43.6,1,,Industrials,49893404.0,0.0
SSM,Sono Group N.V.,3.89,1,8,2,6,4,0,5,26,-14.0,10.0,Broken,Avoid/exit,16,-4.7,-10.6,-4.2,42.8,1,,Consumer Cyclical,5991171.0,32783.65
ISMOX,VOYA MIDCAP OPPORTUNITIES PORTFOLIO CLASS S,3.24,1,4,0,6,0,7,2,20,-10.0,10.0,Broken,Avoid/exit,11,-2.4,-3.0,-7.5,30.2,0,,nan,0.0,0.0
JIAXF,Jiangxi Copper Company Limited,3.68,1,6,3,0,3,3,2,18,-8.0,10.0,Broken,Avoid/exit,16,0.0,-5.9,-6.1,35.6,0,,Basic Materials,19419867136.0,0.0
XGN,Exagen Inc,4.25,4,8,7,3,7,0,2,31,-21.0,10.0,Broken,Avoid/exit,44,-8.0,-9.8,-3.6,47.2,1,,Healthcare,115725632.0,384473.45
AAFRF,Airtel Africa Plc,4.31,1,4,2,6,3,2,2,20,-10.0,10.0,Broken,Avoid/exit,29,-8.1,-2.5,-6.5,37.8,0,,Communication Services,16599324672.0,11691.03
SMSKF,Sumiseki HoldingsInc.,3.298,3,7,1,0,3,4,2,20,-10.0,10.0,Broken,Avoid/exit,10,0.0,0.0,-6.9,31.1,0,,Energy,276981184.0,1.5
BJCHY,Beijing Capital International Airport Co Ltd ADR,0.97,10,4,5,2,0,3,2,26,-17.0,9.0,Broken,Avoid/exit,29,-1.2,8.9,0.8,50.6,2,,Industrials,923162496.0,258.78
VRHI,VRHI,1.39,6,3,1,0,5,2,2,19,-10.0,9.0,Broken,Avoid/exit,45,-28.9,-28.9,-19.3,38.3,0,,Healthcare,20000004.0,486.34
ABLV,Able View Global Inc. Class B Ordinary Shares,1.03,8,4,3,6,5,4,2,32,-23.0,9.0,Broken,Avoid/exit,48,-1.9,-13.1,-4.4,43.9,2,,Consumer Cyclical,54822812.0,248317.12
LCTX,Lineage Cell Therapeutics Inc,1.17,0,2,4,9,0,4,3,22,-13.0,9.0,Broken,Avoid/exit,13,-9.3,-10.0,-7.3,37.6,1,,Healthcare,301650944.0,1427125.1
LBUY,Leafbuyer Technologies Inc,0.25,7,5,0,5,0,0,2,19,-10.0,9.0,Broken,Avoid/exit,33,0.0,-30.6,-37.6,46.4,0,,Communication Services,20014222.0,499.11
ICMB,Investcorp Credit Management BDC Inc,0.859,1,7,1,0,4,2,2,17,-8.0,9.0,Broken,Avoid/exit,12,-5.8,-5.6,-14.8,32.1,1,,Financial Services,17391130.0,45383.86
PTRUF,Petrus Resources Ltd,1.2,6,5,8,1,0,3,2,25,-16.0,9.0,Broken,Avoid/exit,22,-0.4,4.3,-0.5,46.2,0,,Energy,189193456.0,13359.56
GLBXF,Globex Mining Enterprises Inc,1.3,5,8,4,4,0,2,2,25,-16.0,9.0,Broken,Avoid/exit,17,-1.5,-7.1,-3.7,42.4,0,,Basic Materials,82048088.0,41628.89
SNDL,SNDL Inc.,1.29,1,7,4,0,2,6,2,22,-13.0,9.0,Broken,Avoid/exit,17,-1.5,-5.8,-3.8,34.4,1,,Consumer Defensive,372228992.0,2646305.36
SURRY,Sun Art Retail Group Ltd ADR,1.083,3,4,4,0,3,3,2,19,-10.0,9.0,Broken,Avoid/exit,9,0.0,0.0,-12.5,20.8,1,,Consumer Cyclical,1510668800.0,0.0
MAYNF,Mayne Pharma Group Limited,1.973,9,12,7,2,3,2,2,37,-28.0,9.0,Broken,Avoid/exit,36,15.4,19.6,6.8,49.9,3,,Healthcare,129993320.0,0.0
AAME,Atlantic American Corporation,1.6,2,3,7,1,0,2,2,17,-8.0,9.0,Broken,Avoid/exit,8,-4.8,-4.8,-6.6,32.4,0,,Financial Services,37938844.0,21469.34
GDHG,Golden Heaven Group Holdings Ltd. Ordinary Shares,1.43,6,9,1,5,4,0,2,27,-16.0,9.0,Broken,Avoid/exit,21,-5.3,1.4,-2.0,48.1,1,,Consumer Cyclical,35456808.0,17585.79
PYXS,Pyxis Oncology Inc,2.23,10,4,1,9,3,0,5,32,-23.0,9.0,Broken,Avoid/exit,45,-15.5,-21.8,-7.6,47.1,1,,Healthcare,104536544.0,820091.75
DSY,Big Tree Cloud Holdings Limited Ordinary Shares,3.26,11,5,2,9,0,0,2,29,-20.0,9.0,Broken,Avoid/exit,33,-24.9,13.2,-9.4,47.5,3,,Consumer Defensive,9028559.0,33642.56
WMTN,WestMountain Gold Inc,0.676,2,7,0,4,3,6,2,24,-15.0,9.0,Broken,Avoid/exit,21,0.0,0.0,-29.4,30.4,1,,Basic Materials,36252956.0,26.61
SER,Serina Therapeutics Inc,1.98,8,8,6,0,5,1,3,31,-22.0,9.0,Broken,Avoid/exit,34,-10.0,3.1,-0.3,50.7,1,,Healthcare,26845534.0,1474745.86
FNUC,Frontier Nuclear and Minerals Inc.,1.625,5,11,4,0,0,4,2,26,-17.0,9.0,Broken,Avoid/exit,11,-4.4,0.3,-6.5,42.2,1,,Basic Materials,62637636.0,924503.78
TROO,TROOPS Inc,2.19,6,10,1,1,2,2,2,24,-13.0,9.0,Broken,Avoid/exit,37,17.1,-15.1,-6.3,42.6,2,,Financial Services,290741216.0,296533.31
SORA,Top Win International Limited,1.69,2,6,1,4,4,0,2,19,-10.0,9.0,Broken,Avoid/exit,31,0.6,-8.6,-12.5,36.7,0,,Consumer Cyclical,62035676.0,59611.7
JWEL,Jowell Global Ltd.,1.96,1,9,3,0,3,4,2,22,-13.0,9.0,Broken,Avoid/exit,25,0.5,-10.9,-7.5,39.1,2,,Consumer Cyclical,5370056.0,87772.1
HTZWW,Hertz Global Hldgs New Equity Warrants,0.866,3,7,1,0,2,2,2,17,-8.0,9.0,Broken,Avoid/exit,10,-12.1,-18.3,-32.3,20.4,0,,nan,nan,99864.11
DTZNY,DTZNY,1.7,4,11,2,0,3,2,2,24,-15.0,9.0,Broken,Avoid/exit,18,-7.3,-20.9,-13.2,37.1,2,,Basic Materials,2166382080.0,7304.36
QNC,Quantum eMotion Corp.,2.24,0,3,1,8,0,4,2,18,-9.0,9.0,Broken,Avoid/exit,0,-20.6,-24.8,-19.5,30.6,1,,Technology,739275712.0,0.0
GROY,Gold Royalty Corp.,2.52,0,7,6,0,0,2,2,17,-8.0,9.0,Broken,Avoid/exit,9,-3.8,-8.7,-7.1,33.5,0,,Basic Materials,717816576.0,3027763.97
WHLM,Wilhelmina,0.5,1,3,0,5,3,5,2,19,-10.0,9.0,Broken,Avoid/exit,8,0.0,0.0,-60.2,0.9,0,,Industrials,13529574.0,424.76
GROY-WS,GROY-WS,2.52,0,7,6,0,0,2,2,17,-8.0,9.0,Broken,Avoid/exit,9,-3.8,-8.7,-7.1,33.5,0,,nan,nan,3029327.72
TTRAF,Telstra Corporation Limited,3.25,3,3,3,2,3,3,2,19,-10.0,9.0,Broken,Avoid/exit,19,0.0,0.0,-3.0,36.0,0,,Communication Services,40058470400.0,0.0
VTSI,VirTra Inc,3.0,3,7,6,0,2,2,2,22,-13.0,9.0,Broken,Avoid/exit,11,-2.6,-6.2,-4.8,33.0,1,,Technology,38895684.0,53079.44
SGPPY,The SPAR Group Ltd,2.91,3,5,0,2,3,4,2,19,-10.0,9.0,Broken,Avoid/exit,16,0.0,-7.7,-6.4,39.5,0,,Consumer Defensive,715452032.0,4.83
TULP,"Bloomia Holdings, Inc.",3.53,4,8,2,1,0,4,2,21,-15.0,9.0,Broken,Avoid/exit,25,-4.1,-2.8,-3.0,44.5,1,,Communication Services,17515284.0,22280.72
ATHGF,Auction Technology Group plc,5.446,15,4,3,7,3,2,5,39,-30,9,Broken,Avoid/exit,57,0.0,42.6,15.5,100.0,3,,Technology,462562880.0,1.0
OKUR,"OnKure Therapeutics, Inc.",4.1,4,3,4,8,1,4,2,26,-17.0,9.0,Broken,Avoid/exit,44,-8.1,-8.1,-4.8,42.9,1,,Healthcare,169661008.0,183852.91
WTID,UBS ETRACS - ProShares Daily 3x Inverse Crude ETN,4.537,1,6,0,7,3,0,2,19,-8.0,9.0,Broken,Avoid/exit,25,-13.9,-21.3,-8.7,44.5,1,,nan,nan,840608.01
FLTCF,Filtronic plc,3.58,8,9,2,0,0,6,2,27,-18.0,9.0,Broken,Avoid/exit,29,3.8,-1.6,-6.8,43.2,0,,Technology,986883008.0,128382.61
SLNG,Stabilis Solutions Inc,3.8,1,6,6,0,4,2,2,21,-15.0,9.0,Broken,Avoid/exit,26,-3.1,-5.5,-6.0,42.1,1,,Energy,94655168.0,24925.62
PHIO,Phio Pharmaceuticals Corp,1.0,1,12,3,2,3,0,2,23,-13.0,8.0,Broken,Avoid/exit,30,-3.9,-0.0,-1.6,47.3,1,,Healthcare,13243666.0,2154379.32
GROY-WT,Gold Royalty Corp,0.85,2,5,6,1,0,2,2,18,-10.0,8.0,Broken,Avoid/exit,14,-7.6,-19.0,-13.4,39.1,0,,nan,nan,46491.35
SLND,"Southland Holdings, Inc.",0.681,4,8,4,3,2,2,2,25,-17.0,8.0,Broken,Avoid/exit,21,4.2,-1.8,-9.8,40.2,2,,Industrials,65062660.0,189939.85
IBG,Innovation Beverage Group Limited,0.95,1,5,9,0,3,0,2,20,-15.0,8.0,Broken,Avoid/exit,23,-7.8,-9.5,-8.9,40.3,1,,Consumer Defensive,2124581.0,399287.5
BDMD,Baird Medical Investment Holdings Limited,1.05,6,7,6,4,0,2,2,27,-19.0,8.0,Broken,Avoid/exit,16,-7.9,-7.1,-8.6,35.5,1,,Healthcare,42855548.0,805441.53
BATL,Battalion Oil Corp,1.57,11,5,7,1,2,7,5,38,-30.0,8.0,Broken,Avoid/exit,29,5.4,21.7,1.4,48.8,3,,Energy,30826386.0,6829484.69
TRAW,Traws Pharma Inc,0.664,3,6,8,0,2,2,2,23,-15.0,8.0,Broken,Avoid/exit,12,-1.6,-18.1,-18.3,33.2,1,,Healthcare,21968470.0,884229.85
INAB,In8bio Inc,1.38,6,7,8,4,0,2,3,30,-22.0,8.0,Broken,Avoid/exit,36,-1.4,-2.8,-2.3,45.3,2,,Healthcare,14768079.0,131968.68
FILG,Grayscale Filecoin Trust (Fil),1.44,4,14,7,4,3,2,2,36,-26.0,8.0,Broken,Avoid/exit,34,4.8,11.2,3.1,50.9,3,,nan,nan,22704.44
AIFF,"Firefly Neuroscience, Inc.",1.15,3,8,6,0,2,4,2,25,-15.0,8.0,Broken,Avoid/exit,23,-7.3,-10.9,-9.6,34.0,1,,Technology,25693436.0,3879881.17
REBN,Reborn Coffee Inc,1.39,3,6,4,0,2,4,2,21,-13.0,8.0,Broken,Avoid/exit,14,-5.1,-13.7,-8.4,37.4,1,,Consumer Cyclical,14702084.0,72581.65
RDZN,Roadzen Inc.,1.13,1,4,2,8,2,2,2,21,-13.0,8.0,Broken,Avoid/exit,15,-5.0,-19.3,-15.6,30.0,1,,Technology,156142864.0,346505.05
TRZBF,Transat A.T. Inc,1.67,1,3,2,2,3,5,2,18,-10.0,8.0,Broken,Avoid/exit,20,0.0,-6.6,-3.5,24.6,0,,Consumer Cyclical,83155896.0,418.95
HFFG,Hf Foods Group Inc,1.67,6,8,2,1,2,2,2,23,-15.0,8.0,Broken,Avoid/exit,17,-2.9,5.0,-3.4,45.0,1,,Consumer Defensive,100528432.0,136145.93
GNTA,Genenta Science SpA ADR,1.44,6,8,2,0,7,0,2,25,-17.0,8.0,Broken,Avoid/exit,38,-9.4,-17.7,-7.8,45.9,1,,Healthcare,49541140.0,973108.32
CELZ,Creative Medical Technology Holdings Inc,0.86,4,9,0,3,3,2,2,23,-13.0,8.0,Broken,Avoid/exit,12,-8.6,-32.3,-31.9,30.3,1,,Healthcare,7615136.0,75636.08
BGLC,BioNexus Gene Lab Corp Common stock,1.65,1,9,1,3,5,0,2,21,-13.0,8.0,Broken,Avoid/exit,25,-4.6,-17.5,-14.5,34.7,1,,Basic Materials,5547736.0,73379.84
BLUGF,BLUGF,1.56,5,6,3,4,2,2,2,24,-16.0,8.0,Broken,Avoid/exit,0,-7.7,-8.2,-9.3,40.5,0,,nan,nan,0.0
ENHA,Enhanced Group Inc.,2.52,5,11,3,2,0,2,2,25,-17.0,8.0,Broken,Avoid/exit,0,-8.7,-8.0,-85.6,5.8,1,,Consumer Defensive,341022976.0,0.0
NHICW,NewHold Investment Corp III Warrants,1.724,6,3,2,6,3,0,2,22,-10.0,8.0,Broken,Avoid/exit,48,-21.2,-19.4,-14.6,40.3,1,,nan,214978100.0,50563.45
ECSNF,EcoSynthetix Inc,2.12,3,4,5,0,3,3,2,20,-15.0,8.0,Broken,Avoid/exit,20,0.0,0.0,-2.0,16.3,1,,Basic Materials,143585264.0,201.1
OGNNF,OGNNF,2.39,4,4,6,2,0,6,3,25,-17.0,8.0,Broken,Avoid/exit,46,-0.0,-6.8,-1.7,46.9,0,,Basic Materials,140807456.0,67424.7
AURE,Prestige Wealth Inc.,1.74,6,6,2,5,4,0,2,25,-15.0,8.0,Broken,Avoid/exit,49,-10.8,-9.4,-11.0,38.5,1,,Financial Services,88320000.0,86913.02
LAGVX,LORD ABBETT INCOME FUND CLASS A,2.4,3,2,2,6,0,2,3,18,-10.0,8.0,Broken,Avoid/exit,26,-0.4,-0.8,-0.5,36.7,0,,nan,0.0,0.0
LOGVX,Lord Abbett Income Cl F3,2.4,3,2,2,6,0,2,3,18,-10.0,8.0,Broken,Avoid/exit,21,-0.4,-0.8,-0.5,36.3,0,,nan,0.0,0.0
LAUVX,LORD ABBETT INCOME FUND CLASS R6,2.4,3,2,2,6,0,2,3,18,-10.0,8.0,Broken,Avoid/exit,21,-0.4,-0.8,-0.6,37.1,0,,nan,0.0,0.0
TV,Grupo Televisa SAB ADR,2.7,3,6,4,0,2,3,2,20,-15.0,8.0,Broken,Avoid/exit,25,-0.4,0.7,-1.3,45.5,1,,Communication Services,1407250304.0,1656824.32
CHLLF,China Literature Limited,2.55,3,6,3,3,3,3,2,23,-15.0,8.0,Broken,Avoid/exit,10,0.0,0.0,-3.4,0.0,1,,Communication Services,2992922624.0,19.76
MCRUF,Morgan Advanced Materials plc,2.738,3,3,2,2,3,3,2,18,-10.0,8.0,Broken,Avoid/exit,24,0.0,0.0,-2.1,35.3,1,,Industrials,815423616.0,191.53
ILPMF,Permanent TSB Group Holdings plc,3.05,1,6,3,0,3,3,2,18,-10.0,8.0,Broken,Avoid/exit,22,0.0,0.0,-1.8,17.6,0,,Financial Services,1809372160.0,2690.0
MJWNY,Naked Wines plc,3.642,1,7,2,5,3,3,2,23,-15.0,8.0,Broken,Avoid/exit,20,0.0,-4.1,-1.9,32.5,1,,Consumer Defensive,64449884.0,159.01
CMCM,Cheetah Mobile Inc,3.135,3,10,4,0,4,2,2,25,-15.0,8.0,Broken,Avoid/exit,12,2.8,-5.3,-4.5,37.8,1,,Communication Services,127879144.0,35326.88
RXT,Rackspace Technology Inc,4.21,2,9,0,3,5,0,2,21,-13.0,8.0,Broken,Avoid/exit,50,-3.7,-35.1,-22.8,40.9,1,,Technology,1393153792.0,13335820.98
ACTG,Acacia Research Corporation,4.47,3,9,3,0,4,2,2,23,-13.0,8.0,Broken,Avoid/exit,46,2.1,-4.9,-1.4,42.2,2,,Industrials,453968928.0,235564.33
TSI,TCW Strategic Income Closed Fund,4.43,1,5,3,3,2,1,3,18,-10.0,8.0,Broken,Avoid/exit,12,-0.4,-1.6,-0.9,38.8,0,,Financial Services,239697200.0,128747.73
SOBR,Sobr Safe Inc,1.0,11,4,2,11,2,2,5,37,-30,7,Broken,Avoid/exit,45,35.9,36.2,2.8,50.6,3,,Technology,3143349.0,2962633.11
AIRXX,AIM Investment Securities Funds (Invesco Investment Securities Funds) - Government Money Market Fund,1.0,3,6,3,5,0,3,2,22,-20.0,7.0,Broken,🔥 COILED: Avoid/exit,24,0.0,0.0,-49.4,45.7,0,,nan,nan,0.0
TOPXX,Federated Hermes Treasury Obl Premier,1.0,0,5,0,4,3,0,2,14,-10.0,7.0,Broken,Avoid/exit,0,-71.9,0.0,-49.8,41.9,0,,nan,nan,0.0
HELFY,HelloFresh SE,0.976,1,10,2,3,4,0,2,22,-15.0,7.0,Broken,Avoid/exit,17,-4.3,-17.0,-7.5,31.7,1,,Consumer Cyclical,670840896.0,11396.59
DCHIY,Digital China Holdings Ltd ADR,1.162,1,4,2,2,3,3,2,17,-10.0,7.0,Broken,Avoid/exit,21,0.0,0.0,-2.6,31.5,0,,Industrials,394971328.0,40.27
KOOYF,Kootenay Silver Inc,0.839,2,3,5,8,0,0,2,20,-13.0,7.0,Broken,Avoid/exit,13,-6.7,-10.3,-9.0,37.6,1,,Basic Materials,117722456.0,246364.29
LOOP,Loop Industries Inc,0.8,3,7,0,4,2,4,2,22,-15.0,7.0,Broken,Avoid/exit,10,-0.4,-16.6,-9.7,40.5,1,,Basic Materials,62410680.0,110869.18
ELOG,Eastern International Ltd.,0.8,3,6,5,0,0,0,2,16,-14.0,7.0,Broken,🔥 COILED: Avoid/exit,29,-9.1,-7.8,-7.5,41.3,0,,Industrials,11548800.0,0.0
TPST,Tempest Therapeutics Inc,0.976,6,8,4,4,0,2,2,26,-19.0,7.0,Broken,Avoid/exit,19,0.1,-12.1,-10.9,31.8,1,,Healthcare,19249096.0,134656.01
CHN,China Fund Inc,1.15,4,7,6,4,0,2,2,25,-18.0,7.0,Broken,Avoid/exit,17,-3.8,0.0,-5.8,40.8,0,,Financial Services,145902700.0,1597438.27
NIOBW,NioCorp Developments Ltd. Warrant,1.35,5,9,2,1,2,2,2,23,-16.0,7.0,Broken,Avoid/exit,21,8.0,-16.1,-6.1,45.6,0,,Basic Materials,nan,56834.84
TSPCF,Cleanaway Waste Management Limited,1.472,0,4,4,0,3,4,2,17,-10.0,7.0,Broken,Avoid/exit,18,-9.4,-15.9,-8.6,35.5,0,,Industrials,3541111552.0,897.92
SABR,Sabre Corpo,1.81,8,10,3,3,4,0,2,30,-21.0,7.0,Broken,Avoid/exit,50,-5.2,-14.6,-3.3,46.7,1,,Technology,670056000.0,7287464.54
NPWR,NET Power Inc.,1.54,1,9,6,0,4,0,2,22,-13.0,7.0,Broken,Avoid/exit,27,-7.8,-7.8,-5.5,41.6,1,,Industrials,167929216.0,1126273.16
CYBQF,CYBERDYNE Inc,1.3,1,3,1,2,3,5,2,17,-10.0,7.0,Broken,Avoid/exit,18,0.0,0.0,-12.1,3.1,0,,Healthcare,393759328.0,68.75
ACTU,"Actuate Therapeutics, Inc. Common stock",1.66,7,8,4,10,2,2,2,35,-28,7,Broken,Avoid/exit,29,35.0,15.3,0.6,47.4,3,,Healthcare,43545052.0,93281.33
AEMD,Aethlon Medical Inc,0.67,6,9,1,0,2,2,2,22,-13.0,7.0,Broken,Avoid/exit,8,-4.3,-11.8,-31.7,24.9,1,,Healthcare,3342204.0,314449.92
FRACF,Foraco International SA,1.86,3,7,4,0,4,2,2,22,-13.0,7.0,Broken,Avoid/exit,18,-1.1,-3.6,-3.6,40.4,0,,Basic Materials,214512928.0,8214.32
ACIU,AC Immune Ltd,2.18,0,2,6,8,0,2,2,20,-13.0,7.0,Broken,Avoid/exit,6,-16.2,-8.4,-10.6,37.1,1,,Healthcare,228990544.0,407781.93
INNPF,InnoCan Pharma Corporation,2.48,11,6,5,2,3,1,5,33,-26,7,Broken,Avoid/exit,17,55.0,42.5,20.5,62.8,4,3,Consumer Defensive,11021992.0,199.38
BBCQW,Bleichroeder Acquisition Corp. II Warrants,1.9,4,2,3,7,3,2,2,23,-12.0,7.0,Broken,Avoid/exit,0,-20.2,-17.0,-13.5,38.7,0,,nan,nan,0.0
GARLF,Netcoins Holdings Inc,1.95,0,3,6,9,0,0,2,20,-13.0,7.0,Broken,Avoid/exit,21,-8.9,-8.6,-10.7,35.2,1,,Financial Services,206521760.0,38099.19
STGPF,Scentre Group,2.45,0,1,3,6,3,2,2,17,-10.0,7.0,Broken,Avoid/exit,25,-7.5,-7.5,-5.7,18.8,0,,Real Estate,15837626368.0,0.0
SYT,"SYLA Technologies Co., Ltd. American Depositary Shares",2.46,1,4,1,1,4,4,2,17,-10.0,7.0,Broken,Avoid/exit,17,-1.6,-4.3,-4.5,34.6,0,,Technology,60158036.0,1915.11
JFU,9F Inc,2.3,2,4,7,0,2,0,2,17,-10.0,7.0,Broken,Avoid/exit,18,-4.2,-12.8,-9.6,33.8,0,,Technology,35389464.0,22736.05
HTOO,Fusion Fuel Green PLC,2.59,6,6,8,3,0,2,2,27,-20.0,7.0,Broken,Avoid/exit,24,0.8,-3.7,-3.7,39.7,1,,Utilities,10453104.0,250540.51
CCIF,Carlyle Credit Income Fund,2.76,4,5,5,4,2,0,2,22,-15.0,7.0,Broken,Avoid/exit,21,-3.8,0.0,-3.4,34.6,1,,Financial Services,65079768.0,149469.27
CDTG,CDT Environmental Technology Investment Holdings Limited ordinary shares,1.77,6,7,3,2,2,0,2,22,-15.0,7.0,Broken,Avoid/exit,35,-24.7,-16.5,-12.6,45.6,1,,Industrials,10362030.0,37351.22
ISPC,iSpecimen Inc,2.21,2,3,7,3,5,0,2,22,-15.0,7.0,Broken,Avoid/exit,41,-13.0,-19.0,-12.9,37.1,1,,Healthcare,4570159.0,379532.01
YOLO,AdvisorShares Pure Cannabis,2.6,1,4,6,6,2,0,2,21,-14.0,7.0,Broken,Avoid/exit,21,-4.3,-10.7,-5.5,37.7,0,,nan,nan,88910.49
CNVCD,BioHarvest Sciences Inc.,2.78,3,6,1,3,2,2,2,19,-10.0,7.0,Broken,Avoid/exit,13,-3.1,1.1,-7.3,32.1,0,,Consumer Defensive,nan,51388.4
TYGO,Tigo Energy Inc.,1.74,3,8,0,0,2,0,2,15,-8.0,7.0,Broken,Avoid/exit,9,-12.1,-22.3,-21.9,25.3,0,,Technology,263410448.0,634864.47
ELDN,Eledon Pharmaceuticals Inc,3.84,12,3,6,6,3,2,5,37,-30,7,Broken,Avoid/exit,51,-7.0,-1.5,-1.4,49.3,2,,Healthcare,277876160.0,1436607.91
YHGJ,Yunhong Green CTI Ltd.,3.02,2,8,7,1,0,2,2,22,-13.0,7.0,Broken,Avoid/exit,32,-1.0,-2.9,-3.8,44.8,1,,Consumer Cyclical,9602018.0,52753.5
BORUF,Borussia Dortmund GmbH & Co. Kommanditgesellschaft auf Aktien,3.45,3,2,7,4,0,3,3,22,-15.0,7.0,Broken,Avoid/exit,29,-4.2,-3.4,-1.9,37.0,1,,Communication Services,397358336.0,0.0
PLCE,Children’s Place Inc,2.97,3,7,5,0,2,0,2,19,-15.0,7.0,Broken,Avoid/exit,23,-2.0,-2.0,-4.5,42.4,1,,Consumer Cyclical,80407000.0,552109.79
SVRE,SaverOne 2014 Ltd. American Depositary Shares,3.14,8,15,3,0,3,2,2,33,-24,7,Broken,Avoid/exit,40,16.7,23.6,5.3,50.0,4,,Technology,3849072.0,102874.47
SPND,Spindletop O&G,2.86,2,5,1,5,3,4,2,22,-15.0,7.0,Broken,Avoid/exit,21,-5.0,-9.8,-17.0,36.0,1,,Energy,27119026.0,700.55
BKISF,iShares IV Public Limited Company - iShares US Mortgage Backed Securities UCITS ETF,4.101,2,4,3,2,3,1,2,17,-10.0,7.0,Broken,Avoid/exit,12,-1.4,-1.5,-1.2,14.2,0,,Other,nan,47580.27
TBH,"Brag House Holdings, Inc. Common Stock",2.45,8,3,0,4,5,0,2,22,-15.0,7.0,Broken,Avoid/exit,52,-39.7,-40.1,-29.3,37.9,1,,Communication Services,16914760.0,105291.68
CCCX,Churchill Capital Corp X Class A Ordinary Shares,4.84,3,7,1,1,3,2,3,20,-13.0,7.0,Broken,Avoid/exit,24,-13.4,-16.0,-24.2,38.7,1,,Financial Services,711003008.0,0.0
SACH,Sachem Capital Corp,0.861,1,8,1,0,4,2,2,18,-10.0,6.0,Broken,Avoid/exit,16,-2.6,-10.3,-6.6,33.2,2,,Real Estate,48914760.0,278496.85
YSXT,"YSX Tech. Co., Ltd Class A Ordinary Shares",0.87,1,7,0,2,4,0,2,16,-8.0,6.0,Broken,Avoid/exit,21,-13.8,-20.2,-12.9,41.7,1,,Industrials,28440150.0,452002.89
HWH,HWH International Inc,1.2,2,6,3,1,2,0,2,16,-13.0,6.0,Broken,Avoid/exit,27,-5.5,-16.1,-6.0,44.2,1,,Consumer Cyclical,7625928.0,2054590.8
FABXX,FABXX,1.0,0,2,0,7,0,0,2,11,-5.0,6.0,Broken,Avoid/exit,13,-18.7,-51.7,-38.5,33.2,0,,nan,nan,0.0
FAWXX,FAWXX,1.0,0,2,0,7,0,0,2,11,-5.0,6.0,Broken,Avoid/exit,13,-25.9,-55.4,-42.9,30.3,0,,nan,nan,0.0
PSRHF,PSRHF,1.06,5,4,8,5,0,2,5,29,-23.0,6.0,Broken,Avoid/exit,23,-4.5,-13.0,-3.6,46.0,1,,Basic Materials,209219040.0,679335.74
SDEV,Stablecoin Development Corporation,1.24,10,7,6,4,2,0,5,34,-28,6,Broken,Avoid/exit,26,-8.8,19.2,0.1,49.9,3,,Financial Services,31454148.0,724157.14
EFGD,Eurobank Ergasias Services And Holdings SA,1.0,1,3,1,3,3,3,2,16,-10.0,6.0,Broken,Avoid/exit,14,0.0,-9.1,-3.7,0.8,0,,nan,nan,0.0
ECX,ECARX Holdings Inc. Class A Ordinary shares,1.17,4,5,5,5,5,2,2,28,-22.0,6.0,Broken,Avoid/exit,35,2.6,-8.6,-2.0,48.3,1,,Consumer Cyclical,506809760.0,3512137.57
CRDOF,Cerrado Gold Inc,1.17,6,5,6,4,0,6,2,29,-23.0,6.0,Broken,Avoid/exit,39,0.0,0.9,-1.7,46.6,2,,Basic Materials,181807472.0,236126.35
MNY,MoneyHero Limited Class A Ordinary Shares,0.95,5,11,1,0,2,2,2,23,-15.0,6.0,Broken,Avoid/exit,13,1.6,4.1,-3.9,39.0,2,,Communication Services,57307556.0,111184.57
MAIA,MAIA Biotechnology Inc.,1.33,4,4,8,6,3,0,4,29,-23.0,6.0,Broken,Avoid/exit,25,-8.9,-7.0,-5.9,42.3,1,,Healthcare,86945080.0,810109.99
GDGIF,GDGIF,1.2,3,3,4,3,3,3,2,21,-15.0,6.0,Broken,Avoid/exit,0,0.0,0.0,-3.6,14.9,1,,Basic Materials,30817898.0,0.0
AGPYY,Agile Group Holdings Ltd ADR,1.002,3,4,2,4,3,3,2,21,-15.0,6.0,Broken,Avoid/exit,11,0.0,0.0,-10.0,0.0,1,,Real Estate,230099760.0,1.51
MGTE,Marblegate Capital Corporation,1.26,1,10,1,2,3,0,2,19,-13.0,6.0,Broken,Avoid/exit,22,-6.0,-6.0,-1.5,48.0,1,,Financial Services,111610744.0,7206.48
ANVS,Annovis Bio Inc,1.74,1,6,7,0,2,4,3,23,-17.0,6.0,Broken,Avoid/exit,19,-10.8,-9.4,-5.1,43.3,1,,Healthcare,84658320.0,1070783.77
POSC,Positron Corp,1.65,1,7,2,5,2,0,2,19,-13.0,6.0,Broken,Avoid/exit,29,-3.5,-6.2,-5.0,43.4,1,,Healthcare,61486916.0,38009.21
BPOSY,Bpost SA ADR,1.75,3,4,3,3,3,3,2,21,-15.0,6.0,Broken,Avoid/exit,12,0.0,0.0,-2.2,0.2,1,,Industrials,388001856.0,60.81
CAOVF,China Overseas Land & Investment Limited,1.65,1,1,2,4,6,0,2,16,-10.0,6.0,Broken,Avoid/exit,27,-19.5,-19.5,-12.6,13.2,0,,Real Estate,22437011456.0,250.74
DMCHY,DMCI Holdings Inc ADR,1.15,1,3,0,4,3,0,2,13,-10.0,6.0,Broken,Avoid/exit,5,-20.7,-20.7,-17.8,0.0,0,,Industrials,2655493888.0,9.34
WFRSF,West African Resources Limited,1.87,1,4,3,0,3,0,2,13,-10.0,6.0,Broken,Avoid/exit,24,0.0,0.0,-5.1,43.2,0,,Basic Materials,2491762432.0,6572.28
UXIN,Uxin Ltd,1.61,4,6,2,3,2,2,2,21,-15.0,6.0,Broken,Avoid/exit,8,-9.0,-17.0,-8.8,40.1,1,,Consumer Cyclical,510354176.0,209409.3
VFF,Village Farms International Inc,1.92,2,7,7,4,0,2,2,24,-18.0,6.0,Broken,Avoid/exit,15,-4.2,-3.5,-4.7,37.3,0,,Consumer Defensive,282293056.0,1925464.85
EVRYF,Evolve Royalties Ltd,2.001,1,6,0,4,3,0,2,16,-13.0,6.0,Broken,Avoid/exit,0,0.0,-23.9,-4.9,43.4,1,,Basic Materials,102774480.0,0.0
PLYX,"Polaryx Therapeutics, Inc. Common Stock",2.31,3,4,6,4,2,0,4,23,-17.0,6.0,Broken,Avoid/exit,0,-4.9,-10.5,-6.4,44.9,1,,Healthcare,119305104.0,0.0
DCX,Digital Currency X Technology Inc.,0.92,3,4,2,1,2,2,2,16,-10.0,6.0,Broken,Avoid/exit,24,-14.8,-14.0,-28.7,28.5,0,,Consumer Cyclical,48766116.0,296271.26
TRKNY,Turk Telekomunikasyon AS ADR,2.55,1,4,3,0,3,3,2,16,-10.0,6.0,Broken,Avoid/exit,15,0.0,-0.4,-9.0,30.5,0,,Communication Services,4637500416.0,210.02
DRDGF,Drdgold,2.11,1,5,2,1,3,2,2,16,-10.0,6.0,Broken,Avoid/exit,16,0.0,-15.9,-7.2,10.5,0,,Basic Materials,2177168128.0,0.0
UNTCW,Unit Corporation,2.2,1,8,2,0,3,2,2,18,-10.0,6.0,Broken,Avoid/exit,20,-5.6,-4.3,-9.7,42.9,0,,nan,nan,4396.73
TKGBY,Turkiye Garanti Bankasi AS,2.84,5,2,1,6,0,0,2,16,-8.0,6.0,Broken,Avoid/exit,20,-4.7,-6.0,-3.1,46.1,1,,Financial Services,13572413440.0,9265.12
LTBYX,Opnhmr Rchstr Ltd Tm Nw Yk Mncpl Fd Y,2.79,1,2,2,6,0,2,3,16,-10.0,6.0,Broken,Avoid/exit,30,-0.4,-0.7,-0.4,28.1,0,,nan,0.0,0.0
LTNYX,Opnhmr Rchstr Ltd Tm Nw Yk Mncpl Fd A,2.79,1,2,2,6,0,2,3,16,-10.0,6.0,Broken,Avoid/exit,29,-0.4,-0.7,-0.5,24.6,0,,nan,0.0,0.0
IAMOX,VOYA MIDCAP OPPORTUNITIES PORTFOLIO CLASS ADV,2.23,1,4,0,6,0,3,2,16,-10.0,6.0,Broken,Avoid/exit,10,-2.6,-3.0,-10.4,26.2,0,,nan,0.0,0.0
ELRXF,AB Electrolux (publ),2.55,3,4,4,0,3,0,2,16,-10.0,6.0,Broken,Avoid/exit,16,0.0,-22.5,-15.8,37.1,0,,Consumer Cyclical,1481688960.0,42.79
UROY,Uranium Royalty Corp,2.61,2,5,8,1,0,2,2,20,-14.0,6.0,Broken,Avoid/exit,10,-1.5,-6.1,-7.1,36.5,0,,Energy,523335264.0,3119848.01
KMRPF,Kenmare Resources plc,2.47,3,2,4,2,0,3,2,16,-10.0,6.0,Broken,Avoid/exit,8,-4.3,-4.3,-8.0,32.1,1,,Basic Materials,287664768.0,0.0
SKBL,Skyline Builders Group Holding Limited Class A Ordinary Shares,2.795,0,8,5,0,4,0,2,19,-13.0,6.0,Broken,Avoid/exit,26,-6.8,-2.3,-6.7,42.0,1,,Industrials,77798184.0,1053786.27
ARBK,Argo Blockchain PLC ADR,3.065,3,4,4,3,0,0,2,16,-10.0,6.0,Broken,Avoid/exit,40,-7.1,-16.0,-8.6,36.6,0,,Financial Services,51441664.0,62495.81
SLE,Super League Enterprise Inc.,2.84,3,4,9,0,0,2,2,20,-14.0,6.0,Broken,Avoid/exit,36,-5.6,-9.6,-6.9,38.7,0,,Communication Services,5094194.0,341640.91
ORSYX,Oppenheimer Rochester Shrt Trm Mncl Cl Y,3.7,1,2,2,6,0,2,3,16,-10.0,6.0,Broken,Avoid/exit,20,-0.3,-0.3,-0.2,9.8,0,,nan,0.0,0.0
GRIQ,"GrocerIQ, Inc.",3.45,4,4,5,1,1,2,3,20,-15.0,6.0,Broken,Avoid/exit,23,-9.0,-4.2,-7.3,40.3,1,,Technology,295452928.0,1496.41
TLRY,Tilray Inc,4.35,3,8,8,0,2,2,2,25,-19.0,6.0,Broken,Avoid/exit,23,-0.9,-1.8,-4.4,36.1,1,,Healthcare,620745920.0,6891440.49
MGLD,Marygold Companies Inc,1.11,7,4,3,1,3,0,2,20,-15.0,5.0,Broken,Avoid/exit,40,-3.5,-4.3,-2.3,46.0,1,,Financial Services,51145084.0,100456.91
GASXF,Ngx Energy International Corp,0.93,2,8,3,4,2,2,2,23,-18.0,5.0,Broken,Avoid/exit,24,-2.0,-7.4,-6.7,38.8,0,,Energy,319228576.0,53151.3
PLRX,Pliant Therapeutics Inc,1.11,0,8,8,0,2,0,2,20,-15.0,5.0,Broken,Avoid/exit,18,-1.8,0.0,-2.5,43.5,1,,Healthcare,72446688.0,824949.99
CHXMF,Troilus Gold Corp,1.11,0,4,5,7,0,0,2,18,-13.0,5.0,Broken,Avoid/exit,28,-10.6,-8.3,-9.5,40.2,1,,Basic Materials,809922688.0,155803.07
SLNH,Soluna Holdings Inc,1.1,1,10,3,0,2,0,2,18,-13.0,5.0,Broken,Avoid/exit,22,-15.4,-12.7,-15.3,36.1,1,,Financial Services,260283136.0,12112932.94
AEI,Alset Ehome International Inc,1.19,1,6,6,3,0,2,2,20,-15.0,5.0,Broken,Avoid/exit,13,-7.8,-19.6,-9.5,39.5,2,,Real Estate,56787916.0,200922.74
MBAI,Check-Cap Ltd.,1.0,0,5,1,3,2,2,2,15,-10.0,5.0,Broken,Avoid/exit,10,-18.7,-19.4,-16.9,32.8,0,,Healthcare,12909699.0,1813609.31
RHCGF,Ryman Healthcare Limited,1.08,3,6,2,1,3,3,2,20,-15.0,5.0,Broken,Avoid/exit,14,0.0,0.0,-6.9,8.0,1,,Healthcare,1432177920.0,15.05
CVPBF,CP ALL Public Company Limited,1.33,1,1,3,1,3,4,2,15,-10.0,5.0,Broken,Avoid/exit,18,-14.2,-14.2,-9.0,11.2,0,,Consumer Defensive,14551009280.0,0.0
TETOF,Tectonic Metals Inc,1.43,2,4,8,1,0,0,2,17,-13.0,5.0,Broken,Avoid/exit,29,-7.1,-6.5,-7.0,40.8,1,,Basic Materials,238990512.0,106798.95
ALDX,Aldeyra The,1.72,1,3,1,9,2,2,2,20,-15.0,5.0,Broken,Avoid/exit,19,-25.2,-29.2,-13.5,40.6,1,,Healthcare,97418528.0,1578400.69
BCHT,Birchtech Corp.,1.71,1,6,3,5,5,0,2,22,-15.0,5.0,Broken,Avoid/exit,27,-11.9,-19.3,-11.7,37.6,1,,Industrials,55242528.0,89277.73
FGROY,FirstGroup PLC ADR,2.11,1,3,3,3,3,0,2,15,-10.0,5.0,Broken,Avoid/exit,11,0.0,-17.3,-7.9,36.5,0,,Industrials,1118846592.0,0.0
GLGDF,GoGold Resources Inc.,2.07,0,5,5,0,2,0,2,14,-14.0,5.0,Broken,🔥 COILED: Avoid/exit,28,-5.5,-8.0,-7.5,41.0,0,,Basic Materials,1040282368.0,460124.94
NEARX,NEAR-TERM TAX FREE FUND NEAR-TERM TAX FREE FUND,2.09,1,2,1,6,0,2,3,15,-10.0,5.0,Broken,Avoid/exit,16,-0.5,-0.5,-0.5,27.8,0,,nan,0.0,0.0
DAGXF,DB Agriculture Double Long ETN,1.9,1,3,2,1,3,3,2,15,-10.0,5.0,Broken,Avoid/exit,8,0.0,-5.0,-3.0,5.6,0,,nan,nan,237.0
SIHBY,Shenzhen Investment Bay Area Co Ltd,2.25,3,2,1,0,3,4,2,15,-10.0,5.0,Broken,Avoid/exit,30,0.0,-6.2,-3.6,22.6,0,,Industrials,822269504.0,81.97
NTRP,NextTrip Inc,1.66,0,1,3,8,0,0,2,14,-9.0,5.0,Broken,Avoid/exit,5,-19.0,-22.8,-19.0,27.4,1,,Consumer Cyclical,33334976.0,55475.38
FWEDF,Fireweed Zinc Ltd,2.09,0,3,5,8,0,0,2,18,-13.0,5.0,Broken,Avoid/exit,10,-9.5,-16.2,-12.6,32.5,1,,Basic Materials,703001792.0,53147.69
ZDAI,Primega Group Holdings Limited,1.9,4,3,5,3,5,0,2,22,-15.0,5.0,Broken,Avoid/exit,23,-5.9,-1.6,-9.3,37.4,1,,Industrials,22039876.0,100935.16
BSEAF,Braemar Shipping Services Plc,2.91,1,3,0,5,3,1,2,15,-10.0,5.0,Broken,Avoid/exit,27,0.0,-7.3,-2.9,21.5,0,,Industrials,96600456.0,0.0
PMNXF,Perseus Mining Limited,3.24,9,5,1,6,1,2,2,26,-21.0,5.0,Broken,Avoid/exit,17,-1.5,-8.2,-0.1,49.4,0,,Basic Materials,5140293632.0,41886.56
WGXRF,Westgold Resources Limited,3.13,2,5,7,3,0,2,2,21,-16.0,5.0,Broken,Avoid/exit,19,-3.4,-3.7,-5.9,41.3,0,,Basic Materials,3458655232.0,99150.34
CLTFF,Celtic plc,2.81,2,1,1,6,3,0,2,15,-10.0,5.0,Broken,Avoid/exit,36,-9.6,-8.8,-8.4,33.2,0,,Communication Services,313796736.0,1010.77
NMTC,Neuroone Medical Technologies Corp,2.37,2,2,0,12,0,0,2,18,-13.0,5.0,Broken,Avoid/exit,32,-13.8,-21.0,-19.3,28.1,1,,Healthcare,29997168.0,47801.07
DTST,Data Storage Corp,3.336,3,8,4,4,0,5,4,28,-23.0,5.0,Broken,Avoid/exit,12,-2.7,-0.7,-3.2,44.9,1,,Technology,7649997.0,50948.87
MSTU,T-REX 2X Long MSTR Daily Target ETF,1.835,6,8,3,0,0,4,2,23,-18.0,5.0,Broken,Avoid/exit,9,-0.8,-0.8,-20.6,35.7,1,,nan,nan,22570724.39
ZTCOF,ZTE Corp-H,3.0,1,1,3,5,3,0,2,15,-10.0,5.0,Broken,Avoid/exit,26,0.0,-21.1,-12.5,24.2,0,,Technology,21861355520.0,330.25
IONR,ioneer Ltd American Depositary Shares,3.73,0,7,7,0,2,4,2,22,-15.0,5.0,Broken,Avoid/exit,27,-10.6,-15.4,-7.6,39.5,1,,Basic Materials,335226880.0,187022.5
ISHBF,iShares IV Public Limited Company - iShares $ Treasury Bond 20+yr UCITS ETF,4.521,1,3,3,2,3,1,2,15,-10.0,5.0,Broken,Avoid/exit,31,-0.7,-2.2,-1.4,38.7,0,,nan,nan,155198.1
ASTL,Algoma Steel Group Inc,3.7,6,5,3,0,2,2,2,20,-15.0,5.0,Broken,Avoid/exit,28,3.1,-3.4,-7.0,34.8,1,,Basic Materials,549601664.0,1563113.04
BJDX,Bluejay Diagnostics Inc,1.3,3,7,1,3,2,2,2,20,-13.0,5.0,Broken,Avoid/exit,20,-7.1,8.3,-33.5,34.8,2,,Healthcare,5988620.0,678236.1
CGC,Canopy Growth Corp,0.927,3,5,9,4,0,0,2,23,-19.0,4.0,Broken,Avoid/exit,22,-4.8,-2.3,-4.0,39.9,1,,Healthcare,467043712.0,19964939.7
IRIX,IRIDEX Corporation,0.951,0,5,2,1,0,2,2,12,-13.0,4.0,Broken,Avoid/exit,16,-15.1,-18.7,-13.3,25.0,1,,Healthcare,18973106.0,139457.1
GORO,Gold Resource Corporation,0.925,0,2,1,7,0,4,2,16,-8.0,4.0,Broken,Avoid/exit,23,-29.4,-24.8,-26.2,30.1,0,,Basic Materials,207218912.0,3294246.97
CNIKF,Canada Nickel Company Inc,0.912,5,7,5,6,0,2,2,27,-23.0,4.0,Broken,Avoid/exit,18,-4.5,-9.8,-7.4,36.8,1,,Basic Materials,276997920.0,85053.87
ITVPF,ITV plc,0.93,0,1,2,2,3,4,2,14,-10.0,4.0,Broken,Avoid/exit,0,-11.4,-11.4,-11.8,4.6,0,,Communication Services,3814761472.0,0.0
BTCS,BTCS Inc,0.988,3,5,7,0,0,2,2,19,-15.0,4.0,Broken,Avoid/exit,11,-6.8,-11.8,-10.5,31.6,1,,Financial Services,64707980.0,1398821.76
SRRLF,Sirius Real Estate Limited,1.3,4,1,0,3,0,4,2,14,-10.0,4.0,Broken,Avoid/exit,23,-4.4,-4.2,-4.2,26.6,0,,Real Estate,2143994112.0,173.71
LNGPF,Longfor Group Holdings Limited,0.81,0,3,0,6,3,0,2,14,-10.0,4.0,Broken,Avoid/exit,12,-40.0,-40.0,-30.7,7.8,0,,Real Estate,9264275456.0,1.9
ELRRF,Eloro Resources Ltd,1.14,3,6,8,0,0,2,2,21,-15.0,4.0,Broken,Avoid/exit,24,0.9,-5.0,-6.1,38.6,1,,Basic Materials,183072496.0,101703.75
ACMIF,ACMIF,1.43,2,4,8,4,0,2,2,22,-18.0,4.0,Broken,Avoid/exit,45,-9.5,-5.6,-5.8,42.6,0,,nan,nan,19022.95
VHUB,"VenHub Global, Inc.",1.01,3,3,7,0,2,2,2,19,-15.0,4.0,Broken,Avoid/exit,0,-7.3,1.0,-8.8,42.4,1,,Consumer Defensive,159908768.0,0.0
ALLR,Allarity Therapeutics Inc,1.17,1,6,5,1,2,2,2,19,-15.0,4.0,Broken,Avoid/exit,24,-2.5,-12.0,-7.0,39.4,2,,Healthcare,26252694.0,2360106.3
MRT,Marti Technologies Inc.,1.57,6,13,2,4,5,2,2,34,-28.0,4.0,Broken,Avoid/exit,14,18.9,8.3,4.1,51.0,3,,Technology,153839392.0,49451.76
IBIO,"iBio, Inc. Common Stock",1.35,0,6,5,0,0,4,2,17,-13.0,4.0,Broken,Avoid/exit,12,-10.6,-22.9,-13.7,29.6,1,,Healthcare,95879616.0,3248317.12
CRCE,Crown Resources Corp,1.24,1,6,3,3,3,0,3,19,-15.0,4.0,Broken,Avoid/exit,21,-20.5,-20.5,-15.5,36.8,1,,Energy,2601000.0,771.81
NNXXY,Nexity SA,1.82,3,3,2,3,3,3,2,19,-15.0,4.0,Broken,Avoid/exit,9,0.0,0.0,-1.7,0.0,1,,Real Estate,542960768.0,22.28
AIMD,Ainos Inc,1.7,4,3,4,4,0,2,2,19,-15.0,4.0,Broken,Avoid/exit,32,-11.0,-16.7,-10.0,41.9,1,,Technology,16422929.0,331164.47
DRSHF,DroneShield Limited,1.59,6,9,4,0,0,2,2,23,-19.0,4.0,Broken,Avoid/exit,15,0.6,-4.8,-6.8,35.6,1,,Industrials,1948063104.0,275504.81
BDCTF,BDCTF,1.782,2,5,2,6,0,4,2,21,-13.0,4.0,Broken,Avoid/exit,19,-4.7,-4.7,-7.5,28.6,1,,Consumer Cyclical,105406800.0,3020.77
QUCY,Quantum Cyber N.V.,1.19,1,3,4,5,2,2,2,19,-15.0,4.0,Broken,Avoid/exit,0,-16.8,-22.7,-19.6,35.4,1,,Healthcare,56007444.0,0.0
LPSN,LivePerson Inc,1.72,2,5,7,3,2,0,2,21,-15.0,4.0,Broken,Avoid/exit,9,-5.5,-11.3,-7.8,36.4,1,,Technology,27517820.0,259235.91
EBON,Ebang International Holdings,2.05,2,6,2,0,2,2,5,19,-15.0,4.0,Broken,Avoid/exit,24,-4.0,-8.9,-3.7,46.5,1,,Technology,13139049.0,9674.59
BMRA,Biomerica Inc,1.63,3,4,4,0,0,6,2,19,-15.0,4.0,Broken,Avoid/exit,19,-1.2,-9.4,-7.6,31.6,1,,Healthcare,6628627.0,97347.74
CIK,Credit Suisse Asset Management IF,2.43,3,2,8,1,0,1,3,18,-14.0,4.0,Broken,Avoid/exit,17,-2.4,-1.6,-1.7,38.0,0,,Financial Services,156493600.0,473514.08
NTZ,Natuzzi SpA,1.63,6,7,4,3,0,2,2,24,-20.0,4.0,Broken,Avoid/exit,11,7.9,-18.5,-9.6,34.6,2,,Consumer Cyclical,26435062.0,5163.42
LFEV,Life Electric Vehicles Holdings Inc.,1.75,9,11,4,2,6,4,2,38,-30,4,Broken,Avoid/exit,48,14.4,16.7,1.1,50.1,3,,Consumer Cyclical,19734908.0,734.66
NDBI,NUCLEAR DIAMOND BATTERIES INC.,2.0,4,7,5,1,2,4,3,26,-18.0,4.0,Broken,Avoid/exit,16,-20.0,-11.1,-13.5,42.5,0,,Industrials,nan,307.71
GLND,Greenland Energy Company Common Stock,2.31,4,11,4,0,2,4,2,27,-23.0,4.0,Broken,Avoid/exit,0,5.0,11.1,-2.6,46.1,3,,Energy,125942960.0,0.0
ARQ,Arq Inc,2.18,4,3,2,6,2,0,2,19,-15.0,4.0,Broken,Avoid/exit,27,-3.1,-7.2,-6.8,37.5,1,,Industrials,111608264.0,495997.46
JAGX,Jaguar Animal Health Inc,1.335,0,6,1,8,0,0,2,17,-13.0,4.0,Broken,Avoid/exit,22,-43.7,-56.1,-44.8,25.1,1,,Healthcare,2021667.0,56040.21
SNGNF,Singapore Telecommunications Limited,3.24,2,1,2,3,3,1,2,14,-10.0,4.0,Broken,Avoid/exit,14,-6.1,-6.1,-4.1,25.7,0,,Communication Services,52829282304.0,0.0
AUTLF,Austal Limited,2.55,0,4,2,3,4,2,2,17,-13.0,4.0,Broken,Avoid/exit,9,-5.6,-13.0,-8.7,36.9,1,,Industrials,1160638080.0,7302.26
TKECF,Tokyo Electric Power Co. Inc.,2.7,1,3,2,5,0,6,2,19,-15.0,4.0,Broken,Avoid/exit,7,0.0,-12.9,-7.9,30.8,1,,Utilities,5769727488.0,591.0
SJT,San Juan Basin Royalty Trust,2.69,1,10,2,0,4,0,2,19,-13.0,4.0,Broken,Avoid/exit,9,-8.5,-13.5,-9.8,29.3,1,,Energy,175249072.0,201274.19
ORSTX,Oppenheimer Rchstr Shrt Trm Mncl Fd Cl A,3.7,1,2,0,6,0,2,3,14,-10.0,4.0,Broken,Avoid/exit,20,-0.3,-0.3,-0.2,34.9,0,,nan,0.0,0.0
RGRNF,Regis Resources Ltd,4.25,4,5,6,0,0,5,2,22,-18.0,4.0,Broken,Avoid/exit,28,-4.5,1.2,-6.2,43.2,0,,Basic Materials,3521222912.0,0.0
PODC,"Courtside Group, Inc. Common Stock",3.99,5,4,6,6,3,2,2,28,-24.0,4.0,Broken,Avoid/exit,50,-1.5,-5.2,-3.9,46.6,1,,Communication Services,117648488.0,100581.35
OPEN,Opendoor Technologies Inc,4.57,4,4,4,5,2,0,2,21,-17.0,4.0,Broken,Avoid/exit,34,-13.8,-7.5,-2.5,47.6,1,,Real Estate,4775446016.0,115557236.38
AIRJ,AirJoule Technologies Corporation,3.85,0,6,0,1,4,4,2,17,-13.0,4.0,Broken,Avoid/exit,27,-15.4,-25.7,-12.9,39.2,1,,Industrials,384459712.0,518090.08
LFT,Lument Finance Trust Inc,0.933,3,2,2,0,2,2,2,13,-10.0,3.0,Broken,Avoid/exit,13,0.3,-0.7,-3.8,37.8,1,,Real Estate,55585828.0,182897.12
DYLLF,Deep Yellow Ltd,0.885,4,8,0,0,1,2,2,17,-14.0,3.0,Broken,Avoid/exit,8,-7.9,-13.2,-7.3,46.4,0,,Energy,1077965824.0,118186.18
WETO,Webus International Limited Ordinary Shares,0.607,1,8,1,0,4,2,2,18,-13.0,3.0,Broken,Avoid/exit,36,-9.5,-28.6,-18.5,35.1,2,,Technology,83230000.0,624247.66
BYAH,"Park Ha Biological Technology Co., Ltd.",0.424,4,7,0,3,2,0,2,18,-15.0,3.0,Broken,Avoid/exit,24,-36.0,-54.0,-47.6,33.0,1,,Consumer Defensive,3958668.0,113702.41
JZXN,Jiuzi Holdings Inc,1.2,6,7,1,4,2,1,2,23,-18.0,3.0,Broken,Avoid/exit,43,2.6,4.3,-7.4,47.9,1,,Consumer Cyclical,1661051.0,1796829.01
PZG,Paramount Gold Nevada Corp,1.12,2,6,8,0,0,6,2,24,-21.0,3.0,Broken,Avoid/exit,15,-5.9,-5.1,-5.1,43.0,1,,Basic Materials,115808920.0,1032829.3
GROV,"Grove Collaborative Holdings, Inc.",1.09,1,6,0,1,2,4,2,16,-13.0,3.0,Broken,Avoid/exit,26,-0.9,-13.5,-6.3,36.9,1,,Consumer Defensive,51484396.0,66449.71
SJ,Scienjoy Holding Corp,0.86,5,9,3,4,0,0,5,26,-23.0,3.0,Broken,Avoid/exit,21,-11.3,-3.9,-9.2,42.3,1,,Communication Services,48407556.0,57403.47
BBLG,Bone Biologics Corp,1.2,1,7,0,6,0,2,2,18,-15.0,3.0,Broken,Avoid/exit,38,-13.0,-14.3,-9.9,36.9,1,,Healthcare,2241741.0,741180.88
DSEAF,DSEAF,0.705,3,3,4,6,0,0,2,18,-15.0,3.0,Broken,Avoid/exit,0,-5.0,-16.9,-19.0,38.4,1,,Basic Materials,70899632.0,0.0
HHLKF,Hot Chili Limited,1.16,3,6,2,4,2,2,2,21,-18.0,3.0,Broken,Avoid/exit,36,0.4,-13.4,-7.6,40.1,2,,Basic Materials,298214912.0,56334.75
TUNGF,American Tungsten Corp.,1.22,3,7,4,0,0,2,2,18,-15.0,3.0,Broken,Avoid/exit,19,-0.8,-10.9,-8.3,37.6,1,,Basic Materials,103212648.0,395679.2
AUTL,Autolus Therapeutics Ltd,1.46,1,3,5,2,2,0,3,16,-13.0,3.0,Broken,Avoid/exit,26,-13.6,-7.6,-6.8,41.7,1,,Healthcare,441797824.0,2576381.67
AERG,Applied Energetics,1.19,1,4,5,4,0,2,2,18,-15.0,3.0,Broken,Avoid/exit,31,-5.9,-9.8,-8.0,36.0,1,,Technology,369508000.0,119992.5
HMR,Heidmar Maritime Holdings Corp. Common Stock,1.07,4,5,1,0,3,6,2,21,-18.0,3.0,Broken,Avoid/exit,31,-6.1,-12.3,-7.3,43.5,0,,Industrials,86128320.0,113382.98
AUDGF,Audinate Group Limited,1.39,1,7,1,5,0,2,2,18,-15.0,3.0,Broken,Avoid/exit,12,-0.7,-10.6,-7.3,36.5,1,,Technology,147574976.0,339.34
ONTTF,Oxford Nanopore Technologies Limited,1.53,2,4,9,9,0,0,2,26,-23.0,3.0,Broken,Avoid/exit,28,-4.7,-10.0,-5.4,42.5,1,,Healthcare,1897150336.0,26810.18
VNRX,Volitionrx Ltd,1.16,4,3,4,6,5,2,2,26,-23.0,3.0,Broken,Avoid/exit,33,-13.4,-14.7,-15.4,34.8,1,,Healthcare,17254382.0,260063.39
NCPCF,Nickel Creek Platinum Corp,1.18,8,6,2,0,0,6,2,24,-21.0,3.0,Broken,Avoid/exit,12,16.8,8.3,-7.9,45.7,2,,Basic Materials,13396558.0,4755.97
INVLW,"Innventure, Inc.",0.82,0,5,0,6,0,2,2,15,-8.0,3.0,Broken,Avoid/exit,9,-18.0,-34.4,-35.7,35.1,0,,nan,nan,0.0
KUST,"Kustom Entertainment, Inc.",1.25,6,8,3,5,2,2,2,28,-23.0,3.0,Broken,Avoid/exit,30,37.4,-6.0,-1.5,45.2,1,,Communication Services,1134616.0,204444.64
NAMM,Namib Minerals Ordinary Shares,1.41,0,7,6,0,2,0,2,17,-14.0,3.0,Broken,Avoid/exit,25,-12.4,-24.2,-15.1,32.0,0,,Basic Materials,127489408.0,3602066.08
TUYA,Tuya Inc ADR,1.75,2,6,3,0,0,0,2,13,-10.0,3.0,Broken,Avoid/exit,11,-3.8,-3.3,-5.2,39.3,0,,Technology,1232352384.0,1373194.97
MGMLF,Maple Gold Mines Ltd,1.79,4,3,7,0,2,0,2,18,-15.0,3.0,Broken,Avoid/exit,34,-8.3,-7.2,-7.1,36.3,1,,Basic Materials,158748976.0,78437.71
OPTXW,Syntec Optics Holdings Inc.,1.19,2,3,0,4,2,0,2,13,-10.0,3.0,Broken,Avoid/exit,36,-16.8,-55.8,-30.4,40.7,0,,nan,nan,90858.71
OABI,OmniAb Inc.,2.04,2,2,1,4,5,0,4,18,-15.0,3.0,Broken,Avoid/exit,49,-8.9,-14.6,-9.7,38.2,1,,Healthcare,360256832.0,541242.26
AGXXF,Agilyx AS,1.9,1,3,3,4,3,2,2,18,-15.0,3.0,Broken,Avoid/exit,19,-12.6,-12.6,-9.3,16.9,1,,Industrials,288959744.0,901.5
ZJYL,JIN MEDICAL INTERNATIONAL LTD. Ordinary Shares,1.9,4,7,4,0,0,2,2,19,-16.0,3.0,Broken,Avoid/exit,43,5.0,0.5,-7.3,40.2,1,,Healthcare,19333568.0,117297.64
KPGHF,Kelly Partners Group Holdings Limited,2.5,2,6,6,5,0,0,2,21,-18.0,3.0,Broken,Avoid/exit,16,-7.1,-4.6,-6.5,40.3,0,,Industrials,134466624.0,13980.22
PRME,"Prime Medicine, Inc. Common Stock",3.22,5,4,1,5,2,4,5,26,-23.0,3.0,Broken,Avoid/exit,26,-23.9,-17.2,-10.0,43.6,1,,Healthcare,567138816.0,3194878.31
AQST,Aquestive Therapeutics Inc,3.94,0,9,2,3,2,0,2,18,-13.0,3.0,Broken,Avoid/exit,27,-7.1,-7.1,-6.0,38.6,1,,Healthcare,519363488.0,3157426.21
TAOX,TAO Synergies Inc.,3.54,5,6,8,1,0,4,2,26,-23.0,3.0,Broken,Avoid/exit,17,-4.1,-1.9,-5.5,41.7,1,,Technology,29663566.0,234288.25
BTG,B2Gold Corp,3.66,2,3,8,0,0,2,2,17,-14.0,3.0,Broken,Avoid/exit,20,-5.2,-4.2,-7.1,36.2,0,,Basic Materials,6102472704.0,38935693.45
BHLL,Bunker Hill Mining Corp,3.06,2,5,3,6,0,0,2,18,-15.0,3.0,Broken,Avoid/exit,34,-11.3,-14.3,-12.0,28.9,1,,Basic Materials,198412496.0,30304.4
OPEG,Leverage Shares 2X Long OPEN Daily ETF,4.119,2,4,2,5,0,0,2,15,-12.0,3.0,Broken,Avoid/exit,23,-27.2,-17.1,-8.1,45.7,0,,nan,nan,0.0
DURYY,Duerr AG ADR,3.88,1,3,3,0,0,4,2,13,-10.0,3.0,Broken,Avoid/exit,18,0.0,-9.8,-5.3,24.4,1,,Industrials,1647009536.0,0.0
GGN,GAMCO Global,4.82,3,6,8,0,0,3,2,22,-19.0,3.0,Broken,Avoid/exit,17,-1.4,0.4,-1.7,41.3,0,,Financial Services,625882800.0,607445.39
RDHL,Redhill Biopharma Ltd,0.731,1,5,0,0,2,2,2,12,-10.0,2.0,Broken,Avoid/exit,16,4.1,-11.9,-7.0,38.3,0,,Healthcare,4999702.0,755030.11
GPHXX,GPHXX,1.0,0,3,0,4,0,0,2,9,-10.0,2.0,Broken,Avoid/exit,12,-71.8,0.0,-64.8,40.7,0,,nan,nan,0.0
EPSM,Epsium Enterprise Limited Ordinary Shares,1.235,3,4,5,0,0,0,2,14,-15.0,2.0,Broken,Avoid/exit,32,-2.0,-3.5,-6.1,44.6,1,,Consumer Defensive,20939932.0,597270.5
MIST,Milestone Pharmaceuticals Inc,1.24,2,6,9,0,0,2,2,21,-19.0,2.0,Broken,Avoid/exit,19,-5.3,-6.1,-4.3,40.5,1,,Healthcare,160602400.0,2795454.57
AUID,authID Inc.,0.876,0,1,1,9,0,2,2,15,-13.0,2.0,Broken,Avoid/exit,20,-27.0,-23.9,-21.4,32.8,1,,Technology,20972232.0,2230218.83
BNRG,Brenmiller Energy Ltd Ordinary Shares,0.69,2,3,4,6,0,0,2,17,-15.0,2.0,Broken,Avoid/exit,11,-22.9,-14.9,-26.4,34.4,2,,Utilities,843236.0,310251.57
MTPLF,Metaplanet Inc.,1.42,6,8,3,2,2,7,2,30,-28,2,Broken,Avoid/exit,22,-3.5,11.8,-2.4,46.5,4,,Consumer Cyclical,1985906816.0,2905301.5
CARV,Carver Bancorp Inc,1.39,8,6,3,5,0,0,3,25,-23.0,2.0,Broken,Avoid/exit,24,-7.3,5.3,-3.4,45.1,1,,Financial Services,7137585.0,43212.64
VERI,Veritone Inc,1.03,0,7,1,3,2,0,2,15,-13.0,2.0,Broken,Avoid/exit,7,-14.2,-28.5,-19.8,26.5,1,,Technology,158952032.0,4280625.04
CDIX,Cardiff Lexington Corp,1.25,0,1,5,3,2,4,2,17,-15.0,2.0,Broken,Avoid/exit,15,-16.7,-16.7,-18.3,33.1,1,,Healthcare,28426736.0,1737.95
IFRX,InflaRx N.V.,1.91,7,4,2,4,3,0,5,25,-23.0,2.0,Broken,Avoid/exit,48,-7.3,-18.0,-6.1,43.7,1,,Healthcare,295322208.0,1663625.05
NGEN,NervGen Pharma Corp.,1.67,2,6,2,1,2,2,2,17,-15.0,2.0,Broken,Avoid/exit,9,-10.2,-20.1,-14.1,32.1,1,,Healthcare,202847984.0,277220.52
GNSS,Genasys Inc,1.69,3,6,1,4,2,4,3,23,-21.0,2.0,Broken,Avoid/exit,19,-8.2,-4.5,-3.5,44.9,1,,Technology,90173176.0,153821.69
MCRP,Micropolis Holding Company,1.22,0,8,3,0,2,0,2,15,-13.0,2.0,Broken,Avoid/exit,7,-18.7,-31.1,-24.0,27.5,1,,Technology,87221120.0,332950.83
DTI,Drilling Tools International Corp.,2.27,5,9,6,6,2,2,2,32,-30.0,2.0,Broken,Avoid/exit,17,8.6,11.8,1.0,47.1,3,,Energy,97686688.0,224060.59
MINE,Mayfair Gold Corp.,2.44,3,12,5,1,3,6,2,32,-28,2,Broken,Avoid/exit,20,3.8,13.0,0.4,48.2,4,,Basic Materials,198058560.0,58253.93
GEBHY,Genting Berhad,2.5,5,5,5,1,0,0,2,18,-16.0,2.0,Broken,Avoid/exit,9,-4.9,-3.5,-5.4,40.4,0,,Consumer Cyclical,2310345728.0,19967.57
HTCR,HeartCore Enterprises Inc,2.61,4,8,4,3,0,0,2,21,-19.0,2.0,Broken,Avoid/exit,49,-19.7,-17.7,-14.0,37.9,1,,Technology,4353526.0,60482.07
VZLA,Vizsla Resources Corp,3.07,0,4,4,0,0,2,2,12,-13.0,2.0,Broken,Avoid/exit,14,-2.8,-5.8,-5.1,42.4,1,,Basic Materials,1240476288.0,7354552.47
ELLRY,ElringKlinger AG,2.66,1,1,0,3,3,2,2,12,-10.0,2.0,Broken,Avoid/exit,31,0.0,-21.8,-12.0,9.5,1,,Consumer Cyclical,430847968.0,177.4
CLOV,Clover Health Investments Corp,4.4,11,4,0,3,3,2,2,25,-23.0,2.0,Broken,Avoid/exit,54,-6.0,-18.4,-7.3,43.9,2,,Healthcare,2101470464.0,6828926.4
CHYCY,Chiyoda Corp ADR,4.08,1,1,7,5,0,0,2,16,-10.0,2.0,Broken,Avoid/exit,19,-0.5,-8.3,-5.5,14.0,0,,Industrials,1153276160.0,86.23
SPCE,Virgin Galactic Holdings Inc,2.59,7,6,2,0,0,2,2,19,-17.0,2.0,Broken,Avoid/exit,22,-1.1,-6.8,-10.3,43.0,2,,Industrials,493013312.0,9388263.07
PLDIF,PLAIDInc,3.18,1,1,0,3,3,2,2,12,-10.0,2.0,Broken,Avoid/exit,7,0.0,-36.4,-18.9,0.0,0,,Technology,205378864.0,19.75
AINSF,Ainsworth Game Technology Limited,0.96,14,5,3,1,3,3,2,31,-30.0,1.0,Broken,Avoid/exit,46,-6.8,12.9,-0.5,50.2,3,,Consumer Cyclical,326690176.0,22176.04
SERKF,Serko Limited,0.806,1,7,0,1,0,2,2,13,-15.0,1.0,Broken,Avoid/exit,24,0.0,0.0,-11.5,44.9,1,,Technology,128520792.0,79.01
BBOE,Black Box Entertainment Ltd,0.61,1,1,1,1,3,2,2,11,-10.0,1.0,Broken,Avoid/exit,29,0.0,-39.0,-20.6,1.3,0,,Financial Services,13822455.0,335.31
ONCO,Onconetix Inc,0.792,1,8,6,0,7,2,2,26,-23.0,1.0,Broken,Avoid/exit,27,-19.6,-26.7,-15.7,40.9,0,,Healthcare,1215244.0,379468.93
MSS,Maison Solutions Inc,0.57,6,2,2,0,2,2,2,16,-15.0,1.0,Broken,Avoid/exit,18,-7.7,-19.3,-16.3,33.6,1,,Consumer Defensive,3566193.0,190550.25
APXCF,Apex Critical Metals Corp.,0.993,0,2,5,5,0,2,2,16,-15.0,1.0,Broken,Avoid/exit,10,-10.5,-5.4,-9.3,37.8,1,,Basic Materials,103626968.0,89925.82
FOFA,Family Office of America Inc.,0.9,3,2,2,0,5,2,2,16,-15.0,1.0,Broken,Avoid/exit,27,-18.2,-15.9,-15.7,29.9,1,,Healthcare,36422408.0,714.5
GXAI,Gaxos.ai Inc,1.08,2,5,7,0,2,2,2,20,-19.0,1.0,Broken,Avoid/exit,21,-4.4,-7.7,-5.5,36.0,1,,Communication Services,14307907.0,4695383.87
PTEAF,PTEAF,1.1,0,1,1,5,0,4,2,13,-8.0,1.0,Broken,Avoid/exit,0,-23.6,-23.6,-22.6,4.7,0,,Energy,nan,0.0
MGMNF,Magna Mining Inc,1.57,5,7,3,4,0,2,3,24,-23.0,1.0,Broken,Avoid/exit,25,-7.1,5.4,-2.5,47.5,1,,Basic Materials,423896480.0,133836.62
SHMDW,SCHMID Group N.V. Warrants,1.21,1,2,0,4,2,0,2,11,-10.0,1.0,Broken,Avoid/exit,13,-19.3,-28.8,-21.4,34.5,0,,nan,nan,106002.24
LINRF,Liontown Resources Limited,0.934,1,3,2,6,0,2,2,16,-15.0,1.0,Broken,Avoid/exit,16,-2.7,-22.8,-19.2,26.1,1,,Basic Materials,5118368768.0,14658.84
NUCLW,Eagle Nuclear Energy Corp. Warrants,0.906,0,3,0,0,2,4,2,11,-10.0,1.0,Broken,Avoid/exit,0,-25.1,-37.5,-29.4,25.2,0,,nan,nan,0.0
GGGOF,Galane Gold Ltd,1.47,2,6,5,0,0,0,2,15,-14.0,1.0,Broken,Avoid/exit,29,-6.4,-5.2,-8.0,40.2,0,,Basic Materials,128522448.0,115336.37
GOVX,GeoVax Labs Inc,0.87,0,7,3,0,0,2,2,14,-13.0,1.0,Broken,Avoid/exit,15,-25.6,-30.9,-28.0,30.2,1,,Healthcare,9326732.0,1599467.67
NRDE,Nu Ride Inc,1.7,4,6,1,3,2,2,2,20,-19.0,1.0,Broken,Avoid/exit,39,3.7,-11.0,-6.9,43.2,1,,Financial Services,28812370.0,17426.63
PTCHF,PureTech Health plc,1.597,1,3,6,1,0,3,2,16,-15.0,1.0,Broken,Avoid/exit,20,0.0,-6.1,-3.1,22.6,1,,Healthcare,453244672.0,5435.5
SIEB,Siebert Financial Corp,1.65,2,3,4,0,0,3,2,14,-13.0,1.0,Broken,Avoid/exit,19,-4.1,-2.9,-4.3,41.3,1,,Financial Services,80653648.0,34031.42
LX,Lexinfintech Holdings Ltd,1.52,1,5,0,0,3,0,2,11,-8.0,1.0,Broken,Avoid/exit,14,-13.1,-24.8,-14.4,28.0,0,,Financial Services,369125728.0,2328584.04
CHPGF,Chesapeake Gold Corp.,2.16,1,4,8,3,0,2,2,20,-19.0,1.0,Broken,Avoid/exit,20,-4.8,-8.1,-5.8,42.8,1,,Basic Materials,189138592.0,73414.39
AIRE,reAlpha Tech Corp. Common Stock,1.52,2,6,1,4,5,4,2,24,-23.0,1.0,Broken,Avoid/exit,33,-23.2,-23.0,-18.4,34.6,1,,Real Estate,12124337.0,458977.28
RZLV,Rezolve AI Limited Ordinary Shares,2.37,0,6,2,0,2,4,2,16,-15.0,1.0,Broken,Avoid/exit,34,-9.5,-23.1,-9.0,40.5,1,,Technology,1022992768.0,20376531.15
DFDV,DeFi Development Corp.,2.89,5,6,5,0,0,4,2,22,-21.0,1.0,Broken,Avoid/exit,20,-4.3,-9.7,-5.6,43.8,1,,Financial Services,90806392.0,1593137.56
DETRF,Deterra Royalties Limited,3.0,3,3,0,3,0,2,2,13,-8.0,1.0,Broken,Avoid/exit,27,0.3,-6.6,-6.2,42.4,0,,Basic Materials,1688966272.0,9054.78
VERU,Veru Inc,2.35,3,7,0,0,2,0,2,14,-13.0,1.0,Broken,Avoid/exit,23,-16.4,-25.6,-14.1,38.7,1,,Healthcare,54571088.0,634014.67
MTC,MMTEC Inc,2.48,6,8,4,0,2,2,2,24,-23.0,1.0,Broken,Avoid/exit,22,-0.4,-2.7,-10.1,38.2,1,,Technology,397355360.0,2815057.1
XFOR,X4 Pharmaceuticals Inc,3.83,3,3,1,3,4,0,2,16,-15.0,1.0,Broken,Avoid/exit,40,-3.3,-6.2,-5.3,44.4,1,,Healthcare,378222016.0,675697.18
QTI,"QT Imaging Holdings, Inc. Common Stock",3.5,2,5,4,3,0,0,2,16,-15.0,1.0,Broken,Avoid/exit,7,-5.7,-12.7,-9.0,29.6,1,,Healthcare,54691528.0,32596.09
DFSC,DEFSEC Technologies Inc.,1.95,6,6,1,1,0,2,2,18,-15.0,1.0,Broken,Avoid/exit,24,1.0,-16.7,-19.1,33.3,1,,Industrials,7595715.0,266695.01
BUR,Burford Capital Ltd,4.09,2,6,5,0,0,0,2,15,-14.0,1.0,Broken,Avoid/exit,17,-3.5,-1.7,-3.2,41.7,1,,Financial Services,974858368.0,2628322.54
SNTL,Spectacular Solar Inc,3.5,0,3,1,5,5,0,2,16,-15.0,1.0,Broken,Avoid/exit,18,-12.3,-7.9,-11.6,35.3,1,,Industrials,41828288.0,6919.43
