code,name,price,trend,momentum,volatility,volume,sr,pattern,sentiment,raw,adj,final,zone,action,weekly_raw,g5,g10,ext,rsi,dist_flags,mct,sector,mcap,avgvol
ORMP,Oramed Pharmaceuticals Inc,5.21,18,9,8,16,6,8,5,70,4.0,77.0,Strong,Enter w/ confidence,73,9.0,22.6,14.3,77.9,2,,Healthcare,151835760.0,174728.4
TIGR,Up Fintech Holding Ltd,5.465,16,13,8,16,6,12,5,76,0.0,76.0,Strong,Enter w/ confidence,36,14.3,15.1,10.7,66.6,2,,Financial Services,850615168.0,4341213.09
RCKT,Rocket Pharmaceuticals Inc,3.78,17,14,11,16,8,5,5,76,-2.0,74.0,Strong,Enter w/ confidence,57,13.2,8.0,8.3,60.9,1,,Healthcare,318845184.0,2987362.16
LUNA,Luna Innovations Incorporated,1.36,18,11,8,15,7,9,5,73,1.0,72.0,Strong,Enter w/ confidence,70,3.0,7.1,5.2,62.8,1,,Technology,52045528.0,47286.67
CGEN,Compugen,2.87,16,10,8,15,6,12,5,72,-1.0,72.0,Strong,Enter w/ confidence,57,20.6,19.6,15.9,70.6,2,,Healthcare,209977904.0,421153.81
ITAYY,Indo Tambangraya Megah Tbk PT ADR,2.89,15,11,12,8,6,11,5,68,1.0,72.0,Strong,Enter w/ confidence,49,1.8,9.1,3.7,68.4,1,,Energy,1376900352.0,1411.38
CAAS,China Automotive Systems Inc,5.34,19,8,5,15,6,10,5,68,-1.0,72.0,Strong,Enter w/ confidence,80,15.8,16.3,14.8,72.4,2,,Consumer Cyclical,134259616.0,36681.97
GUKYF,Gulf Keystone Petroleum Ltd,2.55,16,12,6,14,6,11,5,70,1.0,71.0,Strong,Enter w/ confidence,52,4.5,5.2,5.3,63.0,0,,Energy,543608448.0,0.0
BDN,Brandywine Realty Trust,3.28,17,14,6,12,4,9,5,67,3.0,70.0,Strong,Enter w/ confidence,58,10.1,5.8,5.4,60.9,2,,Real Estate,541980928.0,3005449.97
QLMHIX,Legg Mason Partners Variable Income Trust - Western Asset Core Plus VIT Portfolio,4.67,17,12,12,8,4,7,3,63,2.0,70.0,Strong,🔥 COILED: Enter w/ confidence,43,0.6,0.6,0.5,57.6,0,,nan,nan,0.0
TXMD,TherapeuticsMD Inc,2.28,18,9,9,15,6,3,5,65,-1.0,69.0,Moderate,Enter w/ caution,77,13.4,10.1,9.9,74.2,2,,Healthcare,23148724.0,105907.79
RZLV,Rezolve AI Limited Ordinary Shares,2.96,16,13,10,18,4,5,5,71,-7.0,69.0,Moderate,Enter w/ caution,56,20.8,6.5,14.8,65.6,1,,Technology,1022992768.0,20376531.15
AGXKF,Anglo Asian Mining PLC,5.45,15,11,14,14,6,7,4,71,-2.0,69.0,Moderate,Enter w/ caution,61,6.9,6.9,6.1,67.8,1,,Basic Materials,537407488.0,1502.5
ECRAF,Ecora Resources PLC,2.4,18,7,7,14,7,11,5,69,1.0,68.0,Moderate,Enter w/ caution,69,13.7,5.7,11.2,68.7,0,,Basic Materials,471467104.0,43958.01
CRON,Cronos Group Inc,3.51,18,7,7,16,6,9,5,68,0.0,68.0,Moderate,Enter w/ caution,71,9.3,14.0,11.8,76.0,2,,Healthcare,1046253696.0,1988482.88
RXRX,Recursion Pharmaceuticals Inc,3.56,17,14,7,15,4,7,5,69,-1.0,68.0,Moderate,Enter w/ caution,44,15.2,6.3,8.3,58.1,1,,Healthcare,2016896384.0,26007332.71
NIABY,NIBE Industrier AB (publ),4.452,17,8,9,11,6,10,5,66,-3.0,68.0,Moderate,Enter w/ caution,58,7.8,5.9,9.3,72.4,0,,Industrials,7902980608.0,631.46
OIBNX,Oppenheimer International Bond R,4.63,16,10,12,9,4,7,3,61,2.0,68.0,Moderate,🔥 COILED: Enter w/ caution,45,1.3,0.7,0.6,57.5,0,,nan,0.0,0.0
OIBYX,Oppenheimer International Bond Y,4.64,16,10,12,9,4,7,3,61,2.0,68.0,Moderate,🔥 COILED: Enter w/ caution,43,1.3,0.7,0.7,58.0,0,,nan,0.0,0.0
OIBAX,Oppenheimer International Bond A,4.64,16,10,12,9,4,7,3,61,2.0,68.0,Moderate,🔥 COILED: Enter w/ caution,45,1.3,0.7,0.6,57.3,0,,nan,0.0,0.0
INBQX,AIM Investment Funds Invesco Investment Funds Invesco Oppenheimer Intl Bd Fd Cl R5,4.65,16,10,12,9,4,7,3,61,2.0,68.0,Moderate,🔥 COILED: Enter w/ caution,45,1.3,0.6,0.7,58.2,0,,nan,nan,0.0
WFRSF,West African Resources Limited,2.52,16,11,7,14,4,9,5,66,-3.8,67.2,Moderate,Enter w/ caution,60,26.0,24.8,24.8,67.8,2,,Basic Materials,2491762432.0,6572.28
TII,Titan Mining Corporation,2.93,16,8,8,15,6,8,5,66,1.0,67.0,Moderate,Enter w/ caution,57,21.1,22.6,16.4,66.5,2,,Basic Materials,226062640.0,358395.63
OSIIX,Oppenheimer Global Strtgc Incm Fd Cl I,3.14,14,12,12,9,4,7,3,61,1.0,67.0,Moderate,🔥 COILED: Enter w/ caution,38,1.0,0.6,0.7,61.1,0,,nan,0.0,0.0
OPSIX,Oppenheimer Strat Income Fund,3.15,14,10,13,9,4,7,3,60,2.0,67.0,Moderate,🔥 COILED: Enter w/ caution,38,1.0,0.6,0.6,59.5,0,,nan,0.0,0.0
OFS,OFS Capital Corp,3.65,10,13,7,16,4,3,5,58,4.0,67.0,Moderate,🔥 COILED: Enter w/ caution,36,2.2,0.6,1.8,54.4,1,,Financial Services,45553468.0,86188.6
KFFB,Kentucky First Federal Bancorp,5.83,16,8,14,16,6,12,5,77,-11.0,67.0,Moderate,Enter w/ caution,66,6.8,5.3,5.9,72.8,0,,Financial Services,35662416.0,7808.57
MAIA,MAIA Biotechnology Inc.,1.41,11,15,7,16,4,5,5,63,-3.0,66.0,Moderate,Enter w/ caution,49,2.9,2.2,2.9,55.6,1,,Healthcare,86945080.0,810109.99
CRBU,Caribou Biosciences Inc,1.76,14,14,11,16,3,5,5,68,-2.0,66.0,Moderate,Enter w/ caution,29,12.8,4.1,7.5,60.1,1,,Healthcare,198857072.0,1609609.3
ALT,Altimmune Inc,3.2,17,14,11,14,6,7,5,74,-6.0,66.0,Moderate,Enter w/ caution,52,7.7,6.7,6.0,60.0,1,,Healthcare,527024992.0,3809475.67
OSICX,Oppenheimer Strategic Income Fund C,3.14,14,10,12,9,4,7,3,59,2.0,66.0,Moderate,🔥 COILED: Enter w/ caution,38,1.0,0.6,0.6,57.8,0,,nan,0.0,0.0
OSIYX,Oppenheimer Strategic Income Fund Cl Y,3.14,14,10,12,9,4,7,3,59,2.0,66.0,Moderate,🔥 COILED: Enter w/ caution,37,1.0,0.6,0.4,55.9,0,,nan,0.0,0.0
OSINX,Oppenheimer Strat Incm N,3.15,14,10,12,9,4,7,3,59,2.0,66.0,Moderate,🔥 COILED: Enter w/ caution,38,1.0,0.6,0.6,57.7,0,,nan,0.0,0.0
GLSSX,Invesco Global Strategic Income Fund Class R5,3.15,14,10,12,9,4,7,3,59,2.0,66.0,Moderate,🔥 COILED: Enter w/ caution,38,1.0,0.6,0.5,55.6,0,,nan,nan,0.0
GRBMF,Grupo Bimbo S.A.B. De C.V.,3.53,17,9,11,8,6,8,3,62,1.0,66.0,Moderate,Enter w/ caution,58,2.6,-4.1,2.0,61.0,0,,Consumer Defensive,14461111296.0,0.0
IVFAX,FEDERATED INTERNATIONAL STRATEGIC VALUE DIVIDEND FUND CLASS A SHARES,5.03,18,10,13,9,6,7,2,65,-4.0,66.0,Moderate,🔥 COILED: Enter w/ caution,56,1.4,1.4,1.0,61.5,0,,nan,0.0,0.0
UNLRY,Unilever Indonesia Tbk PT ADR,2.04,15,7,11,9,6,8,2,58,2.0,65.0,Moderate,🔥 COILED: Enter w/ caution,49,6.2,6.2,2.2,59.6,0,,Consumer Defensive,3814257920.0,0.0
AHT,Ashford Hospitality Trust Inc,3.345,17,12,5,15,7,11,4,71,-4.0,65.0,Moderate,Enter w/ caution,51,2.6,6.9,2.8,63.9,1,,Real Estate,20374758.0,82655.6
WGXRF,Westgold Resources Limited,4.751,16,5,7,16,6,9,5,64,-2.0,65.0,Moderate,Enter w/ caution,61,17.0,15.9,16.1,77.1,2,,Basic Materials,3458655232.0,99150.34
GPIOX,GRANDEUR PEAK INTERNATIONAL OPPORTUNITIES FUND GRANDEUR PEAK INTERNATIONAL OPPORTUNITIES FUND INVESTOR CLASS,3.68,14,14,7,9,6,6,5,61,1.0,65.0,Moderate,Enter w/ caution,66,1.1,0.5,1.4,61.4,0,,nan,0.0,0.0
GPIIX,GRANDEUR PEAK INTERNATIONAL OPPORTUNITIES FUND GRANDEUR PEAK INTERNATIONAL OPPORTUNITIES FUND INSTITUTIONAL CLASS,3.72,14,14,7,9,6,6,5,61,1.0,65.0,Moderate,Enter w/ caution,66,1.1,0.5,1.4,61.0,0,,nan,0.0,0.0
WAFMX,WASATCH FRONTIER EMERGING SMALL COUNTRIES FUND INVESTOR CLASS SHARES,3.78,15,14,7,9,4,7,4,60,2.0,65.0,Moderate,Enter w/ caution,61,1.6,0.5,1.1,57.3,0,,nan,0.0,0.0
MNGPF,Man Group plc,4.06,16,6,11,12,6,6,5,62,-2.0,65.0,Moderate,🔥 COILED: Enter w/ caution,56,0.0,0.0,1.6,62.3,0,,Financial Services,4358557696.0,0.0
LALDX,LORD ABBETT SHORT DURATION INCOME FUND CLASS A,3.84,13,12,12,8,4,7,2,58,2.0,65.0,Moderate,🔥 COILED: Enter w/ caution,38,0.3,0.3,0.2,57.9,0,,nan,0.0,0.0
OMSE,OMS Energy Technologies Inc.,4.5,16,14,7,14,5,2,5,63,2.0,65.0,Moderate,Enter w/ caution,38,1.7,0.0,2.4,57.5,0,,Energy,198659920.0,49380.73
IVFCX,FEDERATED INTERNATIONAL STRATEGIC VALUE DIVIDEND FUND CLASS C SHARES,4.97,18,9,13,9,6,7,2,64,-4.0,65.0,Moderate,🔥 COILED: Enter w/ caution,54,1.4,1.6,1.1,62.6,0,,nan,0.0,0.0
LVITX,Western Asset Core Plus VIT Portfolio CL,4.67,13,12,11,8,4,7,3,58,2.0,65.0,Moderate,🔥 COILED: Enter w/ caution,41,0.6,0.6,0.4,56.6,0,,Other,0.0,0.0
EMDAX,PRUDENTIAL EMERGING MARKETS DEBT LOCAL CURRENCY FUND CLASS A,4.95,14,10,10,9,6,7,3,59,1.0,65.0,Moderate,🔥 COILED: Enter w/ caution,54,1.0,0.8,0.8,65.2,0,,nan,0.0,0.0
MCHX,Marchex Inc,1.805,12,15,9,10,6,4,3,59,-1.0,64.0,Moderate,🔥 COILED: Enter w/ caution,57,0.8,3.7,1.2,53.5,1,,Communication Services,69112368.0,22664.83
DOUG,Douglas Elliman Inc,1.95,14,12,5,14,9,3,5,62,2.0,64.0,Moderate,Enter w/ caution,49,3.7,-3.5,2.7,57.0,0,,Real Estate,160449232.0,541452.64
FGROY,FirstGroup PLC ADR,2.44,16,5,13,8,4,8,5,59,0.0,64.0,Moderate,🔥 COILED: Enter w/ caution,42,0.0,6.6,2.9,70.7,0,,Industrials,1118846592.0,0.0
CTRM,Castor Maritime Inc,2.5,18,8,7,16,6,7,5,67,-3.0,64.0,Moderate,Enter w/ caution,61,8.2,21.4,11.6,70.8,2,,Industrials,21740296.0,57554.58
CTW,CTW Cayman Class A Ordinary Shares,2.85,16,12,5,14,7,6,5,65,1.0,64.0,Moderate,Enter w/ caution,76,4.0,10.0,8.6,63.6,2,,Communication Services,143520000.0,98477.86
SANA,Sana Biotechnology Inc,4.1,16,12,6,15,6,6,5,66,-2.0,64.0,Moderate,Enter w/ caution,60,12.9,8.2,11.6,62.0,2,,Healthcare,823743104.0,3925021.45
DAVA,Endava Ltd,3.25,12,14,13,15,4,7,5,70,-4.0,64.0,Moderate,Enter w/ caution,33,8.3,7.6,6.5,61.1,1,,Technology,152187024.0,797885.27
ACOPY,The A2 Milk Company Ltd,4.945,11,9,7,16,9,3,4,59,2.0,64.0,Moderate,Enter w/ caution,46,4.1,3.7,2.6,58.9,0,,Consumer Defensive,2771128064.0,808.3
ERHIX,Eaton Vance High Income Opportunities Fund,4.23,15,12,8,8,4,7,3,57,2.0,64.0,Moderate,🔥 COILED: Enter w/ caution,45,0.2,0.2,0.3,59.6,0,,nan,nan,0.0
XRCSX,PIMCO Strategic Income Fund Inc,4.6,14,13,8,8,4,7,3,57,2.0,64.0,Moderate,🔥 COILED: Enter w/ caution,47,0.7,0.2,0.4,56.8,0,,Other,0.0,0.0
JAEMX,John Hancock Variable Insurance Trust - High Yield Trust,4.81,18,10,7,9,6,7,3,60,1.0,64.0,Moderate,Enter w/ caution,60,0.4,0.4,0.4,63.0,0,,nan,nan,0.0
IVFIX,FEDERATED INTERNATIONAL STRATEGIC VALUE DIVIDEND FUND INSTITUTIONAL SHARES,5.04,18,9,12,9,6,7,2,63,-4.0,64.0,Moderate,🔥 COILED: Enter w/ caution,55,1.2,1.4,1.0,62.3,0,,nan,0.0,0.0
IVFLX,FEDERATED INTERNATIONAL STRATEGIC VALUE DIVIDEND FUND CLASS R6 SHARES,5.03,18,9,12,9,6,7,2,63,-4.0,64.0,Moderate,🔥 COILED: Enter w/ caution,55,1.2,1.4,1.0,62.1,0,,nan,0.0,0.0
WHGOF,White Gold Corp,1.62,16,11,8,15,6,11,5,72,-7.0,63.0,Moderate,Enter w/ caution,66,20.3,3.5,15.4,69.3,1,,Basic Materials,336753248.0,128685.91
GLBXF,Globex Mining Enterprises Inc,1.51,15,11,7,15,7,7,5,67,-2.0,63.0,Moderate,Enter w/ caution,52,5.6,11.9,7.0,68.1,2,,Basic Materials,82048088.0,41628.89
BULLW,Webull Corporation Warrants,3.24,18,13,6,15,6,5,5,68,-5.0,63.0,Moderate,Enter w/ caution,62,12.5,22.3,14.9,65.1,2,,nan,nan,17366.61
WAIOX,WASATCH INTERNATIONAL OPPORTUNITIES FUND INVESTOR CLASS SHARES,1.97,15,12,8,9,6,9,4,63,-3.0,63.0,Moderate,Enter w/ caution,51,2.6,1.5,1.6,59.9,0,,nan,0.0,0.0
PSEC,Prospect Capital Corporation,2.35,14,10,6,14,5,8,4,61,2.0,63.0,Moderate,Enter w/ caution,38,4.4,3.1,3.4,58.1,1,,Financial Services,1142297472.0,4463316.16
VFF,Village Farms International Inc,2.88,16,8,7,14,6,7,5,63,2.0,63.0,Moderate,Enter w/ caution,52,13.4,18.5,18.4,78.8,2,,Consumer Defensive,282293056.0,1925464.85
BTGOF,BT Group plc,2.8,16,12,6,12,4,7,5,62,1.0,63.0,Moderate,Enter w/ caution,57,3.7,4.9,4.6,60.2,0,,Communication Services,26592358400.0,16959.32
REDLF,Red 5 Limited,4.907,16,6,7,16,7,9,5,66,-3.0,63.0,Moderate,Enter w/ caution,69,12.0,16.4,18.8,74.7,2,,Basic Materials,3310610944.0,5557.49
OCCI,OFS Credit Company Inc,2.61,13,8,8,14,5,5,5,58,2.0,63.0,Moderate,Enter w/ caution,27,4.4,6.1,2.9,56.1,1,,Financial Services,94681680.0,320869.39
DETRF,Deterra Royalties Limited,3.333,19,11,4,12,4,7,4,61,4.0,63.0,Moderate,Enter w/ caution,53,8.0,5.5,5.6,58.5,0,,Basic Materials,1688966272.0,9054.78
CXE,MFS High Income Municipal Closed Fund,4.1,18,11,4,15,6,7,5,66,-3.0,63.0,Moderate,Enter w/ caution,70,12.3,13.3,10.3,78.4,2,,Financial Services,115857208.0,89379.64
WAINX,WASATCH EMERGING INDIA FUND INVESTOR CLASS SHARES,4.33,16,11,12,9,6,9,4,67,-9.0,63.0,Moderate,🔥 COILED: Enter w/ caution,45,1.2,1.6,1.8,66.5,0,,nan,0.0,0.0
WIINX,WASATCH EMERGING INDIA FUND INSTITUTIONAL CLASS SHARES,4.45,16,11,12,9,6,9,4,67,-9.0,63.0,Moderate,🔥 COILED: Enter w/ caution,46,1.4,1.8,1.9,66.4,0,,nan,0.0,0.0
CRCT,Cricut Inc,5.87,14,11,4,15,6,7,5,62,3.0,63.0,Moderate,Enter w/ caution,65,7.1,-1.7,7.6,65.4,1,,Technology,866881408.0,582560.28
NEWP,New Pacific Metals Corp,7.07,19,9,8,15,6,7,5,69,-6.0,63.0,Moderate,Enter w/ caution,64,7.9,8.6,14.3,72.9,2,,Basic Materials,784696128.0,948094.82
ARREF,Amerigo Resources Ltd.,6.29,18,11,6,15,6,11,5,72,-7.0,63.0,Moderate,Enter w/ caution,70,18.0,9.4,13.3,68.4,1,,Basic Materials,808984448.0,170541.67
OIBCX,Oppenheimer International Bond C,4.63,16,10,12,9,4,7,3,61,-3.0,63.0,Moderate,🔥 COILED: Enter w/ caution,45,1.5,0.7,0.7,58.2,0,,nan,0.0,0.0
HOSGX,SHORT-TERM GOVERNMENT SECURITIES FUND SHORT-TERM GOVERNMENT SECURITIES FUND,4.99,12,12,11,8,4,7,2,56,2.0,63.0,Moderate,🔥 COILED: Enter w/ caution,38,0.2,0.2,0.2,56.2,0,,nan,0.0,0.0
AGMH,AGM Group Holdings Inc Class A,1.08,13,12,6,12,4,5,5,57,2.0,62.0,Moderate,🔥 COILED: Enter w/ caution,41,13.1,-0.9,6.2,55.8,0,,Technology,2689749.0,1305591.58
ENGN,enGene Holdings Inc. Common Stock,1.87,13,14,11,10,6,3,4,61,-3.0,62.0,Moderate,Enter w/ caution,30,8.7,2.7,4.6,55.4,2,,Healthcare,109862720.0,1018521.02
LLESY,Lend Lease Group,2.24,17,5,7,12,6,9,5,61,1.0,62.0,Moderate,Enter w/ caution,44,6.7,-0.4,6.3,64.4,1,,Real Estate,1291966592.0,0.0
WIIOX,WASATCH INTERNATIONAL OPPORTUNITIES FUND INSTITUTIONAL CLASS SHARES,2.04,15,12,8,9,6,9,4,63,-4.0,62.0,Moderate,Enter w/ caution,50,2.5,1.5,1.5,60.0,0,,nan,0.0,0.0
AUTLF,Austal Limited,3.15,14,9,7,13,7,11,5,66,-4.0,62.0,Moderate,Enter w/ caution,37,7.9,1.9,8.8,62.7,0,,Industrials,1160638080.0,7302.26
PPT,Putnam Premier Income Trust,3.47,11,16,4,11,4,7,3,56,3.0,62.0,Moderate,Enter w/ caution,40,0.6,0.0,0.8,60.7,0,,Financial Services,328274496.0,189450.38
CRMLW,Critical Metals Corp. Warrants,3.205,13,12,6,13,4,7,5,60,1.0,62.0,Moderate,Enter w/ caution,29,21.9,17.8,20.9,60.9,2,,nan,nan,155257.92
YEXT,Yext Inc,6.58,16,7,6,16,7,8,5,65,-3.0,62.0,Moderate,Enter w/ caution,64,9.5,15.2,10.7,73.0,2,,Technology,389965152.0,1819756.14
APIMX,API SHORT TERM BOND FUND CLASS A SHARES,3.88,12,10,12,8,4,7,2,55,2.0,62.0,Moderate,🔥 COILED: Enter w/ caution,31,0.3,0.5,0.2,55.7,0,,nan,0.0,0.0
AEC,Anfield Energy Inc.,4.76,15,12,11,15,8,7,5,73,-9.0,62.0,Moderate,Enter w/ caution,45,12.3,4.8,8.6,58.4,1,,Energy,83650888.0,95918.95
HSLV,Highlander Silver Corp.,5.56,16,12,8,10,6,12,5,69,-7.0,62.0,Moderate,Enter w/ caution,39,9.0,4.1,9.0,64.5,1,,Basic Materials,1000843264.0,0.0
OIBIX,Oppenheimer Int'l Bd Fd Cl I,4.63,16,10,11,9,4,7,3,60,-3.0,62.0,Moderate,🔥 COILED: Enter w/ caution,45,1.3,0.7,0.6,56.5,0,,nan,0.0,0.0
PSTCX,VIRTUS MULTI-SECTOR SHORT TERM BOND FUND CLASS C,4.62,10,10,11,8,4,7,2,52,2.0,62.0,Moderate,🔥 COILED: Enter w/ caution,35,0.2,0.2,0.1,54.5,0,,nan,0.0,0.0
USAS,Americas Silver Corp,5.62,17,9,8,14,4,7,5,64,-2.0,62.0,Moderate,Enter w/ caution,60,13.5,9.3,12.4,65.3,2,,Basic Materials,1608513152.0,4931745.6
PAELX,T. ROWE PRICE EMERGING MARKETS LOCAL CURRENCY BOND FUND T. ROWE PRICE EMERGING MARKETS LOCAL CURRENCY BOND FUND ADVISOR CLASS,5.05,15,8,10,9,4,7,3,56,1.0,62.0,Moderate,🔥 COILED: Enter w/ caution,52,1.0,0.8,0.7,69.8,0,,nan,0.0,0.0
VRHI,VRHI,2.346,12,7,9,15,6,6,5,60,-2.0,61.0,Moderate,Enter w/ caution,66,0.0,0.0,4.2,67.7,0,,Healthcare,20000004.0,486.34
UBSFY,UbiSoft Entertainment Inc,1.24,16,9,7,15,4,7,3,61,-1.0,61.0,Moderate,🔥 COILED: Enter w/ caution,56,0.8,5.1,3.0,54.6,1,,Communication Services,747698944.0,191873.9
ATDRY,Auto Trader Group PLC ADR,1.81,14,12,13,10,6,9,4,68,-7.0,61.0,Moderate,Enter w/ caution,56,4.3,1.4,4.3,61.3,1,,Communication Services,4897204736.0,1047595.74
WIMI,WiMi Hologram Cloud Inc,1.4,14,9,8,11,5,4,5,56,2.0,61.0,Moderate,Enter w/ caution,29,10.2,5.3,5.0,57.2,0,,Communication Services,30703040.0,282400.13
HKD,AMTD Digital Inc.,1.71,16,12,7,14,4,0,5,58,2.0,61.0,Moderate,Enter w/ caution,44,3.0,5.6,2.0,54.9,0,,Technology,559417280.0,2176901.29
PALI,Palisade Bio Inc,2.07,12,13,9,14,9,2,3,62,-1.0,61.0,Moderate,Enter w/ caution,55,1.5,-3.3,0.5,51.2,0,,Healthcare,335394752.0,5322832.89
ALLO,Allogene Therapeutics Inc,2.17,16,14,8,14,4,3,5,64,-3.0,61.0,Moderate,Enter w/ caution,58,6.9,2.4,6.6,57.9,1,,Healthcare,704115264.0,5714159.31
PRT,PermRock Royalty Trust,2.22,9,14,9,12,6,4,4,58,0.0,61.0,Moderate,Enter w/ caution,28,1.4,0.9,0.3,50.3,1,,Energy,25426378.0,53898.22
HTT,High Templar Tech Limited Sponsored ADR Class A,2.57,8,12,11,13,3,3,4,54,4.0,61.0,Moderate,Enter w/ caution,32,3.2,2.8,2.0,54.4,0,,Financial Services,462744832.0,261939.97
CLAR,Clarus Corp,3.8,18,6,6,10,7,7,5,59,1.0,61.0,Moderate,Enter w/ caution,65,5.0,-0.3,5.4,63.2,1,,Consumer Cyclical,110327064.0,176941.95
ABAT,American Battery Technology Company Common Stock,2.59,10,14,7,13,3,5,5,57,-1.0,61.0,Moderate,🔥 COILED: Enter w/ caution,31,10.2,-2.6,5.7,54.6,1,,Industrials,493820160.0,7644027.98
ELKEF,Elkem ASA,3.4,12,9,10,10,4,4,2,51,2.0,61.0,Moderate,🔥 COILED: Enter w/ caution,44,0.0,0.0,0.0,53.6,0,,Basic Materials,1198290688.0,74.36
IRWD,Ironwood Pharmaceuticals Inc,4.39,13,12,10,9,6,4,5,59,4.0,61.0,Moderate,Enter w/ caution,75,1.9,2.1,4.4,55.4,0,,Healthcare,533347456.0,2893320.39
EEIAX,EATON VANCE EMERGING MARKETS LOCAL INCOME FUND,3.61,14,8,10,9,6,7,3,57,1.0,61.0,Moderate,Enter w/ caution,62,1.1,1.1,0.9,67.8,0,,nan,0.0,0.0
EEICX,EATON VANCE EMERGING MARKETS LOCAL INCOME FUND EATON VANCE EMERGING MARKETS LOCAL INCOME FUND CLASS C,3.65,14,8,10,9,6,7,3,57,1.0,61.0,Moderate,Enter w/ caution,62,1.1,1.1,0.9,66.1,0,,nan,0.0,0.0
WIFMX,WASATCH FRONTIER EMERGING SMALL COUNTRIES FUND INSTITUTIONAL CLASS SHARES,3.86,13,12,7,9,4,7,4,56,2.0,61.0,Moderate,Enter w/ caution,60,1.6,0.3,1.0,57.0,0,,nan,0.0,0.0
APIBX,API SHORT TERM BOND FUND INSTITUTIONAL CLASS,4.18,10,12,11,8,4,7,2,54,2.0,61.0,Moderate,🔥 COILED: Enter w/ caution,31,0.2,0.2,0.2,54.3,0,,nan,0.0,0.0
RZLT,Rezolute Inc,5.01,17,14,10,10,7,3,3,64,-3.0,61.0,Moderate,Enter w/ caution,45,7.5,8.4,4.4,57.6,2,,Healthcare,434278432.0,3447926.78
PRELX,T. ROWE PRICE EMERGING MARKETS LOCAL CURRENCY BOND FUND T. ROWE PRICE EMERGING MARKETS LOCAL CURRENCY BOND FUND,5.09,14,8,10,9,4,7,3,55,1.0,61.0,Moderate,🔥 COILED: Enter w/ caution,51,1.0,0.8,0.8,66.5,0,,nan,0.0,0.0
TEIMX,T. ROWE PRICE EMERGING MARKETS LOCAL CURRENCY BOND FUND T. ROWE PRICE EMERGING MARKETS LOCAL CURRENCY BOND FUND-I CLASS,5.09,14,8,10,9,4,7,3,55,1.0,61.0,Moderate,🔥 COILED: Enter w/ caution,52,1.0,0.8,0.7,68.3,0,,nan,0.0,0.0
FUTG,Leverage Shares 2x Long FUTU Daily ETF,5.34,15,10,7,16,6,12,5,71,-11.2,60.8,Moderate,Enter w/ caution,33,30.9,39.1,25.7,65.5,2,,nan,nan,0.0
GROY-WT,Gold Royalty Corp,1.51,16,8,7,15,6,11,5,68,-6.0,60.0,Moderate,Enter w/ caution,52,23.8,31.3,24.9,74.0,2,,nan,nan,46491.35
GEVO,Gevo Inc,1.69,12,14,10,10,4,6,5,61,-1.0,60.0,Moderate,Enter w/ caution,43,10.5,3.7,7.6,58.0,1,,Basic Materials,430838048.0,4095004.09
MKGSF,MKGSF,2.25,19,8,5,11,7,3,5,58,2.0,60.0,Moderate,Enter w/ caution,0,11.9,8.2,4.7,53.2,1,,nan,nan,0.0
FHRRX,FRANKLIN HIGH INCOME FUND CLASS R6,1.75,15,11,6,8,4,7,3,54,1.0,60.0,Moderate,🔥 COILED: Enter w/ caution,48,0.6,0.6,0.6,65.6,0,,nan,0.0,0.0
CIBEY,Commercial International Bank,2.68,10,13,10,11,6,8,3,61,-1.0,60.0,Moderate,Enter w/ caution,44,2.3,0.4,1.8,57.6,1,,Financial Services,8050238464.0,13047.64
BNDSF,Banco de Sabadell S.A,4.29,17,10,6,14,6,9,5,67,-5.0,60.0,Moderate,Enter w/ caution,70,15.6,22.6,14.7,66.2,2,,Financial Services,16877633536.0,0.0
TQPYX,Touchstone Strategic Income Opportunities Fund,3.24,12,10,10,8,4,7,2,53,2.0,60.0,Moderate,🔥 COILED: Enter w/ caution,33,0.6,0.6,0.4,55.7,0,,nan,nan,0.0
CILJF,China Life Insurance Co Ltd,3.75,12,12,12,14,4,2,4,60,-3.0,60.0,Moderate,Enter w/ caution,52,8.4,6.7,4.7,58.0,1,,Financial Services,98926460928.0,13825.89
WTLLF,Water Intelligence plc,4.61,17,12,5,12,6,6,5,63,1.0,60.0,Moderate,Enter w/ caution,62,2.4,-0.4,9.2,65.0,0,,Industrials,58932432.0,1754.08
AHIYX,INVESCO HIGH YIELD FUND CLASS R5,3.51,12,10,6,8,4,7,3,50,2.0,60.0,Moderate,🔥 COILED: Enter w/ caution,36,0.3,0.3,0.2,53.8,0,,nan,0.0,0.0
CPCCX,COMSTOCK CAPITAL VALUE FUND RETAIL CLASS C,4.22,16,10,5,9,6,7,3,56,1.0,60.0,Moderate,Enter w/ caution,62,0.2,0.7,0.4,64.4,0,,nan,0.0,0.0
ELCPF,EDP - Energias de Portugal S.A,5.37,17,12,6,9,7,7,5,63,-3.0,60.0,Moderate,Enter w/ caution,49,5.2,8.5,5.4,57.1,2,,Utilities,20090859520.0,0.0
FTCO,Fortitude Gold Corp,4.84,16,8,8,13,3,6,3,57,0.0,60.0,Moderate,Enter w/ caution,47,2.1,1.5,0.9,54.0,1,,Basic Materials,130781632.0,69766.88
HLDAX,THE HARTFORD EMERGING MARKETS LOCAL DEBT FUND CLASS A,5.06,15,9,7,9,6,7,3,56,1.0,60.0,Moderate,Enter w/ caution,64,1.2,1.2,1.0,69.9,0,,nan,0.0,0.0
HOSBX,SHORT-TERM BOND FUND SHORT-TERM BOND FUND,4.93,12,10,12,8,4,2,2,50,2.0,60.0,Moderate,🔥 COILED: Enter w/ caution,37,0.0,0.2,0.1,54.1,0,,nan,0.0,0.0
TRZFX,T. Rowe Price Emerging Markets Local Currency Bond Fund Z Class,5.08,14,9,10,9,4,5,3,54,1.0,60.0,Moderate,🔥 COILED: Enter w/ caution,49,1.0,0.8,0.7,65.7,0,,nan,nan,0.0
CCOHF,China State Construction International Holdings Limited,1.0,8,7,9,11,6,8,5,54,0.0,59.0,Moderate,🔥 COILED: Enter w/ caution,0,0.0,0.0,1.2,52.6,0,,Industrials,6866881024.0,0.0
LLDTF,Lloyds Banking Group plc,1.59,13,14,8,14,6,4,5,64,-8.0,59.0,Moderate,Enter w/ caution,54,-0.6,-0.6,3.5,55.0,0,,Financial Services,81572052992.0,0.0
BGAOY,Proximus NV ADR,1.4,14,12,11,10,3,4,3,57,2.0,59.0,Moderate,Enter w/ caution,36,2.2,2.2,1.3,57.6,0,,Communication Services,2439160064.0,0.0
CVPBF,CP ALL Public Company Limited,1.45,17,7,8,10,4,4,5,55,1.0,59.0,Moderate,Enter w/ caution,36,0.0,-1.7,1.2,61.5,0,,Consumer Defensive,14551009280.0,0.0
CIF,MFS Intermediate High Income Closed Fund,1.77,16,9,5,10,6,11,5,62,-3.0,59.0,Moderate,Enter w/ caution,57,9.3,9.9,8.7,76.8,1,,Financial Services,45563000.0,55151.02
BRR,"ProCap Financial, Inc.",2.25,13,13,5,16,6,5,5,63,-5.0,59.0,Moderate,Enter w/ caution,54,17.8,27.1,16.4,67.6,2,,Financial Services,174806896.0,868816.82
CNTB,Connect Biopharma Holdings Ltd,2.45,12,16,5,11,8,4,5,61,-3.0,59.0,Moderate,Enter w/ caution,61,0.8,9.4,5.5,56.9,2,,Healthcare,144816864.0,214778.32
SCTQ,Spectra Systems Corporation,2.24,17,6,6,14,6,2,4,55,1.0,59.0,Moderate,Enter w/ caution,51,0.0,0.0,1.4,65.8,0,,Technology,106003120.0,26.17
BLLQF,Bell Equipment Limited,2.35,15,7,11,7,4,5,2,51,0.0,59.0,Moderate,🔥 COILED: Enter w/ caution,44,0.0,0.0,0.1,52.1,0,,Industrials,247596608.0,92.0
FCISX,FRANKLIN INCOME FUND CLASS C,2.65,17,9,8,9,6,3,3,55,1.0,59.0,Moderate,Enter w/ caution,64,0.4,0.4,0.7,66.2,0,,nan,0.0,0.0
RAVE,Rave Restaurant Group Inc,3.12,8,14,9,9,8,3,3,54,4.0,59.0,Moderate,Enter w/ caution,53,2.3,0.6,0.2,49.5,1,,Consumer Cyclical,40787196.0,55528.21
RROTF,Roots Corporation,2.63,15,7,8,14,3,6,5,58,1.0,59.0,Moderate,Enter w/ caution,45,5.2,3.1,2.9,61.2,0,,Consumer Cyclical,126615544.0,418.39
MHIBX,MFS HIGH INCOME FUND B,3.09,13,10,7,8,4,7,3,52,2.0,59.0,Moderate,🔥 COILED: Enter w/ caution,41,0.3,0.3,0.2,58.4,0,,nan,0.0,0.0
EEIIX,EATON VANCE EMERGING MARKETS LOCAL INCOME FUND EATON VANCE EMERGING MARKETS LOCAL INCOME FUND CLASS I SHARES,3.61,14,8,8,9,6,7,3,55,1.0,59.0,Moderate,Enter w/ caution,62,1.1,1.4,1.0,66.6,0,,nan,0.0,0.0
KSKGF,Kingsgate Consolidated Limited,3.98,14,11,7,14,4,3,5,58,1.0,59.0,Moderate,Enter w/ caution,52,8.7,22.1,14.1,69.7,2,,Basic Materials,1105297664.0,0.0
HAYPY,Hays PLC ADR,4.5,13,7,11,10,6,2,2,51,0.0,59.0,Moderate,🔥 COILED: Enter w/ caution,26,0.0,0.0,0.0,54.8,1,,Industrials,622016704.0,0.0
CYRBY,Cyrela Brazil Realty SA,5.0,18,13,7,11,4,3,5,61,0.0,59.0,Moderate,Enter w/ caution,44,22.5,8.9,13.2,61.2,2,,Consumer Cyclical,1476377856.0,11084.08
ALGS,Aligos Therapeutics Inc,7.47,14,11,7,13,6,7,5,63,-2.0,59.0,Moderate,Enter w/ caution,45,10.5,2.6,17.6,65.4,1,,Healthcare,33045112.0,116212.25
HLDIX,THE HARTFORD EMERGING MARKETS LOCAL DEBT FUND CLASS I,5.0,15,8,7,9,6,7,3,55,1.0,59.0,Moderate,Enter w/ caution,63,1.2,1.2,0.9,69.6,0,,nan,0.0,0.0
HLDSX,THE HARTFORD EMERGING MARKETS LOCAL DEBT FUND CLASS R4,5.03,14,9,7,9,6,7,3,55,1.0,59.0,Moderate,Enter w/ caution,64,1.2,1.2,1.0,67.1,0,,nan,0.0,0.0
HLDFX,THE HARTFORD EMERGING MARKETS LOCAL DEBT FUND CLASS F,5.0,15,8,7,9,6,7,3,55,1.0,59.0,Moderate,Enter w/ caution,60,1.2,1.2,0.9,69.6,0,,nan,0.0,0.0
LRVTF,LRVTF,1.0,16,13,6,10,4,6,5,60,-2.0,58.0,Moderate,Enter w/ caution,0,18.3,9.0,12.8,61.1,2,,nan,nan,0.0
PSRHF,PSRHF,1.08,12,14,12,13,4,2,5,62,-5.0,58.0,Moderate,Enter w/ caution,40,9.4,8.8,6.7,61.1,2,,Basic Materials,209219040.0,679335.74
OMZNF,Osisko Metals Incorporated,1.29,14,13,5,14,8,4,5,63,-3.0,58.0,Moderate,Enter w/ caution,52,3.2,1.6,3.2,55.5,1,,Basic Materials,988627776.0,113344.76
PFHO,Pacific Health Care Organization Inc,1.0,12,7,7,15,4,7,5,57,1.0,58.0,Moderate,Enter w/ caution,35,1.0,11.1,5.9,60.3,2,,Healthcare,14336000.0,0.0
CPHGF,CPHGF,1.8,15,6,11,8,6,2,2,50,0.0,58.0,Moderate,🔥 COILED: Enter w/ caution,52,0.0,0.0,0.6,50.0,0,,Healthcare,1387795328.0,205.0
FCHIX,FRANKLIN HIGH INCOME FUND CLASS C,1.8,14,9,8,8,4,7,3,53,0.0,58.0,Moderate,🔥 COILED: Enter w/ caution,45,0.6,0.6,0.6,75.8,0,,nan,0.0,0.0
TUYA,Tuya Inc ADR,1.79,7,10,9,14,4,4,5,53,4.0,58,Moderate,🔥 COILED: Enter w/ caution,24,0.6,0.0,0.7,51.1,0,,Technology,1232352384.0,1373194.97
BEEP,Mobile Infrastructure Corporation,2.91,17,7,6,14,7,9,5,65,-5.0,58.0,Moderate,Enter w/ caution,51,13.7,5.1,18.1,73.1,1,,Industrials,92683040.0,56931.05
GLBS,Globus Maritime Ltd,3.825,18,6,6,15,7,8,5,65,-7.0,58.0,Moderate,Enter w/ caution,66,6.8,3.9,10.0,66.3,1,,Industrials,45754472.0,118808.53
KRYXF,Koryx Copper Inc.,2.65,18,11,7,14,4,3,5,62,-4.0,58.0,Moderate,Enter w/ caution,59,8.6,9.1,9.3,66.4,2,,Basic Materials,288461056.0,21037.52
ADTGUX,ADTGUX,2.358,8,12,12,8,4,4,3,51,2.0,58.0,Moderate,🔥 COILED: Enter w/ caution,34,0.6,0.6,0.4,53.7,0,,nan,nan,0.0
EDIT,Editas Medicine Inc,3.28,19,14,10,11,8,5,5,72,-15.0,58.0,Moderate,Enter w/ caution,72,13.9,11.2,11.3,60.4,3,,Healthcare,415881600.0,2055739.12
FNCFX,FRANKLIN INCOME FUND CLASS R6,2.58,17,9,7,9,6,3,3,54,1.0,58.0,Moderate,Enter w/ caution,65,0.4,0.4,0.7,66.4,0,,nan,0.0,0.0
ONL,Orion Office Reit Inc,2.94,18,14,6,12,7,3,5,65,-7.0,58.0,Moderate,Enter w/ caution,68,2.4,6.1,4.6,63.2,1,,Real Estate,166227952.0,286707.83
TZINX,TEMPLETON GLOBAL BALANCED FUND ADVISOR CLASS,3.31,18,5,9,7,6,5,3,53,0.0,58.0,Moderate,🔥 COILED: Enter w/ caution,63,1.8,1.2,1.5,71.6,0,,nan,0.0,0.0
FCGBX,TEMPLETON GLOBAL BALANCED FUND CLASS C,3.28,18,6,9,7,6,5,3,54,1.0,58.0,Moderate,Enter w/ caution,62,1.9,0.9,1.5,69.3,0,,nan,0.0,0.0
JYHIX,JOHN HANCOCK FOCUSED HIGH YIELD FUND CLASS I,3.02,9,11,9,8,4,4,3,48,2.0,58.0,Moderate,🔥 COILED: Enter w/ caution,38,0.3,0.3,0.2,54.2,0,,nan,0.0,0.0
QUBHF,Qube Holdings Limited,3.485,12,7,11,8,6,4,2,50,0.0,58.0,Moderate,🔥 COILED: Enter w/ caution,49,0.0,0.0,0.0,54.1,0,,Industrials,6910147072.0,1163.84
SCRYY,SCOR PK,4.11,17,9,11,5,6,9,4,61,-6.0,58.0,Moderate,Enter w/ caution,63,4.4,4.6,3.2,58.4,0,,Financial Services,6306449920.0,13647.56
HYINX,INVESCO HIGH YIELD FUND INVESTOR CLASS,3.52,11,10,8,8,4,7,3,51,2.0,58.0,Moderate,🔥 COILED: Enter w/ caution,40,0.3,0.3,0.3,58.7,0,,nan,0.0,0.0
HYIFX,INVESCO HIGH YIELD FUND CLASS R6,3.52,11,10,8,8,4,7,3,51,2.0,58.0,Moderate,🔥 COILED: Enter w/ caution,41,0.3,0.3,0.2,57.8,0,,nan,0.0,0.0
NEXXY,Nexi S.p.A,4.95,16,3,11,9,6,7,5,57,1.0,58.0,Moderate,Enter w/ caution,54,4.2,3.6,4.1,65.0,1,,Technology,4581428224.0,3608.96
ECHIX,EATON VANCE HIGH INCOME OPPORTUNITIES FUND EATON VANCE HIGH INCOME OPPORTUNITIES FUND CLASS C,4.23,13,10,3,8,4,7,3,48,2.0,58.0,Moderate,🔥 COILED: Enter w/ caution,45,0.2,0.2,0.1,53.0,0,,nan,0.0,0.0
EIHIX,EATON VANCE HIGH INCOME OPPORTUNITIES FUND EATON VANCE HIGH INCOME OPPORTUNITIES FUND CLASS I,4.23,12,10,7,8,4,7,3,51,2.0,58.0,Moderate,🔥 COILED: Enter w/ caution,46,0.2,0.2,0.2,55.1,0,,nan,0.0,0.0
VMSSX,VIRTUS MULTI-SECTOR SHORT TERM BOND FUND CLASS R6,4.57,10,10,10,8,4,4,2,48,2.0,58.0,Moderate,🔥 COILED: Enter w/ caution,33,0.2,0.2,0.1,53.8,0,,nan,0.0,0.0
TRPZX,T. Rowe Price Limited Duration Inflation Focused Bond Fund Z Class,4.71,15,12,9,8,4,4,3,55,-2.0,58.0,Moderate,🔥 COILED: Enter w/ caution,49,0.2,0.4,0.3,60.4,0,,nan,nan,0.0
HLDCX,THE HARTFORD EMERGING MARKETS LOCAL DEBT FUND CLASS C,5.09,14,8,7,9,6,7,3,54,1.0,58.0,Moderate,Enter w/ caution,64,1.2,1.2,1.0,68.0,0,,nan,0.0,0.0
HLDYX,THE HARTFORD EMERGING MARKETS LOCAL DEBT FUND CLASS Y,4.96,14,8,7,9,6,7,3,54,1.0,58.0,Moderate,Enter w/ caution,64,1.2,1.2,1.0,68.7,0,,nan,0.0,0.0
HLDRX,THE HARTFORD EMERGING MARKETS LOCAL DEBT FUND CLASS R3,5.09,15,8,7,9,6,7,3,55,0.0,58.0,Moderate,Enter w/ caution,64,1.2,1.2,1.0,71.5,0,,nan,0.0,0.0
BMNM,Bimini Capital Management Inc,3.6,16,11,5,16,6,11,5,70,-10.5,57.5,Moderate,Enter w/ caution,62,14.3,30.4,21.7,78.3,2,,Financial Services,25258964.0,3736.1
VYAXX,Voya Funds Trust - Government Money Market Fund Series II,1.0,18,9,4,8,6,7,2,54,0.0,57.0,Moderate,Enter w/ caution,47,0.0,0.0,0.0,59.2,0,,nan,nan,0.0
SKYX,SKYX Platforms Corp,1.26,15,14,10,16,6,2,5,68,-11.0,57.0,Moderate,Enter w/ caution,43,7.7,2.4,8.4,59.4,2,,Industrials,143225552.0,1075731.83
PTGCF,PTT Global Chemical Public Company Limited,1.21,13,7,11,10,4,2,2,49,0.0,57.0,Moderate,🔥 COILED: Enter w/ caution,41,0.0,0.0,0.0,54.1,1,,Basic Materials,5733335552.0,31.9
IAUX-WS,IAUX-WS,1.92,16,5,7,15,7,7,5,62,-3.0,57.0,Moderate,Enter w/ caution,69,21.5,15.7,16.1,70.8,2,,nan,nan,10172698.42
URG,Ur Energy Inc,1.48,13,12,7,15,3,6,5,61,-4.0,57.0,Moderate,Enter w/ caution,40,10.4,6.5,8.5,61.8,1,,Energy,766850432.0,9790319.71
MAAL,The Marketing Alliance Inc,1.8,11,9,9,12,6,5,2,54,-2.0,57.0,Moderate,🔥 COILED: Enter w/ caution,59,0.0,0.6,2.4,62.3,0,,Financial Services,11005195.0,0.0
FHQRX,FRANKLIN HIGH INCOME FUND CLASS A,1.74,15,9,6,8,4,7,3,52,0.0,57.0,Moderate,🔥 COILED: Enter w/ caution,48,0.6,0.6,0.6,76.0,0,,nan,nan,0.0
GRI,GRI Bio Inc.,1.96,13,14,4,9,8,7,5,60,-1.0,57.0,Moderate,Enter w/ caution,36,14.6,-10.9,14.5,59.8,0,,Healthcare,3559384.0,161921.26
HITI,High Tide Inc,2.57,16,8,7,16,4,3,5,59,-3.0,57.0,Moderate,Enter w/ caution,49,7.1,9.8,9.1,75.9,2,,Healthcare,209196912.0,601472.12
FTBAYX,FTBAYX,2.291,10,12,11,8,3,4,2,50,2.0,57.0,Moderate,🔥 COILED: Enter w/ caution,30,0.9,0.7,0.4,53.6,0,,nan,nan,0.0
WRFRF,Wharf Real Estate Investment Company Limited,4.15,16,6,8,13,6,2,5,56,1.0,57.0,Moderate,Enter w/ caution,65,0.0,0.0,8.0,66.2,1,,Real Estate,8805059584.0,0.0
ZKH,ZKH Group Limited,2.96,12,6,10,14,7,9,2,60,-3.0,57.0,Moderate,Enter w/ caution,34,2.1,1.0,2.0,57.1,2,,Consumer Cyclical,461901760.0,119782.58
PPBT,Purple Biotech,1.65,12,11,9,12,3,5,5,57,2.0,57.0,Moderate,Enter w/ caution,26,5.8,6.5,7.2,58.3,0,,Healthcare,2880726.0,300890.06
JHHBX,JOHN HANCOCK FOCUSED HIGH YIELD FUND CLASS A,3.02,12,10,9,8,4,4,3,50,2.0,57.0,Moderate,🔥 COILED: Enter w/ caution,39,0.3,0.3,0.2,55.7,0,,nan,0.0,0.0
JHYCX,JOHN HANCOCK FOCUSED HIGH YIELD FUND CLASS C,3.02,12,10,9,8,4,4,3,50,2.0,57.0,Moderate,🔥 COILED: Enter w/ caution,39,0.3,0.3,0.2,56.1,0,,nan,0.0,0.0
EKHAX,WELLS FARGO HIGH YIELD BOND FUND CLASS A,3.01,11,10,7,8,4,7,3,50,2.0,57.0,Moderate,🔥 COILED: Enter w/ caution,41,0.3,0.3,0.2,55.9,0,,nan,0.0,0.0
GWAV,Greenwave Technology Solutions Inc. Common Stock,4.53,14,14,4,12,6,3,5,58,1.0,57.0,Moderate,Enter w/ caution,54,15.6,6.8,19.4,61.3,0,,Industrials,2704597.0,241193.31
TQPIX,Touchstone Strategic Income Opportunities Fund Institutional Class,3.23,9,12,9,8,3,7,2,50,2.0,57.0,Moderate,🔥 COILED: Enter w/ caution,34,0.6,0.3,0.2,53.4,0,,nan,nan,0.0
AMHYX,INVESCO HIGH YIELD FUND CLASS A,3.52,11,10,7,8,4,7,3,50,2.0,57.0,Moderate,🔥 COILED: Enter w/ caution,39,0.3,0.3,0.2,55.2,0,,nan,0.0,0.0
CCCC,C4 Therapeutics Inc,4.2,14,12,6,16,5,4,5,62,-6.0,57.0,Moderate,Enter w/ caution,59,0.5,8.5,5.8,59.6,2,,Healthcare,471049568.0,2202627.04
PNNT,PennantPark Investment Corporation,3.81,12,11,7,15,4,4,5,58,1.0,57.0,Moderate,Enter w/ caution,33,3.8,1.9,4.3,61.9,0,,Financial Services,263143280.0,689945.71
GPGIX,GRANDEUR PEAK GLOBAL OPPORTUNITIES FUND GRANDEUR PEAK GLOBAL OPPORTUNITIES FUND INSTITUTIONAL CLASS,4.02,13,11,5,9,6,2,4,50,2.0,57.0,Moderate,🔥 COILED: Enter w/ caution,57,0.2,-1.2,0.3,54.5,0,,nan,0.0,0.0
XGGTX,Gabelli MultiMedia Trust Inc,3.75,6,11,6,9,4,8,3,47,2.0,57.0,Moderate,🔥 COILED: Enter w/ caution,41,1.4,-1.1,0.2,51.0,0,,Other,0.0,0.0
AOZOY,Aozora Bank Ltd ADR,4.75,15,6,12,10,6,2,4,55,-3.0,57.0,Moderate,🔥 COILED: Enter w/ caution,54,0.0,0.0,2.1,70.1,0,,Financial Services,2418900992.0,0.0
ADVB,Advanced Biomed Inc. Common Stock,9.18,16,12,3,9,5,0,2,47,4.0,57.0,Moderate,Enter w/ caution,59,5.3,18.1,9.2,54.5,2,,Healthcare,7175613.0,207362.59
BUR,Burford Capital Ltd,4.47,11,14,11,15,4,7,3,65,-6.0,57.0,Moderate,Enter w/ caution,33,8.0,3.0,4.0,57.8,2,,Financial Services,974858368.0,2628322.54
KLRS,"Kalaris Therapeutics, Inc.",4.2,11,16,7,9,4,5,5,57,-3.0,57.0,Moderate,🔥 COILED: Enter w/ caution,27,4.2,5.8,3.3,53.8,1,,Healthcare,112299544.0,177736.32
COYA,"Coya Therapeutics, Inc. Common Stock",5.04,12,12,6,14,5,3,5,57,-3.0,57.0,Moderate,Enter w/ caution,44,2.4,5.0,5.7,59.3,1,,Healthcare,108841328.0,183081.59
PIGDX,PNC INTERNATIONAL GROWTH FUND CLASS I,4.62,14,12,7,9,4,2,5,53,1.0,57.0,Moderate,Enter w/ caution,47,1.8,2.4,2.1,60.4,0,,nan,0.0,0.0
PUICX,PUTNAM INCOME FUND CLASS C SHARES,4.96,10,12,11,8,3,4,2,50,2.0,57.0,Moderate,🔥 COILED: Enter w/ caution,34,0.6,0.4,0.3,54.1,0,,nan,0.0,0.0
ALZN,Alzamend Neuro Inc,1.6,14,16,7,15,7,2,5,66,-10.0,56.0,Moderate,Enter w/ caution,43,5.3,9.6,8.4,64.3,2,,Healthcare,4337404.0,108419.49
SNOA,Sonoma Pharmaceuticals Inc,1.35,15,10,5,15,7,5,5,62,-6.0,56.0,Moderate,Enter w/ caution,38,3.8,-1.5,4.3,57.6,1,,Healthcare,3959851.0,87041.03
PCSVD,PCSVD,1.65,14,10,9,14,6,7,5,65,-9.0,56.0,Moderate,Enter w/ caution,60,4.6,10.0,8.4,64.9,1,,Consumer Defensive,nan,3137.43
HYFT,ImmunoPrecise Antibodies Ltd.,1.42,8,16,10,10,3,7,4,58,-3.0,56.0,Moderate,Enter w/ caution,38,6.8,2.9,2.8,52.2,1,,Healthcare,84081352.0,616654.55
CTARF,Centaurus Energy Inc,1.6,10,8,10,14,1,5,5,53,0.0,56.0,Moderate,Enter w/ caution,53,0.0,0.0,0.9,57.7,0,,Energy,2619260.0,429.51
SY,So-Young International Inc,2.425,16,8,6,12,7,11,5,65,-7.0,56.0,Moderate,Enter w/ caution,34,9.7,9.7,11.3,67.8,2,,Healthcare,203772144.0,825419.92
GLGDF,GoGold Resources Inc.,3.23,18,6,6,15,7,6,5,63,-5.0,56.0,Moderate,Enter w/ caution,70,21.0,18.3,19.4,76.7,2,,Basic Materials,1040282368.0,460124.94
VLVOF,Volvo Car AB (publ.),2.06,11,13,7,7,3,5,5,51,2.0,56.0,Moderate,Enter w/ caution,38,2.5,0.2,2.2,59.7,1,,Consumer Cyclical,7144846848.0,324.0
FISRX,FRANKLIN INCOME FUND CLASS R,2.52,17,6,6,7,6,7,3,52,1.0,56.0,Moderate,Enter w/ caution,65,0.4,0.4,0.5,63.2,0,,nan,0.0,0.0
BBCQW,Bleichroeder Acquisition Corp. II Warrants,2.05,14,9,5,10,2,3,5,48,2.0,56.0,Moderate,🔥 COILED: Enter w/ caution,57,10.8,7.9,7.1,55.0,0,,nan,nan,0.0
YSHLF,Yangzijiang Shipbuilding (Holdings) Ltd,3.71,17,3,6,14,6,5,5,56,0.0,56.0,Moderate,Enter w/ caution,61,0.3,2.5,8.8,74.8,0,,Industrials,11547103232.0,0.0
CSCI,COSCIENS Biopharma Inc.,7.5,10,14,9,13,6,4,2,58,-5.0,56.0,Moderate,🔥 COILED: Enter w/ caution,58,2.2,6.4,1.3,53.5,2,,Healthcare,8641549.0,3862.68
FKINX,FRANKLIN INCOME FUND CLASS A,2.59,16,6,7,7,6,7,3,52,1.0,56.0,Moderate,Enter w/ caution,64,0.4,0.4,0.6,62.6,0,,nan,0.0,0.0
FRIAX,FRANKLIN INCOME FUND ADVISOR CLASS,2.56,16,5,8,7,6,7,3,52,1.0,56.0,Moderate,Enter w/ caution,58,0.4,0.4,0.5,62.9,0,,nan,0.0,0.0
FKIQX,Franklin Income Fund Cl A,2.58,16,5,8,7,6,7,3,52,1.0,56.0,Moderate,Enter w/ caution,60,0.4,0.4,0.5,63.5,0,,nan,nan,0.0
TINCX,TEMPLETON GLOBAL BALANCED FUND CLASS A1,3.29,18,5,10,7,3,5,3,51,0.0,56.0,Moderate,🔥 COILED: Enter w/ caution,63,1.9,1.2,1.4,70.0,0,,nan,0.0,0.0
MIHRX,MFS HIGH INCOME FUND R2,3.07,10,10,7,8,4,7,3,49,2.0,56.0,Moderate,🔥 COILED: Enter w/ caution,39,0.3,0.3,0.2,55.6,0,,nan,0.0,0.0
FGGBX,Templeton Global Balanced Fund6,3.29,18,5,10,7,3,5,3,51,0.0,56.0,Moderate,🔥 COILED: Enter w/ caution,63,1.9,1.2,1.4,70.7,0,,nan,nan,0.0
AFMMX,API SHORT TERM BOND FUND CLASS L SHARES,3.46,8,12,11,8,4,4,2,49,2.0,56.0,Moderate,🔥 COILED: Enter w/ caution,31,0.3,0.3,0.2,53.4,0,,nan,0.0,0.0
TCLAF,Transcontinental Inc,4.18,16,6,7,15,5,8,5,62,-6.0,56.0,Moderate,Enter w/ caution,37,7.7,11.2,5.6,69.3,2,,Consumer Cyclical,306045248.0,0.0
SBSTX,WESTERN ASSET SHORT-TERM BOND FUND CLASS A,3.67,13,12,10,8,4,2,2,51,0.0,56.0,Moderate,🔥 COILED: Enter w/ caution,38,0.0,0.3,0.1,56.5,0,,nan,0.0,0.0
LODE,Comstock Mining Inc,3.57,11,14,5,14,5,4,5,58,-3.0,56.0,Moderate,Enter w/ caution,48,4.1,0.6,3.9,54.0,1,,Basic Materials,330981088.0,1441835.75
ERDCF,Erdene Resource Development Corporation,4.94,16,6,7,14,7,11,5,66,-8.0,56.0,Moderate,Enter w/ caution,46,11.0,6.9,10.4,71.5,0,,Basic Materials,287404576.0,54033.08
MGNX,MacroGenics Inc,4.17,9,16,11,14,4,2,5,61,-6.0,56.0,Moderate,Enter w/ caution,53,2.0,6.4,2.3,52.8,1,,Healthcare,270143264.0,1111755.08
BTG,B2Gold Corp,5.87,16,4,7,16,6,5,5,59,-3.0,56.0,Moderate,Enter w/ caution,68,17.9,15.8,18.3,78.7,2,,Basic Materials,6102472704.0,38935693.45
WXIBF,WuXi Biologics,6.2,18,7,8,15,6,0,5,59,-3.0,56.0,Moderate,Enter w/ caution,67,0.0,34.8,13.3,71.8,2,,Healthcare,18193782784.0,3877.83
CPCRX,COMSTOCK CAPITAL VALUE FUND RETAIL CLASS I,4.81,18,4,8,7,6,7,3,53,0.0,56.0,Moderate,Enter w/ caution,56,0.2,0.6,0.5,75.4,0,,nan,0.0,0.0
HLDTX,THE HARTFORD EMERGING MARKETS LOCAL DEBT FUND CLASS R5,4.73,15,6,7,9,6,7,3,53,0.0,56.0,Moderate,Enter w/ caution,60,1.1,1.1,0.9,72.7,0,,nan,0.0,0.0
COMVX,COMSTOCK CAPITAL VALUE FUND CLASS AAA,4.64,18,5,7,7,6,7,3,53,0.0,56.0,Moderate,Enter w/ caution,59,0.2,0.7,0.5,70.8,0,,nan,0.0,0.0
PIFRX,PUTNAM INCOME FUND CLASS R SHARES,4.95,10,12,10,8,3,4,2,49,2.0,56.0,Moderate,🔥 COILED: Enter w/ caution,34,0.6,0.4,0.3,54.1,0,,nan,0.0,0.0
PHYGX,PGIM HIGH YIELD FUND CLASS R4,4.77,9,13,5,8,4,7,3,49,2.0,56.0,Moderate,🔥 COILED: Enter w/ caution,33,0.2,0.0,0.1,53.1,0,,nan,nan,0.0
AUST,Austin Gold Corp,1.35,17,10,6,13,3,7,5,61,-4.0,55.0,Moderate,Enter w/ caution,39,16.4,0.0,9.9,61.5,1,,Basic Materials,18262354.0,568652.95
ALMMF,Aluminum Corporation of China Limited,1.09,14,11,6,11,3,5,5,55,-3.0,55.0,Moderate,Enter w/ caution,32,16.0,-5.2,3.4,52.4,0,,Basic Materials,22987663360.0,9632.09
AUSDF,Perenti Global Limited,1.8,15,7,11,9,6,2,2,52,-2.0,55.0,Moderate,🔥 COILED: Enter w/ caution,45,0.0,0.0,0.2,64.6,0,,Basic Materials,1498195328.0,0.0
ITFS,Itafos Inc.,1.76,16,10,7,12,5,2,5,57,0.0,55.0,Moderate,Enter w/ caution,22,10.0,10.7,6.5,63.8,2,,Basic Materials,348656704.0,57695.5
NAK,Northern Dynasty Minerals Ltd,1.79,15,9,7,12,5,4,5,57,-3.0,55.0,Moderate,Enter w/ caution,39,14.0,5.3,7.0,58.9,1,,Basic Materials,1173851904.0,10613769.3
RIOFF,Rio2 Limited,2.62,15,9,8,15,6,11,5,69,-12.0,55.0,Moderate,Enter w/ caution,65,18.0,7.4,14.4,67.9,0,,Basic Materials,1190204928.0,646850.27
JSVGF,Johnson Service Group PLC,1.95,13,7,11,8,4,2,2,47,0.0,55.0,Moderate,🔥 COILED: Enter w/ caution,32,0.0,0.0,0.1,53.1,0,,Industrials,737084800.0,724.69
PLX,Protalix Biotherapeutics Inc,2.4,13,8,4,10,9,3,3,50,2.0,55.0,Moderate,Enter w/ caution,65,2.6,-1.2,1.0,52.6,1,,Healthcare,161948992.0,914259.83
NNCSF,Nanosonics Limited,2.3,12,7,11,11,6,4,4,55,0.0,55.0,Moderate,Enter w/ caution,28,5.0,5.0,1.9,59.6,0,,Healthcare,761989504.0,196.44
ADBRF,Aldebaran Resources Inc,2.43,16,9,7,9,6,7,5,59,-4.0,55.0,Moderate,Enter w/ caution,60,10.0,9.0,9.7,66.6,2,,Basic Materials,431883744.0,57058.46
MENS,Jyong Biotech Ltd. Ordinary Shares,2.23,14,12,9,8,9,2,2,56,-1.0,55.0,Moderate,Enter w/ caution,37,10.4,6.2,4.3,56.8,2,,Healthcare,158897808.0,444849.83
SLGCX,LARGE CAPITALIZATION GROWTH PORTFOLIO LARGE CAPITALIZATION GROWTH PORTFOLIO CLASS C,2.04,10,11,4,9,8,2,4,48,2.0,55.0,Moderate,🔥 COILED: Enter w/ caution,38,-1.0,-1.0,-0.0,51.6,0,,nan,0.0,0.0
WAEMX,WASATCH EMERGING MARKETS SMALL CAP FUND INVESTOR CLASS SHARES,2.07,10,14,5,9,4,1,5,48,2.0,55.0,Moderate,🔥 COILED: Enter w/ caution,45,-1.0,1.0,1.0,54.7,0,,nan,0.0,0.0
LSHGF,LSHGF,2.1,18,5,8,8,3,6,2,50,0.0,55.0,Moderate,🔥 COILED: Enter w/ caution,55,4.0,4.0,0.8,55.0,0,,nan,nan,5458.58
GSKRF,Goldsky Resources Corp.,2.64,18,15,3,9,9,4,5,63,-6.0,55.0,Moderate,Enter w/ caution,52,3.9,6.5,4.9,57.9,1,,Basic Materials,496943264.0,58451.82
USEA,United Maritime Corporation,2.84,15,13,6,9,6,11,5,65,-10.0,55.0,Moderate,Enter w/ caution,72,4.8,6.8,5.1,68.7,1,,Industrials,24322254.0,58416.78
RMCO,Royalty Management Holding Corporation,3.025,17,10,5,9,6,4,5,56,1.0,55.0,Moderate,Enter w/ caution,68,4.7,-4.6,9.2,62.7,1,,Financial Services,38656868.0,62755.73
ADTGSX,ADTGSX,2.688,8,12,10,8,3,4,3,48,2.0,55.0,Moderate,🔥 COILED: Enter w/ caution,32,0.3,0.3,0.2,51.8,0,,nan,nan,0.0
ADTGBX,ADTGBX,2.679,8,12,10,8,3,4,3,48,2.0,55.0,Moderate,🔥 COILED: Enter w/ caution,33,0.2,0.3,0.2,51.9,0,,nan,nan,0.0
HTWSF,Helios Towers plc,2.82,13,5,8,14,0,5,3,48,2.0,55.0,Moderate,🔥 COILED: Enter w/ caution,51,0.7,0.7,1.5,54.2,0,,Communication Services,3065930752.0,5592.19
SECCF,Serco Group plc,3.185,13,7,11,11,3,3,2,50,0.0,55.0,Moderate,🔥 COILED: Enter w/ caution,32,0.0,0.0,0.2,56.7,0,,Industrials,3340826368.0,0.0
LTCN,Grayscale Litecoin Trust,3.74,19,9,5,14,5,5,5,62,-5.0,55.0,Moderate,Enter w/ caution,35,18.0,17.6,11.2,69.0,2,,nan,66925280.0,147084.94
TAGBX,TEMPLETON GLOBAL BALANCED FUND CLASS A,3.29,18,5,9,7,3,5,3,50,0.0,55.0,Moderate,🔥 COILED: Enter w/ caution,63,1.9,1.2,1.5,71.6,0,,nan,0.0,0.0
TCINX,TEMPLETON GLOBAL BALANCED FUND CLASS C1,3.3,18,5,8,7,6,5,3,52,0.0,55.0,Moderate,Enter w/ caution,63,1.9,1.2,1.4,70.8,0,,nan,0.0,0.0
YOLO,AdvisorShares Pure Cannabis,3.111,15,11,7,15,5,3,5,61,-4.0,55.0,Moderate,Enter w/ caution,51,9.9,9.9,9.5,69.6,1,,nan,nan,88910.49
MDDNF,Meridian Energy Limited,3.5,20,10,6,11,4,6,5,62,-3.0,55.0,Moderate,Enter w/ caution,49,6.7,6.7,6.2,76.6,2,,Utilities,9182930944.0,0.0
NEFHX,LOOMIS SAYLES HIGH INCOME FUND CLASS A,3.65,11,10,7,8,4,7,3,50,2.0,55.0,Moderate,Enter w/ caution,45,0.3,0.3,0.2,56.3,0,,nan,0.0,0.0
LDLAX,LORD ABBETT SHORT DURATION INCOME FUND CLASS C,3.86,14,10,7,8,4,2,2,47,0.0,55.0,Moderate,🔥 COILED: Enter w/ caution,35,0.0,0.3,0.1,53.4,0,,nan,0.0,0.0
LDLQX,LORD ABBETT SHORT DURATION INCOME FUND CLASS R2,3.84,14,10,7,8,4,2,2,47,0.0,55.0,Moderate,🔥 COILED: Enter w/ caution,35,0.0,0.3,0.1,53.4,0,,nan,0.0,0.0
ADTGPX,ADTGPX,3.775,8,12,10,8,3,4,3,48,2.0,55.0,Moderate,🔥 COILED: Enter w/ caution,34,0.2,0.2,0.2,51.7,0,,nan,nan,0.0
MOLN,Molecular Partners AG ADR,4.38,13,5,7,12,7,7,5,56,-2.0,55.0,Moderate,Enter w/ caution,55,2.1,6.1,4.1,63.4,1,,Healthcare,147418880.0,4762.69
CSHR,CoinShares PLC Ordinary Shares,5.98,18,6,7,15,7,7,5,65,-10.0,55.0,Moderate,Enter w/ caution,0,18.4,22.5,15.1,70.2,2,,Financial Services,603553344.0,0.0
ACRS,Aclaris Therapeutics Inc,6.535,18,11,8,16,6,12,5,76,-22.0,55.0,Moderate,Enter w/ caution,76,3.6,10.4,8.5,65.6,3,,Healthcare,608933632.0,1572043.76
REIGX,Federated Hermes International Growth Fund Class R6 Shares,4.65,12,12,7,9,4,2,5,51,1.0,55.0,Moderate,Enter w/ caution,47,1.8,2.4,2.2,60.4,0,,nan,nan,0.0
SCYX,Scynexis Inc,5.19,15,11,5,14,3,7,5,60,-5.0,55.0,Moderate,Enter w/ caution,58,1.0,7.3,4.9,59.5,1,,Healthcare,46126380.0,63425.0
DRCVX,COMSTOCK CAPITAL VALUE FUND RETAIL CLASS A,4.63,18,7,7,9,6,2,3,52,0.0,55.0,Moderate,Enter w/ caution,62,0.2,0.7,0.5,76.2,0,,nan,0.0,0.0
SPSTY,Singapore Post Ltd ADR,5.6,14,5,10,8,4,2,5,48,2.0,55.0,Moderate,🔥 COILED: Enter w/ caution,37,0.0,8.1,2.9,57.1,1,,Industrials,559727168.0,0.0
EMDQX,PRUDENTIAL EMERGING MARKETS DEBT LOCAL CURRENCY FUND CLASS Q,4.99,14,10,10,9,6,7,3,59,-9.0,55.0,Moderate,🔥 COILED: Enter w/ caution,55,1.0,0.8,0.8,62.1,0,,nan,0.0,0.0
PDVRX,PUTNAM DIVERSIFIED INCOME TRUST CLASS R SHARES,4.87,8,13,8,8,4,4,3,48,2.0,55.0,Moderate,🔥 COILED: Enter w/ caution,32,0.2,0.0,0.1,51.3,0,,nan,0.0,0.0
ADTGZX,ADTGZX,4.858,8,12,10,8,3,4,3,48,2.0,55.0,Moderate,🔥 COILED: Enter w/ caution,33,0.4,0.5,0.3,52.0,0,,nan,nan,0.0
HQWWW,Horizon Quantum Holdings Ltd. Warrant,10.75,16,14,8,15,6,7,5,71,-14.5,54.5,Weak,Watchlist only,0,44.1,126.8,37.8,64.5,2,,nan,nan,0.0
CCXIW,Churchill Capital Corp XI Warrants,7.68,13,12,5,9,6,4,5,54,2.0,54.0,Weak,Watchlist only,0,-0.1,-3.2,4.5,55.0,0,,nan,nan,0.0
DLPN,Dolphin Entertainment Inc,1.17,12,16,4,14,4,4,5,59,-3.0,54.0,Weak,Watchlist only,32,2.6,7.3,3.9,55.5,1,,Communication Services,14969861.0,42648.45
JEXYF,Jiangsu Expressway Company Limited,1.4,8,7,11,11,6,2,2,47,2.0,54.0,Weak,🔥 COILED: Watchlist only,0,0.0,0.0,0.0,47.0,0,,Industrials,5289634816.0,29.03
OPK,Opko Health Inc,1.49,17,9,4,12,9,7,2,60,-6.0,54.0,Weak,Watchlist only,66,9.6,7.2,6.3,62.4,1,,Healthcare,1147740160.0,2679669.91
CRDF,Cardiff Oncology Inc,1.02,8,14,5,14,4,4,5,54,-3.0,54.0,Weak,Watchlist only,21,14.6,-2.9,6.4,54.2,1,,Healthcare,105973336.0,1014872.7
IKT,Inhibikase Therapeutics Inc,2.5,17,6,10,14,7,9,5,68,-14.0,54.0,Weak,Watchlist only,69,4.2,2.0,5.2,63.5,2,,Healthcare,219174176.0,882299.26
ORZCF,Orezone Gold Corp,2.15,18,9,6,13,6,8,5,65,-9.0,54.0,Weak,Watchlist only,62,16.2,12.6,13.2,69.3,2,,Basic Materials,1280578304.0,251608.44
NEON,Neonode Inc,0.91,8,14,5,8,4,7,5,51,2.0,54.0,Weak,Watchlist only,24,4.6,-7.1,1.1,50.0,0,,Technology,31048410.0,908551.41
KCDMF,Kimberly-Clark de México S. A. B. de C. V,2.34,9,4,10,13,6,4,3,49,2.0,54.0,Weak,Watchlist only,63,2.2,0.9,1.4,57.3,0,,Consumer Defensive,6721901056.0,0.0
GRGTF,Grainger plc,2.49,14,6,12,10,6,2,2,52,-3.0,54.0,Weak,🔥 COILED: Watchlist only,52,0.0,0.0,1.3,72.2,0,,Real Estate,1545059840.0,518.0
ITRG,Integra Resources Corp,2.95,16,6,8,15,6,6,5,62,-6.0,54.0,Weak,Watchlist only,51,13.9,13.5,12.3,70.8,2,,Basic Materials,525854304.0,2500456.33
HLICF,HLICF,2.562,13,7,5,7,6,6,2,46,0.0,54.0,Weak,🔥 COILED: Watchlist only,48,0.0,0.0,0.6,54.5,0,,nan,299755264.0,2.5
WELX,Winland Holdings Corporation,2.5,13,8,8,10,4,5,5,53,1.0,54.0,Weak,Watchlist only,42,6.4,16.3,7.4,68.4,2,,Technology,12705522.0,4092.98
GROY,Gold Royalty Corp.,3.52,16,4,7,15,7,3,5,57,-1.0,54.0,Weak,Watchlist only,49,12.5,13.9,12.5,76.5,2,,Basic Materials,717816576.0,3027763.97
GROY-WS,GROY-WS,3.52,16,4,7,15,7,3,5,57,-1.0,54.0,Weak,Watchlist only,49,12.5,13.9,12.5,76.5,2,,nan,nan,3029327.72
TQPCX,Touchstone Strategic Income Opportunities Fund Class C,3.26,8,12,10,8,3,4,2,47,2.0,54.0,Weak,🔥 COILED: Watchlist only,35,0.3,0.3,0.2,53.1,0,,nan,nan,0.0
TRTPF,TRTPF,3.6,13,7,11,8,6,2,2,49,0.0,54.0,Weak,🔥 COILED: Watchlist only,46,0.0,0.0,0.2,57.8,0,,Technology,1353537152.0,5640.56
SSTLX,WESTERN ASSET SHORT-TERM BOND FUND CLASS C1,3.67,14,10,6,8,4,2,2,46,0.0,54.0,Weak,🔥 COILED: Watchlist only,37,0.0,0.3,0.1,54.1,0,,nan,0.0,0.0
GPGOX,GRANDEUR PEAK GLOBAL OPPORTUNITIES FUND GRANDEUR PEAK GLOBAL OPPORTUNITIES FUND INVESTOR CLASS,3.91,12,11,5,9,6,2,4,49,0.0,54.0,Weak,🔥 COILED: Watchlist only,55,0.3,-1.3,0.2,54.1,0,,nan,0.0,0.0
CYGIY,CyberAgent Inc ADR,4.64,17,7,5,11,6,3,5,54,0.0,54.0,Weak,Watchlist only,55,15.6,-3.5,6.6,58.4,0,,Communication Services,3904662784.0,0.0
LDLTX,LORD ABBETT SHORT DURATION INCOME FUND CLASS R5,3.83,14,10,6,8,4,2,2,46,0.0,54.0,Weak,🔥 COILED: Watchlist only,39,0.0,0.3,0.1,54.2,0,,nan,0.0,0.0
HNGZY,Hangzhou Tigermed Consulting Co. Ltd,4.45,14,4,10,10,6,2,2,48,1.0,54.0,Weak,🔥 COILED: Watchlist only,45,0.0,0.0,0.2,64.5,0,,Healthcare,3444104192.0,30.6
HYPMY,Hypera SA,4.22,8,9,6,10,4,11,3,51,2.0,54.0,Weak,Watchlist only,44,5.8,3.0,2.1,55.5,0,,Healthcare,2991966976.0,20396.77
LXEO,"Lexeo Therapeutics, Inc. Common Stock",5.13,12,14,6,12,6,2,5,57,-3.0,54.0,Weak,Watchlist only,39,4.1,7.3,5.8,57.6,1,,Healthcare,353347328.0,1050090.52
TRLDX,T. ROWE PRICE LIMITED DURATION INFLATION FOCUSED BOND FUND INC. T. ROWE PRICE LIMITED DURATION INFLATION FOCUSED BOND FUND-I CLASS,4.73,14,10,9,8,4,3,3,51,-2.0,54.0,Weak,🔥 COILED: Watchlist only,49,0.2,0.4,0.2,60.7,0,,nan,0.0,0.0
YACAF,Yancoal Australia Ltd,4.2,12,11,8,8,5,2,3,49,2.0,54.0,Weak,🔥 COILED: Watchlist only,35,0.7,-4.5,1.4,52.6,0,,Energy,6777089024.0,15019.16
AVAL,Grupo Aval,5.54,17,10,8,13,5,0,5,58,-2.0,54.0,Weak,Watchlist only,58,2.4,5.3,4.0,61.9,0,,Financial Services,5686562304.0,152782.59
PDVYX,PUTNAM DIVERSIFIED INCOME TRUST CLASS Y SHARES,4.92,8,12,8,8,4,4,3,47,2.0,54.0,Weak,🔥 COILED: Watchlist only,33,0.2,0.2,0.1,51.9,0,,nan,0.0,0.0
EMDCX,PRUDENTIAL EMERGING MARKETS DEBT LOCAL CURRENCY FUND CLASS C,4.98,14,9,10,9,6,7,3,58,-9.0,54.0,Weak,🔥 COILED: Watchlist only,55,1.0,0.8,0.7,62.8,0,,nan,0.0,0.0
EMDZX,PRUDENTIAL EMERGING MARKETS DEBT LOCAL CURRENCY FUND CLASS Z,4.99,14,9,10,9,6,7,3,58,-9.0,54.0,Weak,🔥 COILED: Watchlist only,55,1.0,0.8,0.7,62.7,0,,nan,0.0,0.0
PRKIX,U.S. TREASURY INTERMEDIATE FUND U.S. TREASURY INTERMEDIATE FUND- I CLASS,4.99,8,12,10,8,3,4,2,47,2.0,54.0,Weak,🔥 COILED: Watchlist only,33,0.2,0.4,0.2,53.0,0,,nan,0.0,0.0
JAELX,John Hancock Variable Insurance Trust - High Yield Trust,4.92,18,9,8,9,6,7,3,60,-9.0,54.0,Weak,Watchlist only,60,0.2,0.4,0.3,68.2,0,,nan,nan,0.0
SGDH,Sgd Holdings Ltd,1.0,12,9,11,8,4,2,2,48,-3.0,53.0,Weak,🔥 COILED: Watchlist only,50,0.0,0.0,0.0,52.8,1,,Industrials,5000248320.0,112.46
SUMMF,Summit Royalties Ltd.,1.09,16,7,6,14,5,3,5,56,-4.0,53.0,Weak,Watchlist only,44,9.0,8.3,6.7,67.8,1,,Basic Materials,76119480.0,0.0
PHIO,Phio Pharmaceuticals Corp,1.19,14,12,5,16,7,3,5,62,-10.0,53.0,Weak,Watchlist only,45,13.3,9.2,7.7,62.9,2,,Healthcare,13243666.0,2154379.32
GORO,Gold Resource Corporation,3.87,20,6,7,16,6,3,5,63,-11.0,53.0,Weak,Watchlist only,58,43.9,58.6,36.4,73.2,2,,Basic Materials,207218912.0,3294246.97
SOWG,Sow Good Inc. Common Stock,3.23,8,12,8,14,8,2,3,55,-3.0,53.0,Weak,Watchlist only,54,-4.2,0.9,0.8,50.9,2,,Consumer Defensive,29375370.0,137043.11
USGOW,U.S. GoldMining Inc. Warrant,1.3,13,7,11,10,4,1,2,48,0.0,53.0,Weak,🔥 COILED: Watchlist only,41,0.0,0.0,0.5,59.6,0,,Basic Materials,nan,58602.97
BRIA,BrilliA Inc,1.4,9,9,6,10,7,4,5,50,0.0,53.0,Weak,Watchlist only,27,2.9,4.5,1.8,52.1,0,,Consumer Cyclical,40000000.0,192508.8
UTKN,"Universal Token, Inc.",1.82,16,4,7,9,6,6,5,53,0.0,53.0,Weak,Watchlist only,38,0.0,43.3,12.1,72.1,2,,Industrials,163310096.0,797.87
GDTRF,Gladiator Metals Corp,2.23,11,14,5,11,8,6,5,60,-13.0,53.0,Weak,🔥 COILED: Watchlist only,55,14.4,-5.5,5.0,54.0,2,,Basic Materials,175606112.0,41416.9
YUEIF,Yue Yuen Industrial (Holdings) Limited,1.8,13,7,12,9,4,2,5,52,-2.0,53.0,Weak,Watchlist only,42,0.0,0.0,1.5,68.9,0,,Consumer Cyclical,2908116224.0,0.0
OSTX,OS Therapies Incorporated,1.65,12,14,10,10,3,2,5,56,-6.0,53.0,Weak,Watchlist only,45,14.6,3.1,4.9,54.9,1,,Healthcare,80168584.0,559474.44
STMRF,Stanmore Resources Limited,1.83,13,9,5,11,6,7,2,53,1.0,53.0,Weak,Watchlist only,59,5.8,5.8,3.0,60.4,1,,Basic Materials,1622504832.0,17792.05
GEAHF,Great Eagle Holdings Limited,2.21,10,7,11,10,6,4,2,50,-2.0,53.0,Weak,🔥 COILED: Watchlist only,51,0.0,0.0,0.0,61.0,1,,Real Estate,1649195648.0,0.0
ORXGF,Orca Energy Group Inc,1.99,11,16,7,8,3,1,2,48,2.0,53.0,Weak,Watchlist only,27,9.3,9.3,2.3,53.4,2,,Energy,48315192.0,0.0
LAUQX,LORD ABBETT INCOME FUND CLASS R2,2.41,8,11,10,8,3,4,2,46,2.0,53.0,Weak,🔥 COILED: Watchlist only,32,0.4,0.4,0.2,52.1,0,,nan,0.0,0.0
LAUSX,LORD ABBETT INCOME FUND CLASS C,2.4,8,11,10,8,3,4,2,46,2.0,53.0,Weak,🔥 COILED: Watchlist only,32,0.4,0.4,0.2,52.1,0,,nan,0.0,0.0
ICPVF,Incitec Pivot Limited,2.7,15,7,8,9,3,6,2,50,-2.0,53.0,Weak,🔥 COILED: Watchlist only,0,0.0,0.0,0.9,63.4,0,,Basic Materials,3879871488.0,0.0
AVXL,Anavex Life Sciences Corp,3.56,15,14,7,15,6,2,5,64,-14.0,53.0,Weak,Watchlist only,48,11.3,1.4,13.0,64.3,1,,Healthcare,261334352.0,1713931.36
LPA,Logistic Properties of the Americas,3.23,12,13,4,13,9,0,5,56,-1.0,53.0,Weak,Watchlist only,37,-1.2,7.7,1.6,52.5,0,,Real Estate,91059312.0,55810.5
ELAMF,Elamex SA de CV,2.81,15,6,11,8,6,2,2,50,-5.0,53.0,Weak,🔥 COILED: Watchlist only,43,0.0,0.0,0.0,50.0,1,,Consumer Defensive,7473704.0,18.5
PGENY,Pigeon Corp ADR,3.38,20,2,7,11,3,4,5,52,1.0,53.0,Weak,Watchlist only,62,1.8,5.6,5.8,62.6,0,,Consumer Defensive,1450095488.0,0.0
SBC,SBC Medical Group Holdings Incorporated,4.25,16,5,6,11,7,8,5,58,-3.0,53.0,Weak,Watchlist only,64,18.1,32.8,19.8,75.8,2,,Industrials,314911200.0,69475.86
PIM,Putnam Master Intermediate Income Trust,3.17,10,17,5,7,5,2,3,49,-1.0,53.0,Weak,🔥 COILED: Watchlist only,28,0.0,0.0,0.3,52.3,0,,Financial Services,150335136.0,116653.95
PMNXF,Perseus Mining Limited,4.46,16,6,5,13,5,5,5,55,-2.0,53.0,Weak,Watchlist only,53,12.9,12.6,11.9,65.6,2,,Basic Materials,5140293632.0,41886.56
VZLA,Vizsla Resources Corp,4.04,16,7,7,15,5,7,5,62,-7.0,53.0,Weak,Watchlist only,52,13.2,5.5,9.2,65.6,1,,Basic Materials,1240476288.0,7354552.47
SLI,Standard Lithium Ltd,2.57,12,16,8,13,3,7,5,64,-11.0,53.0,Weak,Watchlist only,22,14.2,4.9,8.8,58.4,1,,Basic Materials,941296000.0,3243368.34
DFITX,DFA International Real Estate Sec I,3.86,9,7,7,7,8,6,2,46,2.0,53.0,Weak,🔥 COILED: Watchlist only,53,1.0,-0.5,-0.0,50.8,0,,nan,0.0,0.0
XFOR,X4 Pharmaceuticals Inc,4.16,13,12,7,7,8,0,4,51,-1.0,53.0,Weak,🔥 COILED: Watchlist only,54,-1.2,-2.8,0.5,51.4,2,,Healthcare,378222016.0,675697.18
WAGOX,WASATCH GLOBAL OPPORTUNITIES FUND INVESTOR CLASS SHARES,4.15,10,11,5,9,6,2,3,46,2.0,53.0,Weak,🔥 COILED: Watchlist only,53,0.2,-1.2,0.3,54.7,0,,nan,0.0,0.0
ENIC,Enel Chile SA ADR,4.57,17,16,7,5,7,3,4,59,-6.0,53.0,Weak,Watchlist only,67,1.1,2.2,2.0,56.9,0,,Utilities,5768491008.0,573514.83
RMNI,Rimini Street Inc,5.2,16,5,12,14,5,6,4,62,-9.0,53.0,Weak,Watchlist only,62,3.8,8.1,4.6,63.8,1,,Technology,388289216.0,338637.81
MSOX,AdvisorShares Trust - AdvisorShares MSOS 2x Daily ETF,2.95,13,7,5,16,4,5,5,55,-2.0,53.0,Weak,Watchlist only,38,16.6,11.7,11.3,60.5,2,,nan,nan,2059210.21
IPMLF,Imperial Metals Corporation,6.79,17,5,7,15,5,7,5,61,-8.0,53.0,Weak,Watchlist only,63,13.4,8.6,11.0,70.8,1,,Basic Materials,896201024.0,28784.84
AUNA,Auna S.A.,5.28,9,7,8,12,7,0,3,46,2.0,53.0,Weak,🔥 COILED: Watchlist only,50,-2.6,-1.1,0.4,52.4,0,,Healthcare,328810080.0,266329.44
RWGFX,RIVERPARK/WEDGEWOOD FUND RETAIL CLASS,4.5,13,11,4,9,6,7,3,53,-3.0,53.0,Weak,Watchlist only,61,1.6,-0.4,0.8,56.5,0,,nan,0.0,0.0
ELALF,El Al Israel Airlines Ltd,5.4,16,6,7,13,3,2,5,52,1.0,53.0,Weak,Watchlist only,60,0.6,8.0,2.9,67.6,1,,Industrials,2934749184.0,1193.31
EEX,Emerald Expositions Events Inc,5.04,12,8,12,7,5,11,3,58,-8.0,53.0,Weak,Watchlist only,51,0.2,0.2,0.4,57.9,2,,Communication Services,983609984.0,120359.95
PRHCX,PRUDENTIAL HIGH YIELD FUND CLASS C,4.76,7,12,5,8,4,7,3,46,2.0,53.0,Weak,🔥 COILED: Watchlist only,32,0.2,0.0,0.1,52.9,0,,nan,0.0,0.0
JDYRX,PRUDENTIAL HIGH YIELD FUND CLASS R,4.76,7,13,7,8,4,4,3,46,2.0,53.0,Weak,🔥 COILED: Watchlist only,31,0.2,0.0,0.1,51.7,0,,nan,0.0,0.0
PHYEX,PGIM HIGH YIELD FUND CLASS R2,4.77,8,13,6,8,4,4,3,46,2.0,53.0,Weak,🔥 COILED: Watchlist only,31,0.2,0.0,0.1,52.2,0,,nan,nan,0.0
TRZTX,T. Rowe Price U.S. Treasury Intermediate Index Fund,4.99,7,11,11,8,3,4,2,46,2.0,53.0,Weak,🔥 COILED: Watchlist only,33,0.2,0.2,0.2,52.2,0,,nan,nan,0.0
NWPIF,ClearStream Energy Services Inc,1.08,15,5,10,9,4,4,4,51,1.0,52.0,Weak,Watchlist only,47,9.8,9.8,5.0,64.5,1,,Energy,133101504.0,0.0
SACH,Sachem Capital Corp,0.892,16,14,6,8,4,4,5,57,-5.0,52.0,Weak,Watchlist only,24,13.1,9.7,8.0,62.7,2,,Real Estate,48914760.0,278496.85
QSI,QuantumSi Inc,0.847,12,16,7,7,3,5,5,55,-3.0,52.0,Weak,Watchlist only,33,16.4,3.3,7.1,55.5,1,,Healthcare,278732992.0,7199786.3
OGI,OrganiGram Holdings Inc,1.27,14,10,7,14,7,4,5,61,-7.0,52.0,Weak,Watchlist only,41,5.0,3.3,10.2,68.9,1,,Healthcare,152037024.0,819375.81
PMVP,Pmv Pharmaceuticals Inc,1.305,13,6,7,14,7,5,5,57,-5.0,52.0,Weak,Watchlist only,50,5.2,0.4,4.0,57.0,1,,Healthcare,63464808.0,711521.19
HSDT,Helius Medical Technologies Inc Class A,2.14,16,6,7,16,5,4,5,59,-10.0,52.0,Weak,⚠️ EXHAUSTION RISK: Watchlist only,49,20.2,23.0,16.0,69.6,2,,Financial Services,70647880.0,650327.02
PCCYF,PetroChina Co Ltd Class H,1.3,10,14,6,9,4,3,4,50,4.0,52.0,Weak,Watchlist only,45,8.3,5.3,5.3,58.6,1,,Energy,332594642944.0,60165.28
AWRE,Aware Inc,1.27,11,10,9,8,4,7,5,54,-3.0,52.0,Weak,Watchlist only,41,5.8,3.3,3.7,55.3,1,,Technology,31170350.0,40228.37
CVM,CEL-SCI Corp,1.48,12,11,6,15,8,0,5,57,-3.0,52.0,Weak,Watchlist only,29,-6.9,-2.6,2.5,53.3,2,,Healthcare,22174460.0,183257.04
MPJPY,Metaplanet Inc.,2.04,18,9,7,14,7,7,5,67,-15.0,52.0,Weak,Watchlist only,44,39.2,40.7,26.3,75.0,2,,nan,nan,0.0
PERF,Perfect Corp.,1.89,11,8,6,9,7,4,2,47,2.0,52.0,Weak,Watchlist only,56,0.5,1.1,0.5,54.8,1,,Technology,170087280.0,147853.18
CICOF,COSCO SHIPPING Holdings Co. Ltd,2.24,18,8,10,11,6,7,5,65,-13.0,52.0,Weak,Watchlist only,69,11.4,12.0,10.0,89.7,2,,Industrials,28550774784.0,0.0
BOMXF,Bolsa Mexicana de Valores S.A.B. de C.V,2.18,13,3,9,9,6,4,3,47,0.0,52.0,Weak,🔥 COILED: Watchlist only,57,1.4,-3.5,0.1,52.7,0,,Financial Services,1241487872.0,0.0
THM,International Tower Hill Mines Ltd,2.82,15,8,7,14,7,7,5,63,-9.0,52.0,Weak,Watchlist only,65,11.0,-0.4,11.0,63.1,1,,Basic Materials,661903040.0,1228807.46
DRTSW,Alpha Tau Medical Ltd. Warrant,3.89,17,5,5,14,5,5,5,56,0.0,52.0,Weak,Watchlist only,50,3.2,0.0,7.5,56.4,0,,nan,nan,33571.08
CMHHF,China Merchants Port Holdings Company Limited,2.02,13,6,8,14,3,4,4,52,0.0,52.0,Weak,Watchlist only,50,-10.6,3.1,-0.7,51.6,0,,Industrials,8941759488.0,8937.58
DSX,Diana Shipping Inc.,2.75,18,7,7,13,7,6,5,63,-11.0,52.0,Weak,Watchlist only,60,3.8,16.5,8.9,73.4,2,,Industrials,294029184.0,607667.89
LAUFX,LORD ABBETT INCOME FUND CLASS F,2.39,8,10,10,8,3,4,2,45,2.0,52.0,Weak,🔥 COILED: Watchlist only,34,0.4,0.4,0.2,52.1,0,,nan,0.0,0.0
LAURX,LORD ABBETT INCOME FUND CLASS R3,2.4,8,10,10,8,3,4,2,45,2.0,52.0,Weak,🔥 COILED: Watchlist only,32,0.4,0.4,0.2,52.1,0,,nan,0.0,0.0
TRDTF,Trident Resources Corp.,2.952,16,9,6,15,4,3,5,58,-4.0,52.0,Weak,Watchlist only,56,13.7,11.9,9.3,67.2,2,,Basic Materials,116194256.0,26206.77
CINSF,China Taiping Insurance Holdings Company Limited,3.12,17,4,5,10,6,2,5,49,0.0,52.0,Weak,Watchlist only,0,0.0,11.0,5.2,50.0,2,,Financial Services,10099191808.0,47.5
AISP,Airship AI Holdings Inc,2.25,13,10,8,12,3,5,5,56,-2.0,52.0,Weak,Watchlist only,35,10.3,11.4,9.3,61.6,2,,Technology,103663072.0,816216.48
JASBX,JANUS SHORT-TERM BOND FUND CLASS T,2.88,15,8,5,8,4,2,2,44,0.0,52.0,Weak,🔥 COILED: Watchlist only,32,0.0,0.3,0.1,54.7,0,,nan,0.0,0.0
PRME,"Prime Medicine, Inc. Common Stock",3.71,13,14,9,16,8,7,5,72,-20.0,52.0,Weak,Watchlist only,45,21.6,13.8,14.1,60.8,3,,Healthcare,567138816.0,3194878.31
FMAXPX,FMAXPX,3.139,13,7,11,8,4,7,2,52,-5.0,52.0,Weak,🔥 COILED: Watchlist only,38,0.1,0.1,0.1,70.4,0,,nan,nan,0.0
SABS,SAB Biotherapeutics Inc,3.81,8,12,9,10,8,3,5,55,-6.0,52.0,Weak,🔥 COILED: Watchlist only,52,0.5,1.3,2.1,54.0,1,,Healthcare,259970272.0,466001.61
XIACF,Xiaomi Corp,3.55,14,6,4,8,7,3,2,44,2.0,52.0,Weak,Watchlist only,34,9.9,-1.4,1.9,52.8,0,,Technology,90493812736.0,70174.48
DIDIY,DiDi Global Inc.,3.76,12,5,4,14,5,4,5,49,0.0,52.0,Weak,🔥 COILED: Watchlist only,35,0.8,5.3,1.1,53.5,0,,Technology,16317208576.0,9612470.07
TCPC,BlackRock TCP Capital Corp,4.18,14,9,7,15,6,6,5,62,-10.0,52.0,Weak,Watchlist only,42,2.5,7.2,7.7,68.4,1,,Financial Services,319669568.0,923768.68
TMCI,Treace Medical Concepts Inc,4.81,12,14,9,16,6,3,5,65,-13.0,52.0,Weak,Watchlist only,63,8.1,1.5,6.8,58.1,1,,Healthcare,239381280.0,697161.4
LITB,LightInTheBox Holding Co Ltd ARD,3.09,4,13,6,14,3,4,3,47,2.0,52.0,Weak,Watchlist only,54,4.0,1.3,0.9,50.7,1,,Consumer Cyclical,66805432.0,21895.59
LSHNX,Loomis Sayles High Income Fund Class N,3.66,12,12,7,8,4,2,3,48,1.0,52.0,Weak,Watchlist only,44,0.3,0.3,0.3,60.1,0,,nan,0.0,0.0
VESTF,Corporación Inmobiliaria Vesta S.A.B. de C.V,3.95,15,7,12,9,3,2,2,50,-3.0,52.0,Weak,🔥 COILED: Watchlist only,0,0.0,0.0,0.3,71.7,0,,Real Estate,1518225664.0,0.0
SKYC,Qualis Innovations Inc,4.3,11,5,9,15,4,4,4,52,-5.0,52.0,Weak,🔥 COILED: Watchlist only,35,0.0,2.4,2.3,54.8,1,,Financial Services,535975968.0,235.38
HAIVF,Haivision Systems Inc,3.314,11,11,10,14,3,1,5,55,-1.0,52.0,Weak,Watchlist only,21,3.1,1.0,3.3,57.8,1,,Technology,118791104.0,16897.61
EGFIX,EDGEWOOD GROWTH FUND INSTITUTIONAL CLASS SHARES,4.592,8,12,6,7,6,2,4,45,2.0,52.0,Weak,🔥 COILED: Watchlist only,27,0.4,-0.9,0.6,47.6,0,,nan,0.0,0.0
DIFTY,Daito Trust Construction Co,5.19,14,5,3,8,7,8,2,47,2.0,52.0,Weak,Watchlist only,36,1.4,1.7,1.9,55.5,0,,Real Estate,6062416896.0,140233.91
TKNO,Alpha Teknova Inc,7.46,18,9,7,11,7,7,5,64,-10.0,52.0,Weak,Watchlist only,66,9.5,6.0,11.5,68.9,1,,Healthcare,291124160.0,202227.21
TBSIX,T. Rowe Price Short-Term Bond Fund I Cla,4.61,13,8,7,8,4,2,2,44,0.0,52.0,Weak,🔥 COILED: Watchlist only,37,0.0,0.2,0.1,54.5,0,,nan,0.0,0.0
CNROX,City National Rochdale Strategic Credit Fund,4.39,7,14,9,8,3,1,3,45,2.0,52.0,Weak,🔥 COILED: Watchlist only,27,0.2,0.2,0.1,49.6,0,,nan,nan,0.0
DPUKY,Domino’s Pizza Group PLC,5.5,13,5,4,10,5,8,5,50,2.0,52.0,Weak,Watchlist only,68,4.6,-0.7,2.8,57.1,0,,Consumer Cyclical,952894464.0,12323.06
RSGUF,Rogers Sugar Inc,4.94,17,7,5,9,4,7,2,51,-2.0,52.0,Weak,Watchlist only,46,1.4,1.0,0.4,53.3,0,,Consumer Defensive,631070272.0,17640.82
RXST,Rxsight Inc,6.4,12,10,7,13,7,4,4,57,-3.0,52.0,Weak,Watchlist only,49,0.5,-9.1,2.0,55.2,1,,Healthcare,211122704.0,853716.75
PRTIX,U.S. TREASURY INTERMEDIATE FUND U.S. TREASURY INTERMEDIATE FUND,4.99,7,11,10,8,3,4,2,45,2.0,52.0,Weak,🔥 COILED: Watchlist only,33,0.2,0.4,0.2,52.3,0,,nan,0.0,0.0
PDVCX,PUTNAM DIVERSIFIED INCOME TRUST CLASS C SHARES,4.83,8,13,6,8,3,4,3,45,2.0,52.0,Weak,🔥 COILED: Watchlist only,30,0.2,0.0,0.0,50.3,0,,nan,0.0,0.0
PLGDF,Palisades Goldcorp Ltd.,3.6,19,7,4,9,7,4,5,55,-1.2,51.8,Weak,Watchlist only,71,19.2,16.5,20.2,76.1,2,,Basic Materials,157358576.0,26457.55
CGC,Canopy Growth Corp,1.07,16,9,7,9,4,7,5,57,-4.0,51.0,Weak,Watchlist only,37,8.1,7.0,6.8,66.9,1,,Healthcare,467043712.0,19964939.7
INCR,InterCure Ltd.,5.88,19,8,6,18,6,7,5,69,-21,51,Weak,Watchlist only,69,2994.7,2962.5,647.6,99.3,3,9,Healthcare,55780432.0,59489.59
WHGRF,WH Group Limited,1.05,11,5,10,11,3,4,5,49,2.0,51.0,Weak,Watchlist only,35,4.0,4.0,2.8,55.7,0,,Consumer Defensive,14030552064.0,0.0
BVSFF,Bravura Solutions Limited,1.05,9,7,11,8,4,2,2,43,0.0,51.0,Weak,🔥 COILED: Watchlist only,27,0.0,0.0,0.0,50.1,0,,Technology,479680992.0,139.25
PECN,Photoelectron Corp,1.098,15,5,8,14,3,6,2,53,-7.0,51.0,Weak,🔥 COILED: Watchlist only,49,2.4,2.1,1.9,56.6,1,,Healthcare,20110000.0,17.03
RECT,Rectitude Holdings Ltd Ordinary Shares,1.255,11,5,6,11,5,7,5,50,-4.0,51.0,Weak,🔥 COILED: Watchlist only,30,2.0,-8.4,0.8,50.8,0,,Consumer Cyclical,19580800.0,781026.6
SFBQF,SoftBank Corp,1.5,14,12,7,9,7,7,5,61,-10.0,51.0,Weak,Watchlist only,58,8.7,8.7,7.0,57.9,1,,Communication Services,65487736832.0,42768.7
OCGN,Ocugen Inc,1.4,10,12,7,11,9,3,5,57,-6.0,51.0,Weak,Watchlist only,38,4.5,2.2,3.3,54.3,1,,Healthcare,463774944.0,6017677.52
PNSPF,Pensana Plc,1.14,15,12,4,11,4,4,5,55,-4.0,51.0,Weak,Watchlist only,29,8.6,-1.7,12.5,60.8,1,,Basic Materials,459569792.0,2577.46
ELRRF,Eloro Resources Ltd,1.53,15,5,7,15,3,5,5,55,-4.0,51.0,Weak,Watchlist only,54,10.9,4.1,8.6,62.7,1,,Basic Materials,183072496.0,101703.75
TAIT,Taitron Components Incorporated,1.898,11,9,4,15,7,3,5,54,-3.0,51.0,Weak,Watchlist only,56,9.7,-3.2,2.9,54.5,1,,Technology,9393040.0,171931.82
ITMPF,ITM Power Plc,1.45,7,16,7,11,3,2,5,51,-3.0,51.0,Weak,Watchlist only,39,1.4,-3.3,0.4,49.0,1,,Industrials,1601267968.0,20596.63
PHUN,Phunware Inc,2.145,10,12,7,10,8,3,2,52,-1.0,51.0,Weak,Watchlist only,61,4.1,1.7,2.0,55.1,2,,Technology,41099316.0,183813.24
GAU,Galiano Gold Inc,2.4,16,5,6,15,7,4,5,58,-5.0,51.0,Weak,Watchlist only,47,18.2,14.3,13.4,71.6,2,,Basic Materials,582506688.0,3226320.41
SEV,Aptera Motors Corp. Class B Common Stock,2.385,16,6,7,12,3,4,5,53,-2.0,51.0,Weak,Watchlist only,33,13.6,8.9,9.8,63.5,1,,nan,81739680.0,0.0
MIN,MFS Intermediate Income Trust,2.45,10,13,4,13,4,2,3,49,-3.0,51.0,Weak,🔥 COILED: Watchlist only,31,-0.8,-0.4,-0.0,50.5,0,,Financial Services,277667712.0,266584.06
LAUYX,LORD ABBETT INCOME FUND CLASS I,2.4,10,12,11,8,4,4,3,52,-1.0,51.0,Weak,Watchlist only,32,0.8,0.4,0.5,56.6,0,,nan,0.0,0.0
LAUKX,LORD ABBETT INCOME FUND CLASS R4,2.4,10,12,11,8,4,4,3,52,-1.0,51.0,Weak,Watchlist only,32,0.8,0.8,0.5,56.8,0,,nan,0.0,0.0
QUILF,Quilter plc,2.75,12,7,10,8,4,2,2,45,1.0,51.0,Weak,🔥 COILED: Watchlist only,45,0.0,0.0,0.2,60.7,0,,Financial Services,3762778368.0,12.03
TKGBY,Turkiye Garanti Bankasi AS,2.75,5,13,9,12,3,2,2,46,2.0,51.0,Weak,Watchlist only,31,3.0,0.7,1.4,51.4,0,,Financial Services,13572413440.0,9265.12
CMDXF,Computer Modelling Group Ltd,2.85,14,8,7,13,5,4,3,54,-3.0,51.0,Weak,Watchlist only,35,3.6,6.7,2.5,56.4,0,,Technology,219943072.0,33770.83
METXF,METXF,3.25,17,9,5,17,6,8,5,67,-21.0,51.0,Weak,Watchlist only,67,10.2,10.2,9.1,50.0,3,,Healthcare,88646008.0,0.5
HTCR,HeartCore Enterprises Inc,2.65,9,12,5,12,3,7,5,53,-3.0,51.0,Weak,Watchlist only,52,1.5,-8.6,1.7,50.8,1,,Technology,4353526.0,60482.07
MZDAY,Mazda Motor Corp ADR,3.72,15,6,10,11,3,11,4,60,-9.0,51.0,Weak,Watchlist only,64,3.0,1.1,2.3,57.5,0,,Consumer Cyclical,4276687872.0,51183.45
TMVWY,TeamViewer AG,3.81,15,4,9,12,6,0,4,50,-2.0,51.0,Weak,Watchlist only,47,3.0,1.9,4.1,66.9,0,,Technology,1132019456.0,6342.03
PINWF,Pinnacle Renewable Energy Inc,6.08,17,7,8,7,6,11,5,61,-10.0,51.0,Weak,Watchlist only,57,8.0,5.9,7.9,76.9,0,,Technology,379821664.0,1324.9
HNST,Honest Company Inc,5.505,18,14,6,10,6,7,5,66,-13.0,51.0,Weak,Watchlist only,69,15.9,5.7,15.3,71.7,1,,Consumer Defensive,362158656.0,2680385.83
VERU,Veru Inc,2.71,13,14,4,12,3,5,5,56,-3.0,51.0,Weak,Watchlist only,46,4.6,-2.9,5.2,57.2,1,,Healthcare,54571088.0,634014.67
CRRFY,Carrefour SA PK,3.75,16,6,8,9,3,6,3,51,2.0,51.0,Weak,Watchlist only,48,1.9,2.7,1.5,55.0,0,,Consumer Defensive,12843181056.0,281093.57
MDXG,MiMedx Group Inc,4.34,12,12,9,15,7,1,2,58,-8.0,51.0,Weak,Watchlist only,48,0.0,0.5,1.6,54.5,0,,Healthcare,563014848.0,1055203.36
ATCX,Atlas Critical Minerals Corporation,3.695,13,5,6,12,5,5,5,51,2.0,51.0,Weak,Watchlist only,31,2.6,15.5,9.3,59.3,2,,nan,20539504.0,40095.55
BAMIF,Blue Ant Media Corporation,4.25,17,7,5,14,5,4,5,57,-6.0,51.0,Weak,Watchlist only,0,11.5,18.1,9.1,67.8,2,,Communication Services,111428744.0,0.0
LSE,"Leishen Energy Holding Co., Ltd. Ordinary Shares",5.51,16,8,5,14,5,5,5,58,-7.0,51.0,Weak,Watchlist only,48,8.0,14.6,8.7,62.2,2,,Energy,54480000.0,11566.9
SMHB,ETRACS 2xMonthly Pay Leveraged US Small Cap High Dividend ETN,4.27,16,5,5,14,3,8,3,54,-3.0,51.0,Weak,Watchlist only,65,3.4,5.0,2.5,59.0,0,,nan,nan,24173.0
MXEGX,GREAT-WEST CORE STRATEGIES: INFLATION-PROTECTED SECURITIES FUND INSTITUTIONAL CLASS,3.78,12,10,7,8,4,4,3,48,0.0,51.0,Weak,Watchlist only,32,0.3,0.5,0.4,59.4,0,,nan,nan,0.0
BCYC,Bicycle Therapeutics Ltd,4.39,15,10,7,10,5,5,5,57,-4.0,51.0,Weak,Watchlist only,40,10.0,6.6,6.1,62.9,2,,Healthcare,298093920.0,348070.03
WHWK,"Whitehawk Therapeutics, Inc.",5.08,17,11,8,14,6,9,5,70,-17.0,51.0,Weak,Watchlist only,62,6.7,8.8,11.2,67.8,2,,Healthcare,214623696.0,698405.51
NDRA,ENDRA Life Sciences Inc,4.75,5,14,10,15,4,2,5,55,-3.0,51,Weak,Watchlist only,36,5.3,7.0,3.3,53.1,2,,Healthcare,7819003.0,138719.03
HIICX,CATALYST/SMH HIGH INCOME FUND CATALYST/SMH HIGH INCOME FUND CLASS C,4.07,7,11,7,9,4,4,2,44,2.0,51.0,Weak,🔥 COILED: Watchlist only,58,0.5,-0.2,0.1,50.3,0,,nan,0.0,0.0
BMHL,Bluemount Holdings Limited Class B Ordinary Shares,5.99,13,6,6,14,6,2,5,52,1.0,51.0,Weak,Watchlist only,57,2.6,2.6,2.8,67.9,0,,Financial Services,109481432.0,3475.32
GCV,Gabelli Convertible and Income Securities Mutual Fund,4.62,8,9,4,13,9,5,3,51,2.0,51.0,Weak,Watchlist only,57,0.0,-1.7,-0.5,47.7,0,,Financial Services,119904700.0,72382.76
OPTH,Optimi Health Corp. Common Shares,4.9,12,8,8,10,3,7,3,51,-5.0,51.0,Weak,🔥 COILED: Watchlist only,56,2.5,4.7,1.3,53.4,1,,Healthcare,31926978.0,22551.52
HOIBX,Homestead Intermediate Bond Fund,4.53,8,11,8,8,3,4,2,44,2.0,51.0,Weak,🔥 COILED: Watchlist only,33,0.4,0.4,0.3,52.4,0,,nan,nan,0.0
BORR,Borr Drilling Ltd,4.46,12,16,4,8,5,4,5,54,-3.0,51.0,Weak,Watchlist only,33,0.7,4.7,4.1,56.8,0,,Energy,1558867968.0,6344780.88
AGNT,"eXp World Holdings, Inc.",4.56,9,12,5,13,5,3,5,52,-1.0,51.0,Weak,Watchlist only,29,3.9,6.8,3.2,53.8,1,,Real Estate,773965696.0,1163516.81
TRIFX,CATALYST/SMH TOTAL RETURN INCOME FUND,5.04,17,8,7,9,6,7,4,58,-7.0,51.0,Weak,Watchlist only,65,1.6,1.2,1.5,64.8,0,,nan,0.0,0.0
SDSIX,WESTERN ASSET GLOBAL STRATEGIC INCOME FUND CLASS C1,4.95,7,13,7,8,3,4,2,44,2.0,51.0,Weak,🔥 COILED: Watchlist only,33,0.2,0.0,0.1,50.9,0,,nan,0.0,0.0
LWHIX,WESTERN ASSET SHORT DURATION HIGH INCOME FUND CLASS C,4.75,7,13,5,8,4,4,3,44,2.0,51.0,Weak,🔥 COILED: Watchlist only,34,0.2,0.0,0.1,51.7,0,,nan,0.0,0.0
TRICX,CATALYST/SMH TOTAL RETURN INCOME FUND CATALYST/SMH TOTAL RETURN INCOME FUND CLASS C,5.03,17,8,7,9,6,7,4,58,-7.0,51.0,Weak,Watchlist only,64,1.6,1.0,1.5,64.0,0,,nan,0.0,0.0
TRIIX,CATALYST/SMH TOTAL RETURN INCOME FUND CATALYST/SMH TOTAL RETURN INCOME FUND CLASS I,5.02,17,8,7,9,6,7,4,58,-7.0,51.0,Weak,Watchlist only,65,1.6,1.0,1.5,65.0,0,,nan,0.0,0.0
ZLIOF,Zoomlion Heavy Industry Science and Technology Co. Ltd,1.0,11,7,11,10,3,1,2,45,0.0,50.0,Weak,🔥 COILED: Watchlist only,0,0.0,0.0,0.2,57.7,0,,Industrials,11329121280.0,0.0
HOOK,Hookipa Pharma Inc,1.15,11,5,10,8,4,8,2,48,-3.0,50.0,Weak,🔥 COILED: Watchlist only,53,0.0,0.0,-0.0,48.3,1,,Healthcare,14232977.0,19126.47
LOVFF,Cannara Biotech Inc,1.432,13,4,5,14,6,4,4,50,0.0,50.0,Weak,Watchlist only,56,0.1,0.0,1.9,57.9,0,,Healthcare,114587280.0,6142.77
BDMD,Baird Medical Investment Holdings Limited,1.2,12,13,6,7,5,7,5,55,-3.0,50.0,Weak,Watchlist only,34,10.1,2.6,4.9,57.1,1,,Healthcare,42855548.0,805441.53
TPST,Tempest Therapeutics Inc,1.11,13,12,4,13,4,2,5,53,-3.0,50.0,Weak,Watchlist only,28,3.7,-5.9,6.1,55.3,1,,Healthcare,19249096.0,134656.01
IMRN,Immuron Ltd ADR,1.14,14,16,10,10,3,3,4,60,-8.0,50.0,Weak,Watchlist only,38,-0.9,3.6,1.3,51.7,1,,Healthcare,10207925.0,268697.84
BCTCF,BC Technology Group Limited,1.5,10,9,10,8,4,2,2,45,-3.0,50.0,Weak,🔥 COILED: Watchlist only,23,0.0,0.0,0.3,51.2,1,,Financial Services,1321977856.0,73.6
CAPTF,Capitan Mining Inc,1.49,15,12,5,15,5,1,5,58,-8.0,50.0,Weak,Watchlist only,58,7.7,4.2,6.1,59.5,1,,Basic Materials,219861472.0,101266.99
CVALF,Covalon Technologies Ltd,1.67,13,3,5,13,6,2,5,47,0.0,50.0,Weak,Watchlist only,60,-1.2,0.0,1.8,59.8,0,,Healthcare,43084196.0,8491.01
ACMIF,ACMIF,1.58,15,5,6,15,3,1,5,50,0.0,50.0,Weak,Watchlist only,51,-1.8,3.1,2.9,55.7,0,,nan,nan,19022.95
OMGGF,Omai Gold Mines Corp,2.237,17,6,7,15,5,6,5,61,-12.0,50.0,Weak,Watchlist only,70,4.5,2.1,8.0,69.4,1,,Basic Materials,1254915712.0,187149.87
CPAMF,CapitaLand Integrated Commercial Trust,1.89,9,9,3,10,9,2,3,45,2.0,50.0,Weak,Watchlist only,53,15.2,-2.8,1.3,51.1,1,,Real Estate,14498737152.0,0.0
PROK,ProKidney Corp.,1.73,14,14,7,9,4,2,5,55,-3.0,50.0,Weak,Watchlist only,30,25.4,7.5,11.3,59.4,1,,Healthcare,522563136.0,1311690.88
CRCE,Crown Resources Corp,1.45,9,8,9,9,8,3,2,48,-3.0,50.0,Weak,🔥 COILED: Watchlist only,29,13.4,9.1,5.7,54.5,2,,Energy,2601000.0,771.81
BDTX,Black Diamond Therapeutics Inc,2.24,14,11,6,14,4,3,5,57,-5.0,50.0,Weak,Watchlist only,39,8.7,7.2,10.1,66.3,1,,Healthcare,119760704.0,1066736.67
TELDF,Telefónica Deutschland Holding AG,2.263,7,9,6,7,6,6,2,43,2.0,50.0,Weak,🔥 COILED: Watchlist only,36,0.0,0.0,0.0,54.8,0,,Communication Services,6687346688.0,124.0
RUMBW,Rumble Inc.,2.72,16,8,8,12,6,9,5,64,-19,50,Weak,Watchlist only,61,57.2,54.5,46.0,77.7,2,9,nan,nan,21011.16
GPFOF,Grupo Financiero Inbursa S.A.B. de C.V,2.55,19,5,6,9,3,5,5,52,2.0,50.0,Weak,Watchlist only,53,7.1,3.2,3.7,59.4,0,,Financial Services,14867475456.0,0.0
LAGVX,LORD ABBETT INCOME FUND CLASS A,2.39,5,11,10,8,3,4,2,43,2.0,50.0,Weak,🔥 COILED: Watchlist only,32,0.4,0.4,0.2,51.6,0,,nan,0.0,0.0
LAUTX,LORD ABBETT INCOME FUND CLASS R5,2.39,5,11,10,8,3,4,2,43,2.0,50.0,Weak,🔥 COILED: Watchlist only,33,0.4,0.4,0.1,50.9,0,,nan,0.0,0.0
LAUVX,LORD ABBETT INCOME FUND CLASS R6,2.39,5,11,10,8,3,4,2,43,2.0,50.0,Weak,🔥 COILED: Watchlist only,33,0.4,0.4,0.1,50.9,0,,nan,0.0,0.0
LOGVX,Lord Abbett Income Cl F3,2.39,5,11,10,8,3,4,2,43,2.0,50.0,Weak,🔥 COILED: Watchlist only,33,0.4,0.4,0.1,51.1,0,,nan,0.0,0.0
KLNG,Koil Energy Solutions Inc.,3.3,18,8,7,14,6,6,5,64,-14.0,50.0,Weak,Watchlist only,69,14.6,32.5,17.4,74.2,2,,Energy,31591512.0,27343.0
ADTGAX,ADTGAX,2.627,4,12,10,8,3,4,2,43,2.0,50.0,Weak,🔥 COILED: Watchlist only,32,0.1,0.0,0.0,49.6,0,,nan,nan,0.0
GMTLF,Guardian Metal Resources PLC,2.64,9,14,7,12,4,7,5,58,-6.0,50.0,Weak,Watchlist only,39,4.9,0.8,8.8,58.4,2,,Basic Materials,689793344.0,170583.04
JSHNX,JANUS SHORT-TERM BOND FUND CLASS N,2.86,15,10,4,8,4,2,2,45,2.0,50.0,Weak,Watchlist only,32,0.0,0.4,0.2,56.1,0,,nan,0.0,0.0
JNSTX,JANUS SHORT-TERM BOND FUND CLASS D,2.88,15,10,4,8,4,2,2,45,2.0,50.0,Weak,Watchlist only,35,0.0,0.3,0.2,56.3,0,,nan,0.0,0.0
ARAAF,Aclara Resources Inc,2.86,12,14,5,15,4,0,5,55,-6.0,50.0,Weak,Watchlist only,49,-1.3,-1.7,2.9,53.4,1,,Basic Materials,752060736.0,158802.46
AGEN,Agenus Inc,8.36,16,12,6,14,6,2,5,61,-9.0,50.0,Weak,Watchlist only,59,11.0,22.4,15.3,63.6,2,,Healthcare,134088632.0,633734.88
NPSCY,Nippon Steel Corp ADR,4.29,13,11,4,9,6,1,4,48,2.0,50.0,Weak,Watchlist only,60,-2.1,-1.4,2.3,59.8,1,,Basic Materials,18082975744.0,225425.86
SFGLF,Steadfast Group Ltd,4.08,15,4,8,8,6,2,2,45,0.0,50.0,Weak,🔥 COILED: Watchlist only,42,0.0,0.0,0.1,56.3,0,,Financial Services,3836371456.0,129.3
MNKD,MannKind Corp,4.16,14,12,7,15,6,1,5,60,-8.0,50.0,Weak,Watchlist only,57,2.2,8.3,3.0,54.2,2,,Healthcare,1087504640.0,5081016.26
SWSSF,Swiss Water Decaffeinated Coffee Inc,4.2,15,6,12,11,6,6,2,58,-13.0,50.0,Weak,🔥 COILED: Watchlist only,58,0.0,0.0,0.3,99.8,0,,Consumer Defensive,32944754.0,172.0
TQPAX,Touchstone Strategic Income Opportunities Fund Class A,3.25,10,10,10,8,4,7,2,51,-1.0,50.0,Weak,Watchlist only,37,0.6,0.6,0.4,55.9,0,,nan,nan,0.0
AARD,"Aardvark Therapeutics, Inc. Common Stock",7.25,11,10,6,10,6,3,5,51,-1.0,50.0,Weak,Watchlist only,63,18.0,0.8,8.6,56.0,1,,Healthcare,83120424.0,219286.16
NEHYX,LOOMIS SAYLES HIGH INCOME FUND CLASS Y,3.65,12,10,7,8,4,2,3,46,1.0,50.0,Weak,Watchlist only,44,0.3,0.3,0.3,62.5,0,,nan,0.0,0.0
WIGOX,WASATCH GLOBAL OPPORTUNITIES FUND INSTITUTIONAL CLASS SHARES,4.22,10,8,5,9,6,2,3,43,2.0,50.0,Weak,🔥 COILED: Watchlist only,53,0.2,-1.2,0.3,54.5,0,,nan,0.0,0.0
BKISF,iShares IV Public Limited Company - iShares US Mortgage Backed Securities UCITS ETF,4.154,14,5,7,11,3,7,3,50,-3.0,50.0,Weak,Watchlist only,32,0.0,0.4,0.4,70.3,0,,Other,nan,47580.27
XYF,X Financial Class A,5.42,13,3,4,15,7,3,5,50,0.0,50.0,Weak,Watchlist only,50,1.7,1.1,2.6,57.4,0,,Financial Services,181029856.0,199773.02
PIMSX,VIRTUS MULTI-SECTOR SHORT TERM BOND FUND CLASS I SHARES,4.55,7,9,11,8,4,2,2,43,2.0,50.0,Weak,🔥 COILED: Watchlist only,33,0.0,0.0,0.1,53.5,0,,nan,0.0,0.0
PBHAX,PRUDENTIAL HIGH YIELD FUND CLASS A,4.76,6,12,6,8,4,4,3,43,2.0,50.0,Weak,🔥 COILED: Watchlist only,32,0.2,0.0,0.0,50.0,0,,nan,0.0,0.0
PDVGX,Putnam Diversified Income Class R6,4.89,7,12,5,8,4,4,3,43,2.0,50.0,Weak,🔥 COILED: Watchlist only,32,0.2,0.2,0.1,52.3,0,,nan,0.0,0.0
WAGIX,WESTERN ASSET GLOBAL STRATEGIC INCOME FUND CLASS IS,4.96,7,12,7,8,3,4,2,43,2.0,50.0,Weak,🔥 COILED: Watchlist only,33,0.2,0.0,0.0,49.7,0,,nan,0.0,0.0
TWODF,Taylor Wimpey plc,1.11,14,5,7,9,6,4,4,49,-3.0,49.0,Weak,Watchlist only,40,0.0,6.7,3.3,70.1,0,,Consumer Cyclical,3299808768.0,0.0
RHEP,"Regional Health Properties, Inc.",1.1,17,8,7,8,1,2,4,47,2.0,49.0,Weak,Watchlist only,25,10.0,8.9,5.5,57.7,2,,Healthcare,4709600.0,4818.44
SAPLF,Sylvania Platinum Limited,1.24,12,6,5,14,3,2,5,47,2.0,49.0,Weak,Watchlist only,42,5.5,6.0,5.2,59.6,0,,Basic Materials,383059808.0,23242.82
MGMNF,Magna Mining Inc,1.95,16,8,7,15,7,7,5,65,-14.0,49.0,Weak,Watchlist only,59,5.4,4.3,6.2,61.6,1,,Basic Materials,423896480.0,133836.62
CHN,China Fund Inc,1.445,15,6,6,14,3,4,5,53,-2.0,49.0,Weak,Watchlist only,35,7.4,4.7,8.1,61.7,0,,Financial Services,145902700.0,1597438.27
APTOF,DMD Digital Health Connections Group Inc,1.69,16,11,6,16,5,2,5,61,-12.0,49.0,Weak,Watchlist only,46,10.5,4.8,5.7,62.5,1,,Healthcare,4032838.0,5609.24
RC,Ready Capital Corp,1.99,16,9,7,15,6,7,5,65,-14.0,49.0,Weak,Watchlist only,38,17.8,11.2,13.5,67.3,3,,Real Estate,283899520.0,2758882.82
IPHA,Innate Pharma,2.27,18,9,3,7,8,7,5,57,-6.0,49.0,Weak,Watchlist only,59,9.7,5.6,8.8,58.9,1,,Healthcare,168086880.0,89943.37
AIRRF,Aurion Resources Ltd,1.855,13,12,7,8,6,6,2,54,-5.0,49.0,Weak,Watchlist only,61,-0.4,-1.1,-0.0,57.4,1,,Basic Materials,314679264.0,58206.92
LXRX,Lexicon Pharmaceuticals Inc,2.34,11,9,9,7,9,0,2,47,-3.0,49.0,Weak,🔥 COILED: Watchlist only,59,-3.3,-3.7,0.1,50.8,2,,Healthcare,843973120.0,2439753.74
JAGU,Jaguar Uranium Corp.,1.67,3,13,8,14,3,2,3,46,-1.0,49.0,Weak,Watchlist only,0,4.4,-2.9,1.7,50.7,2,,Energy,41397240.0,0.0
IVCHF,Invicta Holdings Ltd,1.98,12,7,11,7,3,2,2,44,0.0,49.0,Weak,🔥 COILED: Watchlist only,52,0.0,0.0,0.0,50.0,0,,Industrials,171523488.0,45.5
CIADF,China Mengniu Dairy Company Limited,2.02,5,4,10,12,6,5,2,44,0.0,49.0,Weak,🔥 COILED: Watchlist only,40,0.0,0.0,-0.1,41.3,0,,Consumer Defensive,8549817344.0,5377.0
OLPX,Olaplex Holdings Inc,2.07,17,8,5,12,6,2,3,53,-7.0,49.0,Weak,Watchlist only,54,0.0,0.5,0.6,63.7,1,,Consumer Cyclical,1367758080.0,2610513.69
CMPX,Compass Therapeutics Inc.,2.53,16,8,7,15,6,11,5,68,-17.0,49.0,Weak,Watchlist only,29,5.9,15.0,11.3,65.5,3,,Healthcare,383587296.0,3688054.58
AREC,American Resources Corp Class A,2.72,11,11,6,15,6,4,5,58,-7.0,49.0,Weak,Watchlist only,51,1.5,-6.2,8.9,60.5,1,,Basic Materials,254591632.0,5338498.57
ELME,Elme Communities,1.69,15,14,11,6,5,4,4,59,-10.0,49.0,Weak,Watchlist only,27,5.0,4.3,3.7,63.2,1,,Real Estate,181403376.0,2127497.37
BOREF,Borealis Exploration Ltd,2.0,8,8,11,12,4,4,2,49,-5.0,49.0,Weak,🔥 COILED: Watchlist only,37,0.0,0.0,0.0,52.4,1,,Financial Services,10897809.0,940.43
WIEMX,WASATCH EMERGING MARKETS SMALL CAP FUND INSTITUTIONAL CLASS SHARES,2.14,10,15,6,9,4,1,5,50,-1.0,49.0,Weak,Watchlist only,46,-0.9,0.9,1.2,55.6,0,,nan,0.0,0.0
AWX,Avalon Holdings Corporation,2.71,13,2,2,14,5,4,4,44,2.0,49.0,Weak,Watchlist only,53,-1.5,-5.2,0.8,53.6,0,,Industrials,9904557.0,91692.19
RDVIX,ROYCE DIVIDEND VALUE FUND INVESTMENT CLASS,2.66,10,4,9,7,3,4,2,39,2.0,49.0,Weak,🔥 COILED: Watchlist only,41,-0.4,-0.4,0.1,54.2,0,,nan,0.0,0.0
VNJA,Vanjia Corp,5.4,14,5,5,14,1,5,2,46,0.0,49.0,Weak,Watchlist only,35,7.1,23.9,10.1,58.6,2,,Consumer Cyclical,82500000.0,166.45
JFU,9F Inc,2.84,12,11,6,15,4,1,5,54,-3.0,49.0,Weak,Watchlist only,50,-3.4,38.5,12.0,58.3,2,,Technology,35389464.0,22736.05
MBRFY,Marfrig Global Foods S.A.,3.5,16,10,4,9,5,5,5,54,-5.0,49.0,Weak,Watchlist only,47,14.4,17.8,7.3,58.6,2,,Consumer Defensive,4288926976.0,375939.01
GNZUY,"Guangzhou Automobile Group Co., Ltd.",2.9,7,5,8,11,3,4,3,41,0.0,49.0,Weak,🔥 COILED: Watchlist only,29,0.0,0.0,0.2,49.6,1,,Consumer Cyclical,3059119616.0,9.31
TKFHY,Tekfen Holding AS ADR,3.22,12,6,11,8,3,2,2,44,0.0,49.0,Weak,🔥 COILED: Watchlist only,51,0.0,0.0,0.0,50.0,1,,Basic Materials,574077696.0,4.5
CLPR,Clipper Realty Inc,3.43,16,8,6,15,7,9,5,66,-15.0,49.0,Weak,Watchlist only,47,9.2,17.9,9.5,70.3,3,,Real Estate,134645632.0,72100.32
VDTA,"Vertical Data, Inc",3.833,11,5,7,14,5,7,5,54,-8.0,49.0,Weak,Watchlist only,0,-0.7,-4.2,1.0,51.8,0,,Technology,125638808.0,0.0
GRAB,Grab Holdings Ltd,3.58,3,12,7,8,8,4,4,46,2.0,49.0,Weak,Watchlist only,36,3.8,-4.3,0.2,50.1,0,,Technology,14151399424.0,49543273.51
ATLX,Atlas Lithium Corporation Common Stock,3.44,14,9,9,12,4,5,5,58,-7.0,49.0,Weak,Watchlist only,21,14.3,7.8,8.8,62.2,1,,Basic Materials,125336272.0,686817.2
ZTCOF,ZTE Corp-H,3.03,8,11,11,8,3,6,3,50,-1.0,49.0,Weak,Watchlist only,40,9.4,5.6,4.6,59.0,1,,Technology,21861355520.0,330.25
WPPGF,WPP plc,5.63,17,4,8,14,6,5,5,59,-10.0,49.0,Weak,Watchlist only,54,2.4,3.4,12.7,87.4,1,,Communication Services,3742480128.0,6201.81
GRCLF,GrainCorp Limited,4.03,11,9,6,7,4,5,5,47,2.0,49.0,Weak,Watchlist only,42,10.4,4.9,4.3,54.8,1,,Consumer Defensive,869285504.0,0.0
TMQ,Trilogy Metals Inc,3.84,14,8,6,14,5,5,5,57,-6.0,49.0,Weak,Watchlist only,35,7.0,-2.3,5.6,58.3,1,,Basic Materials,659124288.0,6830924.04
FOFO,"Hang Feng Technology Innovation Co., Ltd.",2.58,8,14,9,11,3,4,5,54,-6.0,49.0,Weak,Watchlist only,39,3.2,2.0,2.5,51.3,1,,Industrials,49893404.0,0.0
PHCIX,VIRTUS HIGH YIELD FUND CLASS I,3.79,7,13,4,8,4,4,2,42,2.0,49.0,Weak,🔥 COILED: Watchlist only,36,0.3,0.0,0.1,51.0,0,,nan,0.0,0.0
IRD,"Opus Genetics, Inc.",4.11,16,14,7,10,5,1,5,58,-10.0,49.0,Weak,Watchlist only,47,11.4,5.9,7.6,61.9,1,,Healthcare,341861248.0,693756.23
BSEM,Biostem Technologies Inc,3.81,10,12,2,14,5,3,5,51,-2.0,49.0,Weak,Watchlist only,38,21.0,0.8,7.0,54.5,1,,Healthcare,63690208.0,81052.75
CPPKF,Copperbank Resources Corp,4.28,15,8,9,9,3,3,5,52,-3.0,49.0,Weak,Watchlist only,66,9.5,9.2,4.8,55.8,2,,Basic Materials,1341524224.0,80026.12
EARN,Ellington Residential Mortgage,4.43,11,8,7,12,2,4,2,46,0.0,49.0,Weak,Watchlist only,36,1.1,1.6,0.5,51.7,0,,Financial Services,174319232.0,397515.93
PYPD,PolyPid,5.1,15,14,5,15,5,2,5,61,-10.0,49.0,Weak,Watchlist only,52,7.8,7.8,5.9,59.1,1,,Healthcare,93377760.0,76251.29
KRNMF,CLARIANE SE,4.78,13,5,9,9,4,4,2,46,-2.0,49.0,Weak,🔥 COILED: Watchlist only,40,0.0,0.0,0.0,68.1,0,,nan,1698723712.0,1838.12
OPRT,Oportun Financial Corp,7.51,15,3,5,15,5,0,5,48,1.0,49.0,Weak,Watchlist only,62,1.2,-1.2,5.4,61.5,0,,Financial Services,220459792.0,532896.14
TRBFX,T. ROWE PRICE LIMITED DURATION INFLATION FOCUSED BOND FUND INC. T. ROWE PRICE LIMITED DURATION INFLATION FOCUSED BOND FUND INC.,4.77,14,12,9,8,4,4,3,54,-5.0,49.0,Weak,Watchlist only,49,0.2,0.4,0.3,62.2,0,,nan,0.0,0.0
JAFJX,John Hancock Variable Insurance Trust - Capital Appreciation Value Trust,4.96,7,11,4,9,4,1,4,40,4.0,49.0,Weak,🔥 COILED: Watchlist only,56,-0.6,-1.0,-0.2,49.8,0,,nan,nan,0.0
BQSSF,Boss Resources Ltd,1.31,16,8,7,17,6,9,5,68,-22.2,48.8,Weak,Watchlist only,56,24.8,24.2,23.9,73.0,3,,Energy,394416544.0,48891.11
ITGDF,Integral Diagnostics Limited,2.612,15,4,10,9,4,1,2,45,-2.0,48.0,Weak,🔥 COILED: Watchlist only,40,0.0,0.0,1.3,64.2,0,,Healthcare,373066528.0,6.6
VRNO,Verano Holdings Corp.,6.02,15,4,5,15,5,4,5,53,-5.0,48.0,Weak,Watchlist only,56,3.1,2.9,3.7,58.4,1,,Healthcare,408107616.0,0.0
CHOLF,China Oilfield Services Limited,0.9,12,5,8,11,3,3,3,45,0.0,48.0,Weak,Watchlist only,0,0.0,0.0,0.5,58.8,0,,Energy,5582762496.0,34.01
KOOYF,Kootenay Silver Inc,0.987,11,8,5,14,5,5,5,53,-3.0,48.0,Weak,Watchlist only,35,10.3,3.0,6.3,58.7,1,,Basic Materials,117722456.0,246364.29
ORKT,Orangekloud Technology Inc. Class A Ordinary Shares,1.11,14,11,10,11,3,3,5,57,-10.0,48.0,Weak,Watchlist only,50,9.9,9.9,8.8,61.7,2,,Technology,7825292.0,444514.57
SDPNF,Sime Darby Plantation Berhad,1.489,9,6,11,10,3,2,2,43,0.0,48.0,Weak,🔥 COILED: Watchlist only,47,0.0,0.0,0.0,50.0,0,,Consumer Defensive,11204374528.0,20.49
SVC,Service Properties Trust,7.96,15,6,8,7,5,2,2,45,0.0,48.0,Weak,Watchlist only,59,1.7,-2.1,0.1,55.9,1,,Real Estate,1067891520.0,4362389.64
MAYNF,Mayne Pharma Group Limited,2.3,13,6,10,9,3,5,5,51,-3.0,48.0,Weak,Watchlist only,47,0.4,-0.4,4.7,57.6,1,,Healthcare,129993320.0,0.0
COLZF,Coca-Cola Içecek Anonim Sirketi,1.68,6,7,10,8,3,7,2,43,0.0,48.0,Weak,🔥 COILED: Watchlist only,49,0.0,0.0,-0.0,42.5,0,,Consumer Defensive,4784714752.0,1341.69
CCPPF,Capital & Counties Properties PLC,1.82,6,4,10,9,6,6,2,43,0.0,48.0,Weak,🔥 COILED: Watchlist only,51,0.0,0.0,-0.0,50.3,0,,Real Estate,3281440256.0,52.6
MCBRF,McBride plc,2.72,15,6,11,10,6,6,2,56,-13.0,48.0,Weak,🔥 COILED: Watchlist only,58,0.0,0.0,1.2,99.9,0,,Consumer Defensive,314388288.0,448.39
CNPRF,Condor Petroleum Inc,3.2,17,7,6,15,3,5,5,58,-10.0,48.0,Weak,Watchlist only,55,6.5,7.8,7.8,64.2,1,,Energy,163574384.0,10870.85
MGMLF,Maple Gold Mines Ltd,2.09,13,8,6,10,7,7,5,56,-6.0,48.0,Weak,Watchlist only,54,6.4,0.0,3.8,56.0,1,,Basic Materials,158748976.0,78437.71
ACJJF,Acom Co. Ltd,2.44,10,7,11,8,3,2,2,43,0.0,48.0,Weak,🔥 COILED: Watchlist only,45,0.0,0.0,0.0,50.0,0,,Financial Services,3822537984.0,5.16
QKIE,QKIE,2.22,7,12,3,10,6,6,2,46,2.0,48.0,Weak,Watchlist only,48,-0.9,-0.9,-0.9,45.2,1,,Financial Services,1189168256.0,633.69
RR,Richtech Robotics Inc. Class B Common Stock,1.97,14,14,9,13,3,7,5,65,-20.0,48.0,Weak,Watchlist only,31,22.4,13.2,16.9,61.8,3,,Industrials,602591104.0,28191616.42
RYDVX,ROYCE DIVIDEND VALUE FUND SERVICE CLASS,2.66,9,4,9,7,3,4,2,38,2.0,48.0,Weak,🔥 COILED: Watchlist only,40,-0.4,-0.4,0.1,54.2,0,,nan,0.0,0.0
PAHGF,Pets at Home Group Plc,2.718,15,5,10,9,4,0,4,47,-2.0,48.0,Weak,Watchlist only,46,0.0,4.1,2.4,60.6,0,,Consumer Cyclical,1194160128.0,0.0
WPNTF,Warpaint London PLC,2.9,13,5,8,12,6,2,5,51,-3.0,48.0,Weak,Watchlist only,44,0.0,0.0,2.3,76.9,0,,Consumer Defensive,202170272.0,420.68
XDHFX,Dreyfus High Yield Strategies Fund,2.68,7,10,6,8,3,4,3,41,2.0,48.0,Weak,🔥 COILED: Watchlist only,37,0.4,0.4,0.1,51.7,0,,Other,0.0,0.0
DRAFX,Destinations Real Assets Fund,2.85,17,4,7,7,6,6,3,50,-5.0,48.0,Weak,Watchlist only,69,1.8,2.2,1.5,72.8,0,,nan,0.0,0.0
MEDXF,Medexus Pharmaceuticals Inc,3.72,13,7,5,11,6,4,5,51,-3.0,48.0,Weak,Watchlist only,56,0.5,-1.8,1.7,56.0,1,,Healthcare,82394160.0,12016.1
PLUG,Plug Power Inc,2.27,7,15,9,7,3,7,5,53,-3.0,48.0,Weak,Watchlist only,28,5.1,2.3,2.2,51.2,1,,Industrials,5022248448.0,99467728.99
TSRYY,Treasury Wine Estates Ltd PK,4.02,13,3,7,15,3,4,5,50,-2.0,48.0,Weak,Watchlist only,61,3.2,3.1,5.3,63.3,1,,Consumer Defensive,2692293632.0,385721.62
CTMX,CytomX Therapeutics Inc,3.37,2,12,8,11,9,1,4,47,-3.0,48.0,Weak,Watchlist only,38,-0.6,-2.3,-0.2,49.1,2,,Healthcare,653108736.0,4400432.95
UROY,Uranium Royalty Corp,4.43,16,5,7,14,7,9,5,63,-13.0,48.0,Weak,Watchlist only,66,9.7,6.2,12.5,73.7,0,,Energy,523335264.0,3119848.01
RKIGF,Reko International Group Inc,3.0,12,6,10,8,3,2,2,43,0.0,48.0,Weak,🔥 COILED: Watchlist only,52,0.0,0.0,0.0,50.0,0,,Industrials,16452939.0,12.5
GPTGF,GPT Group,3.41,8,4,10,10,4,3,2,41,2.0,48.0,Weak,🔥 COILED: Watchlist only,43,0.0,0.0,-0.2,44.6,0,,Real Estate,6589586432.0,0.0
ITEX,ITEX Corp,3.2,18,6,6,7,1,5,4,47,1.0,48.0,Weak,Watchlist only,40,9.2,-1.5,4.2,64.0,0,,Financial Services,5498626.0,420.12
MGLUY,Magazine Luiza S.A,3.9,12,14,3,7,4,2,2,44,4.0,48.0,Weak,Watchlist only,29,23.0,16.4,14.9,59.9,2,,Consumer Cyclical,1021243008.0,405.52
GTN,Gray Television Inc,5.02,11,7,5,14,6,2,5,50,0.0,48.0,Weak,Watchlist only,49,3.3,5.5,5.9,60.1,1,,Communication Services,414036000.0,1265964.93
DETX,"Liberty Defense Holdings, Ltd. Common Shares",3.65,12,6,4,11,3,7,5,48,-3.0,48.0,Weak,Watchlist only,0,0.8,-2.1,3.2,54.4,1,,Industrials,25517316.0,0.0
HIIFX,CATALYST/SMH HIGH INCOME FUND CATALYST/SMH HIGH INCOME FUND CLASS A,4.06,5,12,5,9,4,4,2,41,2.0,48.0,Weak,🔥 COILED: Watchlist only,56,0.5,-0.2,0.1,50.2,0,,nan,0.0,0.0
SITIF,SITC International Holdings Company Limited,5.01,15,6,12,9,6,6,2,56,-13.0,48.0,Weak,🔥 COILED: Watchlist only,67,0.0,0.0,1.9,86.5,0,,Industrials,11636963328.0,6273.59
PNAGF,PETRONAS Gas Berhad,4.45,6,4,10,10,4,7,2,43,0.0,48.0,Weak,🔥 COILED: Watchlist only,41,0.0,0.0,-0.0,47.1,0,,Energy,8558014976.0,0.0
NHPEF,New Hope Corporation Ltd,4.27,16,12,7,14,5,2,5,61,-13.0,48.0,Weak,Watchlist only,56,8.7,6.7,7.9,63.6,0,,Energy,3766784256.0,0.0
CLBEY,Calbee Inc,4.8,13,5,7,9,4,6,4,48,0.0,48.0,Weak,Watchlist only,41,0.0,1.2,1.8,59.1,0,,Consumer Defensive,2122437504.0,4298.32
ABUS,Arbutus Biopharma Corp,5.2,18,7,4,10,5,5,5,54,-2.0,48.0,Weak,Watchlist only,67,7.4,11.3,8.6,66.5,2,,Healthcare,839535296.0,1630167.49
CFWFF,Calfrac Well Services Ltd,4.99,16,5,6,9,6,3,5,50,-2.0,48.0,Weak,Watchlist only,52,-1.8,2.0,2.7,60.5,0,,Energy,486282560.0,10627.97
TRVG,Trivago NV,5.52,17,12,2,7,7,2,3,50,2.0,48.0,Weak,Watchlist only,60,15.2,5.5,5.2,58.4,0,,Communication Services,303307584.0,51995.12
AHT-P-I,Ashford Hospitality Trust Inc 7.50% Series I Cumulative Preferred Stock,6.24,14,5,2,14,7,1,5,48,0.0,48.0,Weak,Watchlist only,37,-10.7,25.3,5.9,57.7,2,,Other,nan,7772.28
HLNCF,Haleon plc,5.05,16,8,8,10,5,6,3,56,-8.0,48.0,Weak,Watchlist only,59,4.9,3.9,2.6,56.8,0,,Healthcare,39219437568.0,39190.61
HUSQF,Husqvarna AB (publ),3.97,15,4,7,10,3,2,4,45,0.0,48.0,Weak,Watchlist only,30,5.0,5.0,2.6,75.2,0,,Industrials,2572960512.0,0.0
BFLY,Butterfly Network Inc,9.04,13,10,5,14,7,2,5,56,-8.0,48.0,Weak,Watchlist only,63,0.4,-3.5,3.7,56.4,1,,Healthcare,1357916288.0,5671162.26
ILKAF,Iluka Resources Limited,5.15,15,5,7,15,1,3,5,51,-3.0,48.0,Weak,Watchlist only,60,3.0,0.4,4.8,58.6,1,,Basic Materials,2539924224.0,44604.65
DIALF,Dialight plc,6.38,15,6,11,10,6,6,2,56,-13.0,48.0,Weak,🔥 COILED: Watchlist only,62,0.0,0.0,2.4,99.8,0,,Industrials,163889696.0,152.5
PSPFX,GLOBAL RESOURCES FUND GLOBAL RESOURCES FUND,4.85,14,7,8,9,4,3,5,50,-2.0,48.0,Weak,Watchlist only,38,3.9,2.5,3.7,65.8,0,,nan,0.0,0.0
PDVMX,PUTNAM DIVERSIFIED INCOME TRUST CLASS M SHARES,4.81,7,12,3,8,4,4,3,41,2.0,48.0,Weak,🔥 COILED: Watchlist only,31,0.2,0.2,0.1,52.3,0,,nan,0.0,0.0
CONL,GraniteShares ETF Trust - GraniteShares 1.5x Long COIN Daily ETF,6.28,15,10,7,14,5,7,5,63,-15.0,48.0,Weak,Watchlist only,32,59.8,53.5,27.5,63.5,2,9,nan,nan,12328631.85
BDCO,Blue Dolphin Energy Co,7.6,18,8,4,15,6,4,5,60,-10.5,47.5,Weak,Watchlist only,62,17.8,81.0,39.0,78.3,2,,Energy,56703476.0,10351.32
GHG,GreenTree Hospitality Group Ltd,1.11,8,12,6,9,4,1,2,42,2.0,47.0,Weak,Watchlist only,33,0.0,-0.9,-0.7,45.9,0,,Consumer Cyclical,118049872.0,28393.09
MGIMF,Verve Group SE,2.4,10,4,10,9,6,3,2,44,-2.0,47.0,Weak,🔥 COILED: Watchlist only,50,0.0,0.0,0.7,61.3,0,,Technology,411740896.0,53.5
AFLYY,Air France KLM SA,1.37,4,9,9,13,8,2,2,47,-3.0,47.0,Weak,Watchlist only,52,4.6,-0.7,1.2,51.2,1,,Industrials,3291897088.0,156149.14
RFLFY,Raffles Education Corporation Ltd ADR,1.33,10,6,11,8,3,2,2,42,0.0,47.0,Weak,🔥 COILED: Watchlist only,53,0.0,0.0,0.0,50.0,0,,Consumer Defensive,120860096.0,9.0
HHLKF,Hot Chili Limited,1.31,18,14,4,8,4,2,5,55,-8.0,47.0,Weak,Watchlist only,53,3.1,8.3,6.8,58.7,2,,Basic Materials,298214912.0,56334.75
MYSE,"Myseum, Inc.",2.83,18,9,6,12,6,7,5,63,-19.0,47.0,Weak,Watchlist only,55,7.6,15.0,8.9,64.2,3,,Technology,8118926.0,1543368.9
NMG,Nouveau Monde Graphite Inc,1.48,11,10,7,10,4,5,5,52,-6.0,47.0,Weak,Watchlist only,28,8.0,5.0,3.9,54.3,1,,Basic Materials,575950080.0,906982.8
NBP,NovaBridge Biosciences,1.93,11,9,4,12,9,4,5,54,-8.0,47.0,Weak,Watchlist only,32,2.1,4.9,3.8,56.1,1,,Healthcare,197758944.0,1036939.94
ENGS,Energys Group Limited Ordinary Shares,2.92,14,11,5,9,7,0,4,50,-3.0,47.0,Weak,Watchlist only,60,-0.7,5.8,3.8,58.5,1,,Industrials,48442792.0,413958.03
CNCK,Coincheck Group N.V. Ordinary Shares,2.16,6,13,6,12,9,4,2,52,-3.0,47.0,Weak,Watchlist only,50,7.5,7.7,1.3,49.9,1,,Financial Services,244668816.0,547091.46
HOUR,Hour Loop Inc,1.86,5,12,5,11,6,0,3,42,2.0,47.0,Weak,Watchlist only,26,1.1,-4.1,-0.5,48.6,0,,Consumer Cyclical,67216504.0,1529140.2
FCCN,Spectral Cap Corp,5.2,12,10,8,11,6,6,2,55,-11.0,47.0,Weak,Watchlist only,59,4.0,0.8,2.0,54.6,1,,Technology,187743888.0,10725.95
ZHYBF,Zhong Yuan Bio-Technology Holdings Limited,2.02,10,6,11,8,3,2,2,42,0.0,47.0,Weak,🔥 COILED: Watchlist only,42,0.0,0.0,0.0,50.0,0,,Consumer Defensive,35753228.0,3.9
PNTOF,Pantoro Ltd,1.99,13,4,6,15,4,2,5,49,-2.0,47.0,Weak,Watchlist only,35,9.3,15.7,13.9,78.8,2,,Basic Materials,956829312.0,1150.19
WLMIF,Wilmar International Limited,2.94,9,9,3,9,8,2,2,42,2.0,47.0,Weak,Watchlist only,39,10.9,-3.0,3.1,54.3,1,,Consumer Defensive,16606111744.0,5222.0
SDRMF,SiteMinder Limited,2.71,12,6,9,9,4,4,5,49,-7.0,47.0,Weak,🔥 COILED: Watchlist only,38,0.0,0.0,1.7,60.3,1,,Technology,808326464.0,1802.48
ARHVF,Archer Limited,2.5,4,4,10,9,6,7,2,42,0.0,47.0,Weak,🔥 COILED: Watchlist only,40,0.0,0.0,-0.5,44.7,1,,Energy,290523648.0,0.0
TNGCF,Tongcheng Travel Holdings Limited,2.8,10,6,11,8,3,2,2,42,0.0,47.0,Weak,🔥 COILED: Watchlist only,49,0.0,0.0,0.0,50.0,0,,Consumer Cyclical,6591793664.0,137.29
SMNOF,SMN Corporation,2.97,9,6,11,9,3,2,2,42,0.0,47.0,Weak,🔥 COILED: Watchlist only,48,0.0,0.0,0.0,50.0,0,,Communication Services,43442288.0,42.0
LNVGF,Lenovo Group,3.95,12,9,3,10,6,4,5,49,-2.0,47.0,Weak,Watchlist only,65,1.5,3.4,7.5,61.0,0,,Technology,38330396672.0,116462.71
DNN,Denison Mines Corp,3.72,15,11,7,16,6,9,5,69,-23.0,47.0,Weak,Watchlist only,56,18.1,12.4,14.4,70.4,3,,Energy,3086107904.0,53922061.51
CATX,Perspective Therapeutics Inc.,3.29,11,16,7,10,5,1,5,55,-6.0,47.0,Weak,Watchlist only,29,2.5,3.5,3.9,55.1,1,,Healthcare,406004480.0,2011609.04
MDBPF,Medibank Private Limited,3.9,10,7,11,7,3,2,2,42,2.0,47.0,Weak,Watchlist only,0,0.0,0.0,0.0,56.7,0,,Financial Services,10740613120.0,0.0
ACOPF,The a2 Milk Company Limited,4.81,9,8,6,7,3,6,3,42,2.0,47.0,Weak,Watchlist only,31,-1.8,-2.8,0.2,49.4,0,,Consumer Defensive,2865433344.0,0.0
KSIOF,kneat.com inc.,4.65,13,5,10,14,6,3,3,54,-7.0,47.0,Weak,Watchlist only,48,0.8,0.6,0.9,60.4,2,,Healthcare,373184736.0,17147.08
SILXF,Silex Systems Limited,4.09,13,5,5,14,1,6,5,49,-2.0,47.0,Weak,Watchlist only,51,12.1,9.7,10.0,62.6,2,,Technology,1164832128.0,21398.59
ECC,Eagle Point Credit Company Inc.,3.83,8,3,9,8,3,6,3,40,2.0,47.0,Weak,🔥 COILED: Watchlist only,33,1.3,-1.0,0.3,51.6,2,,Financial Services,536767584.0,1768417.84
HFUS,Hartford Great Health Corp,4.0,8,7,10,8,3,2,2,40,2.0,47.0,Weak,🔥 COILED: Watchlist only,34,0.0,0.0,-0.0,47.2,0,,Communication Services,100108016.0,155.85
HIIIX,CATALYST/SMH HIGH INCOME FUND CATALYST/SMH HIGH INCOME FUND CLASS I,4.07,7,11,3,9,4,4,2,40,2.0,47.0,Weak,🔥 COILED: Watchlist only,59,0.5,0.0,0.1,51.1,0,,nan,0.0,0.0
SFGYY,Sony Financial Group Inc.,5.03,14,11,9,10,7,5,5,61,-12.0,47.0,Weak,Watchlist only,60,5.7,4.4,3.8,66.5,0,,Financial Services,5755847168.0,0.0
CRNZF,Cairn Energy PLC,5.07,16,6,11,12,6,2,2,55,-13.0,47.0,Weak,🔥 COILED: Watchlist only,59,0.0,0.0,1.2,100.0,0,,Energy,296636384.0,61.5
QNRX,Quoin Pharmaceuticals Ltd DRC,5.07,15,3,3,14,7,5,5,52,-5.0,47.0,Weak,Watchlist only,40,2.0,-5.2,1.1,52.1,1,,Healthcare,9037881.0,247795.72
GURE,"Gulf Resources, Inc. (NV) Common Stock",3.39,4,16,8,10,3,4,4,49,-3.0,47.0,Weak,Watchlist only,30,9.5,6.3,3.5,51.9,2,,Basic Materials,6927889.0,83521.17
SEIGY,Semperit Aktiengesellschaft Holding,4.804,16,5,4,11,6,0,5,47,0.0,47.0,Weak,Watchlist only,57,-9.2,23.2,3.5,58.4,2,,Industrials,390483776.0,69.6
MARPS,Marine Petroleum Trust,4.9,13,12,10,2,7,8,5,57,-13.0,47.0,Weak,Watchlist only,61,3.2,1.0,1.7,56.5,0,,Energy,9640000.0,33807.94
XPHKX,PIMCO High Income Fund,4.49,3,11,7,8,4,4,3,40,2.0,47.0,Weak,🔥 COILED: Watchlist only,36,0.4,-0.4,0.1,50.9,0,,Other,0.0,0.0
XIGRX,Voya Clarion Global Re Incm Fd,4.59,3,9,6,9,8,5,2,42,2.0,47.0,Weak,Watchlist only,38,0.7,1.5,-0.3,47.3,0,,Other,0.0,0.0
GRNT,Granite Ridge Resources Inc,5.05,9,3,5,15,7,2,5,46,0.0,47.0,Weak,Watchlist only,32,-3.3,-2.5,1.0,54.8,1,,Energy,658160960.0,724184.79
TLRY,Tilray Inc,4.88,12,14,7,15,4,5,5,62,-13.0,47.0,Weak,Watchlist only,37,9.2,2.1,5.9,58.5,1,,Healthcare,620745920.0,6891440.49
PYPG,Leverage Shares 2X Long PYPL Daily ETF,10.08,14,8,8,14,6,4,5,59,-10.0,47.0,Weak,Watchlist only,58,5.5,10.4,8.2,68.9,2,,nan,nan,630115.26
OGNNF,OGNNF,3.83,18,5,4,14,5,2,5,53,-4.2,46.8,Weak,Watchlist only,61,24.4,25.6,22.4,76.0,2,,Basic Materials,140807456.0,67424.7
HBFGF,Happy Belly Food Group Inc.,1.223,16,13,7,6,4,9,5,60,-15.0,46.0,Weak,Watchlist only,55,4.5,8.4,5.9,65.0,2,,Consumer Defensive,160109216.0,13004.67
CGGGF,Coats Group plc,1.115,14,5,5,7,6,1,5,43,0.0,46.0,Weak,Watchlist only,60,-1.8,-3.0,0.7,54.1,0,,Consumer Cyclical,2067511040.0,0.0
AMJT,AMJ Global Technology,1.32,7,7,11,7,3,6,2,43,0.0,46.0,Weak,Watchlist only,44,0.0,0.0,0.0,58.3,0,,Healthcare,147738176.0,53.13
GTIM,Good Times Restaurants Inc,1.5,13,3,2,12,5,4,4,43,0.0,46.0,Weak,Watchlist only,53,-0.7,1.4,1.0,54.9,0,,Consumer Cyclical,13830843.0,55365.54
GLDAF,GlobalData Plc,1.135,15,5,7,9,4,1,5,46,-3.0,46.0,Weak,Watchlist only,31,0.0,16.2,6.8,71.7,2,,Industrials,968554304.0,578.4
ICLTF,GreenFirst Forest Products Inc,1.5,14,4,9,12,4,3,5,51,-5.0,46.0,Weak,Watchlist only,44,7.1,7.1,6.9,59.8,1,,Basic Materials,34720456.0,7769.69
VGAS,Verde Clean Fuels Inc.,1.37,12,10,5,14,5,0,5,51,-3.0,46.0,Weak,Watchlist only,35,3.8,6.2,7.4,56.4,1,,Utilities,67269928.0,22195.57
MRNFF,Meren Energy Inc.,1.61,16,13,7,10,4,1,5,56,-10.0,46.0,Weak,Watchlist only,50,0.0,8.8,4.0,60.5,2,,Energy,1115590272.0,162410.28
GLXZ,Galaxy Gaming Inc,1.75,14,5,5,11,3,0,5,43,0.0,46.0,Weak,Watchlist only,28,-2.8,3.6,1.4,54.8,0,,Consumer Cyclical,40212432.0,63811.05
REAX,Real Brokerage Inc,28.43,17,8,6,17,6,7,5,66,-23,46,Weak,Watchlist only,72,972.8,1136.1,494.4,98.1,3,7,Real Estate,347669376.0,2171993.21
GGGOF,Galane Gold Ltd,2.19,16,6,7,14,5,4,5,57,-11.0,46.0,Weak,Watchlist only,73,6.8,14.5,12.3,68.9,2,,Basic Materials,128522448.0,115336.37
ONTTF,Oxford Nanopore Technologies Limited,2.48,16,8,7,15,6,11,5,68,-20,46,Weak,Watchlist only,65,50.3,41.7,33.6,77.3,3,10,Healthcare,1897150336.0,26810.18
RENX,RenX Enterprises Corp.,1.98,16,10,9,2,7,5,5,54,-13.0,46.0,Weak,🔥 COILED: Watchlist only,49,4.8,0.5,2.2,53.4,1,,Real Estate,4312897.0,1134139.93
JEM,707 Cayman Holdings Limited Ordinary Shares,6.795,20,12,8,13,4,3,5,65,-24,46,Weak,Watchlist only,73,62.2,66.5,50.0,68.3,3,5,Consumer Cyclical,2701902.0,400610.43
MALG,Microalliance Group Inc.,1.76,10,8,11,8,4,2,2,45,-2.0,46.0,Weak,Watchlist only,58,0.0,0.0,0.0,67.0,0,,Consumer Defensive,1072396352.0,23.48
TRKYY,Türkiye Sinai Kalkinma Bankasi A.S,1.8,7,7,11,9,3,2,2,41,0.0,46.0,Weak,🔥 COILED: Watchlist only,46,0.0,0.0,0.0,51.9,0,,Financial Services,338800000.0,30.0
ACTU,"Actuate Therapeutics, Inc. Common stock",1.58,13,13,10,16,3,3,5,63,-18,46,Weak,Watchlist only,30,50.5,56.4,32.1,66.2,4,9,Healthcare,43545052.0,93281.33
NUAIW,"New Era Energy & Digital, Inc.",2.47,12,11,4,15,4,0,5,51,-3.0,46.0,Weak,Watchlist only,53,-3.5,-0.8,2.5,52.5,0,,nan,nan,137413.66
CAOVF,China Overseas Land & Investment Limited,1.74,11,7,7,11,3,5,4,48,-2.0,46.0,Weak,Watchlist only,44,4.2,5.5,2.4,63.9,0,,Real Estate,22437011456.0,250.74
GFSEF,GFSEF,2.0,8,7,10,7,3,2,2,39,2.0,46.0,Weak,🔥 COILED: Watchlist only,38,0.0,0.0,-0.0,47.9,0,,Financial Services,15649690624.0,0.0
RMLRF,Ramelius Resources Ltd,2.74,17,9,5,14,7,2,5,59,-13.0,46.0,Weak,Watchlist only,53,7.5,5.0,7.9,65.2,0,,Basic Materials,4627373056.0,23778.77
RLLWF,Reliance Worldwide Corporation Limited,3.19,20,6,7,10,4,3,5,55,-9.0,46.0,Weak,Watchlist only,59,41.8,22.2,17.6,68.7,2,,Industrials,1645685376.0,0.0
MDEVY,Melco International Development Limited,2.4,16,6,6,8,3,1,5,45,-2.0,46.0,Weak,Watchlist only,33,12.1,12.1,5.5,70.0,2,,Consumer Cyclical,1014156096.0,212.25
GELYF,Geely Automobile Holdings Ltd,2.4,8,11,4,10,7,2,2,44,-3.0,46.0,Weak,🔥 COILED: Watchlist only,31,3.9,3.0,0.5,50.6,1,,Consumer Cyclical,26097717248.0,63131.23
GZPHF,Guangzhou Baiyunshan Pharmaceutical Holdings Company Limited,2.34,10,6,11,9,3,2,2,43,0.0,46.0,Weak,Watchlist only,43,0.0,0.0,0.0,31.1,0,,Healthcare,3479192832.0,418.8
ANVI,"Anvi Global Holdings, Inc.",2.46,7,7,11,9,3,2,2,41,0.0,46.0,Weak,🔥 COILED: Watchlist only,41,0.0,0.0,0.0,51.9,0,,Basic Materials,295076992.0,4.0
GNCGF,Greencore Group plc,3.51,13,5,9,14,6,4,5,56,-13.0,46.0,Weak,Watchlist only,57,0.0,0.0,2.6,92.0,0,,Consumer Defensive,2116872448.0,272.63
FWEDF,Fireweed Zinc Ltd,2.62,15,7,7,11,3,4,5,52,-4.0,46.0,Weak,Watchlist only,43,10.2,6.5,9.0,65.2,1,,Basic Materials,703001792.0,53147.69
FKWL,Franklin Wireless Corp,2.5,12,9,6,15,3,2,5,52,-6.0,46.0,Weak,Watchlist only,28,3.3,3.7,3.9,58.0,1,,Technology,33703040.0,16945.94
SLFPF,Abrdn PLC,3.26,13,2,5,10,6,5,5,46,0.0,46.0,Weak,Watchlist only,48,-2.7,0.9,1.7,56.5,0,,Financial Services,5528461824.0,0.0
CULP,"Culp, Inc. Common Stock",3.48,11,14,7,5,9,6,2,54,-13.0,46.0,Weak,🔥 COILED: Watchlist only,55,3.6,0.9,1.7,53.9,2,,Consumer Cyclical,40014400.0,29704.06
WZZZY,Wizz Air Holdings PLC,3.618,5,3,10,10,6,7,2,43,0.0,46.0,Weak,Watchlist only,48,0.0,0.0,-0.5,30.1,0,,Industrials,1365687552.0,266.94
FHNGY,The Foschini Group Limited,3.39,8,6,7,8,4,3,5,41,2.0,46.0,Weak,Watchlist only,23,0.0,0.0,-0.4,44.8,0,,Consumer Cyclical,1067730880.0,250.7
DEXSF,DEXUS,4.342,13,4,7,12,6,2,5,49,-3.0,46.0,Weak,Watchlist only,34,0.0,0.5,2.5,79.9,0,,Real Estate,3780879616.0,273.57
PGEN,Precigen Inc,7.28,19,8,7,14,6,7,5,66,-20.0,46.0,Weak,Watchlist only,71,7.9,6.1,8.9,64.1,1,,Healthcare,1376132352.0,5100722.44
LND,Brasilagro Adr,3.76,16,5,4,14,5,2,3,49,-1.0,46.0,Weak,Watchlist only,35,5.0,5.9,2.8,60.4,2,,Consumer Defensive,366714368.0,65248.85
KAUCX,FEDERATED KAUFMANN FUND CLASS C SHARES,3.98,9,11,4,9,6,6,4,49,-3.0,46.0,Weak,Watchlist only,55,-1.5,-1.0,-0.1,51.4,0,,nan,0.0,0.0
GCMDX,GOLDMAN SACHS LOCAL EMERGING MARKETS DEBT FUND CLASS C,4.01,4,12,8,8,3,4,2,41,2.0,46.0,Weak,Watchlist only,34,0.2,0.0,0.0,49.2,0,,nan,0.0,0.0
GLIRX,GOLDMAN SACHS LOCAL EMERGING MARKETS DEBT FUND INVESTOR SHARES,4.01,4,12,8,8,3,4,2,41,2.0,46.0,Weak,Watchlist only,34,0.2,0.0,0.0,49.2,0,,nan,0.0,0.0
GAMDX,GOLDMAN SACHS LOCAL EMERGING MARKETS DEBT FUND CLASS A,4.02,4,13,7,8,3,4,2,41,2.0,46.0,Weak,Watchlist only,34,0.2,0.0,0.0,49.2,0,,nan,0.0,0.0
TELFY,"Telefónica, S.A.",4.24,10,14,10,14,5,0,3,56,-11.0,46.0,Weak,Watchlist only,39,1.0,1.7,1.6,56.6,1,,Communication Services,25539770368.0,794203.4
DELHY,Delivery Hero SE,4.25,10,3,9,13,5,7,2,49,-8.0,46.0,Weak,🔥 COILED: Watchlist only,57,0.7,-0.7,0.1,51.8,1,,Consumer Cyclical,13334587392.0,237123.82
CFEIY,China Feihe Limited,4.39,4,7,10,7,3,6,2,39,2.0,46.0,Weak,🔥 COILED: Watchlist only,40,0.0,0.0,-0.0,45.2,0,,Consumer Defensive,3866564608.0,50.85
OMCC,Old Market Capital Corporation,4.5,15,4,7,15,4,4,5,54,-8.0,46.0,Weak,Watchlist only,51,0.0,8.4,3.4,78.4,2,,Communication Services,29315410.0,9048.44
AHT-P-F,Ashford Hospitality Trust Inc 7.375% Series F Cumulative Preferred Stock,6.67,11,10,9,13,6,0,5,54,-8.0,46.0,Weak,Watchlist only,48,-0.7,2.3,2.9,53.4,0,,Other,nan,6172.87
REMYY,Remy Cointreau SA ADR,5.344,9,4,7,9,3,5,2,39,2.0,46.0,Weak,🔥 COILED: Watchlist only,56,-0.4,1.2,0.5,52.9,0,,Consumer Defensive,2490254848.0,16491.45
PXS,Pyxis Tankers Inc,5.4,19,4,7,14,5,5,5,59,-13.0,46.0,Weak,Watchlist only,68,7.8,9.8,7.4,73.6,1,,Energy,47305076.0,39790.49
TZA,Direxion Daily Small Cap Bear 3X Shares,38.52,13,7,6,9,5,5,2,47,-2.0,46.0,Weak,Watchlist only,53,1.1,1.9,4.8,63.2,1,,nan,nan,115720857.82
DURYY,Duerr AG ADR,4.04,7,6,9,9,3,3,4,41,0.0,46.0,Weak,🔥 COILED: Watchlist only,22,0.0,0.0,0.3,51.0,1,,Industrials,1647009536.0,0.0
GGN,GAMCO Global,5.7,16,3,7,16,7,7,5,61,-15.0,46.0,Weak,Watchlist only,60,6.1,6.5,6.6,81.3,0,,Financial Services,625882800.0,607445.39
FRMUF,Firm Capital Property Trust,5.17,18,6,4,14,6,7,4,59,-13.0,46.0,Weak,Watchlist only,68,2.4,10.5,3.2,70.1,2,,Real Estate,177243264.0,1082.44
NUVB-WS,NUVB-WS,7.1,15,12,5,14,6,1,4,57,-9.0,46.0,Weak,Watchlist only,64,2.0,11.5,7.5,60.2,2,,nan,nan,6239713.3
ITRYF,Ishares PLC - Ishares Treasury Bond 0-1 year UCITS ETF,4.992,13,9,10,12,6,7,2,59,-13.0,46.0,Weak,Watchlist only,60,0.2,0.2,0.2,94.4,0,,Other,nan,365709.58
IFRX,InflaRx N.V.,2.46,19,9,7,14,6,5,5,65,-22.2,45.8,Weak,Watchlist only,67,12.8,23.0,21.6,71.9,3,,Healthcare,295322208.0,1663625.05
GEOUF,Golden Energy Offshore Services AS,1.16,13,4,11,9,4,4,2,47,-7.0,45.0,Weak,🔥 COILED: Watchlist only,44,0.0,0.0,0.2,62.8,1,,Industrials,73410592.0,110.17
BMNU,T-REX 2X Long BMNR Daily Target ETF,20.11,19,7,6,15,7,6,5,65,-20,45,Weak,Watchlist only,50,79.2,81.5,54.1,82.3,2,10,nan,nan,0.0
GERN,Geron Corporation,1.55,14,10,3,11,7,0,5,50,-5.0,45.0,Weak,Watchlist only,54,1.3,-4.9,3.0,55.0,1,,Healthcare,776240384.0,11925645.57
BNGO,Bionano Genomics Inc,1.25,12,12,5,12,5,3,5,54,-7.0,45.0,Weak,Watchlist only,39,5.9,5.0,6.0,64.5,1,,Healthcare,13655251.0,405126.7
DCMDF,DATA Communications Management Corp,1.82,11,6,1,12,6,4,2,42,0.0,45.0,Weak,Watchlist only,58,0.0,-9.5,-2.0,48.7,0,,Industrials,69133128.0,6000.0
STIM,Neuronetics Inc,2.98,15,7,5,14,7,4,5,57,-10.0,45.0,Weak,Watchlist only,58,-5.4,-6.6,9.4,62.1,1,,Healthcare,101598248.0,1935432.66
PHPRF,Primary Health Properties PLC,1.27,6,7,11,7,3,4,2,40,0.0,45.0,Weak,🔥 COILED: Watchlist only,34,0.0,0.0,0.1,54.9,0,,Real Estate,3399645440.0,217.61
MNOV,MediciNova Inc,1.57,18,8,7,17,7,8,5,70,-26.0,45.0,Weak,Watchlist only,61,17.2,18.9,13.7,76.9,3,,Healthcare,64972048.0,346563.01
VODPF,Vodafone Group PLC,1.53,6,8,7,11,6,5,2,45,0.0,45.0,Weak,Watchlist only,43,1.3,2.0,-1.9,47.5,1,,Communication Services,35921715200.0,0.0
PLG,Platinum Group Metals Ltd,1.59,17,6,6,7,3,5,5,49,-4.0,45.0,Weak,Watchlist only,38,12.0,4.6,6.8,60.2,1,,Basic Materials,210530960.0,2864668.42
HSTI,High Sierra Technologies Inc,1.4,9,7,11,9,3,4,2,45,-5.0,45.0,Weak,🔥 COILED: Watchlist only,45,0.0,0.0,0.0,51.9,1,,Healthcare,29346446.0,78.75
PAFRF,Pan African Resources PLC,1.5,14,4,7,11,3,1,5,45,0.0,45.0,Weak,Watchlist only,41,0.0,5.6,5.4,75.6,0,,Basic Materials,2959877632.0,594.9
NYXH,Nyxoah,1.64,13,12,7,11,4,1,5,53,-8.0,45.0,Weak,Watchlist only,35,2.5,3.1,4.0,55.6,1,,Healthcare,128717944.0,62980.7
USIO,Usio Inc,2.94,19,7,4,15,7,8,5,65,-20.0,45.0,Weak,Watchlist only,71,19.5,31.8,17.7,70.8,3,,Technology,42773788.0,65122.92
KMRK,K-Tech Solutions Company Limited Class A Ordinary Shares,1.19,10,12,9,9,4,4,5,53,-6.0,45.0,Weak,Watchlist only,24,0.8,-0.0,2.4,52.3,1,,Consumer Cyclical,40090000.0,125010.36
TRSG,Tungray Technologies Inc Class A Ordinary Shares,1.463,8,14,3,10,6,2,2,45,0.0,45.0,Weak,Watchlist only,46,3.5,-2.5,-0.1,49.3,1,,Industrials,26329112.0,26239.51
NWARF,Norwegian Air Shuttle ASA,1.35,9,5,7,10,0,4,5,40,2.0,45.0,Weak,Watchlist only,16,0.0,0.0,0.4,49.5,0,,Industrials,1777387136.0,5168.68
TZROP,tZERO Group Inc,1.98,4,4,11,10,3,6,2,40,0.0,45.0,Weak,🔥 COILED: Watchlist only,40,0.0,0.0,0.0,51.9,0,,Financial Services,nan,6337.1
PTTWF,Orange Polska S.A,2.05,7,7,11,8,3,2,2,40,0.0,45.0,Weak,🔥 COILED: Watchlist only,42,0.0,0.0,0.0,51.9,0,,Communication Services,2690332928.0,11.61
RAASY,Cloopen Group Holding Ltd - ADR,2.32,18,5,5,15,5,2,5,55,-8.0,45.0,Weak,Watchlist only,63,10.0,7.9,7.6,74.1,1,,Technology,119771456.0,17449.74
NSANF,Nissan Motor Co. Ltd.,2.25,9,11,3,14,4,2,5,48,-3.0,45.0,Weak,Watchlist only,36,8.2,4.2,6.8,56.1,1,,Consumer Cyclical,8041679360.0,41572.35
ANIX,Anixa Biosciences Inc,3.66,17,14,3,10,7,3,4,58,-16.0,45.0,Weak,Watchlist only,52,6.7,13.7,5.6,59.5,3,,Healthcare,87842984.0,195246.08
SPAIF,Sprout AI Inc,2.43,8,9,5,14,4,4,5,49,-5.0,45.0,Weak,Watchlist only,47,0.7,-6.2,3.9,53.3,1,,Technology,65641088.0,101552.05
GRCE,"Grace Therapeutics, Inc.",2.2,4,13,10,9,5,2,2,45,-3.0,45.0,Weak,Watchlist only,22,3.3,3.8,0.9,50.0,1,,Healthcare,37911368.0,311958.64
FDMDF,4DMedical Limited,2.95,17,6,5,7,5,3,5,48,-3.0,45.0,Weak,Watchlist only,40,22.9,-7.8,7.0,58.2,1,,Healthcare,1582959872.0,6020.27
BTBIF,BTB Real Estate Investment Trust,2.8,9,5,7,14,3,3,3,44,-2.0,45.0,Weak,Watchlist only,31,-0.9,2.9,0.2,50.2,0,,Real Estate,240537696.0,0.0
NKTX,Nkarta Inc,2.71,15,12,10,14,4,5,5,65,-18.0,45.0,Weak,Watchlist only,48,12.4,16.3,9.5,59.4,3,,Healthcare,198180640.0,787734.46
EP,Empire Petroleum Corp,3.34,17,4,7,15,6,12,5,66,-21.0,45.0,Weak,Watchlist only,49,16.8,26.0,15.5,73.1,3,,Energy,105847264.0,57277.63
AKBTY,Akbank Turk Anonim Sirketi,2.95,10,7,8,9,3,4,4,45,-3.0,45.0,Weak,Watchlist only,35,10.9,7.5,4.8,55.1,0,,Financial Services,7254000128.0,28074.21
CAZGF,Catapult Group International Limited,2.595,16,5,5,11,1,7,5,50,-5.0,45.0,Weak,Watchlist only,45,6.4,1.8,2.1,55.0,1,,Technology,958492928.0,1044.9
SLDP,Solid Power Inc,2.34,6,14,7,11,3,7,5,53,-6.0,45.0,Weak,Watchlist only,22,3.5,-2.9,1.2,50.7,1,,Consumer Cyclical,690204992.0,8849839.45
AKTAF,AKITA Drilling Ltd,2.84,15,5,5,15,1,4,5,50,-5.0,45.0,Weak,Watchlist only,36,-1.2,5.8,2.6,57.1,0,,Energy,117181680.0,27885.22
CFND,C1 Fund Inc.,2.73,4,13,1,10,4,2,2,36,4.0,45.0,Weak,Watchlist only,26,25.2,-4.2,-1.0,46.0,1,,Financial Services,20466664.0,36327.02
MLACX,MAINSTAY LARGE CAP GROWTH FUND CLASS C,2.82,3,11,4,9,4,1,4,36,4.0,45.0,Weak,🔥 COILED: Watchlist only,45,-0.7,-1.4,-0.2,49.3,0,,nan,0.0,0.0
RKLZ,Defiance Daily Target 2x Short RKLB ETF,4.01,11,14,5,9,8,4,2,53,-6.0,45.0,Weak,Watchlist only,42,35.0,35.9,12.3,55.0,2,,nan,nan,0.0
UNJCF,Unicaja Banco S.A,3.05,9,6,11,7,3,2,2,40,0.0,45.0,Weak,🔥 COILED: Watchlist only,51,0.0,0.0,0.0,50.0,0,,Financial Services,7833011200.0,2.5
PEXUF,PTT Exploration and Production Public Company Limited ,3.48,8,6,11,8,3,2,2,40,0.0,45.0,Weak,🔥 COILED: Watchlist only,46,0.0,0.0,0.0,50.0,0,,Energy,13815548928.0,0.0
AMXEF,Amex Exploration Inc,3.36,14,10,7,15,4,6,5,61,-14.0,45.0,Weak,Watchlist only,55,9.1,5.5,7.2,63.4,1,,Basic Materials,511855104.0,52922.42
AQMS,Aqua Metals Inc,2.85,11,8,8,8,2,5,3,45,-3.0,45.0,Weak,Watchlist only,29,7.5,8.0,3.8,54.1,1,,Industrials,11733401.0,865559.19
BTDPF,Barratt Developments plc,4.15,18,7,6,11,6,6,4,58,-13.0,45.0,Weak,Watchlist only,53,5.1,5.1,5.3,99.3,0,,Consumer Cyclical,4901827584.0,0.0
UPBMF,United Plantations Berhad,3.507,7,7,11,8,3,2,2,40,0.0,45.0,Weak,🔥 COILED: Watchlist only,42,0.0,0.0,0.0,51.9,0,,Consumer Defensive,2181771008.0,1.08
IPCEF,IPCEF,2.75,12,5,7,11,3,5,2,45,0.0,45.0,Weak,Watchlist only,21,3.8,19.6,5.5,58.3,2,,nan,554134528.0,1569.29
FHYTDX,FHYTDX,3.553,6,11,5,8,3,3,2,38,2.0,45.0,Weak,🔥 COILED: Watchlist only,28,0.4,0.5,0.0,46.7,0,,nan,nan,0.0
TAOX,TAO Synergies Inc.,3.95,13,12,5,9,5,2,5,51,-4.0,45.0,Weak,Watchlist only,32,22.7,9.1,9.8,60.7,2,,Technology,29663566.0,234288.25
LDLRX,LORD ABBETT SHORT DURATION INCOME FUND CLASS R3,3.84,12,5,11,6,4,7,2,47,-10.0,45.0,Weak,🔥 COILED: Watchlist only,31,0.0,0.0,0.0,53.6,0,,nan,0.0,0.0
LOLDX,Lord Abbett Short Duration Income Cl F3,3.84,12,5,11,6,4,7,2,47,-10.0,45.0,Weak,🔥 COILED: Watchlist only,31,0.0,0.0,0.0,54.2,0,,nan,0.0,0.0
KYIVW,Kyivstar Group Ltd. Warrant,5.1,14,5,3,11,6,0,5,44,0.0,45.0,Weak,Watchlist only,56,6.0,34.2,9.3,54.0,2,,nan,nan,24350.0
CAMP,CAMP4 THERAPEUTICS CORPORATION,4.45,11,15,4,9,7,4,5,55,-8.0,45.0,Weak,Watchlist only,49,-9.2,6.7,1.8,52.7,1,,Healthcare,216530592.0,365387.26
III,Information Services Group Inc,5.08,12,9,6,11,6,0,5,49,-2.0,45.0,Weak,Watchlist only,64,3.0,-1.6,5.7,67.0,1,,Technology,207622448.0,267678.85
AHT-P-G,Ashford Hospitality Trust Inc 7.375% Series G Cumulative Preferred Stock,6.28,15,6,4,14,3,0,5,47,0.0,45.0,Weak,Watchlist only,39,-9.7,29.0,4.5,56.4,2,,Other,nan,4501.55
IMRX,Immuneering Corp,5.23,14,9,6,13,7,3,5,57,-10.0,45.0,Weak,Watchlist only,39,4.0,9.0,5.8,60.0,2,,Healthcare,289844352.0,1634285.14
NTHI,"NeOnc Technologies Holdings, Inc. Common Stock",4.71,14,12,2,13,7,0,5,53,-6.0,45.0,Weak,Watchlist only,42,-14.8,8.3,11.1,57.4,2,,Healthcare,113157136.0,69625.55
CCC,CCC Intelligent Solutions Holdings Inc.,7.46,15,4,7,15,5,4,5,55,-8.0,45.0,Weak,Watchlist only,59,4.5,8.6,8.1,70.8,1,,Technology,2928833280.0,9649676.15
SICUF,Siam City Cement Public Company Limited,4.55,9,6,11,7,3,2,2,40,0.0,45.0,Weak,🔥 COILED: Watchlist only,46,0.0,0.0,0.0,50.0,0,,Basic Materials,1790293888.0,5.18
BIREF,Birchcliff Energy Ltd.,4.58,10,5,9,8,2,2,4,40,0.0,45.0,Weak,🔥 COILED: Watchlist only,33,-0.9,-0.7,0.1,50.9,0,,Energy,1341471744.0,96578.43
STTK,Shattuck Labs Inc,8.06,19,14,11,11,7,9,5,76,-29,45,Weak,Watchlist only,66,8.2,12.3,8.8,62.2,3,,Healthcare,374967744.0,604925.04
PTAUF,Port of Tauranga Limited,4.89,9,6,11,7,3,2,2,40,0.0,45.0,Weak,🔥 COILED: Watchlist only,45,0.0,0.0,0.0,50.0,0,,Industrials,3326425344.0,34.89
GDRZF,Gold Reserve Inc,4.82,16,9,9,10,5,4,4,57,-10.0,45.0,Weak,Watchlist only,67,3.5,4.6,3.0,59.9,1,,Basic Materials,730473088.0,166881.89
ACRE,Ares Commercial Real Estate,4.73,12,8,3,9,3,4,3,42,2.0,45.0,Weak,Watchlist only,37,2.2,0.0,1.4,54.3,1,,Real Estate,280179616.0,467124.03
DVTC,Development Technologies Corp,5.01,17,4,8,9,6,2,2,48,-3.0,45.0,Weak,Watchlist only,47,0.0,0.0,0.1,78.7,0,,Financial Services,272504992.0,0.59
LINK,Interlink Electronics Inc,5.06,13,10,4,12,9,0,5,53,-6.0,45.0,Weak,Watchlist only,51,-1.4,-0.8,1.3,52.8,1,,Technology,82687536.0,104433.66
LWSIX,WESTERN ASSET GLOBAL STRATEGIC INCOME FUND CLASS C,4.93,2,12,7,8,3,4,2,38,2.0,45.0,Weak,🔥 COILED: Watchlist only,26,0.2,-0.2,-0.0,47.2,0,,nan,0.0,0.0
SDSAX,WESTERN ASSET GLOBAL STRATEGIC INCOME FUND CLASS A,4.93,2,12,7,8,3,4,2,38,2.0,45.0,Weak,🔥 COILED: Watchlist only,27,0.2,-0.2,-0.1,45.9,0,,nan,0.0,0.0
SDSYX,WESTERN ASSET GLOBAL STRATEGIC INCOME FUND CLASS I,4.95,2,14,5,8,3,4,2,38,2.0,45.0,Weak,🔥 COILED: Watchlist only,27,0.2,-0.2,-0.0,46.8,0,,nan,0.0,0.0
ISLMF,ISLMF,6.22,14,14,6,7,6,3,5,55,-8.0,45.0,Weak,Watchlist only,0,16.3,-0.1,8.1,55.4,1,,nan,nan,0.0
GSOL,Grayscale Solana Trust ETF,7.43,15,4,8,14,6,6,5,58,-13.0,45.0,Weak,Watchlist only,49,27.2,29.9,20.0,81.3,2,,nan,nan,1024932.29
ALKEF,Alkane Resources Limited,1.36,18,4,7,15,6,3,5,58,-12.0,44.0,Weak,Watchlist only,61,20.4,21.4,18.8,84.4,2,,Basic Materials,1475501184.0,461508.66
NHLTY,NHLTY,1.14,11,12,3,8,3,2,3,42,2.0,44.0,Weak,Watchlist only,22,19.5,17.1,8.3,56.2,2,,nan,nan,0.0
SDIIF,SDI Group plc,1.29,15,6,12,7,6,4,2,52,-13.0,44.0,Weak,🔥 COILED: Watchlist only,64,0.0,0.0,1.8,80.0,0,,Technology,109801776.0,272.5
GP,GreenPower Motor Company Inc,1.61,15,7,4,13,5,0,5,49,-5.0,44.0,Weak,Watchlist only,51,0.6,5.9,1.9,54.2,1,,Industrials,5632839.0,684671.89
MXCT,MaxCyte Inc,1.35,15,4,5,14,3,7,5,53,-9.0,44.0,Weak,Watchlist only,52,6.3,8.9,5.6,58.8,2,,Healthcare,131759656.0,980682.87
VANI,Vivani Medical Inc.,1.42,13,13,8,10,8,0,5,57,-13.0,44.0,Weak,Watchlist only,57,-2.1,2.2,3.0,55.1,2,,Healthcare,108656232.0,270245.11
RDI,Reading International Inc,1.93,18,8,6,16,6,12,5,71,-28,44,Weak,Watchlist only,66,10.3,32.2,17.9,76.9,3,,Communication Services,40920488.0,79205.41
ECX,ECARX Holdings Inc. Class A Ordinary shares,1.09,5,7,8,14,4,5,3,46,-5.0,44.0,Weak,Watchlist only,29,0.0,4.8,-0.3,48.7,1,,Consumer Cyclical,506809760.0,3512137.57
TXWHY,Texwinca Holdings Limited,1.5,7,7,11,7,3,2,2,39,0.0,44.0,Weak,🔥 COILED: Watchlist only,41,0.0,0.0,0.0,51.9,0,,Consumer Cyclical,207254432.0,8.0
FILG,Grayscale Filecoin Trust (Fil),1.39,15,8,4,8,0,4,3,42,2.0,44.0,Weak,Watchlist only,33,23.0,15.8,7.9,56.1,2,,nan,nan,22704.44
SABR,Sabre Corpo,2.26,18,12,9,14,7,8,5,73,-29.0,44.0,Weak,Watchlist only,66,7.1,13.6,8.4,63.1,3,,Technology,670056000.0,7287464.54
OSOL,Osprey Solana Trust,2.28,13,8,5,16,7,4,5,58,-15.0,44.0,Weak,Watchlist only,39,2.3,9.6,6.9,61.2,1,,nan,nan,54045.94
BCHG,Grayscale Bitcoin Cash Trust,2.0,17,9,5,15,5,2,5,58,-12.0,44.0,Weak,Watchlist only,34,35.6,33.3,19.4,68.0,2,,nan,102952944.0,155052.21
CAPFF,Capital Limited,1.61,12,4,5,15,4,2,5,47,-3.0,44.0,Weak,Watchlist only,41,17.5,12.6,11.0,70.1,2,,Basic Materials,406262848.0,71.42
DUKRW,DUKE Robotics Corp. Warrant,1.22,11,7,5,12,4,0,5,44,0.0,44.0,Weak,Watchlist only,0,-22.3,34.1,2.1,51.1,2,,nan,nan,0.0
ALSMY,Alstom PK,1.83,9,13,9,1,4,8,3,47,-8.0,44.0,Weak,🔥 COILED: Watchlist only,29,2.8,0.0,0.9,53.0,0,,Industrials,8882227200.0,873510.63
JBFCF,Jollibee Foods Corporation,2.545,9,7,6,8,7,2,5,44,0.0,44.0,Weak,Watchlist only,27,-4.0,1.0,0.8,53.8,0,,Consumer Cyclical,2555197440.0,4858.09
NXB,NextBoat Inc.,2.08,9,10,4,7,3,2,4,39,-3.0,44.0,Weak,Watchlist only,0,8.9,-2.3,3.2,53.1,1,,Consumer Cyclical,58247696.0,0.0
HIND,"Vyome Holdings, Inc.",2.23,13,5,5,14,3,0,5,45,-9.0,44.0,Weak,🔥 COILED: Watchlist only,34,-1.8,-0.9,0.9,53.2,1,,Healthcare,15861873.0,380301.17
CHMI,Cherry Hill Mortgage Investment Corp,2.93,15,3,7,15,5,1,5,51,-5.0,44.0,Weak,Watchlist only,62,0.7,0.7,7.0,78.4,0,,Real Estate,88329128.0,241797.26
CYH,Community Health Systems Inc,2.97,7,6,6,14,0,3,5,41,0.0,44.0,Weak,Watchlist only,25,-0.3,4.6,-0.2,48.6,0,,Healthcare,393157600.0,1748450.66
WMMVF,Wal Mart de Mexico SAB de CV,2.82,2,13,7,11,3,0,3,39,2.0,44.0,Weak,Watchlist only,26,1.4,-1.1,0.9,50.9,0,,Consumer Defensive,52044349440.0,79637.63
DDD,3D Systems Corporation,3.22,14,12,3,9,4,0,5,47,-1.0,44.0,Weak,Watchlist only,61,-6.4,-15.5,-2.0,49.2,0,,Technology,451127456.0,3922517.08
NCEL,NewcelX Ltd.,3.48,10,15,8,9,9,6,2,59,-18.0,44.0,Weak,Watchlist only,57,2.7,9.1,1.5,50.8,3,,Healthcare,17013032.0,111558.62
TNABF,Tenaga Nasional Berhad,3.45,7,14,3,10,6,2,2,44,0.0,44.0,Weak,Watchlist only,29,1.5,-4.2,-0.5,49.3,1,,Utilities,21235128320.0,8757.82
VYGR,Voyager Therapeutics Inc,3.48,12,8,7,11,5,2,5,50,-4.0,44.0,Weak,Watchlist only,30,5.5,8.7,5.8,61.1,2,,Healthcare,201202880.0,625352.27
BBXIB,BBX Capital Inc,5.0,15,6,12,11,6,2,5,57,-18.0,44.0,Weak,🔥 COILED: Watchlist only,55,0.0,0.0,2.0,85.8,1,,Industrials,49186460.0,15.11
JETD,Bank of Montreal,2.75,14,4,7,15,1,2,5,48,-4.0,44.0,Weak,Watchlist only,34,10.4,18.5,9.1,60.8,2,,nan,nan,92110.86
ASOMY,ASOS plc PK,5.43,16,4,13,15,6,5,5,64,-20.0,44.0,Weak,Watchlist only,67,4.2,2.8,5.7,81.2,1,,Consumer Cyclical,424752992.0,1564.44
TTGT,"TechTarget, Inc. Common Stock",3.89,5,14,5,8,4,6,2,44,-1.0,44.0,Weak,Watchlist only,35,1.0,3.7,-0.4,48.7,1,,Technology,305826624.0,509986.08
PTLO,Portillo's Inc,4.85,13,5,4,14,3,7,4,50,-6.0,44.0,Weak,Watchlist only,40,2.5,7.5,1.6,53.4,0,,Consumer Cyclical,279028608.0,2375749.03
OSSFF,Össur hf,4.15,8,3,10,9,3,6,2,41,0.0,44.0,Weak,Watchlist only,37,0.0,0.0,-0.0,0.3,0,,Healthcare,1769210112.0,43.25
JRNGF,Journey Energy Inc,4.21,17,4,6,12,3,7,5,54,-10.0,44.0,Weak,Watchlist only,56,-1.6,14.1,8.4,62.8,2,,Energy,295566784.0,92477.05
RAFI,Regency Affiliates Inc,5.01,18,3,5,14,6,6,5,57,-13.0,44.0,Weak,Watchlist only,73,3.7,17.9,8.4,87.2,2,,Financial Services,18741268.0,1231.71
OERLF,OC Oerlikon Corporation AG,6.12,17,5,7,11,6,6,5,57,-13.0,44.0,Weak,Watchlist only,60,0.0,0.0,7.7,99.6,1,,Industrials,1437811968.0,0.0
LZM,Lifezone Metals Limited,4.61,16,11,8,15,4,7,5,66,-22.0,44.0,Weak,Watchlist only,47,18.8,11.4,15.7,67.5,3,,Basic Materials,467903744.0,346815.23
MCSFX,MFS Commodity Strategy Fund Class B,4.53,18,9,6,9,6,3,5,56,-12.0,44.0,Weak,Watchlist only,63,2.0,3.4,2.9,68.0,0,,nan,nan,0.0
SMGRF,Summerset Group Holdings Limited,4.72,9,5,6,7,6,2,2,37,2.0,44.0,Weak,🔥 COILED: Watchlist only,25,0.0,0.0,-0.0,46.8,0,,Healthcare,1096649216.0,25.0
CMTL,Comtech Telecommunications Corp,1.77,6,7,10,9,4,5,3,44,-3.0,44.0,Weak,Watchlist only,15,1.1,2.3,0.0,44.3,1,,Technology,160564256.0,281447.7
CNNRF,Canadian Net Real Estate Investment Trust,4.99,13,6,7,5,6,11,5,53,-9.0,44.0,Weak,Watchlist only,58,3.7,3.1,2.9,63.3,0,,Real Estate,97775176.0,2506.0
COIG,Leverage Shares 2X Long COIN Daily ETF,6.143,15,8,7,14,5,5,5,59,-13.0,44.0,Weak,Watchlist only,35,59.3,53.4,27.1,63.1,2,11,nan,nan,93323.02
ITIPF,iShares II Public Limited Company - iShares $ Tips 0-5 UCITS ETF,4.914,7,9,8,9,3,3,3,42,2.0,44.0,Weak,Watchlist only,39,0.4,0.3,0.2,51.2,0,,nan,nan,32186.64
DHSBF,Dah Sing Banking Group Ltd,1.0,7,6,11,7,3,2,2,38,0.0,43.0,Weak,🔥 COILED: Watchlist only,39,0.0,0.0,0.0,50.0,0,,Financial Services,1405752192.0,3.2
YSXT,"YSX Tech. Co., Ltd Class A Ordinary Shares",1.011,11,8,5,11,3,5,5,48,-3.0,43.0,Weak,Watchlist only,32,3.2,3.0,1.1,51.2,0,,Industrials,28440150.0,452002.89
LGNRF,Legend Holdings Corporation,1.13,7,6,11,7,3,2,2,38,0.0,43.0,Weak,🔥 COILED: Watchlist only,40,0.0,0.0,0.0,50.0,0,,Technology,2662540800.0,1.04
SUPIF,Supermarket Income REIT plc,1.16,15,5,4,9,7,1,4,45,-2.0,43.0,Weak,Watchlist only,58,5.5,5.5,2.5,66.7,0,,Industrials,nan,0.0
AIHS,Senmiao Technology Ltd,1.55,13,10,1,10,8,2,4,48,-3.0,43.0,Weak,Watchlist only,50,7.6,-15.8,4.7,53.8,1,,Industrials,5423412.0,1291628.46
IBG,Innovation Beverage Group Limited,0.966,6,9,7,11,4,3,5,45,-3.0,43.0,Weak,Watchlist only,37,5.2,6.8,3.0,52.0,1,,Consumer Defensive,2124581.0,399287.5
MRRDF,Meridian Mining UK Societas,1.26,14,7,6,9,5,5,5,51,-8.0,43.0,Weak,Watchlist only,38,12.5,3.1,8.1,59.6,1,,Basic Materials,679670336.0,63122.81
PTRUF,Petrus Resources Ltd,1.3,12,4,5,13,1,3,5,43,0.0,43.0,Weak,Watchlist only,40,-2.3,0.9,1.4,55.6,0,,Energy,189193456.0,13359.56
SNLAF,Sino Land Company Limited,1.36,6,7,10,7,3,1,2,36,2.0,43.0,Weak,🔥 COILED: Watchlist only,21,0.0,0.0,-0.1,48.1,0,,Real Estate,12653707264.0,0.0
RAPH,Raphael Pharmaceutical Inc.,1.4,12,6,11,8,3,6,2,48,-8.0,43.0,Weak,Watchlist only,54,0.0,0.0,0.0,76.9,1,,Healthcare,28246984.0,14.69
FNDM,Fund.com Inc,1.5,10,7,11,8,3,2,2,43,-5.0,43.0,Weak,🔥 COILED: Watchlist only,34,0.0,0.0,0.0,46.3,1,,Financial Services,7913057.0,0.0
MTLRF,Metalore Resources Limited,1.65,15,4,5,9,3,4,3,43,-3.0,43.0,Weak,Watchlist only,32,0.0,3.1,1.3,73.7,0,,Energy,3195063.0,5.0
FTEXX,Fidelity Union Street Trust II - Fidelity Municipal Money Market Fund,2.07,11,8,5,7,3,2,2,38,0.0,43.0,Weak,🔥 COILED: Watchlist only,28,-5.5,31.8,1.8,51.8,2,,nan,nan,0.0
FRZCF,Frasers Centrepoint Trust,1.73,8,4,10,7,3,2,2,36,2.0,43.0,Weak,🔥 COILED: Watchlist only,33,0.0,0.0,-0.0,44.4,0,,Real Estate,3525435904.0,228.81
CLRPF,Clarity Pharmaceuticals Ltd,1.94,12,11,4,14,6,4,5,56,-13.0,43.0,Weak,Watchlist only,41,2.1,-1.7,5.6,56.5,1,,Healthcare,613537664.0,5004.43
TCLHF,TCL Electronics Holdings Limited,2.05,11,8,10,4,6,5,2,46,-8.0,43.0,Weak,🔥 COILED: Watchlist only,57,0.0,-2.4,0.5,54.5,0,,Technology,5041635840.0,1827.02
HERE,Here Group Limited,1.86,4,14,9,7,4,3,2,43,2.0,43.0,Weak,Watchlist only,22,3.3,-1.1,-0.4,46.2,1,,Consumer Cyclical,119102312.0,294601.91
ADTGLX,ADTGLX,1.737,4,13,4,8,3,2,2,36,2.0,43.0,Weak,🔥 COILED: Watchlist only,31,-0.0,0.0,-0.0,48.0,0,,nan,nan,0.0
SER,Serina Therapeutics Inc,2.7,11,7,5,15,5,3,5,51,-8.0,43.0,Weak,Watchlist only,45,3.1,-2.9,5.7,58.4,1,,Healthcare,26845534.0,1474745.86
NCNA,NuCana PLC,1.47,12,7,6,8,2,0,5,40,0.0,43.0,Weak,Watchlist only,22,-3.3,2.1,0.6,50.9,0,,Healthcare,8636090.0,171552.43
IPHLF,IPH Limited,2.68,15,6,12,8,6,2,2,51,-13.0,43.0,Weak,🔥 COILED: Watchlist only,39,0.0,0.0,0.5,100.0,0,,Industrials,572480448.0,6.6
QUEXF,Q2 Metals Corp.,2.11,19,14,8,13,4,7,5,70,-25.0,43.0,Weak,Watchlist only,61,18.5,21.1,12.9,64.7,3,,Basic Materials,426579008.0,35922.09
YNAJF,Yantai North Andre Juice Company Limited,2.09,8,6,10,9,3,2,2,40,0.0,43.0,Weak,Watchlist only,0,0.0,0.0,-0.0,2.2,0,,Consumer Defensive,362639776.0,0.0
SATLW,Satellogic Inc. Warrant,0.75,7,7,7,15,3,5,5,49,-6.0,43.0,Weak,Watchlist only,28,-5.1,-21.1,0.9,50.0,2,,nan,nan,65095.13
ACIU,AC Immune Ltd,2.92,15,8,6,12,7,9,5,62,-19.0,43.0,Weak,Watchlist only,47,13.6,15.0,13.7,69.9,3,,Healthcare,228990544.0,407781.93
MKZR,"MacKenzie Realty Capital, Inc. Common Stock",1.502,7,8,4,15,5,4,5,48,-3.0,43.0,Weak,Watchlist only,34,0.1,-0.6,-0.5,48.0,1,,Real Estate,5233443.0,31264.31
GROW,US Global Investors Inc,3.3,18,4,6,14,5,8,5,60,-17.0,43.0,Weak,Watchlist only,65,3.1,6.1,4.6,71.7,0,,Financial Services,33615372.0,43273.67
CURR,Currenc Group Inc. Ordinary Shares,3.61,15,3,3,15,5,2,5,48,-5.0,43.0,Weak,Watchlist only,65,-4.5,-3.0,2.1,53.2,1,,Technology,349196672.0,399245.46
MXGFF,Maxim Power Corp,2.98,11,6,5,9,3,6,3,43,-5.0,43.0,Weak,🔥 COILED: Watchlist only,32,0.7,2.1,0.3,51.2,0,,Utilities,204051952.0,407.74
BLRX,BioLineRx Ltd,2.85,11,6,6,9,2,4,3,41,2.0,43.0,Weak,Watchlist only,37,0.0,2.5,1.0,50.5,0,,Healthcare,14960542.0,34229.93
RAAQW,Real Asset Acquisition Corp.,4.9,19,10,5,16,6,8,5,69,-26,43,Weak,Watchlist only,74,276.9,276.9,172.8,75.1,2,4,nan,nan,52942.71
ADTGFX,ADTGFX,3.152,4,13,6,8,3,2,2,38,0.0,43.0,Weak,🔥 COILED: Watchlist only,33,-0.0,-0.1,-0.0,47.4,0,,nan,nan,0.0
EMBC,Embecta Corp,5.03,13,5,5,15,5,2,5,50,-5.0,43.0,Weak,Watchlist only,34,-1.4,3.1,7.9,63.1,0,,Healthcare,201174208.0,1008358.58
ARBK,Argo Blockchain PLC ADR,2.94,8,6,9,10,2,2,3,40,0.0,43.0,Weak,Watchlist only,39,3.2,1.7,-0.5,46.2,0,,Financial Services,51441664.0,62495.81
BLMC,Biloxi Marsh Lands Corp,3.75,13,5,8,12,6,4,5,53,-13.0,43.0,Weak,Watchlist only,58,0.0,0.0,1.3,99.9,1,,Energy,6137318.0,0.0
MIDSX,MIDAS FUND MIDAS FUND,4.43,16,4,7,9,6,3,5,50,-7.0,43.0,Weak,Watchlist only,59,17.5,16.0,15.2,77.6,2,,nan,0.0,0.0
GMPUF,Gestamp Automoción S.A,3.725,13,7,11,6,4,2,2,45,-10.0,43.0,Weak,🔥 COILED: Watchlist only,40,0.0,0.0,0.0,51.8,0,,Consumer Cyclical,2119033856.0,82.4
SBSYX,WESTERN ASSET SHORT-TERM BOND FUND CLASS I,3.66,12,5,9,6,4,7,2,45,-10.0,43.0,Weak,🔥 COILED: Watchlist only,33,0.0,0.0,0.0,53.6,0,,nan,0.0,0.0
LWARX,Western Asset Short-Term Bond Fund Cl R,3.66,12,5,9,6,4,7,2,45,-10.0,43.0,Weak,🔥 COILED: Watchlist only,34,0.0,0.0,0.0,54.5,0,,nan,0.0,0.0
HRASF,Hera S.p.A,4.1,7,6,11,7,3,2,2,38,0.0,43.0,Weak,🔥 COILED: Watchlist only,41,0.0,0.0,0.0,50.0,0,,Utilities,6061331968.0,10.84
LPFCX,ALPS/RED ROCKS LISTED PRIVATE EQUITY FUND CLASS C,4.62,10,10,5,9,6,4,4,48,-8.0,43.0,Weak,Watchlist only,57,1.1,-0.9,1.3,58.2,0,,nan,0.0,0.0
CAIXY,Caixabank SA ADR,5.08,16,5,6,14,3,9,3,56,-14.0,43.0,Weak,Watchlist only,65,1.5,2.0,2.4,60.6,0,,Financial Services,90562822144.0,409381.21
WMGTF,Wilmington plc,4.479,8,4,10,7,3,2,2,36,2.0,43.0,Weak,🔥 COILED: Watchlist only,40,0.0,0.0,-0.0,43.9,0,,Consumer Defensive,401142816.0,7.34
AVIR,Atea Pharmaceuticals Inc,5.43,18,6,5,10,5,2,5,51,-8.0,43.0,Weak,Watchlist only,61,2.8,7.5,5.3,61.7,2,,Healthcare,353719776.0,415587.13
HCHL,Happy City Holdings Limited Class A Ordinary shares,3.96,11,4,11,8,6,5,2,47,-7.0,43.0,Weak,Watchlist only,59,0.0,0.0,0.1,64.5,1,,Consumer Cyclical,105649176.0,441362.91
RKUNF,Rakuten Group Inc,4.99,6,9,4,15,9,2,3,48,-8.0,43.0,Weak,Watchlist only,55,3.8,-9.6,0.6,50.9,1,,Consumer Cyclical,10238080000.0,0.0
WAMVX,WASATCH MICRO CAP VALUE FUND INVESTOR CLASS SHARES,4.9,8,7,4,9,8,5,3,44,-1.0,43.0,Weak,Watchlist only,49,-1.2,-1.6,-0.5,49.0,0,,nan,0.0,0.0
BTE,Baytex Energy Corp,4.61,15,7,5,9,1,1,5,43,0.0,43.0,Weak,Watchlist only,51,-1.5,4.8,2.7,56.7,1,,Energy,3674872064.0,21419828.72
WGMVX,Wasatch Micro Cap Value Fund Institutional Class Shares,4.95,8,7,4,9,8,5,3,44,-1.0,43.0,Weak,Watchlist only,49,-1.2,-1.6,-0.6,48.8,0,,nan,nan,0.0
CRNMF,CRNMF,1.5,16,6,5,12,6,6,5,56,-13.2,42.8,Weak,Watchlist only,63,0.0,1382.2,75.6,69.0,2,,nan,nan,0.0
NWSZF,NWS Holdings Limited,1.0,7,4,10,9,3,2,2,37,0.0,42.0,Weak,🔥 COILED: Watchlist only,34,0.0,0.0,-0.0,48.1,0,,Industrials,4565157376.0,6.33
RANKF,The Rank Group Plc,1.5,15,6,12,9,4,2,2,50,-13.0,42.0,Weak,🔥 COILED: Watchlist only,51,0.0,0.0,0.4,99.9,0,,Consumer Cyclical,491516672.0,0.0
IGDFF,IG Design Group plc,1.27,15,7,10,10,6,5,2,55,-18.0,42.0,Weak,🔥 COILED: Watchlist only,56,0.0,0.0,2.8,93.6,1,,Consumer Cyclical,95308144.0,2260.5
CILXX,Western Asset Institutional Liquid Reserves Ltd.,1.0,14,7,10,6,6,2,2,47,-10.0,42.0,Weak,🔥 COILED: Watchlist only,44,0.0,0.0,0.0,59.5,0,,nan,nan,0.0
SMDRF,Sierra Madre Gold and Silver Ltd,1.2,13,6,7,12,3,5,5,51,-5.0,42.0,Weak,Watchlist only,35,4.3,5.3,7.9,63.4,0,,Basic Materials,249189616.0,93279.43
CRDL,Cardiol Therapeutics Inc Class A,2.0,19,9,7,16,6,7,5,69,-28,42,Weak,Watchlist only,70,5.5,33.3,21.3,80.6,3,,Healthcare,130257632.0,599821.96
RSHPF,Irish Residential Properties REIT Plc,1.32,16,6,11,7,6,2,2,50,-13.0,42.0,Weak,🔥 COILED: Watchlist only,57,0.0,0.0,0.6,88.6,0,,Real Estate,617768384.0,838.23
RNLXY,Renalytix Plc,2.75,11,5,6,14,7,4,5,52,-10.0,42.0,Weak,Watchlist only,65,-2.7,-8.3,7.1,61.5,1,,nan,294987616.0,2878.44
CLWT,Euro Tech Holdings Company Ltd,1.63,13,12,4,6,9,0,5,49,-8.0,42.0,Weak,Watchlist only,43,-1.2,-1.8,1.9,54.1,0,,Industrials,8597298.0,30580.46
HGBL,Heritage Global Inc,1.19,11,12,5,9,4,2,2,45,-1.0,42.0,Weak,Watchlist only,26,-0.8,11.2,5.0,56.5,2,,Financial Services,43426940.0,150360.49
TAOP,Taoping Inc,0.945,6,11,2,14,3,6,5,47,-3.0,42.0,Weak,Watchlist only,27,19.6,9.8,7.3,52.1,2,,Technology,12196065.0,199776.48
OLNCF,Omni-Lite Industries Canada Inc,2.05,19,4,5,15,6,3,5,57,-13.0,42.0,Weak,Watchlist only,63,32.3,26.5,17.6,78.1,2,,Industrials,20430386.0,21060.22
SMORF,Smoore International Holdings Limited,1.11,14,5,5,12,3,1,5,45,-3.0,42.0,Weak,Watchlist only,28,12.9,12.9,6.0,71.8,2,,Consumer Defensive,8673243136.0,9.1
CNDT,Conduent Inc,1.63,8,14,4,7,9,2,3,47,-3.0,42.0,Weak,Watchlist only,51,14.0,3.2,3.6,54.7,1,,Technology,237298128.0,1299073.34
NXCLF,LIFULL Co. Ltd,1.58,15,6,12,7,6,2,2,50,-13.0,42.0,Weak,🔥 COILED: Watchlist only,52,0.0,0.0,0.1,100.0,0,,Communication Services,197644496.0,0.0
SWVL,Swvl Holdings Corp,2.21,18,8,8,15,6,7,5,67,-21,42,Weak,Watchlist only,63,53.5,52.4,47.0,85.0,2,9,Industrials,15715764.0,242232.38
ZHJD,ZHJD,1.78,15,6,11,8,6,2,2,50,-13.0,42.0,Weak,🔥 COILED: Watchlist only,50,0.0,0.0,0.7,99.9,0,,Consumer Cyclical,159198000.0,0.0
PSGTY,Semen Indonesia Persero Tbk PT,1.72,15,9,14,10,4,3,4,59,-13.0,42.0,Weak,Watchlist only,33,5.5,5.5,5.0,80.7,0,,Basic Materials,629773376.0,0.0
AIMD,Ainos Inc,1.45,6,13,7,12,3,4,5,50,-6.0,42.0,Weak,Watchlist only,30,3.6,-2.0,-1.1,46.1,1,,Technology,16422929.0,331164.47
JCTC,Jewett-Cameron Trading Company Ltd.,2.95,13,6,4,13,7,4,5,52,-8.0,42.0,Weak,Watchlist only,56,-3.0,-1.0,2.1,55.2,1,,Basic Materials,7286633.0,21330.63
CHRHF,Chervon Holdings Limited,2.525,11,3,8,8,6,1,2,39,0.0,42.0,Weak,Watchlist only,48,-1.0,-1.0,-0.6,52.3,0,,Industrials,1139650048.0,81.89
CYBQY,Cyberdyne Inc ADR,1.57,12,4,2,10,3,3,5,39,0.0,42.0,Weak,Watchlist only,40,23.6,15.0,3.2,53.6,2,,Healthcare,456043008.0,349.76
OZFRY,OFX Group Ltd ADR,2.5,15,6,12,8,6,6,2,55,-18.0,42.0,Weak,🔥 COILED: Watchlist only,58,0.0,0.0,1.2,99.2,1,,Financial Services,101967656.0,441.81
XRTX,XORTX Therapeutics Inc,2.26,18,16,4,5,4,2,5,54,-17.0,42.0,Weak,Watchlist only,56,10.4,3.3,7.8,60.4,1,,Healthcare,3810358.0,522443.84
VTCHF,VTCHF,2.19,15,7,3,15,3,1,5,49,-5.0,42.0,Weak,Watchlist only,52,-1.8,17.7,7.5,66.9,2,,nan,nan,3655.12
ADTGMX,ADTGMX,2.15,4,12,4,8,3,2,2,35,2.0,42.0,Weak,🔥 COILED: Watchlist only,31,0.0,0.1,-0.0,47.4,0,,nan,nan,0.0
CMPRF,Gentera S.A.B. de C.V,2.41,15,6,12,10,4,1,2,50,-13.0,42.0,Weak,🔥 COILED: Watchlist only,46,0.0,0.0,0.6,81.6,0,,Financial Services,4216568576.0,0.0
SAFLF,Safilo Group S.p.A,2.58,17,4,6,11,6,6,5,55,-13.0,42.0,Weak,Watchlist only,58,0.0,0.0,8.1,87.6,0,,Healthcare,863459136.0,0.0
DAIC,"CID HoldCo, Inc. Common Stock",3.88,20,10,6,11,6,2,5,60,-23,42,Weak,Watchlist only,56,507.2,374.9,248.7,84.1,3,7,Technology,93199504.0,111343.07
AUUAF,AUUAF,2.6,14,13,8,5,6,2,4,52,-15.0,42.0,Weak,🔥 COILED: Watchlist only,55,1.6,-1.9,1.2,52.5,1,,Consumer Cyclical,73150216.0,5909.0
FLYX,"flyExclusive, Inc.",1.3,9,15,9,7,4,3,5,52,-8.0,42.0,Weak,Watchlist only,20,10.2,-1.5,1.6,48.6,1,,Industrials,245847808.0,983172.73
HDRN,HDRN,2.07,15,12,11,8,4,3,5,58,-17.0,42.0,Weak,Watchlist only,0,13.7,12.5,11.5,60.9,3,,Industrials,185939888.0,0.0
DTI,Drilling Tools International Corp.,2.505,12,7,7,13,3,2,5,49,-5.0,42.0,Weak,Watchlist only,31,0.2,2.2,2.1,55.5,1,,Energy,97686688.0,224060.59
XCIKX,Credit Suisse Asset Management Income Fd Inc,2.72,11,8,6,6,4,4,3,42,-8.0,42.0,Weak,🔥 COILED: Watchlist only,39,0.4,0.0,0.1,53.7,0,,Other,0.0,0.0
MXEYX,Great-West Core Strategies: Inflation-Protected Securities Fund Investor Class,2.66,11,5,12,6,3,7,3,47,-10.0,42.0,Weak,🔥 COILED: Watchlist only,30,0.0,0.4,0.2,57.3,0,,nan,nan,0.0
CRHKF,China Resources Beer Holdings Co Ltd,2.96,4,7,9,9,3,3,2,37,0.0,42.0,Weak,🔥 COILED: Watchlist only,20,0.0,0.0,-0.1,44.8,0,,Consumer Defensive,11386439680.0,31.16
CSAN,Cosan SA ADR,2.83,6,15,4,9,4,2,2,42,-1.0,42.0,Weak,Watchlist only,29,17.9,9.7,2.9,51.6,2,,Energy,2828647168.0,2214209.71
JSHCX,JANUS SHORT-TERM BOND FUND CLASS C,2.87,11,6,9,6,4,7,2,45,-8.0,42.0,Weak,🔥 COILED: Watchlist only,33,0.0,0.0,0.0,58.8,0,,nan,0.0,0.0
PAZRF,Plaza Retail REIT,3.78,11,3,4,13,3,5,3,42,0.0,42.0,Weak,Watchlist only,49,-1.2,-6.7,-0.4,54.6,0,,Real Estate,360533184.0,0.0
RYOJ,"rYojbaba Co., Ltd. Common Shares",5.69,16,13,6,10,6,3,5,59,-15.0,42.0,Weak,Watchlist only,60,17.3,10.9,19.0,64.3,2,,Industrials,34996500.0,692537.12
OUTKY,Outokumpu Oyj ADR,3.1,3,7,7,9,6,5,2,39,0.0,42.0,Weak,Watchlist only,42,-2.5,2.6,-1.9,48.0,1,,Basic Materials,3252506368.0,0.0
RPAY,Repay Holdings Corp,3.84,8,9,9,7,5,2,2,42,-5.0,42.0,Weak,🔥 COILED: Watchlist only,56,4.6,3.8,0.1,50.1,1,,Technology,327683008.0,1245835.7
ACB,Aurora Cannabis Inc,4.01,16,6,7,15,7,11,5,67,-23.0,42.0,Weak,Watchlist only,52,9.3,15.1,14.9,74.4,3,,Healthcare,207534384.0,1337965.97
MSTU,T-REX 2X Long MSTR Daily Target ETF,30.5,18,4,8,15,7,7,5,64,-20,42,Weak,Watchlist only,60,1699.4,1548.6,332.1,97.3,2,10,nan,nan,22570724.39
HLDCY,Henderson Land Development,3.845,18,6,5,15,1,7,4,56,-15.0,42.0,Weak,Watchlist only,57,10.5,9.0,5.6,66.4,1,,Real Estate,17816303616.0,20024.02
HBRIY,Harbour Energy PLC ADR,3.56,10,7,4,13,1,2,5,42,0.0,42.0,Weak,Watchlist only,50,-0.3,2.3,1.3,54.1,1,,Energy,5679401472.0,25775.82
RTOXF,Rotork plc,6.25,13,6,7,11,6,4,2,49,-10.0,42.0,Weak,Watchlist only,50,0.1,-2.3,2.7,57.6,0,,Industrials,3009803264.0,0.0
FHTX,Foghorn Therapeutics Inc,6.85,17,6,5,9,5,5,5,52,-10.0,42.0,Weak,Watchlist only,63,1.5,3.9,9.1,66.3,1,,Healthcare,219590064.0,171339.7
LWSTX,WESTERN ASSET SHORT-TERM BOND FUND CLASS IS,3.67,12,5,8,6,4,7,2,44,-10.0,42.0,Weak,🔥 COILED: Watchlist only,33,0.0,0.0,0.0,53.6,0,,nan,0.0,0.0
ATAI,ATAI Life Sciences BV,7.44,14,9,12,15,6,6,4,66,-24.0,42.0,Weak,Watchlist only,60,2.1,3.2,3.8,74.7,1,,Healthcare,1656750080.0,5230689.71
LAW,CS Disco LLC,4.17,9,6,9,9,5,4,2,44,-5.0,42.0,Weak,Watchlist only,46,-5.7,-1.0,-1.2,49.7,1,,Technology,251406880.0,297584.34
EURBF,EURBF,5.31,17,5,10,5,6,4,5,52,-10.0,42.0,Weak,Watchlist only,52,0.0,2.7,2.5,70.6,0,,Financial Services,15080270848.0,2393.66
RGRNF,Regis Resources Ltd,6.109,17,6,6,14,3,3,5,54,-12.0,42.0,Weak,Watchlist only,63,14.2,15.3,13.6,69.8,2,,Basic Materials,3521222912.0,0.0
SMWB,SimilarWeb Ltd,8.93,16,7,6,14,7,6,5,61,-19.0,42.0,Weak,Watchlist only,65,4.2,23.2,11.1,67.7,3,,Technology,379310336.0,623574.89
HNSPF,Hansoh Pharmaceutical Group Company Limited,4.11,6,7,8,7,3,4,2,37,0.0,42.0,Weak,🔥 COILED: Watchlist only,28,0.0,0.0,0.7,55.6,0,,Healthcare,27216607232.0,114.75
NWPP,New Peoples Bankshares Inc,4.74,14,2,4,10,5,5,4,44,-2.0,42.0,Weak,Watchlist only,61,-3.5,1.7,1.8,63.2,0,,Financial Services,102230944.0,0.0
AHT-PF,Ashford Hospitality Trust Inc,6.67,12,11,8,13,6,0,5,55,-13.0,42.0,Weak,Watchlist only,48,-0.7,2.3,2.8,53.3,1,,Real Estate,102808168.0,5966.87
CWGL,Crimson Wine,4.21,11,7,6,11,1,1,4,41,-2.0,42.0,Weak,Watchlist only,36,-0.2,4.5,1.1,53.5,0,,Consumer Defensive,91196104.0,14286.56
CING,Cingulate Inc,5.87,14,7,10,14,7,8,5,65,-23.0,42.0,Weak,Watchlist only,60,12.9,12.9,12.2,72.8,3,,Healthcare,61257172.0,366239.45
FNEVY,Fraser and Neave Ltd ADR,4.53,7,4,10,7,3,4,2,37,0.0,42.0,Weak,🔥 COILED: Watchlist only,36,0.0,0.0,-0.0,53.3,0,,Consumer Defensive,1514173440.0,0.0
PMSTX,VIRTUS MULTI-SECTOR SHORT TERM BOND FUND CLASS C1,4.6,10,6,11,6,3,7,2,45,-8.0,42.0,Weak,🔥 COILED: Watchlist only,28,0.0,0.0,0.0,51.6,0,,nan,0.0,0.0
BGKKF,Bangkok Bank Public Company Limited,5.28,18,4,6,12,6,5,4,55,-13.0,42.0,Weak,Watchlist only,0,5.8,5.8,4.2,99.7,0,,Financial Services,8398908928.0,0.0
NFGC,New Found Gold Corp,2.04,16,11,7,16,4,5,5,64,-22.2,41.8,Weak,Watchlist only,43,24.4,22.9,20.4,75.2,3,,Basic Materials,674064896.0,1816450.68
COGZF,Cogstate Limited,2.4,18,10,5,11,6,5,5,60,-18.2,41.8,Weak,Watchlist only,69,50.0,27.0,28.8,68.8,2,,Healthcare,288803392.0,1777.75
MBAI,Check-Cap Ltd.,8.08,18,8,7,15,7,4,5,64,-20.5,41.5,Weak,Watchlist only,56,-3.3,3911.9,74.5,87.9,2,,Healthcare,12909699.0,1813609.31
BJCHY,Beijing Capital International Airport Co Ltd ADR,0.97,9,7,11,7,1,1,2,38,-5.0,41.0,Weak,🔥 COILED: Watchlist only,27,0.0,0.0,0.0,50.6,1,,Industrials,923162496.0,258.78
NWTG,Newton Golf Company,1.32,15,6,4,12,7,2,5,51,-8.0,41.0,Weak,Watchlist only,37,2.3,9.1,5.8,56.5,2,,Consumer Cyclical,4847513.0,76705.72
MCSXX,BlackRock Liquidity Funds - MuniCash,1.0,11,7,11,6,4,2,2,43,-10.0,41.0,Weak,🔥 COILED: Watchlist only,37,0.0,0.0,0.0,51.9,0,,nan,nan,0.0
JOFXX,JPMorgan Trust IV - Institutional Tax Free Money Market Fund,1.0,11,7,11,6,4,2,2,43,-10.0,41.0,Weak,🔥 COILED: Watchlist only,37,0.0,0.0,0.0,51.9,0,,nan,nan,0.0
JOCXX,JPMorgan Trust IV - Institutional Tax Free Money Market Fund,1.0,11,7,11,6,4,2,2,43,-10.0,41.0,Weak,🔥 COILED: Watchlist only,37,0.0,0.0,0.0,51.9,0,,nan,nan,0.0
INO,Inovio Pharmaceuticals Inc,1.29,14,11,5,15,7,11,5,68,-25.0,41.0,Weak,Watchlist only,36,7.5,67.5,22.3,66.7,3,,Healthcare,95436952.0,1799066.3
DDC,DDC Enterprise Limited,0.697,15,11,6,17,3,7,5,64,-28,41,Weak,Watchlist only,35,34.6,43.5,20.8,58.4,3,,Consumer Defensive,52245056.0,89752.15
INHD,Inno Holdings Inc. Common Stock,39.49,19,9,7,15,7,2,5,64,-23,41,Weak,Watchlist only,65,3009.4,2869.2,384.7,98.2,4,7,Basic Materials,5379631.0,368198.32
CHSN,Chanson International Holding Class A Ordinary Shares,1.11,15,9,8,2,2,5,3,44,-8.0,41.0,Weak,🔥 COILED: Watchlist only,28,3.7,8.8,2.0,51.7,1,,Consumer Cyclical,2898858.0,192116.47
BTBD,Bt Brands Inc,1.36,14,11,6,6,7,8,5,57,-14.0,41.0,Weak,Watchlist only,38,7.9,4.6,8.5,64.8,1,,Consumer Cyclical,7297974.0,972586.25
ITVPF,ITV plc,1.2,19,4,5,14,4,3,5,54,-13.0,41.0,Weak,Watchlist only,49,21.2,29.0,13.7,90.4,2,,Communication Services,3814761472.0,0.0
EU,enCore Energy Corp. Common Shares,1.375,15,14,7,5,4,2,5,52,-11.0,41.0,Weak,Watchlist only,29,28.5,-0.4,14.4,59.5,2,,Energy,306888160.0,3554048.68
NTIP,Network-1 Technologies Inc,1.55,8,4,3,8,5,8,2,38,0.0,41.0,Weak,Watchlist only,53,2.6,-1.6,-0.4,49.2,1,,Industrials,33953920.0,182383.04
ZZHGF,ZhongAn Online P & C Insurance Co. Ltd,1.5,8,4,10,9,3,2,2,38,0.0,41.0,Weak,Watchlist only,34,0.0,0.0,-0.0,0.0,0,,Financial Services,2527219456.0,0.88
AUTL,Autolus Therapeutics Ltd,2.44,17,12,6,15,6,2,5,63,-20.0,41.0,Weak,Watchlist only,60,6.6,4.7,13.9,65.8,1,,Healthcare,441797824.0,2576381.67
FRCEF,Fletcher Building Limited,2.1,15,6,11,8,6,6,2,54,-18.0,41.0,Weak,🔥 COILED: Watchlist only,59,0.0,0.0,1.4,99.4,1,,Basic Materials,1752082816.0,69.75
BMR,Beamr Imaging Ltd. Ordinary Share,1.28,8,9,8,7,2,6,4,44,-3.0,41.0,Weak,Watchlist only,13,-0.8,-2.3,-1.4,46.3,1,,Technology,29506724.0,213230.06
NCPCF,Nickel Creek Platinum Corp,1.52,16,14,9,11,4,4,5,63,-22.0,41.0,Weak,Watchlist only,36,5.6,26.7,14.1,62.1,3,,Basic Materials,13396558.0,4755.97
HANOF,HANOF,2.67,15,6,10,8,6,2,2,49,-13.0,41.0,Weak,🔥 COILED: Watchlist only,49,0.0,0.0,1.7,100.0,0,,Technology,602782976.0,2.5
KHDHF,KHD Humboldt Wedag International AG,2.35,17,5,6,13,6,2,5,54,-13.0,41.0,Weak,Watchlist only,62,0.0,0.0,5.5,99.1,0,,Industrials,109531816.0,66.0
PHDWY,PT Ace Hardware Indonesia Tbk,1.973,6,6,9,9,4,2,2,38,0.0,41.0,Weak,Watchlist only,25,0.0,0.0,-0.1,18.8,0,,Consumer Cyclical,342407808.0,1.03
LCTC,Lifeloc Technologies Inc,4.1,12,4,9,14,6,6,5,56,-18.0,41.0,Weak,Watchlist only,60,0.0,4.9,4.0,72.1,1,,Technology,6193386.0,189.32
OVID,Ovid Therapeutics Inc,2.91,14,12,7,15,6,3,5,62,-19.0,41.0,Weak,Watchlist only,64,2.5,12.8,7.6,62.8,3,,Healthcare,447936256.0,2463685.59
HGPI,Horizon Group Properties Inc,2.5,15,5,6,14,6,5,5,56,-15.0,41.0,Weak,Watchlist only,57,1.2,6.4,7.6,71.5,1,,Real Estate,22635690.0,329.66
NDBI,NUCLEAR DIAMOND BATTERIES INC.,2.2,11,6,10,6,3,6,2,44,-8.0,41.0,Weak,🔥 COILED: Watchlist only,29,7.8,4.8,5.5,54.3,0,,Industrials,nan,307.71
DNLZY,Dyno Nobel Limited,2.64,7,12,2,7,4,4,3,39,2.0,41.0,Weak,Watchlist only,49,-1.4,-4.2,0.3,50.3,1,,Basic Materials,4599666688.0,5435.01
LKFLF,Luk Fook Holdings (International) Limited,3.0,6,4,10,7,3,4,2,36,0.0,41.0,Weak,🔥 COILED: Watchlist only,22,0.0,0.0,-0.4,45.3,0,,Consumer Cyclical,1570513408.0,521.06
KEGX,Key Energy Services Inc,2.36,14,12,2,12,6,2,5,53,-15.0,41.0,Weak,Watchlist only,55,-5.6,-6.0,0.3,52.3,1,,Energy,37416356.0,0.0
CIG-C,Energy of Minas Gerais Co DRC,3.07,10,11,5,7,4,2,2,41,2.0,41.0,Weak,Watchlist only,38,7.2,4.4,2.4,53.9,1,,Utilities,8467618816.0,4719.7
KOS,Kosmos Energy Ltd,2.73,15,5,5,12,1,3,5,46,-5.0,41.0,Weak,Watchlist only,51,-0.4,6.6,2.8,54.5,1,,Energy,1791431552.0,17266117.08
YUGVF,YouGov plc,3.623,17,4,7,13,6,2,5,54,-13.0,41.0,Weak,Watchlist only,55,0.0,15.0,6.8,90.6,2,,Industrials,335070208.0,0.0
IXHL,Incannex Healthcare Ltd ADR,3.75,15,8,11,15,8,3,5,65,-25.0,41.0,Weak,Watchlist only,54,11.6,17.2,11.7,71.9,3,,Healthcare,36585212.0,909893.58
JSHSX,JANUS SHORT-TERM BOND FUND CLASS S,2.87,10,6,11,6,4,2,2,41,-8.0,41.0,Weak,🔥 COILED: Watchlist only,33,0.0,0.0,0.0,52.9,0,,nan,0.0,0.0
JSHIX,JANUS SHORT-TERM BOND FUND CLASS I,2.87,9,7,11,6,4,7,2,46,-10.0,41.0,Weak,🔥 COILED: Watchlist only,32,0.0,0.0,0.0,50.3,0,,nan,0.0,0.0
EKHIX,WELLS FARGO HIGH YIELD BOND FUND INSTITUTIONAL CLASS,3.01,10,5,6,6,4,7,3,41,-8.0,41.0,Weak,🔥 COILED: Watchlist only,39,0.3,0.3,0.1,54.0,0,,nan,0.0,0.0
ILPMY,Permanent TSB Group Holdings PLC ADR,3.35,11,3,7,7,6,2,2,38,0.0,41.0,Weak,Watchlist only,29,0.0,-0.3,-0.0,52.4,0,,Financial Services,1938196480.0,1096.06
IMMQF,Immobiliare Grande Distribuzione SIIQ S.p.A,3.46,7,7,11,9,3,2,2,41,-5.0,41.0,Weak,🔥 COILED: Watchlist only,42,0.0,0.0,0.0,50.0,1,,Real Estate,381783008.0,22.44
XNROX,Neuberger Berman Real Estate Securities Income Fd Inc,3.26,4,8,5,7,6,4,2,36,2.0,41.0,Weak,Watchlist only,33,1.2,1.2,-0.3,47.4,0,,Other,0.0,0.0
FTEMUX,FTEMUX,3.317,15,7,8,8,6,7,2,53,-12.0,41.0,Weak,Watchlist only,34,0.0,0.1,0.1,66.4,0,,nan,nan,0.0
BGS,B&G Foods Inc,3.52,3,12,5,8,4,2,2,36,4.0,41.0,Weak,Watchlist only,21,2.0,3.2,-0.4,47.4,1,,Consumer Defensive,320609664.0,2178765.67
HIX,Western Asset High Income II Closed Fund,3.92,1,12,5,14,4,2,3,41,-1.0,41.0,Weak,Watchlist only,30,-1.0,-0.5,-0.4,47.2,0,,Financial Services,329388400.0,366764.25
FOSL,Fossil Group Inc,5.46,15,5,3,9,5,4,5,46,-5.0,41.0,Weak,Watchlist only,65,-0.7,4.2,2.2,56.5,1,,Consumer Cyclical,240543520.0,809402.87
MGPUF,M&G Plc,4.695,10,3,4,10,6,5,3,41,0.0,41.0,Weak,Watchlist only,56,-4.2,-4.2,-2.1,41.5,0,,Financial Services,10000998400.0,1716.25
MNSAF,Mineros S.A.,6.01,18,7,7,9,5,4,5,55,-14.0,41.0,Weak,Watchlist only,66,8.6,10.0,8.6,67.7,2,,Basic Materials,1209415296.0,15761.69
LOQPF,Accesso Technology Group PLC,4.13,12,6,11,10,6,4,2,51,-13.0,41.0,Weak,Watchlist only,50,0.0,0.0,0.1,94.0,0,,Technology,113372656.0,250.0
BCOMF,B Communications Ltd,4.3,8,6,10,7,3,2,2,38,0.0,41.0,Weak,Watchlist only,32,0.0,0.0,-0.0,34.3,0,,Communication Services,451979904.0,0.0
OPHLY,Ono Pharmaceutical Co Ltd,5.11,14,14,7,5,6,4,4,54,-11.0,41.0,Weak,Watchlist only,57,0.8,0.9,1.5,57.1,0,,Healthcare,6400777728.0,65242.43
MLGO,MicroAlgo Inc.,4.15,6,11,7,11,4,2,3,44,-3.0,41.0,Weak,Watchlist only,47,-0.5,0.0,-0.3,48.9,0,,Technology,51315724.0,329105.7
PASHX,T. ROWE PRICE SHORT-TERM BOND FUND INC. T. ROWE PRICE SHORT-TERM BOND FUND-ADVISOR CLASS,4.61,10,5,9,6,4,7,2,43,-10.0,41.0,Weak,🔥 COILED: Watchlist only,35,0.0,0.0,0.0,51.2,0,,nan,0.0,0.0
ADBG,Leverage Shares 2X Long ADBE Daily ETF,5.04,15,5,8,15,3,2,5,53,-10.0,41.0,Weak,Watchlist only,48,8.2,6.8,8.1,59.7,0,,nan,nan,1850331.11
NJDCY,Nidec Corporation,4.04,8,7,8,12,5,4,3,47,-11.0,41.0,Weak,Watchlist only,53,-8.2,-6.7,-2.6,46.5,1,,Industrials,17872109568.0,178652.69
LPL,LG Display Co Ltd,3.38,5,14,7,7,3,0,5,41,-1.0,41.0,Weak,Watchlist only,17,2.4,-1.5,0.9,49.6,1,,Technology,4834999808.0,1117619.64
FSCO,FS Credit Opportunities Corp.,5.07,12,5,7,7,3,1,3,38,0.0,41.0,Weak,Watchlist only,36,-1.6,0.6,0.2,53.3,0,,Financial Services,993143936.0,1592433.38
DWTX,"Dogwood Therapeutics, Inc.",2.68,16,6,6,16,7,1,5,57,-17.2,40.8,Weak,Watchlist only,51,25.2,45.7,28.7,85.3,2,,Healthcare,54143580.0,285429.12
LGMK,LogicMark Inc,1.18,19,10,7,9,4,6,5,60,-17.5,40.5,Weak,Watchlist only,59,40.6,38.8,34.8,61.3,2,,Healthcare,899759.0,4595.35
MPFXX,Morgan Stanley Institutional Liquidity Funds - Prime Portfolio,1.0,10,7,11,6,4,2,2,42,-10.0,40.0,Weak,🔥 COILED: Watchlist only,35,0.0,0.0,0.0,54.3,0,,nan,nan,0.0
SLNCF,Silence Therapeutics plc,4.0,14,3,1,12,6,4,5,45,-5.0,40.0,Weak,Watchlist only,49,-27.3,-12.6,-1.4,54.3,1,,Healthcare,150206064.0,166.25
ICON,Icon Energy Corp.,1.01,7,11,9,8,2,5,2,44,-5.0,40.0,Weak,Watchlist only,44,-1.5,-1.9,-0.8,49.0,1,,Industrials,3567616.0,383002.78
TSYHF,TravelSky Technology Limited,1.075,1,7,8,11,4,4,2,37,0.0,40.0,Weak,Watchlist only,35,0.9,0.9,-0.7,48.0,1,,Technology,3452926976.0,27890.79
MLXEF,Metals X Limited,1.32,13,5,5,14,3,3,5,48,-8.0,40.0,Weak,Watchlist only,67,0.8,1.5,7.7,62.4,0,,Basic Materials,1054841792.0,78078.42
JDDSF,JD Sports Fashion plc,1.06,4,4,10,9,3,3,2,35,0.0,40.0,Weak,🔥 COILED: Watchlist only,38,0.0,0.0,-0.1,44.1,0,,Consumer Cyclical,5789293056.0,276.0
STKE,Sol Strategies Inc. Common Shares,1.3,13,10,10,12,9,3,5,62,-22.0,40.0,Weak,Watchlist only,41,25.0,21.5,13.1,63.6,3,,Financial Services,49505328.0,348799.81
INMB,INmune Bio Inc,2.43,18,6,6,15,7,8,5,65,-23.0,40.0,Weak,Watchlist only,60,15.2,16.8,15.5,71.8,3,,Healthcare,35890100.0,459326.2
QRHC,Quest Resource Holding Corp,1.49,14,10,3,14,9,0,5,55,-13.0,40.0,Weak,Watchlist only,58,-4.5,7.2,4.8,56.4,1,,Industrials,28870712.0,169100.2
PPKRF,PPKRF,1.3,5,4,10,9,3,2,2,35,0.0,40.0,Weak,🔥 COILED: Watchlist only,36,0.0,0.0,0.0,50.0,0,,Consumer Cyclical,4795471872.0,1.0
TCYMF,Tingyi (Cayman Islands) Holding Corp,1.45,8,3,11,8,6,2,2,40,-3.0,40.0,Weak,Watchlist only,0,0.0,0.0,0.0,72.1,0,,Consumer Defensive,7327471104.0,121.5
ECELF,Eurocell plc,1.51,11,6,10,6,6,1,2,42,-10.0,40.0,Weak,🔥 COILED: Watchlist only,38,0.0,0.0,0.2,53.3,0,,Industrials,142897856.0,107.82
INCPF,InnoCare Pharma Limited,1.55,8,3,10,9,3,2,2,37,0.0,40.0,Weak,Watchlist only,33,0.0,0.0,-0.0,0.0,0,,Healthcare,2731344640.0,28.0
HBMHF,HBM Holdings Limited,1.56,8,3,10,9,3,2,2,37,0.0,40.0,Weak,Watchlist only,39,0.0,0.0,-0.0,0.1,0,,Healthcare,1303004544.0,111.48
SYYYF,Synthomer plc,1.4,13,5,10,10,4,1,5,48,-8.0,40.0,Weak,Watchlist only,56,0.0,0.0,2.3,76.7,1,,Basic Materials,268867648.0,205.25
FFXXF,Helios Fairfax Partners Corporation,2.09,16,5,11,5,6,4,3,50,-13.0,40.0,Weak,Watchlist only,59,2.0,0.7,2.5,70.3,0,,Financial Services,184906432.0,4121.5
FVHIX,FRANKLIN HIGH INCOME FUND ADVISOR CLASS,1.76,13,6,6,6,4,7,3,45,-8.0,40.0,Weak,Watchlist only,41,0.6,0.6,0.4,57.8,0,,nan,0.0,0.0
DRMTY,Dr. Martens plc,2.2,12,3,4,7,6,4,4,40,0.0,40.0,Weak,Watchlist only,58,-4.8,5.8,0.9,58.4,0,,Consumer Cyclical,875734208.0,986.58
PVL,Permianville Royalty Trust,1.81,16,6,5,11,1,1,5,45,-5.0,40.0,Weak,Watchlist only,45,1.1,4.0,2.2,61.1,0,,Energy,62040000.0,87141.65
SDM,Smart Digital Group Limited Ordinary Shares,1.85,7,3,10,9,0,6,2,37,0.0,40.0,Weak,Watchlist only,27,0.0,0.0,-0.0,28.7,0,,Communication Services,58691252.0,403288.0
ANRGF,Anaergia Inc,1.838,12,14,6,5,4,2,5,48,-8.0,40.0,Weak,Watchlist only,37,0.4,12.8,5.3,57.4,2,,Industrials,349280480.0,13029.56
HMDCF,HUTCHMED (China) Limited,2.16,7,4,9,7,3,3,2,35,0.0,40.0,Weak,🔥 COILED: Watchlist only,26,0.0,0.0,-0.2,46.9,0,,Healthcare,1857063936.0,87.05
MMTHF,Momentum Group Limited,2.15,12,7,10,6,6,2,2,45,-10.0,40.0,Weak,🔥 COILED: Watchlist only,54,0.0,0.0,0.2,50.0,0,,Financial Services,901726208.0,52.36
HWGLF,Harworth Group plc,2.07,5,4,10,9,3,2,2,35,0.0,40.0,Weak,🔥 COILED: Watchlist only,36,0.0,0.0,0.0,50.0,0,,Real Estate,673164672.0,3.0
IPSC,Century Therapeutics Inc,2.17,14,12,9,2,4,5,4,50,-13.0,40.0,Weak,Watchlist only,52,10.7,5.3,5.5,56.2,2,,Healthcare,396780608.0,1274923.1
LPIX,LPIX,6.432,15,7,7,14,6,4,5,58,-18.0,40.0,Weak,Watchlist only,60,0.0,0.0,10.0,91.3,1,,Industrials,43522868.0,48.79
CLWY,Calloway's Nursery Inc,5.51,15,6,10,10,3,2,2,48,-13.0,40.0,Weak,🔥 COILED: Watchlist only,49,0.0,0.0,4.0,100.0,0,,Consumer Cyclical,15646768.0,0.0
PMDI,Psychemedics Corporation,2.49,15,6,11,8,6,5,2,53,-18.0,40.0,Weak,🔥 COILED: Watchlist only,59,0.0,0.0,0.2,80.4,1,,Healthcare,13440905.0,2681.28
MAQC,Maquia Capital Acquisition Corp,2.36,13,6,11,8,6,2,2,48,-13.0,40.0,Weak,🔥 COILED: Watchlist only,35,0.0,0.0,0.7,99.7,0,,Financial Services,11170651.0,14.5
IMNN,Imunon Inc,1.66,9,16,9,6,3,4,5,52,-13.0,40.0,Weak,Watchlist only,27,5.1,3.1,1.9,50.5,1,,Healthcare,8824447.0,77313.16
RMJAX,Easterly ROCMuni High Inc Muncpl Bd A,2.21,16,5,10,7,6,6,3,53,-13.0,40.0,Weak,Watchlist only,41,0.5,0.5,0.5,99.7,0,,nan,nan,0.0
SIGGF,Sigma Healthcare Limited,2.212,11,6,7,10,4,1,3,42,-2.0,40.0,Weak,Watchlist only,36,0.0,0.0,0.4,61.8,0,,Healthcare,27104614400.0,132.7
GALT,Galectin Therapeutics Inc,3.99,14,10,7,15,9,4,5,64,-22.0,40.0,Weak,Watchlist only,57,13.4,27.5,11.9,61.1,3,,Healthcare,156739424.0,383759.86
SERA,Sera Prognostics Inc,2.18,15,8,11,11,5,3,5,58,-16.0,40.0,Weak,Watchlist only,47,13.0,9.5,6.1,59.9,2,,Healthcare,89086104.0,59540.5
RSSS,Research Solutions Inc,2.21,7,11,5,10,2,0,3,38,2.0,40.0,Weak,Watchlist only,28,-0.9,4.2,-0.7,47.6,0,,Technology,75256944.0,85176.55
YAHOF,Z Holdings Corporation,3.3,19,5,6,14,6,8,5,63,-23.0,40.0,Weak,Watchlist only,55,8.2,8.2,9.3,89.1,1,,Consumer Cyclical,17391804416.0,0.0
NINTF,Ninety One Group,2.6,4,6,9,8,3,5,2,37,0.0,40.0,Weak,Watchlist only,23,0.0,0.0,-0.3,33.7,0,,Financial Services,2886976768.0,55.39
VIMGF,Vimian Group AB (publ),2.77,8,3,10,7,3,4,2,37,0.0,40.0,Weak,Watchlist only,32,0.0,0.0,-0.0,0.0,0,,Healthcare,1466058496.0,392.85
MCRUF,Morgan Advanced Materials plc,3.47,17,4,6,11,6,4,5,53,-13.0,40.0,Weak,Watchlist only,65,0.0,1.5,6.1,88.7,1,,Industrials,815423616.0,191.53
WLWHY,Woolworths Holdings Ltd PK,2.95,5,6,10,9,0,3,4,37,0.0,40.0,Weak,Watchlist only,15,0.0,0.3,-0.3,38.2,0,,Consumer Cyclical,2830666240.0,0.0
DNERF,Downer EDI Limited,3.0,8,3,10,9,3,2,2,37,0.0,40.0,Weak,Watchlist only,36,0.0,0.0,-0.0,0.0,0,,Industrials,1984904192.0,3.8
THYUX,HIGH YIELD FUND HIGH YIELD FUND,3.21,11,5,5,6,4,7,2,40,-8.0,40.0,Weak,🔥 COILED: Watchlist only,41,0.3,0.3,0.1,53.3,0,,nan,0.0,0.0
ASCOF,Ascopiave S.p.A,3.33,8,3,10,9,3,2,2,37,0.0,40.0,Weak,Watchlist only,34,0.0,0.0,-0.0,0.0,0,,Utilities,720738048.0,1.0
POELF,The Navigator Company S.A,3.6,8,3,10,9,3,2,2,37,0.0,40.0,Weak,Watchlist only,36,0.0,0.0,-0.0,0.0,0,,Basic Materials,2560258816.0,354.28
FULC,Fulcrum Therapeutics Inc,3.86,9,12,11,14,4,2,4,56,-16.0,40.0,Weak,Watchlist only,34,-0.3,4.6,1.7,53.4,1,,Healthcare,224554288.0,1190636.04
SHIM,Shimmick Corporation Common Stock,4.02,9,13,8,6,8,2,3,49,-13.0,40.0,Weak,Watchlist only,49,8.6,2.0,3.4,53.9,1,,Industrials,158206576.0,90288.38
CTKB,Cytek Biosciences Inc,4.58,8,10,3,15,7,4,3,50,-8.0,40.0,Weak,Watchlist only,46,-1.9,-3.4,0.0,51.1,1,,Healthcare,559187392.0,965779.31
UFI,Unifi Inc,7.48,15,3,2,15,3,2,5,45,-5.0,40.0,Weak,Watchlist only,56,-7.5,8.1,5.1,58.4,2,,Consumer Cyclical,77508848.0,52272.9
TLIH,Ten-League International Holdings Limited Ordinary Shares,5.729,12,3,11,10,3,4,2,45,-3.0,40.0,Weak,Watchlist only,55,-0.3,0.2,0.5,57.8,1,,Industrials,11291270.0,263970.17
XCXEX,MFS High Income Municipal Trust,4.1,10,7,11,6,4,2,2,42,-10.0,40.0,Weak,🔥 COILED: Watchlist only,46,0.0,0.0,0.0,54.5,0,,Other,0.0,0.0
APHBF,APHBF,4.44,11,4,3,10,4,1,2,35,0.0,40.0,Weak,🔥 COILED: Watchlist only,39,0.0,0.0,-0.5,44.5,0,,nan,nan,156.0
AAFRF,Airtel Africa Plc,4.58,8,16,6,10,3,0,2,45,-8.0,40.0,Weak,Watchlist only,48,4.1,4.1,2.2,54.4,1,,Communication Services,16599324672.0,11691.03
LAC,Lithium Americas Corp,3.25,5,12,7,9,3,7,5,48,-6.0,40.0,Weak,Watchlist only,20,9.8,0.0,3.3,52.3,1,,Basic Materials,1790418560.0,21941757.42
AHT-P-D,Ashford Hospitality Trust Inc 8.45% Series D Cumulative Preferred Stock,7.108,15,4,5,9,3,3,5,44,-2.0,40.0,Weak,Watchlist only,39,-2.1,38.6,9.4,61.6,2,,Other,nan,4587.72
KKPNF,Koninklijke KPN N.V,4.74,7,12,4,11,2,2,2,40,-3.0,40.0,Weak,Watchlist only,28,1.1,2.8,0.5,50.0,0,,Communication Services,18904045568.0,57921.19
YAHOY,Z Holdings Corp ADR,6.78,18,6,7,9,6,7,5,58,-16.0,40.0,Weak,Watchlist only,60,9.7,11.0,10.2,80.3,2,,Consumer Cyclical,17165669376.0,311778.86
BUGDF,Bumrungrad Hospital PCL DRC,4.75,6,4,11,7,3,2,2,35,0.0,40.0,Weak,🔥 COILED: Watchlist only,38,0.0,0.0,0.0,50.8,0,,Healthcare,4292819712.0,0.0
SLNG,Stabilis Solutions Inc,5.97,16,11,4,15,6,4,5,61,-19.0,40.0,Weak,Watchlist only,65,0.5,15.7,11.6,64.7,3,,Energy,94655168.0,24925.62
BNNLF,Bannerman Resources Ltd,3.2,14,11,7,13,6,4,5,60,-25.5,39.5,Poor,Stay away,59,26.0,28.5,23.1,79.7,3,,Energy,544259072.0,56075.31
CSWYF,China Shineway Pharmaceutical Group Limited,1.004,5,4,10,8,3,2,2,34,0.0,39.0,Poor,🔥 COILED: Stay away,35,0.0,0.0,0.0,50.0,0,,Healthcare,758421568.0,1.0
WAAXX,Western Asset Premier Institutional Liquid Reserves Capital Shares,1.0,16,5,6,6,6,7,2,48,-12.0,39.0,Poor,Stay away,51,0.0,0.0,0.0,63.6,0,,nan,nan,0.0
SCTTF,Scott Technology Limited,1.14,8,3,10,8,3,2,2,36,0.0,39.0,Poor,Stay away,34,0.0,0.0,-0.0,0.0,0,,Industrials,95869136.0,75.0
GMXTF,GMéxico Transportes S.A.B. de C.V,1.23,8,3,10,8,3,2,2,36,0.0,39.0,Poor,Stay away,34,0.0,0.0,-0.0,2.4,0,,Industrials,4940832768.0,9.31
GPSAF,GPSAF,1.23,5,4,10,8,3,2,2,34,0.0,39.0,Poor,🔥 COILED: Stay away,30,0.0,0.0,0.0,50.0,0,,nan,609934848.0,50.0
MGX,"Metagenomi, Inc. Common Stock",1.21,7,8,8,9,2,3,2,39,-3.0,39.0,Poor,Stay away,25,0.0,0.0,-0.9,46.6,1,,Healthcare,50070320.0,372881.15
ASCLF,Ascletis Pharma Inc,1.3,11,6,6,7,4,0,5,39,-5.0,39.0,Poor,🔥 COILED: Stay away,19,-3.0,7.9,1.7,52.0,1,,Healthcare,1393108096.0,1193.72
ADTGKX,ADTGKX,1.431,2,12,5,8,3,2,2,34,0.0,39.0,Poor,🔥 COILED: Stay away,29,-0.1,-0.1,-0.1,46.1,0,,nan,nan,0.0
EQTL,Equitech International Corporation,1.65,7,3,4,8,6,6,2,36,0.0,39.0,Poor,Stay away,31,0.0,0.0,-0.1,27.7,0,,Technology,2749187.0,60.88
MRT,Marti Technologies Inc.,2.09,16,6,4,15,5,7,5,58,-19.0,39.0,Poor,Stay away,49,4.5,16.1,9.6,63.2,3,,Technology,153839392.0,49451.76
MIMSX,BNY MELLON MID CAP MULTI-STRATEGY FUND INVESTOR SHARES,1.83,11,7,9,4,6,2,2,41,-10.0,39.0,Poor,🔥 COILED: Stay away,27,0.0,0.0,0.1,52.0,0,,nan,0.0,0.0
VGZ,Vista Gold Corporation,2.37,13,5,7,14,3,2,5,49,-10.0,39.0,Poor,Stay away,52,3.9,4.4,7.5,63.1,1,,Basic Materials,344492352.0,1751436.35
SSCC,SMURFIT-STONE CONTAINER Corp,2.22,7,6,11,8,3,2,2,39,-5.0,39.0,Poor,🔥 COILED: Stay away,35,0.0,0.0,0.0,50.0,1,,Technology,260140752.0,0.04
LPRO,Open Lending Corp,3.14,16,6,9,9,6,2,3,51,-17.0,39.0,Poor,🔥 COILED: Stay away,61,0.0,-0.3,0.9,69.9,1,,Financial Services,264806256.0,695912.35
QUCY,Quantum Cyber N.V.,1.36,6,10,7,13,4,2,5,47,-6.0,39.0,Poor,Stay away,0,-4.9,-0.7,0.2,49.8,1,,Healthcare,56007444.0,0.0
BGLC,BioNexus Gene Lab Corp Common stock,1.55,7,5,5,9,6,4,5,41,-5.0,39.0,Poor,Stay away,22,0.6,2.0,-1.5,45.7,1,,Basic Materials,5547736.0,73379.84
LLOBF,Lloyds Banking Group plc 9.25% NON-CUM IRR PRF SHS GBP0.25,2.0,4,4,8,9,6,1,2,34,0.0,39.0,Poor,🔥 COILED: Stay away,32,0.0,0.0,-0.1,47.4,0,,Other,nan,86.25
ATIIW,Archimedes Tech SPAC Partners II Co. Warrant,1.47,8,5,7,12,7,0,2,41,0.0,39.0,Poor,Stay away,31,-2.6,-1.3,-5.6,44.8,0,,nan,nan,65860.77
RSDEF,Ramsdens Holdings PLC,2.392,5,4,10,8,3,2,2,34,0.0,39.0,Poor,🔥 COILED: Stay away,34,0.0,0.0,0.0,50.0,0,,Consumer Cyclical,77411208.0,456.25
AGMRF,Silver Mountain Resources Inc.,2.92,16,5,7,14,5,2,5,54,-15.0,39.0,Poor,Stay away,61,12.7,6.3,8.5,61.5,1,,Basic Materials,208509216.0,92873.06
BZUN,Baozun Inc,2.83,14,11,7,3,7,5,2,49,-13.0,39.0,Poor,🔥 COILED: Stay away,45,3.7,-2.7,0.1,50.8,1,,Consumer Cyclical,154040240.0,322771.35
FOCIF,Focusrite plc,3.73,16,9,6,13,6,3,5,58,-15.0,39.0,Poor,Stay away,63,10.0,74.3,25.7,97.3,2,,Consumer Cyclical,150405360.0,38.4
SRTS,Sensus Healthcare Inc,3.36,16,5,6,14,5,4,5,55,-16.0,39.0,Poor,Stay away,38,12.0,8.4,7.7,62.3,2,,Healthcare,44447560.0,90119.71
PCSA,Processa Pharmaceuticals Inc,2.18,3,10,4,9,9,2,2,39,-1.0,39.0,Poor,Stay away,30,3.8,-17.1,-3.8,46.5,2,,Healthcare,7562976.0,393023.37
VISL,Vislink Technologies Inc,3.15,17,12,3,14,5,3,5,59,-20.0,39.0,Poor,Stay away,68,11.7,12.1,6.1,58.8,3,,Technology,6719407.0,4282.19
UNICY,Unicharm Corp,3.11,11,5,2,7,3,8,3,39,-5.0,39.0,Poor,🔥 COILED: Stay away,58,4.4,-2.2,1.4,54.5,0,,Consumer Defensive,9808715776.0,592385.79
INGEF,Ingenia Communities Group,3.11,16,4,7,10,6,4,5,52,-13.0,39.0,Poor,Stay away,45,0.0,13.5,4.1,87.7,2,,Real Estate,1171801856.0,214.48
SHVTF,Select Harvests Ltd,3.35,15,5,8,11,6,2,5,52,-13.0,39.0,Poor,Stay away,0,0.0,0.0,4.0,85.5,0,,Consumer Defensive,392263200.0,307.5
XGUTX,Gabelli Utility Trust,3.01,2,8,8,8,3,3,2,34,2.0,39.0,Poor,Stay away,23,-1.3,-1.6,-1.4,39.4,0,,Other,0.0,0.0
PDGNF,Pendragon PLC,6.05,17,1,9,7,6,4,5,49,-10.0,39.0,Poor,Stay away,57,5.4,3.1,8.2,76.6,0,,Consumer Cyclical,376251488.0,1247.4
ZURA,Zura Bio Limited Class A Ordinary Shares,6.32,19,7,8,11,5,6,5,61,-22.0,39.0,Poor,Stay away,67,9.5,13.7,9.9,66.1,3,,Healthcare,366239552.0,975387.5
NAGE,"Niagen Bioscience, Inc.",3.27,5,12,5,12,4,2,2,42,-1.0,39.0,Poor,Stay away,28,6.9,6.2,2.7,53.1,1,,Healthcare,273976480.0,1025530.61
KRKR,36Kr Holdings Inc,3.135,10,11,7,12,5,4,5,54,-13.0,39.0,Poor,Stay away,28,-2.0,-0.8,2.6,55.2,0,,Communication Services,6592525.0,59965.65
LPERX,ALPS/RED ROCKS LISTED PRIVATE EQUITY FUND CLASS R,3.57,9,11,5,9,6,6,4,50,-11.0,39.0,Poor,Stay away,53,0.8,-1.1,1.1,57.7,0,,nan,0.0,0.0
SCGPY,Serco Group PLC,3.75,17,4,6,10,6,4,5,52,-13.0,39.0,Poor,Stay away,62,1.9,32.5,13.4,94.4,2,,Industrials,3558276352.0,0.0
PBM,Psyence Biomedical Ltd. Common Shares,4.27,16,10,5,11,9,7,5,63,-22.0,39.0,Poor,Stay away,56,-4.5,25.6,14.6,63.7,3,,Healthcare,9058563.0,965384.84
CSPCY,CSPC Pharmaceutical Group Limited,4.59,17,8,13,4,6,5,5,58,-19.0,39.0,Poor,Stay away,48,6.5,4.3,4.5,67.6,0,,Healthcare,10378960896.0,14362.3
OSSUY,Össur hf,4.15,13,6,10,8,6,2,2,47,-13.0,39.0,Poor,🔥 COILED: Stay away,50,0.0,0.0,0.9,99.7,0,,Healthcare,1626394368.0,35.61
SAFLY,Safilo Group SpA ADR,4.75,17,4,6,12,6,2,5,52,-13.0,39.0,Poor,Stay away,57,0.0,0.0,6.0,98.9,0,,Healthcare,737865024.0,32.03
ANPMF,Andean Precious Metals Corp,5.23,14,5,6,11,5,7,5,53,-12.0,39.0,Poor,Stay away,46,7.2,-3.3,5.7,60.2,0,,Basic Materials,692820992.0,150585.24
LLDYX,LORD ABBETT SHORT DURATION INCOME FUND CLASS I,3.83,9,6,11,6,3,7,2,44,-10.0,39.0,Poor,🔥 COILED: Stay away,32,0.0,0.0,0.0,52.0,0,,nan,0.0,0.0
SBDS,"Solo Brands, Inc.",3.76,5,9,8,10,2,2,3,39,-3.0,39.0,Poor,Stay away,37,4.4,-5.8,-0.5,48.9,1,,Consumer Cyclical,10832179.0,34270.91
JVA,Coffee Holding Co Inc,3.46,7,6,6,11,2,1,3,36,0.0,39.0,Poor,Stay away,12,-1.1,-0.6,-0.9,45.1,0,,Consumer Defensive,25688700.0,73256.98
KHYIX,DEUTSCHE HIGH INCOME FUND INSTITUTIONAL CLASS,4.43,3,11,3,8,4,2,3,34,0.0,39.0,Poor,🔥 COILED: Stay away,29,-0.2,-0.2,-0.2,45.4,0,,nan,0.0,0.0
KHYAX,DEUTSCHE HIGH INCOME FUND CLASS A,4.42,3,11,3,8,4,2,3,34,0.0,39.0,Poor,🔥 COILED: Stay away,29,-0.2,-0.2,-0.2,45.3,0,,nan,0.0,0.0
KHYSX,DEUTSCHE HIGH INCOME FUND CLASS S,4.43,3,11,3,8,4,2,3,34,0.0,39.0,Poor,🔥 COILED: Stay away,28,-0.2,-0.2,-0.1,46.5,0,,nan,0.0,0.0
KHYQX,DEUTSCHE HIGH INCOME FUND CLASS R6,4.42,3,11,3,8,4,2,3,34,0.0,39.0,Poor,🔥 COILED: Stay away,29,-0.2,-0.2,-0.2,44.9,0,,nan,0.0,0.0
NEXPF,Nexi S.p.A,4.74,15,4,7,10,6,3,4,49,-13.0,39.0,Poor,Stay away,45,0.0,5.3,2.8,90.5,1,,Technology,5463928832.0,509.47
IGR,CBRE Clarion Global Real Estate Income Fund,4.7,9,11,9,4,6,6,2,47,-11.0,39.0,Poor,🔥 COILED: Stay away,57,1.7,1.3,0.6,52.8,0,,Financial Services,1039987000.0,817561.56
EDAP,EDAP TMS SA,5.435,18,4,8,15,5,9,5,64,-25.0,39.0,Poor,Stay away,63,5.6,10.9,9.0,78.1,3,,Healthcare,161922176.0,67703.78
PRWBX,T. ROWE PRICE SHORT-TERM BOND FUND INC. T. ROWE PRICE SHORT-TERM BOND FUND INC.,4.6,8,6,9,6,4,7,2,42,-8.0,39.0,Poor,🔥 COILED: Stay away,34,0.0,0.0,0.0,50.0,0,,nan,0.0,0.0
ZSTK,ZeroStack Corp.,6.47,18,11,4,9,8,7,5,62,-21,39,Poor,Stay away,45,251.6,283.8,97.5,75.8,3,9,Financial Services,11909308.0,53654.27
HMMCF,HMMCF,6.09,18,7,7,15,6,7,5,65,-24.2,38.8,Poor,Stay away,60,22.8,23.5,21.8,75.3,3,,Basic Materials,1392938880.0,16933.28
BLSG,Leverage Shares 2X Long BLSH Daily ETF,2.874,13,10,9,15,4,4,5,60,-19.8,38.2,Poor,Stay away,34,67.1,63.3,40.7,69.6,2,9,nan,nan,0.0
TOMZ,TOMI Environmental Solutions Inc,1.72,14,6,5,7,5,2,4,43,-5.0,38.0,Poor,Stay away,57,-2.3,-0.6,1.8,55.6,1,,Industrials,23436502.0,299839.54
JOAXX,JPMorgan Trust IV - Institutional Tax Free Money Market Fund,1.0,9,8,10,6,4,2,2,41,-8.0,38.0,Poor,🔥 COILED: Stay away,31,0.0,0.0,-0.0,48.4,0,,nan,nan,0.0
JOIXX,JPMorgan Trust IV - Institutional Tax Free Money Market Fund,1.0,13,7,9,6,4,2,2,43,-10.0,38.0,Poor,🔥 COILED: Stay away,38,0.0,0.0,0.0,58.1,0,,nan,nan,0.0
BYSD,Bayside Corp,1.08,9,6,8,7,5,1,2,38,-5.0,38.0,Poor,🔥 COILED: Stay away,59,0.0,0.0,0.0,52.6,1,,Technology,17124206.0,352.0
SMRT,SmartRent Inc,1.44,13,7,7,15,6,4,5,57,-17.0,38.0,Poor,Stay away,55,3.6,2.1,8.7,64.4,1,,Technology,237190816.0,1067639.58
CSHRW,CoinShares PLC Warrants,1.3,21,9,8,11,4,4,5,62,-24,38,Poor,Stay away,0,85.7,94.0,57.5,74.2,3,6,nan,nan,0.0
AMRQF,Amaroq Ltd.,1.43,12,6,9,14,7,4,5,57,-19.0,38.0,Poor,Stay away,56,4.7,0.3,3.6,63.0,2,,Basic Materials,568562432.0,119612.58
SJ,Scienjoy Holding Corp,1.0,8,14,8,11,5,5,5,56,-16.0,38.0,Poor,Stay away,48,5.3,22.0,6.6,57.7,3,,Communication Services,48407556.0,57403.47
LOT,Lotus Technology Inc.,1.15,15,7,4,16,5,5,5,57,-22.0,38.0,Poor,Stay away,33,11.7,29.2,12.5,65.0,3,,Consumer Cyclical,841492864.0,111652.55
FLRAF,Essentra plc,1.49,17,5,7,9,6,2,5,51,-13.0,38.0,Poor,Stay away,0,0.0,0.0,6.8,95.3,0,,Basic Materials,339045408.0,0.0
NOWG,Nowigence Inc.,1.24,10,4,10,7,4,1,2,38,-5.0,38.0,Poor,🔥 COILED: Stay away,41,0.0,0.0,-0.0,47.6,1,,Technology,16162911.0,407.91
AMMHF,AMMB Holdings Berhad,1.255,10,7,10,6,4,4,2,43,-10.0,38.0,Poor,🔥 COILED: Stay away,24,0.0,0.0,-0.0,42.4,0,,Financial Services,4149642496.0,100.35
CHXMF,Troilus Gold Corp,1.64,18,4,7,14,6,9,5,63,-23.0,38.0,Poor,Stay away,67,18.8,19.1,15.7,75.6,3,,Basic Materials,809922688.0,155803.07
REI,Ring Energy Inc,1.44,12,5,6,15,5,2,5,50,-10.0,38.0,Poor,Stay away,50,0.0,5.1,5.4,63.1,1,,Energy,342702400.0,3584060.22
VGLIF,VGLIF,1.25,8,3,10,7,3,2,2,35,0.0,38.0,Poor,Stay away,36,0.0,0.0,-0.0,0.1,0,,Technology,298542976.0,320.5
MYO,Myomo Inc,1.48,13,5,3,15,5,0,5,46,-8.0,38.0,Poor,Stay away,46,-11.9,-2.0,2.3,53.4,1,,Healthcare,49457472.0,882628.8
SKRKF,SKRKF,1.367,15,11,8,4,5,2,5,50,-12.0,38.0,Poor,Stay away,55,14.9,5.2,6.0,56.6,1,,nan,nan,0.0
BUMTF,BUMTF,0.809,3,4,7,9,3,7,2,35,0.0,38.0,Poor,Stay away,10,0.0,0.0,-7.6,0.0,0,,Consumer Defensive,2254387200.0,60.34
SLNH,Soluna Holdings Inc,1.23,2,14,10,9,3,0,3,41,-3.0,38.0,Poor,Stay away,41,5.1,-3.1,0.0,49.0,2,,Financial Services,260283136.0,12112932.94
CARV,Carver Bancorp Inc,1.815,12,12,6,11,7,0,5,53,-13.0,38.0,Poor,Stay away,55,5.6,4.3,8.2,58.4,1,,Financial Services,7137585.0,43212.64
PTEAF,PTEAF,1.05,3,3,10,7,3,7,2,35,0.0,38.0,Poor,Stay away,0,0.0,0.0,-2.2,4.0,0,,Energy,nan,0.0
SMHGF,SMHGF,1.489,8,3,10,7,3,2,2,35,0.0,38.0,Poor,Stay away,40,0.0,0.0,-0.0,3.3,0,,Healthcare,3825203456.0,5.5
HBGRF,Heidelberger Druckmaschinen Aktiengesellschaft,1.7,10,7,11,6,3,1,2,40,-10.0,38.0,Poor,🔥 COILED: Stay away,35,0.0,0.0,0.0,49.3,0,,Industrials,482373088.0,161.23
BTBT,Bit Digital Inc,1.58,10,16,6,14,4,5,5,60,-25.0,38.0,Poor,Stay away,36,9.0,17.0,6.1,54.2,4,,Financial Services,646002304.0,28794727.7
MNTK,Montauk Renewables Inc,1.82,12,5,7,14,3,2,2,45,-10.0,38.0,Poor,Stay away,47,-1.1,0.6,0.1,52.3,0,,Basic Materials,241979936.0,273950.44
NPWR,NET Power Inc.,1.95,15,8,4,16,3,6,5,57,-19.0,38.0,Poor,Stay away,50,18.2,20.4,15.7,64.4,3,,Industrials,167929216.0,1126273.16
CTPCF,CITIC Limited,1.35,4,4,10,8,0,5,2,33,0.0,38.0,Poor,🔥 COILED: Stay away,19,0.0,0.0,-0.3,51.9,0,,Industrials,50326155264.0,0.0
LOKVW,Live Oak Acquisition Corp. V Warrants,1.9,17,8,5,13,5,10,5,63,-21.0,38.0,Poor,Stay away,66,22.6,22.6,19.4,86.4,2,,nan,nan,37034.01
SHWGY,Shandong Weigao Group Medical Polymer Co Ltd ADR,1.9,16,4,7,11,6,2,5,51,-13.0,38.0,Poor,Stay away,31,0.0,18.7,7.4,86.6,2,,Healthcare,1935832832.0,0.0
NNUP,Nocopi Technologies Inc,1.97,18,3,7,15,6,9,5,63,-23.0,38.0,Poor,Stay away,62,12.6,17.3,9.6,75.4,3,,Basic Materials,20883220.0,2902.64
FHAIX,FRANKLIN HIGH INCOME FUND CLASS A,1.76,11,5,7,6,4,7,3,43,-10.0,38.0,Poor,🔥 COILED: Stay away,37,0.6,0.6,0.2,55.9,0,,nan,0.0,0.0
LICN,Lichen China Limited Class A Ordinary Shares,1.24,7,10,5,12,4,6,4,48,-8.0,38.0,Poor,Stay away,20,-0.8,-6.8,-1.3,46.7,1,,Industrials,29915022.0,101320.06
ANVS,Annovis Bio Inc,1.82,6,11,9,8,4,5,5,48,-13.0,38.0,Poor,🔥 COILED: Stay away,33,1.1,-3.7,0.9,51.1,1,,Healthcare,84658320.0,1070783.77
ZMTBY,Zumtobel Group AG,1.92,8,3,10,7,3,2,2,35,0.0,38.0,Poor,Stay away,36,0.0,0.0,-0.0,5.6,0,,Industrials,162576816.0,46.27
NEOV,NeoVolta Inc. Common Stock,3.39,13,11,6,15,6,4,5,60,-20.0,38.0,Poor,Stay away,56,-1.0,4.6,10.4,61.2,1,,Industrials,110910976.0,610378.11
XCFT,"xCraft Enterprises, Inc",1.95,8,3,10,7,3,2,2,35,0.0,38.0,Poor,Stay away,32,0.0,0.0,-0.0,0.0,0,,Technology,2920756.0,18.5
IMSIX,IMS STRATEGIC INCOME FUND INSTITUTIONAL CLASS SHARES,1.95,2,12,0,8,3,4,2,31,4.0,38.0,Poor,Stay away,31,0.0,-1.0,-0.5,44.1,0,,nan,0.0,0.0
EDVGF,Endeavour Group Limited,2.25,7,4,11,5,6,5,2,40,-10.0,38.0,Poor,🔥 COILED: Stay away,39,0.0,0.0,0.0,52.1,0,,Consumer Defensive,3683392512.0,155.5
ENADF,Enad Global 7 AB (publ),2.155,14,3,2,8,6,5,2,40,-5.0,38.0,Poor,Stay away,46,0.0,-3.8,-0.4,53.4,1,,Communication Services,221733264.0,1345.92
KGGNF,Kogan.com Ltd,2.16,8,3,10,7,3,2,2,35,0.0,38.0,Poor,Stay away,31,0.0,0.0,-0.0,0.1,1,,Consumer Cyclical,206542304.0,5.15
WSSTF,Western Bulk Chartering AS,2.2,7,4,3,10,3,6,2,35,0.0,38.0,Poor,Stay away,53,0.0,-0.9,-0.2,44.0,0,,Industrials,76312600.0,115.26
KNIT,Kinetic Group Inc,2,8,3,10,7,3,2,2,35,0.0,38.0,Poor,Stay away,34,0.0,0.0,-0.0,0.0,0,,Communication Services,52840400.0,10.0
KALA,Kala Pharmaceuticals Inc,0.821,3,14,6,8,4,6,5,46,-8.0,38.0,Poor,Stay away,26,-8.6,-2.8,-5.8,41.2,1,,Healthcare,38295052.0,113746.51
BMRA,Biomerica Inc,1.77,14,12,8,13,3,4,5,59,-22.0,38.0,Poor,Stay away,22,10.6,12.7,9.2,62.1,3,,Healthcare,6628627.0,97347.74
OPTXW,Syntec Optics Holdings Inc.,1.4,6,10,4,14,4,0,5,43,-3.0,38.0,Poor,Stay away,38,-7.3,-13.6,-2.1,49.0,0,,nan,nan,90858.71
ADTGDX,ADTGDX,2.211,2,12,4,8,3,2,2,33,0.0,38.0,Poor,🔥 COILED: Stay away,29,-0.0,-0.1,-0.0,47.0,0,,nan,nan,0.0
RMHIX,Easterly ROCMuni High Inc Muncpl Bd I,2.22,13,5,10,7,6,2,3,46,-13.0,38.0,Poor,🔥 COILED: Stay away,39,0.0,0.0,0.1,99.6,0,,nan,nan,0.0
SNTUF,SNTUF,2.1,12,7,11,6,3,2,2,43,-10.0,38.0,Poor,🔥 COILED: Stay away,50,0.0,0.0,0.0,50.0,0,,Financial Services,nan,40.0
QIHCF,Haier Smart Home Co. Ltd,2.42,12,6,11,8,3,6,2,48,-13.0,38.0,Poor,Stay away,59,0.0,0.0,0.0,96.5,0,,Consumer Cyclical,36467290112.0,15.5
MITFF,Mitie Group plc,2.83,13,6,8,10,6,4,3,50,-12.0,38.0,Poor,Stay away,55,-6.0,7.2,2.7,60.5,0,,Industrials,2872730112.0,0.0
FGROF,FirstGroup plc,2.4,14,5,7,9,6,4,3,48,-13.0,38.0,Poor,Stay away,42,0.0,0.0,0.1,97.6,0,,Industrials,1357823488.0,80.0
SAXJY,Sa Sa International Holdings Ltd ADR,2.55,15,7,6,3,6,5,5,47,-12.0,38.0,Poor,Stay away,41,0.0,0.0,2.6,63.8,0,,Consumer Cyclical,380140704.0,843.74
OPTGF,OPTGF,2.8,14,7,9,5,4,5,2,46,-8.0,38.0,Poor,Stay away,55,7.7,0.0,4.8,58.6,0,,Consumer Cyclical,160842000.0,242.99
DCX,Digital Currency X Technology Inc.,0.978,4,9,5,10,2,3,5,38,2.0,38.0,Poor,Stay away,25,3.1,0.5,-1.3,46.7,0,,Consumer Cyclical,48766116.0,296271.26
GLVHF,Glenveagh Properties PLC,2.91,17,4,7,10,6,2,5,51,-13.0,38.0,Poor,Stay away,63,0.0,14.6,4.9,100.0,2,,Consumer Cyclical,1310544384.0,1428.6
GENVR,Gen Digital Inc. Contingent Value Rights,3.5,13,2,5,13,5,3,5,46,-8.0,38.0,Poor,Stay away,55,20.3,-9.1,16.2,59.3,0,,nan,nan,38001.29
BBDO,Banco Bradesco S/A ADR,3.19,11,10,4,3,9,6,2,45,-8.0,38.0,Poor,Stay away,51,6.0,5.3,2.3,54.8,1,,Financial Services,31186771968.0,60819.54
COTGF,COTGF,3.47,13,4,10,6,6,2,2,43,-10.0,38.0,Poor,🔥 COILED: Stay away,45,0.0,0.0,0.2,57.5,0,,Technology,249815760.0,4545.42
SPRO,Spero Therapeutics Inc,1.23,5,12,7,8,4,2,3,41,-3.0,38.0,Poor,Stay away,12,2.5,0.0,-3.7,37.0,1,,Healthcare,163282208.0,484021.22
URLGX,COLUMBIA SELECT LARGE CAP GROWTH FUND COLUMBIA SELECT LARGE CAP GROWTH FUND CLASS R,3.06,8,7,4,9,6,1,4,39,-1.0,38.0,Poor,Stay away,49,-1.6,-2.9,-0.8,47.7,0,,nan,0.0,0.0
PGCSF,Prosegur Compañía de Seguridad S.A,3.45,15,6,11,7,3,2,2,46,-13.0,38.0,Poor,🔥 COILED: Stay away,56,0.0,0.0,1.2,100.0,0,,Industrials,1628347136.0,56.54
VERB,Verb Technology Company Inc,3.1,12,14,9,5,4,2,2,48,-13.0,38.0,Poor,🔥 COILED: Stay away,41,18.3,1.6,4.3,53.1,2,,Technology,877814080.0,574130.39
ESPR,Esperion Therapeutics Inc,3.18,16,3,9,12,5,4,3,52,-14.0,38.0,Poor,Stay away,57,1.0,0.3,0.8,64.8,0,,Healthcare,805761984.0,7901981.69
CASBF,CanSino Biologics Inc,3.9,15,4,5,12,6,4,5,51,-13.0,38.0,Poor,Stay away,47,24.0,24.0,15.8,95.6,2,,Healthcare,741131392.0,364.67
LRMR,Larimar Therapeutics Inc,4.16,8,11,7,10,7,0,5,48,-8.0,38.0,Poor,Stay away,57,2.5,-3.5,1.3,53.3,1,,Healthcare,341774848.0,2672598.29
TONX,TON Strategy Co,3.1,12,14,9,5,4,2,2,48,-13.0,38.0,Poor,🔥 COILED: Stay away,42,18.3,1.6,4.3,53.1,2,,Technology,212555120.0,574112.99
XMGFX,MFS Government Markets Income Trust,3.0,2,11,5,8,3,2,2,33,0.0,38.0,Poor,🔥 COILED: Stay away,21,-0.3,-0.3,-0.3,42.9,0,,Other,0.0,0.0
TSVNF,Team17 Group plc,3.4,5,4,10,7,3,2,2,33,0.0,38.0,Poor,🔥 COILED: Stay away,35,0.0,0.0,0.0,50.0,1,,Communication Services,489922400.0,1.0
ELLRY,ElringKlinger AG,2.66,4,3,10,10,3,3,2,35,0.0,38.0,Poor,Stay away,19,0.0,0.0,-0.8,9.5,1,,Consumer Cyclical,430847968.0,177.4
BOVNF,BioInvent International AB (publ),3.289,8,4,10,7,3,2,2,36,-3.0,38.0,Poor,🔥 COILED: Stay away,34,0.0,0.0,-0.0,45.5,1,,Healthcare,216404224.0,9.08
CMU,MFS High Yield Municipal Closed Fund,3.73,18,11,4,4,6,4,4,51,-13.0,38.0,Poor,Stay away,55,11.3,12.7,8.6,74.9,2,,Financial Services,85655744.0,96570.12
JRSH,Jerash Holdings US Inc,5.5,17,4,3,14,5,0,5,48,-10.0,38.0,Poor,Stay away,51,2.2,3.2,5.4,63.2,0,,Consumer Cyclical,44068792.0,112809.83
QH,Quhuo Limited American Depository Shares,4.3,5,12,9,8,3,2,2,41,-3.0,38.0,Poor,Stay away,46,-2.3,-15.4,-6.6,44.0,1,,Technology,12505394.0,2376158.69
THFWF,FW Thorpe Plc,3.85,12,6,12,8,6,2,2,48,-13.0,38.0,Poor,Stay away,49,0.0,0.0,0.0,98.8,0,,Industrials,549960896.0,9.5
ASRV,AmeriServ Financial Inc,4.95,13,9,2,14,6,4,5,53,-13.0,38.0,Poor,Stay away,57,-1.6,2.1,3.1,58.3,0,,Financial Services,64124932.0,17162.33
XCMUX,MFS High Yield Municipal Trust,3.73,11,7,11,6,4,2,2,43,-10.0,38.0,Poor,🔥 COILED: Stay away,35,0.0,0.0,0.0,50.0,0,,Other,0.0,0.0
KULR,KULR Technology Group Inc,2.72,3,14,6,10,3,2,5,43,-3.0,38.0,Poor,Stay away,31,5.8,-2.9,-0.4,47.3,2,,Technology,211857808.0,1983100.79
AHT-P-H,Ashford Hospitality Trust Inc 7.50% Series H Cumulative Preferred Stock,6.26,15,7,4,10,8,0,5,49,-11.0,38.0,Poor,Stay away,40,-3.1,23.2,5.6,57.0,2,,Other,nan,5587.9
OPEG,Leverage Shares 2X Long OPEN Daily ETF,2.34,3,14,4,11,3,4,2,41,-1.0,38.0,Poor,Stay away,21,13.3,-1.4,-7.6,43.0,1,,nan,nan,0.0
CHYCY,Chiyoda Corp ADR,4.08,4,3,10,10,3,3,2,35,0.0,38.0,Poor,Stay away,18,0.0,0.0,-0.4,14.0,0,,Industrials,1153276160.0,86.23
OCINF,OCI N.V,5.0,18,4,6,11,6,6,5,56,-18.0,38.0,Poor,Stay away,63,7.5,7.5,5.2,99.7,1,,Basic Materials,938814464.0,2037.0
JPPPF,JPPPF,4.64,5,4,10,7,3,2,2,33,0.0,38.0,Poor,🔥 COILED: Stay away,33,0.0,0.0,0.0,50.0,0,,Basic Materials,517092224.0,0.15
^TNX,CBOE Interest Rate 10 Year T No,4.639,11,4,7,7,3,2,3,37,-4.0,38.0,Poor,🔥 COILED: Stay away,49,-1.4,-1.0,-0.6,48.4,0,,Other,nan,0.0
MLLCF,Molecular Partners AG,3.8,7,4,8,9,3,5,2,38,-5.0,38.0,Poor,🔥 COILED: Stay away,48,0.0,0.0,-0.1,45.6,1,,Healthcare,181929136.0,78.0
XMMTX,MFS Multimarket Income Trust,4.8,3,11,4,8,3,2,2,33,0.0,38.0,Poor,🔥 COILED: Stay away,20,-0.2,-0.4,-0.3,43.3,0,,Other,0.0,0.0
ZJK,"ZJK Industrial Co., Ltd",2.38,16,6,3,16,3,5,5,54,-16.2,37.8,Poor,Stay away,45,31.5,33.0,21.1,65.3,2,,Industrials,170453968.0,50659.82
ASTO,Astro Communications Inc,2.72,17,4,5,14,6,3,5,54,-16.8,37.2,Poor,Stay away,67,0.0,55.4,24.3,100.0,2,,Industrials,1733532.0,47.65
ADCT,ADC Therapeutics SA,1.04,3,15,4,10,3,0,2,37,-3.0,37.0,Poor,Stay away,28,1.0,-11.9,-3.7,43.8,2,,Healthcare,139274320.0,1087136.63
BCDA,Biocardia Inc,1.13,14,11,6,13,3,5,5,57,-20.0,37.0,Poor,Stay away,33,15.3,21.5,16.7,67.5,3,,Healthcare,11715965.0,1017397.27
CONC,ConectiSys Corporation,1.0,9,6,11,9,3,2,2,42,-8.0,37.0,Poor,Stay away,47,0.0,0.0,0.0,79.1,1,,Financial Services,888579.0,4.6
BATMF,British American Tobacco (Malaysia) Berhad,1.07,4,7,10,7,3,5,2,38,0.0,37.0,Poor,Stay away,0,0.0,0.0,-0.2,44.2,0,,Consumer Defensive,305517088.0,0.0
ABLV,Able View Global Inc. Class B Ordinary Shares,0.98,18,14,4,11,4,7,5,63,-26.0,37.0,Poor,Stay away,54,17.4,25.6,14.8,59.6,4,,Consumer Cyclical,54822812.0,248317.12
MBGPF,Moberg Pharma AB (publ),1.1,10,4,11,9,6,2,2,44,-7.0,37.0,Poor,Stay away,0,0.0,0.0,0.0,63.3,1,,Healthcare,51700692.0,0.0
AIKO,Alternative Investment Corporation,0.983,4,4,9,8,3,7,2,37,-5.0,37.0,Poor,🔥 COILED: Stay away,29,0.0,0.0,-0.7,46.3,1,,Financial Services,17602666.0,4.5
DCHIY,Digital China Holdings Ltd ADR,1.11,6,5,4,8,3,3,3,32,0.0,37.0,Poor,🔥 COILED: Stay away,36,5.2,-0.9,-0.5,44.1,0,,Industrials,394971328.0,40.27
HSWLF,Hostelworld Group plc,1.25,5,3,10,9,3,2,2,34,0.0,37.0,Poor,Stay away,32,0.0,0.0,-0.0,2.8,0,,Consumer Cyclical,154111216.0,506.61
TRUBF,TRUBF,1.6,13,6,11,8,3,2,2,45,-13.0,37.0,Poor,🔥 COILED: Stay away,45,0.0,0.0,1.5,99.9,0,,nan,438952224.0,81.47
EUSHY,Eurocash SA PK,1.36,6,7,9,7,3,3,2,37,-5.0,37.0,Poor,🔥 COILED: Stay away,24,0.0,0.0,-0.2,44.5,1,,Consumer Defensive,189262064.0,28.88
IAUX,i-80 Gold Corp.,1.92,16,5,7,15,7,7,5,62,-23.0,37.0,Poor,Stay away,68,21.5,15.7,16.1,70.8,3,,Basic Materials,1258594688.0,10172980.15
GREE,Greenidge Generation Holdings Inc,2.14,14,15,2,7,6,1,5,50,-13.0,37.0,Poor,Stay away,57,-24.6,27.4,7.0,54.7,2,,Financial Services,25117708.0,480507.66
VICP,Vicapsys Life Sciences Inc,1.45,6,4,9,11,3,4,2,39,-5.0,37.0,Poor,Stay away,30,0.0,0.0,-0.1,17.5,1,,Healthcare,47262100.0,16.3
KGCRF,KGCRF,1.422,16,5,7,14,3,5,5,55,-18.0,37.0,Poor,Stay away,0,8.4,12.9,9.8,63.2,3,,nan,nan,0.0
APTPF,Airports of Thailand Public Company Limited,1.725,12,6,10,8,3,6,2,47,-13.0,37.0,Poor,Stay away,56,0.0,0.0,0.0,100.0,0,,Industrials,18314999808.0,0.0
PBMLF,Pacific Booker Minerals Inc,1.98,15,3,3,11,3,2,5,42,-5.0,37.0,Poor,Stay away,51,-13.7,8.8,1.6,53.5,2,,Basic Materials,28084336.0,1696.98
HOLO,MicroCloud Hologram Inc.,1.9,17,10,6,10,4,7,5,59,-22.0,37.0,Poor,Stay away,39,18.0,11.8,11.7,67.3,3,,Technology,39523820.0,1041008.75
EJH,E-Home Household Service Holdings Ltd,1.35,4,11,2,12,4,0,5,38,1.0,37.0,Poor,Stay away,26,-34.5,-7.5,-7.7,46.4,1,,Consumer Cyclical,4800231.0,586233.55
FHIRX,FRANKLIN HIGH INCOME FUND CLASS R,1.81,10,5,7,6,4,7,3,42,-10.0,37.0,Poor,🔥 COILED: Stay away,35,0.0,0.0,0.1,55.8,0,,nan,0.0,0.0
NXDR,NXDR,2.39,10,7,4,7,7,4,4,43,-6.0,37.0,Poor,Stay away,57,-3.2,-10.2,-1.8,47.8,1,,Communication Services,770403200.0,3863828.03
CABI,Cabbacis Inc.,2.0,13,7,5,6,4,2,2,39,-10.0,37.0,Poor,🔥 COILED: Stay away,24,0.0,0.0,0.1,45.6,0,,Consumer Defensive,15584014.0,0.0
MOGU,MOGU Inc,1.94,4,13,8,6,5,4,2,42,-8.0,37.0,Poor,Stay away,30,0.0,-0.5,-0.0,49.6,1,,Consumer Cyclical,16837700.0,382380.88
EBON,Ebang International Holdings,2.23,13,5,4,12,3,3,4,44,-5.0,37.0,Poor,Stay away,46,11.0,6.0,6.6,58.9,1,,Technology,13139049.0,9674.59
TORM,TOR Minerals International Inc,2.24,10,4,5,13,5,4,3,44,-5.0,37.0,Poor,Stay away,58,-8.6,-7.4,-3.9,42.6,1,,Basic Materials,7614662.0,2704.35
RTWFF,RTW Venture Fund Limited,2.57,17,4,7,11,6,6,4,55,-18.0,37.0,Poor,Stay away,66,5.3,5.3,3.7,97.0,1,,nan,nan,872.0
ADTGEX,ADTGEX,2.201,2,11,4,8,3,2,2,32,0.0,37.0,Poor,🔥 COILED: Stay away,24,-0.1,-0.1,-0.1,45.2,0,,nan,nan,0.0
MTRBF,Metro Bank Holdings PLC,2.141,10,6,6,4,6,4,4,40,-8.0,37.0,Poor,🔥 COILED: Stay away,46,0.0,2.0,0.1,49.2,0,,Financial Services,1515267072.0,2055.03
LTGHY,Life Healthcare Group Holdings,2.85,9,10,9,9,6,2,5,50,-13.0,37.0,Poor,Stay away,50,1.8,2.9,2.2,57.0,0,,Healthcare,883302784.0,85378.38
DMTRF,3-D Matrix Ltd,2.5,8,7,11,4,6,6,2,44,-15.0,37.0,Poor,🔥 COILED: Stay away,26,0.0,0.0,0.2,54.0,1,,Healthcare,270478144.0,460.73
BNSOF,Bonso Electronics International Inc.,2.29,8,5,7,8,4,3,2,37,-3.0,37.0,Poor,Stay away,43,0.0,-0.4,-0.6,41.5,1,,Technology,11317245.0,735.18
UHPSX,ULTRASHORT CHINA PROFUND ULTRASHORT CHINA PROFUND SERVICE CLASS,2.33,9,6,8,7,0,5,2,37,-3.0,37.0,Poor,Stay away,44,0.9,5.9,0.5,49.5,0,,nan,0.0,0.0
BZQIF,Bezeq The Israel Telecommunication Corp. Ltd,2.58,17,5,8,10,4,1,5,50,-13.0,37.0,Poor,Stay away,52,0.0,0.0,2.0,82.2,0,,Communication Services,7347604480.0,0.0
GDRX,Goodrx Holdings Inc,3.475,13,9,5,9,7,4,5,52,-13.0,37.0,Poor,Stay away,60,-4.8,-8.6,0.3,53.6,0,,Healthcare,965224768.0,2873906.5
GYYMF,The Gym Group plc,2.67,12,6,10,7,6,4,2,47,-13.0,37.0,Poor,Stay away,56,0.0,0.0,0.1,100.0,0,,Consumer Cyclical,464552832.0,6.75
UHPIX,ULTRASHORT CHINA PROFUND ULTRASHORT CHINA PROFUND INVESTOR CLASS,2.66,9,6,8,7,0,5,2,37,-3.0,37.0,Poor,Stay away,44,0.8,6.0,0.5,49.5,0,,nan,0.0,0.0
CCUP,T-REX 2X Long CRCL Daily Target ETF,28.89,16,4,8,15,6,3,5,57,-18,37,Poor,Stay away,53,1518.5,1527.6,340.6,97.6,2,10,nan,nan,1982125.42
ALMP,ALMP,2.75,12,6,11,6,3,2,2,42,-10.0,37.0,Poor,🔥 COILED: Stay away,49,0.0,0.0,0.0,50.0,0,,Industrials,88000000.0,10.64
DFDV,DeFi Development Corp.,4.58,17,8,8,16,6,4,5,64,-28,37,Poor,Stay away,42,48.7,60.7,36.8,81.9,3,,Financial Services,90806392.0,1593137.56
HEGIF,Hengan Intl Group Ltd-H,3.2,5,6,10,7,0,4,2,34,0.0,37.0,Poor,Stay away,34,0.0,0.0,-0.0,33.4,0,,Consumer Defensive,3532390912.0,0.0
NISTF,Nippon Steel Corporation,4.22,11,4,5,7,3,4,5,39,-5.0,37.0,Poor,Stay away,51,-1.7,-3.1,0.9,53.6,0,,Basic Materials,17873924096.0,74375.32
SHTLF,South32 Limited,3.4,17,4,8,12,4,0,5,50,-13.0,37.0,Poor,Stay away,53,0.0,13.3,5.6,84.5,2,,Basic Materials,15771736064.0,0.0
SHCAF,Sharp Corporation,3.646,5,3,10,9,3,2,2,34,0.0,37.0,Poor,Stay away,26,0.0,0.0,-0.0,0.1,0,,Technology,2367372032.0,70.5
ALVO,Alvotech,5.05,16,3,5,15,5,3,5,52,-15.0,37.0,Poor,🛑 HIGH EXHAUSTION: Stay away,67,27.8,32.9,22.6,72.9,2,,Healthcare,979831680.0,516453.05
AOAO,Alpha One Inc,3.55,5,4,10,7,3,4,2,35,-3.0,37.0,Poor,🔥 COILED: Stay away,38,0.0,0.0,-0.0,48.1,1,,Communication Services,38954460.0,0.4
ILAG,Intelligent Living Application Group Inc,3.13,6,7,9,10,5,2,2,41,-9.0,37.0,Poor,🔥 COILED: Stay away,39,-5.2,-1.6,-4.6,42.3,1,,Industrials,7165470.0,22535.68
INDI,indie Semiconductor Inc,3.96,9,10,2,12,3,4,5,45,-8.0,37.0,Poor,Stay away,37,-8.8,3.9,-0.4,50.1,1,,Technology,1014185280.0,4467684.86
CDZI,Cadiz Inc,4.14,15,10,7,13,4,4,5,58,-22.0,37.0,Poor,Stay away,34,28.2,16.6,17.8,67.1,3,,Utilities,383433472.0,844052.03
MWUSX,METROPOLITAN WEST ULTRA SHORT BOND FUND CLASS M,4.16,11,6,11,6,4,2,2,42,-10.0,37.0,Poor,🔥 COILED: Stay away,34,0.0,0.0,0.0,55.5,0,,nan,0.0,0.0
SHTPY,SHTPY,4.37,5,3,10,9,3,2,2,34,0.0,37.0,Poor,Stay away,33,0.0,0.0,-0.0,0.0,0,,Healthcare,2632743680.0,5.51
AMPY,Amplify Energy Corp,4.67,13,5,4,9,3,0,5,39,0.0,37.0,Poor,Stay away,34,-3.1,3.5,3.7,58.7,0,,Energy,191573696.0,971872.65
ATOS,Atossa Genetics Inc,2.68,13,14,5,15,4,4,5,60,-21.0,37.0,Poor,Stay away,36,3.5,13.6,6.4,57.0,3,,Healthcare,41765428.0,84410.6
NARAX,VIRTUS MULTI-SECTOR SHORT TERM BOND FUND CLASS A,4.54,7,6,11,6,3,7,2,42,-10.0,37.0,Poor,🔥 COILED: Stay away,28,0.0,0.0,0.0,51.1,0,,nan,0.0,0.0
TRZOX,T. Rowe Price Short-Term Bond Fund,4.6,8,6,9,6,4,7,2,42,-10.0,37.0,Poor,🔥 COILED: Stay away,34,0.0,0.0,0.0,50.1,0,,nan,nan,0.0
CLSZ,Tradr 2X Short CLSK Daily ETF,4.55,5,7,6,12,3,2,2,37,0.0,37.0,Poor,Stay away,0,0.0,12.3,-6.6,37.9,2,,nan,nan,0.0
IMPP,Imperial Petroleum Inc,5.1,17,6,4,13,1,2,5,48,-11.0,37.0,Poor,Stay away,55,1.0,12.6,4.0,59.5,2,,Energy,230137520.0,672130.01
MXYKX,GREAT-WEST T. ROWE PRICE MID CAP GROWTH FUND INSTITUTIONAL CLASS,5.08,8,4,4,7,6,2,3,34,0.0,37.0,Poor,Stay away,54,-0.8,-1.4,-0.4,49.8,0,,nan,0.0,0.0
DYLLF,Deep Yellow Ltd,1.33,15,8,8,10,6,4,5,56,-17.2,36.8,Poor,Stay away,44,30.4,26.7,26.2,73.9,2,,Energy,1077965824.0,118186.18
DFORF,D4t4 Solutions Plc,1.0,5,3,9,9,3,2,2,33,0.0,36.0,Poor,Stay away,19,0.0,0.0,-0.1,0.0,0,,Technology,38201184.0,240.38
LSRCX,SMALL-CAP VALUE SERIES CLASS C,1.1,5,4,5,7,6,2,2,31,2.0,36.0,Poor,Stay away,37,-0.9,-0.9,-0.6,48.2,0,,nan,0.0,0.0
CLNXX,Columbia Funds Series Trust II - Columbia Money Market Fund,1.0,10,7,11,6,3,2,2,41,-10.0,36.0,Poor,🔥 COILED: Stay away,43,0.0,0.0,0.0,50.8,0,,nan,nan,0.0
EJPXX,JPMorgan Trust I - JPMorgan Prime Money Market Fund,1.0,10,4,8,6,6,2,2,38,-10.0,36.0,Poor,🔥 COILED: Stay away,39,0.0,0.0,0.0,54.2,0,,nan,nan,0.0
IDSXX,Columbia Funds Series Trust II  - Columbia Government Money Market Fund,1.0,10,7,11,6,3,2,2,41,-10.0,36.0,Poor,🔥 COILED: Stay away,43,0.0,0.0,0.0,50.8,0,,nan,nan,0.0
ISPXX,Voya Investors Trust - Voya Liquid Assets Portfolio,1.0,12,8,7,6,4,2,2,41,-10.0,36.0,Poor,🔥 COILED: Stay away,30,0.0,0.0,0.0,57.7,0,,nan,nan,0.0
VMVXX,JPMorgan Trust I - JPMorgan Prime Money Market Fund,1.001,11,7,9,6,4,2,2,41,-8.0,36.0,Poor,Stay away,48,0.0,0.0,0.0,56.6,0,,nan,nan,0.0
KGDEF,Kingdee International Software Group Company Limited,1.02,8,5,5,7,3,3,5,36,0.0,36.0,Poor,Stay away,24,-1.0,-8.5,6.8,59.3,0,,Technology,3715807232.0,63.96
OPTU,"Optimum Communications, Inc.",1.0,9,14,7,12,3,7,5,57,-19.0,36.0,Poor,Stay away,32,19.6,20.9,14.2,59.1,3,,Communication Services,422844864.0,4044059.44
BTCT,BTC Digital Ltd.,2.0,18,8,2,10,9,6,5,58,-22,36,Poor,Stay away,63,334.8,300.0,115.5,77.7,3,8,Technology,10468673.0,124151.28
LCTX,Lineage Cell Therapeutics Inc,1.13,4,16,10,2,3,5,4,44,-11.0,36.0,Poor,Stay away,27,6.6,0.9,2.4,52.5,1,,Healthcare,301650944.0,1427125.1
BRLT,Brilliant Earth Group Inc,1.28,16,4,2,12,3,7,5,49,-13.0,36.0,Poor,Stay away,36,2.4,-3.8,2.2,54.8,1,,Consumer Cyclical,119427536.0,103910.99
ENTX,Entera Bio Ltd,3.47,18,7,8,13,7,3,5,61,-23.0,36.0,Poor,Stay away,61,20.1,15.7,17.3,71.4,3,,Healthcare,60134084.0,166791.34
DDHRF,Dream Hard Asset Alternatives Trust Units,1.17,7,3,10,7,6,3,2,38,-5.0,36.0,Poor,Stay away,33,0.0,0.0,-0.2,38.0,1,,Real Estate,22287918.0,0.0
MEGL,Magic Empire Global Limited,1.17,6,11,6,10,4,4,2,43,-8.0,36.0,Poor,Stay away,33,-1.7,-3.3,-1.5,47.2,1,,Financial Services,6279422.0,37929.18
SRRLF,Sirius Real Estate Limited,1.34,13,5,6,6,3,4,4,41,-10.0,36.0,Poor,🔥 COILED: Stay away,32,0.0,-0.7,0.7,58.3,0,,Real Estate,2143994112.0,173.71
PEJMF,Peijia Medical Limited,1.387,8,4,10,7,3,2,2,36,-5.0,36.0,Poor,🔥 COILED: Stay away,34,0.0,0.0,-0.0,48.1,1,,Healthcare,928412224.0,3800.0
HUMA,Humacyte Inc,0.701,7,13,6,10,3,7,5,51,-13.0,36.0,Poor,Stay away,30,20.5,-1.2,4.8,51.7,2,,Healthcare,317487296.0,5843376.23
RFGPF,Retail Food Group Limited,1.6,5,4,10,8,0,2,2,31,0.0,36.0,Poor,🔥 COILED: Stay away,33,0.0,0.0,0.0,50.0,0,,Consumer Cyclical,101135048.0,2300.0
SEER,Seer Inc,2.04,12,9,6,2,7,6,2,44,-11.0,36.0,Poor,Stay away,46,1.0,-5.6,-1.6,46.4,1,,Healthcare,101715872.0,237709.98
XCIFX,MFS Intermediate High Income Fund,1.77,8,7,10,6,1,7,2,41,-10.0,36.0,Poor,🔥 COILED: Stay away,28,0.0,0.0,-0.0,47.8,0,,Other,0.0,0.0
IBIO,"iBio, Inc. Common Stock",1.47,8,15,10,12,3,2,4,54,-16.0,36.0,Poor,Stay away,30,1.4,0.0,1.7,51.9,1,,Healthcare,95879616.0,3248317.12
HFFG,Hf Foods Group Inc,1.86,14,7,5,9,5,0,5,45,-7.0,36.0,Poor,Stay away,39,-2.1,4.5,6.4,61.9,1,,Consumer Defensive,100528432.0,136145.93
SPHIF,Super Hi International Holding Ltd.,1.9,5,3,10,8,3,2,2,33,0.0,36.0,Poor,Stay away,32,0.0,0.0,-0.0,9.7,0,,Consumer Cyclical,1117895424.0,29.84
ABTS,Abits Group Inc.,1.34,13,12,6,6,4,5,5,51,-13.0,36.0,Poor,Stay away,32,15.5,1.5,5.6,53.9,1,,Financial Services,6100580.0,992291.53
BMRPF,B&M European Value Retail S.A,3.12,15,4,12,12,6,2,5,56,-23.0,36.0,Poor,Stay away,49,0.0,0.0,3.0,90.4,0,,Consumer Defensive,2140731648.0,14001.98
AIRE,reAlpha Tech Corp. Common Stock,1.65,12,13,5,14,4,3,5,56,-18.0,36.0,Poor,Stay away,55,12.2,9.3,7.8,55.7,3,,Real Estate,12124337.0,458977.28
LNSPF,LondonMetric Property Plc,2.59,15,2,7,8,6,4,4,46,-13.0,36.0,Poor,Stay away,42,0.0,4.9,1.7,84.4,0,,Real Estate,6304780288.0,1118.0
SIHBY,Shenzhen Investment Bay Area Co Ltd,2.25,4,3,9,10,3,5,2,36,0.0,36.0,Poor,Stay away,28,0.0,0.0,-0.2,22.6,0,,Industrials,822269504.0,81.97
CHHHF,CareRx Corporation,2.37,2,13,3,7,3,1,2,31,2.0,36.0,Poor,Stay away,37,0.0,0.4,-1.0,42.5,0,,Healthcare,146562608.0,0.0
GIPIF,Green Impact Partners Inc,2.25,8,6,10,7,3,2,2,38,-5.0,36.0,Poor,Stay away,31,0.0,0.0,-0.0,33.4,1,,Industrials,47230416.0,22.0
MPMCX,BNY MELLON MID CAP MULTI-STRATEGY FUND CLASS M SHARES,2.48,9,5,9,5,6,2,2,38,-10.0,36.0,Poor,🔥 COILED: Stay away,28,0.0,0.0,0.1,52.3,0,,nan,0.0,0.0
HRSHF,Haier Smart Home Co. Ltd,2.675,3,6,5,8,4,2,3,31,2.0,36.0,Poor,Stay away,34,-2.7,0.9,-1.7,46.5,0,,Consumer Cyclical,24086996992.0,2486.94
FSROF,FSROF,2.62,12,6,11,10,3,2,2,46,-13.0,36.0,Poor,Stay away,47,0.0,0.0,0.0,98.8,0,,nan,457748736.0,51.98
KIERF,Kier Group plc,2.75,7,3,11,8,3,2,2,36,-3.0,36.0,Poor,Stay away,45,0.0,0.0,0.0,72.9,0,,Industrials,1198368768.0,11.63
MPZZF,MPC Container Ships ASA,2.92,16,9,6,5,6,6,5,53,-15.0,36.0,Poor,Stay away,73,4.3,15.6,10.6,68.6,2,,Industrials,1225119488.0,13894.32
TNLIF,Trainline Plc,3.4,15,4,6,11,6,2,5,49,-13.0,36.0,Poor,Stay away,50,0.0,14.7,7.5,100.0,2,,Consumer Cyclical,1064314496.0,82.2
NSRX,Nasus Pharma Ltd.,4.1,16,5,7,15,7,6,5,61,-23.0,36.0,Poor,Stay away,55,12.3,23.9,14.0,71.8,3,,Healthcare,36303508.0,77225.81
YMDAF,Yamada Holdings Co. Ltd,3.16,10,7,11,6,3,2,2,41,-10.0,36.0,Poor,🔥 COILED: Stay away,33,0.0,0.0,0.0,50.0,0,,Consumer Cyclical,2059765120.0,0.0
SLCJY,SLC Agricola SA ADR,3.01,15,8,6,14,3,2,5,53,-17.0,36.0,Poor,Stay away,41,14.0,18.0,10.1,66.0,3,,Consumer Defensive,1539330432.0,12900.57
WEJTY,Webjet Limited,1.25,3,6,9,7,3,3,2,33,0.0,36.0,Poor,Stay away,13,0.0,0.0,-0.9,39.8,0,,Consumer Cyclical,1103819776.0,65.25
MHIIX,MFS HIGH INCOME FUND I,3.07,7,7,5,6,4,7,3,39,-8.0,36.0,Poor,🔥 COILED: Stay away,33,0.0,0.0,0.0,50.3,0,,nan,0.0,0.0
MHGUP,Meritage Hospitality Group Inc. PFD CV SER B,6.0,10,5,11,6,6,3,2,43,-12.0,36.0,Poor,🔥 COILED: Stay away,28,0.0,0.0,0.5,67.0,0,,Other,nan,503.05
JFHYX,John Hancock Focused High Yield Fund Cla,3.01,9,6,4,6,4,7,3,39,-8.0,36.0,Poor,🔥 COILED: Stay away,34,0.3,0.0,0.1,51.8,0,,nan,0.0,0.0
TPGTF,TPG Telecom Limited,2.98,6,3,8,7,4,3,2,33,0.0,36.0,Poor,Stay away,12,0.0,0.0,-0.9,0.0,0,,Communication Services,6438736384.0,5.1
APLS,Apellis Pharmaceuticals Inc,3.334,7,12,9,2,3,1,5,39,-8.0,36.0,Poor,🔥 COILED: Stay away,27,0.5,-0.8,0.1,44.7,1,,Healthcare,5252712960.0,3327978.91
AFCG,AFC Gamma Inc,3.39,18,7,5,14,3,1,5,53,-17.0,36.0,Poor,Stay away,59,-1.5,23.3,8.3,62.2,3,,Financial Services,86115568.0,289167.35
BVHMY,BVHMY,3.435,2,4,4,7,6,7,3,33,0.0,36.0,Poor,Stay away,28,0.0,0.0,-2.4,41.7,0,,Consumer Cyclical,1184615936.0,474.3
HCAEF,Admie Holding S.A.,3.59,12,6,10,6,3,2,2,41,-10.0,36.0,Poor,🔥 COILED: Stay away,54,0.0,0.0,0.0,50.0,0,,Utilities,832104512.0,15.0
VSTM,Verastem Inc,7.08,13,9,4,14,6,4,5,55,-17.0,36.0,Poor,Stay away,57,-4.7,0.4,6.9,62.0,1,,Healthcare,339192256.0,2176157.71
STLY,HG Holdings Inc,3.75,8,9,10,5,8,2,2,44,-8.0,36.0,Poor,Stay away,29,15.4,7.1,5.0,57.7,0,,Financial Services,18925482.0,228.87
VNUIX,Vontobel U.S. Equity Institutional,3.57,4,4,4,7,5,4,3,31,2.0,36.0,Poor,Stay away,31,-0.6,-1.4,-0.5,47.5,0,,nan,nan,0.0
ATHE,Alterity Therapeutics Ltd,4.47,6,6,5,8,4,4,2,35,-3.0,36.0,Poor,Stay away,37,-2.0,-4.9,-3.4,45.4,1,,Healthcare,70690208.0,39581.59
HELP,Cybin Inc. Common Stock,13.985,18,8,8,16,6,4,5,65,-30,36,Poor,Stay away,63,19.8,38.6,26.6,79.4,3,,Healthcare,214544784.0,875111.56
ETHIX,EATON VANCE HIGH INCOME OPPORTUNITIES FUND EATON VANCE HIGH INCOME OPPORTUNITIES FUND CLASS A,4.22,9,6,4,6,4,7,3,39,-8.0,36.0,Poor,🔥 COILED: Stay away,44,0.2,0.0,0.1,51.7,0,,nan,0.0,0.0
KHYCX,DEUTSCHE HIGH INCOME FUND CLASS C,4.42,1,11,3,8,3,2,3,31,0.0,36.0,Poor,🔥 COILED: Stay away,31,-0.2,-0.2,-0.2,44.6,0,,nan,0.0,0.0
FBBPF,FIBRA Prologis,4.53,12,11,9,4,4,4,2,46,-11.0,36.0,Poor,Stay away,39,3.2,2.6,2.1,53.7,0,,Real Estate,7832219648.0,6658.51
BTGO,"BitGo Holdings, Inc.",7.1,16,7,7,15,7,11,5,68,-30,36,Poor,Stay away,38,31.7,43.1,21.9,72.3,3,,Financial Services,650532288.0,0.0
NTPIF,Nam Tai Property Inc.,4.5,7,10,4,9,4,2,2,38,-5.0,36.0,Poor,Stay away,37,2.3,-4.3,-0.1,47.9,1,,Real Estate,289831008.0,13570.11
ESFCX,ASHMORE EMERGING MARKETS SHORT DURATION FUND CLASS C,4.61,15,4,7,6,4,7,3,46,-13.0,36.0,Poor,Stay away,43,0.2,0.9,0.5,74.7,0,,nan,nan,0.0
MPFRF,Mapfre S.A,5.4,15,5,8,12,3,4,5,52,-16.0,36.0,Poor,Stay away,0,0.0,0.0,2.1,97.5,0,,Financial Services,14890366976.0,0.0
ABDBY,Alm. Brand A/S,5.0,5,3,10,8,3,2,2,33,0.0,36.0,Poor,Stay away,44,0.0,0.0,-0.0,0.5,0,,Financial Services,3421142784.0,11.04
APPIF,Appier Group Inc.,6.65,15,5,7,13,3,1,5,49,-13.0,36.0,Poor,Stay away,42,0.0,7.4,8.8,85.4,0,,Technology,507294624.0,57.89
SOPH,Sophia Genetics SA,8.65,18,4,7,16,7,6,5,63,-28.0,36.0,Poor,Stay away,69,13.5,13.7,15.2,74.1,3,,Healthcare,356080224.0,124125.85
ESFAX,ASHMORE EMERGING MARKETS SHORT DURATION FUND CLASS A,4.83,15,4,7,6,4,7,3,46,-13.0,36.0,Poor,Stay away,42,0.2,0.8,0.5,75.1,0,,nan,0.0,0.0
CCTC,Clean Coal Technologies Inc,4.08,17,7,6,16,7,5,5,63,-25.8,35.2,Poor,Stay away,62,6.8,22.9,21.2,66.4,3,,Industrials,130232720.0,0.0
TRSNF,TRSNF,1.0,5,3,10,7,3,2,2,32,0.0,35.0,Poor,Stay away,29,0.0,0.0,-0.0,0.0,0,,Utilities,444673792.0,5.0
SERKF,Serko Limited,0.755,3,5,8,9,3,3,2,33,-3.0,35.0,Poor,🔥 COILED: Stay away,18,0.0,0.0,-1.8,41.7,1,,Technology,128520792.0,79.01
HOJI,House of Jane Inc,1.0,5,3,10,7,3,2,2,32,0.0,35.0,Poor,Stay away,32,0.0,0.0,-0.0,0.0,0,,Consumer Defensive,11031895.0,12.0
FLTTX,WisdomTree Floating Rate Trsy Dgtl N/A,1.006,14,5,3,6,3,7,2,40,-10.0,35.0,Poor,🔥 COILED: Stay away,35,0.0,0.1,-0.0,50.2,0,,nan,nan,0.0
FRAZ,Francisco Industries Inc,1.05,9,7,11,6,3,2,2,40,-10.0,35.0,Poor,🔥 COILED: Stay away,46,0.0,0.0,0.0,50.0,0,,Consumer Defensive,nan,24.98
FRSPF,First Phosphate Corp.,1.74,17,8,5,15,5,5,5,60,-25.0,35.0,Poor,Stay away,65,5.5,35.9,16.4,67.6,3,,Basic Materials,237531312.0,228658.93
SRTMF,SRTMF,1.22,10,6,11,6,3,2,2,40,-10.0,35.0,Poor,🔥 COILED: Stay away,0,0.0,0.0,0.0,50.0,0,,Technology,333013792.0,0.0
MIST,Milestone Pharmaceuticals Inc,1.16,3,13,4,8,3,2,5,38,-1.0,35.0,Poor,Stay away,23,8.4,-8.7,3.1,51.5,2,,Healthcare,160602400.0,2795454.57
ASNFF,ASNFF,1.25,10,6,11,6,3,2,2,40,-10.0,35.0,Poor,🔥 COILED: Stay away,43,0.0,0.0,0.0,50.0,0,,Technology,1174951680.0,1.15
AUHEF,Anhui Expressway Company Limited,1.27,5,3,10,7,3,2,2,32,0.0,35.0,Poor,Stay away,34,0.0,0.0,-0.0,0.0,0,,Industrials,2169911552.0,0.0
PYIYF,Property For Industry Ltd.,1.26,10,6,11,6,3,2,2,40,-10.0,35.0,Poor,🔥 COILED: Stay away,49,0.0,0.0,0.0,50.0,0,,Real Estate,632997568.0,650.0
NPT,Texxon Holding Ltd.,3.62,11,3,7,10,4,4,5,44,-9.0,35.0,Poor,Stay away,46,2.0,-2.9,4.2,57.6,1,,Consumer Cyclical,27509400.0,0.0
QTRHF,Quarterhill Inc,2.03,8,10,2,12,6,2,5,45,-8.0,35.0,Poor,Stay away,50,-3.8,-10.6,-2.1,50.1,2,,Technology,167972848.0,22379.94
SGLA,Sino Green Land Corporation,8.6,18,3,5,15,7,4,5,57,-20,35,Poor,Stay away,70,207.1,237.3,118.7,88.3,3,10,Industrials,226930528.0,673.03
MPPTF,Mpact Limited,1.4,5,3,10,7,3,2,2,32,0.0,35.0,Poor,Stay away,32,0.0,0.0,-0.0,0.0,0,,Consumer Cyclical,203525840.0,0.0
SHPMF,Shanghai Pharmaceuticals Holding Co. Ltd,1.46,5,3,10,7,3,2,2,32,0.0,35.0,Poor,Stay away,34,0.0,0.0,-0.0,0.0,0,,Healthcare,5414208512.0,0.0
GRWPF,Growthpoint Properties Australia,1.54,5,3,10,7,3,2,2,32,0.0,35.0,Poor,Stay away,32,0.0,0.0,-0.0,0.0,1,,Real Estate,1161626240.0,0.0
LUNG,Pulmonx Corp,2.5,17,8,8,15,6,6,5,65,-28.0,35.0,Poor,Stay away,63,10.6,10.6,18.6,70.2,3,,Healthcare,68424272.0,1162899.3
JMHSF,James Halstead plc,1.69,12,6,11,7,3,2,2,43,-13.0,35.0,Poor,🔥 COILED: Stay away,30,0.0,0.0,0.1,81.0,0,,Industrials,649601792.0,954.82
ALEC,Alector Inc,2.36,16,9,6,14,7,2,5,59,-22.0,35.0,Poor,Stay away,55,6.8,12.9,16.3,64.6,3,,Healthcare,200955584.0,1464147.9
TSPCF,Cleanaway Waste Management Limited,1.925,15,5,2,15,3,2,5,47,-8.0,35.0,Poor,Stay away,54,-1.3,31.8,4.7,55.9,2,,Industrials,3541111552.0,897.92
HYHHF,Hygeia Healthcare Holdings Co Ltd,1.68,5,3,10,7,3,2,2,32,0.0,35.0,Poor,Stay away,32,0.0,0.0,-0.0,0.0,0,,Healthcare,1025346624.0,4.5
MAXXF,Max Power Mining Corp.,2.39,14,10,5,13,6,6,5,59,-22.0,35.0,Poor,Stay away,67,16.0,27.8,22.4,68.8,3,,Basic Materials,268488800.0,171910.62
OST,Ostin Technology Group Co Ltd,1.695,6,4,10,8,3,2,2,35,-5.0,35.0,Poor,🔥 COILED: Stay away,45,0.0,0.0,-0.0,50.1,1,,Technology,10108845.0,10073.31
VNTEF,VNTEF,1.7,5,3,10,7,3,2,2,32,0.0,35.0,Poor,Stay away,0,0.0,0.0,-0.0,0.0,0,,Real Estate,466556000.0,0.0
BESS-WT,Bimergen Energy Corporation,1.17,5,16,7,7,4,2,2,43,-8.0,35.0,Poor,Stay away,0,-7.1,-1.7,-8.2,43.1,0,,nan,nan,0.0
EGHT,8x8 Inc Common Stock,1.95,4,4,6,8,3,4,3,32,0.0,35.0,Poor,Stay away,37,-4.9,-8.9,-4.2,45.3,0,,Technology,289439040.0,1212294.43
SYKWF,SKY Network Television Limited,1.89,10,6,11,6,3,2,2,40,-10.0,35.0,Poor,🔥 COILED: Stay away,34,0.0,0.0,0.0,50.0,0,,Communication Services,234047520.0,0.0
NGEN,NervGen Pharma Corp.,2.08,15,9,10,15,4,2,5,60,-26.0,35.0,Poor,Stay away,31,21.6,19.5,15.8,71.9,3,,Healthcare,202847984.0,277220.52
FAURY,Faurecia S.E,1.93,8,3,10,9,3,2,2,37,-5.0,35.0,Poor,Stay away,34,0.0,0.0,-0.0,0.0,1,,Consumer Cyclical,1425507456.0,0.55
GKSDF,Grupo KUO S.A.B. de C.V,1.9,8,3,10,9,3,2,2,37,-5.0,35.0,Poor,Stay away,36,0.0,0.0,-0.0,0.0,1,,Consumer Defensive,826638848.0,75.5
FKKEF,Charter Hall Social Infrastructure REIT,1.705,7,3,9,7,3,1,2,32,0.0,35.0,Poor,Stay away,15,0.0,0.0,-0.1,0.0,0,,Real Estate,719951040.0,0.0
YNNHF,Yihai International Holding Ltd,1.992,12,6,11,7,3,4,2,45,-13.0,35.0,Poor,Stay away,49,0.0,0.0,0.0,95.7,0,,Consumer Defensive,1932502912.0,5.72
CRRNF,Cairn Homes plc,1.99,9,7,11,6,3,2,2,40,-10.0,35.0,Poor,🔥 COILED: Stay away,41,0.0,0.0,0.0,50.0,0,,Consumer Cyclical,1236098944.0,0.0
UNWPX,WORLD PRECIOUS MINERALS FUND WORLD PRECIOUS MINERALS FUND,2.35,16,4,7,9,6,3,5,50,-15.0,35.0,Poor,Stay away,49,11.9,10.8,11.3,75.8,2,,nan,0.0,0.0
IDPUF,IDP Education Limited,2.03,7,3,9,7,3,1,2,32,0.0,35.0,Poor,Stay away,19,0.0,0.0,-0.1,0.0,0,,Consumer Defensive,565022528.0,35.37
CHPGF,Chesapeake Gold Corp.,2.73,14,5,6,15,5,2,5,52,-17.0,35.0,Poor,Stay away,61,11.0,7.1,7.4,60.7,1,,Basic Materials,189138592.0,73414.39
ADIL,Adial Pharmaceuticals Inc,5.82,18,10,6,14,7,7,5,67,-30,35,Poor,Stay away,58,6.8,35.0,23.8,67.4,3,,Healthcare,5187563.0,67253.46
CHIU,Global X MSCI China Utilities ETF,2.09,5,4,8,7,7,2,2,35,-3.0,35.0,Poor,Stay away,44,-0.5,0.0,-0.2,45.2,1,,nan,nan,781019.0
CMCAU,Capitalworks Emerging Markets Acquisition Corp Unit,2.0,5,3,10,7,3,2,2,32,0.0,35.0,Poor,Stay away,30,0.0,0.0,-0.0,0.0,0,,Financial Services,nan,4.0
TLGUF,TLGUF,2.0,5,3,10,7,3,2,2,32,0.0,35.0,Poor,Stay away,30,0.0,0.0,-0.0,0.0,0,,Financial Services,nan,1.0
RHEPZ,"Regional Health Properties, Inc.",2.4,13,4,3,7,3,0,2,32,0.0,35.0,Poor,Stay away,51,-4.4,-0.4,-2.4,47.1,0,,nan,nan,1582.53
JZCLF,JZ Capital Partners Limited,2.25,5,3,10,7,3,2,2,32,0.0,35.0,Poor,Stay away,33,0.0,0.0,-0.0,0.0,0,,nan,224700448.0,15.0
WEEEF,Western Energy Services Corp,2.39,12,8,7,5,6,4,3,45,-13.0,35.0,Poor,Stay away,49,1.3,1.3,2.4,57.8,1,,Energy,83947592.0,0.0
XBIT,XBiotech Inc,2.3,7,11,4,7,5,3,3,40,-5.0,35.0,Poor,Stay away,36,1.3,-1.3,0.1,50.1,1,,Healthcare,72255920.0,60722.33
XXRP,Teucrium 2x Long Daily XRP ETF,37.74,21,6,6,10,5,2,5,55,-21,35,Poor,⚠️ EXHAUSTION RISK: Stay away,54,106.8,102.5,54.3,84.1,2,9,nan,nan,2070224.87
MOBBW,Mobilicom Limited Warrants,2.05,8,10,4,11,0,7,3,43,-8.0,35.0,Poor,Stay away,37,-7.2,42.4,0.2,49.7,2,,nan,727576960.0,14239.39
CAGPF,Cryptology Asset Group p.l.c,2.49,8,3,10,8,3,3,2,37,-5.0,35.0,Poor,Stay away,25,0.0,0.0,-0.4,0.0,1,,Financial Services,240617872.0,11.5
LRAXF,Lara Exploration Ltd,4.44,18,8,7,14,6,7,5,65,-30,35,Poor,Stay away,70,40.5,52.6,36.3,79.1,3,,Basic Materials,154373424.0,6474.36
NEXM,NexMetals Mining Corp. Common Shares,2.65,14,8,8,14,5,5,5,59,-22.0,35.0,Poor,Stay away,43,23.2,13.7,14.2,67.0,3,,Basic Materials,93041704.0,79841.06
LHYFF,Lhyfe SA,2.87,11,8,5,11,3,2,2,42,-7.0,35.0,Poor,Stay away,32,0.3,0.3,0.2,67.4,1,,Basic Materials,137480576.0,12.5
VOC,VOC Energy Trust,3.37,17,5,5,4,5,7,2,45,-10.0,35.0,Poor,Stay away,54,2.7,7.7,3.9,59.7,0,,Energy,48620000.0,95903.14
NXTC,NextCure  Inc,5.91,10,7,3,9,5,4,5,43,-8.0,35.0,Poor,Stay away,45,-11.1,-12.2,-4.2,49.9,1,,Healthcare,11522586.0,49749.28
CESTY,Chinese Estates Holdings Ltd ADR,3.2,8,3,10,7,0,2,2,32,0.0,35.0,Poor,Stay away,33,0.0,0.0,-0.0,0.0,1,,Real Estate,305219040.0,3.55
HYDTF,Hydreight Technologies Inc.,2.98,9,14,8,4,3,4,3,45,-11.0,35.0,Poor,Stay away,52,-2.0,6.0,2.6,52.3,1,,Healthcare,191671648.0,49861.19
HAIUF,Healthcare AI Acquisition Corp.,3.01,5,3,10,7,3,2,2,32,0.0,35.0,Poor,Stay away,32,0.0,0.0,-0.0,0.0,0,,Financial Services,nan,0.0
CABA,Cabaletta Bio Inc,3.22,16,10,7,14,4,3,5,59,-22.0,35.0,Poor,Stay away,52,10.7,15.4,9.6,65.2,3,,Healthcare,572322368.0,3307059.32
WTI,W&T Offshore Inc,3.6,12,6,6,13,1,2,5,45,-10.0,35.0,Poor,Stay away,42,-6.0,-5.5,-2.3,48.3,1,,Energy,609988544.0,4266754.24
NEHCX,LOOMIS SAYLES HIGH INCOME FUND CLASS C,3.67,11,6,6,6,4,2,3,38,-8.0,35.0,Poor,🔥 COILED: Stay away,41,0.0,0.3,0.1,54.2,0,,nan,0.0,0.0
NDRBF,NIBE Industrier AB (publ),4.45,19,5,7,11,6,6,5,59,-20.0,35.0,Poor,Stay away,62,7.7,7.7,8.1,83.3,0,,Industrials,8412598272.0,0.0
RUMOF,Rumo S.A,3.8,5,3,10,7,3,2,2,32,0.0,35.0,Poor,Stay away,33,0.0,0.0,-0.0,0.0,0,,Industrials,7051605504.0,50.0
AMBP,Ardagh Metal Packaging SA,5.29,17,5,3,13,5,5,3,51,-16.0,35.0,Poor,Stay away,61,4.1,4.8,3.6,61.2,1,,Consumer Cyclical,2378871040.0,1290551.54
AQST,Aquestive Therapeutics Inc,5.08,17,11,6,10,4,5,5,58,-21.0,35.0,Poor,Stay away,59,17.6,15.2,16.8,75.3,3,,Healthcare,519363488.0,3157426.21
NORD,Nordicus Partners Corporation,4.0,16,4,5,13,6,6,5,55,-20,35,Poor,Stay away,54,53.8,105.1,33.3,70.2,3,10,Industrials,73664744.0,1682.0
SLMUF,SLMUF,4.17,12,6,11,9,3,2,2,45,-13.0,35.0,Poor,Stay away,43,0.0,0.0,0.0,99.1,0,,Financial Services,nan,36.63
CWLLF,CWLLF,2.99,5,4,10,7,3,1,2,32,0.0,35.0,Poor,Stay away,0,0.0,0.0,-0.2,0.0,0,,Technology,3872019712.0,0.0
MMT,MFS Multimarket Income Trust,4.42,2,9,4,13,4,1,3,36,-1.0,35.0,Poor,Stay away,24,-1.1,-0.9,-0.2,49.0,0,,Financial Services,245301904.0,92632.53
AEAEU,Altenergy Acquisition Corp Unit,4.5,5,3,10,7,3,2,2,32,0.0,35.0,Poor,Stay away,26,0.0,0.0,-0.0,0.0,0,,Financial Services,nan,1.34
WACMY,Wacom Co Ltd ADR,5.25,9,3,11,8,6,6,2,45,-13.0,35.0,Poor,Stay away,0,0.0,0.0,0.1,84.3,0,,Technology,639113088.0,0.0
GGROU,Golden Growers Cooperative,5.0,5,3,10,7,3,2,2,32,0.0,35.0,Poor,Stay away,37,0.0,0.0,-0.0,2.6,0,,Consumer Defensive,77452496.0,1245.0
GSISF,Genesis Minerals Limited,6.34,16,5,4,14,7,3,5,54,-17.5,34.5,Poor,Stay away,62,26.2,24.1,21.2,75.5,2,,Basic Materials,4960903168.0,1407.38
CGXYF,China Galaxy Securities Co. Ltd,1.0,9,6,11,6,3,2,2,39,-10.0,34.0,Poor,🔥 COILED: Stay away,33,0.0,0.0,0.0,50.0,0,,Financial Services,10934402048.0,0.0
DUO,Fangdd Network Group Ltd,0.67,11,8,5,12,4,2,5,47,-13.0,34.0,Poor,Stay away,23,5.5,7.1,3.0,52.8,1,,Real Estate,41632288.0,808450.22
ESHSF,Eddy Smart Home Solutions Ltd.,1,5,4,7,11,5,2,2,36,-5.0,34.0,Poor,Stay away,40,0.0,0.0,0.0,50.0,1,,Technology,6128623.0,400.0
FIUXX,First American Funds Inc. - First American Institutional Prime Obligations Fund,1.0,8,7,11,6,3,2,2,39,-10.0,34.0,Poor,🔥 COILED: Stay away,37,0.0,0.0,0.0,54.9,0,,nan,nan,0.0
IPLXX,Voya Investors Trust - Voya Liquid Assets Portfolio,1.0,12,6,7,6,4,2,2,39,-10.0,34.0,Poor,🔥 COILED: Stay away,30,0.0,0.0,0.0,57.7,0,,nan,nan,0.0
ITLXX,Voya Investors Trust - Voya Liquid Assets Portfolio,1.0,12,6,7,6,4,2,2,39,-10.0,34.0,Poor,🔥 COILED: Stay away,30,0.0,0.0,0.0,57.7,0,,nan,nan,0.0
VMIXX,JPMorgan Trust I - JPMorgan Prime Money Market Fund,1.001,13,5,9,6,4,2,2,41,-10.0,34.0,Poor,Stay away,39,0.0,0.0,0.0,59.9,0,,nan,nan,0.0
CHWRF,China Tower Corporation Limited,1.14,2,3,8,7,3,4,4,31,0.0,34.0,Poor,Stay away,27,0.0,-7.3,-1.5,46.2,0,,Communication Services,20103378944.0,0.0
BENZF,Benz Mining Corp,2.9,17,5,6,9,5,6,5,53,-19.0,34.0,Poor,Stay away,64,11.1,3.1,10.2,64.4,1,,Basic Materials,420660128.0,21704.77
PVTRF,Pivotree Inc.,1.29,9,6,11,9,3,4,2,44,-13.0,34.0,Poor,Stay away,53,0.0,0.0,0.0,100.0,0,,Technology,33779236.0,91.25
BSKZF,Bambuser AB (publ),1.39,9,4,11,7,3,2,2,38,-7.0,34.0,Poor,Stay away,42,0.0,0.0,0.0,64.5,1,,Technology,11192210.0,50.48
ACRV,"Acrivon Therapeutics, Inc. Common Stock",2.18,14,7,6,14,7,3,5,56,-22.0,34.0,Poor,Stay away,61,6.3,26.0,11.6,65.3,3,,Healthcare,60992460.0,1276348.84
CGCTW,Cartesian Growth Corporation III Warrant,1.4,11,14,2,14,8,2,5,56,-20,34,Poor,Stay away,53,100.3,100.3,33.7,57.8,2,8,nan,nan,69534.04
MLPNF,Millennial Potash Corp.,1.99,15,9,6,15,7,2,5,59,-25.0,34.0,Poor,Stay away,63,0.4,23.6,8.9,63.7,3,,Basic Materials,185594736.0,154314.15
PRQR,ProQR Therapeutics BV,2.38,18,5,7,15,5,2,5,57,-23.0,34.0,Poor,Stay away,59,10.7,24.0,16.1,71.9,3,,Healthcare,158043824.0,516464.73
YITYY,Yit Oyj ADR,1.55,7,3,10,9,3,2,2,36,-5.0,34.0,Poor,Stay away,42,0.0,0.0,-0.0,7.4,1,,Industrials,715002752.0,7.5
TETOF,Tectonic Metals Inc,1.99,17,7,7,14,6,6,5,62,-26.0,34.0,Poor,Stay away,65,21.6,17.8,17.5,74.9,3,,Basic Materials,238990512.0,106798.95
TRZBF,Transat A.T. Inc,1.8,14,4,7,6,4,1,5,41,-10.0,34.0,Poor,Stay away,36,0.0,4.7,3.0,73.5,0,,Consumer Cyclical,83155896.0,418.95
HLOSF,Healios K.K,1.8,4,5,10,7,3,3,2,34,-5.0,34.0,Poor,🔥 COILED: Stay away,23,0.0,0.0,-0.2,47.3,1,,Healthcare,243003424.0,105.75
NTCPF,NorthIsle Copper and Gold Inc,3.21,19,9,7,12,6,8,5,66,-30,34,Poor,Stay away,65,20.2,17.3,17.7,75.3,3,,Basic Materials,703962368.0,438630.25
FATE,Fate Therapeutics Inc,2.55,5,10,8,6,8,2,5,44,-13.0,34.0,Poor,Stay away,51,-0.4,-6.9,-0.2,49.7,1,,Healthcare,257595808.0,2143410.15
SCHYF,Sands China Ltd,1.77,7,0,10,10,1,1,2,31,0.0,34.0,Poor,Stay away,20,0.0,0.0,-0.1,33.3,0,,Consumer Cyclical,18595127296.0,0.0
VLN,Valens,1.81,7,14,6,7,3,0,5,42,-6.0,34.0,Poor,Stay away,28,-1.1,7.7,0.7,49.6,1,,Technology,310823904.0,1754772.31
HMENF,Hemisphere Energy Corporation,1.88,13,5,4,13,1,2,4,42,-8.0,34.0,Poor,Stay away,34,-4.1,2.2,-0.4,50.2,0,,Energy,201044560.0,59181.25
MOPLF,Molinos Rio de la Plata S.A.,2.35,9,6,11,6,3,2,2,39,-10.0,34.0,Poor,🔥 COILED: Stay away,46,0.0,0.0,0.0,50.0,1,,Consumer Defensive,473325504.0,46.97
VROYF,VROYF,3.34,16,6,7,14,7,4,5,59,-23.0,34.0,Poor,Stay away,59,10.2,16.2,13.3,72.5,3,,Basic Materials,nan,47030.45
UWMC,UWM Holdings Corp,1.51,3,13,1,8,3,4,2,34,2.0,34.0,Poor,Stay away,19,4.9,-1.3,-4.5,43.1,1,,Financial Services,4233155072.0,14291626.15
ANGX,"Angel Studios, Inc.",4.58,18,14,6,10,7,4,5,64,-28.0,34.0,Poor,Stay away,56,-5.6,19.6,5.8,57.5,3,,Communication Services,497721024.0,0.0
UWMC-WS,UWMC-WS,1.51,3,13,1,8,3,4,2,34,2.0,34.0,Poor,Stay away,19,4.9,-1.3,-4.5,43.1,1,,nan,nan,14230931.56
ALTI,Alvarium Tiedemann Holdings Inc.,4.02,10,3,5,12,5,7,5,47,-13.0,34.0,Poor,Stay away,60,3.1,-1.2,1.2,53.4,1,,Financial Services,468499104.0,146209.45
SLUNF,Solutions 30 SE,2.84,5,4,10,8,3,2,2,34,-5.0,34.0,Poor,🔥 COILED: Stay away,32,0.0,0.0,0.0,50.0,1,,Technology,304077536.0,425.3
NRO,Neuberger Berman RE Securities IF,2.98,2,13,6,3,9,7,2,42,-6.0,34.0,Poor,Stay away,36,1.7,1.0,0.1,49.3,1,,Financial Services,225721100.0,249092.24
EKNPF,EKINOPS S.A.,3.35,15,5,7,10,6,4,5,52,-18.0,34.0,Poor,Stay away,0,0.0,0.0,2.3,99.4,1,,Technology,80205360.0,0.0
FCAFF,Firm Capital Apartment Real Estate Investment Trust,2.75,8,3,10,8,3,2,2,36,-5.0,34.0,Poor,Stay away,34,0.0,0.0,-0.0,0.1,1,,Real Estate,20912032.0,58.5
WHLM,Wilhelmina,0.5,3,3,9,8,3,3,2,31,0.0,34.0,Poor,Stay away,13,0.0,0.0,-8.4,0.9,0,,Industrials,13529574.0,424.76
ATPC,Agape ATP Corporation Common Stock,2.37,7,4,8,10,2,0,3,34,0.0,34.0,Poor,Stay away,24,-3.3,-6.3,-5.2,43.1,0,,Consumer Defensive,4252660.0,1477938.94
ELRXF,AB Electrolux (publ),2.41,3,3,10,7,3,3,2,31,0.0,34.0,Poor,Stay away,23,0.0,0.0,-1.6,35.3,0,,Consumer Cyclical,1481688960.0,42.79
KMRPF,Kenmare Resources plc,2.5,3,2,10,7,3,3,3,31,0.0,34.0,Poor,Stay away,19,0.0,0.0,-2.5,36.2,1,,Basic Materials,287664768.0,0.0
LASE,Laser Photonics Corporation Common Stock,1.395,11,14,6,11,3,4,5,54,-18.0,34.0,Poor,Stay away,47,3.3,15.3,9.1,57.0,3,,Industrials,119561616.0,5198841.28
BCTX,Briacell Therapeutics Corp,3.77,16,13,2,4,7,5,5,52,-18.0,34.0,Poor,Stay away,36,6.8,9.3,4.3,54.2,2,,Healthcare,28361306.0,236289.14
MHIKX,MFS HIGH INCOME FUND R5,3.08,7,6,6,6,4,7,3,39,-10.0,34.0,Poor,🔥 COILED: Stay away,34,0.0,0.0,0.0,51.9,0,,nan,0.0,0.0
JELCF,Johnson Electric Holdings Limited,3.416,6,3,11,7,3,2,2,34,-3.0,34.0,Poor,Stay away,0,0.0,0.0,0.0,76.3,0,,Consumer Cyclical,4295440896.0,0.0
MAQAF,Atlas Arteria Limited,3.3,4,4,10,6,6,7,2,39,-10.0,34.0,Poor,🔥 COILED: Stay away,34,0.0,0.0,-0.9,44.6,0,,Industrials,4904479232.0,0.0
XRX,Xerox Corp,2.95,7,11,5,6,6,2,5,42,-6.0,34.0,Poor,Stay away,57,-0.7,-8.4,-0.9,49.1,1,,Industrials,456420832.0,4827438.68
SSP,E. W. Scripps Co Class A,3.29,12,5,3,7,5,2,5,39,-5.0,34.0,Poor,Stay away,34,-0.3,-0.6,1.9,53.8,1,,Communication Services,305746336.0,921536.38
SJT,San Juan Basin Royalty Trust,2.93,12,14,4,6,3,7,5,51,-15.0,34.0,Poor,Stay away,28,4.6,8.5,7.1,58.7,2,,Energy,175249072.0,201274.19
AHHYX,INVESCO HIGH YIELD FUND CLASS Y,3.52,8,6,5,6,4,7,3,39,-10.0,34.0,Poor,🔥 COILED: Stay away,34,0.3,0.0,0.0,50.5,0,,nan,0.0,0.0
LWSOX,WESTERN ASSET SHORT-TERM BOND FUND CLASS C,3.66,5,6,9,6,4,7,2,39,-10.0,34.0,Poor,🔥 COILED: Stay away,34,0.0,0.0,0.0,49.6,0,,nan,0.0,0.0
EWIIF,EWIIF,3.587,17,11,6,9,4,7,4,58,-24.0,34.0,Poor,Stay away,53,3.7,15.7,6.3,66.5,3,,nan,nan,525.1
INTS,"Intensity Therapeutics, Inc. Common stock",4.895,19,13,5,6,6,7,5,61,-30,34,Poor,Stay away,58,16.3,16.5,10.3,64.6,3,,Healthcare,10784252.0,430576.68
LDLKX,LORD ABBETT SHORT DURATION INCOME FUND CLASS R4,3.84,7,5,9,6,3,7,2,39,-10.0,34.0,Poor,🔥 COILED: Stay away,30,0.0,0.0,0.0,50.1,0,,nan,0.0,0.0
ETCG,Grayscale Ethereum Classic Trust (Etc),3.78,16,6,2,11,3,2,5,45,-11.0,34.0,Poor,Stay away,33,18.2,17.4,5.6,56.0,2,,nan,nan,39694.59
JTKWY,Just Eat Takeaway.com NV ADR,4.11,10,9,4,11,3,3,4,44,-8.0,34.0,Poor,Stay away,30,2.4,-1.7,0.2,51.7,1,,nan,4094232832.0,5956.5
HYSNY,Hysan Development Co Ltd,4.47,8,5,3,9,6,0,3,34,0.0,34.0,Poor,Stay away,46,0.0,-7.1,-0.7,48.0,0,,Real Estate,2268637184.0,0.0
KNCAF,Konica Minolta Inc,3.54,4,3,10,9,0,3,2,31,0.0,34.0,Poor,Stay away,0,0.0,0.0,-0.2,23.5,0,,Industrials,1846270208.0,0.0
CMCM,Cheetah Mobile Inc,3.03,8,9,5,11,2,4,4,43,-9.0,34.0,Poor,Stay away,21,-2.9,-4.1,-0.8,47.5,1,,Communication Services,127879144.0,35326.88
MGHTF,Mercury NZ Limited,4.37,12,6,11,8,3,2,2,44,-13.0,34.0,Poor,Stay away,50,0.0,0.0,0.0,99.9,0,,Utilities,6194007552.0,300.76
DBVTF,DBV Technologies S.A,4.26,7,3,10,9,3,2,2,36,-5.0,34.0,Poor,Stay away,40,0.0,0.0,-0.0,33.4,1,,Healthcare,1260676480.0,17.5
TLOFF,Talon Metals Corp,6.07,18,3,7,15,7,4,5,59,-25.0,34.0,Poor,Stay away,56,12.2,15.4,17.5,76.4,3,,Basic Materials,782643328.0,959030.34
TBTC,Table Trac Inc,5.7,18,8,4,9,6,5,5,55,-21.0,34.0,Poor,Stay away,65,16.3,26.4,15.2,80.3,2,,Consumer Cyclical,20753704.0,5186.94
MCSIX,MFS COMMODITY STRATEGY FUND I,4.52,16,5,6,7,3,3,4,44,-10.0,34.0,Poor,Stay away,52,0.7,2.0,1.7,62.0,0,,nan,0.0,0.0
MCSRX,MFS COMMODITY STRATEGY FUND R6,4.51,16,5,6,7,3,3,4,44,-10.0,34.0,Poor,Stay away,52,0.7,2.0,1.7,62.0,0,,nan,0.0,0.0
MCSNX,MFS Commodity Strategy Fund Class R1,4.5,16,4,6,7,3,6,4,46,-12.0,34.0,Poor,Stay away,56,0.9,2.3,1.9,62.8,0,,nan,nan,0.0
MNTHF,Minth Group Limited,3.2,1,5,9,8,0,4,2,29,0.0,34.0,Poor,🔥 COILED: Stay away,0,0.0,-12.6,-5.8,41.1,0,,Consumer Cyclical,5275431936.0,281.5
ESFIX,ASHMORE EMERGING MARKETS SHORT DURATION FUND INSTITUTIONAL CLASS SHARES,4.75,16,4,7,6,4,4,3,44,-13.0,34.0,Poor,Stay away,42,0.2,1.1,0.6,75.0,0,,nan,0.0,0.0
PCHUY,PTT Global Chemical PCL ADR,5.525,17,4,6,10,3,2,5,47,-13.0,34.0,Poor,Stay away,58,0.0,0.0,3.3,100.0,1,,Basic Materials,4400636928.0,0.0
RSKD,Riskified Ltd,5.94,15,7,3,13,7,4,5,54,-20.0,34.0,Poor,Stay away,62,-3.6,12.7,2.9,58.9,3,,Technology,692813376.0,682449.56
FRNWF,Future plc,4.16,4,6,4,9,3,3,2,31,0.0,34.0,Poor,Stay away,22,0.0,0.0,-0.6,17.9,0,,Communication Services,452146272.0,56.18
XGCVX,Gabelli Convertible and Income Securities Fd Inc,4.59,5,10,4,9,4,1,4,37,-3.0,34.0,Poor,Stay away,43,-1.3,-0.4,-0.3,48.8,0,,Other,0.0,0.0
ORVMF,Orvana Minerals Corp,1.95,18,4,7,14,6,7,5,61,-27.5,33.5,Poor,Stay away,70,21.9,28.3,20.4,78.5,3,,Basic Materials,188131968.0,76870.34
AVCTF,Avacta Group Plc,0.936,11,12,9,5,3,7,3,50,-13.0,33.0,Poor,Stay away,44,3.9,3.9,1.5,55.7,1,,Healthcare,455110272.0,5244.28
JPAXX,JPMorgan Trust I - JPMorgan Prime Money Market Fund,1.0,14,6,8,6,4,2,2,42,-12.0,33.0,Poor,Stay away,39,0.0,0.0,0.0,66.1,0,,nan,nan,0.0
EPSM,Epsium Enterprise Limited Ordinary Shares,1.5,9,3,5,8,2,3,5,35,-3.0,33.0,Poor,Stay away,44,3.4,-4.5,3.7,54.9,1,,Consumer Defensive,20939932.0,597270.5
AIRJW,AirJoule Technologies Corporation,1.3,8,9,3,13,6,4,5,48,-13.0,33.0,Poor,Stay away,48,-9.1,-20.5,-5.4,47.7,0,,nan,nan,39080.29
TOIPF,Thai Oil Public Company Limited,1.25,5,3,8,7,3,2,2,30,0.0,33.0,Poor,Stay away,26,0.0,0.0,-0.1,7.0,0,,Energy,4169320448.0,0.0
KBSX,FST Corp. Ordinary Shares,1.07,11,6,2,11,5,3,5,43,-10.0,33.0,Poor,Stay away,30,7.0,-6.1,6.4,54.8,0,,Consumer Cyclical,57349728.0,68320.14
BNRG,Brenmiller Energy Ltd Ordinary Shares,4.18,16,9,8,14,6,5,5,63,-30,33,Poor,Stay away,57,37.0,958.0,96.8,79.2,3,,Utilities,843236.0,310251.57
TTGPF,TT Electronics plc,1.8,15,4,8,11,6,2,5,51,-18.0,33.0,Poor,Stay away,51,0.0,0.6,3.1,96.6,1,,Technology,237243232.0,1906.5
PGWFF,PGG Wrightson Limited,1.35,10,7,11,6,0,2,2,38,-10.0,33.0,Poor,🔥 COILED: Stay away,0,0.0,0.0,0.0,50.0,0,,Industrials,190219888.0,0.0
AEI,Alset Ehome International Inc,1.59,16,11,4,11,7,4,5,58,-25.0,33.0,Poor,Stay away,40,-11.2,54.4,16.1,61.5,3,,Real Estate,56787916.0,200922.74
MTPLF,Metaplanet Inc.,2.02,15,5,7,15,7,9,5,63,-30,33,Poor,Stay away,38,37.4,41.3,26.8,77.8,3,,Consumer Cyclical,1985906816.0,2905301.5
BOLD,"Boundless Bio, Inc. Common Stock",2.94,15,6,4,14,5,4,5,53,-20.0,33.0,Poor,Stay away,68,2.8,6.9,5.5,69.9,1,,Healthcare,32348322.0,161514.42
MRKR,Marker Therapeutics Inc,1.52,18,10,6,12,5,5,5,61,-29,33,Poor,Stay away,43,32.2,35.7,19.7,67.9,3,,Healthcare,23759206.0,483802.49
MGIH,Millennium Group International Holdings Limited Ordinary Shares,1.57,12,5,2,7,7,6,2,41,-13.0,33.0,Poor,🔥 COILED: Stay away,51,1.3,0.6,-0.0,50.2,1,,Consumer Cyclical,15862500.0,508678.61
TUNGF,American Tungsten Corp.,1.23,10,10,5,6,4,3,5,43,-15.0,33.0,Poor,🔥 COILED: Stay away,31,5.1,-4.7,3.8,53.4,1,,Basic Materials,103212648.0,395679.2
GZTGF,G City Ltd,1.8,3,6,1,7,6,6,2,31,2.0,33.0,Poor,Stay away,30,20.0,20.0,-3.0,45.7,2,,Real Estate,257207856.0,503.43
BLNC,Balance Labs Inc,1.55,5,4,10,7,3,2,2,33,-5.0,33.0,Poor,🔥 COILED: Stay away,39,0.0,0.0,-0.0,40.2,1,,Industrials,72621096.0,219.98
OKYO,OKYO Pharma Ltd ADR,1.56,9,16,5,3,4,4,2,43,-13.0,33.0,Poor,🔥 COILED: Stay away,40,3.3,2.6,1.3,51.8,1,,Healthcare,86590768.0,155838.65
IPHYF,Innate Pharma,1.65,5,4,10,7,3,2,2,33,-5.0,33.0,Poor,🔥 COILED: Stay away,30,0.0,0.0,-0.0,40.6,1,,Healthcare,154940416.0,179.0
TWAV,TaoWeave Inc.,1.4,13,12,7,6,2,3,5,48,-13.0,33.0,Poor,Stay away,35,10.2,2.9,4.8,56.1,1,,Financial Services,4907731.0,513237.26
RMSG,Real Messenger Corporation Ordinary Shares,0.353,2,7,9,9,2,2,2,33,-5.0,33.0,Poor,Stay away,20,-7.1,-0.3,-7.2,40.5,1,,Technology,9878278.0,5816471.26
PTCHF,PureTech Health plc,1.565,5,4,10,10,0,3,3,35,-5.0,33.0,Poor,Stay away,16,0.0,0.0,-0.1,38.7,1,,Healthcare,453244672.0,5435.5
SHFH,Scientist Home Future Health Limited,6.9,17,7,5,14,7,2,5,57,-24,33,Poor,Stay away,0,176.0,263.2,108.3,50.0,3,6,Healthcare,45060400.0,0.0
UGSDX,U.S. GOVERNMENT SECURITIES ULTRA-SHORT BOND FUND U.S. GOVERNMENT SECURITIES ULTRA-SHORT BOND FUND,1.95,12,8,4,6,4,2,2,38,-10.0,33.0,Poor,🔥 COILED: Stay away,37,0.0,0.0,0.0,53.7,0,,nan,0.0,0.0
AIMFF,Aimia Inc,1.95,9,3,3,11,1,4,4,35,-5.0,33.0,Poor,Stay away,34,-2.5,-4.4,-0.7,48.9,1,,Basic Materials,180244288.0,16294.06
FTROF,First Resources Limited,3.55,17,4,5,12,6,2,5,51,-18.0,33.0,Poor,Stay away,56,0.0,57.1,24.9,100.0,2,,Consumer Defensive,4077327872.0,79.5
WRN,Western Copper and Gold Corp,2.62,13,9,8,6,4,2,5,47,-12.0,33.0,Poor,Stay away,50,11.0,6.9,9.2,66.8,0,,Basic Materials,661106048.0,1587372.89
CNTN,"Canton Strategic Holdings, Inc.",2.31,10,12,9,13,3,5,5,57,-24.0,33.0,Poor,Stay away,26,14.9,21.6,10.2,60.1,3,,Healthcare,171021952.0,4018047.21
ADTI,"Adapti, Inc.",2.96,16,5,6,15,3,8,5,58,-28,33,Poor,Stay away,60,17.5,13.8,7.9,56.5,3,,Consumer Defensive,25270212.0,246.52
YQ,17 Education Technology Group Inc,2.235,5,5,2,13,3,5,5,38,-5.0,33.0,Poor,Stay away,33,-0.2,-5.3,-2.3,48.4,1,,Consumer Defensive,22762750.0,19527.84
HTZWW,Hertz Global Hldgs New Equity Warrants,1.03,7,5,3,9,2,4,5,35,0.0,33.0,Poor,Stay away,12,-1.9,-11.6,-1.1,47.5,0,,nan,nan,99864.11
AEMMF,A2A S.p.A,2.6,10,6,11,9,3,2,2,43,-13.0,33.0,Poor,Stay away,45,0.0,0.0,0.0,98.7,0,,Utilities,8124445696.0,34.06
TRKNY,Turk Telekomunikasyon AS ADR,2.845,12,6,8,5,3,1,5,40,-10.0,33.0,Poor,Stay away,25,0.0,30.5,5.1,57.0,2,,Communication Services,4637500416.0,210.02
RGLSF,Regulus Resources Inc,3.66,18,3,6,14,5,7,5,58,-25.0,33.0,Poor,Stay away,60,2.4,14.4,9.5,75.8,3,,Basic Materials,377889472.0,7654.57
PHCI,Panamera Holdings Corporation,2.5,11,7,11,4,4,1,2,40,-15.0,33.0,Poor,🔥 COILED: Stay away,21,0.0,0.0,0.1,47.5,1,,Basic Materials,191364928.0,179.8
ARTW,Arts-Way Manufacturing Co Inc,2.91,16,9,1,4,7,4,5,46,-13.0,33.0,Poor,Stay away,44,-8.8,3.2,5.7,58.0,0,,Industrials,13575231.0,36991.42
HNSBF,Hansa Biopharma AB (publ),3.7,15,5,5,12,3,6,5,51,-18.0,33.0,Poor,Stay away,60,0.0,0.0,3.7,100.0,1,,Healthcare,289228480.0,162.3
MINE,Mayfair Gold Corp.,3.2,16,5,6,16,5,3,5,56,-23.0,33.0,Poor,Stay away,49,8.5,17.2,13.1,71.8,3,,Basic Materials,198058560.0,58253.93
CTNR,Central Natural Resources Inc,3.05,10,6,11,9,3,2,2,43,-13.0,33.0,Poor,Stay away,38,0.0,0.0,0.0,98.7,0,,Energy,8915078.0,246.5
MHIHX,MFS HIGH INCOME FUND R3,3.07,7,6,5,6,4,7,3,38,-10.0,33.0,Poor,🔥 COILED: Stay away,33,0.0,0.0,0.0,51.8,0,,nan,0.0,0.0
MHICX,MFS HIGH INCOME FUND C,3.09,7,6,5,6,4,7,3,38,-10.0,33.0,Poor,🔥 COILED: Stay away,34,0.0,0.0,0.0,51.8,0,,nan,0.0,0.0
MHIJX,MFS HIGH INCOME FUND R4,3.09,7,6,5,6,4,7,3,38,-10.0,33.0,Poor,🔥 COILED: Stay away,34,0.0,0.0,0.0,51.8,0,,nan,0.0,0.0
WSIOF,Wasion Holdings Limited,2.255,3,4,8,7,3,3,2,30,0.0,33.0,Poor,Stay away,24,0.0,0.0,-6.0,18.7,0,,Industrials,3439228416.0,2742.5
CMVLF,Cellectis S.A,3.47,10,6,11,7,6,6,2,48,-18.0,33.0,Poor,Stay away,50,0.0,0.0,0.0,88.5,1,,Healthcare,452751648.0,21.5
VNUYX,Vontobel U.S. Equity Y,3.45,4,4,4,7,3,3,3,28,2.0,33.0,Poor,Stay away,31,-0.6,-1.7,-0.6,45.9,0,,nan,nan,0.0
VNUAX,Vontobel U.S. Equity A,3.41,4,4,4,7,3,3,3,28,2.0,33.0,Poor,Stay away,31,-0.6,-1.7,-0.6,45.8,0,,nan,nan,0.0
AMDD,Direxion Daily AMD Bear 1X Shares,29.67,12,4,5,9,3,2,2,37,-4.0,33.0,Poor,Stay away,48,0.6,-2.0,3.3,58.2,0,,nan,nan,11346648.43
WHTCF,WashTec AG,3.13,14,7,4,8,3,0,5,41,-8.0,33.0,Poor,Stay away,48,-0.6,4.4,1.7,54.9,0,,Healthcare,928410624.0,52103.82
CTAGF,Capita PLC,3.5,5,3,10,8,3,4,2,35,-5.0,33.0,Poor,Stay away,40,0.0,0.0,-0.0,34.7,1,,Industrials,419231136.0,49.0
SNLGF,San Lorenzo Gold Corp,4.014,12,4,4,12,5,4,5,46,-13.0,33.0,Poor,Stay away,61,-13.9,-10.1,-2.8,50.0,1,,Basic Materials,377185280.0,32854.91
AHYCX,INVESCO HIGH YIELD FUND CLASS C,3.51,7,6,5,6,4,7,3,38,-10.0,33.0,Poor,🔥 COILED: Stay away,34,0.0,0.0,0.0,49.6,0,,nan,0.0,0.0
KGFHF,Kingfisher plc,4.15,6,4,4,9,6,1,3,33,0.0,33.0,Poor,Stay away,56,-7.4,-2.8,-1.1,49.7,0,,Consumer Cyclical,6457529856.0,0.0
GSM,Ferroglobe PLC,4.01,7,3,4,13,7,4,5,43,-8.0,33.0,Poor,Stay away,30,-3.6,-12.3,0.4,52.5,1,,Basic Materials,835266432.0,1329110.7
ATHGF,Auction Technology Group plc,5.446,15,6,10,8,3,2,2,46,-18.0,33.0,Poor,🔥 COILED: Stay away,48,0.0,0.0,0.8,100.0,1,,Technology,462562880.0,1.0
JUKIY,Juki Corporation,3.99,11,3,10,6,4,4,2,40,-10.0,33.0,Poor,Stay away,35,0.0,0.0,-0.0,34.7,0,,Industrials,117932912.0,16.13
TPCS,TechPrecision Corporation Common stock,5.66,17,5,6,15,5,4,5,57,-22.0,33.0,Poor,Stay away,62,-6.0,16.7,6.2,62.2,3,,Industrials,39895156.0,42893.29
LDLVX,LORD ABBETT SHORT DURATION INCOME FUND CLASS R6,3.83,5,5,8,6,3,7,2,36,-8.0,33.0,Poor,🔥 COILED: Stay away,32,0.0,0.0,-0.0,49.3,0,,nan,0.0,0.0
RGTZ,Defiance Daily Target 2x Short RGTI ETF,3.01,6,9,4,8,0,4,2,33,0.0,33.0,Poor,Stay away,28,-0.3,2.0,-13.5,42.9,1,,nan,nan,0.0
NUVI,Emo Capital Corp,0.021,18,11,7,11,6,2,5,60,-27,33,Poor,Stay away,53,320.0,57.9,135.2,62.0,2,2,Financial Services,12019999744.0,0.0
GEMI,"Gemini Space Station, Inc. Class A Common Stock",4.66,15,14,8,11,4,3,5,60,-28,33,Poor,Stay away,46,31.6,15.1,12.4,59.6,3,,Financial Services,625842304.0,0.0
CYRB,Cyber App Solutions Corp.,4.0,8,3,10,7,3,2,2,35,-5.0,33.0,Poor,Stay away,36,0.0,0.0,-0.0,39.6,1,,Energy,383516192.0,69.9
ADWPF,Andrew Peller Limited,5.59,12,2,9,6,6,6,2,43,-10.0,33.0,Poor,Stay away,56,-1.1,-1.1,-0.3,59.8,0,,Consumer Defensive,182081232.0,0.0
RCEL,Avita Medical Ltd,10.5,18,4,8,15,6,9,5,65,-30,33,Poor,Stay away,70,6.6,28.0,30.9,80.8,3,,Healthcare,134186360.0,339132.76
AHT-PI,Ashford Hospitality Trust Inc,6.24,14,7,3,13,7,4,5,53,-20.0,33.0,Poor,Stay away,37,-8.9,30.0,4.9,57.5,3,,Real Estate,104520272.0,7644.6
HWGG,HWGG Entertainment Limited,3.99,17,13,6,5,4,5,5,55,-20,33,Poor,Stay away,39,411.5,99.5,65.4,60.8,4,10,Consumer Cyclical,101107112.0,0.0
SGHT,Sight Sciences Inc,8.32,15,3,7,14,5,2,5,51,-18.0,33.0,Poor,Stay away,65,1.2,7.4,11.7,74.0,1,,Healthcare,250285744.0,251610.58
WGRX,"Wellgistics Health, Inc. Common Stock",3.03,14,5,4,12,3,2,2,42,-9.0,33.0,Poor,Stay away,50,-15.4,6.6,-2.5,49.7,1,,Healthcare,11033935.0,340484.16
MCSTX,MFS Commodity Strategy Fund Class R4,4.51,16,5,7,7,3,1,4,43,-10.0,33.0,Poor,Stay away,54,0.7,2.3,1.8,62.6,0,,nan,nan,0.0
HRZN,Horizon Technology Finance,4.77,7,5,4,13,3,4,5,41,-8.0,33.0,Poor,Stay away,43,-5.5,-2.5,-0.5,51.0,1,,Financial Services,317414176.0,863306.73
DRIP,Direxion Daily S&P Oil & Gas Exp. & Prod. Bear 2X Shares,36.99,14,12,5,3,6,0,2,42,-9.0,33.0,Poor,Stay away,57,2.8,-4.8,0.8,54.9,1,,nan,nan,16090041.59
ISHBF,iShares IV Public Limited Company - iShares $ Treasury Bond 20+yr UCITS ETF,4.499,8,12,6,4,3,3,2,38,-8.0,33.0,Poor,Stay away,39,1.7,0.8,0.5,51.8,0,,nan,nan,155198.1
PHYQX,PRUDENTIAL HIGH YIELD FUND CLASS Q,4.76,6,8,5,6,4,4,3,36,-8.0,33.0,Poor,🔥 COILED: Stay away,28,0.2,0.0,0.0,49.2,0,,nan,0.0,0.0
PHYZX,PRUDENTIAL HIGH YIELD FUND CLASS Z,4.77,6,8,5,6,4,4,3,36,-8.0,33.0,Poor,🔥 COILED: Stay away,28,0.2,0.0,0.0,49.2,0,,nan,0.0,0.0
PEPG,PepGen Ltd,3.425,16,5,8,15,6,1,5,56,-21.2,32.8,Poor,Stay away,63,17.7,18.1,23.1,77.7,3,,Healthcare,96145208.0,1797989.74
EMTRF,Element 29 Resources Inc,1.21,11,4,7,13,5,2,3,45,-13.0,32.0,Poor,Stay away,56,-5.5,-0.8,-2.4,48.4,1,,Basic Materials,188697568.0,72066.88
RBNE,Robin Energy Ltd.,2.54,3,6,7,10,4,4,2,36,-4.0,32.0,Poor,Stay away,37,-15.3,6.3,-8.7,46.1,0,,Energy,6900758.0,1999763.21
JIMXX,JPMorgan Trust I - JPMorgan Prime Money Market Fund,1.0,14,5,8,6,4,2,2,41,-12.0,32.0,Poor,Stay away,41,0.0,0.0,0.0,62.9,0,,nan,nan,0.0
JRVXX,JPMorgan Trust I - JPMorgan Prime Money Market Fund,1.0,11,6,10,6,4,2,2,41,-12.0,32.0,Poor,Stay away,37,0.0,0.0,0.0,61.3,0,,nan,nan,0.0
MAVXX,Morgan Stanley Institutional Liquidity Funds - Prime Portfolio,1.0,15,5,8,6,4,2,2,42,-13.0,32.0,Poor,Stay away,37,0.0,0.0,0.0,71.4,0,,nan,nan,0.0
TCPXX,SEI Daily Income Trust - Prime Obligation Fund,1.0,11,6,10,6,4,2,2,41,-12.0,32.0,Poor,Stay away,42,0.0,0.0,0.0,63.0,0,,nan,nan,0.0
CCVTF,China Conch Venture Holdings Limited,1.17,7,6,11,6,3,2,2,37,-10.0,32.0,Poor,🔥 COILED: Stay away,40,0.0,0.0,0.0,50.0,0,,Industrials,2096688000.0,2.98
TEUTF,Teuton Resources Corp,1.27,14,9,8,14,4,5,5,59,-27.0,32.0,Poor,Stay away,58,9.5,11.4,6.8,61.4,3,,Basic Materials,72830536.0,29410.6
VIVS,"VivoSim Labs, Inc.",0.292,4,10,2,8,4,2,2,32,2.0,32.0,Poor,Stay away,15,4.1,-16.7,-19.6,31.8,0,,Healthcare,3647094.0,764675.09
XWEL,XWELL Inc.,1.005,9,11,9,8,2,2,2,43,-11.0,32.0,Poor,Stay away,26,6.9,1.5,0.2,49.1,1,,Healthcare,11315317.0,2739377.67
SNDL,SNDL Inc.,1.37,16,10,5,3,5,4,5,48,-14.0,32.0,Poor,Stay away,29,11.4,5.4,6.1,61.9,1,,Consumer Defensive,372228992.0,2646305.36
CPNNF,Central Pattana Public Company Limited,1.56,10,6,11,8,3,2,2,42,-13.0,32.0,Poor,Stay away,42,0.0,0.0,0.0,100.0,0,,Real Estate,7001668096.0,5.96
FENG,Phoenix New Media Limited,1.493,4,11,3,9,3,0,3,33,1.0,32.0,Poor,Stay away,24,-3.1,-1.1,-0.7,48.4,0,,Communication Services,19457458.0,7743.31
BTOG,Bit Origin Ltd,3.62,19,8,6,9,7,3,5,57,-23,32,Poor,Stay away,61,364.1,321.4,83.1,73.3,3,7,Financial Services,2641120.0,232015.65
HXBM,Helix BioMedix Inc,1.75,13,5,7,12,4,9,5,55,-23.0,32.0,Poor,Stay away,45,0.0,52.2,14.6,71.9,3,,Healthcare,402227.0,30.5
JDLGF,JD Logistics Inc,1.525,6,7,10,4,3,3,2,35,-8.0,32.0,Poor,🔥 COILED: Stay away,24,0.0,0.0,-0.2,41.0,0,,Industrials,11075524608.0,299.91
SBTU,SBTU,41.62,17,7,6,14,7,3,5,59,-25,32,Poor,Stay away,67,72.0,1648.7,243.8,74.7,2,5,nan,nan,0.0
XTGRF,Xtra-Gold Resources Corp,2.13,15,5,5,14,3,0,5,47,-15.0,32.0,Poor,Stay away,41,2.4,12.1,6.3,62.3,2,,Basic Materials,92972432.0,11851.0
GITS,"Global Interactive Technologies, Inc",1.63,1,8,2,12,3,0,2,28,-1.0,32.0,Poor,Stay away,33,-1.8,-42.6,-14.3,41.4,2,,Communication Services,7679094.0,843290.79
EVRYF,Evolve Royalties Ltd,2.12,11,6,9,7,2,6,3,44,-17.0,32.0,Poor,🔥 COILED: Stay away,0,1.0,1.9,1.0,53.7,1,,Basic Materials,102774480.0,0.0
DTCX,"Datacentrex, Inc.",2.74,18,5,6,16,5,5,5,60,-28,32,Poor,🛑 HIGH EXHAUSTION: Stay away,54,38.4,42.0,26.6,71.6,3,,Financial Services,87076920.0,397675.19
IDAI,Trust Stamp Inc,2.96,14,5,4,10,3,5,5,46,-14.0,32.0,Poor,Stay away,43,18.9,7.2,7.6,57.9,1,,Technology,13215914.0,253586.82
YOTA,Yotta Acquisition Corporation Common Stock,2.0,5,3,10,9,3,2,2,34,-5.0,32.0,Poor,Stay away,29,0.0,0.0,-0.0,1.0,1,,Financial Services,7365208.0,105.3
VRTK,Vartech Systems Inc,2.05,7,6,11,6,3,2,2,37,-10.0,32.0,Poor,🔥 COILED: Stay away,40,0.0,0.0,0.0,50.0,0,,Technology,4431382.0,88.52
WAI,Top KingWin Ltd,2.561,16,7,6,15,6,0,5,55,-23.0,32.0,Poor,Stay away,59,0.0,34.8,13.2,71.2,3,,Financial Services,4690880.0,438766.67
STKAF,Stockland,3.106,15,4,7,4,4,6,5,45,-13.0,32.0,Poor,Stay away,42,-2.2,24.2,6.0,71.4,2,,Real Estate,8583704064.0,0.0
HOVR,New Horizon Aircraft Ltd,1.88,7,6,6,13,3,4,5,44,-13.0,32.0,Poor,Stay away,27,-0.5,-7.4,-0.5,49.2,2,,Industrials,135305504.0,1402123.0
ZGM,Zenta Group Company Limited Ordinary Shares,2.95,18,10,4,2,9,3,5,51,-17,32,Poor,Stay away,54,71.5,65.7,42.8,68.9,2,12,Industrials,19484584.0,0.0
DEWY,The Dewey Electronics Corporation,2.35,5,3,10,9,3,2,2,34,-5.0,32.0,Poor,Stay away,37,0.0,0.0,-0.0,0.3,1,,Industrials,3211817.0,45.01
PPENF,Pampa EnergÃ­a S.A.,1.75,3,3,9,8,3,1,2,29,0.0,32.0,Poor,Stay away,12,0.0,0.0,-1.0,0.0,0,,Industrials,3560540416.0,74.1
INDO,Indonesia Energy,2.83,6,4,8,9,5,0,4,36,-5.0,32.0,Poor,Stay away,25,-4.1,-4.4,-2.3,45.8,1,,Energy,45237312.0,1307735.37
UFCP,Union Financial Corporation,2.51,7,6,11,6,3,2,2,37,-10.0,32.0,Poor,🔥 COILED: Stay away,39,0.0,0.0,0.0,50.0,0,,Financial Services,8266010.0,26.73
KLTHF,Koolearn Technology Holding Limited,2.8,7,6,11,6,3,2,2,37,-10.0,32.0,Poor,🔥 COILED: Stay away,46,0.0,0.0,0.0,50.0,0,,Consumer Defensive,2947582976.0,762.5
ALSSF,Alsea S.A.B. de C.V,2.41,7,7,10,5,3,3,2,37,-10.0,32.0,Poor,🔥 COILED: Stay away,31,0.0,0.0,-0.2,41.1,0,,Consumer Cyclical,2313625344.0,0.0
WTF,Waton Financial Limited Ordinary Shares,2.81,3,4,8,9,3,4,3,34,-5.0,32.0,Poor,Stay away,30,-3.4,2.2,-3.1,45.7,1,,Financial Services,148571408.0,106347.95
KPGHF,Kelly Partners Group Holdings Limited,3.175,11,5,5,8,3,5,5,42,-10.0,32.0,Poor,Stay away,31,2.3,8.0,3.8,56.7,0,,Industrials,134466624.0,13980.22
MGF,MFS Government Markets Income Closed Fund,2.83,4,5,6,13,2,0,2,32,0.0,32.0,Poor,Stay away,23,-1.4,-0.4,-0.3,46.9,0,,Financial Services,101681392.0,78978.78
TRTI,Transtech Industries Inc,2.87,12,7,8,8,4,3,4,46,-17.0,32.0,Poor,Stay away,50,0.0,0.0,0.7,68.9,1,,Industrials,8341760.0,1754.79
RMDCX,ALLIANZGI MID-CAP FUND C,2.66,1,7,2,9,6,5,3,33,-1.0,32.0,Poor,Stay away,42,-2.9,-4.0,-2.2,43.2,0,,nan,0.0,0.0
NPPHY,Nippon Paint Holdings Co. Ltd.,3.915,11,12,0,11,8,0,2,44,-8.0,32.0,Poor,Stay away,56,2.5,0.9,-0.7,50.2,1,,Basic Materials,13916751872.0,2764.21
ZNNGY,"Zhongyuan Bank Co., Ltd.",3.11,10,6,11,8,3,2,2,42,-13.0,32.0,Poor,Stay away,43,0.0,0.0,0.0,96.0,0,,Financial Services,2273399040.0,4.0
YDES,YD Bio Ltd,4.68,16,6,6,15,7,7,5,62,-30,32,Poor,Stay away,41,17.6,71.4,35.3,79.1,3,,Healthcare,255701152.0,0.0
ADPXY,Audio Pixels Holdings Ltd ADR,3.0,5,3,10,9,3,2,2,34,-5.0,32.0,Poor,Stay away,26,0.0,0.0,-0.0,0.1,1,,Technology,87630304.0,230.09
HRST,Harvest Oil & Gas Corp,3.13,12,8,11,6,3,2,2,44,-17.0,32.0,Poor,🔥 COILED: Stay away,46,0.0,0.0,0.1,67.7,1,,Energy,3172011.0,43.13
MHITX,MFS HIGH INCOME FUND A,3.08,7,5,5,6,4,7,3,37,-10.0,32.0,Poor,🔥 COILED: Stay away,33,0.0,0.0,0.0,51.0,0,,nan,0.0,0.0
HNNMY,H & M Hennes & Mauritz AB ADR,3.86,16,11,7,5,6,6,5,56,-24.0,32.0,Poor,Stay away,59,4.0,5.8,4.7,67.2,0,,Consumer Cyclical,27936526336.0,107083.26
DHX,DHI Group Inc,4.38,16,14,5,12,6,2,5,60,-29,32,Poor,Stay away,73,2.6,14.7,6.9,60.9,4,,Technology,158538528.0,376991.4
RENT,Rent the Runway Inc,3.65,7,10,9,9,5,3,4,47,-13.0,32.0,Poor,Stay away,33,-2.9,0.3,1.4,52.8,0,,Consumer Cyclical,115644792.0,136338.36
FXCNF,FIH Mobile Limited,3.0,5,6,11,5,3,5,2,37,-8.0,32.0,Poor,Stay away,41,0.0,0.0,0.0,57.7,0,,Technology,2747351552.0,43.5
LMPMY,Lee & Man Paper Manufacturing Ltd ADR,4.55,7,4,2,9,3,4,3,32,0.0,32.0,Poor,Stay away,49,-2.2,-19.2,-3.7,48.0,0,,Basic Materials,1692230016.0,0.0
FWDI,"Forward Industries, Inc.",6.05,16,6,8,16,6,4,5,61,-30,32,Poor,Stay away,47,33.3,41.4,28.3,77.9,3,,Consumer Cyclical,315148288.0,819638.03
ZIVO,Zivo Bioscience Inc,4.27,7,5,10,6,7,2,5,42,-13.0,32.0,Poor,Stay away,45,5.4,-0.5,2.1,52.5,1,,Healthcare,15443978.0,2022.51
NMCCX,VOYA MIDCAP OPPORTUNITIES FUND CLASS C,3.67,2,7,3,9,6,5,3,35,-3.0,32.0,Poor,Stay away,40,-2.1,-2.9,-1.4,45.3,0,,nan,0.0,0.0
HIVE,HIVE Digital Technologies Ltd,3.02,9,16,6,9,3,7,4,54,-20.0,32.0,Poor,Stay away,35,8.6,14.0,3.6,51.5,3,,Financial Services,1055014528.0,21716244.31
LDLFX,LORD ABBETT SHORT DURATION INCOME FUND CLASS F,3.83,5,6,8,6,3,7,2,37,-10.0,32.0,Poor,🔥 COILED: Stay away,32,0.0,0.0,-0.0,49.4,0,,nan,0.0,0.0
IOVA,Iovance Biotherapeutics Inc,8.44,18,6,7,15,6,3,5,60,-26.0,32.0,Poor,Stay away,62,20.1,30.0,23.7,71.1,3,,Healthcare,1888705152.0,14135920.14
GGR,Gogoro Inc,2.68,11,9,2,11,2,2,2,39,-7.0,32.0,Poor,Stay away,31,16.5,3.1,1.2,47.6,1,,Consumer Cyclical,79290640.0,17163.18
MAKSF,Marks and Spencer Group PLC,5.25,10,3,6,8,3,3,4,37,-1.0,32.0,Poor,Stay away,46,-4.5,-4.5,-1.9,47.4,0,,Consumer Cyclical,8877057024.0,6746.69
OPEN,Opendoor Technologies Inc,3.6,3,14,6,10,3,2,2,40,-6.0,32.0,Poor,Stay away,22,7.1,0.6,-2.0,45.3,2,,Real Estate,4775446016.0,115557236.38
MAIFF,Minera Alamos Inc,4.77,18,3,7,14,5,7,5,59,-25.0,32.0,Poor,Stay away,61,21.4,14.7,16.3,72.1,3,,Basic Materials,495871360.0,596116.18
MCSHX,MFS Commodity Strategy Fund Class C,4.45,16,4,7,7,3,3,4,44,-12.0,32.0,Poor,Stay away,52,0.9,2.3,1.8,62.3,0,,nan,nan,0.0
MTHRY,M3 Inc,5.44,10,12,3,5,8,2,2,42,-8.0,32.0,Poor,Stay away,53,3.8,7.3,1.7,52.4,0,,Healthcare,6393971712.0,435528.98
PYTCF,Playtech plc,5.33,15,6,6,8,6,2,2,45,-18.0,32.0,Poor,🔥 COILED: Stay away,57,0.0,0.0,0.4,100.0,1,,Consumer Cyclical,1144733824.0,381.74
CCM,Concord Medical Services Holdings,4.95,16,7,2,9,3,4,5,46,-14.0,32.0,Poor,Stay away,48,8.3,-4.4,3.2,53.6,1,,Healthcare,20189012.0,15661.07
PGNT,Paragon Technologies Inc,4.57,3,8,1,8,4,4,4,32,-3.0,32.0,Poor,Stay away,20,2.7,-0.7,-0.1,47.2,1,,Technology,8781225.0,932.3
SOSAF,SosTravel.com S.P.A.,1.01,4,4,9,9,3,1,2,32,0.0,31.0,Poor,Stay away,27,0.0,0.0,0.0,50.0,0,,Consumer Cyclical,13216139.0,0.72
BFDXX,BlackRock Liquidity Funds - Federal Trust Fund,1.0,18,9,5,9,6,7,5,59,-28,31,Poor,Stay away,61,290.9,290.9,206.1,100.0,2,2,nan,nan,0.0
LGDTF,Liberty Gold Corp,1.44,18,6,7,15,7,4,5,62,-29,31,Poor,Stay away,72,8.3,10.8,12.9,69.9,3,,Basic Materials,567529600.0,721132.0
AACG,ATA Creativity Global,0.96,10,11,2,9,3,2,2,39,-8.0,31.0,Poor,Stay away,24,-4.0,9.1,0.2,50.2,2,,Consumer Defensive,47096996.0,31589.65
EXFY,Expensify Inc,2.62,18,7,6,14,5,6,5,61,-30,31,Poor,Stay away,68,12.0,13.4,14.1,67.0,3,,Technology,111386024.0,629567.35
NGHLF,Nightingale Health Oyj,1.19,5,4,9,8,3,2,2,33,-5.0,31.0,Poor,Stay away,18,0.0,0.0,-0.0,0.0,1,,Healthcare,71829592.0,1.0
PLRX,Pliant Therapeutics Inc,1.19,17,12,6,8,4,3,5,55,-22.0,31.0,Poor,Stay away,38,3.5,15.5,7.2,63.4,3,,Healthcare,72446688.0,824949.99
CRDOF,Cerrado Gold Inc,1.84,18,5,7,14,5,3,5,57,-26.0,31.0,Poor,Stay away,59,11.5,16.1,13.6,72.4,3,,Basic Materials,181807472.0,236126.35
TELO,"Telomir Pharmaceuticals, Inc. Common Stock",1.18,9,14,3,4,5,4,2,41,-13.0,31.0,Poor,Stay away,31,9.3,4.4,2.9,52.7,1,,Healthcare,84593200.0,1125052.41
HPURF,Hexagon Purus ASA,1.2,12,6,11,10,3,2,2,46,-18.0,31.0,Poor,Stay away,54,0.0,0.0,0.1,98.8,1,,Industrials,51418336.0,233.72
BMEA,Biomea Fusion Inc,1.73,15,6,7,12,7,6,5,58,-30,31,Poor,Stay away,51,28.1,34.1,26.1,82.5,3,,Healthcare,99050232.0,1495367.33
PACB,Pacific Biosciences of California,1.52,16,14,6,6,4,6,5,57,-27,31,Poor,Stay away,42,33.3,33.3,17.3,61.2,4,,Healthcare,506280768.0,7220079.05
RPNMF,Rapala VMC Corporation,1.45,7,3,10,7,3,1,2,33,-5.0,31.0,Poor,Stay away,25,0.0,0.0,-0.0,0.0,1,,Consumer Cyclical,55288268.0,45.0
NNDM,Nano Dimension Ltd,1.54,6,7,6,7,5,4,3,38,-7.0,31.0,Poor,Stay away,35,-0.6,-7.2,-1.1,48.0,1,,Technology,326365376.0,2797526.33
NZRFF,The New Zealand Refining Company Limited,1.62,10,6,11,7,3,2,2,41,-13.0,31.0,Poor,Stay away,51,0.0,0.0,0.0,98.9,0,,Energy,671310400.0,0.0
HBPCF,Helix BioPharma Corp,1.71,5,3,10,8,3,2,2,33,-5.0,31.0,Poor,Stay away,42,0.0,0.0,-0.0,0.2,1,,Healthcare,130606544.0,8.5
EVTV,Envirotech Vehicles Inc,1.805,7,10,7,7,3,2,5,41,-8.0,31.0,Poor,Stay away,44,-7.0,-8.4,0.0,50.1,1,,Consumer Cyclical,23275294.0,9155899.31
STCK,Grayscale Stacks Trust (STX),1.8,17,8,5,13,5,2,5,55,-24,31,Poor,Stay away,31,66.7,63.6,40.5,74.0,2,6,nan,nan,0.0
NAMM,Namib Minerals Ordinary Shares,1.5,10,6,8,6,2,2,5,39,-8.0,31.0,Poor,Stay away,34,13.6,11.9,4.8,53.5,2,,Basic Materials,127489408.0,3602066.08
BPOSF,bpost SA/NV,1.99,5,3,10,8,3,2,2,33,-5.0,31.0,Poor,Stay away,17,0.0,0.0,-0.1,0.0,1,,Industrials,398001888.0,0.55
CYFWF,Cyfrowy Polsat S.A,2.64,8,5,10,6,3,2,2,36,-10.0,31.0,Poor,🔥 COILED: Stay away,36,0.0,0.0,-0.0,48.1,0,,Communication Services,1453857408.0,47.25
GARLF,Netcoins Holdings Inc,3.12,18,4,7,16,7,4,5,61,-30,31,Poor,Stay away,56,21.4,31.6,22.0,80.7,3,,Financial Services,206521760.0,38099.19
FBIO,Fortress Biotech Inc,2.83,7,9,2,7,2,4,2,33,-2.0,31.0,Poor,Stay away,29,-2.7,8.4,-2.9,45.8,1,,Healthcare,88030544.0,796400.8
MTVA,MetaVia Inc.,1.64,12,14,12,7,3,1,5,54,-26.0,31.0,Poor,Stay away,36,10.1,15.5,8.8,59.7,4,,Healthcare,13840512.0,1317013.41
KPRX,Kiora Pharmaceuticals Inc,2.59,12,5,6,13,1,5,3,45,-14.0,31.0,Poor,Stay away,53,0.0,-1.1,-0.5,49.7,1,,Healthcare,11496453.0,185673.01
MGHL,Morgan Group Holding Co,2.2,6,3,10,8,3,1,2,33,-5.0,31.0,Poor,Stay away,39,0.0,0.0,-0.1,6.9,1,,Financial Services,1500225.0,61.51
HTSUY,Hisamitsu Pharmaceutical Company Inc Unsponsored ADR,2.94,4,7,9,6,3,3,2,34,-8.0,31.0,Poor,🔥 COILED: Stay away,17,0.0,0.0,-0.7,45.1,0,,Healthcare,nan,10.93
CLLS,Cellectis SA,3.42,14,13,6,11,4,4,5,57,-24.0,31.0,Poor,Stay away,44,12.5,18.3,10.9,62.1,3,,Healthcare,307871136.0,82613.75
ETU,T-Rex 2X Long Ether Daily Target ETF,6.96,16,3,7,15,5,1,5,52,-21,31,Poor,Stay away,48,62.2,66.9,36.6,82.5,2,9,nan,nan,180034.36
SHJBF,Shanghai Junshi Biosciences Co. Ltd,3.35,12,6,11,8,3,4,2,46,-18.0,31.0,Poor,Stay away,49,0.0,0.0,0.0,99.8,1,,Healthcare,4841863680.0,59.45
ILPMF,Permanent TSB Group Holdings plc,3.05,4,3,10,8,3,1,2,31,0.0,31.0,Poor,Stay away,30,0.0,0.0,-0.1,17.6,0,,Financial Services,1809372160.0,2690.0
BRBS,Blue Ridge Bankshares Inc,3.92,13,6,5,11,5,2,5,47,-16.0,31.0,Poor,Stay away,54,-1.0,5.1,3.7,65.8,0,,Financial Services,294910400.0,314102.2
NMTC,Neuroone Medical Technologies Corp,2.16,13,14,2,13,4,3,5,54,-23.0,31.0,Poor,Stay away,34,14.9,35.0,9.4,55.2,3,,Healthcare,29997168.0,47801.07
PDRX,Pd-Rx Pharmaceutical,3.35,9,6,11,8,3,2,2,41,-13.0,31.0,Poor,Stay away,48,0.0,0.0,0.0,99.8,0,,Healthcare,5745551.0,121.28
FNYUSX,FNYUSX,3.268,4,11,4,8,3,4,2,36,-5.0,31.0,Poor,Stay away,33,0.1,0.1,-0.1,38.2,0,,nan,nan,0.0
PMOIF,Harbour Energy plc,3.59,15,4,8,9,4,1,5,46,-15.0,31.0,Poor,Stay away,50,6.2,19.7,5.2,56.9,3,,Energy,5757846528.0,0.0
BDWBY,Budweiser Brewing Company APAC Limited,3.17,0,4,7,9,4,5,2,31,4.0,31.0,Poor,Stay away,16,-3.1,-3.1,-2.5,29.7,1,,Consumer Defensive,11890254848.0,1728.5
ANTX,AN2 Therapeutics Inc,5.66,13,9,6,7,5,4,5,49,-18.0,31.0,Poor,Stay away,61,-5.2,-3.6,-0.2,52.5,1,,Healthcare,150187392.0,517857.7
GLOH,Glow Holdings Inc,3.75,10,7,11,6,3,2,2,41,-15.0,31.0,Poor,🔥 COILED: Stay away,51,0.0,0.0,0.0,51.9,1,,Financial Services,7964186.0,287.5
MASK,3 E Network Technology Group Ltd Class A Ordinary Shares,1.4,5,3,9,8,2,2,2,31,0.0,31.0,Poor,Stay away,22,-7.3,-14.1,-8.5,39.0,0,,Technology,4631380.0,2471308.6
EOGSF,Emerald Resources NL,5.06,17,6,7,7,6,9,5,57,-26.0,31.0,Poor,Stay away,73,17.7,23.4,17.6,72.3,3,,Basic Materials,2709180928.0,0.0
JAGGF,Jaguar Mining Inc,5.7,16,4,7,15,7,7,5,61,-28.0,31.0,Poor,Stay away,61,17.5,15.2,15.6,79.9,3,,Basic Materials,391668672.0,111284.0
SUSRF,Surgical Science Sweden AB (publ),5.2,17,6,5,11,6,8,5,58,-23.0,31.0,Poor,Stay away,57,30.0,30.0,19.6,99.9,2,,Healthcare,280117536.0,525.93
GMWPX,GOLDMAN SACHS LOCAL EMERGING MARKETS DEBT FUND CLASS P SHARES,4.0,4,10,5,6,3,4,2,34,-8.0,31.0,Poor,🔥 COILED: Stay away,36,0.0,-0.2,-0.1,45.2,0,,nan,nan,0.0
FF,FutureFuel Corp,5.38,12,5,3,7,3,4,5,39,-8.0,31.0,Poor,Stay away,52,-4.9,-15.5,0.0,52.8,1,,Basic Materials,191683520.0,311248.07
MCSOX,MFS Commodity Strategy Fund Class R2,4.47,16,5,5,7,3,1,4,41,-10.0,31.0,Poor,Stay away,48,0.7,2.1,1.7,61.4,0,,nan,nan,0.0
CSNRF,CoinShares,4.59,15,6,12,6,6,2,2,49,-23.0,31.0,Poor,🔥 COILED: Stay away,54,0.0,0.0,0.0,100.0,1,,Financial Services,1054149504.0,25.5
TBCRF,Timbercreek Financial Corp,4.4,6,4,6,7,0,3,2,28,0.0,31.0,Poor,Stay away,12,-2.2,-0.9,-1.2,42.3,0,,Financial Services,388940096.0,7879.73
UGP,Ultrapar Participacoes SA ADR,6.7,17,9,5,5,7,8,4,55,-22.0,31.0,Poor,Stay away,69,5.8,12.4,5.3,64.2,2,,Energy,5204761088.0,2385744.51
NUAI,"New Era Energy & Digital, Inc.",5.07,4,11,8,10,3,0,5,41,-8.0,31.0,Poor,Stay away,52,-1.2,-3.1,-0.8,49.7,2,,Technology,583942208.0,12855311.78
NERV,Minerva Neurosciences Inc,5.0,12,11,7,10,4,3,5,52,-19.0,31.0,Poor,Stay away,39,10.1,15.7,10.4,61.1,3,,Healthcare,224790512.0,1056151.64
VMMNF,VMMNF,3.15,18,5,6,11,6,6,5,57,-26.8,30.2,Poor,Stay away,0,26.0,26.0,20.4,50.0,3,,Basic Materials,297771104.0,0.0
IRLTF,Intralot S.A. Integrated Lottery Systems and Services,1.0,5,3,10,7,3,2,2,32,-5.0,30.0,Poor,Stay away,0,0.0,0.0,-0.0,0.0,1,,Consumer Cyclical,1846765056.0,13.78
ZPTA,Zapata Computing Holdings Inc. Common Stock,0.891,10,10,7,15,2,5,2,51,-21.0,30.0,Poor,Stay away,53,4.8,18.8,2.9,50.7,3,,Technology,168596032.0,161764.35
CTHCF,Cathay Real Estate Development Co Ltd,0.99,6,7,5,7,1,3,5,34,-4.0,30.0,Poor,Stay away,31,-2.0,-2.9,-0.8,48.8,0,,Other,118571648.0,16536.78
QNCX,"Quince Therapeutics, Inc.",30.93,13,3,5,14,3,1,5,44,-14.0,30.0,Poor,Stay away,55,-6.0,-5.5,4.6,60.5,1,,Healthcare,21515182.0,3539245.86
PIHG,Plural Industry Holding Group Co. Limited,3.0,13,4,7,11,6,2,5,48,-18.0,30.0,Poor,Stay away,50,0.0,0.0,7.2,96.5,1,,Financial Services,10786939.0,20.5
SWSSU,Springwater Special Situations Corp Unit,1.065,5,3,10,7,3,2,2,32,-5.0,30.0,Poor,Stay away,28,0.0,0.0,-0.0,0.0,1,,Financial Services,nan,1.0
OBRUF,Oberon Uranium Corp.,1.137,9,6,11,8,3,6,2,45,-18.0,30.0,Poor,Stay away,51,0.0,0.0,0.0,99.8,1,,Energy,34545616.0,389.05
GLXG,Galaxy Payroll Group Limited Ordinary Shares,1.14,7,11,8,6,3,2,5,42,-13.0,30.0,Poor,Stay away,36,23.8,-8.1,7.1,53.9,1,,Industrials,7392278.0,191757.93
EPGNF,Epigenomics AG,1.12,10,6,11,6,3,2,2,40,-15.0,30.0,Poor,🔥 COILED: Stay away,34,0.0,0.0,0.0,50.0,1,,Healthcare,982213.0,0.0
MTEK,Maris Tech Ltd,1.145,6,9,8,10,5,2,5,45,-16.0,30.0,Poor,Stay away,30,-0.4,-4.6,-0.5,49.9,1,,Technology,11395885.0,437305.42
DJTU,T-Rex 2X Long DJT Daily Target ETF,12.74,16,12,5,4,7,2,2,48,-16.0,30.0,Poor,Stay away,55,33.9,8.8,9.7,57.3,1,,nan,nan,831406.93
BAIGF,Bairong Inc.,1.2,7,6,11,9,3,2,2,40,-13.0,30.0,Poor,Stay away,37,0.0,0.0,0.0,80.8,0,,Technology,539498496.0,64.93
SNCF,Sanarco Funds Inc,1.34,8,10,2,11,3,2,5,41,-16.0,30.0,Poor,Stay away,40,16.5,8.9,7.4,53.7,3,,Financial Services,13592344.0,25.33
CGTX,Cognition Therapeutics Inc,1.03,5,13,6,2,3,6,5,40,-11.0,30.0,Poor,Stay away,33,4.9,1.0,2.4,51.9,2,,Healthcare,115908880.0,1883992.54
SLSN,"Solesence, Inc. Common Stock",0.936,5,4,3,7,3,2,3,27,0.0,30.0,Poor,🔥 COILED: Stay away,31,5.1,-8.3,-2.2,48.2,1,,Consumer Defensive,88643720.0,38067.4
TRAW,Traws Pharma Inc,0.579,5,13,10,6,3,6,5,48,-16.0,30.0,Poor,Stay away,27,7.2,7.0,3.5,49.1,1,,Healthcare,21968470.0,884229.85
FDDMF,FDM Group (Holdings) plc,1.43,4,5,10,6,3,5,2,35,-10.0,30.0,Poor,🔥 COILED: Stay away,41,0.0,0.0,-0.0,48.0,0,,Technology,156362368.0,91.66
RKTO,RKTO,0.739,3,9,9,8,4,0,2,35,-3.0,30.0,Poor,Stay away,24,-3.0,-7.0,-5.1,39.1,0,,nan,39406772.0,3183556.8
BGMS,"Bio Green Med Solution, Inc.",0.877,3,10,6,8,3,4,2,36,-6.0,30.0,Poor,Stay away,29,-3.6,-2.5,-2.9,45.2,0,,Healthcare,5850623.0,824167.04
SCPAF,Shopping Centres Australasia Property Group,1.55,8,6,10,6,3,2,2,37,-10.0,30.0,Poor,Stay away,0,0.0,0.0,-0.0,3.3,0,,Real Estate,1608239104.0,0.0
HMR,Heidmar Maritime Holdings Corp. Common Stock,1.31,15,3,4,8,1,2,5,38,-8.0,30.0,Poor,Stay away,43,-5.8,-0.8,0.6,52.3,0,,Industrials,86128320.0,113382.98
BCG,"Binah Capital Group, Inc. Common Stock",1.445,5,14,3,5,5,4,2,38,-8.0,30.0,Poor,Stay away,28,-3.7,10.7,-0.4,48.8,2,,Financial Services,26391908.0,428824.2
ACCL,Acco Group Holdings Limited Ordinary Shares,2.9,13,2,6,9,7,4,5,46,-16.0,30.0,Poor,Stay away,51,0.7,0.0,6.8,76.3,0,,Industrials,20645852.0,0.0
PRFX,Painreform Ltd,0.995,7,7,8,9,4,2,2,39,-9.0,30.0,Poor,Stay away,21,5.6,-9.6,-5.8,43.1,2,,Healthcare,1555073.0,774655.82
ERLFF,Entree Resources Ltd,1.81,6,5,7,12,5,6,2,43,-13.0,30.0,Poor,Stay away,41,-1.6,-0.5,-2.2,42.7,1,,Basic Materials,379600832.0,17584.77
FEEXY,Ferrexpo plc,1.65,5,3,10,7,3,2,2,32,-5.0,30.0,Poor,Stay away,23,0.0,0.0,-0.0,5.2,1,,Basic Materials,242713328.0,133.14
CSTE,Caesarstone Ltd,3.37,17,6,6,14,5,2,5,55,-25.0,30.0,Poor,Stay away,63,2.1,12.3,12.8,68.6,3,,Industrials,59818344.0,459980.86
SMSOF,Samsonite International S.A,1.65,0,6,3,12,5,2,2,30,0.0,30.0,Poor,Stay away,35,-4.1,-4.1,-2.8,41.2,0,,Consumer Cyclical,2491193856.0,8247.53
BSMAF,Bursa Malaysia Bhd Ord,2.18,10,3,10,9,4,2,2,40,-13.0,30.0,Poor,Stay away,41,0.0,0.0,0.0,88.2,0,,Financial Services,1764272128.0,169.0
ORXOY,Orexo AB ADR,1.77,6,3,9,8,1,3,2,32,-5.0,30.0,Poor,Stay away,20,0.0,0.0,-0.8,26.6,1,,Healthcare,71834832.0,21.54
FLNT,Fluent Inc,4.0,15,3,5,13,3,0,5,44,-14.0,30.0,Poor,Stay away,52,-5.0,-2.9,1.0,54.9,1,,Communication Services,71259552.0,227439.57
KWIK,KwikClick Inc,0.7,5,10,7,12,3,3,2,42,-8.0,30.0,Poor,Stay away,17,0.0,0.0,-5.5,26.5,2,,Technology,7785960.0,352.2
AFGVY,Agfa Gevaert NV ADR,2.29,5,3,10,7,3,2,2,32,-5.0,30.0,Poor,Stay away,34,0.0,0.0,-0.0,0.4,1,,Industrials,177269504.0,2.5
NHTC,Natural Health Trend,1.76,6,11,4,6,4,2,2,35,-8.0,30.0,Poor,Stay away,27,0.0,1.1,-0.1,48.0,1,,Consumer Cyclical,20501060.0,36708.31
TUXS,Tuxis Corporation,2.35,12,6,11,9,3,2,2,45,-18.0,30.0,Poor,Stay away,53,0.0,0.0,0.0,99.0,1,,Industrials,2843476.0,44.5
DGQTF,DGQTF,1.9,7,9,9,5,1,2,2,35,-8.0,30.0,Poor,Stay away,0,6.1,8.6,1.4,51.0,1,,nan,nan,0.0
CEBUY,Cebu Air Inc ADR,2.6,15,6,11,6,6,2,2,48,-23.0,30.0,Poor,🔥 COILED: Stay away,48,0.0,0.0,0.1,100.0,0,,Industrials,311274016.0,44.28
RCG,RENN Fund Inc,2.93,13,8,5,3,5,4,2,40,-13.0,30.0,Poor,Stay away,46,2.4,0.7,0.9,52.1,0,,Financial Services,19538964.0,9264.84
FDMIF,Founders Metals Inc.,4.5,16,8,7,15,6,4,5,61,-29.0,30.0,Poor,Stay away,61,8.6,20.3,17.1,79.2,3,,Basic Materials,390035744.0,33373.94
XBIO,Xenetic Biosciences Inc,3.82,18,3,5,15,7,1,5,54,-22.0,30.0,Poor,Stay away,63,17.5,18.6,17.4,78.1,3,,Healthcare,7858322.0,281169.78
BVHMF,Vistry Group PLC,4.226,17,12,6,2,6,11,5,59,-29,30,Poor,Stay away,36,15.8,23.2,13.8,66.4,3,,Consumer Cyclical,1111569920.0,14411.58
TPLWF,Temple & Webster Group Ltd,3.69,1,8,0,15,4,0,2,30,2.0,30.0,Poor,Stay away,41,-0.1,-6.6,-1.5,46.4,1,,Consumer Cyclical,412542592.0,3024.61
SCPKF,7C Solarparken AG,3.48,8,4,10,6,3,2,2,35,-10.0,30.0,Poor,🔥 COILED: Stay away,36,0.0,0.0,-0.0,48.1,0,,Technology,281392000.0,22.5
CGROF,The Character Group plc,3.26,8,4,10,6,3,2,2,35,-10.0,30.0,Poor,🔥 COILED: Stay away,38,0.0,0.0,-0.0,48.1,0,,Consumer Cyclical,56792292.0,4.25
IOTR,iOThree Limited Ordinary Shares,2.59,2,9,8,9,2,2,2,34,-5.0,30.0,Poor,Stay away,35,3.2,-14.2,-6.5,42.9,1,,Communication Services,9362254.0,725737.57
TTDU,T-REX 2X Long TTD Daily Target ETF,12.382,19,7,6,6,5,6,5,54,-22,30,Poor,Stay away,50,867.3,831.0,232.9,89.5,3,8,nan,nan,0.0
IMSRW,Terrestrial Energy Inc.,2.35,2,12,1,10,3,0,5,33,-1.0,30.0,Poor,Stay away,19,-5.2,-6.4,-3.1,47.0,0,,nan,nan,148702.01
PPOEF,PGE Polska Grupa Energetyczna S.A,3.56,10,6,11,6,3,2,2,40,-15.0,30.0,Poor,🔥 COILED: Stay away,43,0.0,0.0,0.0,50.0,1,,Utilities,7987618304.0,0.0
ASOMF,ASOS Plc,3.7,12,6,11,9,3,2,2,45,-18.0,30.0,Poor,Stay away,53,0.0,0.0,0.0,96.1,1,,Consumer Cyclical,421163552.0,59.15
EVAX,Evaxion Biotech AS,3.35,15,7,4,14,5,4,5,54,-24.0,30.0,Poor,Stay away,35,6.3,9.8,5.7,60.1,3,,Healthcare,32276632.0,548888.53
CCEL,CryoCell International Inc,4.3,19,5,1,15,7,3,5,55,-25.0,30.0,Poor,Stay away,51,9.4,22.5,10.0,63.7,3,,Healthcare,28193024.0,12334.69
LCFY,Locafy Ltd,2.445,2,13,3,10,3,4,3,38,-8.0,30.0,Poor,Stay away,11,-7.9,-9.4,-5.0,42.3,1,,Communication Services,6683489.0,402501.38
CSGTX,TRANSAMERICA SMALL CAP GROWTH C,3.56,1,4,4,7,3,5,3,27,0.0,30.0,Poor,Stay away,36,-1.4,-2.2,-1.2,44.5,0,,nan,0.0,0.0
ACCO,Acco Brands Corporation,4.21,9,9,9,6,5,3,2,43,-13.0,30.0,Poor,Stay away,61,-1.6,-1.9,-0.8,48.9,0,,Industrials,365340864.0,825834.7
LAWR,"Robot Consulting Co., Ltd. ADS",3.75,8,8,11,6,3,6,2,44,-17.0,30.0,Poor,Stay away,52,0.0,0.0,0.0,67.5,1,,Industrials,172350000.0,603737.0
CRPHY,Ceres Power Holdings plc,2.89,7,14,4,6,3,4,5,43,-13.0,30.0,Poor,Stay away,38,7.0,0.0,3.0,51.4,1,,Industrials,1878194048.0,10296.96
RLLMF,Real Matters Inc,3.59,12,6,6,3,4,4,5,40,-15.0,30.0,Poor,🔥 COILED: Stay away,18,-0.6,-1.4,0.5,50.2,1,,Real Estate,297890880.0,1601.28
BHLL,Bunker Hill Mining Corp,3.63,14,14,4,3,5,3,5,48,-18.0,30.0,Poor,Stay away,44,2.8,1.7,3.3,54.4,1,,Basic Materials,198412496.0,30304.4
TXXD,21Shares 2x Long Dogecoin ETF,4.49,18,4,6,13,3,2,5,51,-21,30,Poor,⚠️ EXHAUSTION RISK: Stay away,33,52.2,49.2,29.8,73.4,2,9,nan,nan,0.0
MCSAX,MFS COMMODITY STRATEGY FUND A,4.49,16,4,7,7,3,1,4,42,-12.0,30.0,Poor,Stay away,52,0.7,2.0,1.8,62.6,0,,nan,0.0,0.0
MCSQX,MFS Series Trust XV - MFS Commodity Strategy Fund,4.49,16,4,7,7,3,1,4,42,-12.0,30.0,Poor,Stay away,56,0.7,2.0,1.8,62.6,0,,nan,nan,0.0
ASPHF,Ascentage Pharma Group International,4.53,5,3,9,7,3,3,2,32,-5.0,30.0,Poor,Stay away,18,0.0,0.0,-0.1,0.0,1,,Healthcare,1752872960.0,72.5
XNET,Xunlei Ltd Adr,5.06,3,14,6,2,6,2,2,35,-8.0,30.0,Poor,Stay away,26,3.5,0.4,-1.8,45.6,1,,Technology,289942976.0,429751.96
SWRHF,Shibusawa Logistics Corporation,4.565,8,4,10,6,3,2,2,35,-10.0,30.0,Poor,🔥 COILED: Stay away,33,0.0,0.0,-0.0,48.1,0,,Industrials,259903392.0,1.0
RLEA,Rubber Leaf Inc,4.5,12,6,11,9,3,2,2,45,-18.0,30.0,Poor,Stay away,52,0.0,0.0,0.0,99.9,1,,Basic Materials,184992544.0,23.61
RVSN,Rail Vision Ltd. Ordinary Share,5.24,16,8,4,8,7,1,5,49,-19.0,30.0,Poor,Stay away,48,2.3,12.7,7.5,60.2,3,,Industrials,10456918.0,111735.42
SCRPF,Sembcorp Industries Ltd,4.74,17,9,10,5,4,5,5,55,-21.0,30.0,Poor,Stay away,24,9.2,9.2,7.4,76.1,1,,Utilities,9256988672.0,324.88
AACAF,AAC Technologies Holdings Inc,4.97,12,2,1,8,3,0,4,30,0.0,30.0,Poor,Stay away,44,-3.9,3.5,-0.3,50.7,0,,Technology,5835769856.0,0.0
PRTHU,Priority Technology Holdings Inc Unit,5.0,5,3,10,7,3,2,2,32,-5.0,30.0,Poor,Stay away,32,0.0,0.0,-0.0,0.0,1,,Technology,302850496.0,5.0
GABUX,THE GABELLI UTILITIES FUND CLASS AAA,4.73,3,8,8,6,3,5,2,35,-10.0,30.0,Poor,🔥 COILED: Stay away,20,-1.3,-0.4,-0.8,42.0,0,,nan,0.0,0.0
SHICX,WESTERN ASSET SHORT DURATION HIGH INCOME FUND CLASS C1,4.78,6,5,6,6,3,4,3,33,-8.0,30.0,Poor,🔥 COILED: Stay away,32,0.0,0.0,-0.0,47.6,0,,nan,0.0,0.0
DDEJF,Dundee Corp,3.94,16,4,6,15,6,7,5,59,-27.2,29.8,Poor,Stay away,68,30.5,39.7,28.5,83.7,2,,Basic Materials,265028080.0,37533.34
BSAI,BSAI,13.0,18,15,3,7,6,4,5,58,-26.5,29.5,Poor,Stay away,60,29.4,78.6,40.6,68.7,3,,Basic Materials,121213648.0,1123.23
EDTXF,Spectral Med Inc,0.975,7,9,0,7,5,2,2,32,-3.0,29.0,Poor,Stay away,40,-2.5,-3.0,-1.0,47.9,1,,Healthcare,297820256.0,10643.46
SOBR,Sobr Safe Inc,0.501,4,6,7,8,0,4,2,31,-5.0,29.0,Poor,Stay away,21,-5.1,-16.2,-12.9,42.3,1,,Technology,3143349.0,2962633.11
JINXX,JPMorgan Trust I - JPMorgan Prime Money Market Fund,1.0,10,3,5,6,6,2,2,34,-10.0,29.0,Poor,🔥 COILED: Stay away,38,0.0,0.0,0.0,55.5,0,,nan,nan,0.0
CLXLF,Calix Limited,1.1,12,6,11,8,3,2,2,44,-18.0,29.0,Poor,Stay away,50,0.0,0.0,0.0,100.0,1,,Basic Materials,237363152.0,83.93
SYNX,Silynxcom Ltd.,1.02,1,10,6,9,3,0,2,31,-3.0,29.0,Poor,Stay away,33,-1.9,-2.9,-1.3,46.2,1,,Technology,7629606.0,502883.84
IMMFF,Omni Bridgeway Limited,1.1,7,3,10,6,3,5,2,36,-10.0,29.0,Poor,Stay away,42,0.0,0.0,-0.6,6.8,0,,Financial Services,337433152.0,12.5
DRMA,Dermata Therapeutics Inc,1.72,16,13,6,5,6,9,5,60,-29,29,Poor,Stay away,54,20.3,59.3,23.8,69.1,3,,Healthcare,5028081.0,959578.57
TLSA,Tiziana Life Sciences Ltd,1.11,11,6,3,7,3,7,5,42,-13.0,29.0,Poor,Stay away,30,-0.9,9.9,2.9,53.2,2,,Healthcare,161619088.0,266479.05
ICMB,Investcorp Credit Management BDC Inc,0.843,6,11,7,6,4,3,5,42,-13.0,29.0,Poor,Stay away,19,0.8,-2.3,0.2,47.3,1,,Financial Services,17391130.0,45383.86
ZENA,ZenaTech Inc.,1.83,11,4,4,10,5,2,5,41,-12.0,29.0,Poor,Stay away,40,-10.3,0.5,2.8,54.9,1,,Technology,129730184.0,1761425.29
GNNSF,Genscript Biotech Corporation,4.6,18,5,5,17,6,2,5,58,-30,29,Poor,Stay away,67,31.4,49.4,44.9,96.8,3,,Healthcare,3495528448.0,878.71
AGPYY,Agile Group Holdings Ltd ADR,1.002,4,3,9,9,3,1,2,31,-5.0,29.0,Poor,Stay away,15,0.0,0.0,-0.7,0.0,1,,Real Estate,230099760.0,1.51
KDCXF,Kudelski SA,1.62,9,6,11,6,3,2,2,39,-15.0,29.0,Poor,🔥 COILED: Stay away,41,0.0,0.0,0.0,50.0,1,,Technology,158513568.0,12.98
CRGO,Freightos Limited Ordinary shares,1.42,12,15,3,10,3,4,5,52,-21.0,29.0,Poor,Stay away,30,-9.6,13.6,4.5,53.7,3,,Industrials,84760936.0,109035.92
ALLR,Allarity Therapeutics Inc,1.33,7,3,5,12,1,5,5,38,-9.0,29.0,Poor,Stay away,30,-1.5,-7.0,-1.6,48.8,1,,Healthcare,26252694.0,2360106.3
BKEAY,Bank of East Asia Limited,2.2,12,8,4,5,6,7,5,47,-18.0,29.0,Poor,Stay away,61,23.6,-1.3,7.6,59.9,0,,Financial Services,4547377152.0,0.0
TIHRF,Tharisa plc,1.59,13,3,9,6,6,1,5,43,-14.0,29.0,Poor,Stay away,36,-1.2,-1.2,1.6,63.9,0,,Basic Materials,511634208.0,921.09
JYOGF,Jersey Oil and Gas Plc,1.75,12,6,11,8,3,2,2,44,-18.0,29.0,Poor,Stay away,49,0.0,0.0,0.0,90.8,1,,Energy,57168348.0,442.5
NUFMF,Nufarm Limited,2.2,19,5,6,11,4,9,5,59,-30,29,Poor,Stay away,64,13.4,13.4,10.8,96.8,3,,Basic Materials,756294912.0,882.0
POTMF,Portmeirion Group PLC,1.9,8,4,10,5,3,2,2,34,-10.0,29.0,Poor,🔥 COILED: Stay away,36,0.0,0.0,-0.0,45.4,0,,Consumer Cyclical,26204238.0,0.38
SHGKY,Sun Hung Kai & Company Lt,2.12,3,4,10,6,6,3,2,34,-10.0,29.0,Poor,🔥 COILED: Stay away,32,0.0,0.0,-0.1,50.1,0,,Financial Services,830904448.0,0.0
GCLAF,GCLAF,2.2,7,6,11,8,3,2,2,39,-13.0,29.0,Poor,Stay away,41,0.0,0.0,0.0,97.0,0,,nan,117453600.0,7.31
NTCL,NETCLASS TECHNOLOGY INC Class A Ordinary Shares,2.41,6,8,7,3,7,6,2,39,-11.0,29.0,Poor,Stay away,45,-2.8,-17.5,-9.0,44.6,2,,Technology,105499512.0,1754800.08
MYCOF,Mydecine Innovations Group Inc,0.73,6,5,7,3,6,5,2,34,-10.0,29.0,Poor,🔥 COILED: Stay away,36,0.0,0.0,-5.8,46.8,0,,Healthcare,103044568.0,0.0
LPCN,Lipocine Inc,2.15,5,14,10,5,5,2,3,44,-16.0,29.0,Poor,Stay away,37,5.4,2.9,1.7,51.4,1,,Healthcare,18219800.0,182910.65
SINT,SINTX Technologies Inc,1.56,1,9,5,8,4,0,2,29,-1.0,29.0,Poor,Stay away,20,-3.7,-11.9,-3.4,45.0,1,,Healthcare,13892758.0,308204.14
TXXS,21Shares 2x Long Sui ETF,24.517,19,6,6,9,3,2,5,50,-21.0,29.0,Poor,Stay away,54,37.0,25.9,15.6,63.6,2,,nan,nan,0.0
VIVHY,Vivendi SA PK,1.9,6,13,3,3,4,3,2,34,-8.0,29.0,Poor,Stay away,15,2.2,2.2,-1.6,42.6,1,,Communication Services,2500391680.0,82699.9
JVTSF,Juventus Football Club S.p.A,2.4,5,9,8,4,3,5,5,39,-13.0,29.0,Poor,Stay away,30,-0.4,-0.2,-0.2,49.1,1,,Communication Services,1015477696.0,0.0
DHF,BNY Mellon High Yield Strategies Fund,2.38,4,14,3,4,4,5,3,37,-9.0,29.0,Poor,Stay away,25,0.4,-0.8,0.2,50.3,0,,Financial Services,191221200.0,382369.51
CIK,Credit Suisse Asset Management IF,2.44,4,11,9,2,3,3,2,34,-8.0,29.0,Poor,Stay away,32,0.8,-0.8,0.0,48.7,1,,Financial Services,156493600.0,473514.08
RPGL,Republic Power Group Limited Class A Ordinary Shares,1.985,8,10,6,5,4,0,4,37,-13.0,29.0,Poor,Stay away,37,-9.4,0.8,-2.3,49.0,0,,Technology,3317041.0,0.0
RELV,Reliv International Inc,1.83,6,3,6,8,3,3,2,31,-5.0,29.0,Poor,Stay away,16,0.0,0.0,-1.6,32.7,1,,Consumer Defensive,2565054.0,71.69
OCDGF,Ocado Group PLC,3.13,12,5,3,12,3,4,5,44,-15.0,29.0,Poor,Stay away,49,-7.9,6.1,1.8,58.1,1,,Consumer Defensive,2265188608.0,775.24
NLST,Netlist Inc,5.09,15,5,3,14,7,4,5,53,-22.0,29.0,Poor,Stay away,56,-20.5,18.6,10.5,61.8,3,,Technology,1039949504.0,1417982.29
IHPGF,IntegraFin Holdings plc,2.75,2,4,10,7,3,2,2,30,0.0,29.0,Poor,Stay away,30,0.0,0.0,0.0,50.0,0,,Financial Services,908531712.0,1.0
ESVIF,Ensign Energy Services Inc,2.48,7,8,5,8,0,2,3,33,-9.0,29.0,Poor,🔥 COILED: Stay away,34,-3.5,-2.7,-2.9,46.1,1,,Energy,571487936.0,80164.42
CMRC,"Commerce.com, Inc.",2.33,3,11,2,9,3,2,2,32,-1.0,29.0,Poor,Stay away,15,12.6,3.6,-3.8,43.8,2,,Technology,236810112.0,866926.84
LTBYX,Opnhmr Rchstr Ltd Tm Nw Yk Mncpl Fd Y,2.77,6,9,2,6,3,4,2,32,-8.0,29.0,Poor,🔥 COILED: Stay away,28,0.4,-0.4,-0.1,44.3,0,,nan,0.0,0.0
VFS,VinFast Auto Ltd. Ordinary Shares,3.13,8,13,6,2,3,3,4,39,-11.0,29.0,Poor,Stay away,22,1.6,0.0,-0.1,49.5,2,,Consumer Cyclical,7907632128.0,566964.38
SOLLY,Shui On Land Ltd ADR,3.1,13,5,7,9,6,2,5,47,-18.0,29.0,Poor,Stay away,40,0.0,0.0,2.2,92.7,1,,Real Estate,542905088.0,29.79
RADLY,Raia Drogasil SA ADR,3.86,13,9,3,5,6,2,5,43,-12.0,29.0,Poor,Stay away,46,18.8,8.7,8.2,61.4,1,,Healthcare,5979994112.0,19503.0
LSLPF,LSL Property Services plc,3.68,15,6,10,6,6,2,2,47,-23.0,29.0,Poor,🔥 COILED: Stay away,52,0.0,0.0,0.7,100.0,0,,Real Estate,321893312.0,0.0
NWL,Newell Brands Inc,5.93,15,6,5,5,5,0,5,41,-12.0,29.0,Poor,Stay away,57,0.0,-3.6,0.5,52.8,1,,Consumer Defensive,1631722624.0,7358579.28
CTYMF,Catalyst Metals Limited,4.16,8,3,4,5,6,4,4,34,-8.0,29.0,Poor,Stay away,41,0.0,-14.2,-2.1,47.8,0,,Basic Materials,1004638272.0,4443.56
BRDNF,BRDNF,3.94,4,4,10,6,3,5,2,34,-10.0,29.0,Poor,🔥 COILED: Stay away,30,0.0,0.0,-0.1,44.1,0,,Basic Materials,1352037888.0,178.33
BWEN,Broadwind Energy Inc,4.38,5,7,3,12,7,4,5,43,-14.0,29.0,Poor,Stay away,47,-10.1,-18.0,-6.5,45.1,0,,Industrials,95020712.0,406780.34
NCT,Intercont (Cayman) Limited Ordinary shares,4.33,17,9,7,14,7,2,5,61,-30.0,29.0,Poor,Stay away,60,11.3,20.3,14.6,74.2,3,,Industrials,5837400.0,1382340.35
DJTWW,Trump Media & Technology Group Corp.,4.301,14,11,6,7,5,2,5,50,-19.0,29.0,Poor,Stay away,40,23.9,28.2,14.2,62.6,3,,nan,1293337344.0,45166.62
SIDU,Sidus Space Inc,2.27,4,7,5,10,4,4,5,39,-8.0,29.0,Poor,Stay away,19,-7.0,-12.7,-1.8,47.9,1,,Industrials,422011776.0,20170919.88
RTGN,RetinalGenix Technologies Inc,4.0,12,6,11,8,3,2,2,44,-18.0,29.0,Poor,Stay away,48,0.0,0.0,0.0,100.0,1,,Healthcare,75374512.0,154.2
MWUIX,METROPOLITAN WEST ULTRA SHORT BOND FUND CLASS I,4.17,3,4,8,6,4,7,2,34,-10.0,29.0,Poor,🔥 COILED: Stay away,34,0.0,0.0,-0.0,49.1,0,,nan,0.0,0.0
GIMDX,GOLDMAN SACHS LOCAL EMERGING MARKETS DEBT FUND INSTITUTIONAL,4.0,4,7,6,6,3,4,2,32,-8.0,29.0,Poor,🔥 COILED: Stay away,30,0.0,-0.2,-0.1,43.0,0,,nan,0.0,0.0
CENN,Cenntro Electric Group Ltd,4.1,18,6,8,14,4,2,5,57,-26.0,29.0,Poor,Stay away,54,15.8,19.5,13.0,73.2,3,,Consumer Cyclical,6462643.0,64908.13
TSI,TCW Strategic Income Closed Fund,4.4,7,14,7,6,3,3,2,42,-11.0,29.0,Poor,Stay away,25,0.0,-0.2,0.0,48.3,1,,Financial Services,239697200.0,128747.73
TACT,TransAct Technologies Incorporated,5.055,5,12,2,12,8,2,3,44,-13.0,29.0,Poor,Stay away,55,4.2,-12.5,-1.1,48.1,2,,Technology,47887460.0,57584.59
AMTD,AMTD IDEA Group,0.77,6,6,1,8,0,6,3,30,0.0,28.0,Poor,Stay away,10,3.1,4.0,-1.8,45.1,0,,Financial Services,94910008.0,125968.1
REVFF,REVFF,1.226,17,5,6,14,6,5,5,58,-30,28,Poor,Stay away,54,2.0,27.9,13.6,66.2,3,,Basic Materials,52208216.0,5609.28
AHMA,Ambitions Enterprise Management Co. L.L.C Class A Ordinary Shares,1.43,1,10,7,7,4,0,2,31,-3.0,28.0,Poor,Stay away,36,-4.7,-16.4,-8.7,40.2,0,,Consumer Cyclical,31508498.0,0.0
SOS,SOS Limited,0.962,10,13,4,9,3,7,2,48,-20.0,28.0,Poor,Stay away,34,11.2,26.6,5.2,54.1,3,,Financial Services,17302244.0,162399.27
FBLG,"FibroBiologics, Inc. Common Stock",1.4,18,6,7,14,7,3,5,60,-30,28,Poor,Stay away,53,22.8,35.9,26.8,70.8,3,,Healthcare,5573539.0,1187423.74
TCDXX,BlackRock Liquidity Funds - TempCash,1.0,7,4,8,6,6,2,2,35,-10.0,28.0,Poor,Stay away,38,-0.0,0.0,-0.0,46.7,0,,nan,nan,0.0
ODOT,Osprey Polkadot Trust,1.0,1,6,5,9,3,2,2,28,0.0,28.0,Poor,Stay away,21,-5.7,-14.5,-6.7,35.5,0,,nan,nan,1363.21
TRSXX,TRSXX,1.0,5,5,10,5,3,1,2,31,-8.0,28.0,Poor,🔥 COILED: Stay away,25,0.0,0.0,-0.2,44.0,0,,nan,nan,0.0
TSMXX,TSMXX,1.0,5,5,10,5,3,1,2,31,-8.0,28.0,Poor,🔥 COILED: Stay away,26,0.0,0.0,-0.4,41.3,0,,nan,nan,0.0
WVMDF,West Vault Mining Inc,1.396,16,8,4,7,7,9,5,56,-28.0,28.0,Poor,Stay away,60,14.0,14.8,14.0,63.6,3,,Basic Materials,70271440.0,12046.72
NEXR,Nexera Technologies Ltd.,2.7,12,11,5,3,8,0,5,44,-14.0,28.0,Poor,Stay away,38,2.3,-7.5,16.4,61.6,1,,Consumer Cyclical,825352.0,1213149.34
CIMEF,CIMC Enric Holdings Limited,0.93,4,7,10,4,3,3,2,33,-10.0,28.0,Poor,🔥 COILED: Stay away,21,0.0,0.0,-0.4,43.5,0,,Energy,2767987456.0,104.2
GIGM,Giga Media Ltd,1.432,6,3,4,12,1,1,4,31,-3.0,28.0,Poor,Stay away,38,0.1,-3.9,-0.4,49.7,1,,Communication Services,15804695.0,8823.05
CNTY,Century Casinos Inc,1.27,13,10,7,2,3,5,5,45,-17.0,28.0,Poor,Stay away,26,-0.8,4.1,2.0,54.4,1,,Consumer Cyclical,40849192.0,76433.07
LGCFF,Lavras Gold Corp.,2.81,16,5,5,15,7,5,5,58,-30,28,Poor,Stay away,62,23.2,47.9,37.6,84.8,3,,Basic Materials,102068488.0,94438.56
ALXO,Alx Oncology Holdings ,2.0,8,8,9,3,9,6,3,46,-16.0,28.0,Poor,Stay away,56,-3.8,3.6,-0.2,50.1,1,,Healthcare,209918128.0,699630.26
ZIZTF,Zip Co Limited,1.88,7,4,8,5,6,3,2,35,-10.0,28.0,Poor,Stay away,44,-1.6,-3.6,-2.2,42.3,0,,Financial Services,2164897024.0,2003.38
BIVI,Biovie Inc,2.09,17,9,2,6,9,2,5,50,-20,28,Poor,Stay away,55,116.8,64.6,30.0,59.9,3,8,Healthcare,12066943.0,128695.27
CMMB,Chemomab Therapeutics Ltd DRC,2.3,16,6,8,16,4,2,5,57,-30,28,Poor,Stay away,49,20.4,21.7,19.1,75.7,3,,Healthcare,12960680.0,104133.98
NNXXY,Nexity SA,1.82,4,3,10,7,3,1,2,30,-5.0,28.0,Poor,Stay away,13,0.0,0.0,-0.1,0.0,1,,Real Estate,542960768.0,22.28
WEWA,Wewards Inc,2.0,5,3,8,7,3,2,2,30,-5.0,28.0,Poor,Stay away,26,0.0,0.0,-0.0,0.0,1,,Technology,214966896.0,6.0
CISS,C3is Inc.,2.67,17,7,5,9,7,1,5,51,-21,28,Poor,Stay away,49,3797.8,3116.9,100.9,73.4,3,9,Industrials,1195804.0,2537177.18
NEARX,NEAR-TERM TAX FREE FUND NEAR-TERM TAX FREE FUND,2.09,4,7,7,6,3,4,2,33,-10.0,28.0,Poor,🔥 COILED: Stay away,22,0.0,0.0,-0.1,44.5,0,,nan,0.0,0.0
SCWO,374Water Inc. Common Stock,2.37,14,10,7,5,3,4,5,48,-18.0,28.0,Poor,Stay away,42,-5.2,2.2,1.4,53.9,1,,Industrials,44963444.0,290717.04
LNAI,Lunai Bioworks Inc.,2.2,8,12,7,6,4,2,2,41,-11.0,28.0,Poor,Stay away,41,1.6,-8.3,-4.2,43.5,1,,Healthcare,13012264.0,1012054.32
KRYXD,Koryx Copper Inc.,2.128,3,6,4,8,0,2,2,25,0.0,28.0,Poor,Stay away,35,-4.3,-12.8,-6.4,42.8,0,,Basic Materials,nan,20922.76
SBYSF,Sibanye Stillwater Limited,2.08,6,6,10,5,3,3,2,35,-10.0,28.0,Poor,Stay away,24,0.0,0.0,-0.8,26.5,1,,Basic Materials,8424691712.0,1340.05
TMOAY,TomTom NV ADR,2.24,6,9,2,6,3,0,5,31,-8.0,28.0,Poor,🔥 COILED: Stay away,14,0.0,0.9,-1.5,44.4,0,,Technology,683969472.0,1701.75
HAIIF,Haitian International Holdings Limited,3.0,14,3,3,5,6,2,5,38,-13.0,28.0,Poor,Stay away,52,0.0,0.0,1.4,74.9,0,,Industrials,4468800000.0,9.5
RBBN,Ribbon Communications Inc,2.06,4,14,8,0,4,2,3,35,-8.0,28.0,Poor,Stay away,18,1.0,3.5,-1.2,45.5,1,,Technology,540746944.0,814816.88
HYPD,"Hyperion DeFi, Inc.",3.41,15,10,6,7,5,1,5,49,-22.0,28.0,Poor,Stay away,36,26.3,29.2,16.6,67.8,3,,Healthcare,56083664.0,510793.35
JSHAX,JANUS SHORT-TERM BOND FUND CLASS A,2.87,4,6,8,6,3,4,2,33,-10.0,28.0,Poor,🔥 COILED: Stay away,29,0.0,0.0,-0.0,46.2,0,,nan,0.0,0.0
LAES,SEALSQ Corp,2.54,2,12,5,9,3,0,5,36,-6.0,28.0,Poor,Stay away,25,-7.3,-0.4,-2.8,45.9,2,,Technology,770798080.0,17083462.77
SWDCF,Swedencare AB (publ),2.3,1,4,3,8,3,7,2,28,0.0,28.0,Poor,Stay away,10,0.0,0.0,-8.8,7.1,0,,Consumer Defensive,487514912.0,143.12
SROYF,Sailfish Royalty Corp,4.047,11,3,2,12,3,4,5,40,-8.0,28.0,Poor,Stay away,57,-15.9,-2.8,-2.1,51.0,0,,Basic Materials,239972176.0,31406.18
SECUF,SSC Security Services Corp,3.11,12,4,8,3,6,6,2,41,-13.0,28.0,Poor,Stay away,56,0.0,-0.6,0.1,77.8,0,,Industrials,56984572.0,2398.53
CNF,CNFinance Holdings Ltd,2.2,4,9,7,10,4,0,2,36,-8.0,28.0,Poor,Stay away,31,-5.6,-2.2,-4.1,42.9,1,,Financial Services,53103384.0,22171.81
AIRI,Air Industries Group,2.61,6,13,3,5,3,2,2,34,-11.0,28.0,Poor,Stay away,17,6.5,-0.0,2.2,51.0,2,,Industrials,14648987.0,88400.52
TKECF,Tokyo Electric Power Co. Inc.,3.44,16,7,5,10,4,7,3,52,-24.0,28.0,Poor,Stay away,40,10.6,10.6,5.3,60.6,3,,Utilities,5769727488.0,591.0
NEPH,Nephros Inc,4.22,8,3,2,13,5,0,5,36,-8.0,28.0,Poor,Stay away,49,-8.1,-1.2,1.3,52.9,0,,Healthcare,38975000.0,52035.42
LSTA,Lisata Therapeutics Inc.,1.74,11,9,3,14,2,5,5,49,-21,28,Poor,Stay away,25,51.3,43.8,18.0,54.3,3,7,Healthcare,30142154.0,107188.78
JPDYY,Japan Display Inc ADR,3.77,8,6,10,6,6,2,2,40,-15.0,28.0,Poor,Stay away,33,0.0,0.0,-0.1,30.1,1,,Technology,1424104448.0,50.0
MQ,Marqeta Inc,16.31,16,9,4,3,5,2,2,41,-11.0,28.0,Poor,Stay away,56,5.4,4.8,1.5,56.2,0,,Technology,1708842240.0,3996188.14
GUZOF,Grupo Herdez S.A.B. de C.V,3.0,8,4,10,5,3,1,2,33,-10.0,28.0,Poor,🔥 COILED: Stay away,19,0.0,0.0,-0.3,40.4,0,,Consumer Defensive,1222111104.0,0.0
MPGPY,Pagegroup PLC ADR,4.69,9,3,7,6,4,3,3,35,-10.0,28.0,Poor,Stay away,0,0.0,0.0,-1.9,49.9,0,,Industrials,604045376.0,0.0
ISMOX,VOYA MIDCAP OPPORTUNITIES PORTFOLIO CLASS S,3.25,3,7,3,9,3,1,3,29,-1.0,28.0,Poor,Stay away,19,-2.1,-2.7,-1.7,42.4,0,,nan,0.0,0.0
BBAI,BigBearai Holdings Inc,3.09,5,9,5,8,2,0,5,34,-6.0,28.0,Poor,Stay away,19,-1.0,-7.2,-1.4,47.5,1,,Technology,2093009024.0,76359706.06
EVH,Evolent Health Inc,4.89,14,8,6,9,4,5,5,51,-21.0,28.0,Poor,Stay away,54,6.8,19.3,9.9,60.0,3,,Healthcare,474670080.0,3213340.02
NRXP,NRX Pharmaceuticals Inc,3.67,9,12,5,6,3,4,4,43,-16.0,28.0,Poor,Stay away,57,6.7,7.9,5.2,54.3,1,,Healthcare,169870288.0,854368.37
SMSKF,Sumiseki HoldingsInc.,3.298,4,6,9,6,3,5,2,35,-10.0,28.0,Poor,Stay away,19,0.0,0.0,-0.5,31.1,0,,Energy,276981184.0,1.5
RGP,Resources Connection Inc,4.26,5,9,6,3,3,4,5,35,-10.0,28.0,Poor,Stay away,30,-0.5,1.9,-0.7,48.1,1,,Industrials,153280528.0,386519.93
VBIX,Viewbix Inc. Common Stock,3.64,16,8,7,15,6,1,5,58,-28,28,Poor,Stay away,71,33.2,76.7,43.6,88.0,3,,Communication Services,48544468.0,59511.18
HCGI,Huntwicke Capital Group Inc,6.15,3,4,8,8,0,3,2,28,-5.0,28.0,Poor,🔥 COILED: Stay away,21,0.0,0.0,-3.8,48.2,1,,Financial Services,26443322.0,68.5
EVF,Eaton Vance Senior Income Closed Fund,4.96,3,13,3,9,4,2,2,36,-8.0,28.0,Poor,Stay away,35,-0.6,-1.4,-0.3,43.1,0,,Financial Services,90124632.0,92496.1
MODD,Modular Medical Inc,3.79,15,10,5,10,5,1,5,51,-21.5,27.5,Poor,Stay away,55,25.1,88.1,29.2,65.4,3,,Healthcare,25107322.0,33402.77
PLMUF,Plum Acquisition Corp. III,5.408,18,4,7,10,6,4,5,54,-26.8,27.2,Poor,Stay away,37,34.9,34.9,20.9,99.7,2,,Financial Services,nan,176.23
CGMLF,Chalice Mining Limited,1.1,16,3,7,14,4,8,5,57,-30.0,27.0,Poor,Stay away,41,15.8,10.0,15.6,81.4,3,,Basic Materials,346654752.0,4332.68
VTXXF,Vertex Minerals Limited,0.11,3,5,5,7,3,4,5,32,-5.0,27.0,Poor,Stay away,19,0.0,0.0,-8.6,14.5,1,,Basic Materials,286577472.0,120.23
YQAI,YouneeqAI Technical Services Inc.,1.0,9,6,11,9,3,2,2,42,-18.0,27.0,Poor,Stay away,37,0.0,0.0,0.1,84.8,1,,Technology,10511393.0,77.32
BBOP,Bebop Channel Corp,2.0,17,4,4,10,6,4,5,50,-23.0,27.0,Poor,Stay away,60,0.0,100.0,33.0,100.0,2,,Communication Services,8733041.0,5.0
LZMH,LZ Technology Holdings Limited Class B Ordinary Shares,1.2,9,10,7,3,2,2,2,35,-11.0,27.0,Poor,Stay away,35,5.3,-1.6,1.4,51.4,2,,Technology,9786565.0,147373.09
CNIKF,Canada Nickel Company Inc,1.1,10,13,5,0,8,4,5,45,-21.0,27.0,Poor,Stay away,41,2.0,-1.8,0.4,51.5,1,,Basic Materials,276997920.0,85053.87
MHIFF,Mineral Hill Industries Ltd,1.23,9,6,11,7,3,4,2,42,-18.0,27.0,Poor,Stay away,51,0.0,0.0,0.0,99.8,1,,Financial Services,2536230.0,45.17
BON,Bon Natural Life Ltd,1.14,4,12,5,11,4,2,2,40,-13.0,27.0,Poor,Stay away,30,-0.4,-0.9,0.2,49.4,1,,Basic Materials,12906554.0,381787.36
CSGQF,Costain Group PLC,1.375,5,4,10,6,3,2,2,32,-10.0,27.0,Poor,🔥 COILED: Stay away,36,0.0,0.0,0.0,50.0,0,,Industrials,367232992.0,212.0
IRCDF,Intercede Group plc,1.37,5,4,10,6,3,2,2,32,-10.0,27.0,Poor,🔥 COILED: Stay away,34,0.0,0.0,0.0,50.0,0,,Technology,82422688.0,67.5
VNOV,VNOV,1.38,5,3,10,5,3,6,2,34,-10.0,27.0,Poor,Stay away,26,0.0,0.0,-0.0,1.4,0,,Healthcare,11505686.0,65.05
AUHYF,Anadolu Hayat Emeklilik Anonim Sirketi,1.418,5,4,10,6,3,2,2,32,-10.0,27.0,Poor,🔥 COILED: Stay away,30,0.0,0.0,0.0,50.0,0,,Financial Services,609800192.0,122.14
SWRBF,Swire Pacific Limited,1.574,7,5,11,6,3,2,2,36,-12.0,27.0,Poor,Stay away,44,0.0,0.0,0.0,69.6,0,,Industrials,10886654976.0,0.0
GDRPF,Golden Resources Development International Limited,1.59,5,4,10,6,3,2,2,32,-10.0,27.0,Poor,🔥 COILED: Stay away,32,0.0,0.0,0.0,50.0,0,,nan,2698876416.0,78.34
EMMS,Emmis Communications Corp,1.6,9,6,10,8,3,4,2,42,-18.0,27.0,Poor,Stay away,30,0.0,0.0,0.4,83.7,1,,Communication Services,26798264.0,574.74
ACXP,Acurx Pharmaceuticals LLC,1.41,4,6,8,9,2,4,2,35,-8.0,27.0,Poor,Stay away,23,-2.1,-4.1,-4.0,45.2,1,,Healthcare,7606996.0,1183585.4
CHLWF,Charter Hall Long WALE REIT,1.73,5,4,10,6,3,2,2,32,-10.0,27.0,Poor,🔥 COILED: Stay away,30,0.0,0.0,0.0,50.0,1,,Real Estate,1238156160.0,2.87
FEAM,5E Advanced Materials Inc,1.75,13,14,4,4,8,4,5,52,-23.0,27.0,Poor,Stay away,42,7.4,-4.9,11.9,59.7,1,,Basic Materials,74104672.0,232024.84
GLIV,Grayscale Livepeer Trust (LPT),1.7,17,7,7,11,5,2,5,54,-27.0,27.0,Poor,Stay away,33,27.8,26.7,15.3,68.1,3,,nan,nan,3172.54
ENVB,Enveric Biosciences Inc,1.46,5,11,6,2,4,6,5,39,-13.0,27.0,Poor,Stay away,34,8.1,-5.8,0.4,49.5,2,,Healthcare,7216493.0,1538476.56
DSITF,Dixons Carphone plc,2.075,3,1,2,8,6,5,2,27,0.0,27.0,Poor,Stay away,54,-7.4,-7.4,-4.6,24.1,0,,Consumer Cyclical,2045115136.0,0.0
DMCHY,DMCI Holdings Inc ADR,1.09,3,3,3,7,3,3,2,24,0.0,27.0,Poor,Stay away,15,0.0,0.0,-2.0,0.0,0,,Industrials,2655493888.0,9.34
LMGHF,LINK Mobility Group Holding ASA,2.1,5,4,10,6,3,2,2,32,-10.0,27.0,Poor,🔥 COILED: Stay away,35,0.0,0.0,0.0,50.0,0,,Communication Services,592870784.0,5812.47
ABOS,Acumen Pharmaceuticals Inc,3.1,18,4,6,14,7,1,5,55,-26.0,27.0,Poor,Stay away,60,13.1,25.5,14.3,72.7,3,,Healthcare,165401168.0,469703.54
GRO,Brazil Potash Corp.,2.49,16,5,6,12,3,4,5,51,-24.0,27.0,Poor,Stay away,47,17.5,11.7,9.2,63.7,3,,Basic Materials,148946656.0,827196.76
LPSN,LivePerson Inc,2.77,13,5,6,13,7,0,5,49,-20.0,27.0,Poor,Stay away,41,-2.5,1.8,9.5,64.2,1,,Technology,27517820.0,259235.91
RMHVX,Easterly ROCMuni High Inc Muncpl Bd Inv,2.21,13,5,12,6,6,2,3,47,-23.0,27.0,Poor,Stay away,39,0.0,0.0,0.1,99.0,0,,nan,nan,0.0
CRMZ,CreditRiskMonitor.Com Inc,2.1,4,13,5,3,3,3,2,33,-6.0,27.0,Poor,Stay away,27,2.4,4.5,1.0,49.7,1,,Technology,24334552.0,0.0
HOPHF,Hemogenyx Pharmaceuticals Plc,2.33,7,6,11,6,3,2,2,37,-15.0,27.0,Poor,🔥 COILED: Stay away,40,0.0,0.0,0.0,50.0,1,,Healthcare,15843909.0,1250.0
SBNYL,Signature Bank,1.25,3,8,2,8,2,2,4,29,-2.0,27.0,Poor,Stay away,27,4.2,0.0,1.3,48.6,0,,Financial Services,nan,61443.51
PAYD,Paid Inc,2.388,5,3,7,10,5,0,2,32,-5.0,27.0,Poor,Stay away,42,-2.9,-2.9,-2.1,29.1,2,,Technology,21611656.0,505.91
CBOAF,CBOAF,2.536,5,3,10,4,3,7,2,34,-10.0,27.0,Poor,Stay away,41,0.0,0.0,-1.0,8.4,0,,Consumer Defensive,1364554880.0,158.93
ELPKF,Elopak ASA,2.81,5,4,10,6,3,2,2,32,-10.0,27.0,Poor,🔥 COILED: Stay away,29,0.0,0.0,0.0,50.0,0,,Consumer Cyclical,755150016.0,10.0
CYCN,Cyclerion Therapeutics Inc,4.0,17,11,4,8,5,4,5,54,-28.0,27.0,Poor,Stay away,62,-2.9,11.7,4.6,62.3,3,,Healthcare,13250761.0,2123076.84
IAMOX,VOYA MIDCAP OPPORTUNITIES PORTFOLIO CLASS ADV,2.24,3,7,3,8,3,1,3,28,-1.0,27.0,Poor,Stay away,18,-2.2,-2.6,-1.9,40.9,0,,nan,0.0,0.0
CIAFF,Champion Iron Limited,2.67,7,16,5,5,3,2,2,40,-11.0,27.0,Poor,Stay away,21,11.0,8.8,4.2,55.6,1,,Basic Materials,1765827968.0,17836.34
EYUUF,Electricity Gnrtng NVtg,3.208,5,4,10,6,3,2,2,32,-10.0,27.0,Poor,🔥 COILED: Stay away,30,0.0,0.0,0.0,50.0,1,,Utilities,1688899712.0,0.02
MDBH,"MDB Capital Holdings, LLC Class A common",3.13,7,11,7,5,7,2,3,42,-20.0,27.0,Poor,🔥 COILED: Stay away,30,9.4,2.0,1.8,52.0,1,,Financial Services,34216792.0,10955.97
CLRO,ClearOne Inc,6.17,9,7,3,5,5,6,5,40,-11.0,27.0,Poor,Stay away,49,17.5,-2.8,6.4,52.1,1,,Technology,8444135.0,22462.05
HSCCX,EAGLE SMALL CAP GROWTH FUND CLASS C,3.13,3,4,4,7,0,3,3,24,0.0,27.0,Poor,Stay away,42,-2.5,-3.4,-2.1,42.3,0,,nan,0.0,0.0
MHIGX,MFS HIGH INCOME FUND R1,3.08,6,5,5,6,4,4,2,32,-10.0,27.0,Poor,🔥 COILED: Stay away,35,0.0,0.0,-0.0,48.1,0,,nan,0.0,0.0
LGGNF,Legal & General Group Plc,3.67,5,3,3,7,3,4,2,27,0.0,27.0,Poor,Stay away,38,-10.5,-12.1,-6.1,42.4,0,,Financial Services,19537070080.0,17635.63
GME-WT,GameStop Corp. WT EXP 103026,1.71,6,15,4,2,4,2,2,35,-8.0,27.0,Poor,Stay away,23,17.1,4.9,1.1,46.7,0,,nan,nan,0.0
HIO,Western Asset High Income Opportunity Closed Fund,3.49,1,10,2,10,4,1,2,30,-3.0,27.0,Poor,Stay away,19,-1.7,-2.5,-1.5,37.3,1,,Financial Services,412730600.0,421712.74
DLNG,Dynagas LNG Partners LP,3.72,11,7,5,0,3,5,3,34,-10.0,27.0,Poor,Stay away,28,-1.3,-1.3,-1.0,49.1,0,,Energy,136250624.0,69939.86
PLCE,Children’s Place Inc,2.69,8,15,7,4,4,2,5,45,-16.0,27.0,Poor,Stay away,31,20.1,6.3,5.7,54.2,1,,Consumer Cyclical,80407000.0,552109.79
PRLD,Prelude Therapeutics Inc,6.59,18,5,6,14,7,2,5,57,-28.0,27.0,Poor,Stay away,72,14.6,23.9,18.5,72.4,3,,Healthcare,324952832.0,701732.34
SSM,Sono Group N.V.,2.81,6,9,2,7,4,2,2,32,-5.0,27.0,Poor,Stay away,21,9.8,2.9,-7.7,37.2,2,,Consumer Cyclical,5991171.0,32783.65
CMND,Clearmind Medicine Inc. Common Shares,1.71,6,14,8,6,4,4,5,47,-18.0,27.0,Poor,Stay away,39,-12.8,6.2,-3.6,45.0,1,,Healthcare,2985766.0,649106.03
VRHYX,VIRTUS HIGH YIELD FUND CLASS R6,3.78,7,4,6,6,3,4,2,32,-10.0,27.0,Poor,🔥 COILED: Stay away,28,0.0,0.0,-0.1,45.0,0,,nan,0.0,0.0
GMYYF,MONETA Money Bank a.s,4.15,5,4,10,6,3,2,2,32,-10.0,27.0,Poor,🔥 COILED: Stay away,33,0.0,0.0,0.0,50.0,0,,Financial Services,2120650112.0,0.15
BHLLD,Bunker Hill Mining Corp,4.04,5,9,7,5,7,2,2,37,-13.0,27.0,Poor,Stay away,51,0.5,-5.8,-2.8,44.2,2,,Basic Materials,190136480.0,30277.25
ACRG,American Clean Resources Group Inc.,10.86,16,7,6,15,6,4,5,59,-30,27,Poor,Stay away,64,27.8,55.1,42.0,91.6,3,,Basic Materials,57815404.0,895.65
SPND,Spindletop O&G,4.0,14,5,8,11,5,6,5,54,-27.0,27.0,Poor,Stay away,30,14.0,14.3,14.4,70.8,4,,Energy,27119026.0,700.55
CAEN,California-Engels Mining Company,4.0,5,4,10,6,3,2,2,32,-10.0,27.0,Poor,🔥 COILED: Stay away,39,0.0,0.0,-0.0,48.1,0,,Basic Materials,2783560.0,5.23
OCSAW,Oculis Holding AG Warrants,5.13,3,17,1,2,4,4,2,33,-6.0,27.0,Poor,Stay away,28,2.6,34.3,-6.3,47.7,2,,Healthcare,nan,0.0
ISCDF,Isracard Ltd,4.4,5,4,10,6,3,2,2,32,-10.0,27.0,Poor,🔥 COILED: Stay away,35,0.0,0.0,0.0,50.0,0,,Financial Services,1432423168.0,0.14
PLDIF,PLAIDInc,3.15,3,3,3,7,3,3,2,24,0.0,27.0,Poor,Stay away,11,0.0,0.0,-1.5,0.0,0,,Technology,205378864.0,19.75
CNSP,CNS Pharmaceuticals Inc,5.8,13,6,6,8,5,4,5,47,-20.0,27.0,Poor,Stay away,56,-1.1,13.1,4.9,57.1,3,,Healthcare,7716451.0,473823.1
GSNR,Grayscale Near Trust,4.81,18,6,7,12,3,3,5,54,-27.2,26.8,Poor,⚠️ EXHAUSTION RISK: Stay away,51,37.0,48.9,22.7,66.7,2,,nan,nan,0.0
BTSGY,BTS Group Holdings PCL ADR,6.81,17,4,5,9,6,1,5,47,-20.5,26.5,Poor,Stay away,61,0.6,121.1,37.5,100.0,2,,Industrials,656627136.0,0.0
UVRBF,Universal Robina Corporation,1.0,5,3,10,8,3,2,2,33,-10.0,26.0,Poor,Stay away,26,0.0,0.0,-0.0,84.5,0,,Consumer Defensive,2136426112.0,0.0
LGBOF,Lingbao Gold Group Company Ltd.,2.62,17,5,5,9,6,6,5,53,-27,26,Poor,Stay away,60,162.0,162.0,102.5,50.0,2,3,Basic Materials,1379396992.0,0.0
IVVD,Invivyd Inc.,0.939,14,6,4,13,3,5,5,50,-22.0,26.0,Poor,Stay away,33,8.1,36.5,16.8,63.3,3,,Healthcare,324068224.0,5656500.35
BCWG,BCW Group Holding Inc,1.0,7,3,10,6,3,2,2,33,-10.0,26.0,Poor,Stay away,30,0.0,0.0,-0.0,20.1,0,,Communication Services,100000000.0,16.5
SEED,Origin Agritech Ltd,1.0,2,4,6,13,3,0,3,31,-5.0,26.0,Poor,Stay away,34,-2.9,-2.9,-2.3,45.1,1,,Basic Materials,12736079.0,404450.95
LTFXX,LeggMason Partners Institutional Trust - Western Asset Institutional Tax Free Reserves,1.0,5,4,9,6,3,2,2,31,-10.0,26.0,Poor,🔥 COILED: Stay away,29,0.0,0.0,-0.0,48.1,0,,nan,nan,0.0
VPMXX,JPMorgan Trust I - JPMorgan Prime Money Market Fund,1.0,4,4,10,6,3,2,2,31,-10.0,26.0,Poor,🔥 COILED: Stay away,35,0.0,0.0,-0.0,41.6,0,,nan,nan,0.0
VSLXX,JPMorgan Trust IV - JPMorgan Securities Lending Money Market Fund,1.0,4,4,10,6,3,2,2,31,-10.0,26.0,Poor,🔥 COILED: Stay away,32,0.0,0.0,-0.0,48.1,0,,nan,nan,0.0
FIDXX,FIDXX,1.0,5,4,10,5,3,2,2,31,-10.0,26.0,Poor,🔥 COILED: Stay away,30,0.0,0.0,-0.1,43.0,0,,nan,nan,0.0
NZTCF,Spark New Zealand Ltd,1.15,19,6,4,2,6,4,5,46,-20.0,26.0,Poor,Stay away,36,8.5,4.5,3.6,58.3,0,,Communication Services,2192526848.0,0.0
PBSFY,ProSiebenSat1 Media AG,1.07,3,6,1,9,3,2,2,26,0.0,26.0,Poor,Stay away,18,9.2,-4.9,-4.9,39.1,1,,Communication Services,996434368.0,0.0
CEVIF,China Everbright Limited,0.78,1,4,1,8,3,7,2,26,0.0,26.0,Poor,Stay away,16,0.0,0.0,-13.6,0.0,1,,Financial Services,2966046720.0,0.0
FGSGF,Flat Glass Group Co. Ltd,1.2,5,3,10,6,3,4,2,33,-10.0,26.0,Poor,Stay away,25,0.0,0.0,-0.0,0.0,0,,Technology,2788911616.0,29.5
BTCS,BTCS Inc,1.5,15,4,8,16,5,3,5,56,-30,26,Poor,Stay away,40,38.9,36.4,24.6,76.5,3,,Financial Services,64707980.0,1398821.76
HSTXF,Heliostar Metals Ltd,1.71,16,4,7,14,7,3,5,56,-28.0,26.0,Poor,Stay away,49,11.0,14.8,14.3,74.1,3,,Basic Materials,393549024.0,248880.5
YADGF,Yadea Group Holdings Ltd,0.86,3,6,10,6,3,3,2,33,-10.0,26.0,Poor,Stay away,17,0.0,0.0,-0.8,39.0,0,,Consumer Cyclical,4584581632.0,100.94
LINRF,Liontown Resources Limited,0.83,6,5,3,9,0,4,2,29,-3.0,26.0,Poor,Stay away,15,-9.3,-3.6,-5.3,43.6,1,,Basic Materials,5118368768.0,14658.84
SURRY,Sun Art Retail Group Ltd ADR,1.37,17,6,11,10,3,3,5,55,-25.0,26.0,Poor,Stay away,31,13.2,13.2,11.4,81.3,3,,Consumer Cyclical,1510668800.0,0.0
BCCMY,BAIC Motor Corporation Limited,1.135,8,6,8,5,3,1,2,33,-10.0,26.0,Poor,Stay away,26,0.0,0.0,-0.4,24.8,0,,Consumer Cyclical,1242377344.0,150.35
CUBT,Curative Biotechnology Inc,0.95,5,4,3,8,2,2,2,26,-3.0,26.0,Poor,Stay away,39,5.5,-5.0,-7.6,45.3,1,,Healthcare,11870842.0,1599.37
REED,"Reed's, Inc.",1.065,9,9,4,7,4,4,5,42,-21.0,26.0,Poor,Stay away,25,-9.0,13.3,7.2,53.8,3,,Consumer Defensive,21105612.0,27132.96
BLUMY,Blue Moon Group Holdings Limited,1.85,17,7,3,5,1,2,4,39,-13.0,26.0,Poor,Stay away,46,3.6,3.6,3.4,78.1,1,,Consumer Defensive,2081780864.0,40.46
HSCS,Heart Test Laboratories Inc. Common Stock,3.0,18,8,5,10,9,3,5,58,-30,26,Poor,Stay away,63,40.8,46.3,24.6,68.6,3,,Healthcare,6401247.0,41394.27
VSTKF,VNV Global AB (publ),1.97,8,7,5,6,4,4,2,36,-13.0,26.0,Poor,Stay away,39,0.0,3.7,0.5,54.4,1,,Financial Services,254093104.0,467.68
PRPS,Propellus Inc,3.0,17,5,6,15,7,5,5,60,-30.0,26.0,Poor,Stay away,63,1.7,12.8,9.8,97.4,3,,Financial Services,17542234.0,761.0
PBMRY,Bumi Resources Tbk PT ADR,2.23,5,3,10,6,3,4,2,33,-10.0,26.0,Poor,Stay away,29,0.0,0.0,-0.0,8.5,0,,Energy,7370450432.0,33.51
FDCHF,Funding Circle Holdings plc,2.95,12,6,4,5,3,1,2,33,-12.0,26.0,Poor,🔥 COILED: Stay away,35,0.0,0.0,1.2,69.3,0,,Financial Services,619370624.0,248.0
EXSPF,Expert.ai S.p.A,1.83,9,6,9,6,3,3,2,38,-15.0,26.0,Poor,Stay away,31,0.0,0.0,-0.0,39.1,1,,Technology,227302176.0,422.85
BNC,CEA Industries Inc.,3.12,18,5,6,9,5,2,5,50,-22.0,26.0,Poor,Stay away,48,23.8,28.4,14.2,66.2,3,,Industrials,110242304.0,559724.98
GEODF,Geodrill Limited,2.03,15,12,3,12,5,2,5,54,-28.0,26.0,Poor,Stay away,35,13.4,13.4,6.7,59.4,3,,Basic Materials,103578608.0,29632.25
EVCO,EVCO,2.0,10,6,11,7,3,2,2,41,-18.0,26.0,Poor,Stay away,42,0.0,0.0,0.0,83.6,1,,Financial Services,9752008.0,1.67
IWGFF,IWG PLC,2.48,1,11,4,8,5,2,2,33,-7.0,26.0,Poor,Stay away,47,4.9,-1.5,-0.5,47.5,0,,Real Estate,2325319936.0,40534.73
THSGF,Thesis Gold Inc,2.69,16,6,7,14,3,4,5,55,-29.0,26.0,Poor,Stay away,58,8.5,14.0,9.7,66.5,3,,Basic Materials,689002880.0,67149.5
DDL,Dingdong (Cayman) Limited ADR,2.31,11,4,1,3,5,7,2,33,-10.0,26.0,Poor,Stay away,29,2.7,0.0,-1.1,48.8,0,,Consumer Defensive,546642816.0,1206900.83
OABI,OmniAb Inc.,4.66,18,4,6,9,7,7,5,56,-30,26,Poor,Stay away,66,18.9,37.9,32.9,89.0,3,,Healthcare,360256832.0,541242.26
AMBO,Ambow Education Holding Ltd,2.08,4,14,6,6,5,2,2,39,-11.0,26.0,Poor,Stay away,34,-0.5,6.1,-0.1,48.3,1,,Consumer Defensive,7179408.0,124148.93
LCMRF,La Comer S.A.B. de C.V,2.429,9,3,11,6,3,2,2,36,-13.0,26.0,Poor,Stay away,44,0.0,0.0,0.0,76.3,0,,Consumer Cyclical,nan,57.6
HKTVY,Hong Kong Television Network Ltd,2.6,9,5,5,4,4,4,5,36,-15.0,26.0,Poor,🔥 COILED: Stay away,33,0.0,0.0,0.4,51.5,1,,Consumer Cyclical,104870280.0,208.0
LTCEF,LTCEF,2.6,14,4,5,5,1,2,5,36,-10.0,26.0,Poor,Stay away,49,-3.7,6.1,2.0,56.9,0,,nan,nan,9393.46
PTXKY,XL Axiata Tbk PT ADR,2.9,15,5,2,4,3,5,5,39,-13.0,26.0,Poor,Stay away,30,7.0,7.0,3.0,55.3,1,,Communication Services,2839178496.0,7653.83
TSRYF,Treasury Wine Estates Ltd,4.35,17,2,7,15,6,4,5,56,-30.0,26.0,Poor,Stay away,50,-1.1,16.3,9.0,86.2,3,,Consumer Defensive,2503964672.0,1781.5
BMBL,Bumble Inc,2.84,6,14,7,3,7,2,2,41,-13.0,26.0,Poor,Stay away,27,4.4,2.2,0.6,49.6,2,,Communication Services,453522048.0,3347648.81
GUER,Guerrilla RF Inc.,4.2,18,4,7,14,7,1,5,56,-30,26,Poor,Stay away,66,7.1,14.1,15.0,77.4,3,,Technology,31099568.0,3710.27
LTNYX,Opnhmr Rchstr Ltd Tm Nw Yk Mncpl Fd A,2.77,6,7,5,6,3,4,2,33,-10.0,26.0,Poor,Stay away,24,0.4,-0.4,-0.2,39.5,0,,nan,0.0,0.0
NPSGF,Nippon Sheet Glass Company Limited,3.0,7,3,10,6,3,2,2,33,-10.0,26.0,Poor,Stay away,28,0.0,0.0,-0.0,0.0,0,,Consumer Cyclical,426847008.0,13.5
ZIP,Ziprecruiter Inc,4.35,9,7,4,13,5,0,3,41,-15.0,26.0,Poor,Stay away,53,-12.5,-11.6,-4.8,47.6,2,,Communication Services,270654880.0,1071787.11
RAY,Raytech Holding Limited Ordinary Shares,2.8,3,10,9,6,4,4,2,38,-13.0,26.0,Poor,Stay away,38,1.8,-1.4,-1.2,47.7,0,,Consumer Defensive,9790441.0,151732.9
QHUOD,Quhuo Limited,6.37,11,3,3,7,7,7,5,43,-15.0,26.0,Poor,Stay away,61,15.6,-43.7,-0.6,52.1,1,,Technology,9281347.0,79190.1
IMOPX,VOYA MIDCAP OPPORTUNITIES PORTFOLIO CLASS S2,2.82,3,7,2,8,3,1,3,27,-1.0,26.0,Poor,Stay away,18,-2.1,-2.8,-1.9,41.9,0,,nan,0.0,0.0
BYDIF,BYD Electronic (International) Company Limited,3.0,5,7,7,5,2,4,3,33,-10.0,26.0,Poor,Stay away,26,0.0,0.0,-1.0,48.1,0,,Technology,8535212032.0,4541.73
HNORF,Harvey Norman Holdings Ltd,3.72,5,6,8,5,3,4,2,33,-10.0,26.0,Poor,Stay away,40,0.0,0.0,-0.0,36.3,0,,Consumer Cyclical,4635144704.0,439.67
VUZI,Vuzix Corp Cmn Stk,2.74,11,5,3,9,2,0,5,35,-9.0,26.0,Poor,Stay away,22,-11.0,3.8,-0.7,50.2,1,,Technology,351759424.0,1910459.81
LIFFF,Li-FT Power Ltd,2.08,3,9,5,7,3,2,2,31,-5.0,26.0,Poor,Stay away,16,7.8,2.8,-4.7,39.7,2,,Basic Materials,339075264.0,8779.83
JRVR,James River Group Holdings Ltd,4.13,1,13,3,4,7,4,2,34,-6.0,26.0,Poor,Stay away,38,2.0,-1.5,-3.3,41.2,1,,Financial Services,184253872.0,293136.81
QBAK,Qualstar Corporation,3.2,14,7,4,12,3,1,5,46,-20.0,26.0,Poor,Stay away,24,6.7,48.8,11.2,60.0,3,,Industrials,15534596.0,3862.6
JIAXF,Jiangxi Copper Company Limited,4.5,6,4,8,6,4,0,3,31,-10.0,26.0,Poor,🔥 COILED: Stay away,40,-8.7,-8.7,-2.4,45.1,0,,Basic Materials,19419867136.0,0.0
XGN,Exagen Inc,7.6,17,5,7,14,5,3,5,56,-30,26,Poor,Stay away,63,15.3,12.3,14.6,71.0,3,,Healthcare,115725632.0,384473.45
NAKA,Nakamoto Inc.,7.16,18,4,7,14,7,3,5,58,-30,26,Poor,Stay away,51,42.9,43.2,27.7,79.1,3,,Financial Services,86314616.0,339220.03
VNCE,Vince Holding Corp. Common Stock,6.13,5,6,5,6,5,4,3,34,-8.0,26.0,Poor,Stay away,49,1.8,5.9,-1.6,48.1,0,,Consumer Cyclical,57684348.0,703016.92
PHK,PIMCO High Income Fund,4.56,2,12,3,2,6,5,2,32,-6.0,26.0,Poor,Stay away,33,0.2,-2.8,-0.9,41.5,1,,Financial Services,763023300.0,717239.82
NUVB,Nuvation Bio Inc,7.1,15,12,5,14,6,1,4,57,-29.0,26.0,Poor,Stay away,64,2.0,11.5,7.5,60.2,3,,Healthcare,1800204288.0,6238536.29
JQC,Nuveen Credit Strategies Income Closed Fund,4.77,3,12,4,3,3,4,3,32,-6.0,26.0,Poor,Stay away,38,0.2,-1.6,-0.2,46.8,1,,Financial Services,810943500.0,823801.43
WXM,WF International Limited Ordinary Shares,4.9,11,12,3,4,8,0,5,43,-15.0,26.0,Poor,Stay away,53,7.7,-38.0,9.6,54.9,1,,Industrials,428099.0,23376.7
SXTC,China SXT Pharmaceuticals Inc,3.58,17,4,4,9,3,0,5,42,-14.5,25.5,Poor,Stay away,52,-30.2,2.0,30.7,61.9,1,,Healthcare,6999186.0,104538.22
FAIXX,First American Funds Inc. - First American Institutional Prime Obligations Fund,1.0,12,6,11,6,6,2,2,45,-23.0,25.0,Poor,Stay away,42,0.0,0.0,0.0,99.9,0,,nan,nan,0.0
BUYXX,BUYXX,1.0,5,4,10,4,3,2,2,30,-10.0,25.0,Poor,🔥 COILED: Stay away,29,0.0,0.0,-0.0,42.7,0,,nan,nan,0.0
CAHXX,CAHXX,1.0,5,4,10,4,3,2,2,30,-10.0,25.0,Poor,🔥 COILED: Stay away,29,0.0,0.0,-0.0,42.7,0,,nan,nan,0.0
BVYXX,BVYXX,1.0,5,4,10,4,3,2,2,30,-10.0,25.0,Poor,🔥 COILED: Stay away,29,0.0,0.0,-0.0,42.7,0,,nan,nan,0.0
CAJXX,CAJXX,1.0,5,4,10,4,3,2,2,30,-10.0,25.0,Poor,🔥 COILED: Stay away,29,0.0,0.0,-0.0,42.7,0,,nan,nan,0.0
LDIXX,LDIXX,1.0,5,4,10,4,3,2,2,30,-10.0,25.0,Poor,🔥 COILED: Stay away,30,0.0,0.0,-0.0,44.1,0,,nan,nan,0.0
LEIXX,LEIXX,1.0,5,4,10,4,3,2,2,30,-10.0,25.0,Poor,🔥 COILED: Stay away,31,0.0,0.0,-0.0,44.4,0,,nan,nan,0.0
OPGXX,OPGXX,1.0,5,4,10,4,3,2,2,30,-10.0,25.0,Poor,🔥 COILED: Stay away,27,0.0,0.0,-0.0,42.8,0,,nan,nan,0.0
OPTXX,OPTXX,1.0,5,4,10,4,3,2,2,30,-10.0,25.0,Poor,🔥 COILED: Stay away,28,0.0,0.0,-0.0,42.8,0,,nan,nan,0.0
OPRXX,OPRXX,1.0,5,4,10,4,3,2,2,30,-10.0,25.0,Poor,🔥 COILED: Stay away,29,0.0,0.0,-0.0,42.9,0,,nan,nan,0.0
TSSXX,TSSXX,1.0,5,4,10,5,3,1,2,30,-10.0,25.0,Poor,🔥 COILED: Stay away,32,0.0,0.0,-0.2,44.0,0,,nan,nan,0.0
VTGXX,VTGXX,1.0,5,4,10,4,3,2,2,30,-10.0,25.0,Poor,🔥 COILED: Stay away,29,0.0,0.0,-0.0,42.7,0,,nan,nan,0.0
VTTXX,VTTXX,1.0,5,4,10,4,3,2,2,30,-10.0,25.0,Poor,🔥 COILED: Stay away,29,0.0,0.0,-0.0,46.2,0,,nan,nan,0.0
WMNXX,WMNXX,1.0,5,4,10,4,3,2,2,30,-10.0,25.0,Poor,🔥 COILED: Stay away,30,0.0,0.0,-0.1,43.2,0,,nan,nan,0.0
VTLXX,VTLXX,1.0,5,4,10,4,3,2,2,30,-10.0,25.0,Poor,🔥 COILED: Stay away,26,0.0,0.0,-0.0,42.9,0,,nan,nan,0.0
WOMXX,WOMXX,1.0,5,4,10,4,3,2,2,30,-10.0,25.0,Poor,🔥 COILED: Stay away,30,0.0,0.0,-0.1,43.1,0,,nan,nan,0.0
SVIVW,Spring Valley Acquisition Corp. IV Warrants,0.8,0,9,3,7,0,4,2,25,0.0,25.0,Poor,Stay away,0,-17.5,5.2,-8.2,46.2,0,,nan,nan,0.0
STEX,Streamex Corp,0.757,3,4,6,9,2,2,4,30,-5.0,25.0,Poor,Stay away,18,-2.6,-4.9,-6.4,45.3,1,,Financial Services,228279040.0,1471559.15
FTFT,Future Fintech Group Inc,0.681,1,8,2,9,3,0,2,25,2.0,25.0,Poor,Stay away,13,-15.9,-18.9,-17.5,39.0,1,,Technology,6282450.0,56459.87
FCHL,Fitness Champs Holdings Limited Common Stock,1.13,5,10,6,3,7,4,5,40,-13.0,25.0,Poor,Stay away,36,5.6,-5.0,-0.7,48.0,2,,Consumer Defensive,1780301.0,0.0
CLCHF,CLCHF,0.81,4,6,7,7,3,0,3,30,-5.0,25.0,Poor,Stay away,0,-6.5,1.2,-2.1,43.6,1,,Basic Materials,398180064.0,0.0
SDA,SunCar Technology Group Inc.,0.726,1,11,7,6,4,0,2,31,-6.0,25.0,Poor,Stay away,28,0.8,-9.4,-4.3,42.5,1,,Consumer Cyclical,140772912.0,418133.21
EZGO,EZGO Technologies Ltd,1.02,6,6,3,7,2,4,5,33,-8.0,25.0,Poor,Stay away,24,-1.9,-12.1,-4.4,46.1,1,,Consumer Cyclical,3504966.0,193985.04
KLTR,Kaltura Inc,1.53,11,4,2,12,3,2,4,38,-13.0,25.0,Poor,Stay away,43,-8.4,-6.1,-3.1,48.2,1,,Technology,218043376.0,597583.47
LNDAF,Línea Directa Aseguradora S.A,1.4,4,4,5,6,3,4,2,28,-8.0,25.0,Poor,🔥 COILED: Stay away,38,0.0,0.0,-0.0,46.3,0,,Financial Services,1522971904.0,459.24
KRNGF,Karoon Energy Ltd,1.301,16,9,12,4,4,5,5,55,-30,25,Poor,Stay away,46,14.1,14.1,13.3,82.4,3,,Energy,1030740288.0,0.0
RTMAF,Reitmans (Canada) Limited,1.51,18,4,3,14,6,5,5,55,-30,25,Poor,Stay away,46,14.4,14.4,10.0,87.7,3,,Consumer Cyclical,70181752.0,658.13
DLEXY,Datalex plc,1.55,8,4,10,6,3,2,2,35,-15.0,25.0,Poor,🔥 COILED: Stay away,38,0.0,0.0,-0.0,48.1,1,,Technology,145819168.0,11.9
VHUB,"VenHub Global, Inc.",0.8,7,10,10,11,4,1,5,48,-23.0,25.0,Poor,Stay away,40,19.4,26.3,6.1,52.2,4,,Consumer Defensive,159908768.0,0.0
HCWB,HCW Biologics Inc,2.6,4,12,4,4,8,2,3,37,-13.0,25.0,Poor,Stay away,54,22.1,-18.0,-5.1,45.9,2,,Healthcare,11672674.0,7049438.37
HDALF,Haidilao International Holding Ltd,1.49,3,13,7,5,4,2,2,36,-11.0,25.0,Poor,Stay away,26,-0.7,2.8,-1.8,46.9,0,,Consumer Cyclical,9823450112.0,0.0
DHY,Credit Suisse High Yield Bond Fund,1.73,4,13,6,6,3,3,2,37,-16.0,25.0,Poor,Stay away,32,0.6,-1.1,-0.3,47.9,0,,Financial Services,217378800.0,640456.26
GDHG,Golden Heaven Group Holdings Ltd. Ordinary Shares,1.31,6,11,8,0,4,2,2,33,-13.0,25.0,Poor,🔥 COILED: Stay away,23,3.1,-1.5,-1.9,46.9,1,,Consumer Cyclical,35456808.0,17585.79
BIAF,"bioAffinity Technologies, Inc.",5.19,17,4,6,9,3,6,5,50,-25,25,Poor,⚠️ EXHAUSTION RISK: Stay away,52,996.6,967.9,267.4,85.2,3,5,Healthcare,8525623.0,3672470.74
NRDE,Nu Ride Inc,1.7,8,8,5,10,3,4,2,40,-18.0,25.0,Poor,Stay away,35,0.0,9.7,-0.9,48.3,3,,Financial Services,28812370.0,17426.63
JELD,Jeld-Wen Holding Inc,2.4,16,4,7,15,5,3,5,55,-30,25,Poor,Stay away,58,30.4,27.0,25.1,75.6,3,,Industrials,160241456.0,1692933.17
SIEB,Siebert Financial Corp,2.08,16,6,5,15,3,2,5,52,-27.0,25.0,Poor,Stay away,45,2.0,23.8,10.3,69.0,3,,Financial Services,80653648.0,34031.42
DURCF,DURCF,1.89,6,3,10,5,3,3,2,32,-10.0,25.0,Poor,Stay away,42,0.0,0.0,-0.1,19.9,0,,Industrials,503412512.0,355.38
DRSHF,DroneShield Limited,1.49,4,12,5,2,3,4,5,35,-11.0,25.0,Poor,Stay away,24,10.9,-0.3,4.6,52.6,1,,Industrials,1948063104.0,275504.81
CNICF,China International Capital Corporation Limited,2.35,6,4,11,6,3,2,2,34,-12.0,25.0,Poor,Stay away,41,0.0,0.0,0.0,61.7,0,,Financial Services,11344053248.0,0.0
CCLD,"CareCloud, Inc.",2.41,7,5,5,8,1,4,3,33,-8.0,25.0,Poor,Stay away,27,-6.9,-1.2,-2.7,47.8,0,,Healthcare,99858424.0,499847.66
BHR,Braemar Hotel & Resorts Inc,2.05,4,9,4,2,2,7,2,30,-8.0,25.0,Poor,Stay away,24,0.0,2.0,-1.4,44.9,1,,Real Estate,183354640.0,441564.2
ZHAOF,Zhaojin Mining Industry Company Limited,2.06,5,4,10,5,3,1,2,30,-10.0,25.0,Poor,🔥 COILED: Stay away,0,0.0,0.0,-0.3,43.0,0,,Basic Materials,10485483520.0,0.0
EVO,Evotec SE ADR,1.89,3,6,7,10,2,2,2,32,-5.0,25.0,Poor,Stay away,10,-1.0,-10.0,-5.5,37.0,1,,Healthcare,1022906112.0,108848.66
GTM,ZoomInfo Technologies Inc.,3.86,9,3,4,9,5,0,5,35,-10.0,25.0,Poor,Stay away,29,1.0,-5.4,2.2,54.8,0,,Technology,919520256.0,7744625.18
TLSI,TriSalus Life Sciences Inc.,5.03,10,4,4,12,5,0,5,40,-15.0,25.0,Poor,Stay away,51,-6.9,-12.4,-1.3,51.3,1,,Healthcare,202674560.0,219849.27
HURRY,HÃ¼rriyet Gazetecilik ve Matbaacilik A.S.,3.0,8,4,10,6,3,2,2,35,-15.0,25.0,Poor,🔥 COILED: Stay away,37,0.0,0.0,-0.0,48.1,1,,Communication Services,88800000.0,16.8
SHKLF,Sinotruk (Hong Kong) Ltd,3.38,7,6,11,7,0,2,2,35,-13.0,25.0,Poor,Stay away,50,0.0,0.0,0.0,100.0,0,,Industrials,9750380544.0,9.5
FPAFY,First Pacific Company Ltd,3.36,8,6,4,5,5,1,2,31,-6.0,25.0,Poor,Stay away,30,-0.6,-3.2,-0.9,47.1,0,,Consumer Defensive,2812999168.0,49515.26
DAHSF,Dah Sing Financial Holdings Limited,3.34,5,4,10,4,3,2,2,30,-10.0,25.0,Poor,🔥 COILED: Stay away,32,0.0,0.0,0.0,50.0,0,,Financial Services,1067380800.0,0.52
CTNGY,Costain Group PLC,3.3,7,3,11,7,3,2,2,35,-13.0,25.0,Poor,Stay away,40,0.0,0.0,0.0,97.4,0,,Industrials,440679584.0,3.0
MLLUY,Metallurgical Corporation of China Ltd ADR,3.558,4,6,4,5,3,8,2,32,-10.0,25.0,Poor,Stay away,24,0.0,0.0,-0.1,28.4,0,,Industrials,3680521472.0,19.65
ITOR,Intorio Corp.,3.55,8,6,10,6,3,2,2,37,-15.0,25.0,Poor,Stay away,33,0.0,0.0,-0.0,29.4,1,,Consumer Defensive,192001744.0,17.25
LTRCF,The Lottery Corporation Limited,3.795,7,3,9,5,3,6,2,35,-13.0,25.0,Poor,Stay away,51,0.0,0.0,0.0,74.1,0,,Consumer Cyclical,8446803968.0,25.56
KSTOF,Kistos Holdings Plc,3.88,5,4,10,6,0,8,2,35,-15.0,25.0,Poor,🔥 COILED: Stay away,51,0.0,0.0,-0.0,49.9,1,,Energy,546491392.0,78.63
CLIR,ClearSign Combustion Corporation,4.7,19,7,3,11,7,3,5,55,-30,25,Poor,Stay away,51,0.6,12.7,9.1,60.9,4,,Industrials,26494968.0,41692.64
VIDA,VIDA Global Inc.,2.54,7,11,9,5,4,2,2,40,-13.0,25.0,Poor,Stay away,0,11.4,1.6,3.5,49.2,2,,Technology,109908336.0,0.0
BOSC,BOS Better Online Solutions,4.55,13,5,9,6,5,1,3,42,-20.0,25.0,Poor,🔥 COILED: Stay away,35,-1.3,1.1,0.5,53.3,0,,Technology,29679700.0,84689.73
PRDSF,Prada S.p.A,4.97,5,4,4,5,8,4,3,33,-8.0,25.0,Poor,Stay away,40,-4.4,-4.6,-1.3,46.8,0,,Consumer Cyclical,12319345664.0,0.0
VIVO,VivoPower PLC,4.17,8,7,5,9,0,0,5,34,-9.0,25.0,Poor,Stay away,43,-5.2,3.0,-2.1,48.1,1,,Technology,96376000.0,902311.69
NQCCX,NUVEEN NWQ LARGE-CAP VALUE FUND CLASS C,4.86,10,3,5,7,3,4,3,35,-13.0,25.0,Poor,Stay away,61,0.2,-0.6,0.3,55.4,0,,nan,0.0,0.0
CVHSY,Cablevisión Holding S.A,4.8,1,1,3,8,3,7,2,25,0.0,25.0,Poor,Stay away,42,0.0,-4.0,-2.0,4.8,0,,Communication Services,903212864.0,0.0
API,Agora Inc,4.12,3,4,3,11,0,0,4,25,0.0,25.0,Poor,Stay away,40,-7.4,-11.8,-4.3,44.4,0,,Technology,406684448.0,437501.02
DRDGF,Drdgold,2.95,20,4,5,9,3,5,5,51,-26.8,24.2,Broken,Avoid/exit,49,43.2,43.2,24.3,94.3,2,,Basic Materials,2177168128.0,0.0
PSSMF,PSSMF,1,2,4,10,6,3,2,2,29,-10.0,24.0,Broken,🔥 COILED: Avoid/exit,29,0.0,0.0,0.0,50.0,0,,Basic Materials,8239617536.0,20.0
LEXLF,Lexington Gold Ltd,1,2,4,10,6,3,2,2,29,-10.0,24.0,Broken,🔥 COILED: Avoid/exit,0,0.0,0.0,0.0,50.0,0,,Basic Materials,473861056.0,0.0
GLCP,GLCP,1,2,4,10,6,3,2,2,29,-10.0,24.0,Broken,🔥 COILED: Avoid/exit,30,0.0,0.0,0.0,50.0,0,,Industrials,154394752.0,45.0
DGNX,Diginex Limited Ordinary Shares,1.34,7,12,5,0,9,2,2,37,-11.0,24.0,Broken,Avoid/exit,44,8.1,-17.3,-1.8,49.1,2,,Industrials,32011034.0,397721.5
PSPX,PSPX,1,2,4,10,6,3,2,2,29,-10.0,24.0,Broken,🔥 COILED: Avoid/exit,30,0.0,0.0,0.0,50.0,0,,Consumer Cyclical,14375000.0,4.5
BMMAX,Blackrock Multi-Manager Alt Fund Cl A,1,2,4,10,6,3,2,2,29,-10.0,24.0,Broken,🔥 COILED: Avoid/exit,29,0.0,0.0,0.0,50.0,0,,Other,0.0,0.0
BMMCX,Blackrock Multi-Manager Alt Fund Cl C,1,2,4,10,6,3,2,2,29,-10.0,24.0,Broken,🔥 COILED: Avoid/exit,29,0.0,0.0,0.0,50.0,0,,Other,0.0,0.0
CPVPX,Columbia Leg Captl Preservation Port A,1,2,4,10,6,3,2,2,29,-10.0,24.0,Broken,🔥 COILED: Avoid/exit,29,0.0,0.0,0.0,50.0,0,,Other,0.0,0.0
FDRXX,Fidelity Govt Cash Rsrvs,1,2,4,10,6,3,2,2,29,-10.0,24.0,Broken,🔥 COILED: Avoid/exit,29,0.0,0.0,0.0,50.0,0,,nan,nan,0.0
IUGXX,Invesco Treasurers Series Trust - Invesco Premier U.S. Government Money Portfolio,1,2,4,10,6,3,2,2,29,-10.0,24.0,Broken,🔥 COILED: Avoid/exit,29,0.0,0.0,0.0,50.0,0,,Other,nan,0.0
VUSXX,Vanguard Treasury Money Market Fund,1,2,4,10,6,3,2,2,29,-10.0,24.0,Broken,🔥 COILED: Avoid/exit,29,0.0,0.0,0.0,50.0,0,,nan,nan,0.0
SPAXX,Fidelity® Government Money Market Fund,1,2,4,10,6,3,2,2,29,-10.0,24.0,Broken,🔥 COILED: Avoid/exit,0,0.0,0.0,0.0,50.0,0,,nan,nan,0.0
VMFXX,Vanguard Federal Money Market Fund Investor Shares,1,2,4,10,6,3,2,2,29,-10.0,24.0,Broken,🔥 COILED: Avoid/exit,29,0.0,0.0,0.0,50.0,0,,nan,nan,0.0
FGTXX,Goldman Sachs Financial Square Government Fund Institutional Shares,1,2,4,10,6,3,2,2,29,-10.0,24.0,Broken,🔥 COILED: Avoid/exit,29,0.0,0.0,0.0,50.0,0,,nan,nan,0.0
FTIXX,Goldman Sachs Financial Square Treasury Instruments Fund Institutional Shares,1,2,4,10,6,3,2,2,29,-10.0,24.0,Broken,🔥 COILED: Avoid/exit,29,0.0,0.0,0.0,50.0,0,,nan,nan,0.0
TFDXX,BlackRock Liquidity Funds FedFund Institutional Shares,1,2,4,10,6,3,2,2,29,-10.0,24.0,Broken,🔥 COILED: Avoid/exit,29,0.0,0.0,0.0,50.0,0,,nan,nan,0.0
AGPXX,Invesco Short-Term Investments Trust Government & Agency Portfolio Institutional,1,2,4,10,6,3,2,2,29,-10.0,24.0,Broken,🔥 COILED: Avoid/exit,29,0.0,0.0,0.0,50.0,0,,nan,nan,0.0
AALXX,Thrivent Money Market Fund Class S,1,2,4,10,6,3,2,2,29,-10.0,24.0,Broken,🔥 COILED: Avoid/exit,29,0.0,0.0,0.0,50.0,0,,nan,nan,0.0
MISXX,Morgan Stanley Institutional Liquidity Funds - Treasury Portfolio,1,2,4,10,6,3,2,2,29,-10.0,24.0,Broken,🔥 COILED: Avoid/exit,29,0.0,0.0,0.0,50.0,0,,nan,nan,0.0
DAPXX,Dreyfus Government Securities Cash Management Administrative Shares,1,2,4,10,6,3,2,2,29,-10.0,24.0,Broken,🔥 COILED: Avoid/exit,29,0.0,0.0,0.0,50.0,0,,nan,nan,0.0
MVRXX,Morgan Stanley Institutional Liquidity Funds -  Government Portfolio,1,2,4,10,6,3,2,2,29,-10.0,24.0,Broken,🔥 COILED: Avoid/exit,29,0.0,0.0,0.0,50.0,0,,nan,nan,0.0
FGXXX,First American Funds Inc. - Government Obligations Fund,1,2,4,10,6,3,2,2,29,-10.0,24.0,Broken,🔥 COILED: Avoid/exit,29,0.0,0.0,0.0,50.0,0,,nan,nan,0.0
FXFXX,First American Funds Inc. - Treasury Obligations Fund,1,2,4,10,6,3,2,2,29,-10.0,24.0,Broken,🔥 COILED: Avoid/exit,29,0.0,0.0,0.0,50.0,0,,nan,nan,0.0
GVMXX,State Street Master Funds - State Street U.S. Government Money Market Portfolio,1,2,4,10,6,3,2,2,29,-10.0,24.0,Broken,🔥 COILED: Avoid/exit,29,0.0,0.0,0.0,50.0,0,,nan,nan,0.0
DTRXX,Dreyfus Treasury Obligations Cash Management,1,2,4,10,6,3,2,2,29,-10.0,24.0,Broken,🔥 COILED: Avoid/exit,29,0.0,0.0,0.0,50.0,0,,nan,nan,0.0
TPIXX,State Street Institutional Investment Trust - State Street Institutional Treasury Plus Money Market,1,2,4,10,6,3,2,2,29,-10.0,24.0,Broken,🔥 COILED: Avoid/exit,29,0.0,0.0,0.0,50.0,0,,nan,nan,0.0
FRAXX,Goldman Sachs Trust - Goldman Sachs Financial Square Treasury Instruments Fund,1,2,4,10,6,3,2,2,29,-10.0,24.0,Broken,🔥 COILED: Avoid/exit,29,0.0,0.0,0.0,50.0,0,,nan,nan,0.0
FSIXX,Fidelity Colchester Street Trust - Treasury Only Portfolio,1,2,4,10,6,3,2,2,29,-10.0,24.0,Broken,🔥 COILED: Avoid/exit,29,0.0,0.0,0.0,50.0,0,,nan,nan,0.0
FIGXX,Fidelity Colchester Street Trust - Government Portfolio,1,2,4,10,6,3,2,2,29,-10.0,24.0,Broken,🔥 COILED: Avoid/exit,29,0.0,0.0,0.0,50.0,0,,nan,nan,0.0
TTTXX,BlackRock Liquidity Funds - Treasury Trust Fund,1,2,4,10,6,3,2,2,29,-10.0,24.0,Broken,🔥 COILED: Avoid/exit,29,0.0,0.0,0.0,50.0,0,,nan,nan,0.0
FMJXX,Goldman Sachs Investor Money Market Fund Class I,1,2,4,10,6,3,2,2,29,-10.0,24.0,Broken,🔥 COILED: Avoid/exit,29,0.0,0.0,0.0,50.0,0,,nan,nan,0.0
SWVXX,Schwab Value Advantage Money Fund,1,2,4,10,6,3,2,2,29,-10.0,24.0,Broken,🔥 COILED: Avoid/exit,29,0.0,0.0,0.0,50.0,0,,nan,nan,0.0
TSCXX,T. Rowe Price Cash Reserves Fund,1,2,4,10,6,3,2,2,29,-10.0,24.0,Broken,🔥 COILED: Avoid/exit,29,0.0,0.0,0.0,50.0,0,,nan,nan,0.0
SWGXX,Schwab Government Money Fund,1,2,4,10,6,3,2,2,29,-10.0,24.0,Broken,🔥 COILED: Avoid/exit,29,0.0,0.0,0.0,50.0,0,,nan,nan,0.0
MUSXX,MainStay U.S. Government Liquidity Fund Class I,1,2,4,10,6,3,2,2,29,-10.0,24.0,Broken,🔥 COILED: Avoid/exit,29,0.0,0.0,0.0,50.0,0,,nan,nan,0.0
DGCXX,Dreyfus Government Cash Management Fund,1,2,4,10,6,3,2,2,29,-10.0,24.0,Broken,🔥 COILED: Avoid/exit,29,0.0,0.0,0.0,50.0,0,,nan,nan,0.0
SAHXX,State Street Institutional U.S. Government Money Market Fund,1,2,4,10,6,3,2,2,29,-10.0,24.0,Broken,🔥 COILED: Avoid/exit,29,0.0,0.0,0.0,50.0,0,,nan,nan,0.0
TSTXX,BlackRock Liquidity Funds - T-Fund,1,2,4,10,6,3,2,2,29,-10.0,24.0,Broken,🔥 COILED: Avoid/exit,29,0.0,0.0,0.0,50.0,0,,nan,nan,0.0
INFXX,Institutional Fiduciary Trust Money Market Fund,1,2,4,10,6,3,2,2,29,-10.0,24.0,Broken,🔥 COILED: Avoid/exit,29,0.0,0.0,0.0,50.0,0,,nan,nan,0.0
ABZXX,American Funds U.S. Government Money Market Fund,1,2,4,10,6,3,2,2,29,-10.0,24.0,Broken,🔥 COILED: Avoid/exit,29,0.0,0.0,0.0,50.0,0,,nan,nan,0.0
AAOXX,American Beacon U.S. Government Money Market Select Fund,1,2,4,10,6,3,2,2,29,-10.0,24.0,Broken,🔥 COILED: Avoid/exit,29,0.0,0.0,0.0,50.0,0,,nan,nan,0.0
ACAXX,American Century Investment Trust - Prime Money Market Fund,1,2,4,10,6,3,2,2,29,-10.0,24.0,Broken,🔥 COILED: Avoid/exit,29,0.0,0.0,0.0,50.0,0,,nan,nan,0.0
ACXXX,AIM Investment Securities Funds (Invesco Investment Securities Funds) - Government Money Market Fund,1,2,4,10,6,3,2,2,29,-10.0,24.0,Broken,🔥 COILED: Avoid/exit,29,0.0,0.0,0.0,50.0,0,,nan,nan,0.0
ACNXX,AIM Investment Securities Funds (Invesco Investment Securities Funds) - Government Money Market Fund,1,2,4,10,6,3,2,2,29,-10.0,24.0,Broken,🔥 COILED: Avoid/exit,29,0.0,0.0,0.0,50.0,0,,nan,nan,0.0
ACZXX,AIM Investment Securities Funds (Invesco Investment Securities Funds) - Government Money Market Fund,1,2,4,10,6,3,2,2,29,-10.0,24.0,Broken,🔥 COILED: Avoid/exit,29,0.0,0.0,0.0,50.0,0,,nan,nan,0.0
ADAXX,AIM Investment Securities Funds (Invesco Investment Securities Funds) - Government Money Market Fund,1,2,4,10,6,3,2,2,29,-10.0,24.0,Broken,🔥 COILED: Avoid/exit,29,0.0,0.0,0.0,50.0,0,,nan,nan,0.0
AEAXX,AB Government Exchange Reserves,1,2,4,10,6,3,2,2,29,-10.0,24.0,Broken,🔥 COILED: Avoid/exit,29,0.0,0.0,0.0,50.0,0,,nan,nan,0.0
AECXX,AB Fixed-Income Shares Inc. - AB Government Money Market Portfolio,1,2,4,10,6,3,2,2,29,-10.0,24.0,Broken,🔥 COILED: Avoid/exit,29,0.0,0.0,0.0,50.0,0,,nan,nan,0.0
AEYXX,AB Government Exchange Reserves,1,2,4,10,6,3,2,2,29,-10.0,24.0,Broken,🔥 COILED: Avoid/exit,29,0.0,0.0,0.0,50.0,0,,nan,nan,0.0
AGHXX,American Century Investment Trust - Premium Money Market Fund,1,2,4,10,6,3,2,2,29,-10.0,24.0,Broken,🔥 COILED: Avoid/exit,29,0.0,0.0,0.0,50.0,0,,nan,nan,0.0
AGCXX,Short-Term Investment Trust - Invesco Government & Agency Portfolio,1,2,4,10,6,3,2,2,29,-10.0,24.0,Broken,🔥 COILED: Avoid/exit,29,0.0,0.0,0.0,50.0,0,,nan,nan,0.0
AGQXX,American Century Investment Trust - Premium Money Market Fund,1,2,4,10,6,3,2,2,29,-10.0,24.0,Broken,🔥 COILED: Avoid/exit,29,0.0,0.0,0.0,50.0,0,,nan,nan,0.0
AGRXX,AllianceBernstein Bond Fund - Government Reserves Portfolio Fund,1,2,4,10,6,3,2,2,29,-10.0,24.0,Broken,🔥 COILED: Avoid/exit,29,0.0,0.0,0.0,50.0,0,,nan,nan,0.0
AIEXX,AB Government Exchange Reserves,1,2,4,10,6,3,2,2,29,-10.0,24.0,Broken,🔥 COILED: Avoid/exit,29,0.0,0.0,0.0,50.0,0,,nan,nan,0.0
AIYXX,AIM Investment Securities Funds (Invesco Investment Securities Funds) - Government Money Market Fund,1,2,4,10,6,3,2,2,29,-10.0,24.0,Broken,🔥 COILED: Avoid/exit,29,0.0,0.0,0.0,50.0,0,,nan,nan,0.0
AIMXX,AIM Investment Securities Funds (Invesco Investment Securities Funds) - Government Money Market Fund,1,2,4,10,6,3,2,2,29,-10.0,24.0,Broken,🔥 COILED: Avoid/exit,29,0.0,0.0,0.0,50.0,0,,nan,nan,0.0
AMAXX,PIMCO Funds - PIMCO Government Money Market Fund,1,2,4,10,6,3,2,2,29,-10.0,24.0,Broken,🔥 COILED: Avoid/exit,29,0.0,0.0,0.0,50.0,0,,nan,nan,0.0
AMGXX,PIMCO Funds - PIMCO Government Money Market Fund,1,2,4,10,6,3,2,2,29,-10.0,24.0,Broken,🔥 COILED: Avoid/exit,29,0.0,0.0,0.0,50.0,0,,nan,nan,0.0
AMMXX,Thrivent Mutual Funds - Thrivent Money Market Fund,1,2,4,10,6,3,2,2,29,-10.0,24.0,Broken,🔥 COILED: Avoid/exit,29,0.0,0.0,0.0,50.0,0,,nan,nan,0.0
APCXX,Cavanal Hill Funds - Government Securities Money Market Fund,1,2,4,10,6,3,2,2,29,-10.0,24.0,Broken,🔥 COILED: Avoid/exit,29,0.0,0.0,0.0,50.0,0,,nan,nan,0.0
APGXX,Cavanal Hill Funds - U.S. Treasury Fund,1,2,4,10,6,3,2,2,29,-10.0,24.0,Broken,🔥 COILED: Avoid/exit,29,0.0,0.0,0.0,50.0,0,,nan,nan,0.0
APNXX,Cavanal Hill Funds - U.S. Treasury Fund,1,2,4,10,6,3,2,2,29,-10.0,24.0,Broken,🔥 COILED: Avoid/exit,29,0.0,0.0,0.0,50.0,0,,nan,nan,0.0
APHXX,Cavanal Hill Funds - Government Securities Money Market Fund,1,2,4,10,6,3,2,2,29,-10.0,24.0,Broken,🔥 COILED: Avoid/exit,29,0.0,0.0,0.0,50.0,0,,nan,nan,0.0
APKXX,Cavanal Hill Funds - U.S. Treasury Fund,1,2,4,10,6,3,2,2,29,-10.0,24.0,Broken,🔥 COILED: Avoid/exit,29,0.0,0.0,0.0,50.0,0,,nan,nan,0.0
APPXX,Cavanal Hill Funds - Government Securities Money Market Fund,1,2,4,10,6,3,2,2,29,-10.0,24.0,Broken,🔥 COILED: Avoid/exit,29,0.0,0.0,0.0,50.0,0,,nan,nan,0.0
ARCXX,American Century Investment Trust - Prime Money Market Fund,1,2,4,10,6,3,2,2,29,-10.0,24.0,Broken,🔥 COILED: Avoid/exit,29,0.0,0.0,0.0,50.0,0,,nan,nan,0.0
APSXX,Cavanal Hill Funds - Government Securities Money Market Fund,1,2,4,10,6,3,2,2,29,-10.0,24.0,Broken,🔥 COILED: Avoid/exit,29,0.0,0.0,0.0,50.0,0,,nan,nan,0.0
BBSXX,BBH Trust - BBH U.S. Government Money Market Fund,1,2,4,10,6,3,2,2,29,-10.0,24.0,Broken,🔥 COILED: Avoid/exit,29,0.0,0.0,0.0,50.0,0,,nan,nan,0.0
BCHXX,BlackRock Liquidity Funds - T-Fund,1,2,4,10,6,3,2,2,29,-10.0,24.0,Broken,🔥 COILED: Avoid/exit,29,0.0,0.0,0.0,50.0,0,,nan,nan,0.0
BECXX,BlackRock Liquidity Funds - Federal Trust Fund,1,2,4,10,6,3,2,2,29,-10.0,24.0,Broken,🔥 COILED: Avoid/exit,29,0.0,0.0,0.0,50.0,0,,nan,nan,0.0
BCTXX,American Century California Tax-Free and Municipal Funds - California Tax-Free Money Market Fund,1,2,4,10,6,3,2,2,29,-10.0,24.0,Broken,🔥 COILED: Avoid/exit,29,0.0,0.0,0.0,50.0,0,,nan,nan,0.0
BFMXX,BlackRock Liquidity Funds - Federal Trust Fund,1,2,4,10,6,3,2,2,29,-10.0,24.0,Broken,🔥 COILED: Avoid/exit,29,0.0,0.0,0.0,50.0,0,,nan,nan,0.0
BFFXX,BlackRock Liquidity Funds - FedFund,1,2,4,10,6,3,2,2,29,-10.0,24.0,Broken,🔥 COILED: Avoid/exit,29,0.0,0.0,0.0,50.0,0,,nan,nan,0.0
BFRXX,BlackRock Liquidity Funds - FedFund,1,2,4,10,6,3,2,2,29,-10.0,24.0,Broken,🔥 COILED: Avoid/exit,29,0.0,0.0,0.0,50.0,0,,nan,nan,0.0
BFTXX,BlackRock Liquidity Funds - Federal Trust Fund,1,2,4,10,6,3,2,2,29,-10.0,24.0,Broken,🔥 COILED: Avoid/exit,29,0.0,0.0,0.0,50.0,0,,nan,nan,0.0
BNGXX,Northern Institutional Funds - U.S. Government Portfolio,1,2,4,10,6,3,2,2,29,-10.0,24.0,Broken,🔥 COILED: Avoid/exit,29,0.0,0.0,0.0,50.0,0,,nan,nan,0.0
BMMIX,CollegeAdvantage 529 Savings Plan - BlackRock Money Market Option,1,2,4,10,6,3,2,2,29,-10.0,24.0,Broken,🔥 COILED: Avoid/exit,29,0.0,0.0,0.0,50.0,0,,nan,nan,0.0
BGSXX,Northern Institutional Funds - U.S. Government Select Portfolio,1,2,4,10,6,3,2,2,29,-10.0,24.0,Broken,🔥 COILED: Avoid/exit,29,0.0,0.0,0.0,50.0,0,,nan,nan,0.0
BNTXX,American Century Municipal Trust - Tax-Free Money Market Fund,1,2,4,10,6,3,2,2,29,-10.0,24.0,Broken,🔥 COILED: Avoid/exit,29,0.0,0.0,0.0,50.0,0,,nan,nan,0.0
BRIXX,Blackrock Funds III - Treasury Money Market Fund,1,2,4,10,6,3,2,2,29,-10.0,24.0,Broken,🔥 COILED: Avoid/exit,29,0.0,0.0,0.0,50.0,0,,nan,nan,0.0
BPRXX,American Century Investment Trust - Prime Money Market Fund,1,2,4,10,6,3,2,2,29,-10.0,24.0,Broken,🔥 COILED: Avoid/exit,29,0.0,0.0,0.0,50.0,0,,nan,nan,0.0
BTCXX,BlackRock Liquidity Funds - Treasury Trust Fund,1,2,4,10,6,3,2,2,29,-10.0,24.0,Broken,🔥 COILED: Avoid/exit,29,0.0,0.0,0.0,50.0,0,,nan,nan,0.0
BSCXX,Northern Institutional Funds - U.S. Government Select Portfolio,1,2,4,10,6,3,2,2,29,-10.0,24.0,Broken,🔥 COILED: Avoid/exit,29,0.0,0.0,0.0,50.0,0,,nan,nan,0.0
BTRXX,BlackRock Liquidity Funds - T-Fund,1,2,4,10,6,3,2,2,29,-10.0,24.0,Broken,🔥 COILED: Avoid/exit,29,0.0,0.0,0.0,50.0,0,,nan,nan,0.0
CACPX,Future Scholar 529 College Savings Plan - Conservative Portfolio,1,2,4,10,6,3,2,2,29,-10.0,24.0,Broken,🔥 COILED: Avoid/exit,29,0.0,0.0,0.0,50.0,0,,nan,nan,0.0
CACXX,Money Market Obligations Trust - Federated Hermes California Municipal Cash Trust,1,2,4,10,6,3,2,2,29,-10.0,24.0,Broken,🔥 COILED: Avoid/exit,29,0.0,0.0,0.0,50.0,0,,nan,nan,0.0
CAIXX,Money Market Obligations Trust - Federated Hermes California Municipal Cash Trust,1,2,4,10,6,3,2,2,29,-10.0,24.0,Broken,🔥 COILED: Avoid/exit,29,0.0,0.0,0.0,50.0,0,,nan,nan,0.0
CALXX,Money Market Obligations Trust - Federated Hermes California Municipal Cash Trust,1,2,4,10,6,3,2,2,29,-10.0,24.0,Broken,🔥 COILED: Avoid/exit,29,0.0,0.0,0.0,50.0,0,,nan,nan,0.0
CAGXX,Cash Account Trust - Government & Agency Securities Portfolio,1,2,4,10,6,3,2,2,29,-10.0,24.0,Broken,🔥 COILED: Avoid/exit,29,0.0,0.0,0.0,50.0,0,,nan,nan,0.0
CBDAX,Future Scholar 529 College Savings Plan - Columbia Bank Deposit 529 Portfolio,1,2,4,10,6,3,2,2,29,-10.0,24.0,Broken,🔥 COILED: Avoid/exit,29,0.0,0.0,0.0,50.0,0,,nan,nan,0.0
CBDCX,Future Scholar 529 College Savings Plan - Columbia Bank Deposit 529 Portfolio,1,2,4,10,6,3,2,2,29,-10.0,24.0,Broken,🔥 COILED: Avoid/exit,29,0.0,0.0,0.0,50.0,0,,nan,nan,0.0
CCCPX,Future Scholar 529 College Savings Plan - Conservative Portfolio,1,2,4,10,6,3,2,2,29,-10.0,24.0,Broken,🔥 COILED: Avoid/exit,29,0.0,0.0,0.0,50.0,0,,nan,nan,0.0
CBDEX,Future Scholar 529 College Savings Plan - Columbia Bank Deposit 529 Portfolio,1,2,4,10,6,3,2,2,29,-10.0,24.0,Broken,🔥 COILED: Avoid/exit,29,0.0,0.0,0.0,50.0,0,,nan,nan,0.0
CBDPX,Future Scholar 529 College Savings Plan - Columbia Bank Deposit 529 Portfolio,1,2,4,10,6,3,2,2,29,-10.0,24.0,Broken,🔥 COILED: Avoid/exit,29,0.0,0.0,0.0,50.0,0,,nan,nan,0.0
CCCXX,Money Market Obligations Trust - Federated Hermes California Municipal Cash Trust,1,2,4,10,6,3,2,2,29,-10.0,24.0,Broken,🔥 COILED: Avoid/exit,29,0.0,0.0,0.0,50.0,0,,nan,nan,0.0
CCSXX,Money Market Obligations Trust - Federated Hermes California Municipal Cash Trust,1,2,4,10,6,3,2,2,29,-10.0,24.0,Broken,🔥 COILED: Avoid/exit,29,0.0,0.0,0.0,50.0,0,,nan,nan,0.0
CEAXX,Citizensselect Funds - Dreyfus Institutional Preferred Treasury Securities Money Market Fund,1,2,4,10,6,3,2,2,29,-10.0,24.0,Broken,🔥 COILED: Avoid/exit,29,0.0,0.0,0.0,50.0,0,,nan,nan,0.0
CEIXX,Citizensselect Funds - Dreyfus Institutional Preferred Treasury Securities Money Market Fund,1,2,4,10,6,3,2,2,29,-10.0,24.0,Broken,🔥 COILED: Avoid/exit,29,0.0,0.0,0.0,50.0,0,,nan,nan,0.0
CECPX,Future Scholar 529 College Savings Plan - Conservative Portfolio,1,2,4,10,6,3,2,2,29,-10.0,24.0,Broken,🔥 COILED: Avoid/exit,29,0.0,0.0,0.0,50.0,0,,nan,nan,0.0
CIFXX,LeggMason Partners Institutional Trust - Western Asset Institutional Tax Free Reserves,1,2,4,10,6,3,2,2,29,-10.0,24.0,Broken,🔥 COILED: Avoid/exit,29,0.0,0.0,0.0,50.0,0,,nan,nan,0.0
CIIXX,Legg Mason Partners Institutional Trust - Western Asset Institutional U.S. Treasury Reserves,1,2,4,10,6,3,2,2,29,-10.0,24.0,Broken,🔥 COILED: Avoid/exit,29,0.0,0.0,0.0,50.0,0,,nan,nan,0.0
CNFXX,City National Rochdale Funds - City National Rochdale Government Money Market Fund,1,2,4,10,6,3,2,2,29,-10.0,24.0,Broken,🔥 COILED: Avoid/exit,29,0.0,0.0,0.0,50.0,0,,nan,nan,0.0
CNGXX,City National Rochdale Funds - City National Rochdale Government Money Market Fund,1,2,4,10,6,3,2,2,29,-10.0,24.0,Broken,🔥 COILED: Avoid/exit,29,0.0,0.0,0.0,50.0,0,,nan,nan,0.0
CNIXX,City National Rochdale Funds - City National Rochdale Government Money Market Fund,1,2,4,10,6,3,2,2,29,-10.0,24.0,Broken,🔥 COILED: Avoid/exit,29,0.0,0.0,0.0,50.0,0,,nan,nan,0.0
COSXX,Morgan Stanley Institutional Liquidity Funds -  Government Portfolio,1,2,4,10,6,3,2,2,29,-10.0,24.0,Broken,🔥 COILED: Avoid/exit,29,0.0,0.0,0.0,50.0,0,,nan,nan,0.0
CPFXX,American Century Government Income Trust - Capital Preservation Fund,1,2,4,10,6,3,2,2,29,-10.0,24.0,Broken,🔥 COILED: Avoid/exit,29,0.0,0.0,0.0,50.0,0,,nan,nan,0.0
CRJXX,MFS Series Trust I - MFS U.S. Government Cash Reserve Fund,1,2,4,10,6,3,2,2,29,-10.0,24.0,Broken,🔥 COILED: Avoid/exit,29,0.0,0.0,0.0,50.0,0,,nan,nan,0.0
CRHXX,MFS Series Trust I - MFS U.S. Government Cash Reserve Fund,1,2,4,10,6,3,2,2,29,-10.0,24.0,Broken,🔥 COILED: Avoid/exit,29,0.0,0.0,0.0,50.0,0,,nan,nan,0.0
CRRXX,MFS Series Trust I - MFS U.S. Government Cash Reserve Fund,1,2,4,10,6,3,2,2,29,-10.0,24.0,Broken,🔥 COILED: Avoid/exit,29,0.0,0.0,0.0,50.0,0,,nan,nan,0.0
CRMXX,MFS Series Trust I - MFS U.S. Government Cash Reserve Fund,1,2,4,10,6,3,2,2,29,-10.0,24.0,Broken,🔥 COILED: Avoid/exit,29,0.0,0.0,0.0,50.0,0,,nan,nan,0.0
CRKXX,MFS Series Trust I - MFS U.S. Government Cash Reserve Fund,1,2,4,10,6,3,2,2,29,-10.0,24.0,Broken,🔥 COILED: Avoid/exit,29,0.0,0.0,0.0,50.0,0,,nan,nan,0.0
CRVXX,MFS Series Trust I - MFS U.S. Government Cash Reserve Fund,1,2,4,10,6,3,2,2,29,-10.0,24.0,Broken,🔥 COILED: Avoid/exit,29,0.0,0.0,0.0,50.0,0,,nan,nan,0.0
DARXX,Dreyfus Treasury Securities Cash Management,1,2,4,10,6,3,2,2,29,-10.0,24.0,Broken,🔥 COILED: Avoid/exit,29,0.0,0.0,0.0,50.0,0,,nan,nan,0.0
DAGXX,Dreyfus Government Cash Management Fund,1,2,4,10,6,3,2,2,29,-10.0,24.0,Broken,🔥 COILED: Avoid/exit,29,0.0,0.0,0.0,50.0,0,,nan,nan,0.0
CVTXX,Short-Term Investment Trust - Invesco Treasury Portfolio,1,2,4,10,6,3,2,2,29,-10.0,24.0,Broken,🔥 COILED: Avoid/exit,29,0.0,0.0,0.0,50.0,0,,nan,nan,0.0
CVGXX,BofA Funds Series Trust - BofA Money Market Reserves,1,2,4,10,6,3,2,2,29,-10.0,24.0,Broken,🔥 COILED: Avoid/exit,29,0.0,0.0,0.0,50.0,0,,nan,nan,0.0
DCMXX,Cash Account Trust - Government & Agency Securities Portfolio,1,2,4,10,6,3,2,2,29,-10.0,24.0,Broken,🔥 COILED: Avoid/exit,29,0.0,0.0,0.0,50.0,0,,nan,nan,0.0
DBBXX,Cash Account Trust - Government & Agency Securities Portfolio,1,2,4,10,6,3,2,2,29,-10.0,24.0,Broken,🔥 COILED: Avoid/exit,29,0.0,0.0,0.0,50.0,0,,nan,nan,0.0
DGEXX,Morgan Stanley U.S Government Money Market Trust Fund,1,2,4,10,6,3,2,2,29,-10.0,24.0,Broken,🔥 COILED: Avoid/exit,29,0.0,0.0,0.0,50.0,0,,nan,nan,0.0
DGPXX,Dreyfus Government Cash Management Funds - Dreyfus Government Prime Cash Management,1,2,4,10,6,3,2,2,29,-10.0,24.0,Broken,🔥 COILED: Avoid/exit,29,0.0,0.0,0.0,50.0,0,,nan,nan,0.0
DGQXX,Dreyfus Government Cash Management Fund,1,2,4,10,6,3,2,2,29,-10.0,24.0,Broken,🔥 COILED: Avoid/exit,29,0.0,0.0,0.0,50.0,0,,nan,nan,0.0
DHLXX,Dreyfus Institutional Reserves Funds - Dreyfus Institutional Treasury and Agency Cash Advantage Fund,1,2,4,10,6,3,2,2,29,-10.0,24.0,Broken,🔥 COILED: Avoid/exit,29,0.0,0.0,0.0,50.0,0,,nan,nan,0.0
DGVXX,Dreyfus Government Cash Management Fund,1,2,4,10,6,3,2,2,29,-10.0,24.0,Broken,🔥 COILED: Avoid/exit,29,0.0,0.0,0.0,50.0,0,,nan,nan,0.0
DGUXX,Dreyfus Government Cash Management Fund,1,2,4,10,6,3,2,2,29,-10.0,24.0,Broken,🔥 COILED: Avoid/exit,29,0.0,0.0,0.0,50.0,0,,nan,nan,0.0
DNSXX,Dreyfus Institutional Reserves Funds - Dreyfus Institutional Treasury and Agency Cash Advantage Fund,1,2,4,10,6,3,2,2,29,-10.0,24.0,Broken,🔥 COILED: Avoid/exit,29,0.0,0.0,0.0,50.0,0,,nan,nan,0.0
DIPXX,Dreyfus Government Cash Management Funds - Dreyfus Government Prime Cash Management,1,2,4,10,6,3,2,2,29,-10.0,24.0,Broken,🔥 COILED: Avoid/exit,29,0.0,0.0,0.0,50.0,0,,nan,nan,0.0
DIRXX,Dreyfus Treasury Securities Cash Management,1,2,4,10,6,3,2,2,29,-10.0,24.0,Broken,🔥 COILED: Avoid/exit,29,0.0,0.0,0.0,50.0,0,,nan,nan,0.0
DOAXX,DWS Money Market Prime Series - DWS Cash Investment Trust,1,2,4,10,6,3,2,2,29,-10.0,24.0,Broken,🔥 COILED: Avoid/exit,29,0.0,0.0,0.0,50.0,0,,nan,nan,0.0
DOCXX,DWS Money Market Prime Series - DWS Cash Investment Trust,1,2,4,10,6,3,2,2,29,-10.0,24.0,Broken,🔥 COILED: Avoid/exit,29,0.0,0.0,0.0,50.0,0,,nan,nan,0.0
DOSXX,DWS Money Market Prime Series - DWS Cash Investment Trust,1,2,4,10,6,3,2,2,29,-10.0,24.0,Broken,🔥 COILED: Avoid/exit,29,0.0,0.0,0.0,50.0,0,,nan,nan,0.0
DPGXX,Dreyfus Government Cash Management Fund,1,2,4,10,6,3,2,2,29,-10.0,24.0,Broken,🔥 COILED: Avoid/exit,29,0.0,0.0,0.0,50.0,0,,nan,nan,0.0
DPRXX,Dreyfus Treasury Securities Cash Management,1,2,4,10,6,3,2,2,29,-10.0,24.0,Broken,🔥 COILED: Avoid/exit,29,0.0,0.0,0.0,50.0,0,,nan,nan,0.0
DSVXX,Dreyfus Institutional Reserves Funds - Dreyfus Institutional Preferred Government Money Market Fund,1,2,4,10,6,3,2,2,29,-10.0,24.0,Broken,🔥 COILED: Avoid/exit,29,0.0,0.0,0.0,50.0,0,,nan,nan,0.0
DSHXX,Dreyfus Institutional Reserves Funds - Dreyfus Institutional Preferred Government Money Market Fund,1,2,4,10,6,3,2,2,29,-10.0,24.0,Broken,🔥 COILED: Avoid/exit,29,0.0,0.0,0.0,50.0,0,,nan,nan,0.0
DTAXX,Dreyfus Treasury Obligations Cash Management,1,2,4,10,6,3,2,2,29,-10.0,24.0,Broken,🔥 COILED: Avoid/exit,29,0.0,0.0,0.0,50.0,0,,nan,nan,0.0
DTBXX,Cash Account Trust - DWS Tax-Exempt Portfolio,1,2,4,10,6,3,2,2,29,-10.0,24.0,Broken,🔥 COILED: Avoid/exit,29,0.0,0.0,0.0,50.0,0,,nan,nan,0.0
DTCXX,Cash Account Trust - DWS Tax-Exempt Portfolio,1,2,4,10,6,3,2,2,29,-10.0,24.0,Broken,🔥 COILED: Avoid/exit,29,0.0,0.0,0.0,50.0,0,,nan,nan,0.0
DTDXX,Cash Account Trust - DWS Tax-Exempt Portfolio,1,2,4,10,6,3,2,2,29,-10.0,24.0,Broken,🔥 COILED: Avoid/exit,29,0.0,0.0,0.0,50.0,0,,nan,nan,0.0
DTGXX,Cash Account Trust - Government & Agency Securities Portfolio,1,2,4,10,6,3,2,2,29,-10.0,24.0,Broken,🔥 COILED: Avoid/exit,29,0.0,0.0,0.0,50.0,0,,nan,nan,0.0
DTHXX,Dreyfus Treasury Securities Cash Management,1,2,4,10,6,3,2,2,29,-10.0,24.0,Broken,🔥 COILED: Avoid/exit,29,0.0,0.0,0.0,50.0,0,,nan,nan,0.0
DTKXX,Dreyfus Treasury Obligations Cash Management,1,2,4,10,6,3,2,2,29,-10.0,24.0,Broken,🔥 COILED: Avoid/exit,29,0.0,0.0,0.0,50.0,0,,nan,nan,0.0
DTLXX,Dreyfus Institutional Liquidity Funds - Dreyfus Treasury and Agency Liquidity Money Market Fund,1,2,4,10,6,3,2,2,29,-10.0,24.0,Broken,🔥 COILED: Avoid/exit,29,0.0,0.0,0.0,50.0,0,,nan,nan,0.0
DTNXX,Dreyfus Treasury Obligations Cash Management,1,2,4,10,6,3,2,2,29,-10.0,24.0,Broken,🔥 COILED: Avoid/exit,29,0.0,0.0,0.0,50.0,0,,nan,nan,0.0
DTPXX,Dreyfus Treasury Obligations Cash Management,1,2,4,10,6,3,2,2,29,-10.0,24.0,Broken,🔥 COILED: Avoid/exit,29,0.0,0.0,0.0,50.0,0,,nan,nan,0.0
DTVXX,Dreyfus Treasury Obligations Cash Management,1,2,4,10,6,3,2,2,29,-10.0,24.0,Broken,🔥 COILED: Avoid/exit,29,0.0,0.0,0.0,50.0,0,,nan,nan,0.0
DVPXX,Dreyfus Government Cash Management Funds - Dreyfus Government Prime Cash Management,1,2,4,10,6,3,2,2,29,-10.0,24.0,Broken,🔥 COILED: Avoid/exit,29,0.0,0.0,0.0,50.0,0,,nan,nan,0.0
DVRXX,Dreyfus Treasury Securities Cash Management,1,2,4,10,6,3,2,2,29,-10.0,24.0,Broken,🔥 COILED: Avoid/exit,29,0.0,0.0,0.0,50.0,0,,nan,nan,0.0
DWGXX,Morgan Stanley U.S Government Money Market Trust Fund,1,2,4,10,6,3,2,2,29,-10.0,24.0,Broken,🔥 COILED: Avoid/exit,29,0.0,0.0,0.0,50.0,0,,nan,nan,0.0
ELMXX,Elfun Government Money Market Fund,1,2,4,10,6,3,2,2,29,-10.0,24.0,Broken,🔥 COILED: Avoid/exit,29,0.0,0.0,0.0,50.0,0,,nan,nan,0.0
FAAXX,First American Funds Inc. - Government Obligations Fund,1,2,4,10,6,3,2,2,29,-10.0,24.0,Broken,🔥 COILED: Avoid/exit,29,0.0,0.0,0.0,50.0,0,,nan,nan,0.0
FAPXX,First American Funds Inc. - Retail Prime Obligations Fund,1,2,4,10,6,3,2,2,29,-10.0,24.0,Broken,🔥 COILED: Avoid/exit,29,0.0,0.0,0.0,50.0,0,,nan,nan,0.0
FCEXX,Fidelity Colchester Street Trust - Treasury Portfolio,1,2,4,10,6,3,2,2,29,-10.0,24.0,Broken,🔥 COILED: Avoid/exit,29,0.0,0.0,0.0,50.0,0,,nan,nan,0.0
FATXX,First American Funds Inc. - Treasury Obligations Fund,1,2,4,10,6,3,2,2,29,-10.0,24.0,Broken,🔥 COILED: Avoid/exit,29,0.0,0.0,0.0,50.0,0,,nan,nan,0.0
FCGXX,Fidelity Colchester Street Trust - Government Portfolio,1,2,4,10,6,3,2,2,29,-10.0,24.0,Broken,🔥 COILED: Avoid/exit,29,0.0,0.0,0.0,50.0,0,,nan,nan,0.0
FCIXX,Fidelity Colchester Street Trust - Money Market Portfolio,1,2,4,10,6,3,2,2,29,-10.0,24.0,Broken,🔥 COILED: Avoid/exit,29,0.0,0.0,0.0,50.0,0,,nan,nan,0.0
FCVXX,Fidelity Colchester Street Trust - Government Portfolio,1,2,4,10,6,3,2,2,29,-10.0,24.0,Broken,🔥 COILED: Avoid/exit,29,0.0,0.0,0.0,50.0,0,,nan,nan,0.0
FCOXX,Fidelity Colchester Street Trust - Money Market Portfolio,1,2,4,10,6,3,2,2,29,-10.0,24.0,Broken,🔥 COILED: Avoid/exit,29,0.0,0.0,0.0,50.0,0,,nan,nan,0.0
FCSXX,Fidelity Colchester Street Trust - Treasury Portfolio,1,2,4,10,6,3,2,2,29,-10.0,24.0,Broken,🔥 COILED: Avoid/exit,29,0.0,0.0,0.0,50.0,0,,nan,nan,0.0
FDCXX,Fidelity Newbury Street Trust - Treasury Fund,1,2,4,10,6,3,2,2,29,-10.0,24.0,Broken,🔥 COILED: Avoid/exit,29,0.0,0.0,0.0,50.0,0,,nan,nan,0.0
FCYXX,Goldman Sachs Trust - Investor Tax-Exempt Money Market Fund,1,2,4,10,6,3,2,2,29,-10.0,24.0,Broken,🔥 COILED: Avoid/exit,29,0.0,0.0,0.0,50.0,0,,nan,nan,0.0
FDEXX,Fidelity Newbury Street Trust - Tax-Exempt Fund,1,2,4,10,6,3,2,2,29,-10.0,24.0,Broken,🔥 COILED: Avoid/exit,29,0.0,0.0,0.0,50.0,0,,nan,nan,0.0
FDLXX,Fidelity Hereford Street Trust - Fidelity Treasury Only Money Market Fund,1,2,4,10,6,3,2,2,29,-10.0,24.0,Broken,🔥 COILED: Avoid/exit,29,0.0,0.0,0.0,50.0,0,,nan,nan,0.0
FDUXX,Fidelity Newbury Street Trust - Treasury Fund,1,2,4,10,6,3,2,2,29,-10.0,24.0,Broken,🔥 COILED: Avoid/exit,29,0.0,0.0,0.0,50.0,0,,nan,nan,0.0
FEAXX,Goldman Sachs Trust - Goldman Sachs Investor Tax-Exempt Money Market Fund,1,2,4,10,6,3,2,2,29,-10.0,24.0,Broken,🔥 COILED: Avoid/exit,29,0.0,0.0,0.0,50.0,0,,nan,nan,0.0
FEDXX,Goldman Sachs Trust - Goldman Sachs Financial Square Federal Fund,1,2,4,10,6,3,2,2,29,-10.0,24.0,Broken,🔥 COILED: Avoid/exit,29,0.0,0.0,0.0,50.0,0,,nan,nan,0.0
FERXX,Fidelity Newbury Street Trust - Tax-Exempt Fund,1,2,4,10,6,3,2,2,29,-10.0,24.0,Broken,🔥 COILED: Avoid/exit,29,0.0,0.0,0.0,50.0,0,,nan,nan,0.0
FEIXX,First American Funds Inc. - Retail Prime Obligations Fund,1,2,4,10,6,3,2,2,29,-10.0,24.0,Broken,🔥 COILED: Avoid/exit,29,0.0,0.0,0.0,50.0,0,,nan,nan,0.0
FESXX,Goldman Sachs Trust - Goldman Sachs Investor Tax-Exempt Money Market Fund,1,2,4,10,6,3,2,2,29,-10.0,24.0,Broken,🔥 COILED: Avoid/exit,29,0.0,0.0,0.0,50.0,0,,nan,nan,0.0
FEXXX,Fidelity Colchester Street Trust - Tax-Exempt Portfolio,1,2,4,10,6,3,2,2,29,-10.0,24.0,Broken,🔥 COILED: Avoid/exit,29,0.0,0.0,0.0,50.0,0,,nan,nan,0.0
FETXX,Fidelity Colchester Street Trust - Tax-Exempt Portfolio,1,2,4,10,6,3,2,2,29,-10.0,24.0,Broken,🔥 COILED: Avoid/exit,29,0.0,0.0,0.0,50.0,0,,nan,nan,0.0
FFCXX,First American Funds Inc. - Retail Tax Free Obligations Fund,1,2,4,10,6,3,2,2,29,-10.0,24.0,Broken,🔥 COILED: Avoid/exit,29,0.0,0.0,0.0,50.0,0,,nan,nan,0.0
FFTXX,Money Market Obligations Trust - Federated Institutional Tax-Free Cash Trust,1,2,4,10,6,3,2,2,29,-10.0,24.0,Broken,🔥 COILED: Avoid/exit,29,0.0,0.0,0.0,50.0,0,,nan,nan,0.0
FGAXX,Goldman Sachs Trust - Goldman Sachs Financial Square Treasury Obligations Fund,1,2,4,10,6,3,2,2,29,-10.0,24.0,Broken,🔥 COILED: Avoid/exit,29,0.0,0.0,0.0,50.0,0,,nan,nan,0.0
FGEXX,Fidelity Colchester Street Trust - Government Portfolio,1,2,4,10,6,3,2,2,29,-10.0,24.0,Broken,🔥 COILED: Avoid/exit,29,0.0,0.0,0.0,50.0,0,,nan,nan,0.0
FGDXX,First American Funds Inc. - Government Obligations Fund,1,2,4,10,6,3,2,2,29,-10.0,24.0,Broken,🔥 COILED: Avoid/exit,29,0.0,0.0,0.0,50.0,0,,nan,nan,0.0
FGGXX,Goldman Sachs Trust - Goldman Sachs Financial Square Government Fund,1,2,4,10,6,3,2,2,29,-10.0,24.0,Broken,🔥 COILED: Avoid/exit,29,0.0,0.0,0.0,50.0,0,,nan,nan,0.0
FGNXX,Fidelity Salem Street Trust - Government Money Market Fund,1,2,4,10,6,3,2,2,29,-10.0,24.0,Broken,🔥 COILED: Avoid/exit,29,0.0,0.0,0.0,50.0,0,,nan,nan,0.0
FGUXX,First American Funds Inc. - Government Obligations Fund,1,2,4,10,6,3,2,2,29,-10.0,24.0,Broken,🔥 COILED: Avoid/exit,29,0.0,0.0,0.0,50.0,0,,nan,nan,0.0
FGVXX,First American Funds Inc. - Government Obligations Fund,1,2,4,10,6,3,2,2,29,-10.0,24.0,Broken,🔥 COILED: Avoid/exit,29,0.0,0.0,0.0,50.0,0,,nan,nan,0.0
FGZXX,First American Funds Inc. - Government Obligations Fund,1,2,4,10,6,3,2,2,29,-10.0,24.0,Broken,🔥 COILED: Avoid/exit,29,0.0,0.0,0.0,50.0,0,,nan,nan,0.0
FHIXX,First American Funds Inc. - Retail Tax Free Obligations Fund,1,2,4,10,6,3,2,2,29,-10.0,24.0,Broken,🔥 COILED: Avoid/exit,29,0.0,0.0,0.0,50.0,0,,nan,nan,0.0
FHMXX,Goldman Sachs Trust - Investor Money Market Fund,1,2,4,10,6,3,2,2,29,-10.0,24.0,Broken,🔥 COILED: Avoid/exit,29,0.0,0.0,0.0,50.0,0,,nan,nan,0.0
FIHXX,Goldman Sachs Trust - Goldman Sachs Financial Square Federal Fund,1,2,4,10,6,3,2,2,29,-10.0,24.0,Broken,🔥 COILED: Avoid/exit,29,0.0,0.0,0.0,50.0,0,,nan,nan,0.0
FHSXX,Goldman Sachs Trust - Investor Money Market Fund,1,2,4,10,6,3,2,2,29,-10.0,24.0,Broken,🔥 COILED: Avoid/exit,29,0.0,0.0,0.0,50.0,0,,nan,nan,0.0
FIKXX,Goldman Sachs Trust - Goldman Sachs Financial Square Federal Fund,1,2,4,10,6,3,2,2,29,-10.0,24.0,Broken,🔥 COILED: Avoid/exit,29,0.0,0.0,0.0,50.0,0,,nan,nan,0.0
FILXX,Goldman Sachs Trust - Goldman Sachs Financial Square Federal Fund,1,2,4,10,6,3,2,2,29,-10.0,24.0,Broken,🔥 COILED: Avoid/exit,29,0.0,0.0,0.0,50.0,0,,nan,nan,0.0
FIOXX,Goldman Sachs Trust - Goldman Sachs Financial Square Federal Fund,1,2,4,10,6,3,2,2,29,-10.0,24.0,Broken,🔥 COILED: Avoid/exit,29,0.0,0.0,0.0,50.0,0,,nan,nan,0.0
FIRXX,Goldman Sachs Trust - Goldman Sachs Financial Square Federal Fund,1,2,4,10,6,3,2,2,29,-10.0,24.0,Broken,🔥 COILED: Avoid/exit,29,0.0,0.0,0.0,50.0,0,,nan,nan,0.0
FIWXX,Goldman Sachs Trust - Goldman Sachs Financial Square Federal Fund,1,2,4,10,6,3,2,2,29,-10.0,24.0,Broken,🔥 COILED: Avoid/exit,29,0.0,0.0,0.0,50.0,0,,nan,nan,0.0
FLIXX,First American Funds Inc. - Treasury Obligations Fund,1,2,4,10,6,3,2,2,29,-10.0,24.0,Broken,🔥 COILED: Avoid/exit,29,0.0,0.0,0.0,50.0,0,,nan,nan,0.0
FKIXX,Goldman Sachs Trust - Investor Tax-Exempt Money Market Fund,1,2,4,10,6,3,2,2,29,-10.0,24.0,Broken,🔥 COILED: Avoid/exit,29,0.0,0.0,0.0,50.0,0,,nan,nan,0.0
FMAXX,Fidelity Massachusetts Municipal Trust - Fidelity Massachusetts AMT Tax-Free Money Market Fund,1,2,4,10,6,3,2,2,29,-10.0,24.0,Broken,🔥 COILED: Avoid/exit,29,0.0,0.0,0.0,50.0,0,,nan,nan,0.0
FLPXX,Meeder Funds - Institutional Prime Money Market Fund,1,2,4,10,6,3,2,2,29,-10.0,24.0,Broken,🔥 COILED: Avoid/exit,29,0.0,0.0,0.0,50.0,0,,nan,nan,0.0
FMGXX,Goldman Sachs Trust - Investor Money Market Fund,1,2,4,10,6,3,2,2,29,-10.0,24.0,Broken,🔥 COILED: Avoid/exit,29,0.0,0.0,0.0,50.0,0,,nan,nan,0.0
FMEXX,Goldman Sachs Trust - Investor Money Market Fund,1,2,4,10,6,3,2,2,29,-10.0,24.0,Broken,🔥 COILED: Avoid/exit,29,0.0,0.0,0.0,50.0,0,,nan,nan,0.0
FMFXX,Franklin U.S. Government Money Fund,1,2,4,10,6,3,2,2,29,-10.0,24.0,Broken,🔥 COILED: Avoid/exit,29,0.0,0.0,0.0,50.0,0,,nan,nan,0.0
FMKXX,Goldman Sachs Trust - Investor Money Market Fund,1,2,4,10,6,3,2,2,29,-10.0,24.0,Broken,🔥 COILED: Avoid/exit,29,0.0,0.0,0.0,50.0,0,,nan,nan,0.0
FMOXX,Fidelity Newbury Street Trust - Tax-Exempt Fund,1,2,4,10,6,3,2,2,29,-10.0,24.0,Broken,🔥 COILED: Avoid/exit,29,0.0,0.0,0.0,50.0,0,,nan,nan,0.0
FMPXX,Fidelity Colchester Street Trust - Money Market Portfolio,1,2,4,10,6,3,2,2,29,-10.0,24.0,Broken,🔥 COILED: Avoid/exit,29,0.0,0.0,0.0,50.0,0,,nan,nan,0.0
FMSXX,Fidelity Massachusetts Municipal Trust - Fidelity Massachusetts AMT Tax-Free Money Market Fund,1,2,4,10,6,3,2,2,29,-10.0,24.0,Broken,🔥 COILED: Avoid/exit,29,0.0,0.0,0.0,50.0,0,,nan,nan,0.0
FMYXX,Fidelity Colchester Street Trust - Money Market Portfolio,1,2,4,10,6,3,2,2,29,-10.0,24.0,Broken,🔥 COILED: Avoid/exit,29,0.0,0.0,0.0,50.0,0,,nan,nan,0.0
FMQXX,Fidelity Salem Street Trust - Fidelity SAI Municipal Money Market Fund,1,2,4,10,6,3,2,2,29,-10.0,24.0,Broken,🔥 COILED: Avoid/exit,29,0.0,0.0,0.0,50.0,0,,nan,nan,0.0
FNCXX,Money Market Obligations Trust - Federated New York Municipal Cash Trust,1,2,4,10,6,3,2,2,29,-10.0,24.0,Broken,🔥 COILED: Avoid/exit,29,0.0,0.0,0.0,50.0,0,,nan,nan,0.0
FNTXX,Money Market Obligations Trust - Federated New York Municipal Cash Trust,1,2,4,10,6,3,2,2,29,-10.0,24.0,Broken,🔥 COILED: Avoid/exit,29,0.0,0.0,0.0,50.0,0,,nan,nan,0.0
FOAXX,Goldman Sachs Trust - Goldman Sachs Financial Square Government Fund,1,2,4,10,6,3,2,2,29,-10.0,24.0,Broken,🔥 COILED: Avoid/exit,29,0.0,0.0,0.0,50.0,0,,nan,nan,0.0
FNKXX,Fidelity New York Municipal Trust II - Fidelity New York AMT Tax-Free Money Market Fund,1,2,4,10,6,3,2,2,29,-10.0,24.0,Broken,🔥 COILED: Avoid/exit,29,0.0,0.0,0.0,50.0,0,,nan,nan,0.0
FNDXX,Federated Private Liquidity Funds-Prime Private Liquidity Fund,1,2,4,10,6,3,2,2,29,-10.0,24.0,Broken,🔥 COILED: Avoid/exit,29,0.0,0.0,0.0,50.0,0,,nan,nan,0.0
FOEXX,First American Funds Inc. - U.S. Treasury Money Market Fund,1,2,4,10,6,3,2,2,29,-10.0,24.0,Broken,🔥 COILED: Avoid/exit,29,0.0,0.0,0.0,50.0,0,,nan,nan,0.0
FOIXX,Fidelity Colchester Street Trust - Treasury Only Portfolio,1,2,4,10,6,3,2,2,29,-10.0,24.0,Broken,🔥 COILED: Avoid/exit,29,0.0,0.0,0.0,50.0,0,,nan,nan,0.0
FODXX,First American Funds Inc. - U.S. Treasury Money Market Fund,1,2,4,10,6,3,2,2,29,-10.0,24.0,Broken,🔥 COILED: Avoid/exit,29,0.0,0.0,0.0,50.0,0,,nan,nan,0.0
FOCXX,First American Funds Inc. - Treasury Obligations Fund,1,2,4,10,6,3,2,2,29,-10.0,24.0,Broken,🔥 COILED: Avoid/exit,29,0.0,0.0,0.0,50.0,0,,nan,nan,0.0
FOXXX,Fidelity Colchester Street Trust - Treasury Only Portfolio,1,2,4,10,6,3,2,2,29,-10.0,24.0,Broken,🔥 COILED: Avoid/exit,29,0.0,0.0,0.0,50.0,0,,nan,nan,0.0
FOPXX,Fidelity Colchester Street Trust - Treasury Only Portfolio,1,2,4,10,6,3,2,2,29,-10.0,24.0,Broken,🔥 COILED: Avoid/exit,29,0.0,0.0,0.0,50.0,0,,nan,nan,0.0
FOSXX,Goldman Sachs Trust - Goldman Sachs Financial Square Government Fund,1,2,4,10,6,3,2,2,29,-10.0,24.0,Broken,🔥 COILED: Avoid/exit,29,0.0,0.0,0.0,50.0,0,,nan,nan,0.0
FOZXX,First American Funds Inc. - U.S. Treasury Money Market Fund,1,2,4,10,6,3,2,2,29,-10.0,24.0,Broken,🔥 COILED: Avoid/exit,29,0.0,0.0,0.0,50.0,0,,nan,nan,0.0
FOYXX,First American Funds Inc. - U.S. Treasury Money Market Fund,1,2,4,10,6,3,2,2,29,-10.0,24.0,Broken,🔥 COILED: Avoid/exit,29,0.0,0.0,0.0,50.0,0,,nan,nan,0.0
FPPXX,First American Funds Inc. - Government Obligations Fund,1,2,4,10,6,3,2,2,29,-10.0,24.0,Broken,🔥 COILED: Avoid/exit,29,0.0,0.0,0.0,50.0,0,,nan,nan,0.0
FPIXX,First American Funds Inc. - First American Institutional Prime Obligations Fund,1.0,5,3,10,6,3,2,2,31,-10.0,24.0,Broken,Avoid/exit,32,0.0,0.0,-0.0,0.0,0,,nan,nan,0.0
FPUXX,First American Funds Inc. - Retail Prime Obligations Fund,1,2,4,10,6,3,2,2,29,-10.0,24.0,Broken,🔥 COILED: Avoid/exit,29,0.0,0.0,0.0,50.0,0,,nan,nan,0.0
FRBXX,Fidelity Colchester Street Trust - Treasury Portfolio,1,2,4,10,6,3,2,2,29,-10.0,24.0,Broken,🔥 COILED: Avoid/exit,29,0.0,0.0,0.0,50.0,0,,nan,nan,0.0
FRFXX,Money Market Obligations Trust - Federated Hermes Capital Reserve Fund,1,2,4,10,6,3,2,2,29,-10.0,24.0,Broken,🔥 COILED: Avoid/exit,29,0.0,0.0,0.0,50.0,0,,nan,nan,0.0
FRQXX,Franklin U.S. Government Money Fund,1,2,4,10,6,3,2,2,29,-10.0,24.0,Broken,🔥 COILED: Avoid/exit,29,0.0,0.0,0.0,50.0,0,,nan,nan,0.0
FRRXX,Franklin U.S. Government Money Fund,1,2,4,10,6,3,2,2,29,-10.0,24.0,Broken,🔥 COILED: Avoid/exit,29,0.0,0.0,0.0,50.0,0,,nan,nan,0.0
FRSXX,Fidelity Colchester Street Trust - Treasury Only Portfolio,1,2,4,10,6,3,2,2,29,-10.0,24.0,Broken,🔥 COILED: Avoid/exit,29,0.0,0.0,0.0,50.0,0,,nan,nan,0.0
FSBXX,Fidelity California Municipal Trust II - Fidelity California AMT Tax-Free Money Market Fund,1,2,4,10,6,3,2,2,29,-10.0,24.0,Broken,🔥 COILED: Avoid/exit,29,0.0,0.0,0.0,50.0,0,,nan,nan,0.0
FSGXX,Goldman Sachs Trust - Goldman Sachs Financial Square Government Fund,1,2,4,10,6,3,2,2,29,-10.0,24.0,Broken,🔥 COILED: Avoid/exit,29,0.0,0.0,0.0,50.0,0,,nan,nan,0.0
FSJXX,Fidelity Court Street Trust II - Fidelity New Jersey AMT Tax-Free Money Market Fund,1,2,4,10,6,3,2,2,29,-10.0,24.0,Broken,🔥 COILED: Avoid/exit,29,0.0,0.0,0.0,50.0,0,,nan,nan,0.0
FSNXX,Fidelity New York Municipal Trust II - Fidelity New York AMT Tax-Free Money Market Fund,1,2,4,10,6,3,2,2,29,-10.0,24.0,Broken,🔥 COILED: Avoid/exit,29,0.0,0.0,0.0,50.0,0,,nan,nan,0.0
FSOXX,Goldman Sachs Trust - Goldman Sachs Financial Square Government Fund,1,2,4,10,6,3,2,2,29,-10.0,24.0,Broken,🔥 COILED: Avoid/exit,29,0.0,0.0,0.0,50.0,0,,nan,nan,0.0
FSKXX,Fidelity Court Street Trust II - Fidelity New Jersey AMT Tax-Free Money Market Fund,1,2,4,10,6,3,2,2,29,-10.0,24.0,Broken,🔥 COILED: Avoid/exit,29,0.0,0.0,0.0,50.0,0,,nan,nan,0.0
FSXXX,Fidelity Colchester Street Trust - Tax-Exempt Portfolio,1,2,4,10,6,3,2,2,29,-10.0,24.0,Broken,🔥 COILED: Avoid/exit,29,0.0,0.0,0.0,50.0,0,,nan,nan,0.0
FSRXX,Fidelity Newbury Street Trust - Treasury Fund,1,2,4,10,6,3,2,2,29,-10.0,24.0,Broken,🔥 COILED: Avoid/exit,29,0.0,0.0,0.0,50.0,0,,nan,nan,0.0
FTAXX,First American Funds Inc. - Retail Tax Free Obligations Fund,1,2,4,10,6,3,2,2,29,-10.0,24.0,Broken,🔥 COILED: Avoid/exit,29,0.0,0.0,0.0,50.0,0,,nan,nan,0.0
FTDXX,First American Funds Inc. - Treasury Obligations Fund,1,2,4,10,6,3,2,2,29,-10.0,24.0,Broken,🔥 COILED: Avoid/exit,29,0.0,0.0,0.0,50.0,0,,nan,nan,0.0
FTCXX,Fidelity Colchester Street Trust - Tax-Exempt Portfolio,1,2,4,10,6,3,2,2,29,-10.0,24.0,Broken,🔥 COILED: Avoid/exit,29,0.0,0.0,0.0,50.0,0,,nan,nan,0.0
FTGXX,First American Funds Inc. - Government Obligations Fund,1,2,4,10,6,3,2,2,29,-10.0,24.0,Broken,🔥 COILED: Avoid/exit,29,0.0,0.0,0.0,50.0,0,,nan,nan,0.0
FTFXX,Money Market Obligations Trust - Federated Institutional Tax-Free Cash Trust,1,2,4,10,6,3,2,2,29,-10.0,24.0,Broken,🔥 COILED: Avoid/exit,29,0.0,0.0,0.0,50.0,0,,nan,nan,0.0
FTOXX,Goldman Sachs Trust - Goldman Sachs Financial Square Treasury Obligations Fund,1,2,4,10,6,3,2,2,29,-10.0,24.0,Broken,🔥 COILED: Avoid/exit,29,0.0,0.0,0.0,50.0,0,,nan,nan,0.0
FTJXX,First American Funds Inc. - Retail Tax Free Obligations Fund,1,2,4,10,6,3,2,2,29,-10.0,24.0,Broken,🔥 COILED: Avoid/exit,29,0.0,0.0,0.0,50.0,0,,nan,nan,0.0
FTQXX,Franklin U.S. Government Money Fund,1,2,4,10,6,3,2,2,29,-10.0,24.0,Broken,🔥 COILED: Avoid/exit,29,0.0,0.0,0.0,50.0,0,,nan,nan,0.0
FTKXX,First American Funds Inc. - U.S. Treasury Money Market Fund,1,2,4,10,6,3,2,2,29,-10.0,24.0,Broken,🔥 COILED: Avoid/exit,29,0.0,0.0,0.0,50.0,0,,nan,nan,0.0
FTVXX,Fidelity Colchester Street Trust - Treasury Portfolio,1,2,4,10,6,3,2,2,29,-10.0,24.0,Broken,🔥 COILED: Avoid/exit,29,0.0,0.0,0.0,50.0,0,,nan,nan,0.0
FTUXX,Fidelity Colchester Street Trust - Treasury Portfolio,1,2,4,10,6,3,2,2,29,-10.0,24.0,Broken,🔥 COILED: Avoid/exit,29,0.0,0.0,0.0,50.0,0,,nan,nan,0.0
FTXXX,Goldman Sachs Trust - Goldman Sachs Investor Tax-Exempt Money Market Fund,1,2,4,10,6,3,2,2,29,-10.0,24.0,Broken,🔥 COILED: Avoid/exit,29,0.0,0.0,0.0,50.0,0,,nan,nan,0.0
FTTXX,Fifth Third Funds - Fifth Third US Treasury Money Market Fund,1,2,4,10,6,3,2,2,29,-10.0,24.0,Broken,🔥 COILED: Avoid/exit,29,0.0,0.0,0.0,50.0,0,,nan,nan,0.0
FTYXX,Fidelity Colchester Street Trust - Treasury Only Portfolio,1,2,4,10,6,3,2,2,29,-10.0,24.0,Broken,🔥 COILED: Avoid/exit,29,0.0,0.0,0.0,50.0,0,,nan,nan,0.0
FUGXX,Invesco Treasurers Series Trust - Invesco Premier U.S. Government Money Portfolio,1,2,4,10,6,3,2,2,29,-10.0,24.0,Broken,🔥 COILED: Avoid/exit,29,0.0,0.0,0.0,50.0,0,,nan,nan,0.0
FTZXX,First American Funds Inc. - Retail Tax Free Obligations Fund,1,2,4,10,6,3,2,2,29,-10.0,24.0,Broken,🔥 COILED: Avoid/exit,29,0.0,0.0,0.0,50.0,0,,nan,nan,0.0
FUIXX,First American Funds Inc. - U.S. Treasury Money Market Fund,1,2,4,10,6,3,2,2,29,-10.0,24.0,Broken,🔥 COILED: Avoid/exit,29,0.0,0.0,0.0,50.0,0,,nan,nan,0.0
FUZXX,First American Funds Inc. - Treasury Obligations Fund,1,2,4,10,6,3,2,2,29,-10.0,24.0,Broken,🔥 COILED: Avoid/exit,29,0.0,0.0,0.0,50.0,0,,nan,nan,0.0
FVAXX,Goldman Sachs Trust - Goldman Sachs Financial Square Federal Fund,1,2,4,10,6,3,2,2,29,-10.0,24.0,Broken,🔥 COILED: Avoid/exit,29,0.0,0.0,0.0,50.0,0,,nan,nan,0.0
FUPXX,First American Funds Inc. - Treasury Obligations Fund,1,2,4,10,6,3,2,2,29,-10.0,24.0,Broken,🔥 COILED: Avoid/exit,29,0.0,0.0,0.0,50.0,0,,nan,nan,0.0
FVIXX,First American Funds Inc. - Government Obligations Fund,1,2,4,10,6,3,2,2,29,-10.0,24.0,Broken,🔥 COILED: Avoid/exit,29,0.0,0.0,0.0,50.0,0,,nan,nan,0.0
FVSXX,Goldman Sachs Trust - Goldman Sachs Financial Square Federal Fund,1,2,4,10,6,3,2,2,29,-10.0,24.0,Broken,🔥 COILED: Avoid/exit,29,0.0,0.0,0.0,50.0,0,,nan,nan,0.0
FYAXX,Goldman Sachs Trust - Goldman Sachs Financial Square Treasury Obligations Fund,1,2,4,10,6,3,2,2,29,-10.0,24.0,Broken,🔥 COILED: Avoid/exit,29,0.0,0.0,0.0,50.0,0,,nan,nan,0.0
FXRXX,First American Funds Inc. - U.S. Treasury Money Market Fund,1,2,4,10,6,3,2,2,29,-10.0,24.0,Broken,🔥 COILED: Avoid/exit,29,0.0,0.0,0.0,50.0,0,,nan,nan,0.0
FYRXX,First American Funds Inc. - Retail Prime Obligations Fund,1,2,4,10,6,3,2,2,29,-10.0,24.0,Broken,🔥 COILED: Avoid/exit,29,0.0,0.0,0.0,50.0,0,,nan,nan,0.0
FZBXX,Fidelity Hereford Street Trust - Fidelity Government Money Market Fund,1,2,4,10,6,3,2,2,29,-10.0,24.0,Broken,🔥 COILED: Avoid/exit,29,0.0,0.0,0.0,50.0,0,,nan,nan,0.0
FZAXX,Fidelity Hereford Street Trust - Fidelity Government Money Market Fund,1,2,4,10,6,3,2,2,29,-10.0,24.0,Broken,🔥 COILED: Avoid/exit,29,0.0,0.0,0.0,50.0,0,,nan,nan,0.0
FYSXX,Goldman Sachs Trust - Goldman Sachs Financial Square Treasury Instruments Fund,1,2,4,10,6,3,2,2,29,-10.0,24.0,Broken,🔥 COILED: Avoid/exit,29,0.0,0.0,0.0,50.0,0,,nan,nan,0.0
FZEXX,Fidelity Newbury Street Trust - Tax-Exempt Fund,1,2,4,10,6,3,2,2,29,-10.0,24.0,Broken,🔥 COILED: Avoid/exit,29,0.0,0.0,0.0,50.0,0,,nan,nan,0.0
FZGXX,Fidelity Hereford Street Trust - Fidelity Government Money Market Fund,1,2,4,10,6,3,2,2,29,-10.0,24.0,Broken,🔥 COILED: Avoid/exit,29,0.0,0.0,0.0,50.0,0,,nan,nan,0.0
FZFXX,Fidelity Newbury Street Trust - Treasury Fund,1,2,4,10,6,3,2,2,29,-10.0,24.0,Broken,🔥 COILED: Avoid/exit,29,0.0,0.0,0.0,50.0,0,,nan,nan,0.0
FZRXX,First American Funds Inc. - Retail Prime Obligations Fund,1,2,4,10,6,3,2,2,29,-10.0,24.0,Broken,🔥 COILED: Avoid/exit,29,0.0,0.0,0.0,50.0,0,,nan,nan,0.0
GABXX,The Gabelli Money Market Funds - The Gabelli U.S. Treasury Money Market Fund,1,2,4,10,6,3,2,2,29,-10.0,24.0,Broken,🔥 COILED: Avoid/exit,29,0.0,0.0,0.0,50.0,0,,nan,nan,0.0
GBAXX,The Gabelli Money Market Funds - The Gabelli U.S. Treasury Money Market Fund,1,2,4,10,6,3,2,2,29,-10.0,24.0,Broken,🔥 COILED: Avoid/exit,29,0.0,0.0,0.0,50.0,0,,nan,nan,0.0
GBCXX,The Gabelli Money Market Funds - The Gabelli U.S. Treasury Money Market Fund,1,2,4,10,6,3,2,2,29,-10.0,24.0,Broken,🔥 COILED: Avoid/exit,29,0.0,0.0,0.0,50.0,0,,nan,nan,0.0
GCFXX,Goldman Sachs Trust - Goldman Sachs Financial Square Federal Fund,1,2,4,10,6,3,2,2,29,-10.0,24.0,Broken,🔥 COILED: Avoid/exit,29,0.0,0.0,0.0,50.0,0,,nan,nan,0.0
GCIXX,Goldman Sachs Trust - Goldman Sachs Financial Square Treasury Instruments Fund,1,2,4,10,6,3,2,2,29,-10.0,24.0,Broken,🔥 COILED: Avoid/exit,29,0.0,0.0,0.0,50.0,0,,nan,nan,0.0
GCGXX,Goldman Sachs Trust - Goldman Sachs Financial Square Government Fund,1,2,4,10,6,3,2,2,29,-10.0,24.0,Broken,🔥 COILED: Avoid/exit,29,0.0,0.0,0.0,50.0,0,,nan,nan,0.0
GCTXX,Goldman Sachs Trust - Goldman Sachs Financial Square Treasury Obligations Fund,1,2,4,10,6,3,2,2,29,-10.0,24.0,Broken,🔥 COILED: Avoid/exit,29,0.0,0.0,0.0,50.0,0,,nan,nan,0.0
GFAXX,SEI Daily Income Trust - Government Fund,1,2,4,10,6,3,2,2,29,-10.0,24.0,Broken,🔥 COILED: Avoid/exit,29,0.0,0.0,0.0,50.0,0,,nan,nan,0.0
GICXX,Goldman Sachs Trust - Goldman Sachs Financial Square Treasury Instruments Fund,1,2,4,10,6,3,2,2,29,-10.0,24.0,Broken,🔥 COILED: Avoid/exit,29,0.0,0.0,0.0,50.0,0,,nan,nan,0.0
GFCXX,Goldman Sachs Trust - Goldman Sachs Financial Square Federal Fund,1,2,4,10,6,3,2,2,29,-10.0,24.0,Broken,🔥 COILED: Avoid/exit,29,0.0,0.0,0.0,50.0,0,,nan,nan,0.0
GFPXX,Goldman Sachs Trust - Goldman Sachs Financial Square Federal Fund,1,2,4,10,6,3,2,2,29,-10.0,24.0,Broken,🔥 COILED: Avoid/exit,29,0.0,0.0,0.0,50.0,0,,nan,nan,0.0
GGPXX,Goldman Sachs Trust - Goldman Sachs Financial Square Government Fund,1,2,4,10,6,3,2,2,29,-10.0,24.0,Broken,🔥 COILED: Avoid/exit,29,0.0,0.0,0.0,50.0,0,,nan,nan,0.0
GIPXX,Goldman Sachs Trust - Goldman Sachs Financial Square Treasury Instruments Fund,1,2,4,10,6,3,2,2,29,-10.0,24.0,Broken,🔥 COILED: Avoid/exit,29,0.0,0.0,0.0,50.0,0,,nan,nan,0.0
GMBXX,General Money Market Fund Inc.,1,2,4,10,6,3,2,2,29,-10.0,24.0,Broken,🔥 COILED: Avoid/exit,29,0.0,0.0,0.0,50.0,0,,nan,nan,0.0
GMCXX,AIM Investment Secs Fds (Invesco Invt Secs Fds) - Invesco U.S. Government Money Portfolio,1,2,4,10,6,3,2,2,29,-10.0,24.0,Broken,🔥 COILED: Avoid/exit,29,0.0,0.0,0.0,50.0,0,,nan,nan,0.0
GMGXX,General Money Market Fund Inc.,1,2,4,10,6,3,2,2,29,-10.0,24.0,Broken,🔥 COILED: Avoid/exit,29,0.0,0.0,0.0,50.0,0,,nan,nan,0.0
GMLXX,AIM Investment Secs Fds (Invesco Invt Secs Fds) - Invesco U.S. Government Money Portfolio,1,2,4,10,6,3,2,2,29,-10.0,24.0,Broken,🔥 COILED: Avoid/exit,29,0.0,0.0,0.0,50.0,0,,nan,nan,0.0
GMIXX,Nationwide Mutual Funds - Nationwide Money Market Fund,1,2,4,10,6,3,2,2,29,-10.0,24.0,Broken,🔥 COILED: Avoid/exit,29,0.0,0.0,0.0,50.0,0,,nan,nan,0.0
GMMXX,General Money Market Fund Inc.,1,2,4,10,6,3,2,2,29,-10.0,24.0,Broken,🔥 COILED: Avoid/exit,29,0.0,0.0,0.0,50.0,0,,nan,nan,0.0
GMOXX,AB Fixed-Income Shares Inc. - AB Government Money Market Portfolio,1,2,4,10,6,3,2,2,29,-10.0,24.0,Broken,🔥 COILED: Avoid/exit,29,0.0,0.0,0.0,50.0,0,,nan,nan,0.0
GMQXX,AIM Investment Secs Fds (Invesco Invt Secs Fds) - Invesco U.S. Government Money Portfolio,1,2,4,10,6,3,2,2,29,-10.0,24.0,Broken,🔥 COILED: Avoid/exit,29,0.0,0.0,0.0,50.0,0,,nan,nan,0.0
GMYXX,GuideStone Funds - Money Market Fund,1,2,4,10,6,3,2,2,29,-10.0,24.0,Broken,🔥 COILED: Avoid/exit,29,0.0,0.0,0.0,50.0,0,,nan,nan,0.0
GMRXX,AIM Investment Secs Fds (Invesco Invt Secs Fds) - Invesco U.S. Government Money Portfolio,1,2,4,10,6,3,2,2,29,-10.0,24.0,Broken,🔥 COILED: Avoid/exit,29,0.0,0.0,0.0,50.0,0,,nan,nan,0.0
GMZXX,GuideStone Funds - Money Market Fund,1,2,4,10,6,3,2,2,29,-10.0,24.0,Broken,🔥 COILED: Avoid/exit,29,0.0,0.0,0.0,50.0,0,,nan,nan,0.0
GOIXX,Federated Hermes Govt Obl IS,1,2,4,10,6,3,2,2,29,-10.0,24.0,Broken,🔥 COILED: Avoid/exit,29,0.0,0.0,0.0,50.0,0,,nan,nan,0.0
GOAXX,Money Market Obligations Trust - Federated Hermes Government Obligations Tax-Managed Fund,1,2,4,10,6,3,2,2,29,-10.0,24.0,Broken,🔥 COILED: Avoid/exit,29,0.0,0.0,0.0,50.0,0,,nan,nan,0.0
GOFXX,Money Market Obligations Trust - Federated Government Obligations Fund,1,2,4,10,6,3,2,2,29,-10.0,24.0,Broken,🔥 COILED: Avoid/exit,29,0.0,0.0,0.0,50.0,0,,nan,nan,0.0
GOTXX,Money Market Obligations Trust - Federated Hermes Government Obligations Tax-Managed Fund,1,2,4,10,6,3,2,2,29,-10.0,24.0,Broken,🔥 COILED: Avoid/exit,29,0.0,0.0,0.0,50.0,0,,nan,nan,0.0
GOVXX,Money Market Obligations Trust - Federated Government Obligations Fund,1,2,4,10,6,3,2,2,29,-10.0,24.0,Broken,🔥 COILED: Avoid/exit,29,0.0,0.0,0.0,50.0,0,,nan,nan,0.0
GPFXX,Goldman Sachs Trust - Goldman Sachs Financial Square Federal Fund,1,2,4,10,6,3,2,2,29,-10.0,24.0,Broken,🔥 COILED: Avoid/exit,29,0.0,0.0,0.0,50.0,0,,nan,nan,0.0
GPIXX,Goldman Sachs Trust - Goldman Sachs Financial Square Treasury Instruments Fund,1,2,4,10,6,3,2,2,29,-10.0,24.0,Broken,🔥 COILED: Avoid/exit,29,0.0,0.0,0.0,50.0,0,,nan,nan,0.0
GPGXX,Goldman Sachs Trust - Goldman Sachs Financial Square Government Fund,1,2,4,10,6,3,2,2,29,-10.0,24.0,Broken,🔥 COILED: Avoid/exit,29,0.0,0.0,0.0,50.0,0,,nan,nan,0.0
GPOXX,Goldman Sachs Trust - Goldman Sachs Financial Square Treasury Obligations Fund,1,2,4,10,6,3,2,2,29,-10.0,24.0,Broken,🔥 COILED: Avoid/exit,29,0.0,0.0,0.0,50.0,0,,nan,nan,0.0
GPTXX,Goldman Sachs Trust - Goldman Sachs Investor Tax-Exempt Money Market Fund,1,2,4,10,6,3,2,2,29,-10.0,24.0,Broken,🔥 COILED: Avoid/exit,29,0.0,0.0,0.0,50.0,0,,nan,nan,0.0
GRAXX,Money Market Obligations Trust - Federated Hermes Government Reserves Fund,1,2,4,10,6,3,2,2,29,-10.0,24.0,Broken,🔥 COILED: Avoid/exit,29,0.0,0.0,0.0,50.0,0,,nan,nan,0.0
GPVXX,Short-Term Investment Trust - Invesco Government & Agency Portfolio,1,2,4,10,6,3,2,2,29,-10.0,24.0,Broken,🔥 COILED: Avoid/exit,29,0.0,0.0,0.0,50.0,0,,nan,nan,0.0
GRCXX,Money Market Obligations Trust - Federated Hermes Government Reserves Fund,1,2,4,10,6,3,2,2,29,-10.0,24.0,Broken,🔥 COILED: Avoid/exit,29,0.0,0.0,0.0,50.0,0,,nan,nan,0.0
GRGXX,Money Market Obligations Trust - Federated Hermes Government Reserves Fund,1,2,4,10,6,3,2,2,29,-10.0,24.0,Broken,🔥 COILED: Avoid/exit,29,0.0,0.0,0.0,50.0,0,,nan,nan,0.0
GRFXX,Money Market Obligations Trust - Federated Hermes Government Reserves Fund,1,2,4,10,6,3,2,2,29,-10.0,24.0,Broken,🔥 COILED: Avoid/exit,29,0.0,0.0,0.0,50.0,0,,nan,nan,0.0
GSGXX,Goldman Sachs Trust - Goldman Sachs Financial Square Government Fund,1,2,4,10,6,3,2,2,29,-10.0,24.0,Broken,🔥 COILED: Avoid/exit,29,0.0,0.0,0.0,50.0,0,,nan,nan,0.0
GSFXX,Goldman Sachs Trust - Goldman Sachs Financial Square Federal Fund,1,2,4,10,6,3,2,2,29,-10.0,24.0,Broken,🔥 COILED: Avoid/exit,29,0.0,0.0,0.0,50.0,0,,nan,nan,0.0
GSIXX,Goldman Sachs Trust - Goldman Sachs Financial Square Treasury Instruments Fund,1,2,4,10,6,3,2,2,29,-10.0,24.0,Broken,🔥 COILED: Avoid/exit,29,0.0,0.0,0.0,50.0,0,,nan,nan,0.0
GTOXX,Goldman Sachs Trust - Goldman Sachs Financial Square Treasury Obligations Fund,1,2,4,10,6,3,2,2,29,-10.0,24.0,Broken,🔥 COILED: Avoid/exit,29,0.0,0.0,0.0,50.0,0,,nan,nan,0.0
GSOXX,Goldman Sachs Trust - Goldman Sachs Financial Square Treasury Obligations Fund,1,2,4,10,6,3,2,2,29,-10.0,24.0,Broken,🔥 COILED: Avoid/exit,29,0.0,0.0,0.0,50.0,0,,nan,nan,0.0
GTPXX,Goldman Sachs Trust - Goldman Sachs Financial Square Treasury Obligations Fund,1,2,4,10,6,3,2,2,29,-10.0,24.0,Broken,🔥 COILED: Avoid/exit,29,0.0,0.0,0.0,50.0,0,,nan,nan,0.0
GTSXX,Money Market Obligations Trust - Federated Hermes Government Obligations Tax-Managed Fund,1,2,4,10,6,3,2,2,29,-10.0,24.0,Broken,🔥 COILED: Avoid/exit,29,0.0,0.0,0.0,50.0,0,,nan,nan,0.0
GTRXX,Goldman Sachs Trust - Goldman Sachs Financial Square Treasury Obligations Fund,1,2,4,10,6,3,2,2,29,-10.0,24.0,Broken,🔥 COILED: Avoid/exit,29,0.0,0.0,0.0,50.0,0,,nan,nan,0.0
GVIXX,Allspring Funds Trust - Allspring Government Money Market Fund,1,2,4,10,6,3,2,2,29,-10.0,24.0,Broken,🔥 COILED: Avoid/exit,29,0.0,0.0,0.0,50.0,0,,nan,nan,0.0
GVCXX,Goldman Sachs Trust - Goldman Sachs Financial Square Government Fund,1,2,4,10,6,3,2,2,29,-10.0,24.0,Broken,🔥 COILED: Avoid/exit,29,0.0,0.0,0.0,50.0,0,,nan,nan,0.0
GVRXX,Goldman Sachs Trust - Goldman Sachs Financial Square Government Fund,1,2,4,10,6,3,2,2,29,-10.0,24.0,Broken,🔥 COILED: Avoid/exit,29,0.0,0.0,0.0,50.0,0,,nan,nan,0.0
HBIXX,HSBC Funds - HSBC U.S. Treasury Money Market Fund,1,2,4,10,6,3,2,2,29,-10.0,24.0,Broken,🔥 COILED: Avoid/exit,29,0.0,0.0,0.0,50.0,0,,nan,nan,0.0
GVSXX,State Street Insti U.S. Government Money Market Fd Service Class,1,2,4,10,6,3,2,2,29,-10.0,24.0,Broken,🔥 COILED: Avoid/exit,29,0.0,0.0,0.0,50.0,0,,nan,nan,0.0
GVVXX,State Street Master Funds - State Street U.S. Government Money Market Portfolio,1,2,4,10,6,3,2,2,29,-10.0,24.0,Broken,🔥 COILED: Avoid/exit,29,0.0,0.0,0.0,50.0,0,,nan,nan,0.0
HDIXX,Homestead Funds Inc. - Daily Income Fund,1,2,4,10,6,3,2,2,29,-10.0,24.0,Broken,🔥 COILED: Avoid/exit,29,0.0,0.0,0.0,50.0,0,,nan,nan,0.0
HGDXX,HSBC Funds - HSBC U.S. Government Money Market Fund,1,2,4,10,6,3,2,2,29,-10.0,24.0,Broken,🔥 COILED: Avoid/exit,29,0.0,0.0,0.0,50.0,0,,nan,nan,0.0
HGFXX,HSBC Funds - HSBC U.S. Government Money Market Fund,1,2,4,10,6,3,2,2,29,-10.0,24.0,Broken,🔥 COILED: Avoid/exit,29,0.0,0.0,0.0,50.0,0,,nan,nan,0.0
HGGXX,HSBC Funds - HSBC U.S. Government Money Market Fund,1,2,4,10,6,3,2,2,29,-10.0,24.0,Broken,🔥 COILED: Avoid/exit,29,0.0,0.0,0.0,50.0,0,,nan,nan,0.0
HTFXX,HSBC Funds - HSBC U.S. Treasury Money Market Fund,1,2,4,10,6,3,2,2,29,-10.0,24.0,Broken,🔥 COILED: Avoid/exit,29,0.0,0.0,0.0,50.0,0,,nan,nan,0.0
HTDXX,HSBC Funds - HSBC U.S. Treasury Money Market Fund,1,2,4,10,6,3,2,2,29,-10.0,24.0,Broken,🔥 COILED: Avoid/exit,29,0.0,0.0,0.0,50.0,0,,nan,nan,0.0
HGIXX,HSBC Funds - HSBC U.S. Government Money Market Fund,1,2,4,10,6,3,2,2,29,-10.0,24.0,Broken,🔥 COILED: Avoid/exit,29,0.0,0.0,0.0,50.0,0,,nan,nan,0.0
HTGXX,HSBC Funds - HSBC U.S. Treasury Money Market Fund,1,2,4,10,6,3,2,2,29,-10.0,24.0,Broken,🔥 COILED: Avoid/exit,29,0.0,0.0,0.0,50.0,0,,nan,nan,0.0
HTYXX,HSBC Funds - HSBC U.S. Treasury Money Market Fund,1,2,4,10,6,3,2,2,29,-10.0,24.0,Broken,🔥 COILED: Avoid/exit,29,0.0,0.0,0.0,50.0,0,,nan,nan,0.0
IATXX,Transamerica Funds - Transamerica Government Money Market,1,2,4,10,6,3,2,2,29,-10.0,24.0,Broken,🔥 COILED: Avoid/exit,29,0.0,0.0,0.0,50.0,0,,nan,nan,0.0
ICAXX,DWS Government Money Market Series - Institutional,1,2,4,10,6,3,2,2,29,-10.0,24.0,Broken,🔥 COILED: Avoid/exit,29,0.0,0.0,0.0,50.0,0,,nan,nan,0.0
IMLXX,Transamerica Funds - Transamerica Government Money Market,1,2,4,10,6,3,2,2,29,-10.0,24.0,Broken,🔥 COILED: Avoid/exit,29,0.0,0.0,0.0,50.0,0,,nan,nan,0.0
ICTXX,Investors Cash Trust - DWS Treasury Portfolio,1,2,4,10,6,3,2,2,29,-10.0,24.0,Broken,🔥 COILED: Avoid/exit,29,0.0,0.0,0.0,50.0,0,,nan,nan,0.0
IMRXX,AIM Treasurer's Series Trust (Invesco Treasurer's Series Trust) - Invesco Premier Portfolio,1,2,4,10,6,3,2,2,29,-10.0,24.0,Broken,🔥 COILED: Avoid/exit,29,0.0,0.0,0.0,50.0,0,,nan,nan,0.0
INGXX,Legg Mason Partners Institutional Trust - Western Asset Institutional Government Reserves,1,2,4,10,6,3,2,2,29,-10.0,24.0,Broken,🔥 COILED: Avoid/exit,29,0.0,0.0,0.0,50.0,0,,nan,nan,0.0
INVXX,AIM Investment Securities Funds (Invesco Investment Securities Funds) - Government Money Market Fund,1,2,4,10,6,3,2,2,29,-10.0,24.0,Broken,🔥 COILED: Avoid/exit,29,0.0,0.0,0.0,50.0,0,,nan,nan,0.0
INAXX,AIM Investment Securities Funds (Invesco Investment Securities Funds) - Government Money Market Fund,1,2,4,10,6,3,2,2,29,-10.0,24.0,Broken,🔥 COILED: Avoid/exit,29,0.0,0.0,0.0,50.0,0,,nan,nan,0.0
IPPXX,AIM Treasurer's Series Trust (Invesco Treasurer's Series Trust) - Invesco Premier Portfolio,1,2,4,10,6,3,2,2,29,-10.0,24.0,Broken,🔥 COILED: Avoid/exit,29,0.0,0.0,0.0,50.0,0,,nan,nan,0.0
IPTXX,AIM Treasurer's Series Trust (Invesco Treasurer's Series Trust) - Invesco Premier Portfolio,1,2,4,10,6,3,2,2,29,-10.0,24.0,Broken,🔥 COILED: Avoid/exit,29,0.0,0.0,0.0,50.0,0,,nan,nan,0.0
IPVXX,AIM Treasurer's Series Trust (Invesco Treasurer's Series Trust) - Invesco Premier Portfolio,1,2,4,10,6,3,2,2,29,-10.0,24.0,Broken,🔥 COILED: Avoid/exit,29,0.0,0.0,0.0,50.0,0,,nan,nan,0.0
IRCXX,AIM Treasurer's Series Trust (Invesco Treasurer's Series Trust) - Invesco Premier Portfolio,1,2,4,10,6,3,2,2,29,-10.0,24.0,Broken,🔥 COILED: Avoid/exit,29,0.0,0.0,0.0,50.0,0,,nan,nan,0.0
IRVXX,AIM Treasurer's Series Trust (Invesco Treasurer's Series Trust) - Invesco Premier Portfolio,1,2,4,10,6,3,2,2,29,-10.0,24.0,Broken,🔥 COILED: Avoid/exit,29,0.0,0.0,0.0,50.0,0,,nan,nan,0.0
ISSXX,Federated Private Liquidity Funds-Prime Private Liquidity Fund,1,2,4,10,6,3,2,2,29,-10.0,24.0,Broken,🔥 COILED: Avoid/exit,29,0.0,0.0,0.0,50.0,0,,nan,nan,0.0
ITVXX,Investors Cash Trust - DWS Treasury Portfolio,1,2,4,10,6,3,2,2,29,-10.0,24.0,Broken,🔥 COILED: Avoid/exit,29,0.0,0.0,0.0,50.0,0,,nan,nan,0.0
IUSXX,Treasury Portfolio - Deutsche U.S. Treasury Money Fund,1,2,4,10,6,3,2,2,29,-10.0,24.0,Broken,🔥 COILED: Avoid/exit,29,0.0,0.0,0.0,50.0,0,,nan,nan,0.0
IVMXX,Voya Government Money Market Portfolio,1,2,4,10,6,3,2,2,29,-10.0,24.0,Broken,🔥 COILED: Avoid/exit,29,0.0,0.0,0.0,50.0,0,,nan,nan,0.0
JHOXX,John Hancock Variable Insurance Trust - Money Market Trust,1,2,4,10,6,3,2,2,29,-10.0,24.0,Broken,🔥 COILED: Avoid/exit,29,0.0,0.0,0.0,50.0,0,,nan,nan,0.0
JAMXX,Janus Investment Fund - Janus Money Market Fund,1,2,4,10,6,3,2,2,29,-10.0,24.0,Broken,🔥 COILED: Avoid/exit,29,0.0,0.0,0.0,50.0,0,,nan,nan,0.0
JMCXX,John Hancock Money Market Fund Class C,1,2,4,10,6,3,2,2,29,-10.0,24.0,Broken,🔥 COILED: Avoid/exit,29,0.0,0.0,0.0,50.0,0,,nan,nan,0.0
JNMXX,Janus Investment Fund - Janus Money Market Fund,1,2,4,10,6,3,2,2,29,-10.0,24.0,Broken,🔥 COILED: Avoid/exit,29,0.0,0.0,0.0,50.0,0,,nan,nan,0.0
JNSXX,Edward Jones Money Market Fund,1,2,4,10,6,3,2,2,29,-10.0,24.0,Broken,🔥 COILED: Avoid/exit,29,0.0,0.0,0.0,50.0,0,,nan,nan,0.0
JRSXX,ftse-kicks-2011-off-boosted-by-oil-manufacturing.aspx,1,2,4,10,6,3,2,2,29,-10.0,24.0,Broken,🔥 COILED: Avoid/exit,29,0.0,0.0,0.0,50.0,0,,nan,nan,0.0
KMMXX,DWS Money Market Prime Series - DWS Money Market Fund,1,2,4,10,6,3,2,2,29,-10.0,24.0,Broken,🔥 COILED: Avoid/exit,29,0.0,0.0,0.0,50.0,0,,nan,nan,0.0
LACXX,Lord Abbett U.S. Govt & Govt Sponsored Enterprises Money Mkt Fd Inc.,1,2,4,10,6,3,2,2,29,-10.0,24.0,Broken,🔥 COILED: Avoid/exit,29,0.0,0.0,0.0,50.0,0,,nan,nan,0.0
LAOXX,Legg Mason Partners Institutional Trust - U.S. Treasury Obligations Money Market Fund,1,2,4,10,6,3,2,2,29,-10.0,24.0,Broken,🔥 COILED: Avoid/exit,29,0.0,0.0,0.0,50.0,0,,nan,nan,0.0
LAIXX,Legg Mason Partners Institutional Trust - U.S. Treasury Obligations Money Market Fund,1,2,4,10,6,3,2,2,29,-10.0,24.0,Broken,🔥 COILED: Avoid/exit,29,0.0,0.0,0.0,50.0,0,,nan,nan,0.0
LCCXX,Lord Abbett U.S. Government & Government Sponsored Enterprises Money Market Fund,1,2,4,10,6,3,2,2,29,-10.0,24.0,Broken,🔥 COILED: Avoid/exit,29,0.0,0.0,0.0,50.0,0,,nan,nan,0.0
LAYXX,Lord Abbett U.S. Govt & Govt Sponsored Entpr MMkt Fd Cl I,1,2,4,10,6,3,2,2,29,-10.0,24.0,Broken,🔥 COILED: Avoid/exit,29,0.0,0.0,0.0,50.0,0,,nan,nan,0.0
LGRXX,Legg Mason Partners Institutional Trust - Western Asset Institutional Government Reserves,1,2,4,10,6,3,2,2,29,-10.0,24.0,Broken,🔥 COILED: Avoid/exit,29,0.0,0.0,0.0,50.0,0,,nan,nan,0.0
LTRXX,Legg Mason Partners Institutional Trust - Western Asset Institutional U.S. Treasury Reserves,1,2,4,10,6,3,2,2,29,-10.0,24.0,Broken,🔥 COILED: Avoid/exit,29,0.0,0.0,0.0,50.0,0,,nan,nan,0.0
LUIXX,Legg Mason Partners Institutional Trust - U.S. Treasury Obligations Money Market Fund,1,2,4,10,6,3,2,2,29,-10.0,24.0,Broken,🔥 COILED: Avoid/exit,29,0.0,0.0,0.0,50.0,0,,nan,nan,0.0
LWPXX,Legg Mason Partners Institutional Trust - Western Asset Institutional Government Reserves,1,2,4,10,6,3,2,2,29,-10.0,24.0,Broken,🔥 COILED: Avoid/exit,29,0.0,0.0,0.0,50.0,0,,nan,nan,0.0
MAMXX,Morgan Stanley Institutional Liquidity Funds - Treasury Securities Portfolio,1,2,4,10,6,3,2,2,29,-10.0,24.0,Broken,🔥 COILED: Avoid/exit,29,0.0,0.0,0.0,50.0,0,,nan,nan,0.0
MAAXX,Money Market Fund,1,2,4,10,6,3,2,2,29,-10.0,24.0,Broken,🔥 COILED: Avoid/exit,29,0.0,0.0,0.0,50.0,0,,nan,nan,0.0
MAOXX,Morgan Stanley Institutional Liquidity Funds - Treasury Portfolio,1,2,4,10,6,3,2,2,29,-10.0,24.0,Broken,🔥 COILED: Avoid/exit,29,0.0,0.0,0.0,50.0,0,,nan,nan,0.0
MAYXX,Morgan Stanley Institutional Liquidity Funds -  Government Portfolio,1,2,4,10,6,3,2,2,29,-10.0,24.0,Broken,🔥 COILED: Avoid/exit,29,0.0,0.0,0.0,50.0,0,,nan,nan,0.0
MCCXX,MFS Series Trust I - MFS U.S. Government Cash Reserve Fund,1,2,4,10,6,3,2,2,29,-10.0,24.0,Broken,🔥 COILED: Avoid/exit,29,0.0,0.0,0.0,50.0,0,,nan,nan,0.0
MCBXX,BlackRock Financial Institutions Series Trust - BlackRock Summit Cash Reserves Fund,1,2,4,10,6,3,2,2,29,-10.0,24.0,Broken,🔥 COILED: Avoid/exit,29,0.0,0.0,0.0,50.0,0,,nan,nan,0.0
MCDXX,BlackRock Liquidity Funds - MuniCash,1,2,4,10,6,3,2,2,29,-10.0,24.0,Broken,🔥 COILED: Avoid/exit,29,0.0,0.0,0.0,50.0,0,,nan,nan,0.0
MCHXX,Morgan Stanley Institutional Liquidity Funds - Government Securities Portfolio,1,2,4,10,6,3,2,2,29,-10.0,24.0,Broken,🔥 COILED: Avoid/exit,29,0.0,0.0,0.0,50.0,0,,nan,nan,0.0
MCMXX,MFS Series Trust IV - MFS U.S. Government Money Market Fund,1,2,4,10,6,3,2,2,29,-10.0,24.0,Broken,🔥 COILED: Avoid/exit,29,0.0,0.0,0.0,50.0,0,,nan,nan,0.0
MCPXX,BlackRock Liquidity Funds MuniCash - Capital,1,2,4,10,6,3,2,2,29,-10.0,24.0,Broken,🔥 COILED: Avoid/exit,29,0.0,0.0,0.0,50.0,0,,nan,nan,0.0
MCRXX,MFS Series Trust I - MFS U.S. Government Cash Reserve Fund,1,2,4,10,6,3,2,2,29,-10.0,24.0,Broken,🔥 COILED: Avoid/exit,29,0.0,0.0,0.0,50.0,0,,nan,nan,0.0
MFCXX,Money Market Obligations Trust - Federated Municipal Obligations Fund,1,2,4,10,6,3,2,2,29,-10.0,24.0,Broken,🔥 COILED: Avoid/exit,29,0.0,0.0,0.0,50.0,0,,nan,nan,0.0
MGAXX,Morgan Stanley Institutional Liquidity Funds - Government Securities Portfolio,1,2,4,10,6,3,2,2,29,-10.0,24.0,Broken,🔥 COILED: Avoid/exit,29,0.0,0.0,0.0,50.0,0,,nan,nan,0.0
MFSXX,Money Market Obligations Trust - Federated Municipal Obligations Fund,1,2,4,10,6,3,2,2,29,-10.0,24.0,Broken,🔥 COILED: Avoid/exit,29,0.0,0.0,0.0,50.0,0,,nan,nan,0.0
MGOXX,Morgan Stanley Institutional Liquidity Funds -  Government Portfolio,1,2,4,10,6,3,2,2,29,-10.0,24.0,Broken,🔥 COILED: Avoid/exit,29,0.0,0.0,0.0,50.0,0,,nan,nan,0.0
MGSXX,Morgan Stanley Institutional Liquidity Funds -  Government Portfolio,1,2,4,10,6,3,2,2,29,-10.0,24.0,Broken,🔥 COILED: Avoid/exit,29,0.0,0.0,0.0,50.0,0,,nan,nan,0.0
MGPXX,Morgan Stanley Institutional Liquidity Funds - Government Securities Portfolio,1,2,4,10,6,3,2,2,29,-10.0,24.0,Broken,🔥 COILED: Avoid/exit,29,0.0,0.0,0.0,50.0,0,,nan,nan,0.0
MIPXX,The MainStay Funds - MainStay Money Market Fund,1,2,4,10,6,3,2,2,29,-10.0,24.0,Broken,🔥 COILED: Avoid/exit,29,0.0,0.0,0.0,50.0,0,,nan,nan,0.0
MHSXX,Morgan Stanley Institutional Liquidity Funds - Treasury Portfolio,1,2,4,10,6,3,2,2,29,-10.0,24.0,Broken,🔥 COILED: Avoid/exit,29,0.0,0.0,0.0,50.0,0,,nan,nan,0.0
MIFXX,Nationwide Mutual Funds - Nationwide Money Market Fund,1,2,4,10,6,3,2,2,29,-10.0,24.0,Broken,🔥 COILED: Avoid/exit,29,0.0,0.0,0.0,50.0,0,,nan,nan,0.0
MJAXX,Prudential Government Money Market Fund Inc.,1,2,4,10,6,3,2,2,29,-10.0,24.0,Broken,🔥 COILED: Avoid/exit,29,0.0,0.0,0.0,50.0,0,,nan,nan,0.0
MJLXX,JPMorgan Trust II - JPMorgan Liquid Assets Money Market Fund,1,2,4,10,6,3,2,2,29,-10.0,24.0,Broken,🔥 COILED: Avoid/exit,29,0.0,0.0,0.0,50.0,0,,nan,nan,0.0
MJCXX,Prudential Government Money Market Fund Inc.,1,2,4,10,6,3,2,2,29,-10.0,24.0,Broken,🔥 COILED: Avoid/exit,29,0.0,0.0,0.0,50.0,0,,nan,nan,0.0
MNVXX,Morgan Stanley Institutional Liquidity Funds - Treasury Securities Portfolio,1,2,4,10,6,3,2,2,29,-10.0,24.0,Broken,🔥 COILED: Avoid/exit,29,0.0,0.0,0.0,50.0,0,,nan,nan,0.0
MMIXX,Wells Fargo Funds Trust - National Tax-Free Money Market Fund,1,2,4,10,6,3,2,2,29,-10.0,24.0,Broken,🔥 COILED: Avoid/exit,29,0.0,0.0,0.0,50.0,0,,nan,nan,0.0
MOFXX,Money Market Obligations Trust - Federated Municipal Obligations Fund,1,2,4,10,6,3,2,2,29,-10.0,24.0,Broken,🔥 COILED: Avoid/exit,29,0.0,0.0,0.0,50.0,0,,nan,nan,0.0
MODXX,Money Market Obligations Trust - Federated Municipal Obligations Fund,1,2,4,10,6,3,2,2,29,-10.0,24.0,Broken,🔥 COILED: Avoid/exit,29,0.0,0.0,0.0,50.0,0,,nan,nan,0.0
MOIXX,Money Market Obligations Trust - Federated Municipal Obligations Fund,1,2,4,10,6,3,2,2,29,-10.0,24.0,Broken,🔥 COILED: Avoid/exit,29,0.0,0.0,0.0,50.0,0,,nan,nan,0.0
MOSXX,Money Market Obligations Trust - Federated Municipal Obligations Fund,1,2,4,10,6,3,2,2,29,-10.0,24.0,Broken,🔥 COILED: Avoid/exit,29,0.0,0.0,0.0,50.0,0,,nan,nan,0.0
MOTXX,Money Market Obligations Trust - Federated Municipal Obligations Fund,1,2,4,10,6,3,2,2,29,-10.0,24.0,Broken,🔥 COILED: Avoid/exit,29,0.0,0.0,0.0,50.0,0,,nan,nan,0.0
MPCXX,Morgan Stanley Institutional Liquidity Funds -  Government Portfolio,1,2,4,10,6,3,2,2,29,-10.0,24.0,Broken,🔥 COILED: Avoid/exit,29,0.0,0.0,0.0,50.0,0,,nan,nan,0.0
MPIXX,ProFunds - Money Market ProFund,1,2,4,10,6,3,2,2,29,-10.0,24.0,Broken,🔥 COILED: Avoid/exit,29,0.0,0.0,0.0,50.0,0,,nan,nan,0.0
MPNXX,Morgan Stanley Institutional Liquidity Funds - Prime Portfolio,1,2,4,10,6,3,2,2,29,-10.0,24.0,Broken,🔥 COILED: Avoid/exit,29,0.0,0.0,0.0,50.0,0,,nan,nan,0.0
MPMXX,Morgan Stanley Institutional Liquidity Funds - Prime Portfolio,1,2,4,10,6,3,2,2,29,-10.0,24.0,Broken,🔥 COILED: Avoid/exit,29,0.0,0.0,0.0,50.0,0,,nan,nan,0.0
MPRXX,Morgan Stanley Institutional Liquidity Funds - Treasury Securities Portfolio,1,2,4,10,6,3,2,2,29,-10.0,24.0,Broken,🔥 COILED: Avoid/exit,29,0.0,0.0,0.0,50.0,0,,nan,nan,0.0
MPSXX,ProFunds - Money Market ProFund,1,2,4,10,6,3,2,2,29,-10.0,24.0,Broken,🔥 COILED: Avoid/exit,29,0.0,0.0,0.0,50.0,0,,nan,nan,0.0
MSAXX,BlackRock Summit Cash Reserves Fund Cl A,1,2,4,10,6,3,2,2,29,-10.0,24.0,Broken,🔥 COILED: Avoid/exit,29,0.0,0.0,0.0,50.0,0,,nan,nan,0.0
MPVXX,Morgan Stanley Institutional Liquidity Funds - Prime Portfolio,1,2,4,10,6,3,2,2,29,-10.0,24.0,Broken,🔥 COILED: Avoid/exit,29,0.0,0.0,0.0,50.0,0,,nan,nan,0.0
MREXX,Morgan Stanley Institutional Liquidity Funds - Treasury Portfolio,1,2,4,10,6,3,2,2,29,-10.0,24.0,Broken,🔥 COILED: Avoid/exit,29,0.0,0.0,0.0,50.0,0,,nan,nan,0.0
MSCXX,The MainStay Funds - MainStay Money Market Fund,1,2,4,10,6,3,2,2,29,-10.0,24.0,Broken,🔥 COILED: Avoid/exit,29,0.0,0.0,0.0,50.0,0,,nan,nan,0.0
MSDXX,Morgan Stanley Institutional Liquidity Funds -  Government Portfolio,1,2,4,10,6,3,2,2,29,-10.0,24.0,Broken,🔥 COILED: Avoid/exit,29,0.0,0.0,0.0,50.0,0,,nan,nan,0.0
MSGXX,Morgan Stanley Institutional Liquidity Funds -  Government Portfolio,1,2,4,10,6,3,2,2,29,-10.0,24.0,Broken,🔥 COILED: Avoid/exit,29,0.0,0.0,0.0,50.0,0,,nan,nan,0.0
MSEXX,Morgan Stanley Institutional Liquidity Funds - Treasury Securities Portfolio,1,2,4,10,6,3,2,2,29,-10.0,24.0,Broken,🔥 COILED: Avoid/exit,29,0.0,0.0,0.0,50.0,0,,nan,nan,0.0
MSIXX,MainStay Funds Trust - Cash Reserves Sweeps Fund,1,2,4,10,6,3,2,2,29,-10.0,24.0,Broken,🔥 COILED: Avoid/exit,29,0.0,0.0,0.0,50.0,0,,nan,nan,0.0
MSTXX,Morgan Stanley Institutional Liquidity Funds - Treasury Portfolio,1,2,4,10,6,3,2,2,29,-10.0,24.0,Broken,🔥 COILED: Avoid/exit,29,0.0,0.0,0.0,50.0,0,,nan,nan,0.0
MSSXX,Morgan Stanley Institutional Liquidity Funds - Treasury Securities Portfolio,1,2,4,10,6,3,2,2,29,-10.0,24.0,Broken,🔥 COILED: Avoid/exit,29,0.0,0.0,0.0,50.0,0,,nan,nan,0.0
MSRXX,MFS Series Trust I - MFS U.S. Government Cash Reserve Fund,1,2,4,10,6,3,2,2,29,-10.0,24.0,Broken,🔥 COILED: Avoid/exit,29,0.0,0.0,0.0,50.0,0,,nan,nan,0.0
MSUXX,Morgan Stanley Institutional Liquidity Funds - Treasury Portfolio,1,2,4,10,6,3,2,2,29,-10.0,24.0,Broken,🔥 COILED: Avoid/exit,29,0.0,0.0,0.0,50.0,0,,nan,nan,0.0
MSVXX,Morgan Stanley Institutional Liquidity Funds - Government Securities Portfolio,1,2,4,10,6,3,2,2,29,-10.0,24.0,Broken,🔥 COILED: Avoid/exit,29,0.0,0.0,0.0,50.0,0,,nan,nan,0.0
MTCXX,Morgan Stanley Institutional Liquidity Funds - Treasury Portfolio,1,2,4,10,6,3,2,2,29,-10.0,24.0,Broken,🔥 COILED: Avoid/exit,29,0.0,0.0,0.0,50.0,0,,nan,nan,0.0
MTNXX,Morgan Stanley Institutional Liquidity Funds - Treasury Portfolio,1,2,4,10,6,3,2,2,29,-10.0,24.0,Broken,🔥 COILED: Avoid/exit,29,0.0,0.0,0.0,50.0,0,,nan,nan,0.0
MTTXX,Morgan Stanley Institutional Liquidity Funds - Treasury Portfolio,1,2,4,10,6,3,2,2,29,-10.0,24.0,Broken,🔥 COILED: Avoid/exit,29,0.0,0.0,0.0,50.0,0,,nan,nan,0.0
MTSXX,Morgan Stanley Institutional Liquidity Funds - Treasury Portfolio,1,2,4,10,6,3,2,2,29,-10.0,24.0,Broken,🔥 COILED: Avoid/exit,29,0.0,0.0,0.0,50.0,0,,nan,nan,0.0
MUIXX,Morgan Stanley Institutional Liquidity Funds - Government Securities Portfolio,1,2,4,10,6,3,2,2,29,-10.0,24.0,Broken,🔥 COILED: Avoid/exit,29,0.0,0.0,0.0,50.0,0,,nan,nan,0.0
MVAXX,Morgan Stanley Institutional Liquidity Funds - Government Securities Portfolio,1,2,4,10,6,3,2,2,29,-10.0,24.0,Broken,🔥 COILED: Avoid/exit,29,0.0,0.0,0.0,50.0,0,,nan,nan,0.0
MVIXX,Morgan Stanley Institutional Liquidity Funds - Government Securities Portfolio,1,2,4,10,6,3,2,2,29,-10.0,24.0,Broken,🔥 COILED: Avoid/exit,29,0.0,0.0,0.0,50.0,0,,nan,nan,0.0
MVVXX,Morgan Stanley Institutional Liquidity Funds -  Government Portfolio,1,2,4,10,6,3,2,2,29,-10.0,24.0,Broken,🔥 COILED: Avoid/exit,29,0.0,0.0,0.0,50.0,0,,nan,nan,0.0
MYMXX,AB Fixed-Income Shares Inc. - AB Government Money Market Portfolio,1,2,4,10,6,3,2,2,29,-10.0,24.0,Broken,🔥 COILED: Avoid/exit,29,0.0,0.0,0.0,50.0,0,,nan,nan,0.0
MVYXX,Morgan Stanley Institutional Liquidity Funds - Treasury Portfolio,1,2,4,10,6,3,2,2,29,-10.0,24.0,Broken,🔥 COILED: Avoid/exit,29,0.0,0.0,0.0,50.0,0,,nan,nan,0.0
NCGXX,North Capital Funds Trust - Treasury Money Market Fund,1,2,4,10,6,3,2,2,29,-10.0,24.0,Broken,🔥 COILED: Avoid/exit,29,0.0,0.0,0.0,50.0,0,,nan,nan,0.0
NISXX,Money Market Obligations Trust - Federated New York Municipal Cash Trust,1,2,4,10,6,3,2,2,29,-10.0,24.0,Broken,🔥 COILED: Avoid/exit,29,0.0,0.0,0.0,50.0,0,,nan,nan,0.0
NITXX,Northern Institutional Funds - Treasury Portfolio,1,2,4,10,6,3,2,2,29,-10.0,24.0,Broken,🔥 COILED: Avoid/exit,29,0.0,0.0,0.0,50.0,0,,nan,nan,0.0
NOGXX,Northern Funds - U.S. Government Money Market Fund,1,2,4,10,6,3,2,2,29,-10.0,24.0,Broken,🔥 COILED: Avoid/exit,29,0.0,0.0,0.0,50.0,0,,nan,nan,0.0
NTPXX,Northern Institutional Funds - Treasury Portfolio,1,2,4,10,6,3,2,2,29,-10.0,24.0,Broken,🔥 COILED: Avoid/exit,29,0.0,0.0,0.0,50.0,0,,nan,nan,0.0
NOSXX,Northern Funds - U.S. Government Select Money Market Fund,1,2,4,10,6,3,2,2,29,-10.0,24.0,Broken,🔥 COILED: Avoid/exit,29,0.0,0.0,0.0,50.0,0,,nan,nan,0.0
NWGXX,Allspring Funds Trust - Allspring Government Money Market Fund,1,2,4,10,6,3,2,2,29,-10.0,24.0,Broken,🔥 COILED: Avoid/exit,29,0.0,0.0,0.0,50.0,0,,nan,nan,0.0
NWSXX,Nationwide Mutual Funds - Nationwide Money Market Fund,1,2,4,10,6,3,2,2,29,-10.0,24.0,Broken,🔥 COILED: Avoid/exit,29,0.0,0.0,0.0,50.0,0,,nan,nan,0.0
NWTXX,Wells Fargo Funds Trust - 100% Treasury Money Market Fund,1,2,4,10,6,3,2,2,29,-10.0,24.0,Broken,🔥 COILED: Avoid/exit,29,0.0,0.0,0.0,50.0,0,,nan,nan,0.0
NYCXX,Money Market Obligations Trust - New York Cash II Fund,1,2,4,10,6,3,2,2,29,-10.0,24.0,Broken,🔥 COILED: Avoid/exit,29,0.0,0.0,0.0,50.0,0,,nan,nan,0.0
OMBXX,AIM Investment Secs Fds (Invesco Invt Secs Fds) - Invesco U.S. Government Money Portfolio,1,2,4,10,6,3,2,2,29,-10.0,24.0,Broken,🔥 COILED: Avoid/exit,29,0.0,0.0,0.0,50.0,0,,nan,nan,0.0
PBHXX,The Payden & Rygel Investment Group - Payden Cash Reserves Money Market Fund,1,2,4,10,6,3,2,2,29,-10.0,24.0,Broken,🔥 COILED: Avoid/exit,29,0.0,0.0,0.0,50.0,0,,nan,nan,0.0
PCEXX,PACE Select Advisors Trust - PACE Money Market Investments,1,2,4,10,6,3,2,2,29,-10.0,24.0,Broken,🔥 COILED: Avoid/exit,29,0.0,0.0,0.0,50.0,0,,nan,nan,0.0
PBMXX,Prudential Government Money Market Fund Inc.,1,2,4,10,6,3,2,2,29,-10.0,24.0,Broken,🔥 COILED: Avoid/exit,29,0.0,0.0,0.0,50.0,0,,nan,nan,0.0
PCUXX,Fundvantage Trust - Pac Capital US Government Money Market Fund,1,2,4,10,6,3,2,2,29,-10.0,24.0,Broken,🔥 COILED: Avoid/exit,29,0.0,0.0,0.0,50.0,0,,nan,nan,0.0
PCOXX,Money Market Obligations Trust - Federated Prime Cash Obligations Fund,1,2,4,10,6,3,2,2,29,-10.0,24.0,Broken,🔥 COILED: Avoid/exit,29,0.0,0.0,0.0,50.0,0,,nan,nan,0.0
PCSXX,Principal Fds Inc. Money Market Fd A Cl,1,2,4,10,6,3,2,2,29,-10.0,24.0,Broken,🔥 COILED: Avoid/exit,29,0.0,0.0,0.0,50.0,0,,nan,nan,0.0
PCVXX,Money Market Obligations Trust - Federated Prime Cash Obligations Fund,1,2,4,10,6,3,2,2,29,-10.0,24.0,Broken,🔥 COILED: Avoid/exit,29,0.0,0.0,0.0,50.0,0,,nan,nan,0.0
PGDXX,Putnam Investment Funds - Government Money Market Fund,1,2,4,10,6,3,2,2,29,-10.0,24.0,Broken,🔥 COILED: Avoid/exit,29,0.0,0.0,0.0,50.0,0,,nan,nan,0.0
PFCXX,Putnam Money Market Fund,1,2,4,10,6,3,2,2,29,-10.0,24.0,Broken,🔥 COILED: Avoid/exit,29,0.0,0.0,0.0,50.0,0,,nan,nan,0.0
PGEXX,Putnam Investment Funds - Government Money Market Fund,1,2,4,10,6,3,2,2,29,-10.0,24.0,Broken,🔥 COILED: Avoid/exit,29,0.0,0.0,0.0,50.0,0,,nan,nan,0.0
PGFXX,PIMCO Funds - PIMCO Government Money Market Fund,1,2,4,10,6,3,2,2,29,-10.0,24.0,Broken,🔥 COILED: Avoid/exit,29,0.0,0.0,0.0,50.0,0,,nan,nan,0.0
PGKXX,Putnam Investment Funds - Government Money Market Fund,1,2,4,10,6,3,2,2,29,-10.0,24.0,Broken,🔥 COILED: Avoid/exit,29,0.0,0.0,0.0,50.0,0,,nan,nan,0.0
PGLXX,Putnam Investment Funds - Government Money Market Fund,1,2,4,10,6,3,2,2,29,-10.0,24.0,Broken,🔥 COILED: Avoid/exit,29,0.0,0.0,0.0,50.0,0,,nan,nan,0.0
PGOXX,PIMCO Funds - PIMCO Government Money Market Fund,1,2,4,10,6,3,2,2,29,-10.0,24.0,Broken,🔥 COILED: Avoid/exit,29,0.0,0.0,0.0,50.0,0,,nan,nan,0.0
PGRXX,Putnam Investment Funds - Government Money Market Fund,1,2,4,10,6,3,2,2,29,-10.0,24.0,Broken,🔥 COILED: Avoid/exit,29,0.0,0.0,0.0,50.0,0,,nan,nan,0.0
PGPXX,PIMCO Funds - PIMCO Government Money Market Fund,1,2,4,10,6,3,2,2,29,-10.0,24.0,Broken,🔥 COILED: Avoid/exit,29,0.0,0.0,0.0,50.0,0,,nan,nan,0.0
PGYXX,PIMCO Funds - PIMCO Government Money Market Fund,1,2,4,10,6,3,2,2,29,-10.0,24.0,Broken,🔥 COILED: Avoid/exit,29,0.0,0.0,0.0,50.0,0,,nan,nan,0.0
PINXX,BlackRock Funds - BlackRock Wealth Liquid Environmentally Aware Fund,1,2,4,10,6,3,2,2,29,-10.0,24.0,Broken,🔥 COILED: Avoid/exit,29,0.0,0.0,0.0,50.0,0,,nan,nan,0.0
PIFXX,Plan Investment Fund Inc. - Government Portfolio,1,2,4,10,6,3,2,2,29,-10.0,24.0,Broken,🔥 COILED: Avoid/exit,29,0.0,0.0,0.0,50.0,0,,nan,nan,0.0
PIVXX,Wells Fargo Funds Trust - Treasury Plus Money Market Fund,1,2,4,10,6,3,2,2,29,-10.0,24.0,Broken,🔥 COILED: Avoid/exit,29,0.0,0.0,0.0,50.0,0,,nan,nan,0.0
PISXX,Wells Fargo Funds Trust - Treasury Plus Money Market Fund,1,2,4,10,6,3,2,2,29,-10.0,24.0,Broken,🔥 COILED: Avoid/exit,29,0.0,0.0,0.0,50.0,0,,nan,nan,0.0
PMJXX,Principal Fds Inc. Money Market Fd J Cl,1,2,4,10,6,3,2,2,29,-10.0,24.0,Broken,🔥 COILED: Avoid/exit,29,0.0,0.0,0.0,50.0,0,,nan,nan,0.0
PMZXX,Prudential Government Money Market Fund Inc.,1,2,4,10,6,3,2,2,29,-10.0,24.0,Broken,🔥 COILED: Avoid/exit,29,0.0,0.0,0.0,50.0,0,,nan,nan,0.0
PMTXX,Pioneer Money Market Trust - Pioneer U.S. Government Money Market Fund,1,2,4,10,6,3,2,2,29,-10.0,24.0,Broken,🔥 COILED: Avoid/exit,29,0.0,0.0,0.0,50.0,0,,nan,nan,0.0
PRMXX,Federated Private Liquidity Funds-Prime Private Liquidity Fund,1,2,4,10,6,3,2,2,29,-10.0,24.0,Broken,🔥 COILED: Avoid/exit,29,0.0,0.0,0.0,50.0,0,,nan,nan,0.0
PRRXX,T. Rowe Price Government Money Fund Inc.,1,2,4,10,6,3,2,2,29,-10.0,24.0,Broken,🔥 COILED: Avoid/exit,29,0.0,0.0,0.0,50.0,0,,nan,nan,0.0
PRTXX,T. Rowe Price U.S. Treasury Funds Inc. - T. Rowe Price U.S. Treasury Money Fund,1,2,4,10,6,3,2,2,29,-10.0,24.0,Broken,🔥 COILED: Avoid/exit,29,0.0,0.0,0.0,50.0,0,,nan,nan,0.0
PRYXX,Pioneer Money Market Trust - Pioneer U.S. Government Money Market Fund,1,2,4,10,6,3,2,2,29,-10.0,24.0,Broken,🔥 COILED: Avoid/exit,29,0.0,0.0,0.0,50.0,0,,nan,nan,0.0
PRVXX,Wells Fargo Funds Trust - Treasury Plus Money Market Fund,1,2,4,10,6,3,2,2,29,-10.0,24.0,Broken,🔥 COILED: Avoid/exit,29,0.0,0.0,0.0,50.0,0,,nan,nan,0.0
PTEXX,T. Rowe Price Tax-Exempt Money Fund Inc.,1,2,4,10,6,3,2,2,29,-10.0,24.0,Broken,🔥 COILED: Avoid/exit,29,0.0,0.0,0.0,50.0,0,,nan,nan,0.0
PTBXX,Putnam Money Market Fund,1,2,4,10,6,3,2,2,29,-10.0,24.0,Broken,🔥 COILED: Avoid/exit,29,0.0,0.0,0.0,50.0,0,,nan,nan,0.0
PURXX,Putnam Money Market Fund,1,2,4,10,6,3,2,2,29,-10.0,24.0,Broken,🔥 COILED: Avoid/exit,29,0.0,0.0,0.0,50.0,0,,nan,nan,0.0
RGYXX,HSBC Funds - HSBC U.S. Government Money Market Fund,1,2,4,10,6,3,2,2,29,-10.0,24.0,Broken,🔥 COILED: Avoid/exit,29,0.0,0.0,0.0,50.0,0,,nan,nan,0.0
RMGXX,Ubs Money Series - RMA Government Money Market Fund,1,2,4,10,6,3,2,2,29,-10.0,24.0,Broken,🔥 COILED: Avoid/exit,29,0.0,0.0,0.0,50.0,0,,nan,nan,0.0
RBEXX,American Funds U.S. Government Money Market Fund,1,2,4,10,6,3,2,2,29,-10.0,24.0,Broken,🔥 COILED: Avoid/exit,29,0.0,0.0,0.0,50.0,0,,nan,nan,0.0
RYFXX,Rydex Series Funds - U.S. Government Money Market Fund,1,2,4,10,6,3,2,2,29,-10.0,24.0,Broken,🔥 COILED: Avoid/exit,29,0.0,0.0,0.0,50.0,0,,nan,nan,0.0
RPGXX,Davis Series Inc. - Davis Government Money Market Fund,1,2,4,10,6,3,2,2,29,-10.0,24.0,Broken,🔥 COILED: Avoid/exit,29,0.0,0.0,0.0,50.0,0,,nan,nan,0.0
SAEXX,State Street Institutional Investment Trust - State Street Institutional Treasury Plus Money Market,1,2,4,10,6,3,2,2,29,-10.0,24.0,Broken,🔥 COILED: Avoid/exit,29,0.0,0.0,0.0,50.0,0,,nan,nan,0.0
SAJXX,State Street Institutional Investment Trust - State Street Institutional Treasury Plus Money Market,1,2,4,10,6,3,2,2,29,-10.0,24.0,Broken,🔥 COILED: Avoid/exit,29,0.0,0.0,0.0,50.0,0,,nan,nan,0.0
SALXX,State Street Master Funds - State Street U.S. Government Money Market Portfolio,1,2,4,10,6,3,2,2,29,-10.0,24.0,Broken,🔥 COILED: Avoid/exit,29,0.0,0.0,0.0,50.0,0,,nan,nan,0.0
SCIXX,Cash Account Trust - DWS Tax-Exempt Portfolio,1,2,4,10,6,3,2,2,29,-10.0,24.0,Broken,🔥 COILED: Avoid/exit,29,0.0,0.0,0.0,50.0,0,,nan,nan,0.0
SCAXX,Schwab California Municipal Money Fund Ultra Shares,1,2,4,10,6,3,2,2,29,-10.0,24.0,Broken,🔥 COILED: Avoid/exit,29,0.0,0.0,0.0,50.0,0,,nan,nan,0.0
SAMXX,State Street Master Funds - State Street U.S. Government Money Market Portfolio,1,2,4,10,6,3,2,2,29,-10.0,24.0,Broken,🔥 COILED: Avoid/exit,29,0.0,0.0,0.0,50.0,0,,nan,nan,0.0
SCOXX,Schwab Treasury Obligations Money Fund Ultra Shares,1,2,4,10,6,3,2,2,29,-10.0,24.0,Broken,🔥 COILED: Avoid/exit,29,0.0,0.0,0.0,50.0,0,,nan,nan,0.0
SEGXX,UBS Series Funds - UBS Select Government Preferred Fund,1,2,4,10,6,3,2,2,29,-10.0,24.0,Broken,🔥 COILED: Avoid/exit,29,0.0,0.0,0.0,50.0,0,,nan,nan,0.0
SCPXX,SEI Daily Income Trust - Treasury II Fund,1,2,4,10,6,3,2,2,29,-10.0,24.0,Broken,🔥 COILED: Avoid/exit,29,0.0,0.0,0.0,50.0,0,,nan,nan,0.0
SCTXX,Schwab AMT Tax-Free Money Fund Ultra Shares,1,2,4,10,6,3,2,2,29,-10.0,24.0,Broken,🔥 COILED: Avoid/exit,29,0.0,0.0,0.0,50.0,0,,nan,nan,0.0
SETXX,UBS (Cayman) Select Treasury Institutional Fund,1,2,4,10,6,3,2,2,29,-10.0,24.0,Broken,🔥 COILED: Avoid/exit,29,0.0,0.0,0.0,50.0,0,,nan,nan,0.0
SEOXX,SEI Daily Income Trust - Government Fund,1,2,4,10,6,3,2,2,29,-10.0,24.0,Broken,🔥 COILED: Avoid/exit,29,0.0,0.0,0.0,50.0,0,,nan,nan,0.0
SGMXX,The Saratoga Advantage Trust - U.S. Government Money Market Portfolio,1,2,4,10,6,3,2,2,29,-10.0,24.0,Broken,🔥 COILED: Avoid/exit,29,0.0,0.0,0.0,50.0,0,,nan,nan,0.0
SGAXX,The Saratoga Advantage Trust - U.S. Government Money Market Portfolio,1,2,4,10,6,3,2,2,29,-10.0,24.0,Broken,🔥 COILED: Avoid/exit,29,0.0,0.0,0.0,50.0,0,,nan,nan,0.0
SMGXX,Legg Mason Partners Money Market Trust - Western Asset Government Reserves,1,2,4,10,6,3,2,2,29,-10.0,24.0,Broken,🔥 COILED: Avoid/exit,29,0.0,0.0,0.0,50.0,0,,nan,nan,0.0
SGPXX,UBS Series Funds - UBS Select Government Preferred Fund,1,2,4,10,6,3,2,2,29,-10.0,24.0,Broken,🔥 COILED: Avoid/exit,29,0.0,0.0,0.0,50.0,0,,nan,nan,0.0
SGUXX,Schwab Government Money Fund Ultra Shares,1,2,4,10,6,3,2,2,29,-10.0,24.0,Broken,🔥 COILED: Avoid/exit,29,0.0,0.0,0.0,50.0,0,,nan,nan,0.0
SNAXX,The Charles Schwab Family of Funds - Schwab Value Advantage Money Fund,1,2,4,10,6,3,2,2,29,-10.0,24.0,Broken,🔥 COILED: Avoid/exit,29,0.0,0.0,0.0,50.0,0,,nan,nan,0.0
SNOXX,Charles Schwab Family of Funds - Schwab Treasury Obligations Money Fund,1,2,4,10,6,3,2,2,29,-10.0,24.0,Broken,🔥 COILED: Avoid/exit,29,0.0,0.0,0.0,50.0,0,,nan,nan,0.0
SNRXX,Schwab Charles Family Funds - Retirment Government Money Fund,1,2,4,10,6,3,2,2,29,-10.0,24.0,Broken,🔥 COILED: Avoid/exit,29,0.0,0.0,0.0,50.0,0,,nan,nan,0.0
SNSXX,The Charles Schwab Family of Funds - Schwab U.S. Treasury Money Fund,1,2,4,10,6,3,2,2,29,-10.0,24.0,Broken,🔥 COILED: Avoid/exit,29,0.0,0.0,0.0,50.0,0,,nan,nan,0.0
SNVXX,Schwab Government Money Fund,1,2,4,10,6,3,2,2,29,-10.0,24.0,Broken,🔥 COILED: Avoid/exit,29,0.0,0.0,0.0,50.0,0,,nan,nan,0.0
SPRXX,Fidelity Hereford Street Trust - Fidelity Money Market Fund,1,2,4,10,6,3,2,2,29,-10.0,24.0,Broken,🔥 COILED: Avoid/exit,29,0.0,0.0,0.0,50.0,0,,nan,nan,0.0
SNYXX,Schwab New York Municipal Money Fund Ultra Shares,1,2,4,10,6,3,2,2,29,-10.0,24.0,Broken,🔥 COILED: Avoid/exit,29,0.0,0.0,0.0,50.0,0,,nan,nan,0.0
SSJXX,State Street Institutional Investment Trust- Treasury Money Market Fund,1,2,4,10,6,3,2,2,29,-10.0,24.0,Broken,🔥 COILED: Avoid/exit,29,0.0,0.0,0.0,50.0,0,,nan,nan,0.0
SSOXX,State Street Master Funds - State Street U.S. Government Money Market Portfolio,1,2,4,10,6,3,2,2,29,-10.0,24.0,Broken,🔥 COILED: Avoid/exit,29,0.0,0.0,0.0,50.0,0,,nan,nan,0.0
SSKXX,State Street Institutional Investment Trust - State Street Institutional Tax Free Money Market Fund,1,2,4,10,6,3,2,2,29,-10.0,24.0,Broken,🔥 COILED: Avoid/exit,29,0.0,0.0,0.0,50.0,0,,nan,nan,0.0
SSNXX,State Street Institutional Investment Trust - State Street Institutional Tax Free Money Market Fund,1,2,4,10,6,3,2,2,29,-10.0,24.0,Broken,🔥 COILED: Avoid/exit,29,0.0,0.0,0.0,50.0,0,,nan,nan,0.0
SSQXX,State Street Institutional Investment Trust - State Street Institutional Treasury Plus Money Market,1,2,4,10,6,3,2,2,29,-10.0,24.0,Broken,🔥 COILED: Avoid/exit,29,0.0,0.0,0.0,50.0,0,,nan,nan,0.0
SSVXX,State Street Institutional Liquid Reserves Fund,1.0,4,4,10,6,3,2,2,31,-10.0,24.0,Broken,Avoid/exit,32,0.0,0.0,-0.0,0.0,0,,nan,nan,0.0
STGXX,Wells Fargo Funds Trust - Money Market Fund,1,2,4,10,6,3,2,2,29,-10.0,24.0,Broken,🔥 COILED: Avoid/exit,29,0.0,0.0,0.0,50.0,0,,nan,nan,0.0
STPXX,UBS Money Series - UBS Select Treasury Preferred Fund,1,2,4,10,6,3,2,2,29,-10.0,24.0,Broken,🔥 COILED: Avoid/exit,29,0.0,0.0,0.0,50.0,0,,nan,nan,0.0
SWKXX,The Charles Schwab Family of Funds - Schwab California Municipal Money Fund,1,2,4,10,6,3,2,2,29,-10.0,24.0,Broken,🔥 COILED: Avoid/exit,29,0.0,0.0,0.0,50.0,0,,nan,nan,0.0
SUTXX,Schwab U.S. Treasury Money Fund Ultra Shares,1,2,4,10,6,3,2,2,29,-10.0,24.0,Broken,🔥 COILED: Avoid/exit,29,0.0,0.0,0.0,50.0,0,,nan,nan,0.0
SWOXX,Schwab Municipal Money Fund,1,2,4,10,6,3,2,2,29,-10.0,24.0,Broken,🔥 COILED: Avoid/exit,29,0.0,0.0,0.0,50.0,0,,nan,nan,0.0
SWYXX,The Charles Schwab Family of Funds - Schwab New York Municipal Money Fund,1,2,4,10,6,3,2,2,29,-10.0,24.0,Broken,🔥 COILED: Avoid/exit,29,0.0,0.0,0.0,50.0,0,,nan,nan,0.0
SWTXX,The Charles Schwab Family of Funds - Schwab Municipal Money Fund,1,2,4,10,6,3,2,2,29,-10.0,24.0,Broken,🔥 COILED: Avoid/exit,29,0.0,0.0,0.0,50.0,0,,nan,nan,0.0
SZCXX,The Saratoga Advantage Trust - U.S. Government Money Market Portfolio,1,2,4,10,6,3,2,2,29,-10.0,24.0,Broken,🔥 COILED: Avoid/exit,29,0.0,0.0,0.0,50.0,0,,nan,nan,0.0
SWWXX,The Charles Schwab Family of Funds - Schwab AMT Tax-Free Money Fund,1,2,4,10,6,3,2,2,29,-10.0,24.0,Broken,🔥 COILED: Avoid/exit,29,0.0,0.0,0.0,50.0,0,,nan,nan,0.0
TACXX,Short-Term Investment Trust - Invesco Treasury Obligations Portfolio,1,2,4,10,6,3,2,2,29,-10.0,24.0,Broken,🔥 COILED: Avoid/exit,29,0.0,0.0,0.0,50.0,0,,nan,nan,0.0
TAMXX,Transamerica Funds - Transamerica Government Money Market,1,2,4,10,6,3,2,2,29,-10.0,24.0,Broken,🔥 COILED: Avoid/exit,29,0.0,0.0,0.0,50.0,0,,nan,nan,0.0
TAQXX,State Street Institutional Investment Trust -Treasury Obligations Money Market Fund,1,2,4,10,6,3,2,2,29,-10.0,24.0,Broken,🔥 COILED: Avoid/exit,29,0.0,0.0,0.0,50.0,0,,nan,nan,0.0
TBIXX,Money Market Obligations Trust - Federated Tax-Free Obligations Fund,1,2,4,10,6,3,2,2,29,-10.0,24.0,Broken,🔥 COILED: Avoid/exit,29,0.0,0.0,0.0,50.0,0,,nan,nan,0.0
TBVXX,Money Market Obligations Trust - Federated Tax-Free Obligations Fund,1,2,4,10,6,3,2,2,29,-10.0,24.0,Broken,🔥 COILED: Avoid/exit,29,0.0,0.0,0.0,50.0,0,,nan,nan,0.0
TBSXX,Money Market Obligations Trust - Federated Tax-Free Obligations Fund,1,2,4,10,6,3,2,2,29,-10.0,24.0,Broken,🔥 COILED: Avoid/exit,29,0.0,0.0,0.0,50.0,0,,nan,nan,0.0
TCGXX,SEI Daily Income Trust - Government II Fund,1,2,4,10,6,3,2,2,29,-10.0,24.0,Broken,🔥 COILED: Avoid/exit,29,0.0,0.0,0.0,50.0,0,,nan,nan,0.0
TCIXX,TIAA-CREF Funds - TIAA-CREF Money Market Fund,1,2,4,10,6,3,2,2,29,-10.0,24.0,Broken,🔥 COILED: Avoid/exit,29,0.0,0.0,0.0,50.0,0,,nan,nan,0.0
TCRXX,American Century Investment Trust - Premium Money Market Fund,1,2,4,10,6,3,2,2,29,-10.0,24.0,Broken,🔥 COILED: Avoid/exit,29,0.0,0.0,0.0,50.0,0,,nan,nan,0.0
TERXX,T. Rowe Price Tax-Exempt Money Fund Inc.,1,2,4,10,6,3,2,2,29,-10.0,24.0,Broken,🔥 COILED: Avoid/exit,29,0.0,0.0,0.0,50.0,0,,nan,nan,0.0
TFFXX,BlackRock Liquidity Funds - Federal Trust Fund,1,2,4,10,6,3,2,2,29,-10.0,24.0,Broken,🔥 COILED: Avoid/exit,29,0.0,0.0,0.0,50.0,0,,nan,nan,0.0
TGRXX,Transamerica Funds - Government Money Market Fund,1,2,4,10,6,3,2,2,29,-10.0,24.0,Broken,🔥 COILED: Avoid/exit,29,0.0,0.0,0.0,50.0,0,,nan,nan,0.0
TFGXX,Transamerica Funds - Government Money Market Fund,1,2,4,10,6,3,2,2,29,-10.0,24.0,Broken,🔥 COILED: Avoid/exit,29,0.0,0.0,0.0,50.0,0,,nan,nan,0.0
TGTXX,Transamerica Funds - Government Money Market Fund,1,2,4,10,6,3,2,2,29,-10.0,24.0,Broken,🔥 COILED: Avoid/exit,29,0.0,0.0,0.0,50.0,0,,nan,nan,0.0
TIEXX,TIAA-CREF Funds - TIAA-CREF Money Market Fund,1,2,4,10,6,3,2,2,29,-10.0,24.0,Broken,🔥 COILED: Avoid/exit,29,0.0,0.0,0.0,50.0,0,,nan,nan,0.0
TIMXX,RBC Funds Trust - U.S. Government Money Market Fund,1,2,4,10,6,3,2,2,29,-10.0,24.0,Broken,🔥 COILED: Avoid/exit,29,0.0,0.0,0.0,50.0,0,,nan,nan,0.0
TISXX,Money Market Obligations Trust - Federated Hermes U.S. Treasury Cash Reserves,1,2,4,10,6,3,2,2,29,-10.0,24.0,Broken,🔥 COILED: Avoid/exit,29,0.0,0.0,0.0,50.0,0,,nan,nan,0.0
TIRXX,TIAA-CREF Funds - TIAA-CREF Money Market Fund,1,2,4,10,6,3,2,2,29,-10.0,24.0,Broken,🔥 COILED: Avoid/exit,29,0.0,0.0,0.0,50.0,0,,nan,nan,0.0
TLMXX,TIAA-CREF Life Money Market Fund,1,2,4,10,6,3,2,2,29,-10.0,24.0,Broken,🔥 COILED: Avoid/exit,29,0.0,0.0,0.0,50.0,0,,nan,nan,0.0
TMDXX,T. Rowe Price State Tax-Free Income Trust - T. Rowe Price Maryland Tax-Free Money Fund,1,2,4,10,6,3,2,2,29,-10.0,24.0,Broken,🔥 COILED: Avoid/exit,29,0.0,0.0,0.0,50.0,0,,nan,nan,0.0
TMHXX,TIAA-CREF Life Funds - Money Market Fund,1,2,4,10,6,3,2,2,29,-10.0,24.0,Broken,🔥 COILED: Avoid/exit,29,0.0,0.0,0.0,50.0,0,,nan,nan,0.0
TPFXX,Short-Term Investment Trust - Invesco Treasury Portfolio,1,2,4,10,6,3,2,2,29,-10.0,24.0,Broken,🔥 COILED: Avoid/exit,29,0.0,0.0,0.0,50.0,0,,nan,nan,0.0
TPPXX,TIAA-CREF Funds - TIAA-CREF Money Market Fund,1,2,4,10,6,3,2,2,29,-10.0,24.0,Broken,🔥 COILED: Avoid/exit,29,0.0,0.0,0.0,50.0,0,,nan,nan,0.0
TPLXX,State Street Institutional Investment Trust - International Treasure Plus Money Market Fund,1,2,4,10,6,3,2,2,29,-10.0,24.0,Broken,🔥 COILED: Avoid/exit,29,0.0,0.0,0.0,50.0,0,,nan,nan,0.0
TPVXX,State Street Institutional Investment Trust - State Street Institutional Treasury Plus Money Market,1,2,4,10,6,3,2,2,29,-10.0,24.0,Broken,🔥 COILED: Avoid/exit,29,0.0,0.0,0.0,50.0,0,,nan,nan,0.0
TRIXX,State Street Institutional Investment Trust - Treasury Fund,1,2,4,10,6,3,2,2,29,-10.0,24.0,Broken,🔥 COILED: Avoid/exit,29,0.0,0.0,0.0,50.0,0,,nan,nan,0.0
TRGXX,T. Rowe Price U.S. Treasury Funds Inc. - T. Rowe Price U.S. Treasury Money Fund,1,2,4,10,6,3,2,2,29,-10.0,24.0,Broken,🔥 COILED: Avoid/exit,29,0.0,0.0,0.0,50.0,0,,nan,nan,0.0
TRPXX,Short-Term Investment Trust - Invesco Treasury Portfolio,1,2,4,10,6,3,2,2,29,-10.0,24.0,Broken,🔥 COILED: Avoid/exit,29,0.0,0.0,0.0,50.0,0,,nan,nan,0.0
TRVXX,State Street Institutional Investment Trust - Treasury Fund,1,2,4,10,6,3,2,2,29,-10.0,24.0,Broken,🔥 COILED: Avoid/exit,29,0.0,0.0,0.0,50.0,0,,nan,nan,0.0
TSPXX,Short-Term Investment Trust - Invesco Treasury Obligations Portfolio,1,2,4,10,6,3,2,2,29,-10.0,24.0,Broken,🔥 COILED: Avoid/exit,29,0.0,0.0,0.0,50.0,0,,nan,nan,0.0
TRZXX,T. Rowe Price U.S. Treasury Funds Inc. - T. Rowe Price U.S. Treasury Money Fund,1,2,4,10,6,3,2,2,29,-10.0,24.0,Broken,🔥 COILED: Avoid/exit,29,0.0,0.0,0.0,50.0,0,,nan,nan,0.0
TTOXX,Money Market Obligations Trust - Federated Trust for U.S. Treasury Obligations,1,2,4,10,6,3,2,2,29,-10.0,24.0,Broken,🔥 COILED: Avoid/exit,29,0.0,0.0,0.0,50.0,0,,nan,nan,0.0
TTGXX,T Rowe Price Government Money Funds Inc - Government Money Fund,1,2,4,10,6,3,2,2,29,-10.0,24.0,Broken,🔥 COILED: Avoid/exit,29,0.0,0.0,0.0,50.0,0,,nan,nan,0.0
TUIXX,RBC Funds Trust - U.S. Government Money Market Fund,1,2,4,10,6,3,2,2,29,-10.0,24.0,Broken,🔥 COILED: Avoid/exit,29,0.0,0.0,0.0,50.0,0,,nan,nan,0.0
TUGXX,RBC Funds Trust - U.S. Government Money Market Fund,1,2,4,10,6,3,2,2,29,-10.0,24.0,Broken,🔥 COILED: Avoid/exit,29,0.0,0.0,0.0,50.0,0,,nan,nan,0.0
TWNXX,T. Rowe Price State Tax-Free Income Trust - T. Rowe Price Maryland Tax-Free Money Fund,1,2,4,10,6,3,2,2,29,-10.0,24.0,Broken,🔥 COILED: Avoid/exit,29,0.0,0.0,0.0,50.0,0,,nan,nan,0.0
TXMXX,Cash Account Trust - DWS Tax-Exempt Portfolio,1,2,4,10,6,3,2,2,29,-10.0,24.0,Broken,🔥 COILED: Avoid/exit,29,0.0,0.0,0.0,50.0,0,,nan,nan,0.0
TXPXX,Short-Term Investment Trust - Invesco Treasury Obligations Portfolio,1,2,4,10,6,3,2,2,29,-10.0,24.0,Broken,🔥 COILED: Avoid/exit,29,0.0,0.0,0.0,50.0,0,,nan,nan,0.0
TYCXX,Short-Term Investment Trust - Invesco Treasury Portfolio,1,2,4,10,6,3,2,2,29,-10.0,24.0,Broken,🔥 COILED: Avoid/exit,29,0.0,0.0,0.0,50.0,0,,nan,nan,0.0
UPRXX,Ubs Money Series - Prime Reserve  Fund,1,2,4,10,6,3,2,2,29,-10.0,24.0,Broken,🔥 COILED: Avoid/exit,29,0.0,0.0,0.0,50.0,0,,nan,nan,0.0
UPPXX,UBS Select Prime Preferred Fund,1,2,4,10,6,3,2,2,29,-10.0,24.0,Broken,🔥 COILED: Avoid/exit,29,0.0,0.0,0.0,50.0,0,,nan,nan,0.0
UATXX,USAA Mutual Funds Trust - USAA Treasury Money Market Trust,1,2,4,10,6,3,2,2,29,-10.0,24.0,Broken,🔥 COILED: Avoid/exit,29,0.0,0.0,0.0,50.0,0,,nan,nan,0.0
USAXX,USAA Mutual Funds Trust - USAA Money Market Fund,1,2,4,10,6,3,2,2,29,-10.0,24.0,Broken,🔥 COILED: Avoid/exit,29,0.0,0.0,0.0,50.0,0,,nan,nan,0.0
USEXX,USAA Mutual Funds Trust - USAA Tax Exempt Money Market Fund,1,2,4,10,6,3,2,2,29,-10.0,24.0,Broken,🔥 COILED: Avoid/exit,29,0.0,0.0,0.0,50.0,0,,nan,nan,0.0
UTIXX,Money Market Obligations Trust - Federated Hermes U.S. Treasury Cash Reserves,1,2,4,10,6,3,2,2,29,-10.0,24.0,Broken,🔥 COILED: Avoid/exit,29,0.0,0.0,0.0,50.0,0,,nan,nan,0.0
UTSXX,Shelton Funds - The United States Treasury Trust,1,2,4,10,6,3,2,2,29,-10.0,24.0,Broken,🔥 COILED: Avoid/exit,29,0.0,0.0,0.0,50.0,0,,nan,nan,0.0
VCTXX,Vanguard California Municipal Money Market Fund,1,2,4,10,6,3,2,2,29,-10.0,24.0,Broken,🔥 COILED: Avoid/exit,29,0.0,0.0,0.0,50.0,0,,nan,nan,0.0
VMRXX,Vanguard Money Market Reserves - Vanguard Cash Reserves Federal Money Market Fund,1,2,4,10,6,3,2,2,29,-10.0,24.0,Broken,🔥 COILED: Avoid/exit,29,0.0,0.0,0.0,50.0,0,,nan,nan,0.0
VETXX,Goldman Sachs Trust - Goldman Sachs Financial Square Government Fund,1,2,4,10,6,3,2,2,29,-10.0,24.0,Broken,🔥 COILED: Avoid/exit,29,0.0,0.0,0.0,50.0,0,,nan,nan,0.0
VMSXX,Vanguard Municipal Bond Funds - Vanguard Municipal Money Market Fund,1,2,4,10,6,3,2,2,29,-10.0,24.0,Broken,🔥 COILED: Avoid/exit,29,0.0,0.0,0.0,50.0,0,,nan,nan,0.0
VYFXX,Vanguard New York Tax-Exempt Money Market Fund,1,2,4,10,6,3,2,2,29,-10.0,24.0,Broken,🔥 COILED: Avoid/exit,29,0.0,0.0,0.0,50.0,0,,nan,nan,0.0
WABXX,Western Asset Premier Institutional Government Reserves Capital Shares,1,2,4,10,6,3,2,2,29,-10.0,24.0,Broken,🔥 COILED: Avoid/exit,29,0.0,0.0,0.0,50.0,0,,nan,nan,0.0
WACXX,Western Asset Premier Institutional Government Reserves Preferred Shares,1,2,4,10,6,3,2,2,29,-10.0,24.0,Broken,🔥 COILED: Avoid/exit,29,0.0,0.0,0.0,50.0,0,,nan,nan,0.0
WADXX,Western Asset Premier Institutional U.S. Treasury Reserves Capital Shares,1,2,4,10,6,3,2,2,29,-10.0,24.0,Broken,🔥 COILED: Avoid/exit,29,0.0,0.0,0.0,50.0,0,,nan,nan,0.0
WAGXX,Wilmington Funds - Wilmington U.S. Government Money Market Fund,1,2,4,10,6,3,2,2,29,-10.0,24.0,Broken,🔥 COILED: Avoid/exit,29,0.0,0.0,0.0,50.0,0,,nan,nan,0.0
WAEXX,Western Asset Premier Institutional U.S. Treasury Reserves Preferred Shares,1,2,4,10,6,3,2,2,29,-10.0,24.0,Broken,🔥 COILED: Avoid/exit,29,0.0,0.0,0.0,50.0,0,,nan,nan,0.0
WCGXX,Northern Institutional Funds - U.S. Government Select Portfolio,1,2,4,10,6,3,2,2,29,-10.0,24.0,Broken,🔥 COILED: Avoid/exit,29,0.0,0.0,0.0,50.0,0,,nan,nan,0.0
WFGXX,Allspring Funds Trust - Allspring Government Money Market Fund,1,2,4,10,6,3,2,2,29,-10.0,24.0,Broken,🔥 COILED: Avoid/exit,29,0.0,0.0,0.0,50.0,0,,nan,nan,0.0
WFFXX,Allspring Funds Trust - Allspring Government Money Market Fund,1,2,4,10,6,3,2,2,29,-10.0,24.0,Broken,🔥 COILED: Avoid/exit,29,0.0,0.0,0.0,50.0,0,,nan,nan,0.0
WFNXX,Wells Fargo Funds Trust - National Tax-Free Money Market Fund,1,2,4,10,6,3,2,2,29,-10.0,24.0,Broken,🔥 COILED: Avoid/exit,29,0.0,0.0,0.0,50.0,0,,nan,nan,0.0
WGAXX,Allspring Funds Trust - Allspring Government Money Market Fund,1,2,4,10,6,3,2,2,29,-10.0,24.0,Broken,🔥 COILED: Avoid/exit,29,0.0,0.0,0.0,50.0,0,,nan,nan,0.0
WGOXX,Wilmington Funds - Wilmington U.S. Government Money Market Fund,1,2,4,10,6,3,2,2,29,-10.0,24.0,Broken,🔥 COILED: Avoid/exit,29,0.0,0.0,0.0,50.0,0,,nan,nan,0.0
WGEXX,Wilmington Funds - Wilmington U.S. Government Money Market Fund,1,2,4,10,6,3,2,2,29,-10.0,24.0,Broken,🔥 COILED: Avoid/exit,29,0.0,0.0,0.0,50.0,0,,nan,nan,0.0
WGSXX,WT Mutual Fund - Wilmington U.S. Government Money Market Fund,1,2,4,10,6,3,2,2,29,-10.0,24.0,Broken,🔥 COILED: Avoid/exit,29,0.0,0.0,0.0,50.0,0,,nan,nan,0.0
WMOXX,Wells Fargo Funds Trust - Money Market Fund,1,2,4,10,6,3,2,2,29,-10.0,24.0,Broken,🔥 COILED: Avoid/exit,29,0.0,0.0,0.0,50.0,0,,nan,nan,0.0
WMPXX,Wells Fargo Funds Trust - Money Market Fund,1,2,4,10,6,3,2,2,29,-10.0,24.0,Broken,🔥 COILED: Avoid/exit,29,0.0,0.0,0.0,50.0,0,,nan,nan,0.0
WNTXX,Wells Fargo Funds Trust - National Tax-Free Money Market Fund,1,2,4,10,6,3,2,2,29,-10.0,24.0,Broken,🔥 COILED: Avoid/exit,29,0.0,0.0,0.0,50.0,0,,nan,nan,0.0
WOTXX,Wells Fargo Funds Trust - 100% Treasury Money Market Fund,1,2,4,10,6,3,2,2,29,-10.0,24.0,Broken,🔥 COILED: Avoid/exit,29,0.0,0.0,0.0,50.0,0,,nan,nan,0.0
WTAXX,Wilmington Funds - Wilmington U.S. Treasury Money Market Fund,1,2,4,10,6,3,2,2,29,-10.0,24.0,Broken,🔥 COILED: Avoid/exit,29,0.0,0.0,0.0,50.0,0,,nan,nan,0.0
WTEXX,WT Mutual Fund - Wilmington Tax-Exempt Money Market Fund,1,2,4,10,6,3,2,2,29,-10.0,24.0,Broken,🔥 COILED: Avoid/exit,29,0.0,0.0,0.0,50.0,0,,nan,nan,0.0
WTIXX,Wilmington Funds - Wilmington U.S. Treasury Money Market Fund,1,2,4,10,6,3,2,2,29,-10.0,24.0,Broken,🔥 COILED: Avoid/exit,29,0.0,0.0,0.0,50.0,0,,nan,nan,0.0
WTLXX,Wells Fargo Funds Trust - Treasury Plus Money Market Fund,1,2,4,10,6,3,2,2,29,-10.0,24.0,Broken,🔥 COILED: Avoid/exit,29,0.0,0.0,0.0,50.0,0,,nan,nan,0.0
WTPXX,Wells Fargo Funds Trust - Treasury Plus Money Market Fund,1,2,4,10,6,3,2,2,29,-10.0,24.0,Broken,🔥 COILED: Avoid/exit,29,0.0,0.0,0.0,50.0,0,,nan,nan,0.0
WTRXX,Wells Fargo Funds Trust - 100% Treasury Money Market Fund,1,2,4,10,6,3,2,2,29,-10.0,24.0,Broken,🔥 COILED: Avoid/exit,29,0.0,0.0,0.0,50.0,0,,nan,nan,0.0
WTSXX,WT Mutual Fund - Wilmington Tax-Exempt Money Market Fund,1,2,4,10,6,3,2,2,29,-10.0,24.0,Broken,🔥 COILED: Avoid/exit,29,0.0,0.0,0.0,50.0,0,,nan,nan,0.0
FOBXX,Franklin Templeton Trust - Onchain US Government Money Fund,1,2,4,10,6,3,2,2,29,-10.0,24.0,Broken,🔥 COILED: Avoid/exit,29,0.0,0.0,0.0,50.0,0,,nan,nan,0.0
FYIXX,Fidelity Treasury Only Money Market Fund,1,2,4,10,6,3,2,2,29,-10.0,24.0,Broken,🔥 COILED: Avoid/exit,29,0.0,0.0,0.0,50.0,0,,nan,nan,0.0
MPCMF,Mapletree Commercial Trust,0.998,4,6,7,4,3,5,2,31,-10.0,24.0,Broken,Avoid/exit,28,0.0,0.0,-0.1,38.4,0,,Real Estate,5627854336.0,187.31
KCLHF,KCLHF,1.06,2,4,10,6,3,2,2,29,-10.0,24.0,Broken,🔥 COILED: Avoid/exit,0,0.0,0.0,0.0,50.0,0,,nan,4759977472.0,0.0
APXCF,Apex Critical Metals Corp.,1.07,15,11,7,5,4,1,5,48,-29,24,Broken,Avoid/exit,23,23.3,21.6,14.2,64.6,3,,Basic Materials,103626968.0,89925.82
EVCOU,EVCOU,1.1,2,4,10,6,3,2,2,29,-10.0,24.0,Broken,🔥 COILED: Avoid/exit,29,0.0,0.0,0.0,50.0,0,,nan,nan,0.25
GASXF,Ngx Energy International Corp,1.04,15,8,3,4,4,3,5,42,-16.0,24.0,Broken,Avoid/exit,38,4.0,-3.7,2.6,53.7,0,,Energy,319228576.0,53151.3
SKHRF,Stakeholder Gold Corp,1.23,8,6,7,4,5,3,3,36,-15.0,24.0,Broken,Avoid/exit,53,-3.1,-1.6,-0.7,49.2,1,,Basic Materials,27349696.0,3043.21
CVPUF,CP ALL Public Company Limited,1.3,7,3,10,7,3,2,2,34,-13.0,24.0,Broken,Avoid/exit,35,0.0,0.0,-0.0,86.7,0,,Consumer Defensive,15148871680.0,0.0
HRZCF,HRZCF,1.3,2,4,10,6,3,2,2,29,-10.0,24.0,Broken,🔥 COILED: Avoid/exit,29,0.0,0.0,0.0,50.0,0,,Industrials,4156417024.0,4.5
KNFSF,Kiatnakin Bank Public Company. Ltd,1.32,2,4,10,6,3,2,2,29,-10.0,24.0,Broken,🔥 COILED: Avoid/exit,29,0.0,0.0,0.0,50.0,0,,Financial Services,1613675136.0,30.04
AREN,Arena Group Holdings Inc,0.94,4,8,0,10,4,4,2,32,-8.0,24.0,Broken,Avoid/exit,17,-6.9,-41.3,-18.5,41.9,1,,Communication Services,62835688.0,142212.73
ICDX,ICDX,1.3,2,4,10,6,3,2,2,29,-10.0,24.0,Broken,🔥 COILED: Avoid/exit,30,0.0,0.0,0.0,50.0,0,,Consumer Cyclical,8384999.0,9.0
OBGRF,Orbit Garant Drilling Inc,1.0,10,4,5,5,4,1,5,34,-10.0,24.0,Broken,Avoid/exit,23,0.0,0.0,7.1,57.0,0,,Basic Materials,52294188.0,2388.44
RHCGF,Ryman Healthcare Limited,1.48,16,4,5,12,6,6,5,54,-30,24,Broken,Avoid/exit,46,9.6,17.9,13.4,93.1,3,,Healthcare,1432177920.0,15.05
XHLD,"TEN Holdings, Inc. Common Stock",8.51,18,6,6,9,6,6,5,56,-30,24,Broken,Avoid/exit,66,29.1,138.4,61.1,80.2,3,,Communication Services,6089322.0,1305084.25
SCTSF,Scottie Resources Corp,2.08,13,8,6,15,7,0,5,54,-30,24,Broken,Avoid/exit,60,7.2,23.8,14.3,71.7,3,,Basic Materials,122323808.0,46799.19
GSTK,GSTK,1.22,4,6,9,5,4,1,2,31,-10.0,24.0,Broken,Avoid/exit,16,0.0,0.0,-0.4,33.3,0,,Healthcare,46036276.0,28.35
STCPF,Sella Capital Real Estate Ltd,1.5,2,4,10,6,3,2,2,29,-10.0,24.0,Broken,🔥 COILED: Avoid/exit,29,0.0,0.0,0.0,50.0,0,,Real Estate,384328800.0,0.0
PZCUY,PZ Cussons PLC ADR,2.602,20,7,3,4,7,2,5,48,-24,24,Broken,Avoid/exit,60,72.4,72.4,52.4,100.0,3,6,Consumer Defensive,317366944.0,0.0
STNDF,Santander UK plc,1.5,2,4,10,6,3,2,2,29,-10.0,24.0,Broken,🔥 COILED: Avoid/exit,29,0.0,0.0,0.0,50.0,0,,Financial Services,nan,889.13
SLRD,SLRD,1.5,2,4,10,6,3,2,2,29,-10.0,24.0,Broken,🔥 COILED: Avoid/exit,0,0.0,0.0,0.0,50.0,0,,Industrials,nan,0.0
GRWG,GrowGeneration Corp,1.71,15,3,4,8,5,4,5,44,-20.0,24.0,Broken,Avoid/exit,63,-7.1,14.8,3.0,56.4,3,,Consumer Cyclical,102454992.0,555374.09
MTPTF,Motorpoint Group plc,1.78,2,4,10,6,3,2,2,29,-10.0,24.0,Broken,🔥 COILED: Avoid/exit,29,0.0,0.0,0.0,50.0,1,,Consumer Cyclical,141745376.0,88.75
CLIHF,CLS Holdings plc,1.8,2,4,10,6,3,2,2,29,-10.0,24.0,Broken,🔥 COILED: Avoid/exit,29,0.0,0.0,0.0,50.0,1,,Real Estate,716599360.0,0.5
WMTN,WestMountain Gold Inc,0.676,6,6,9,5,3,5,2,36,-15.0,24.0,Broken,Avoid/exit,20,0.0,0.0,-2.5,30.4,1,,Basic Materials,36252956.0,26.61
DYSL,Dynasil Corporation of America,1.8,9,3,11,9,3,2,2,39,-18.0,24.0,Broken,Avoid/exit,38,0.0,0.0,0.0,83.9,1,,Technology,22198900.0,19.5
PHBBF,"Pharmaron Beijing Co., Ltd.",1.93,2,4,10,6,3,2,2,29,-10.0,24.0,Broken,🔥 COILED: Avoid/exit,29,0.0,0.0,0.0,50.0,0,,Healthcare,3545957120.0,4.0
HMCLF,HMCLF,2.06,11,6,10,5,6,2,2,42,-23.0,24.0,Broken,🔥 COILED: Avoid/exit,43,0.0,0.0,0.5,97.8,1,,Real Estate,792222208.0,124.67
WPRT,Westport Fuel Systems Inc,1.84,5,11,6,2,4,4,4,36,-13.0,24.0,Broken,Avoid/exit,28,2.2,-4.7,0.5,49.5,1,,Consumer Cyclical,33921684.0,59540.58
XDHYX,Credit Suisse High Yield Bond Fund,1.92,3,4,6,6,3,4,3,29,-10.0,24.0,Broken,🔥 COILED: Avoid/exit,31,0.0,-0.5,-0.1,41.4,0,,Other,0.0,0.0
CIG,Companhia Energetica de Minas Gerais CEMIG Pref ADR,2.02,4,13,4,2,4,3,2,32,-6.0,24.0,Broken,Avoid/exit,22,6.3,2.5,0.7,49.0,1,,Utilities,5964521984.0,4472774.99
SPIDY,Septeni Holdings Co Ltd ADR,2.13,2,4,10,6,3,2,2,29,-10.0,24.0,Broken,🔥 COILED: Avoid/exit,29,0.0,0.0,0.0,50.0,0,,Communication Services,441858080.0,1.01
CWID,Country-Wide Insurance Company,2.15,12,6,11,6,3,4,2,44,-23.0,24.0,Broken,Avoid/exit,50,0.0,0.0,0.0,99.9,0,,Financial Services,nan,4.0
CMCUF,CMCUF,2,2,4,10,6,3,2,2,29,-10.0,24.0,Broken,🔥 COILED: Avoid/exit,0,0.0,0.0,0.0,50.0,0,,Financial Services,nan,0.0
ALSUF,ALSUF,2,2,4,10,6,3,2,2,29,-10.0,24.0,Broken,🔥 COILED: Avoid/exit,0,0.0,0.0,0.0,50.0,0,,Financial Services,nan,0.0
MSC,Studio City International Holdings Ltd,1.851,11,15,9,0,3,3,4,45,-26.0,24.0,Broken,🔥 COILED: Avoid/exit,31,1.2,8.9,2.3,52.1,3,,Consumer Cyclical,437175168.0,10293.85
CDGXY,China Dongxiang Group Co Ltd ADR,1.713,3,3,9,6,3,5,2,31,-10.0,24.0,Broken,Avoid/exit,14,0.0,0.0,-1.8,1.3,0,,Consumer Cyclical,290665120.0,0.0
RUBLF,Rubellite Energy Inc,3.17,16,5,9,3,5,0,3,41,-20.0,24.0,Broken,🔥 COILED: Avoid/exit,56,0.7,-0.6,0.9,54.9,0,,Energy,229746304.0,13800.49
AMTX,Aemetis Inc,1.91,13,7,5,14,3,2,5,49,-23.0,24.0,Broken,Avoid/exit,27,2.7,12.4,6.9,57.5,3,,Basic Materials,173101536.0,1228378.12
ADWYF,ADWYF,2.259,2,4,10,6,3,2,2,29,-10.0,24.0,Broken,🔥 COILED: Avoid/exit,29,0.0,0.0,0.0,50.0,0,,Communication Services,88286512.0,0.0
BTMD,biote Corp,1.58,6,16,1,3,4,2,2,34,-8.0,24.0,Broken,Avoid/exit,20,21.5,2.6,-6.0,42.3,0,,Healthcare,83905264.0,180561.39
BTCFF,Bitcoin Treasury Corporation,2.14,6,7,6,4,3,3,2,31,-10.0,24.0,Broken,Avoid/exit,17,0.0,4.4,-0.5,40.7,0,,nan,nan,3041.72
DBMBF,FIBRA Macquarie México,2.42,4,4,9,1,6,3,2,29,-10.0,24.0,Broken,🔥 COILED: Avoid/exit,35,0.0,-4.0,-1.3,46.4,1,,Real Estate,1994474496.0,0.0
XDNCF,XD Inc,2.7,5,4,10,6,0,2,2,29,-10.0,24.0,Broken,🔥 COILED: Avoid/exit,31,0.0,0.0,0.0,50.0,0,,Communication Services,1301346432.0,1.75
JFHHF,Jupiter Fund Management Plc,2.61,12,6,11,6,3,4,2,44,-23.0,24.0,Broken,Avoid/exit,52,0.0,0.0,0.0,99.9,0,,Financial Services,1310166528.0,276.5
CERS,Cerus Corporation,2.72,8,8,3,10,3,0,2,34,-8.0,24.0,Broken,Avoid/exit,47,-1.4,5.8,-0.7,49.0,1,,Healthcare,559029440.0,1711032.73
HLLY,Holley Inc,2.89,9,4,3,7,3,2,4,32,-8.0,24.0,Broken,Avoid/exit,30,-6.5,-7.4,-2.6,48.4,0,,Consumer Cyclical,315368992.0,903740.74
LGYV,Legacy Ventures International Inc,2.5,2,4,10,6,3,2,2,29,-10.0,24.0,Broken,🔥 COILED: Avoid/exit,29,0.0,0.0,0.0,50.0,0,,Financial Services,125787664.0,0.0
OZVN,OZ Vision Inc.,2.5,2,4,10,6,3,2,2,29,-10.0,24.0,Broken,🔥 COILED: Avoid/exit,0,0.0,0.0,0.0,50.0,0,,Industrials,73432384.0,0.0
JUKCF,JUKCF,2.64,2,4,10,6,3,2,2,29,-10.0,24.0,Broken,🔥 COILED: Avoid/exit,29,0.0,0.0,0.0,50.0,1,,Industrials,78030800.0,12.5
AIPG,AI Technology Group Inc,2.5,5,4,10,6,3,4,2,34,-15.0,24.0,Broken,🔥 COILED: Avoid/exit,42,0.0,0.0,-0.0,42.9,1,,Financial Services,4008782.0,60.66
XFCOX,Aberdeen Global Income Fd Inc,2.74,4,3,10,6,3,3,2,31,-10.0,24.0,Broken,Avoid/exit,34,0.0,0.0,-0.0,36.9,0,,Other,0.0,0.0
HLLY-WS,HLLY-WS,2.89,9,4,3,7,3,2,4,32,-8.0,24.0,Broken,Avoid/exit,30,-6.5,-7.4,-2.6,48.4,0,,nan,nan,903395.71
IPFPF,International Personal Finance plc,2.83,7,3,10,7,3,2,2,34,-13.0,24.0,Broken,Avoid/exit,41,0.0,0.0,0.0,94.9,0,,Financial Services,628432704.0,15.0
SWRD,Stewards Inc.,3.55,7,4,0,8,3,0,2,24,0.0,24.0,Broken,Avoid/exit,35,-11.3,-14.7,-9.5,42.8,0,,Financial Services,608466240.0,1742.91
SARDF,Sanford Limited,2.78,5,3,10,9,3,2,2,34,-13.0,24.0,Broken,Avoid/exit,31,0.0,0.0,-0.0,82.0,0,,Consumer Defensive,259947056.0,0.0
AIIO,Robo.ai Inc.,2.67,3,7,8,8,2,2,2,32,-8.0,24.0,Broken,Avoid/exit,34,-4.0,-10.4,-9.1,41.3,1,,Consumer Cyclical,55789548.0,4175162.61
MLCI,Mount Logan Capital Inc. Common Stock,3.27,11,15,6,6,4,2,2,46,-25.0,24.0,Broken,🔥 COILED: Avoid/exit,34,5.1,14.7,4.3,54.8,3,,Financial Services,33006866.0,63786.48
PFPLF,Propel Funeral Partners Limited,3,2,4,10,6,3,2,2,29,-10.0,24.0,Broken,🔥 COILED: Avoid/exit,29,0.0,0.0,0.0,50.0,0,,Consumer Cyclical,413920800.0,0.0
FRFBF,ForFarmers N.V.,3.17,2,4,10,6,3,2,2,29,-10.0,24.0,Broken,🔥 COILED: Avoid/exit,30,0.0,0.0,0.0,50.0,1,,Consumer Defensive,280641024.0,1.0
ZH,Zhihu Inc ADR,3.16,4,9,7,2,5,7,2,36,-15.0,24.0,Broken,Avoid/exit,35,1.6,-4.2,-1.2,46.0,1,,Communication Services,268187744.0,324787.99
NAAS,Naas Technology Inc ADR,3.246,9,6,7,3,5,4,2,36,-15.0,24.0,Broken,Avoid/exit,52,-2.7,-6.2,-2.1,46.9,1,,Consumer Cyclical,37853332.0,33512.11
TUSK,Mammoth Energy Services Inc,3.17,13,10,4,5,5,2,5,44,-18.0,24.0,Broken,Avoid/exit,45,3.3,-3.4,2.8,54.6,2,,Industrials,159926544.0,240174.56
CIIHF,CITIC Securities Company Limited,3.5,5,3,11,8,3,2,2,34,-13.0,24.0,Broken,Avoid/exit,37,0.0,0.0,0.0,82.7,0,,Financial Services,49352417280.0,0.0
ZHUZF,Zhuzhou CRRC Times Electric Co. Ltd,3.65,2,4,10,6,3,2,2,29,-10.0,24.0,Broken,🔥 COILED: Avoid/exit,29,0.0,0.0,0.0,50.0,0,,Industrials,4794186240.0,0.0
EENNF,ENAV S.p.A,3.52,2,4,10,6,3,2,2,29,-10.0,24.0,Broken,🔥 COILED: Avoid/exit,29,0.0,0.0,0.0,50.0,0,,Industrials,1901944832.0,0.0
ISLCF,ISLCF,3.69,2,4,10,6,3,2,2,29,-10.0,24.0,Broken,🔥 COILED: Avoid/exit,29,0.0,0.0,0.0,50.0,0,,nan,1258648832.0,0.0
PGUCY,Prosegur Cash S.A,3.595,5,3,10,6,3,2,2,31,-10.0,24.0,Broken,Avoid/exit,28,0.0,0.0,-0.0,0.0,0,,Industrials,1231464192.0,1.51
VTEXF,Venturex Resources Ltd (Australia),3.48,9,6,3,6,3,5,2,34,-10.0,24.0,Broken,Avoid/exit,47,0.9,0.9,-1.0,22.6,0,,Basic Materials,1207746816.0,77.81
MTC,MMTEC Inc,3.805,16,14,7,4,3,3,5,52,-29,24,Broken,Avoid/exit,45,22.3,24.3,18.7,64.9,4,,Technology,397355360.0,2815057.1
PXMBF,Paxman AB,3.5,2,4,10,6,3,2,2,29,-10.0,24.0,Broken,🔥 COILED: Avoid/exit,30,0.0,0.0,0.0,50.0,0,,Healthcare,81456960.0,27.0
ACON,Aclarion Inc,2.49,8,5,2,11,0,2,5,33,-9.0,24.0,Broken,Avoid/exit,18,-4.2,9.2,-1.7,47.7,2,,Healthcare,8420895.0,345816.67
OBIO,Orchestra BioMed Holdings Inc.,5.36,16,5,6,14,5,3,5,54,-30.0,24.0,Broken,Avoid/exit,64,-5.3,21.8,12.3,70.6,3,,Healthcare,231139552.0,248407.44
FNFPA,First Niles Financial Inc. PFD SER A,3.8,5,3,10,6,3,2,2,31,-10.0,24.0,Broken,Avoid/exit,28,0.0,0.0,-0.0,0.0,0,,Other,0.0,18.74
PILBF,Pilbara Minerals Limited,3.95,14,7,4,11,5,5,5,51,-27.0,24.0,Broken,Avoid/exit,52,27.4,20.1,16.3,67.9,3,,Basic Materials,14080234496.0,74206.48
CUGCY,China Oriental Group Co Ltd ADR,4.2,6,3,11,7,3,2,2,34,-13.0,24.0,Broken,Avoid/exit,37,0.0,0.0,0.0,95.7,0,,Basic Materials,876665024.0,2.5
GIMSX,GOLDMAN SACHS LOCAL EMERGING MARKETS DEBT FUND CLASS R6 SHARES,4.0,4,4,8,6,3,4,2,31,-10.0,24.0,Broken,Avoid/exit,24,0.0,-0.2,-0.1,30.5,0,,nan,nan,0.0
SIGA,SIGA Technologies Inc,3.04,6,14,3,3,4,2,2,34,-11.0,24.0,Broken,Avoid/exit,19,1.7,5.6,-1.5,44.3,0,,Healthcare,308413632.0,494599.12
OTPMF,OPTiM Corporation,4.42,2,4,10,6,3,2,2,29,-10.0,24.0,Broken,🔥 COILED: Avoid/exit,30,0.0,0.0,0.0,50.0,0,,Technology,240884000.0,4.5
GNRV,Grand River Commerce Inc,5.21,7,4,3,7,6,5,2,34,-10.0,24.0,Broken,Avoid/exit,44,-6.1,-3.5,-2.4,39.3,0,,Financial Services,29915428.0,3200.44
ALEDY,Allied Group Ltd ADR,5,2,4,10,6,3,2,2,29,-10.0,24.0,Broken,🔥 COILED: Avoid/exit,29,0.0,0.0,0.0,50.0,1,,Financial Services,702736896.0,0.0
AECLY,AE & CI Ltd. (South Africa) ADR,5.0,5,3,10,6,3,2,2,31,-10.0,24.0,Broken,Avoid/exit,26,0.0,0.0,-0.0,0.0,0,,Basic Materials,527588864.0,4.5
MDNC,Medinotec Inc.,5,2,4,10,6,3,2,2,29,-10.0,24.0,Broken,🔥 COILED: Avoid/exit,30,0.0,0.0,0.0,50.0,0,,Healthcare,58777740.0,5.0
ATXG,Addentax Group Corp,3.69,5,5,3,14,4,0,4,35,-11.0,24.0,Broken,Avoid/exit,36,-8.0,-24.2,-4.2,46.6,1,,Industrials,3905115.0,66771.92
PNCMX,PUTNAM INCOME FUND CLASS M SHARES,4.75,4,4,8,6,3,4,2,31,-10.0,24.0,Broken,Avoid/exit,20,0.0,0.0,-0.2,27.7,0,,nan,0.0,0.0
TOP,Zhong Yang Financial Group Limited Ordinary Shares,15.37,18,3,6,14,5,2,5,53,-30,23,Broken,Avoid/exit,72,23.4,27.6,41.2,81.0,3,,Financial Services,40081440.0,515130.4
SSIXX,State Street Institutional Liquid Reserves Fund,1.0,4,3,10,6,3,2,2,30,-10.0,23.0,Broken,Avoid/exit,31,0.0,0.0,-0.0,0.0,0,,nan,nan,0.0
SSHXX,State Street Institutional Liquid Reserves Fund,1.0,4,3,10,6,3,2,2,30,-10.0,23.0,Broken,Avoid/exit,31,0.0,0.0,-0.0,0.0,0,,nan,nan,0.0
SSZXX,State Street Institutional Liquid Reserves Fund,1.0,4,5,10,6,3,2,2,32,-12.0,23.0,Broken,Avoid/exit,31,0.0,0.0,-0.0,67.6,0,,nan,nan,0.0
SSYXX,State Street Institutional Liquid Reserves Fund,1.0,4,3,10,6,3,2,2,30,-10.0,23.0,Broken,Avoid/exit,32,0.0,0.0,-0.0,0.0,0,,nan,nan,0.0
TILXX,State Street Institutional Investment Trust - International Liquid Reserves Fund,1.0,4,3,10,6,3,2,2,30,-10.0,23.0,Broken,Avoid/exit,31,0.0,0.0,-0.0,0.0,0,,nan,nan,0.0
FLNA,"Filana Therapeutics, Inc.",0.949,3,14,8,3,3,2,5,38,-13.0,23.0,Broken,Avoid/exit,24,9.1,-2.2,-1.2,46.1,1,,Healthcare,65698740.0,1300586.63
AMS,American Shared Hospital Service,1.47,1,9,8,12,7,4,2,43,-18.0,23.0,Broken,Avoid/exit,41,-2.6,-3.9,-2.0,47.0,1,,Healthcare,9142500.0,72136.82
LXEH,Lixiang Education Holding Co Ltd,1.71,13,2,6,7,1,4,5,38,-13.0,23.0,Broken,Avoid/exit,54,3.0,-2.3,2.9,57.5,1,,Consumer Defensive,2606667.0,168352.63
AMST,Amesite Operating Co,1.12,14,7,5,5,2,2,5,40,-13.0,23.0,Broken,Avoid/exit,39,18.5,7.7,8.8,56.5,1,,Technology,8135649.0,1319291.31
ECNLF,Aquafil S.p.A,1.52,11,6,11,5,3,6,4,46,-28.0,23.0,Broken,🔥 COILED: Avoid/exit,44,0.0,0.0,0.4,98.7,1,,Consumer Cyclical,136965744.0,66.0
RWSPF,RWS Holdings plc,1.75,17,4,7,12,6,2,5,53,-30,23,Broken,Avoid/exit,54,0.0,14.4,12.8,87.9,3,,Technology,573447296.0,383.71
ELAB,"Elevai Labs, Inc. Common Stock",5.69,18,4,7,10,3,1,5,48,-21,23,Broken,Avoid/exit,56,585.5,531.5,90.7,79.2,3,9,Healthcare,8224189.0,2508753.5
GOTU,Gaotu Techedu Inc DRC,1.72,3,12,3,2,8,2,5,35,-13.0,23.0,Broken,Avoid/exit,35,4.2,-4.4,-0.0,49.3,1,,Consumer Defensive,400602304.0,518693.31
BFNH,BioForce Nanosciences Holdings Inc,3.85,18,3,7,14,3,3,5,53,-30,23,Broken,Avoid/exit,60,0.3,59.1,30.7,76.9,3,,Consumer Defensive,44284688.0,1165.58
BNKK,"Bonk, Inc.",1.21,12,13,10,3,3,3,5,49,-26,23,Broken,Avoid/exit,23,30.0,11.5,10.4,56.1,3,,Financial Services,13841626.0,676450.07
TWIRF,Tree Island Steel Ltd,1.57,6,8,3,2,4,3,2,28,-10.0,23.0,Broken,🔥 COILED: Avoid/exit,25,0.0,0.0,-0.3,46.7,1,,Basic Materials,43471140.0,0.0
SEGG,Lottery.com Inc.,2.83,16,12,7,5,6,4,5,55,-30,23,Broken,Avoid/exit,59,17.9,15.0,27.0,71.8,4,,Consumer Cyclical,27347096.0,4350730.6
FLYE,"Fly-E Group, Inc. Common Stock",1.7,4,13,8,1,3,2,2,33,-13.0,23.0,Broken,🔥 COILED: Avoid/exit,31,1.8,-1.2,-1.4,46.3,2,,Consumer Cyclical,3068885.0,233260.34
DSY,Big Tree Cloud Holdings Limited Ordinary Shares,4.16,11,10,5,4,4,7,5,46,-21.0,23.0,Broken,Avoid/exit,44,4.0,-12.4,4.2,54.6,1,,Consumer Defensive,9028559.0,33642.56
PKCPY,AKR Corporindo Tbk PT ADR,1.63,5,3,10,6,3,1,2,30,-10.0,23.0,Broken,Avoid/exit,21,0.0,0.0,-0.1,38.7,0,,Energy,1409743616.0,20.9
CAMLF,Central Asia Metals plc,2.315,15,4,4,5,4,6,5,43,-20.0,23.0,Broken,Avoid/exit,49,15.7,2.4,10.8,72.1,1,,Basic Materials,316956544.0,1019.96
CDIO,Cardio Diagnostics Holdings Inc,1.91,9,5,4,5,3,4,5,35,-15.0,23.0,Broken,Avoid/exit,28,0.0,4.4,0.5,51.2,1,,Healthcare,6362858.0,1272800.06
WIT,Wipro Limited ADR,1.88,1,9,9,4,2,1,2,28,-8.0,23.0,Broken,Avoid/exit,20,-1.6,-4.6,-2.7,41.5,0,,Technology,21610151936.0,9948261.57
PIAGF,Piaggio & C. SpA,2.34,18,4,4,5,6,3,5,45,-22.0,23.0,Broken,Avoid/exit,53,4.0,-0.4,4.3,66.4,0,,Consumer Cyclical,729256960.0,0.0
UXIN,Uxin Ltd,1.18,6,13,3,6,4,4,2,38,-13.0,23.0,Broken,Avoid/exit,16,6.3,0.9,-4.8,42.2,1,,Consumer Cyclical,510354176.0,209409.3
BORAY,"Bora Pharmaceuticals Co., Ltd.",2.39,2,1,7,8,3,0,2,23,0.0,23.0,Broken,Avoid/exit,0,-7.7,-7.7,-6.3,17.1,0,,nan,nan,0.0
VETTF,Vector Limited,2.73,6,3,10,7,3,2,2,33,-13.0,23.0,Broken,Avoid/exit,31,0.0,0.0,-0.0,92.8,0,,Utilities,2230000128.0,0.0
CLRB,Cellectar Biosciences Inc,2.54,3,9,8,4,4,2,3,33,-15.0,23.0,Broken,🔥 COILED: Avoid/exit,27,-1.9,-3.8,-1.1,47.4,1,,Healthcare,21977484.0,399070.67
XMINX,MFS Intermediate Income Trust,2.57,1,7,1,8,3,2,2,24,-1.0,23.0,Broken,Avoid/exit,21,-0.8,-0.8,-0.6,34.8,0,,Other,0.0,0.0
UK,Ucommune International Ltd,2.14,9,10,5,4,4,4,5,41,-16.0,23.0,Broken,Avoid/exit,32,-4.0,-4.5,-0.9,49.0,1,,Real Estate,2121986.0,31154.04
WFCNP,Wells Fargo & Company PFD DIV EQUALIZ,2.75,9,6,11,6,3,6,2,43,-23.0,23.0,Broken,Avoid/exit,53,0.0,0.0,0.0,99.9,0,,Other,nan,34.26
SVAUF,Storage Vault Canada Inc,3.275,2,6,6,5,6,3,2,30,-10.0,23.0,Broken,Avoid/exit,39,0.0,1.1,-1.0,43.1,1,,Real Estate,1129128448.0,0.0
WKHS,Workhorse Group Inc,3.14,11,7,8,6,3,4,4,43,-18.0,23.0,Broken,Avoid/exit,47,1.0,0.3,0.3,51.2,1,,Consumer Cyclical,37691164.0,177945.62
SANG,Sangoma Technologies Corp,3.93,2,2,8,11,3,2,2,30,-5.0,23.0,Broken,Avoid/exit,31,-3.7,-5.3,-2.6,42.4,1,,Technology,117141344.0,5989.89
SPRS,Surge Components Inc,3.95,12,4,0,12,3,0,2,33,-10.0,23.0,Broken,Avoid/exit,47,-4.1,2.3,-1.2,49.8,0,,Technology,20237444.0,3183.52
XPPTX,Putnam Premier Income Trust,3.65,1,7,1,8,3,2,2,24,-1.0,23.0,Broken,Avoid/exit,17,-0.5,-0.5,-0.5,39.2,0,,Other,0.0,0.0
GDNGY,PT Gudang Garam Tbk,4.57,14,2,4,4,3,8,5,40,-13.0,23.0,Broken,Avoid/exit,57,1.1,-5.8,3.5,61.0,0,,Consumer Defensive,1895843968.0,2553.79
NWHUF,Northwest Healthcare Properties REIT,3.9,10,8,8,1,1,3,2,33,-10.0,23.0,Broken,Avoid/exit,23,-1.0,1.6,-0.9,46.1,2,,Real Estate,957523840.0,0.0
BOF,BranchOut Food Inc. Common Stock,3.97,5,10,6,6,7,2,2,38,-15.0,23.0,Broken,Avoid/exit,51,-1.2,-6.4,-2.2,46.2,1,,Consumer Defensive,57435112.0,446355.58
ZIJMF,Zijin Mining Group Co Ltd-H,4.85,13,6,3,5,7,2,5,41,-18.0,23.0,Broken,Avoid/exit,59,5.4,1.0,6.6,56.7,0,,Basic Materials,114340077568.0,89276.85
ANY,Sphere 3D Corp,2.51,17,10,6,11,2,2,5,53,-28.0,23.0,Broken,Avoid/exit,45,29.4,15.7,13.4,58.6,3,,Financial Services,27722850.0,1110592.1
WTID,UBS ETRACS - ProShares Daily 3x Inverse Crude ETN,3.058,4,13,1,5,4,2,2,31,-9.0,23.0,Broken,Avoid/exit,24,5.8,-7.9,-10.1,40.1,1,,nan,nan,840608.01
IIXFF,iShares III Public Limited Company - iShares Global Government Bond UCITS ETF,4.7,8,12,2,3,6,2,3,36,-13.0,23.0,Broken,Avoid/exit,36,-0.6,0.9,0.1,51.7,1,,nan,nan,9487.05
KKPNY,Koninklijke KPN NV ADR,4.76,7,13,3,3,3,5,2,36,-11.0,23.0,Broken,Avoid/exit,36,2.8,1.9,0.8,51.0,0,,Communication Services,18715381760.0,578395.13
NVNI,Nvni Group Limited Ordinary Shares,1.03,2,9,8,3,4,2,2,30,-11.0,22.0,Broken,Avoid/exit,30,0.0,3.0,-3.3,44.8,1,,Technology,12276739.0,351166.8
HWH,HWH International Inc,2.01,17,12,6,6,6,2,5,54,-30,22,Broken,Avoid/exit,56,-4.3,52.3,14.5,64.4,3,,Consumer Cyclical,7625928.0,2054590.8
MSS,Maison Solutions Inc,1.48,11,12,4,4,5,4,2,42,-18.0,22.0,Broken,Avoid/exit,49,-5.7,2.8,0.3,51.3,1,,Consumer Defensive,3566193.0,190550.25
PCUUF,Pecoy Copper Corp.,1.108,4,4,3,7,2,0,4,24,0.0,22.0,Broken,Avoid/exit,19,-11.4,-0.9,-2.9,46.5,0,,nan,nan,0.0
LRE,"Lead Real Estate Co., Ltd American Depositary Shares",1.309,5,5,6,3,7,2,3,31,-10.0,22.0,Broken,Avoid/exit,43,-0.1,-0.5,-1.1,47.6,1,,Real Estate,17188796.0,304460.96
ZVIA,Zevia Pbc,1.41,3,15,3,2,6,2,2,33,-11.0,22.0,Broken,Avoid/exit,38,7.6,3.7,-0.9,46.3,2,,Consumer Defensive,100485336.0,834801.63
RDGT,"Ridgetech, Inc.",0.823,6,14,6,4,3,2,2,37,-13.0,22.0,Broken,Avoid/exit,25,0.4,-10.5,-8.5,41.6,1,,Healthcare,1618032.0,187331.34
PPCB,"Propanc Biopharma, Inc. Common Stock",1.13,8,7,5,4,2,2,2,30,-8.0,22.0,Broken,Avoid/exit,28,-2.6,-3.4,-5.1,43.8,0,,Healthcare,3303638.0,70834.74
INAB,In8bio Inc,1.17,9,6,2,12,2,7,4,42,-20.0,22.0,Broken,Avoid/exit,17,2.6,11.4,1.9,50.6,3,,Healthcare,14768079.0,131968.68
BBMPY,BBMG Corp ADR,1.52,5,4,10,4,0,2,2,27,-10.0,22.0,Broken,🔥 COILED: Avoid/exit,24,0.0,0.0,0.0,50.0,1,,Basic Materials,811510592.0,2.25
FPLPF,Provident Financial plc,1.561,9,6,6,7,0,2,2,32,-13.0,22.0,Broken,Avoid/exit,48,0.0,0.0,0.0,100.0,0,,Financial Services,390818016.0,111.63
AMC,AMC Entertainment Holdings Inc,2.65,16,10,8,6,5,3,2,50,-28,22,Broken,Avoid/exit,63,11.3,10.4,5.5,57.6,4,,Communication Services,1478176640.0,27707144.41
CYBQF,CYBERDYNE Inc,1.31,6,5,6,4,3,2,3,29,-10.0,22.0,Broken,Avoid/exit,19,5.6,5.6,1.3,48.7,0,,Healthcare,393759328.0,68.75
HUATF,Huatai Securities Co. Ltd,2.1,10,6,11,6,3,4,2,42,-23.0,22.0,Broken,Avoid/exit,43,0.0,0.0,0.0,95.0,0,,Financial Services,18956412928.0,15.4
FRACF,Foraco International SA,2.04,13,5,6,6,1,5,5,41,-19.0,22.0,Broken,Avoid/exit,35,6.2,-2.4,4.1,57.6,0,,Basic Materials,214512928.0,8214.32
VFORF,VFORF,2.19,15,7,3,15,3,1,5,49,-25.0,22.0,Broken,Avoid/exit,52,-1.8,17.7,7.5,66.9,3,,Communication Services,44204052.0,3645.74
BATXF,Battery X Metals Inc.,1.85,5,11,7,0,8,0,2,33,-11.0,22.0,Broken,Avoid/exit,31,-4.6,-1.1,-1.6,47.7,1,,Basic Materials,10368724.0,3730.4
AOGO,Arogo Capital Acquisition Corp,2.0,8,3,10,6,3,2,2,34,-15.0,22.0,Broken,Avoid/exit,32,0.0,0.0,-0.0,0.0,1,,Financial Services,8746994.0,4.82
TRSBF,3SBio Inc,2.15,6,3,10,4,3,1,2,29,-10.0,22.0,Broken,Avoid/exit,28,0.0,0.0,-0.3,35.5,0,,Healthcare,6251630592.0,792.52
AIFU,Fanhua Inc.,24.8,6,11,0,8,9,2,2,38,-19,22,Broken,Avoid/exit,45,80.4,-33.0,-8.3,44.8,2,9,Financial Services,263101328.0,19471.69
SHANY,Shandong Molong Petroleum Machinery Company Limited,2.5,5,4,10,6,3,2,2,32,-15.0,22.0,Broken,🔥 COILED: Avoid/exit,29,0.0,0.0,0.0,50.0,1,,Energy,99731048.0,1.7
SPRU,Spruce Power Holding Corp,2.14,3,14,3,6,3,2,3,34,-13.0,22.0,Broken,Avoid/exit,25,13.2,2.4,4.5,51.7,2,,Technology,48678648.0,167559.56
UNTCW,Unit Corporation,1.85,5,10,4,4,3,2,2,30,-8.0,22.0,Broken,Avoid/exit,27,5.0,0.0,-1.5,45.3,0,,nan,nan,4396.73
MTGRY,Mount Gibson Iron Ltd ADR,2.825,7,3,10,6,0,6,2,34,-15.0,22.0,Broken,Avoid/exit,45,0.0,0.0,-0.0,10.7,1,,Basic Materials,333471104.0,293.08
WNW,Meiwu Technology Co Ltd,2.47,6,9,8,3,2,2,2,32,-11.0,22.0,Broken,Avoid/exit,24,-5.0,-15.1,-5.8,41.0,2,,Consumer Cyclical,4177679.0,579495.51
ABEV,Ambev SA ADR,2.93,8,12,5,1,4,3,2,35,-11.0,22.0,Broken,Avoid/exit,39,5.4,3.2,0.4,48.2,0,,Consumer Defensive,48508940288.0,31817687.3
VVR,Invesco Senior Income Trust,2.94,2,11,4,6,4,3,2,32,-10.0,22.0,Broken,Avoid/exit,23,0.3,-1.7,-0.6,43.7,0,,Financial Services,647320000.0,1081532.54
UBXG,U-BX Technology Ltd. Ordinary Shares,17.86,18,6,6,9,7,3,5,54,-30,22,Broken,Avoid/exit,59,42.8,81.7,43.6,73.2,3,,Communication Services,5508637.0,45489.35
VENU,Venu Holding Corporation,2.0,6,13,4,3,3,2,2,33,-11.0,22.0,Broken,Avoid/exit,24,7.5,3.6,-1.8,44.9,2,,Consumer Cyclical,211182640.0,232357.0
XVVRX,Invesco Senior Income Trust,3.35,2,8,2,6,3,4,2,27,-8.0,22.0,Broken,Avoid/exit,36,0.3,-0.6,-0.1,44.6,0,,Other,0.0,0.0
BESS,Bimergen Energy Corporation,3.35,6,14,5,5,3,2,5,40,-16.0,22.0,Broken,Avoid/exit,25,-13.9,-5.9,0.3,49.7,1,,Utilities,22854186.0,144638.25
PBRIX,FEDERATED PRUDENT BEAR FUND INSTITUTIONAL SHARES,3.61,6,8,4,6,0,3,2,29,-10.0,22.0,Broken,Avoid/exit,33,0.3,1.1,-0.0,48.7,0,,nan,0.0,0.0
CINT,Ci&T Inc,3.45,6,4,5,9,0,2,4,30,-8.0,22.0,Broken,Avoid/exit,24,-3.9,-5.2,-3.3,46.1,0,,Technology,505132736.0,172448.42
MJWNY,Naked Wines plc,3.715,5,5,5,6,3,6,2,32,-15.0,22.0,Broken,🔥 COILED: Avoid/exit,41,0.0,0.0,-0.2,44.7,1,,Consumer Defensive,64449884.0,159.01
BBXIA,BBX Capital Inc,3.69,6,2,6,7,3,1,2,27,-5.0,22.0,Broken,Avoid/exit,40,-3.7,-4.2,-3.6,32.5,1,,Industrials,64234444.0,1875.2
CHPXF,China Pacific Insurance (Group) Co. Ltd,3.65,4,4,10,5,3,3,2,31,-12.0,22.0,Broken,Avoid/exit,27,0.0,0.0,-0.1,62.9,0,,Financial Services,64183500800.0,777.5
TTTRF,Treatt plc,3.5,3,4,1,10,3,4,2,27,-1.0,22.0,Broken,Avoid/exit,32,-12.5,-12.5,-11.3,17.0,0,,Basic Materials,236140528.0,446.83
LDDFF,Liberty Defense Holdings Ltd,4.01,4,10,7,3,2,2,2,30,-11.0,22.0,Broken,Avoid/exit,33,-2.4,-1.5,-3.4,43.2,1,,Industrials,8175328.0,24123.49
ABTZY,Aboitiz Equity Ventures Inc ADR,4.59,5,3,8,6,3,2,2,29,-10.0,22.0,Broken,Avoid/exit,25,0.0,0.0,-0.0,1.9,0,,Utilities,2548737536.0,0.0
ECTXF,Electrolux Professional AB (publ),4.65,5,3,10,4,3,2,2,29,-10.0,22.0,Broken,Avoid/exit,17,0.0,0.0,-0.0,0.1,0,,Industrials,1336398080.0,96.25
HGRAF,HydroGraph Clean Power Inc.,4.39,12,5,5,4,7,2,5,40,-16.0,22.0,Broken,Avoid/exit,40,-1.8,-8.7,1.6,52.6,1,,Basic Materials,1712362496.0,1804285.3
GRLRF,Greenland Resources Inc,1.05,13,6,6,14,5,1,5,50,-29,21,Broken,Avoid/exit,39,7.1,8.7,5.3,61.2,3,,Basic Materials,139244576.0,84473.62
TMLL,Third Millennium Industries Inc,1,5,4,10,5,3,2,2,31,-15.0,21.0,Broken,🔥 COILED: Avoid/exit,28,0.0,0.0,0.0,50.0,1,,Financial Services,62403024.0,4.5
RAFX,Rafex Gold Corp.,0.281,3,3,9,5,3,3,2,28,-10.0,21.0,Broken,Avoid/exit,11,0.0,0.0,-8.6,16.9,0,,Financial Services,53427968.0,45.76
SGTSY,Singulus Technologies AG ADR,1.0,8,4,10,4,3,2,2,33,-15.0,21.0,Broken,Avoid/exit,32,0.0,0.0,-0.0,0.0,1,,Industrials,17793054.0,4.0
TMCXX,BlackRock Liquidity Funds - TempCash,1.0,4,4,3,6,3,4,2,26,-10.0,21.0,Broken,🔥 COILED: Avoid/exit,29,0.0,0.0,-0.0,40.8,0,,nan,nan,0.0
WETO,Webus International Limited Ordinary Shares,28.31,17,7,4,9,9,2,5,53,-30,21,Broken,Avoid/exit,57,-14.2,529.1,85.2,70.4,3,,Technology,83230000.0,624247.66
BLNE,"Beeline Holdings, Inc.",0.981,3,4,6,9,2,2,3,29,-8.0,21.0,Broken,Avoid/exit,23,-0.5,-11.6,-3.5,44.4,0,,Financial Services,37414456.0,1087578.85
SES,SES AI Corp,0.545,3,15,7,1,4,2,3,35,-14.0,21.0,Broken,Avoid/exit,12,2.7,-2.5,-4.0,43.2,1,,Consumer Cyclical,441293632.0,10310841.84
CIIT,"Tianci International, Inc. Common Stock",3.25,8,6,7,5,3,4,2,35,-15.0,21.0,Broken,Avoid/exit,48,-8.2,-13.3,-1.0,55.3,1,,Industrials,4342688.0,278995.51
ACMDY,Atlas Consolidated Mining and Development Corporation,1.35,2,4,10,6,0,2,2,26,-10.0,21.0,Broken,🔥 COILED: Avoid/exit,27,0.0,0.0,0.0,50.0,0,,Basic Materials,398445888.0,5.07
HNFD,HNFD,1.35,5,3,10,6,0,2,2,28,-10.0,21.0,Broken,Avoid/exit,30,0.0,0.0,-0.0,0.0,0,,Industrials,nan,142.65
BAINF,BASE Inc,1.4,5,3,9,5,3,1,2,28,-10.0,21.0,Broken,Avoid/exit,19,0.0,0.0,-0.1,0.0,0,,Technology,161220320.0,32.0
QTEX,QTREX Quantum Ltd.,0.862,3,6,8,6,2,2,2,29,-13.0,21.0,Broken,🔥 COILED: Avoid/exit,0,-4.0,-13.4,-12.9,40.8,1,,Technology,87775160.0,0.0
JCSE,JE Cleantech Holdings Ltd,1.51,14,3,5,5,3,4,5,39,-18.0,21.0,Broken,Avoid/exit,49,1.3,0.7,-0.4,51.2,0,,Industrials,6984128.0,534325.72
BGAUF,BGAUF,1.3,7,11,6,3,3,2,2,34,-11.0,21.0,Broken,Avoid/exit,0,4.0,8.3,0.7,47.7,2,,nan,nan,0.0
SMBMF,Sembcorp Marine Ltd,1.65,4,4,8,6,3,4,2,31,-10.0,21.0,Broken,Avoid/exit,38,-5.7,-5.7,-1.7,48.1,0,,Energy,5322466304.0,0.0
ZZHGY,ZhongAn Online P & C Insurance Co. Ltd,1.14,3,4,8,5,3,3,2,28,-10.0,21.0,Broken,Avoid/exit,11,0.0,0.0,-2.5,0.0,0,,Financial Services,2662004480.0,37.0
TRON,Tron Inc.,2.11,16,7,6,8,7,4,5,53,-30,21,Broken,Avoid/exit,47,40.7,44.5,25.2,74.1,3,,Consumer Cyclical,882350656.0,1650976.94
ETCC,Environmmtl Tectonic,1.58,6,4,3,8,0,0,2,23,-5.0,21.0,Broken,Avoid/exit,44,-7.6,-1.9,-4.1,46.2,1,,Industrials,14750993.0,14946.2
MDAI,Spectral AI Inc.,1.63,3,14,6,2,3,4,4,36,-13.0,21.0,Broken,Avoid/exit,24,1.2,-4.7,-0.5,48.1,2,,Healthcare,61738532.0,607696.62
COBA,COBA,2.44,4,12,3,0,6,4,2,31,-10.0,21.0,Broken,Avoid/exit,48,-1.6,-2.8,-1.9,46.8,1,,nan,107249000.0,12256.25
RMXI,"RMX Industries,  Inc.",7.25,15,3,7,9,5,0,5,44,-23.0,21.0,Broken,Avoid/exit,60,-9.4,11.4,11.3,70.7,3,,Technology,57827840.0,6716.35
DTNOF,Dno ASA,1.727,1,7,1,11,6,2,2,30,-9.0,21.0,Broken,Avoid/exit,32,4.4,-13.4,-6.2,42.9,1,,Energy,2018249984.0,0.0
CELZ,Creative Medical Technology Holdings Inc,1.24,13,7,3,4,4,5,5,41,-18.0,21.0,Broken,Avoid/exit,25,14.8,0.0,10.0,55.2,1,,Healthcare,7615136.0,75636.08
SHTDF,Sinopharm Group Co. Ltd,2.13,4,3,10,5,3,1,2,28,-10.0,21.0,Broken,Avoid/exit,25,0.0,0.0,-0.2,34.5,0,,Healthcare,7146302464.0,1022.78
MCRNF,Micro-Mechanics (Holdings) Ltd,2.17,4,3,5,6,3,5,2,28,-10.0,21.0,Broken,Avoid/exit,41,0.0,0.0,-0.4,31.6,0,,Technology,327420096.0,0.0
SORA,Top Win International Limited,2.12,8,4,1,0,7,4,5,29,-8.0,21.0,Broken,Avoid/exit,35,-5.8,-30.5,-5.9,47.2,0,,Consumer Cyclical,62035676.0,59611.7
CUPR,Cuprina Holdings (Cayman) Limited Class A Ordinary Shares,2.92,8,12,4,3,3,4,2,36,-13.0,21.0,Broken,Avoid/exit,38,-1.7,-2.2,-5.9,44.1,2,,Healthcare,7587937.0,174070.04
PSNYW,Polestar Automotive Holding UK PLC Class C-1 ADS (ADW),3.73,15,10,6,6,5,7,5,54,-29,21,Broken,Avoid/exit,52,29.5,33.2,33.3,66.4,3,,Consumer Cyclical,27928928256.0,61489.31
CPYYF,Centrica plc,2.13,3,3,10,4,3,3,2,28,-10.0,21.0,Broken,Avoid/exit,28,0.0,0.0,-1.6,35.4,1,,Utilities,11413060608.0,0.0
PBRCX,FEDERATED PRUDENT BEAR FUND CLASS C SHARES,2.79,5,8,4,6,0,3,2,28,-10.0,21.0,Broken,Avoid/exit,34,0.0,1.1,-0.1,48.2,0,,nan,0.0,0.0
IORMX,AIM TaxExempt Funds Invesco TaxExempt Funds Invesco Oppenheimer Rochester Ltd Term NY Mun Fd Cl R6,2.77,4,4,5,6,3,4,2,28,-10.0,21.0,Broken,Avoid/exit,20,0.0,-0.4,-0.2,28.2,0,,nan,nan,0.0
MRVSY,Minerva SA,2.955,14,6,4,9,1,1,2,37,-16.0,21.0,Broken,Avoid/exit,40,11.5,16.2,4.2,54.4,2,,Consumer Defensive,777605504.0,6669.0
CANF,Can Fite Biopharma Ltd ADR,3.32,8,5,6,9,4,4,4,40,-19.0,21.0,Broken,Avoid/exit,45,-3.8,0.3,-1.0,49.2,1,,Healthcare,6770448.0,523146.68
SLE,Super League Enterprise Inc.,3.96,15,4,2,4,5,0,5,35,-14.0,21.0,Broken,Avoid/exit,40,-28.0,30.3,11.9,55.0,2,,Communication Services,5094194.0,341640.91
ORYZF,Oryzon Genomics S.A,3.36,1,3,3,9,4,1,2,23,-5.0,21.0,Broken,Avoid/exit,20,0.0,-4.0,-1.9,32.0,1,,Healthcare,286798240.0,230.98
BDORY,Banco Do Brasil SA,3.9,4,13,4,5,4,2,2,34,-11.0,21.0,Broken,Avoid/exit,24,11.4,1.6,2.2,52.0,1,,Financial Services,21864282112.0,587774.87
JFIN,Jiayin Group Inc,2.33,8,9,4,4,2,4,5,36,-13.0,21.0,Broken,Avoid/exit,19,0.0,-2.1,-2.8,43.7,0,,Financial Services,210888080.0,103595.58
YTFD,Yacht Finders Inc,3.99,12,4,3,4,4,7,2,36,-20.0,21.0,Broken,🔥 COILED: Avoid/exit,33,32.6,0.0,1.4,51.9,0,,Financial Services,20744010.0,4.5
TCAPF,TP ICAP Group PLC,4.56,12,2,2,7,3,2,2,30,-5.0,21.0,Broken,Avoid/exit,44,-0.2,-0.2,-0.1,60.3,0,,Financial Services,2922688256.0,82.28
INVE,Identiv Inc,2.87,11,8,5,12,2,3,5,46,-23.0,21.0,Broken,Avoid/exit,27,-0.3,11.2,3.6,55.4,3,,Industrials,102986648.0,91540.98
BWTL,Bowlin Travel Centers Inc,3.7,13,6,11,5,1,1,2,39,-23.0,21.0,Broken,🔥 COILED: Avoid/exit,30,0.0,0.0,0.7,80.7,0,,Consumer Cyclical,15188172.0,113.01
CMAKY,China Minsh,4.29,1,6,7,6,3,3,2,28,-10.0,21.0,Broken,Avoid/exit,36,0.0,-6.1,-2.3,40.4,0,,Financial Services,24663656448.0,0.0
QXL,Quantum X Labs Inc.,4.9,12,14,6,2,6,4,4,48,-28,21,Broken,Avoid/exit,43,10.6,15.3,5.0,53.6,4,,Technology,60547220.0,59469.67
TOYWF,TOYWF,1.0,3,12,6,3,3,2,2,31,-8.0,21.0,Broken,Avoid/exit,29,-20.6,-20.0,-11.7,42.3,0,,nan,nan,0.0
ABHBY,Alfen N.V.,6.94,9,3,1,10,3,1,2,29,-8.0,21.0,Broken,Avoid/exit,45,-6.0,-6.0,-3.2,46.9,1,,Industrials,213733488.0,45.0
SONM,Sonim Technologies Inc,3.265,1,11,8,1,4,6,5,36,-15.0,21.0,Broken,Avoid/exit,29,-1.7,-9.3,-5.7,42.0,1,,Technology,6683207.0,51088.73
SHIAX,WESTERN ASSET SHORT DURATION HIGH INCOME FUND CLASS A,4.74,3,4,6,6,3,2,2,26,-10.0,21.0,Broken,🔥 COILED: Avoid/exit,23,0.0,-0.2,-0.1,43.9,0,,nan,0.0,0.0
SHIYX,WESTERN ASSET SHORT DURATION HIGH INCOME FUND CLASS I,4.76,3,4,6,6,3,2,2,26,-10.0,21.0,Broken,🔥 COILED: Avoid/exit,24,0.0,-0.2,-0.1,42.9,0,,nan,0.0,0.0
LWSRX,WESTERN ASSET SHORT DURATION HIGH INCOME FUND CLASS R,4.73,3,4,6,6,3,2,2,26,-10.0,21.0,Broken,🔥 COILED: Avoid/exit,23,0.0,-0.2,-0.1,44.1,0,,nan,0.0,0.0
CNENF,Claren Energy Corp,0.55,9,3,9,4,4,1,2,32,-15.0,20.0,Broken,Avoid/exit,19,0.0,0.0,-0.3,0.0,1,,Energy,11162271.0,53.42
GCCXX,Goldman Sachs Central Govt Inst,1.0,3,3,9,4,3,3,2,27,-10.0,20.0,Broken,Avoid/exit,0,0.0,0.0,-18.4,32.5,0,,nan,nan,0.0
EFGD,Eurobank Ergasias Services And Holdings SA,1.0,4,3,10,4,3,1,2,27,-10.0,20.0,Broken,Avoid/exit,18,0.0,0.0,-0.2,0.8,0,,nan,nan,0.0
MMLTF,MMG Limited,1.05,10,3,8,0,4,4,3,32,-20.0,20.0,Broken,🔥 COILED: Avoid/exit,28,-1.9,1.9,0.5,52.8,0,,Basic Materials,14690042880.0,6031.28
FCSUF,Focus Minerals Limited,1.47,15,4,7,4,6,2,5,43,-23.0,20.0,Broken,Avoid/exit,47,0.0,0.0,8.1,89.5,0,,Basic Materials,329542432.0,143.16
PETZ,TDH Holdings Inc,1.2,4,4,0,8,0,4,2,22,0.0,20.0,Broken,Avoid/exit,42,4.3,-22.1,-6.9,44.7,0,,Consumer Cyclical,12181456.0,164739.57
NOWGD,Nowigence Inc,1.24,5,3,8,6,3,5,2,32,-15.0,20.0,Broken,Avoid/exit,29,0.0,0.0,-1.6,42.9,1,,Technology,25731354.0,407.11
ECHQF,ECHQF,1.1,7,2,3,6,4,6,2,30,-10.0,20.0,Broken,Avoid/exit,43,-1.8,-12.0,-5.0,38.1,0,,nan,898773312.0,6741.98
FUSE,Fusemachines Inc. Common stock,0.789,4,11,2,3,4,2,2,28,-11.0,20.0,Broken,Avoid/exit,15,-2.8,-10.2,-6.6,43.0,1,,Technology,37910404.0,1918097.89
ADSLF,Andean Silver Limited,2.07,17,7,6,9,5,3,5,52,-30,20,Broken,Avoid/exit,64,40.8,31.0,25.1,76.3,3,,Basic Materials,318289600.0,175342.05
PULM,Pulmatrix Inc,1.6,3,12,5,5,9,2,2,38,-16.0,20.0,Broken,Avoid/exit,52,3.2,0.0,0.9,50.7,2,,Healthcare,4684055.0,26924.93
GWLLF,Great Wall Motor Co Ltd,1.05,3,9,7,1,3,3,2,28,-8.0,20.0,Broken,Avoid/exit,17,-0.9,-4.5,-2.3,31.4,0,,Consumer Cyclical,11552563200.0,1952.5
BGOUF,Bang & Olufsen a/s,1.68,15,4,6,10,6,4,5,50,-30,20,Broken,Avoid/exit,52,0.0,23.5,10.4,98.9,3,,Technology,204009648.0,306.43
BZFD,BuzzFeed Inc,1.11,5,8,8,5,2,2,2,32,-13.0,20.0,Broken,Avoid/exit,32,0.0,-0.9,-3.5,41.1,2,,Communication Services,115158496.0,1261153.4
CGPZF,C&C Group plc,1.34,6,3,10,5,3,1,2,30,-10.0,20.0,Broken,Avoid/exit,32,0.0,0.0,-0.2,36.4,0,,Consumer Defensive,537767552.0,0.0
GRNQ,GreenPro Capital Corp,12.07,17,3,4,14,6,1,5,50,-30,20,Broken,Avoid/exit,63,-1.1,30.3,36.8,70.0,3,,Industrials,27634970.0,106380.6
ALDX,Aldeyra The,1.55,3,12,8,1,4,2,2,32,-13.0,20.0,Broken,Avoid/exit,31,0.0,2.6,-1.3,45.4,1,,Healthcare,97418528.0,1578400.69
MPGPF,PageGroup plc,1.4,4,3,10,4,3,1,2,27,-10.0,20.0,Broken,Avoid/exit,0,0.0,0.0,-0.2,17.8,0,,Industrials,488840832.0,0.0
IDXG,Interpace Biosciences Inc,1.42,0,6,0,8,2,4,2,22,0.0,20.0,Broken,Avoid/exit,25,-11.3,-16.5,-9.6,37.7,0,,Healthcare,46260508.0,8400.32
CLIK,Click Holdings Limited,1.36,9,8,8,1,2,2,2,32,-11.0,20.0,Broken,Avoid/exit,21,2.3,-5.6,-3.2,42.9,2,,Consumer Cyclical,6395545.0,901360.45
STXS,Stereotaxis Inc,1.41,6,8,4,6,2,4,5,35,-15.0,20.0,Broken,Avoid/exit,18,3.7,-3.4,-0.5,46.5,1,,Healthcare,183745008.0,483199.22
CSCIF,COSCIENS Biopharma Inc.,5.16,9,7,2,7,6,2,2,35,-15.0,20.0,Broken,Avoid/exit,59,-1.7,-2.6,-2.8,49.6,1,,Healthcare,6368318.0,3746.01
SEAN,Saean Group Inc.,0.29,3,4,7,6,3,5,2,30,-10.0,20.0,Broken,Avoid/exit,9,0.0,0.0,-18.0,15.8,0,,Consumer Cyclical,713702208.0,0.23
GENK,"GEN Restaurant Group, Inc. Class A Common Stock",1.98,8,13,6,5,5,1,2,40,-23.0,20.0,Broken,Avoid/exit,33,9.4,-1.0,2.6,52.3,1,,Consumer Cyclical,63621712.0,52733.47
GUOSF,Guotai Junan Securities Co. Ltd,2.0,10,6,11,6,3,2,2,40,-23.0,20.0,Broken,Avoid/exit,44,0.0,0.0,0.0,95.1,0,,Financial Services,35257851904.0,2.0
BRVMF,Bravo Mining Corp.,2.51,16,5,6,9,5,2,5,48,-26.0,20.0,Broken,Avoid/exit,40,6.4,21.8,18.0,71.9,3,,Basic Materials,341266944.0,44722.51
GMLPF,Golar LNG Partners LP Series A Pref,0.45,4,6,3,10,0,4,2,29,-9.0,20.0,Broken,Avoid/exit,33,8.4,15.5,-17.6,43.7,2,,Energy,nan,18369.5
CCO,Clear Channel Outdoor Holdings Inc,2.38,7,13,2,3,5,8,2,40,-18.0,20.0,Broken,Avoid/exit,55,0.4,-1.2,-0.1,48.1,1,,Communication Services,1226650368.0,4953918.01
NHICW,NewHold Investment Corp III Warrants,1.55,10,7,0,3,2,6,2,30,-6.0,20.0,Broken,Avoid/exit,44,-7.4,-10.0,-6.5,48.1,0,,nan,214978100.0,50563.45
PLYX,"Polaryx Therapeutics, Inc. Common Stock",1.99,1,10,6,7,4,0,2,30,-8.0,20.0,Broken,Avoid/exit,21,-4.8,-9.5,-8.1,42.9,1,,Healthcare,119305104.0,0.0
AYTU,Aytu BioScience Inc,2.35,8,8,5,6,6,0,5,38,-16.0,20.0,Broken,Avoid/exit,53,-0.4,-2.1,1.9,55.3,1,,Healthcare,24149718.0,104852.28
TLF,Tandy Leather Factory Inc,2.585,13,6,4,9,5,0,5,42,-22.0,20.0,Broken,Avoid/exit,51,1.0,6.8,3.0,64.9,1,,Consumer Cyclical,19463130.0,31839.18
WLSS,Welsis Corp.,0.6,3,3,9,5,3,7,2,32,-15.0,20.0,Broken,Avoid/exit,16,0.0,0.0,-16.1,0.1,1,,Healthcare,6854141.0,62.4
SNTG,Sentage Holdings Inc,1.73,5,5,1,8,4,0,2,25,-3.0,20.0,Broken,Avoid/exit,17,-4.4,-15.2,-6.1,40.2,1,,Financial Services,6171715.0,587816.71
VULNF,Vulcan Energy Resources Limited,2.05,11,6,5,2,0,4,5,33,-13.0,20.0,Broken,Avoid/exit,19,-2.4,-5.5,0.3,50.5,1,,Basic Materials,1282810752.0,2588.45
ICU,SeaStar Medical Holding Corporation,3.18,4,8,8,4,2,4,2,32,-15.0,20.0,Broken,Avoid/exit,43,-4.8,-13.8,-5.6,41.7,1,,Healthcare,13110166.0,170458.99
HLYK,Healthlynked Corp,2.75,6,10,6,1,6,4,2,35,-15.0,20.0,Broken,Avoid/exit,45,0.0,7.8,-1.5,47.3,1,,Healthcare,10293864.0,2442.03
OLCCX,Oppenheimer Roc Limited Term Ca Muni Fd,3.08,2,4,6,6,3,4,2,27,-10.0,20.0,Broken,Avoid/exit,21,0.0,-0.3,-0.2,30.2,0,,nan,0.0,0.0
BBD,Banco Bradesco SA ADR,3.25,4,12,3,0,3,2,2,26,-6.0,20.0,Broken,Avoid/exit,23,6.9,1.2,-0.1,46.6,1,,Financial Services,35624357888.0,39989919.45
TKECY,Tokyo Electric Power Co,3.34,11,8,10,5,4,3,4,45,-25.0,20.0,Broken,Avoid/exit,28,2.5,2.5,2.6,59.1,1,,Utilities,5224808960.0,2657.75
QTRX,Quanterix Corp,2.79,1,7,0,7,2,6,2,25,-5.0,20.0,Broken,Avoid/exit,22,4.1,6.3,-10.5,42.2,1,,Healthcare,179002720.0,791781.67
BEARX,FEDERATED PRUDENT BEAR FUND CLASS A SHARES,3.47,6,7,5,6,0,3,2,29,-12.0,20.0,Broken,Avoid/exit,34,0.3,1.2,0.1,49.5,0,,nan,0.0,0.0
SMSI,Smith Micro Software Inc,2.97,11,6,5,4,5,3,5,39,-17.0,20.0,Broken,Avoid/exit,50,1.7,0.0,3.8,60.4,1,,Technology,4124965.0,58932.95
PHCHX,VIRTUS HIGH YIELD FUND CLASS A,3.77,3,4,3,6,3,2,2,23,-8.0,20.0,Broken,🔥 COILED: Avoid/exit,23,0.0,-0.3,-0.2,42.7,0,,nan,0.0,0.0
ZDCAF,Zedcor Inc.,3.62,4,10,6,3,4,4,2,33,-13.0,20.0,Broken,Avoid/exit,23,-2.4,-3.6,-1.2,46.9,0,,Industrials,456578560.0,23918.27
TLS,Telos Corp,4.37,0,4,3,9,2,2,2,22,-5.0,20.0,Broken,Avoid/exit,38,-0.7,1.9,-2.3,46.0,1,,Technology,306758624.0,896404.76
TARA,Protara Therapeutics Inc,3.97,2,9,9,6,3,0,3,32,-13.0,20.0,Broken,Avoid/exit,29,-0.3,1.5,0.1,48.6,2,,Healthcare,247860672.0,805431.92
AHT-PG,Ashford Hospitality Trust Inc,6.28,15,4,4,11,3,0,5,42,-20.0,20.0,Broken,Avoid/exit,39,-9.7,29.0,4.7,56.6,3,,Real Estate,104801256.0,4294.9
AHT-PH,Ashford Hospitality Trust Inc,6.26,15,7,5,10,8,0,5,50,-30,20,Broken,Avoid/exit,40,-3.1,23.2,5.7,57.3,3,,Real Estate,102473640.0,5197.2
LDDFD,Liberty Defense Holdings Ltd,4.17,4,11,7,4,4,0,3,33,-13.0,20.0,Broken,Avoid/exit,35,-1.1,-7.3,-1.7,47.7,1,,Industrials,9262727.0,24121.35
CHRCF,CHRCF,4.15,4,6,10,6,3,1,2,32,-15.0,20.0,Broken,Avoid/exit,28,0.0,0.0,-0.1,34.1,1,,Technology,518375136.0,98.98
SPCE,Virgin Galactic Holdings Inc,2.97,4,6,4,12,2,0,5,33,-13.0,20.0,Broken,Avoid/exit,16,-6.9,-9.7,-1.8,48.7,1,,Industrials,493013312.0,9388263.07
FLWS,1-800 FLOWERS.COM Inc,3.92,5,9,9,6,4,2,2,37,-18.0,20.0,Broken,Avoid/exit,40,-2.5,-3.0,-1.9,45.7,1,,Consumer Cyclical,289725152.0,996287.64
RRGB,Red Robin Gourmet Burgers Inc,9.67,17,3,4,14,3,4,5,50,-30.0,20.0,Broken,Avoid/exit,61,-5.3,23.5,7.3,61.5,3,,Consumer Cyclical,81953456.0,308671.29
DPCDF,DPCDF,4.65,17,3,5,9,3,1,5,43,-23.0,20.0,Broken,Avoid/exit,34,31.0,31.0,16.9,91.2,2,,Consumer Cyclical,613079616.0,93.45
AHT-PD,Ashford Hospitality Trust Inc,7.108,15,4,5,9,3,3,5,44,-22.0,20.0,Broken,Avoid/exit,39,-2.1,38.6,9.4,61.7,3,,Real Estate,107517424.0,4309.83
LFT,Lument Finance Trust Inc,0.695,6,12,4,2,3,2,2,31,-12.0,19.0,Broken,Avoid/exit,16,17.9,-0.7,0.4,45.4,1,,Real Estate,55585828.0,182897.12
CHND,China Media Inc,1,2,4,10,6,3,2,2,29,-15.0,19.0,Broken,🔥 COILED: Avoid/exit,30,0.0,0.0,0.0,50.0,1,,Communication Services,39750000.0,6.77
GPAIF,Grounded People Apparel Inc.,1.03,2,4,10,6,3,2,2,29,-15.0,19.0,Broken,🔥 COILED: Avoid/exit,30,0.0,0.0,0.0,50.0,1,,Consumer Cyclical,28299496.0,14.75
MBHCF,MBH Corporation PLC,1,2,4,10,6,3,2,2,29,-15.0,19.0,Broken,🔥 COILED: Avoid/exit,30,0.0,0.0,0.0,50.0,1,,Real Estate,6667460.0,4.5
INPEF,INPEF,1.08,2,4,10,6,3,2,2,29,-15.0,19.0,Broken,🔥 COILED: Avoid/exit,0,0.0,0.0,0.0,50.0,1,,Healthcare,nan,0.0
ABSCF,AB Science S.A.,1.12,7,3,9,6,3,1,2,31,-15.0,19.0,Broken,Avoid/exit,19,0.0,0.0,-0.0,0.1,1,,Healthcare,78149384.0,86.38
MMTLF,Madison Metals Inc.,0.81,15,5,10,5,3,5,5,48,-29,19,Broken,Avoid/exit,49,14.6,14.6,9.4,63.5,3,,Energy,69444312.0,8230.43
AKRRF,Philly Shipyard ASA,1.1,12,6,11,6,3,4,2,44,-28.0,19.0,Broken,Avoid/exit,48,0.0,0.0,0.0,100.0,1,,Industrials,13318691.0,22.5
MWG,Multi Ways Holdings Ltd,1.193,6,6,1,9,0,0,2,24,-5.0,19.0,Broken,Avoid/exit,28,-6.8,2.4,-5.5,44.4,1,,Industrials,6170429.0,220257.43
NWWDF,New World Development Company Limited,1.23,12,6,11,6,3,4,2,44,-28.0,19.0,Broken,Avoid/exit,52,0.0,0.0,0.0,99.9,1,,Real Estate,3070252032.0,63.5
CABPF,CAB Payments Holdings Limited,1.04,6,6,6,5,3,1,2,29,-10.0,19.0,Broken,Avoid/exit,36,0.0,0.0,-0.4,20.7,0,,Financial Services,312251648.0,2180.25
AMXOF,"América Móvil, S.A.B. de C.V.",1.18,1,3,3,8,3,3,2,23,0.0,19.0,Broken,Avoid/exit,20,0.0,0.0,-2.7,26.3,0,,Communication Services,81715126272.0,6227.45
KLDCF,Kenorland Minerals Ltd,1.83,15,5,5,15,3,0,5,48,-29.0,19.0,Broken,Avoid/exit,57,1.7,10.2,5.2,59.8,3,,Basic Materials,120063616.0,42719.53
GDGIF,GDGIF,1.16,1,2,3,12,3,1,2,24,-5.0,19.0,Broken,Avoid/exit,0,0.9,-4.9,-2.5,22.3,1,,Basic Materials,30817898.0,0.0
KITT,Nauticus Robotics Inc.,0.829,0,9,2,8,2,4,2,27,-8.0,19.0,Broken,Avoid/exit,23,-5.3,-29.7,-11.6,40.2,1,,Industrials,8254826.0,630985.62
XJNGF,Xinjiang Goldwind Science & Technology Co. Ltd,1.16,5,4,8,1,3,3,2,26,-10.0,19.0,Broken,Avoid/exit,19,0.0,0.0,-1.3,31.1,0,,Industrials,7264916480.0,819.0
MEOBF,Mesoblast Ltd,1.65,7,3,0,8,4,0,2,24,-5.0,19.0,Broken,Avoid/exit,37,-12.7,-12.7,-7.4,31.1,1,,Healthcare,2197803520.0,268.5
HRBR,Harbor Diversified,2.15,12,3,4,13,3,3,3,41,-22.0,19.0,Broken,Avoid/exit,57,0.0,1.4,0.7,55.9,1,,Industrials,91150544.0,40658.5
CLILF,CapitaLand Investment Limited,2.05,12,2,10,3,4,2,3,36,-20.0,19.0,Broken,Avoid/exit,35,-2.4,2.5,1.3,59.9,0,,Real Estate,9947114496.0,2620.37
FNUC,Frontier Nuclear and Minerals Inc.,1.73,7,5,5,6,2,2,4,31,-13.0,19.0,Broken,Avoid/exit,25,2.4,-7.0,-0.5,49.4,1,,Basic Materials,62637636.0,924503.78
CIMDF,CIMB Group Holdings Berhad,1.657,1,4,3,5,5,6,2,26,-10.0,19.0,Broken,Avoid/exit,23,0.0,-12.3,-9.6,40.4,0,,Financial Services,21607139328.0,0.0
FNCHF,FINEOS Corporation Holdings plc,2.16,9,6,11,6,3,2,2,39,-23.0,19.0,Broken,Avoid/exit,46,0.0,0.0,0.0,100.0,0,,Technology,745289792.0,172.5
FIGI,Freedom Internet Group Inc,2.05,2,4,10,6,3,2,2,29,-15.0,19.0,Broken,🔥 COILED: Avoid/exit,30,0.0,0.0,0.0,50.0,1,,Financial Services,22821026.0,3.75
FBYDW,"Falcon's Beyond Global, Inc. Warrants",1.41,5,7,2,6,2,4,2,28,-10.0,19.0,Broken,Avoid/exit,34,12.8,-21.7,-9.8,48.5,1,,nan,nan,0.0
LNNGF,Li Ning Company Limited,1.76,3,11,5,5,3,2,2,31,-8.0,19.0,Broken,Avoid/exit,23,6.7,-7.4,-0.8,44.9,1,,Consumer Cyclical,6121007104.0,676.83
OQLGF,Olympique Lyonnais Groupe SA,2.3,2,4,10,6,3,2,2,29,-15.0,19.0,Broken,🔥 COILED: Avoid/exit,30,0.0,0.0,0.0,50.0,1,,Communication Services,376590208.0,0.83
SNT,Senstar Technologies Ltd,1.74,3,4,2,8,0,2,2,21,-2.0,19.0,Broken,Avoid/exit,18,-0.6,-9.4,-3.4,44.4,0,,Industrials,60662292.0,48517.78
IONZ,Defiance Daily Target 2x Short IONQ ETF,2.675,4,10,4,3,2,6,2,31,-10.0,19.0,Broken,Avoid/exit,33,4.1,-1.7,-12.7,42.8,1,,nan,nan,6716893.67
HISEF,Hisense Home Appliances Group Co. Ltd,2.78,5,7,3,6,4,2,2,29,-10.0,19.0,Broken,Avoid/exit,31,16.3,2.2,-1.9,43.1,0,,Consumer Cyclical,4488895488.0,140.64
YITJF,YITJF,2.91,2,4,10,6,3,2,2,29,-15.0,19.0,Broken,🔥 COILED: Avoid/exit,0,0.0,0.0,0.0,50.0,1,,Industrials,671180096.0,0.0
SYT,"SYLA Technologies Co., Ltd. American Depositary Shares",2.46,6,6,6,6,0,2,2,28,-8.0,19.0,Broken,Avoid/exit,20,-0.4,2.5,0.2,49.5,0,,Technology,60158036.0,1915.11
CRWS,Crown Crafts Inc,2.93,8,3,2,11,1,0,2,27,-8.0,19.0,Broken,Avoid/exit,47,-3.0,-3.6,-0.6,48.9,1,,Consumer Cyclical,28777048.0,42323.21
MIMI,Mint Incorporation Limited Class A Ordinary Shares,1.88,9,6,4,4,2,4,5,34,-15.0,19.0,Broken,Avoid/exit,24,-1.1,-4.6,-3.7,45.5,1,,Industrials,8039137.0,526043.06
OLCYX,Oppenheimer Roc Limited Term Ca Muni Cla,3.1,2,4,5,6,3,4,2,26,-10.0,19.0,Broken,Avoid/exit,21,0.0,-0.3,-0.2,36.2,0,,nan,0.0,0.0
IORLX,AIM TaxExempt Funds Invesco TaxExempt Funds Invesco Oppenheimer Rochester Ltd Term Calif Mun Fd Cl R6,3.09,2,4,5,6,3,4,2,26,-10.0,19.0,Broken,Avoid/exit,21,0.0,-0.3,-0.2,29.9,0,,nan,nan,0.0
MBPFF,Mitchells & Butlers plc,3.76,15,1,5,6,6,4,5,42,-23.0,19.0,Broken,Avoid/exit,62,0.0,-0.3,1.8,95.5,0,,Consumer Cyclical,2024112384.0,44.7
BCAB,Bioatla Inc,3.26,9,7,7,3,2,2,2,32,-13.0,19.0,Broken,Avoid/exit,51,2.5,-6.9,-2.0,45.6,1,,Healthcare,5791843.0,38727.02
HLDVF,Henderson Land,3.5,3,4,3,6,3,5,2,26,-10.0,19.0,Broken,Avoid/exit,25,0.0,7.7,-2.4,47.5,0,,Real Estate,17719476224.0,0.0
SNIRF,Senior plc,3.75,4,3,4,5,6,5,2,29,-10.0,19.0,Broken,Avoid/exit,44,0.0,-3.0,-1.1,25.2,0,,Industrials,1596224128.0,439.72
INDP,Indaptus Therapeutics Inc,1.095,8,5,3,8,0,2,2,28,-9.0,19.0,Broken,Avoid/exit,12,17.0,-8.0,-19.1,37.5,1,,Healthcare,537900992.0,644302.74
CCGPY,C&C Group plc,3.95,1,10,5,1,8,2,2,29,-6.0,19.0,Broken,Avoid/exit,29,1.3,2.6,-2.2,42.8,0,,Consumer Defensive,448139648.0,886.57
UURAF,Ucore Rare Metals Inc,2.15,3,12,5,4,3,4,3,34,-13.0,19.0,Broken,Avoid/exit,17,5.9,-5.7,-2.9,44.3,2,,Basic Materials,518148160.0,781647.65
BIRD,Allbirds Inc,2.37,3,5,9,9,2,2,2,32,-13.0,19.0,Broken,Avoid/exit,16,-1.7,-6.7,-6.1,37.7,1,,Consumer Cyclical,35224204.0,1954322.46
OKUR,"OnKure Therapeutics, Inc.",3.85,5,6,7,5,2,4,2,31,-15.0,19.0,Broken,Avoid/exit,35,-8.6,-5.9,-4.4,40.6,1,,Healthcare,169661008.0,183852.91
BEKAY,NV Bekaert SA ADR,4.5,4,3,5,6,3,3,2,26,-10.0,19.0,Broken,Avoid/exit,20,0.0,0.0,-0.5,18.5,0,,Industrials,2403054336.0,0.0
TOI,Oncology Institute Inc,5.13,5,11,2,4,8,0,2,32,-11.0,19.0,Broken,Avoid/exit,59,-1.2,-6.7,-1.6,48.5,2,,Healthcare,485417152.0,1953762.62
YI,111 Inc,3.801,8,11,5,5,3,2,2,36,-13.0,19.0,Broken,Avoid/exit,22,7.1,0.8,2.4,50.8,1,,Healthcare,41521668.0,25838.93
AEHL,Antelope Enterprise Holdings Ltd,6.14,17,6,6,5,7,4,5,50,-30,18,Broken,Avoid/exit,60,7.9,13.7,51.7,78.3,3,,Industrials,19423116.0,3382782.66
ATER,Aterian Inc,0.42,3,7,3,8,0,6,5,32,-14.0,18.0,Broken,Avoid/exit,12,-7.2,-14.0,-18.7,32.1,1,,Consumer Cyclical,11684423.0,1489277.54
ALBKY,Alpha Bank SA,1.28,15,9,6,6,6,1,5,48,-30.0,18.0,Broken,Avoid/exit,66,4.1,4.1,3.9,61.8,0,,Financial Services,9973065728.0,80871.0
PTOAF,Pieridae Energy Limited,1.339,12,8,4,4,7,5,5,45,-27.0,18.0,Broken,Avoid/exit,57,1.4,-1.5,2.3,56.7,1,,Energy,373996544.0,74887.88
SUIG,SUI Group Holdings Limited,1.09,15,6,4,9,2,2,5,43,-21.0,18.0,Broken,Avoid/exit,26,27.8,25.1,12.5,58.4,3,,Financial Services,105170000.0,1044063.64
GBCEY,Globe Trade Centre SA ADR,1.23,5,3,10,5,3,2,2,30,-15.0,18.0,Broken,Avoid/exit,27,0.0,0.0,-0.0,0.0,1,,Real Estate,353166880.0,67.88
IPXAF,Impax Asset Management Group plc,1.4,1,5,6,3,3,3,2,23,-10.0,18.0,Broken,🔥 COILED: Avoid/exit,27,0.0,0.0,-1.1,43.1,0,,Financial Services,162806880.0,770.88
WCT,Wellchange Holdings Company Limited,0.897,7,5,8,4,2,6,3,35,-15.0,18.0,Broken,Avoid/exit,19,-2.0,2.6,-2.8,46.0,1,,Technology,7466693.0,501469.51
ZNB,Zeta Network Group,1.75,12,6,2,3,5,0,2,30,-15.0,18.0,Broken,🔥 COILED: Avoid/exit,38,-21.5,-34.0,-12.8,46.2,2,,Communication Services,2723989.0,82989.12
MVO,MV Oil Trust,0.6,3,8,3,2,3,2,2,23,-8.0,18.0,Broken,Avoid/exit,11,0.0,-4.8,-21.0,26.7,0,,Energy,18515000.0,318048.9
HKTTF,HKT Trust and HKT Limited,1.5,1,1,3,8,3,0,2,18,0.0,18.0,Broken,Avoid/exit,39,0.0,-9.7,-5.6,7.9,0,,Communication Services,12596854784.0,0.0
CGIUF,ESR-REIT,1.66,7,3,11,6,3,6,2,38,-23.0,18.0,Broken,Avoid/exit,40,0.0,0.0,0.0,91.6,0,,Real Estate,1336358144.0,0.0
RDZN,Roadzen Inc.,1.51,11,6,4,12,1,1,5,40,-22.0,18.0,Broken,Avoid/exit,38,-1.9,13.5,7.0,62.3,3,,Technology,156142864.0,346505.05
LEDS,SemiLEDS Corporation,1.93,8,10,3,4,6,2,3,36,-18.0,18.0,Broken,Avoid/exit,40,-12.3,-9.0,-7.7,44.7,1,,Technology,16019847.0,33325.31
IPM,Intelligent Protection Management Corp,1.86,13,4,6,6,3,0,3,35,-15.0,18.0,Broken,Avoid/exit,48,-2.1,-3.1,-0.4,50.4,1,,Technology,25550030.0,366868.57
USNZY,Usinas Siderurgicas de Minas Gerais,1.4,6,12,3,10,4,4,2,41,-23.0,18.0,Broken,Avoid/exit,46,8.4,12.0,1.3,48.4,4,,Basic Materials,2745002240.0,122408.4
OPNDF,OpenDoor Inc,2.5,18,4,4,9,6,2,5,48,-30,18,Broken,Avoid/exit,51,0.0,25.0,8.8,100.0,3,,Communication Services,60476328.0,26.0
LFS,"LEIFRAS Co., Ltd. American Depositary Shares",2.31,8,7,8,3,2,2,3,33,-13.0,18.0,Broken,Avoid/exit,39,2.7,1.8,0.5,50.8,0,,Communication Services,54675692.0,0.0
SWAG,Software Acquisition Group III Inc,1.76,0,3,2,9,2,2,2,20,-3.0,18.0,Broken,Avoid/exit,20,-6.4,-13.7,-8.1,28.5,0,,Communication Services,39041924.0,146958.55
BLUGF,BLUGF,1.61,8,7,7,3,2,5,4,36,-18.0,18.0,Broken,Avoid/exit,0,-0.6,-3.0,-0.1,49.2,0,,nan,nan,0.0
AURE,Prestige Wealth Inc.,1.74,7,14,9,1,3,2,3,39,-21.0,18.0,Broken,Avoid/exit,35,2.4,0.0,0.3,48.4,2,,Financial Services,88320000.0,86913.02
INBS,Intelligent Bio Solutions Inc.,2.36,10,3,3,10,5,4,5,40,-20.0,18.0,Broken,Avoid/exit,31,-26.7,15.1,-2.5,49.9,3,,Healthcare,5713641.0,791188.33
AVD,American Vanguard Corporation,2.24,6,15,4,0,4,2,2,33,-13.0,18.0,Broken,Avoid/exit,23,3.2,2.3,-3.5,44.2,1,,Basic Materials,71800800.0,241663.26
SLVYY,Solvay SA ADR,2.93,2,4,7,8,0,1,2,24,-6.0,18.0,Broken,Avoid/exit,25,-2.0,-2.3,-1.3,44.5,1,,Basic Materials,3162350080.0,36154.13
GNLN,Greenlane Holdings Inc,2.7,13,4,4,10,3,2,5,41,-23.0,18.0,Broken,Avoid/exit,34,-11.5,37.8,10.1,56.4,3,,Consumer Defensive,1925949.0,83420.96
LSF,Laird Superfood Inc,4.11,5,13,2,3,8,0,2,33,-13.0,18.0,Broken,Avoid/exit,48,-4.4,-11.2,-2.3,47.6,1,,Consumer Defensive,36974608.0,75445.06
CLOV,Clover Health Investments Corp,4.13,4,10,4,3,6,0,2,29,-11.0,18.0,Broken,Avoid/exit,49,-2.4,-5.9,-4.6,42.7,1,,Healthcare,2101470464.0,6828926.4
WYHG,Wing Yip Food Holdings Group Limited American Depositary Shares,5.0,9,5,1,4,2,2,5,28,-10.0,18.0,Broken,Avoid/exit,38,-3.5,-32.3,-1.5,50.4,0,,Consumer Defensive,42781288.0,93384.27
NTHEX,NORTHEAST INVESTORS TRUST NORTHEAST INVESTORS TRUST,3.81,1,5,1,6,6,2,2,23,-8.0,18.0,Broken,Avoid/exit,38,-0.3,-0.8,-0.4,41.3,0,,nan,0.0,0.0
IVA,Inventiva Sa,4.69,7,5,10,5,5,0,3,35,-18.0,18.0,Broken,Avoid/exit,49,1.1,-0.6,1.4,54.5,1,,Healthcare,883849728.0,340807.98
IONR,ioneer Ltd American Depositary Shares,3.27,3,11,6,3,4,2,4,33,-16.0,18.0,Broken,Avoid/exit,26,4.5,-3.5,-1.5,44.5,1,,Basic Materials,335226880.0,187022.5
DIBS,1Stdibs.Com Inc,4.48,2,4,1,10,3,2,5,27,-9.0,18.0,Broken,Avoid/exit,32,-10.2,1.1,-4.2,45.2,1,,Communication Services,149460752.0,206553.91
NUVID,NUVID,0.021,3,3,8,5,3,1,2,25,-10.0,18.0,Broken,Avoid/exit,26,0.0,0.0,-74.5,12.0,0,,Financial Services,12020000.0,9.87
NTWK,NetSol Technologies Inc,4.05,6,7,6,0,4,3,2,28,-8.0,18.0,Broken,Avoid/exit,43,-0.7,-3.6,-2.7,38.8,1,,Technology,54215832.0,65866.54
CJPXX,JPMorgan Trust I - JPMorgan Prime Money Market Fund,1.0,3,5,3,6,3,2,2,24,-10.0,17.0,Broken,Avoid/exit,34,0.0,0.0,-0.0,42.6,0,,nan,nan,0.0
AGIG,AGIG,0.93,9,8,5,1,2,2,2,29,-15.0,17.0,Broken,Avoid/exit,24,1.1,4.5,-0.6,47.8,1,,Utilities,49745788.0,530225.08
HRGN,Harvard Apparatus Regenerative Technology Inc.,1.519,16,4,7,5,6,4,5,47,-30,17,Broken,Avoid/exit,36,8.5,28.7,16.3,87.0,3,,Consumer Defensive,19690434.0,2143.13
ESLA,Estrella Immunopharma Inc.,0.732,6,10,8,4,2,4,2,36,-19.0,17.0,Broken,Avoid/exit,17,0.1,3.9,-2.2,42.9,1,,Healthcare,44755596.0,174228.43
MGLD,Marygold Companies Inc,1.025,4,9,4,5,2,4,2,30,-13.0,17.0,Broken,Avoid/exit,25,-1.0,-6.4,-2.9,42.9,1,,Financial Services,51145084.0,100456.91
HELFY,HelloFresh SE,0.78,1,5,2,7,3,0,2,20,-3.0,17.0,Broken,Avoid/exit,13,-2.0,-17.3,-10.7,28.6,2,,Consumer Cyclical,670840896.0,11396.59
AURX,Nuo Therapeutics Inc,1.05,14,5,6,9,1,2,5,42,-21.0,17.0,Broken,Avoid/exit,42,5.0,23.5,8.4,60.0,3,,Healthcare,56154124.0,5053.0
LVWR,LiveWire Group Inc.,1.23,7,10,2,2,2,2,2,27,-13.0,17.0,Broken,Avoid/exit,37,-0.8,6.0,-1.1,49.5,1,,Consumer Cyclical,264142752.0,161074.27
MMHTF,Miramar Hotel and Investment Company Limited,1.27,10,3,11,6,3,2,2,37,-23.0,17.0,Broken,Avoid/exit,44,0.0,0.0,0.0,94.9,0,,Consumer Cyclical,877518784.0,65.01
BRCC,BRC Inc.,8.55,18,7,3,6,5,2,5,46,-25,17,Broken,Avoid/exit,65,940.5,908.3,259.0,88.7,3,5,Consumer Defensive,153860272.0,906892.71
NNXPF,NanoXplore Inc,1.19,12,5,7,9,2,0,5,40,-23.0,17.0,Broken,Avoid/exit,23,-2.5,4.0,1.5,54.0,1,,Basic Materials,254082352.0,48764.82
EDUC,Educational Development Corporation,1.36,4,4,8,0,2,7,2,27,-10.0,17.0,Broken,Avoid/exit,28,-0.7,-2.9,-2.1,33.9,1,,Communication Services,12086137.0,205016.94
MCCRF,Mccoy Global Inc,1.68,12,7,7,5,5,2,5,43,-26.0,17.0,Broken,Avoid/exit,49,4.3,4.5,3.6,64.6,0,,Energy,43165048.0,10235.23
LLEIF,LleidaNetworks Serveis Telemàtics S.A,1.55,7,6,11,6,3,2,2,37,-23.0,17.0,Broken,Avoid/exit,51,0.0,0.0,0.0,93.4,0,,Communication Services,24643744.0,25.5
MGTE,Marblegate Capital Corporation,1.3,13,5,4,13,0,2,2,39,-22.0,17.0,Broken,Avoid/exit,30,-2.3,18.2,7.8,57.5,3,,Financial Services,111610744.0,7206.48
PLAG,Planet Green Holdings Corp,0.72,3,3,1,9,0,4,2,22,-3.0,17.0,Broken,Avoid/exit,17,-11.1,-87.6,-27.5,47.0,1,,Industrials,22060708.0,136950.17
REBN,Reborn Coffee Inc,1.35,2,8,6,4,3,0,5,28,-11.0,17.0,Broken,Avoid/exit,24,-6.9,-4.9,-2.5,47.4,2,,Consumer Cyclical,14702084.0,72581.65
PYXS,Pyxis Oncology Inc,3.06,10,9,3,9,7,4,4,46,-30.0,17.0,Broken,Avoid/exit,60,2.3,8.1,0.6,51.8,3,,Healthcare,104536544.0,820091.75
ELLKF,Ellaktor S.A,1.3,3,3,9,4,3,5,2,29,-15.0,17.0,Broken,Avoid/exit,0,0.0,0.0,-3.0,1.5,1,,Industrials,726946432.0,0.0
ITJTY,Intrum AB (publ),0.311,3,6,9,10,3,1,5,37,-20.0,17.0,Broken,Avoid/exit,17,27.5,27.5,-19.4,32.2,3,,Financial Services,250084512.0,120.78
CLVT,CLARIVATE PLC,2.16,9,14,7,4,5,3,2,44,-28,17,Broken,Avoid/exit,30,14.3,13.1,6.3,56.7,4,,Technology,1591649152.0,5463686.86
LQRCF,Black Mammoth Metals Corporation,2.95,9,9,7,4,6,2,5,42,-28.0,17.0,Broken,Avoid/exit,44,3.5,0.7,2.3,53.3,1,,Basic Materials,114585928.0,11083.52
XBP,XBP Europe Holdings Inc,2.8,10,4,6,2,5,0,2,29,-15.0,17.0,Broken,Avoid/exit,40,-6.0,-3.9,-2.8,47.8,1,,Technology,27125356.0,32231.65
SUMXF,Supremex Inc,2.6,6,4,6,5,5,2,3,31,-10.0,17.0,Broken,Avoid/exit,30,-1.1,-2.6,-0.9,41.6,0,,Consumer Cyclical,63990912.0,0.0
HHS,Harte Hanks Inc,4.1,16,7,4,6,7,4,5,49,-30,17,Broken,Avoid/exit,68,2.8,64.7,26.6,71.9,3,,Industrials,18845454.0,38612.09
CRVO,CervoMed Inc.,2.65,2,10,5,1,4,2,4,28,-11.0,17.0,Broken,Avoid/exit,24,1.5,-14.2,-3.7,44.1,1,,Healthcare,27498396.0,79183.09
POAHY,Porsche Automobile Holding SE,3.16,1,6,7,4,0,4,2,24,-10.0,17.0,Broken,Avoid/exit,20,2.3,-2.5,-0.9,46.5,0,,Consumer Cyclical,10782018560.0,209513.45
VTSI,VirTra Inc,3.09,4,15,4,0,4,0,3,30,-11.0,17.0,Broken,Avoid/exit,18,2.0,-1.9,-0.6,48.6,1,,Technology,38895684.0,53079.44
DNUT,Krispy Kreme Inc,3.56,14,6,4,9,0,3,5,41,-24.0,17.0,Broken,Avoid/exit,42,9.9,15.2,5.7,59.6,3,,Consumer Defensive,563747968.0,4227573.93
PCELF,PowerCell Sweden AB (publ),2.17,17,4,9,8,3,1,5,47,-30,17,Broken,Avoid/exit,37,13.6,13.6,7.5,82.0,3,,Industrials,174835136.0,218.5
CRBJF,China Resources Land Ltd,3.8,8,3,11,6,3,4,2,37,-23.0,17.0,Broken,Avoid/exit,0,0.0,0.0,0.0,92.2,0,,Real Estate,27097569280.0,60.45
GXYEF,Galaxy Entertainment Group Ltd,4.45,12,3,4,7,3,3,4,36,-19.0,17.0,Broken,Avoid/exit,34,0.8,5.3,-1.8,49.5,0,,Consumer Cyclical,18436603904.0,0.0
IHRTB,iHeartMedia Inc,4.0,12,6,11,6,3,2,2,42,-28.0,17.0,Broken,Avoid/exit,56,0.0,0.0,0.2,100.0,1,,Communication Services,604609600.0,10.21
GVH,Globavend Holdings Limited Ordinary Shares,1.03,3,4,7,8,0,1,3,26,-9.0,17.0,Broken,Avoid/exit,11,3.0,3.0,-17.3,34.5,0,,Industrials,9901926.0,786621.17
DXST,Decent Holding Inc Ordinary Shares,2.65,14,5,9,4,0,2,5,39,-23.0,17.0,Broken,Avoid/exit,48,6.0,3.5,3.3,53.3,1,,Industrials,8712500.0,1089152.77
EDHL,Everbright Digital Holding Limited Ordinary Shares,3.9,11,6,8,5,2,4,2,38,-21.0,17.0,Broken,Avoid/exit,35,-0.5,-0.3,-2.2,47.3,2,,Communication Services,4350810.0,517847.31
SCVPF,The Siam Cement Public Company Limited,7.38,17,0,4,11,3,1,5,41,-24.0,17.0,Broken,Avoid/exit,52,-2.1,50.9,13.7,83.5,2,,Industrials,6967443456.0,0.0
JBLU,JetBlue Airways Corp,5.08,1,11,3,2,5,2,2,26,-9.0,17.0,Broken,Avoid/exit,46,0.8,-12.6,-5.7,41.9,1,,Industrials,1800571392.0,22178391.6
COPR,Idaho Copper Corporation,3.1,8,10,8,6,4,4,5,45,-28.0,17.0,Broken,Avoid/exit,30,13.6,14.4,10.3,54.6,3,,nan,1439870080.0,182.09
LFMD,LifeMD Inc,3.25,3,10,8,5,4,2,2,34,-15.0,17.0,Broken,Avoid/exit,16,-0.6,-3.8,-7.0,39.6,1,,Healthcare,235525424.0,1177825.59
LANJX,LORD ABBETT NEW JERSEY TAX-FREE INCOME FUND CLASS A,4.66,2,4,3,6,3,4,2,24,-10.0,17.0,Broken,Avoid/exit,22,0.0,-0.9,-0.4,33.1,0,,nan,0.0,0.0
GLNS,Golden Star Resource Corp ,0.802,4,3,9,4,3,3,2,28,-15.0,16.0,Broken,Avoid/exit,18,0.0,0.0,-0.7,0.3,1,,Basic Materials,7070000.0,27.85
WTO,UTime Limited,14.5,15,2,4,15,3,2,5,46,-30,16,Broken,Avoid/exit,54,-25.8,133.5,47.5,63.0,3,,Technology,2112049.0,321835.27
PBTDF,Plover Bay Technologies Limited,1.03,3,3,7,5,3,3,2,26,-10.0,16.0,Broken,Avoid/exit,40,0.0,-3.7,-1.6,30.7,0,,Technology,1260582272.0,900.2
SLND,"Southland Holdings, Inc.",0.702,10,6,7,6,2,2,5,38,-22.0,16.0,Broken,Avoid/exit,34,4.7,-1.2,5.3,51.7,1,,Industrials,65062660.0,189939.85
PTMEY,Media Nusantara Citra Tbk PT ADR,1.21,3,12,1,2,3,7,4,32,-16.0,16.0,Broken,Avoid/exit,38,0.8,-16.0,-4.2,47.3,1,,Communication Services,154493248.0,216.31
FOFA,Family Office of America Inc.,0.9,4,8,6,5,0,3,2,28,-15.0,16.0,Broken,Avoid/exit,30,-1.1,-5.3,-3.6,43.4,1,,Healthcare,36422408.0,714.5
LBUY,Leafbuyer Technologies Inc,0.26,7,7,1,4,3,0,2,24,-8.0,16.0,Broken,Avoid/exit,41,4.0,-10.3,-32.8,46.6,0,,Communication Services,20014222.0,499.11
BATL,Battalion Oil Corp,1.31,6,7,8,6,0,0,3,30,-15.0,16.0,Broken,Avoid/exit,20,-8.4,-3.7,-5.8,43.6,1,,Energy,30826386.0,6829484.69
AUUD,Auddia Inc,0.97,3,7,3,8,0,2,2,25,-9.0,16.0,Broken,Avoid/exit,22,-11.0,-22.4,-8.4,42.9,1,,Technology,7938794.0,1698631.48
ORGN,Origin Materials Inc,0.95,7,12,5,0,3,2,2,31,-15.0,16.0,Broken,Avoid/exit,29,0.0,9.6,-6.8,35.2,2,,Basic Materials,7098982.0,209745.96
ITXXF,Itaconix plc,2.29,17,2,5,9,6,2,5,46,-30,16,Broken,Avoid/exit,56,0.0,47.7,15.0,89.3,3,,Basic Materials,19959460.0,59.32
IVF,"INVO Fertility, Inc.",1.06,6,11,2,4,4,4,5,36,-18.0,16.0,Broken,Avoid/exit,32,-25.9,2.9,-4.5,46.9,1,,Healthcare,2746212.0,583313.8
CPCAF,Cathay Pacific Airways Limited,1.65,3,3,2,3,6,4,2,23,-10.0,16.0,Broken,Avoid/exit,56,0.0,-11.8,-3.0,37.1,0,,Industrials,10277106688.0,0.0
WALD,Waldencast Acquisition Corp,1.36,4,11,4,3,3,2,2,29,-13.0,16.0,Broken,Avoid/exit,42,-0.7,3.8,-4.5,40.9,2,,Consumer Defensive,224454784.0,457637.07
BDCTF,BDCTF,1.858,12,5,5,5,4,5,5,41,-28.0,16.0,Broken,Avoid/exit,30,1.5,10.9,4.2,59.2,3,,Consumer Cyclical,105406800.0,3020.77
SFUNY,Fang Holdings Ltd,0.585,4,7,3,4,3,5,2,28,-15.0,16.0,Broken,Avoid/exit,15,0.0,0.0,-4.1,42.3,1,,Communication Services,18839504.0,273.16
ODV,Osisko Development Corp.,2.31,3,13,7,1,3,2,2,31,-13.0,16.0,Broken,Avoid/exit,16,3.1,-1.7,-3.0,44.4,2,,Basic Materials,816653312.0,2332166.42
KSCP,Knightscope Inc,1.4,5,12,3,0,4,4,2,30,-15.0,16.0,Broken,Avoid/exit,13,-2.8,-6.7,-7.0,42.9,1,,Industrials,40282636.0,477784.39
ZJYL,JIN MEDICAL INTERNATIONAL LTD. Ordinary Shares,2.77,13,2,1,6,1,2,5,30,-14.0,16.0,Broken,Avoid/exit,42,-10.1,-7.0,-0.2,52.4,0,,Healthcare,19333568.0,117297.64
JWEL,Jowell Global Ltd.,2.52,9,7,2,5,6,2,5,36,-18.0,16.0,Broken,Avoid/exit,42,-8.7,-35.5,0.0,51.2,1,,Consumer Cyclical,5370056.0,87772.1
CHR,Cheer Holding Inc.,1.83,4,6,9,0,0,0,2,21,-8.0,16.0,Broken,Avoid/exit,45,-2.1,-5.7,-2.5,46.6,0,,Communication Services,4420695.0,158361.52
IGTAU,Inception Growth Acquisition Ltd Unit,2.31,8,6,11,4,3,2,2,36,-23.0,16.0,Broken,Avoid/exit,27,0.0,0.0,0.0,80.3,0,,Financial Services,nan,2.05
SYZLF,Sylogist Ltd,2.25,2,8,7,0,3,2,2,24,-8.0,16.0,Broken,Avoid/exit,27,0.0,-7.8,-3.3,37.1,2,,Technology,62662412.0,4428.02
NAII,Natural Alternatives International,2.17,7,11,1,2,4,2,2,29,-13.0,16.0,Broken,Avoid/exit,21,6.4,-0.5,-0.8,47.0,1,,Consumer Defensive,15876329.0,20456.47
CHLLF,China Literature Limited,2.55,4,3,10,5,3,1,2,28,-15.0,16.0,Broken,Avoid/exit,16,0.0,0.0,-0.2,0.0,1,,Communication Services,2992922624.0,19.76
GNLX,Genelux Corporation Common Stock,2.72,3,14,3,1,4,4,2,31,-15.0,16.0,Broken,Avoid/exit,38,4.6,2.6,-0.9,47.4,2,,Healthcare,134521248.0,211479.1
LTNCX,Oppenheimer Rochester LtdTerm NY MunisC,2.75,2,4,2,6,3,4,2,23,-10.0,16.0,Broken,Avoid/exit,20,0.0,-0.4,-0.3,34.0,0,,nan,0.0,0.0
CVOSF,Coveo Solutions Inc.,3.088,11,6,2,1,5,4,2,31,-15.0,16.0,Broken,Avoid/exit,29,-5.3,-6.1,-2.7,45.0,2,,Technology,303520704.0,7068.85
ANNA,"AleAnna, Inc. Class A Common Stock",2.7,6,11,8,2,2,0,2,31,-13.0,16.0,Broken,Avoid/exit,24,-1.8,10.7,-2.3,45.6,2,,Energy,137148992.0,1445133.04
VRA,Vera Bradley Inc,3.2,6,11,6,0,4,2,2,31,-13.0,16.0,Broken,Avoid/exit,37,2.6,-4.2,-3.6,40.0,2,,Consumer Cyclical,94414992.0,500511.8
PLUT,Plutus Financial Group Limited Ordinary Shares,2.59,3,4,2,8,1,1,2,21,-5.0,16.0,Broken,Avoid/exit,19,-5.0,-5.0,-6.8,26.3,1,,Financial Services,47585000.0,14063.39
ZDGE,Zedge Inc,2.94,2,12,8,1,3,1,2,29,-11.0,16.0,Broken,Avoid/exit,37,-0.3,-1.0,-0.3,48.0,2,,Communication Services,41342812.0,339728.29
CRE,Cre8 Enterprise Limited Class A Ordinary Shares,2.57,7,5,8,2,2,6,4,34,-18.0,16.0,Broken,Avoid/exit,33,2.8,-8.2,-3.4,46.1,0,,Industrials,6303773.0,322380.25
IPW,iPower Inc,2.15,14,5,3,10,5,0,5,42,-26.0,16.0,Broken,Avoid/exit,44,-29.7,-43.6,-1.6,54.3,1,,Consumer Cyclical,2072987.0,66980.88
SGAMY,Sega Sammy Holdings Inc ADR,4.5,10,14,4,5,6,0,5,44,-28,16,Broken,Avoid/exit,60,-1.1,12.5,6.4,58.3,3,,Communication Services,3040475648.0,7039.77
ORSYX,Oppenheimer Rochester Shrt Trm Mncl Cl Y,3.69,2,3,3,6,3,4,2,23,-10.0,16.0,Broken,Avoid/exit,20,0.0,-0.3,-0.1,29.7,0,,nan,0.0,0.0
QTI,"QT Imaging Holdings, Inc. Common Stock",3.24,12,10,4,6,4,3,5,44,-28,16,Broken,Avoid/exit,21,11.3,12.1,8.9,56.5,3,,Healthcare,54691528.0,32596.09
UEIC,Universal Electronics Inc,4.37,3,5,0,7,4,4,2,25,-9.0,16.0,Broken,Avoid/exit,38,-9.3,-24.5,-9.7,38.8,1,,Technology,51152724.0,72863.15
OM,Outset Medical Inc,4.305,2,11,2,5,3,4,2,29,-11.0,16.0,Broken,Avoid/exit,30,3.0,-10.7,-3.5,45.5,2,,Healthcare,87681144.0,455351.5
TRLC,TriLinc Global Impact Fund LLC,0.8,7,3,9,5,0,1,2,27,-15.0,15.0,Broken,Avoid/exit,13,0.0,0.0,-0.2,0.0,1,,Financial Services,48732956.0,387.1
PRSXX,PRSXX,1.0,4,4,3,6,1,2,2,22,-10.0,15.0,Broken,Avoid/exit,32,-0.0,-0.0,-0.0,42.3,0,,nan,nan,0.0
MTPOF,Metropolitan Bank & Trust Company,1.075,0,9,2,10,7,0,2,30,-11.0,15.0,Broken,Avoid/exit,37,-11.9,-9.7,-5.4,46.6,0,,Financial Services,5127053824.0,4930.97
SDEV,Stablecoin Development Corporation,1.04,7,7,7,3,2,2,2,30,-15.0,15.0,Broken,Avoid/exit,22,11.8,0.0,-2.7,46.5,1,,Financial Services,31454148.0,724157.14
SUNE,SUNation Energy Inc.,2.2,6,5,8,4,2,4,3,32,-20.0,15.0,Broken,Avoid/exit,32,-3.9,-14.7,-7.6,43.4,0,,Technology,5030189.0,1325432.54
CHEV,Cheviot Financial Corp,1.38,13,5,8,8,4,2,5,45,-30,15,Broken,Avoid/exit,26,0.0,38.0,19.0,69.9,3,,Industrials,12933190.0,2452.39
YRD,Yirendai Ltd,1.09,1,5,7,5,5,0,2,25,-10.0,15.0,Broken,Avoid/exit,29,-6.8,-11.4,-6.5,37.5,0,,Financial Services,106735928.0,91973.83
FTEK,Fuel Tech Inc,1.38,6,7,6,0,2,2,2,25,-13.0,15.0,Broken,Avoid/exit,34,-2.1,-1.4,-3.9,40.8,1,,Industrials,45501264.0,217579.61
RFL,"Rafael Holdings, Inc.",2.24,10,11,3,5,9,2,5,45,-28,15,Broken,Avoid/exit,53,20.4,16.7,9.4,57.5,3,,Real Estate,72296872.0,104303.66
CURV,Torrid Holdings Inc,2.1,5,6,3,3,5,4,2,28,-13.0,15.0,Broken,Avoid/exit,53,-0.9,-12.5,-7.2,42.1,1,,Consumer Cyclical,138302880.0,659790.65
APHD,Verde Bio Holdings Inc,0.53,0,2,1,10,3,2,2,20,-5.0,15.0,Broken,Avoid/exit,17,-51.8,-47.0,-52.4,22.6,1,,Consumer Defensive,30414866.0,518.22
GLTK,GlobalTech Corporation,1.45,3,11,2,2,3,2,2,25,-13.0,15.0,Broken,Avoid/exit,30,6.6,-3.3,-3.9,43.3,2,,Communication Services,241713744.0,930.69
SDCHD,"SideChannel, Inc.",1.625,2,5,1,8,1,0,2,19,0.0,15.0,Broken,Avoid/exit,29,-6.6,-1.5,-7.1,40.2,0,,Technology,8893424.0,2927.09
CLLKF,Cellink AB (publ),1.53,4,4,8,3,3,3,2,27,-15.0,15.0,Broken,Avoid/exit,13,0.0,0.0,-0.8,31.4,1,,Healthcare,134233456.0,209.37
OPAL,OPAL Fuels Inc,2.13,2,12,1,5,7,4,2,33,-16.0,15.0,Broken,Avoid/exit,29,-4.1,-13.2,-4.2,44.5,1,,Utilities,387959616.0,248420.49
ONVC,Online Vacation Center Holdings Corp,1.8,3,3,6,3,3,5,2,25,-10.0,15.0,Broken,Avoid/exit,22,0.0,0.0,-2.6,24.4,0,,Consumer Cyclical,15948926.0,0.0
GNLAF,Genesis Land Development Corp,2.49,6,3,11,6,3,4,2,35,-23.0,15.0,Broken,Avoid/exit,0,0.0,0.0,0.0,92.7,0,,Real Estate,140144688.0,0.0
WVVIP,Willamette Valley Vineyards Inc PR,3.33,16,8,3,6,3,8,5,49,-30,15,Broken,Avoid/exit,50,21.1,29.6,21.6,73.2,2,,Consumer Defensive,21754334.0,5379.85
WOOF,Pet Acquisition LLC,2.76,9,4,8,2,1,7,2,33,-18.0,15.0,Broken,Avoid/exit,37,0.0,0.7,-1.2,48.9,0,,Consumer Cyclical,926285760.0,2642619.22
SST,System1 Inc,1.89,6,5,5,10,2,4,3,35,-20.0,15.0,Broken,Avoid/exit,25,-7.4,11.2,-3.1,46.6,3,,Industrials,31904936.0,1079758.78
DLTH,Duluth Holdings Inc,3.78,3,9,6,6,4,2,2,32,-15.0,15.0,Broken,Avoid/exit,44,-0.5,-5.5,-4.5,38.0,1,,Consumer Cyclical,126587272.0,532318.03
QHUOY,Quhuo Limited,6.34,11,3,3,6,7,7,5,42,-25.0,15.0,Broken,Avoid/exit,53,15.1,-43.9,-1.9,51.4,1,,nan,12831055.0,97236.12
XPIMX,Putnam Master Intermediate Income Trust,3.34,1,2,6,6,3,2,2,22,-10.0,15.0,Broken,Avoid/exit,15,-0.6,-0.6,-0.6,35.2,0,,Other,0.0,0.0
NCMI,National CineMedia Inc,2.72,1,10,0,4,4,4,2,25,-8.0,15.0,Broken,Avoid/exit,15,7.9,-28.2,-12.5,37.8,2,,Communication Services,332920032.0,427479.42
CJAX,Barrister Energy LLC,3.55,10,6,11,6,3,2,2,40,-28.0,15.0,Broken,Avoid/exit,47,0.0,0.0,0.0,91.6,1,,Energy,50299080.0,6.23
NTRB,Nutriband Inc,4.83,16,4,3,11,5,1,5,45,-30,15,Broken,⚠️ EXHAUSTION RISK: Avoid/exit,51,40.0,51.9,32.5,78.4,3,,Healthcare,43518420.0,25046.31
RVYL,Ryvyl Inc,14.96,18,3,3,11,3,2,5,45,-30,15,Broken,Avoid/exit,53,-11.1,29.3,11.5,60.5,3,,Technology,9994965.0,213604.62
ORSTX,Oppenheimer Rchstr Shrt Trm Mncl Fd Cl A,3.69,2,3,2,6,3,4,2,22,-10.0,15.0,Broken,Avoid/exit,18,0.0,-0.3,-0.1,31.2,0,,nan,0.0,0.0
LNXSY,LANXESS Aktiengesellschaft,3.19,0,2,2,7,2,0,2,15,0.0,15.0,Broken,Avoid/exit,17,-7.5,-20.2,-9.4,27.7,1,,Basic Materials,1656122112.0,3906.19
SSII,SS Innovations International Inc. Common Stock,3.55,1,8,7,5,2,2,2,27,-15.0,15.0,Broken,Avoid/exit,30,-4.3,-1.7,-3.7,43.2,1,,Healthcare,862566912.0,81070.59
NABL,N-Able Inc,3.75,1,12,1,10,8,4,2,38,-21.0,15.0,Broken,Avoid/exit,34,10.0,19.0,-1.8,47.4,3,,Technology,723372608.0,1193957.3
INLF,INLIF LIMITED Ordinary Shares,4.23,9,5,2,4,3,5,2,30,-15.0,15.0,Broken,Avoid/exit,44,-6.4,-14.0,-5.7,49.3,1,,Industrials,51773436.0,55453.82
UVIX,2x Long VIX Futures ETF,42.08,4,5,4,3,3,4,2,25,-10.0,15.0,Broken,Avoid/exit,41,-10.4,-14.5,-11.6,39.3,0,,nan,nan,39131693.68
TEFOF,Telefónica S.A,4.0,2,11,9,0,3,0,2,27,-15.0,15.0,Broken,Avoid/exit,12,-5.9,0.6,-3.6,44.1,1,,Communication Services,24806840320.0,0.0
VRRM,Verra Mobility Corp,4.43,0,7,4,6,4,0,4,25,-10.0,15.0,Broken,Avoid/exit,23,-0.4,-7.3,-5.2,41.5,0,,Technology,651679552.0,2347315.56
RKUNY,Rakuten Inc ADR,4.89,3,9,2,4,7,3,2,30,-15.0,15.0,Broken,Avoid/exit,30,1.0,-14.5,-2.2,46.0,1,,Consumer Cyclical,10520659968.0,36939.51
BNEFF,Bonterra Energy Corp,4.086,12,7,7,5,1,1,5,38,-23.0,15.0,Broken,Avoid/exit,32,-2.7,-0.8,0.0,50.4,1,,Energy,180214624.0,21571.68
STAK,STAK Inc. Ordinary Shares,1.34,7,10,3,0,4,2,2,28,-11.0,15.0,Broken,Avoid/exit,28,-10.7,-6.9,-23.6,44.0,2,,Energy,69349352.0,2571423.1
VTAK,Catheter Precision Inc.,0.21,3,9,3,6,4,2,2,29,-13.0,14.0,Broken,Avoid/exit,15,-4.5,-28.3,-27.2,31.9,1,,Healthcare,2665548.0,437084.49
NASO,The GNS Group Inc,0.784,3,6,3,5,3,7,2,29,-15.0,14.0,Broken,Avoid/exit,40,0.0,0.0,-25.0,14.9,1,,Consumer Defensive,2248752.0,1193.7
BRN,Barnwell Industries Inc,0.955,5,5,6,3,2,2,3,26,-15.0,14.0,Broken,Avoid/exit,18,-0.5,-1.6,-2.6,41.6,1,,Energy,15691161.0,301499.42
GLNDW,Greenland Energy Company Warrant,0.54,3,13,1,2,3,2,2,26,-10.0,14.0,Broken,Avoid/exit,0,12.5,-21.7,-8.0,44.5,1,,nan,nan,0.0
LBGJ,Li Bang International Corporation Inc. Ordinary Shares,2.95,12,5,3,4,5,0,5,34,-18.0,14.0,Broken,Avoid/exit,46,-14.7,-4.5,8.7,56.8,1,,Industrials,3201900.0,223036.1
CXMSF,CEMEX S.A.B. de C.V,1.1,1,3,8,6,3,1,2,24,-10.0,14.0,Broken,Avoid/exit,22,0.0,-6.8,-4.3,34.3,0,,Basic Materials,21082222592.0,0.0
MVST,Microvast Holdings Inc,0.785,4,12,5,0,4,2,3,30,-16.0,14.0,Broken,Avoid/exit,15,3.1,-9.2,-6.0,41.6,1,,Consumer Cyclical,456425600.0,5513079.29
PLBY,Plby Group Inc,1.23,8,6,8,4,2,7,3,38,-24.0,14.0,Broken,Avoid/exit,29,4.2,-9.6,0.7,50.4,1,,Consumer Cyclical,153076528.0,838380.97
ARTL,Artelo Biosciences Inc,0.717,3,11,8,0,3,2,2,29,-13.0,14.0,Broken,Avoid/exit,19,-1.8,-3.8,-7.6,35.4,2,,Healthcare,4984322.0,1440863.59
GANX,Gain Therapeutics Inc,1.905,8,3,4,6,3,4,5,33,-19.0,14.0,Broken,Avoid/exit,41,-6.2,-7.5,-1.9,49.2,1,,Healthcare,79336512.0,937278.32
TRCTF,Traction Uranium Corp,0.686,9,5,8,4,0,2,3,31,-17.0,14.0,Broken,Avoid/exit,36,-3.0,3.2,-1.0,46.5,1,,Basic Materials,12894280.0,2806.07
FRSX,Foresight Autonomous Holdings Ltd ADR,1.19,3,9,5,6,4,2,2,31,-15.0,14.0,Broken,Avoid/exit,18,-0.8,-15.6,-6.2,39.8,1,,Consumer Cyclical,4505939.0,123691.54
NAUT,Nautilus Biotechnology Inc,0.881,6,10,6,1,2,2,2,29,-15.0,14.0,Broken,Avoid/exit,11,3.4,-1.1,-13.6,30.0,1,,Healthcare,340571328.0,364346.34
TDTH,Trident Digital Tech Holdings Ltd American Depository Shares,2.015,5,12,5,0,3,2,2,29,-13.0,14.0,Broken,Avoid/exit,45,-1.7,-8.5,-6.5,44.2,2,,Technology,15619416.0,50801.82
GBGPF,GB Group plc,2.182,1,1,0,7,3,0,2,14,0.0,14.0,Broken,Avoid/exit,14,0.0,-16.7,-9.9,0.0,0,,Technology,605126208.0,560.31
YDDL,One and One Green Technologies. Inc Class A Ordinary Shares,1.73,3,7,8,0,2,0,3,23,-14.0,14.0,Broken,🔥 COILED: Avoid/exit,14,-1.7,-1.1,-4.2,40.3,0,,Industrials,179306672.0,0.0
SWPFF,Swire Properties Limited,3.2,17,4,5,3,5,5,5,44,-30,14,Broken,Avoid/exit,55,4.1,16.4,8.7,91.7,3,,Real Estate,17163249664.0,0.0
WBX,Wallbox NV,2.987,1,10,4,6,4,2,2,29,-13.0,14.0,Broken,Avoid/exit,32,-0.4,-8.9,-7.3,39.7,2,,Technology,53515744.0,23635.06
ZDAI,Primega Group Holdings Limited,1.67,6,6,9,0,4,2,2,29,-13.0,14.0,Broken,Avoid/exit,18,4.4,-7.7,-2.6,43.4,1,,Industrials,22039876.0,100935.16
DRCT,Direct Digital Holdings Inc,2.3,2,3,3,9,0,2,2,21,-5.0,14.0,Broken,Avoid/exit,32,-12.2,-16.4,-10.4,34.1,1,,Communication Services,2033604.0,298394.56
ADAG,Adagene Inc,3.82,7,4,6,6,5,2,3,33,-19.0,14.0,Broken,Avoid/exit,49,-5.7,-1.8,-1.8,48.3,1,,Healthcare,236539872.0,167928.78
TNYZF,Tiny Ltd.,4.03,0,2,1,7,5,2,2,19,-5.0,14.0,Broken,Avoid/exit,35,-3.1,-11.1,-7.7,40.8,1,,Financial Services,103117408.0,3930.65
OILCF,Permex Petroleum Corporation,3.27,9,6,11,6,3,2,2,39,-28.0,14.0,Broken,Avoid/exit,41,0.0,0.0,0.0,98.9,1,,Energy,1803414.0,44.27
ZNTL,Zentalis Pharmaceuticals Llc,3.88,3,13,3,0,4,2,2,27,-11.0,14.0,Broken,Avoid/exit,50,5.4,-5.6,-5.4,42.8,2,,Healthcare,275491168.0,1308735.64
KTCC,Key Tronic Corporation,3.77,5,5,1,4,7,2,2,26,-13.0,14.0,Broken,Avoid/exit,51,0.0,-0.8,-2.7,44.7,1,,Technology,42676932.0,22378.0
EZRA,"Reliance Global Group, Inc.",2.81,16,6,4,4,5,2,5,42,-28,14,Broken,Avoid/exit,43,21.6,19.1,11.0,57.0,3,,Financial Services,2061884.0,194251.78
LOAN,Manhattan Bridge Capital Inc,4.05,0,6,6,0,2,3,2,19,-8.0,14.0,Broken,Avoid/exit,12,-2.4,-1.7,-1.7,41.5,0,,Real Estate,48231860.0,29856.38
CHNR,China Natural Resources Inc,4.09,15,4,5,5,1,1,5,36,-25.0,14.0,Broken,Avoid/exit,39,-1.9,0.7,1.1,52.5,1,,Basic Materials,5867332.0,369536.62
XHGIX,Western Assets High Income Fund II,4.03,1,3,5,6,3,1,2,21,-10.0,14.0,Broken,Avoid/exit,14,-1.0,-1.0,-0.9,32.5,0,,Other,0.0,0.0
NCTY,The9 Ltd ADR,4.37,8,6,0,10,2,5,2,33,-19.0,14.0,Broken,Avoid/exit,27,1.2,4.8,-5.5,47.5,1,,Financial Services,71629624.0,49297.96
BOLT,Bolt Biotherapeutics,3.85,4,13,5,2,4,2,2,32,-16.0,14.0,Broken,Avoid/exit,26,21.2,-3.3,5.2,53.3,2,,Healthcare,9146659.0,29660.63
FLTCF,Filtronic plc,3.27,4,6,5,5,2,4,2,28,-14.0,14.0,Broken,Avoid/exit,27,0.3,-4.9,-3.4,44.6,0,,Technology,986883008.0,128382.61
SEAC,SeaChange International Inc,3.27,3,6,7,3,5,3,2,29,-15.0,14.0,Broken,Avoid/exit,21,0.0,-4.7,-2.8,33.3,1,,Technology,8398952.0,359.5
MOGLF,Mongolian Mining Corporation,1.35,16,3,4,5,3,6,5,42,-28.8,13.2,Broken,Avoid/exit,57,17.4,17.4,20.6,81.8,2,,Basic Materials,1842015616.0,2839.75
SWSXX,SWSXX,1.0,2,6,1,4,3,0,2,18,-8.0,13.0,Broken,Avoid/exit,26,0.0,-72.1,-33.7,41.0,0,,nan,nan,0.0
ATNM,Actinium Pharmaceuticals Inc,1.08,14,9,6,6,5,0,5,45,-30,13,Broken,Avoid/exit,28,0.0,36.2,10.3,63.4,3,,Healthcare,34826244.0,172009.16
DIIBF,Dorel Industries Inc,1.06,4,4,0,15,1,0,2,26,-13.0,13.0,Broken,Avoid/exit,29,-10.2,-13.1,-7.2,40.4,1,,Consumer Defensive,36698736.0,8120.07
BRCNF,Burcon NutraScience Corp,1.16,0,6,1,7,0,4,2,20,-5.0,13.0,Broken,Avoid/exit,11,-16.5,-13.4,-12.0,30.3,1,,Consumer Defensive,16753805.0,2143.12
TIKK,Tel-Instrument Electronics Corp,1.51,14,5,6,7,6,2,3,43,-30,13,Broken,Avoid/exit,34,0.0,16.2,3.3,64.5,3,,Industrials,8302511.0,1240.74
LNGPF,Longfor Group Holdings Limited,0.817,3,2,2,4,3,3,3,20,-10.0,13.0,Broken,Avoid/exit,11,-7.4,-7.4,-6.2,21.8,0,,Real Estate,9264275456.0,1.9
WDH,Waterdrop Inc ADR,0.994,3,7,4,2,2,3,2,23,-10.0,13.0,Broken,Avoid/exit,8,-0.6,-0.6,-3.8,22.6,0,,Financial Services,517394816.0,318248.7
NUCLW,Eagle Nuclear Energy Corp. Warrants,0.86,0,5,4,5,2,2,5,23,-10.0,13.0,Broken,Avoid/exit,0,-17.3,-21.8,-12.9,38.1,0,,nan,nan,0.0
NIOBW,NioCorp Developments Ltd. Warrant,1.25,3,9,1,4,2,2,5,26,-11.0,13.0,Broken,Avoid/exit,13,-3.8,-26.0,-9.8,43.4,0,,Basic Materials,nan,56834.84
YJ,Yunji Inc,2.68,14,4,2,4,2,3,5,34,-21,13,Broken,Avoid/exit,41,54.0,20.7,11.6,54.5,3,9,Consumer Cyclical,7437565.0,73511.15
FUFU,BitFuFu Inc. Class A Ordinary Shares,1.49,15,6,6,6,0,5,5,43,-30,13,Broken,Avoid/exit,25,15.5,15.5,6.4,55.2,3,,Financial Services,336640256.0,204825.0
BYSI,BeyondSpring Inc,0.72,6,10,1,3,4,2,2,28,-13.0,13.0,Broken,Avoid/exit,10,0.3,-8.8,-17.5,32.6,2,,Healthcare,70314896.0,99011.27
TCMFF,Telecom Argentina S.A,1.076,3,3,6,5,3,1,2,23,-10.0,13.0,Broken,Avoid/exit,28,0.0,0.0,-5.8,35.9,0,,Communication Services,3768954112.0,0.0
SYHMY,Synthomer plc,1.5,3,4,3,6,3,7,2,28,-15.0,13.0,Broken,Avoid/exit,48,0.0,0.0,-4.3,3.8,1,,Basic Materials,286901440.0,1661.86
OIO,ESGL Holdings Limited,1.845,4,12,5,4,4,0,2,31,-16.0,13.0,Broken,Avoid/exit,23,-7.3,1.9,-3.6,45.8,1,,Financial Services,682123328.0,26801.46
COTY,Coty Inc,2.67,8,4,6,11,3,2,2,36,-23.0,13.0,Broken,Avoid/exit,44,-2.6,-5.3,-2.4,49.0,1,,Consumer Defensive,1628862976.0,8080208.55
MHGU,Meritage Hospitality Group Inc,2.07,1,2,5,13,3,0,2,26,-13.0,13.0,Broken,Avoid/exit,28,-10.4,-9.6,-10.2,37.5,1,,Consumer Cyclical,14015943.0,7841.49
PLSDF,Pulse Seismic Inc,2.12,1,7,3,2,3,3,2,21,-8.0,13.0,Broken,Avoid/exit,24,0.5,-2.3,-2.8,30.9,1,,Energy,125265696.0,12000.34
PLUR,Pluri Inc.,1.66,5,12,3,5,4,2,2,33,-18.0,13.0,Broken,Avoid/exit,17,1.8,-5.1,-2.3,45.8,1,,Healthcare,25679120.0,18774.67
GUROF,GURU Organic Energy Corp,2.74,18,4,4,2,4,3,5,40,-27,13,Broken,Avoid/exit,33,171.3,171.3,31.6,64.0,3,3,Consumer Defensive,78759288.0,649.22
FORA,Forian Inc,2.66,19,5,4,5,3,2,5,43,-30,13,Broken,Avoid/exit,67,23.7,23.1,13.2,74.5,3,,Healthcare,67792720.0,67158.24
CARD,MAX™ Auto Industry -3X Inverse Leveraged ETNs,2.255,4,7,9,1,0,4,2,27,-14.0,13.0,Broken,Avoid/exit,23,-9.1,-1.1,-3.6,45.3,0,,nan,nan,21015.43
OLCAX,Oppenheimer Rochester Ltd Term CA MuniA,3.09,1,4,0,6,3,4,2,20,-10.0,13.0,Broken,Avoid/exit,21,0.0,-0.3,-0.3,40.0,0,,nan,0.0,0.0
SQNS,Sequans Communications SA,2.93,10,5,6,6,0,0,5,32,-19.0,13.0,Broken,Avoid/exit,30,-4.2,7.7,0.9,51.4,1,,Technology,52122276.0,259505.05
DWSN,Dawson Geophysical Company,3.31,3,8,1,3,2,2,2,21,-8.0,13.0,Broken,Avoid/exit,35,22.6,-25.6,-13.0,40.5,0,,Energy,136943024.0,97511.03
CHYCF,Chiyoda Corporation,3.88,3,4,5,6,0,3,2,23,-10.0,13.0,Broken,Avoid/exit,12,0.0,0.0,-1.1,0.3,0,,Industrials,1223250304.0,15.0
MYGN,Myriad Genetics Inc,3.19,6,9,2,4,3,4,2,30,-15.0,13.0,Broken,Avoid/exit,25,11.1,-0.9,-9.8,36.8,1,,Healthcare,436350720.0,1431509.4
LINJX,LORD ABBETT NEW JERSEY TAX-FREE INCOME FUND CLASS I,4.66,2,4,2,6,3,4,2,23,-10.0,13.0,Broken,Avoid/exit,22,0.0,-0.9,-0.5,33.4,0,,nan,0.0,0.0
FINV,FinVolution Group,4.37,1,8,3,0,4,3,2,21,-8.0,13.0,Broken,Avoid/exit,28,-0.2,-1.4,-3.8,36.2,0,,Financial Services,1206440320.0,1430149.71
GRAN,Grande Group Limited Class A Ordinary Shares,1.3,1,11,6,2,7,2,2,31,-19.0,12.0,Broken,Avoid/exit,51,-7.8,-7.8,-4.6,46.0,2,,Financial Services,24388200.0,162701.83
PZG,Paramount Gold Nevada Corp,1.55,13,4,6,5,5,3,5,41,-27.0,12.0,Broken,Avoid/exit,51,7.6,0.6,8.1,63.9,1,,Basic Materials,115808920.0,1032829.3
STSS,Sharps Technology Inc,1.15,6,6,4,3,2,2,2,25,-13.0,12.0,Broken,Avoid/exit,18,2.7,6.5,-4.3,43.1,1,,Technology,77872792.0,743620.93
BEEM,Beam Global,1.36,14,4,4,13,1,1,5,42,-30,12,Broken,Avoid/exit,35,18.3,17.2,10.4,60.1,3,,Technology,31526252.0,905729.05
TNNTF,Tintina Mines Limited,1.782,15,5,3,8,3,3,3,40,-28.0,12.0,Broken,Avoid/exit,0,5.4,29.1,5.8,56.7,3,,Basic Materials,231173584.0,0.0
DYNDF,Dye & Durham Limited,0.55,3,8,6,6,0,2,2,27,-13.0,12.0,Broken,Avoid/exit,11,-1.8,-15.6,-13.0,32.1,1,,Technology,122943720.0,24188.23
OCG,Oriental Culture Holding Ltd,1.57,4,3,9,4,2,3,2,27,-15.0,12.0,Broken,Avoid/exit,30,-4.3,-8.2,-6.6,43.4,1,,Consumer Cyclical,3527728.0,489704.41
AUMC,Auryn Mining Corp,1.22,1,7,2,5,3,2,2,22,-10.0,12.0,Broken,Avoid/exit,28,5.2,-15.9,-10.4,35.9,0,,Basic Materials,133000000.0,4491.38
DFLI,Dragonfly Energy Holdings Corp.,1.15,3,10,5,3,4,2,2,29,-15.0,12.0,Broken,Avoid/exit,16,0.0,-10.9,-8.2,36.9,1,,Industrials,25374374.0,1625763.33
DNGYF,Dongyue Group Limited,1.5,3,3,3,5,3,3,2,22,-10.0,12.0,Broken,Avoid/exit,38,0.0,0.0,-10.9,11.3,0,,Basic Materials,4916929536.0,190.35
AGXXF,Agilyx AS,1.65,12,6,6,5,3,2,5,39,-30.0,12.0,Broken,Avoid/exit,15,0.0,14.6,1.8,49.6,3,,Industrials,288959744.0,901.5
GEG,Great Elm Group Inc,2.15,6,5,3,6,2,3,2,27,-15.0,12.0,Broken,Avoid/exit,38,0.0,0.0,-0.8,47.0,1,,Financial Services,71493976.0,123206.68
FALC,FalconStor Software Inc,1.5,3,8,1,6,3,2,2,25,-13.0,12.0,Broken,Avoid/exit,24,3.4,5.6,-14.3,29.9,2,,Technology,20745070.0,3197.89
TGAFF,Taiga Building Products Ltd,2.58,7,5,0,6,0,4,2,24,-8.0,12.0,Broken,Avoid/exit,29,0.8,-2.6,-1.0,45.0,0,,Industrials,282814624.0,230.53
HYEX,Grey Cloak Tech Inc,1.17,4,2,7,0,0,4,5,22,-10.0,12.0,Broken,Avoid/exit,14,-13.3,-22.0,-12.5,38.9,0,,Healthcare,39183912.0,767.4
GTIC,GTIC,1.45,3,6,3,3,3,7,2,27,-15.0,12.0,Broken,Avoid/exit,45,0.0,0.0,-18.3,7.9,1,,Technology,1569557.0,142.84
AANNF,Aroundtown SA,2.29,1,3,3,5,3,2,2,19,-10.0,12.0,Broken,Avoid/exit,18,0.0,-7.9,-5.9,20.8,0,,Real Estate,2971973888.0,906.06
AIV,Apartment Investment and Management Co,2.58,3,6,6,0,2,3,2,22,-10.0,12.0,Broken,Avoid/exit,12,-1.5,-0.4,-2.3,32.1,0,,Real Estate,440199904.0,2253138.87
GBCS,Global Healthcare REIT Inc,5.42,12,8,9,2,6,1,2,40,-28.0,12.0,Broken,Avoid/exit,52,-2.7,-4.1,-0.4,54.2,0,,Healthcare,9109165.0,0.0
CLTFF,Celtic plc,2.87,12,10,3,2,4,2,2,35,-23.0,12.0,Broken,Avoid/exit,53,5.9,12.5,3.1,53.2,3,,Communication Services,313796736.0,1010.77
SGPPY,The SPAR Group Ltd,2.78,3,3,3,3,3,5,2,22,-10.0,12.0,Broken,Avoid/exit,20,0.0,-4.5,-2.3,28.8,0,,Consumer Defensive,715452032.0,4.83
EEIQ,Elite Education Group International Ltd,2.405,9,5,6,4,0,2,5,31,-19.0,12.0,Broken,Avoid/exit,24,-9.2,-6.8,-4.2,46.0,1,,Consumer Defensive,5149154.0,861524.02
XHIOX,Western Asset High Income Opportunity Fund Inc,3.83,1,2,3,6,3,2,2,19,-10.0,12.0,Broken,Avoid/exit,15,-1.0,-1.0,-0.9,28.8,0,,Other,0.0,0.0
PPSI,Pioneer Power Solutions Inc. ,2.85,4,7,9,3,2,4,2,31,-19.0,12.0,Broken,Avoid/exit,16,1.4,-3.4,-4.7,39.9,1,,Industrials,54371704.0,168295.09
QNTM,Quantum BioPharma Ltd.,3.28,6,7,4,4,4,2,5,32,-18.0,12.0,Broken,Avoid/exit,20,-1.8,-7.6,-2.0,47.8,1,,Healthcare,31225398.0,243192.31
OWLT,Owlet Inc,5.2,1,12,2,6,6,0,3,30,-18.0,12.0,Broken,Avoid/exit,39,-11.1,-4.4,-6.5,43.2,1,,Healthcare,148195968.0,245365.47
LNJFX,LORD ABBETT NEW JERSEY TAX-FREE INCOME FUND CLASS F,4.66,2,4,1,6,3,4,2,22,-10.0,12.0,Broken,Avoid/exit,22,0.0,-0.9,-0.5,34.5,0,,nan,0.0,0.0
AIRJ,AirJoule Technologies Corporation,4.84,9,4,2,4,3,4,5,31,-19.0,12.0,Broken,Avoid/exit,45,-9.0,-24.4,-7.9,44.2,1,,Industrials,384459712.0,518090.08
LONJX,Lord Abbett New Jersey Tax Free Cl F3,4.66,1,4,2,6,3,4,2,22,-10.0,12.0,Broken,Avoid/exit,22,0.0,-0.9,-0.5,35.1,0,,nan,0.0,0.0
CICHF,China Construction Bank Corp,1.12,12,3,9,2,3,4,2,35,-24.0,11.0,Broken,Avoid/exit,49,-2.6,-4.4,-1.1,48.9,0,,Financial Services,269448380416.0,80685.16
BBOE,Black Box Entertainment Ltd,0.59,3,5,2,3,3,3,2,21,-10.0,11.0,Broken,Avoid/exit,23,1.7,-3.3,-2.6,16.6,0,,Financial Services,13822455.0,335.31
APM,Aptorum Group Ltd Class A,8.41,17,5,3,3,7,3,5,43,-30,11,Broken,Avoid/exit,55,-4.8,8409900.0,111.2,87.1,3,,Healthcare,8876695.0,2219235.03
RDHL,Redhill Biopharma Ltd,0.605,3,10,5,0,2,2,2,24,-13.0,11.0,Broken,Avoid/exit,11,2.0,0.8,-3.7,41.9,0,,Healthcare,4999702.0,755030.11
SID,Companhia Siderurgica Nacional ADR,1.02,12,9,5,5,4,2,2,39,-28,11,Broken,Avoid/exit,24,13.3,17.2,6.9,57.7,4,,Basic Materials,1741984128.0,3751480.2
STKH,Steakholder Foods Ltd,3.18,13,5,2,4,3,4,2,33,-25.0,11.0,Broken,Avoid/exit,48,-13.4,-20.3,3.8,53.5,1,,Consumer Defensive,2000206.0,263345.1
WETH,Wetouch Technology Inc. Common Stock,1.2,6,5,3,4,1,4,2,25,-14.0,11.0,Broken,Avoid/exit,14,-4.8,10.1,-0.7,48.8,2,,Technology,16346202.0,151477.84
DOWAD,DOWAD,0.88,4,7,3,3,0,2,2,21,-6.0,11.0,Broken,Avoid/exit,30,-3.2,12.8,-5.5,47.0,2,,nan,nan,32278.18
BRLS,Borealis Foods Inc.,1.28,16,4,2,9,3,2,5,41,-30,11,Broken,Avoid/exit,34,43.8,45.6,12.2,55.0,3,,Consumer Defensive,33053494.0,588467.83
NXTT,Next Technology Holding Inc,6.7,15,7,5,5,3,1,5,41,-30,11,Broken,Avoid/exit,40,17.1,4.4,35.7,67.8,1,,Technology,119735072.0,566075.56
ISPR,Ispire Technology Inc. Common Stock,1.49,2,8,7,3,4,0,2,26,-13.0,11.0,Broken,Avoid/exit,23,-3.2,-14.4,-4.0,45.5,1,,Consumer Defensive,92413032.0,75364.11
SKYQ,Sky Quarry Inc,2.64,4,6,2,5,4,0,2,23,-10.0,11.0,Broken,Avoid/exit,37,-5.4,-25.0,-16.4,41.0,0,,Energy,9349560.0,2883580.86
OPESF,Otello Corporation ASA,1.8,3,1,2,5,3,5,2,21,-10.0,11.0,Broken,Avoid/exit,44,0.0,-5.3,-3.0,0.4,0,,Communication Services,130534648.0,18.54
AEMD,Aethlon Medical Inc,2.4,13,9,2,0,3,2,5,34,-23.0,11.0,Broken,Avoid/exit,44,-17.0,-24.5,-0.3,53.9,1,,Healthcare,3342204.0,314449.92
EVGO,Evgo Inc,1.49,1,12,6,1,4,2,2,28,-17.0,11.0,Broken,Avoid/exit,17,-0.7,-6.9,-4.8,42.6,1,,Consumer Cyclical,781509824.0,4002601.88
LX,Lexinfintech Holdings Ltd,1.3,2,7,5,1,2,2,2,21,-10.0,11.0,Broken,Avoid/exit,20,-3.0,-11.6,-7.7,24.7,0,,Financial Services,369125728.0,2328584.04
APGOF,Apollo Silver Corp,2.3,8,9,4,6,5,3,5,40,-27.0,11.0,Broken,Avoid/exit,39,3.6,2.2,3.9,57.9,1,,Basic Materials,144275872.0,121039.03
RAIN,"Rain Enhancement Technologies Holdco, Inc. Class A Common Stock",1.17,7,14,4,0,3,2,2,32,-21.0,11.0,Broken,Avoid/exit,17,37.5,5.4,4.4,48.4,2,,Industrials,18056378.0,40701.12
XELB,Xcel Brands Inc,0.86,6,11,1,0,4,2,2,26,-15.0,11.0,Broken,Avoid/exit,13,-10.6,-9.7,-14.7,37.7,1,,Consumer Cyclical,12596731.0,283269.35
GAMB,Gambling.com Group Ltd,0.252,3,6,1,3,4,6,3,26,-13.0,11.0,Broken,Avoid/exit,16,1.6,-0.8,-63.3,30.9,2,,Consumer Cyclical,84590824.0,747043.22
BLIV,BeLive Holdings Ordinary Share,2.15,6,12,3,2,3,0,2,28,-13.0,11.0,Broken,Avoid/exit,42,-6.5,-1.8,-4.8,42.5,2,,Technology,24989044.0,5640.56
DAMD,Defiance Daily Target 2X Short AMD ETF,1.6,5,6,4,5,0,3,2,25,-14.0,11.0,Broken,Avoid/exit,27,1.3,-4.8,-2.7,47.2,0,,nan,nan,0.0
AJMPF,Ashmore Group Plc,2.85,1,3,5,3,6,1,2,21,-10.0,11.0,Broken,Avoid/exit,27,0.0,-3.4,-2.4,25.5,0,,Financial Services,1787912320.0,0.0
GIG,GigCapital7 Corp. Class A Ordinary Share,1.83,6,13,4,3,3,2,2,33,-23.0,11.0,Broken,Avoid/exit,21,24.5,11.2,1.9,44.4,3,,Financial Services,171999984.0,275045.5
KLXE,KLX Energy Services Holdings Inc,1.48,1,4,2,7,2,0,2,18,-5.0,11.0,Broken,Avoid/exit,7,-6.3,-4.5,-17.4,32.0,1,,Energy,59666608.0,220674.82
SNGNF,Singapore Telecommunications Limited,3.29,2,3,9,1,0,4,2,21,-10.0,11.0,Broken,Avoid/exit,14,-7.1,-4.6,-4.5,39.0,0,,Communication Services,52829282304.0,0.0
GEBHY,Genting Berhad,2.52,2,7,4,2,2,2,2,21,-10.0,11.0,Broken,Avoid/exit,18,-12.8,-6.7,-5.3,43.9,0,,Consumer Cyclical,2310345728.0,19967.57
ATHR,"Aether Holdings, Inc.",3.423,1,5,5,4,4,4,2,25,-15.0,11.0,Broken,Avoid/exit,26,-4.9,-9.7,-8.2,40.4,1,,Technology,41047972.0,19512.83
GOGO,Gogo Inc,2.72,1,10,0,1,3,2,2,19,-8.0,11.0,Broken,Avoid/exit,15,3.8,-5.9,-11.7,36.5,1,,Communication Services,557182720.0,2066042.14
MTR,Mesa Royalty Trust,2.65,1,10,4,0,4,0,2,21,-8.0,11.0,Broken,Avoid/exit,17,-4.0,-6.7,-5.4,27.9,1,,Energy,7135872.0,12168.92
RADX,Radiopharm Theranostics Limited American Depositary Shares,2.48,3,13,2,0,4,2,2,26,-15.0,11.0,Broken,Avoid/exit,14,-5.3,-13.3,-12.1,29.7,2,,Healthcare,35395408.0,286598.02
ACTG,Acacia Research Corporation,4.5,5,5,2,0,4,5,2,23,-15.0,11.0,Broken,Avoid/exit,37,-3.6,-2.6,-1.7,43.9,1,,Industrials,453968928.0,235564.33
WEICF,Weichai Power Co. Ltd,4.16,2,9,4,0,3,4,4,26,-13.0,11.0,Broken,Avoid/exit,29,-9.8,-12.3,-5.0,42.2,0,,Consumer Cyclical,44176936960.0,0.0
VNMHF,VietNam Holding Limited,4.25,3,3,2,3,3,5,2,21,-10.0,11.0,Broken,Avoid/exit,10,0.0,-0.5,-2.6,0.2,0,,Financial Services,90636760.0,26.5
QBTZ,Defiance Daily Target 2x Short QBTS ETF,3.15,3,12,4,0,0,4,2,25,-14.0,11.0,Broken,Avoid/exit,22,-4.0,0.6,-11.3,43.5,1,,nan,nan,0.0
BONL,Bonal International Inc,0.89,4,1,3,5,4,1,2,20,-10.0,10.0,Broken,Avoid/exit,25,-6.3,-11.0,-6.5,7.6,0,,Industrials,1747922.0,209.63
POIXX,Money Market Obligations Trust - Federated Institutional Prime Obligations Fund,1.0,6,3,3,6,1,2,2,23,-13.0,10.0,Broken,Avoid/exit,29,-0.0,-0.0,-0.0,39.3,0,,nan,nan,0.0
EHSI,Emerging Healthcare Solutions Inc,0.9,3,5,3,3,3,3,2,22,-15.0,10.0,Broken,Avoid/exit,25,0.0,0.0,-1.5,36.1,1,,Healthcare,31088566.0,1469.8
FAMI,Farmmi Inc,0.1,3,9,3,3,4,4,2,28,-16.0,10.0,Broken,Avoid/exit,10,0.5,-40.9,-32.5,22.7,2,,Consumer Defensive,17683468.0,102520.14
CCOZF,China Coal Energy Company Limited,1.26,3,2,5,3,3,0,4,20,-10.0,10.0,Broken,Avoid/exit,21,-7.4,-7.4,-5.8,31.4,0,,Energy,17236260864.0,0.0
HUIZ,Huize Holding Ltd,1.47,13,4,2,4,0,2,5,30,-20.0,10.0,Broken,Avoid/exit,29,21.5,9.7,4.9,53.2,1,,Financial Services,14557803.0,156524.62
SKWG,Skywealth Group Inc,1.51,1,4,2,5,3,3,2,20,-10.0,10.0,Broken,Avoid/exit,17,0.0,0.0,-7.6,12.2,0,,Industrials,330750.0,2.96
LANV,Lanvin Group Holdings Limited,1.09,3,10,4,0,2,2,2,23,-11.0,10.0,Broken,Avoid/exit,19,-1.8,0.9,-3.9,41.6,1,,Consumer Cyclical,213856976.0,52216.0
CUBTD,"Curative Biotechnology, Inc.",1.2,4,8,2,3,6,0,2,25,-15.0,10.0,Broken,Avoid/exit,51,-10.0,-14.3,-9.5,45.9,1,,Healthcare,6794167.0,1600.32
CTNT,Cheetah Net Supply Chain Service Inc. Class A Common Stock,1.54,3,6,3,6,0,0,2,20,-15.0,10.0,Broken,🔥 COILED: Avoid/exit,34,-2.5,-10.5,-7.0,40.6,1,,Industrials,5149340.0,358949.86
TKLF,Yoshitsu Co Ltd ADR,1.78,1,8,3,0,4,0,2,18,-8.0,10.0,Broken,Avoid/exit,17,-4.3,-7.8,-6.4,38.7,0,,Consumer Cyclical,7851809.0,80299.14
XTLB,XTL Biopharmaceuticals Ltd ADR,2.6,5,3,4,8,3,0,2,25,-15.0,10.0,Broken,Avoid/exit,50,-19.5,-1.9,-7.1,43.7,1,,Healthcare,4802184.0,714385.05
MLYNF,Malayan Banking Berhad,2.58,3,6,1,2,3,3,2,20,-10.0,10.0,Broken,Avoid/exit,16,0.0,0.0,-2.2,5.6,0,,Financial Services,31942289408.0,0.0
UTSI,UTStarcom Holdings Corp,2.352,1,9,2,6,3,0,2,23,-13.0,10.0,Broken,Avoid/exit,17,-1.6,-3.6,-2.4,43.5,2,,Technology,26678448.0,5251.3
DOMH,Dominari Holdings Inc.,2.56,2,6,3,4,2,4,4,25,-15.0,10.0,Broken,Avoid/exit,22,0.0,-18.5,-3.7,45.1,1,,Financial Services,73947064.0,215260.43
ELDN,Eledon Pharmaceuticals Inc,3.47,3,11,6,5,4,0,3,32,-25.0,10.0,Broken,Avoid/exit,42,-4.1,-7.5,-2.8,43.7,2,,Healthcare,277876160.0,1436607.91
AMSS,AMASS Brands Inc. Common Stock,0.99,4,7,7,1,2,2,2,25,-15.0,10.0,Broken,Avoid/exit,0,1.0,-8.3,-10.9,23.6,1,,Consumer Defensive,58580052.0,0.0
UPC,Universe Pharmaceuticals Inc,5.03,11,6,2,4,0,4,5,32,-25.0,10.0,Broken,Avoid/exit,38,-3.8,-15.3,-5.6,48.3,1,,Healthcare,2154061.0,180529.37
IZEA,IZEA Inc,3.06,1,12,2,0,3,6,2,26,-14.0,10.0,Broken,Avoid/exit,22,2.7,-14.3,-4.3,40.2,2,,Communication Services,66025336.0,104971.58
DNGFF,Dongfang Electric Corporation Limited,2.8,2,1,7,5,3,0,2,20,-10.0,10.0,Broken,Avoid/exit,20,-4.7,-6.7,-3.2,34.0,0,,Industrials,13954483200.0,329.03
BRETF,Brazilian Rare Earths Limited,2.85,5,3,5,3,3,1,5,25,-15.0,10.0,Broken,Avoid/exit,15,-6.6,-6.6,-2.3,43.9,1,,Basic Materials,1204661120.0,1088.03
FIP,FTAI Infrastructure Inc.,3.77,1,9,1,4,4,0,2,21,-11.0,10.0,Broken,Avoid/exit,12,-6.5,-13.7,-6.9,41.6,1,,Industrials,510466560.0,1384257.37
UIS,Unisys Corporation,2.69,3,10,4,0,4,2,2,25,-13.0,10.0,Broken,Avoid/exit,21,1.1,-4.3,-7.2,37.8,1,,Technology,314950336.0,783525.59
XOS,Xos Inc,3.52,15,9,3,4,4,2,5,42,-30,10,Broken,Avoid/exit,52,-20.7,32.3,19.7,57.3,3,,Industrials,60734912.0,825795.91
MSAI,Infrared Cameras Holdings Inc,5.31,10,5,4,4,2,2,5,32,-22.0,10.0,Broken,Avoid/exit,36,-5.7,-0.7,-1.2,49.2,1,,Technology,11308830.0,196489.63
SINGF,Singapore Airlines Ltd,5.1,1,1,3,4,5,4,2,20,-10.0,10.0,Broken,Avoid/exit,36,-10.8,-13.6,-7.4,38.3,0,,Industrials,16668178432.0,0.0
SMGBF,San Miguel Corporation,1.01,2,3,3,5,3,0,3,19,-10.0,9.0,Broken,Avoid/exit,31,-9.8,-11.4,-6.5,36.1,0,,Industrials,2700107264.0,0.0
MTEN,Mingteng International Corporation Inc. Ordinary Shares,1.02,5,10,3,4,4,0,3,29,-18.0,9.0,Broken,Avoid/exit,22,-8.9,-25.5,-7.5,44.0,1,,Industrials,5631816.0,148205.67
MRM,Medirom Healthcare Technologies Inc,0.961,1,5,2,6,4,0,4,22,-13.0,9.0,Broken,Avoid/exit,31,-7.6,-8.5,-3.3,44.9,0,,Consumer Cyclical,9403322.0,1142360.56
VINO,Gaucho Group Holdings Inc,1.44,7,7,6,5,3,2,2,32,-23.0,9.0,Broken,Avoid/exit,41,30.9,-4.0,7.2,51.1,1,,Real Estate,1890232.0,0.0
SVMB,SavMobi Technology Inc.,0.66,3,4,4,0,3,3,2,19,-10.0,9.0,Broken,Avoid/exit,14,0.0,0.0,-10.3,12.9,0,,Technology,666378496.0,66.72
DDCCF,DIC Asset AG,0.921,3,4,7,5,3,0,2,24,-15.0,9.0,Broken,Avoid/exit,9,-5.8,-6.7,-6.0,36.1,1,,Real Estate,105710368.0,1093.0
MXCHF,Orbia Advance Corporation S.A.B. de C.V,1.25,3,1,2,7,2,0,2,17,-8.0,9.0,Broken,Avoid/exit,43,-10.7,-10.7,-8.0,22.8,1,,Industrials,2504371968.0,7194.75
NNVC,NanoViricides Inc,1.29,3,9,6,0,4,0,2,24,-13.0,9.0,Broken,Avoid/exit,28,-4.4,-5.1,-7.0,37.1,1,,Healthcare,34170500.0,460053.34
INM,InMed Pharmaceuticals Inc,1.44,9,8,4,0,2,2,2,27,-18.0,9.0,Broken,Avoid/exit,47,0.0,-1.4,-3.4,45.3,1,,Healthcare,5169938.0,669290.61
NAUFF,NevGold Corp,1.153,5,5,4,5,2,0,5,26,-18.0,9.0,Broken,Avoid/exit,23,-3.9,-12.0,-6.1,41.2,1,,Basic Materials,333954432.0,149523.08
CDIX,Cardiff Lexington Corp,0.25,3,8,2,2,3,2,2,22,-13.0,9.0,Broken,Avoid/exit,14,-3.8,-58.3,-43.0,28.4,2,,Healthcare,28426736.0,1737.95
CCARF,Colonial Coal International Corp,1.5,2,8,7,1,2,0,2,22,-13.0,9.0,Broken,Avoid/exit,25,-7.4,-3.2,-4.9,37.3,1,,Basic Materials,342588672.0,10385.12
LIDR,Aeye Inc,1.23,4,8,6,2,4,0,5,29,-18.0,9.0,Broken,Avoid/exit,15,-1.6,-7.5,-2.0,45.8,1,,Technology,86608712.0,3164693.01
BCHT,Birchtech Corp.,1.3,3,8,9,0,3,2,2,27,-18.0,9.0,Broken,Avoid/exit,14,-6.5,-5.1,-7.5,38.4,1,,Industrials,55242528.0,89277.73
CMTG,Claros Mortgage Trust Inc,1.71,3,7,5,3,2,2,2,24,-15.0,9.0,Broken,Avoid/exit,9,0.6,-7.6,-7.1,37.5,1,,Real Estate,347041440.0,479796.79
ORGO,Organogenesis Holdings Inc,1.74,1,10,1,6,4,2,2,26,-15.0,9.0,Broken,Avoid/exit,12,-2.8,-7.9,-11.6,35.0,1,,Healthcare,319112864.0,1313482.48
FLL,Full House Resorts Inc,2.12,1,9,4,0,2,2,2,20,-11.0,9.0,Broken,Avoid/exit,18,1.4,-10.5,-4.6,41.0,2,,Consumer Cyclical,93201520.0,160185.4
MBRX,Moleculin Biotech Inc,0.611,5,6,2,8,4,6,2,33,-22.0,9.0,Broken,Avoid/exit,20,0.2,37.3,-24.2,29.5,3,,Healthcare,12807243.0,218546.81
CDXS,Codexis Inc,1.68,5,11,6,6,2,4,5,39,-28.0,9.0,Broken,Avoid/exit,23,12.0,13.5,2.3,48.7,3,,Healthcare,254510384.0,1415157.47
GLND,Greenland Energy Company Common Stock,1.49,1,5,3,2,4,2,2,19,-8.0,9.0,Broken,Avoid/exit,0,14.6,-25.9,-11.6,38.8,0,,Energy,125942960.0,0.0
EVEX,Eve Holding Inc,2.46,3,7,3,4,2,2,3,24,-15.0,9.0,Broken,Avoid/exit,24,-7.2,-13.7,-5.2,44.4,1,,Industrials,1015307840.0,1312533.5
JAGX,Jaguar Animal Health Inc,0.925,5,8,5,10,2,4,2,36,-25.0,9.0,Broken,Avoid/exit,26,-5.3,18.1,-8.5,38.3,4,,Healthcare,2021667.0,56040.21
EUTLF,Eutelsat Communications SA,2.14,0,3,7,6,2,4,2,24,-15.0,9.0,Broken,Avoid/exit,10,-11.2,-11.6,-9.2,30.5,1,,Communication Services,4476023808.0,9695.71
RAYA,Erayak Power Solution Group Inc. Class A Ordinary Shares,2.25,3,3,9,3,0,4,2,24,-15.0,9.0,Broken,Avoid/exit,31,-4.5,-5.8,-6.4,40.0,1,,Industrials,3664982.0,288102.77
MAYX,Mayex USA Inc,4.01,1,1,2,5,3,5,2,19,-10.0,9.0,Broken,Avoid/exit,31,-4.5,-4.5,-3.8,0.1,0,,Financial Services,5460000.0,57.73
TBLA,Taboola,3.7,1,6,1,5,4,2,2,21,-10.0,9.0,Broken,Avoid/exit,26,-3.4,-10.2,-10.3,33.6,0,,Communication Services,1295557376.0,1884970.3
LUD,Luda Technology Group Limited,4.191,4,3,8,6,2,1,3,27,-18.0,9.0,Broken,Avoid/exit,25,-4.7,-1.2,-2.2,44.5,0,,Basic Materials,114414328.0,78468.27
ABVN,ABV Consulting Inc,1.02,1,4,3,3,3,7,2,23,-15.0,8.0,Broken,Avoid/exit,27,0.0,0.0,-22.0,24.1,1,,Financial Services,100783000.0,76.84
TOPXX,Federated Hermes Treasury Obl Premier,1.0,0,4,0,4,3,2,2,15,-10.0,8.0,Broken,Avoid/exit,16,0.0,0.0,-46.9,46.2,0,,nan,nan,0.0
GIBO,Global IBO Group Ltd,30.5,13,3,3,8,3,2,2,34,-26.0,8.0,Broken,Avoid/exit,47,0.3,4.1,2.5,58.2,1,,Communication Services,84001736.0,291798.66
DFSLY,Defeng Solife Holdings Limited,0.815,5,6,4,0,2,2,2,21,-13.0,8.0,Broken,Avoid/exit,30,3.9,4.5,-16.1,46.2,0,,nan,nan,32278.18
IINN,Inspira Technologies Oxy BHN Ltd,1.26,7,3,0,6,2,0,2,20,-15.0,8.0,Broken,Avoid/exit,46,-18.2,-37.3,-20.7,43.5,1,,Healthcare,16560119.0,7636669.46
PRSNF,Personas Social Inc,0.764,3,6,3,3,3,3,2,23,-15.0,8.0,Broken,Avoid/exit,19,0.0,0.0,-11.9,0.7,1,,Communication Services,9928663.0,118.47
EAPIF,Euroapi S.A,1.17,1,4,3,5,3,5,2,23,-15.0,8.0,Broken,Avoid/exit,23,0.0,0.0,-7.4,11.2,1,,Healthcare,148133664.0,115.14
STKS,One Group Hospitality Inc,1.66,2,10,7,0,2,0,2,23,-13.0,8.0,Broken,Avoid/exit,16,-1.8,-7.3,-4.3,39.7,1,,Consumer Cyclical,58078312.0,55626.15
BAER,"Bridger Aerospace Group Holdings, Inc. Common Stock",1.215,1,10,1,1,4,2,2,21,-13.0,8.0,Broken,Avoid/exit,10,4.7,-6.5,-12.5,34.5,1,,Industrials,118157160.0,660631.7
POSC,Positron Corp,1.63,3,4,3,5,3,2,3,23,-15.0,8.0,Broken,Avoid/exit,33,-9.9,1.9,-4.4,45.7,1,,Healthcare,61486916.0,38009.21
SDCH,SideChannel Inc.,1.625,2,5,3,6,5,0,2,23,-15.0,8.0,Broken,Avoid/exit,33,-6.6,-1.5,-6.7,41.6,1,,Technology,9145514.0,83299.25
BPOSY,Bpost SA ADR,1.62,3,4,3,5,3,3,2,23,-15.0,8.0,Broken,Avoid/exit,11,0.0,0.0,-2.3,0.0,1,,Industrials,388001856.0,60.81
HUYA,HUYA Inc,2.15,1,6,2,0,4,4,2,19,-11.0,8.0,Broken,Avoid/exit,17,-4.9,-11.2,-6.4,28.4,1,,Communication Services,588265472.0,1459503.84
SFHG,Samfine Creation Holdings Group Limited,2.34,3,5,3,9,1,2,2,25,-15.0,8.0,Broken,Avoid/exit,39,-2.1,-0.4,-3.2,45.2,1,,Industrials,9419200.0,28430.4
TCRT,Alaunos Therapeutics Inc,1.79,1,7,5,2,3,0,2,20,-13.0,8.0,Broken,Avoid/exit,17,-4.8,-9.1,-5.6,36.4,2,,Healthcare,5763464.0,185916.95
ARQ,Arq Inc,2.17,9,5,4,4,2,2,5,31,-23.0,8.0,Broken,Avoid/exit,25,-2.3,-4.4,-1.2,48.0,1,,Industrials,111608264.0,495997.46
SYPR,Sypris Solutions Inc,1.8,1,7,5,0,4,4,2,23,-13.0,8.0,Broken,Avoid/exit,12,-3.2,-13.9,-6.5,39.3,2,,Consumer Cyclical,70183944.0,151085.5
TVRD,"Tvardi Therapeutics, Inc.",1.82,6,9,4,0,4,0,2,25,-15.0,8.0,Broken,Avoid/exit,16,-4.2,3.4,-8.4,39.1,1,,Healthcare,27674968.0,140332.09
IFABF,iFabric Corp,3.12,2,3,2,6,2,4,2,21,-13.0,8.0,Broken,Avoid/exit,46,-6.3,-17.6,-8.1,38.1,0,,Consumer Cyclical,91201400.0,8420.55
CCIF,Carlyle Credit Income Fund,2.67,2,2,6,8,0,0,3,21,-13.0,8.0,Broken,Avoid/exit,20,-6.0,-5.0,-3.8,37.3,1,,Financial Services,65079768.0,149469.27
SPPIX,SHORT PRECIOUS METALS PROFUND SHORT PRECIOUS METALS PROFUND INVESTOR CLASS,2.34,1,5,0,6,0,4,2,18,-10.0,8.0,Broken,Avoid/exit,15,-16.7,-16.7,-16.4,22.5,0,,nan,0.0,0.0
EMPD,Empery Digital Inc.,2.93,7,13,6,5,3,2,2,38,-28.0,8.0,Broken,Avoid/exit,24,4.6,16.3,0.3,46.4,3,,Consumer Cyclical,101477504.0,822806.85
BTQ,BTQ Technologies Corp. Common Stock,3.41,0,10,6,2,4,0,2,24,-14.0,8.0,Broken,Avoid/exit,27,-7.8,-23.0,-8.6,41.4,1,,Technology,599370304.0,3522258.8
OSUR,OraSure Technologies Inc,3.78,4,4,3,4,2,2,2,21,-13.0,8.0,Broken,Avoid/exit,49,0.8,-2.6,-2.9,43.3,1,,Healthcare,287098464.0,599665.15
BUKS,Butler National Corp,4.11,3,5,0,2,4,4,2,20,-10.0,8.0,Broken,Avoid/exit,51,-8.1,-11.2,-7.8,33.8,0,,Industrials,260785040.0,99919.11
GGT,Gabelli MultiMedia Mutual Fund,4.09,2,4,6,6,0,1,3,22,-14.0,8.0,Broken,Avoid/exit,23,-0.7,-2.2,-1.1,43.1,0,,Financial Services,179154272.0,242261.86
DNGDF,Dynacor Gold Mines Inc.,4.38,4,4,4,4,3,2,3,24,-16.0,8.0,Broken,Avoid/exit,39,4.8,-8.0,-1.2,47.3,0,,Basic Materials,202612560.0,5134.35
MPT,"Medical Properties Trust, Inc.",4.11,4,5,2,0,2,3,2,18,-10.0,8.0,Broken,Avoid/exit,11,2.2,2.2,-4.0,38.0,2,,Real Estate,2960594688.0,6948662.3
RKDA,Arcadia Biosciences Inc,0.49,1,9,1,3,4,2,2,22,-13.0,7.0,Broken,Avoid/exit,16,16.4,-26.9,-12.9,38.8,2,,Consumer Defensive,2200866.0,502551.06
SXTP,"60 Degrees Pharmaceuticals, Inc. Common Stock",1.13,3,12,4,0,4,2,2,27,-18.0,7.0,Broken,Avoid/exit,22,0.9,0.0,-5.5,39.3,1,,Healthcare,3855967.0,1436125.38
AIFF,"Firefly Neuroscience, Inc.",1.03,0,3,7,4,2,4,2,22,-15.0,7.0,Broken,Avoid/exit,14,-5.5,-9.6,-7.2,38.6,1,,Technology,25693436.0,3879881.17
AUDGF,Audinate Group Limited,1.65,15,4,3,4,5,2,5,38,-27,7,Broken,Avoid/exit,29,26.9,26.9,14.2,63.7,3,,Technology,147574976.0,339.34
PETS,PetMed Express Inc,1.76,1,8,3,0,4,6,2,24,-15.0,7.0,Broken,Avoid/exit,24,-2.2,-11.1,-5.6,35.4,1,,Healthcare,38885724.0,896106.34
FYGGY,Fuyao Glass Industry Group Co. Ltd,1.82,7,3,4,4,5,0,4,27,-20.0,7.0,Broken,Avoid/exit,35,-1.1,1.8,-1.6,49.2,0,,Consumer Cyclical,18372595712.0,18623.21
HCAT,Health Catalyst Inc,1.58,1,7,2,0,6,2,2,20,-13.0,7.0,Broken,Avoid/exit,31,-7.6,-10.2,-12.4,35.7,2,,Healthcare,99756920.0,865084.89
DBLVF,Doubleview Gold Corp,1.35,2,6,9,4,2,0,2,25,-18.0,7.0,Broken,Avoid/exit,26,-2.2,-6.2,-4.6,41.8,1,,Basic Materials,460123616.0,165515.12
DZZ,DB Gold Double Short ETN,1.61,0,6,3,4,2,0,2,17,-10.0,7.0,Broken,Avoid/exit,21,-7.5,-9.6,-7.9,30.0,0,,nan,nan,79848.57
NIU,Niu Technologies,1.96,1,9,3,1,4,2,2,22,-13.0,7.0,Broken,Avoid/exit,13,-3.4,-2.0,-9.0,34.1,2,,Consumer Cyclical,176089008.0,563492.58
BGIN,Bgin Blockchain Limited Class A Ordinary Shares,2.05,13,5,3,4,4,5,5,39,-30.0,7.0,Broken,Avoid/exit,33,6.8,15.6,3.7,52.9,3,,Technology,306598400.0,0.0
GTMAY,Grupo TMM SAB,2.0,3,1,2,4,3,2,2,17,-10.0,7.0,Broken,Avoid/exit,33,-11.1,-27.3,-17.7,4.9,0,,Industrials,87276560.0,921.13
KRNGY,Karoon Energy Ltd,2.2,4,4,0,4,3,3,2,20,-13.0,7.0,Broken,Avoid/exit,41,-8.7,-8.7,-9.0,42.1,0,,Energy,1014977024.0,100.1
CURI,Curiositystream Inc.,2.72,7,4,1,5,0,0,5,22,-15.0,7.0,Broken,Avoid/exit,32,-4.9,-2.9,-4.2,47.7,1,,Communication Services,191498944.0,570029.02
EQ,Equillium Inc,2.18,4,6,8,0,2,0,2,22,-15.0,7.0,Broken,Avoid/exit,46,-7.2,-2.2,-5.4,42.9,1,,Healthcare,184261152.0,823495.81
TANAF,TANAF,0.79,1,2,1,9,0,0,2,15,-8.0,7.0,Broken,Avoid/exit,15,-51.2,-27.5,-31.2,34.3,0,,Healthcare,136098816.0,6870.44
PLTK,Playtika Holding Corp,2.45,1,10,1,0,4,2,2,20,-11.0,7.0,Broken,Avoid/exit,19,9.9,-8.2,-13.1,33.6,2,,Communication Services,1198195584.0,1681689.88
CMCT,Creative Media & Community Trust Corporation,3.94,7,4,2,12,3,4,5,37,-26.0,7.0,Broken,Avoid/exit,35,-23.5,-15.3,-11.4,44.6,1,,Real Estate,8537676.0,129037.69
SPPSX,SHORT PRECIOUS METALS PROFUND SHORT PRECIOUS METALS PROFUND SERVICE CLASS,2.31,1,4,0,6,0,4,2,17,-10.0,7.0,Broken,Avoid/exit,15,-16.9,-16.3,-16.4,22.5,0,,nan,0.0,0.0
TYGO,Tigo Energy Inc.,1.05,3,5,0,5,2,0,2,17,-10.0,7.0,Broken,Avoid/exit,8,-8.7,-16.0,-20.2,27.9,0,,Technology,263410448.0,634864.47
IPST,"Heritage Distilling Holding Company, Inc.",7.78,15,4,2,5,4,2,5,37,-30,7,Broken,Avoid/exit,54,-50.6,287.1,31.8,57.0,3,,Financial Services,2886312.0,71708.44
STMUX,Invesco Short Term Municipal Fund Class R6,3.7,1,3,0,6,0,2,2,14,-10.0,7.0,Broken,Avoid/exit,17,0.0,-0.3,-0.1,38.0,0,,nan,nan,0.0
PODC,"Courtside Group, Inc. Common Stock",2.69,1,10,1,0,4,2,2,20,-13.0,7.0,Broken,Avoid/exit,26,-1.8,-19.0,-12.9,32.5,2,,Communication Services,117648488.0,100581.35
CREX,Creative Realities Inc,2.86,3,10,0,3,4,2,2,24,-15.0,7.0,Broken,Avoid/exit,20,2.1,-4.7,-5.9,39.3,1,,Technology,42480416.0,56581.59
TBH,"Brag House Holdings, Inc. Common Stock",2.45,8,3,0,4,5,0,2,22,-15.0,7.0,Broken,Avoid/exit,52,-39.7,-40.1,-29.3,37.9,1,,Communication Services,16914760.0,105291.68
GGB,Gerdau SA ADR,4.36,3,7,0,0,5,0,2,17,-8.0,7.0,Broken,Avoid/exit,44,-6.6,-7.0,-5.9,35.8,1,,Basic Materials,9039893504.0,17725562.13
GLBZ,Glen Burnie Bancorp,4.45,2,9,6,1,2,5,2,27,-20.0,7.0,Broken,Avoid/exit,31,-2.2,-1.1,-1.2,43.9,1,,Financial Services,13693370.0,6859.9
BLDP,Ballard Power Systems Inc,2.31,2,9,6,0,2,2,2,23,-16.0,7.0,Broken,Avoid/exit,16,-6.5,-11.2,-10.7,33.0,1,,Industrials,1829958400.0,5923122.68
VWAVW,"VisionWave Holdings, Inc. Warrant",0.127,3,5,1,3,0,2,2,16,-10.0,6.0,Broken,Avoid/exit,7,-9.3,-36.5,-47.6,34.4,0,,nan,nan,70257.62
PHGUF,Pharming Group N.V,1.1,1,1,3,4,3,2,2,16,-10.0,6.0,Broken,Avoid/exit,10,0.0,-15.4,-6.7,8.0,0,,Healthcare,997212928.0,744.51
AUID,authID Inc.,0.47,3,12,0,0,4,2,2,23,-15.0,6.0,Broken,Avoid/exit,22,17.5,-17.7,-17.8,36.0,1,,Technology,20972232.0,2230218.83
CYN,Cyngn Inc,1.06,1,4,4,2,2,6,2,21,-15.0,6.0,Broken,Avoid/exit,24,0.0,-15.9,-4.7,42.4,1,,Technology,20769526.0,1504777.41
ZKIN,ZK International Group Co Ltd,1.183,7,14,6,2,3,2,2,36,-28,6,Broken,Avoid/exit,24,17.2,10.6,4.3,51.7,4,,Basic Materials,75652248.0,36437.43
IH,Ihuman Inc,1.222,1,5,4,0,4,0,2,16,-8.0,6.0,Broken,Avoid/exit,14,-2.2,-9.5,-6.0,37.1,1,,Consumer Defensive,81780584.0,13841.36
PSHG,Performance Shipping Inc,1.69,5,4,6,1,2,2,2,22,-16.0,6.0,Broken,Avoid/exit,29,-3.4,-4.0,-2.9,43.3,0,,Industrials,21383312.0,116036.57
NNOX,Nano X Imaging Ltd,0.863,0,6,3,0,2,6,2,19,-13.0,6.0,Broken,Avoid/exit,12,-2.7,-22.3,-10.5,37.0,1,,Healthcare,144051760.0,1406705.02
LGCL,Lucas GC Limited Ordinary Shares,0.044,1,4,0,1,2,4,2,14,-11.0,6.0,Broken,Avoid/exit,14,-81.9,-96.8,-94.5,25.8,0,,Technology,86864520.0,112824.47
MMTOF,Mitsubishi Motors Corp.,2.08,1,3,3,4,3,0,2,16,-10.0,6.0,Broken,Avoid/exit,30,-16.8,-16.8,-9.4,21.3,0,,Consumer Cyclical,2716855808.0,0.0
EAXR,Flint Telecom Group,0.598,1,8,0,5,3,2,2,21,-15.0,6.0,Broken,Avoid/exit,12,-28.3,-28.3,-26.4,28.6,1,,Technology,120243072.0,1942.5
MOBX,Mobix Labs Inc,1.21,1,10,3,0,3,2,2,21,-13.0,6.0,Broken,Avoid/exit,32,11.0,-22.4,-16.5,32.8,2,,Technology,35541512.0,3472536.01
BIRMF,BIOREM Inc,2.7,15,3,3,4,3,2,4,34,-28.0,6.0,Broken,Avoid/exit,60,3.4,3.4,3.1,57.8,0,,Industrials,34904688.0,5654.7
DAGXF,DB Agriculture Double Long ETN,1.9,4,3,0,1,3,3,2,16,-10.0,6.0,Broken,Avoid/exit,15,-5.2,0.0,-1.3,39.7,0,,nan,nan,237.0
ECSNF,EcoSynthetix Inc,1.62,3,7,1,3,3,2,2,21,-15.0,6.0,Broken,Avoid/exit,11,-9.5,-0.6,-7.1,32.5,1,,Basic Materials,143585264.0,201.1
WVVI,Willamette Valley Vineyards Inc,2.2,5,8,1,2,3,2,2,23,-13.0,6.0,Broken,Avoid/exit,14,-0.9,-4.3,-6.3,34.5,1,,Consumer Defensive,13544322.0,7506.8
BVENY,BVENY,3.65,0,1,7,6,2,2,2,20,-10.0,6.0,Broken,Avoid/exit,0,-2.1,-8.1,-5.0,20.9,0,,Energy,1851204224.0,0.0
VTEX,VTEX,3.62,1,7,2,2,2,2,2,18,-10.0,6.0,Broken,Avoid/exit,30,2.3,-7.9,-5.9,36.9,0,,Technology,635913216.0,1269007.12
NOMA,NOMADAR Corp. Class A Common Stock,2.38,1,7,0,3,4,2,2,19,-13.0,6.0,Broken,Avoid/exit,14,7.7,-12.8,-10.4,39.5,2,,Consumer Cyclical,61704084.0,0.0
PPAAY,Perusahaan Gas Negara Persero Tbk PT ADR,3.95,1,1,9,2,0,1,2,16,-10.0,6.0,Broken,Avoid/exit,11,-3.7,-3.7,-3.5,21.8,0,,Utilities,2507887872.0,397.83
APYX,Apyx Medical Inc,3.11,1,10,0,0,4,2,2,19,-13.0,6.0,Broken,Avoid/exit,29,0.0,3.0,-8.6,35.1,1,,Healthcare,179639248.0,130382.45
EPM,Evolution Petroleum Corporation Inc,3.48,0,7,2,6,2,0,2,19,-13.0,6.0,Broken,Avoid/exit,10,-9.1,-7.7,-4.3,41.3,1,,Energy,162987408.0,378327.39
FABC,"Fabric.AI, Inc.",2.715,6,7,6,4,0,1,5,29,-23.0,6.0,Broken,Avoid/exit,24,-10.7,-2.0,-2.3,46.9,1,,Consumer Cyclical,26708434.0,873587.9
VLVCY,Volvo Car AB (publ.),3.98,1,1,4,5,0,4,3,18,-8.0,6.0,Broken,Avoid/exit,19,-10.6,-7.7,-6.7,36.4,0,,Consumer Cyclical,7268880384.0,1075.26
PHGFX,Popular High Grade Fixed-Income A,4.95,1,2,0,6,3,2,2,16,-10.0,6.0,Broken,Avoid/exit,17,-0.2,-0.2,-0.1,0.0,0,,nan,nan,0.0
MIRA,"MIRA Pharmaceuticals, Inc. Common Stock",0.775,5,5,2,6,2,4,2,26,-21.0,5.0,Broken,Avoid/exit,22,1.3,-0.3,-0.4,47.6,1,,Healthcare,42442308.0,1121545.68
BYAH,"Park Ha Biological Technology Co., Ltd.",2.59,11,2,4,4,3,5,5,34,-29.0,5.0,Broken,Avoid/exit,44,-11.6,-27.0,8.5,58.6,1,,Consumer Defensive,3958668.0,113702.41
FITGF,FIT Hon Teng Limited,0.633,3,8,4,2,0,2,2,21,-16.0,5.0,Broken,Avoid/exit,16,-4.8,-4.3,-6.0,41.7,0,,Technology,8533048832.0,4924.85
WRAP,Wrap Technologies Inc,1.53,1,9,1,0,5,0,2,18,-11.0,5.0,Broken,Avoid/exit,37,-3.2,-18.2,-9.1,42.2,1,,Technology,75804016.0,366016.69
ABVC,ABVC Biopharma Inc,0.8,2,4,5,5,0,2,2,20,-15.0,5.0,Broken,Avoid/exit,12,-7.6,-18.8,-17.2,32.0,1,,Healthcare,34060576.0,84541.95
PCSV,Pcs Edventures Com,1.43,3,5,3,5,0,0,2,18,-18.0,5.0,Broken,Avoid/exit,51,-4.7,-15.9,-9.4,26.6,0,,Consumer Defensive,16355240.0,6191.48
AERG,Applied Energetics,1.18,0,11,6,0,2,0,2,21,-16.0,5.0,Broken,Avoid/exit,23,-5.6,-8.5,-3.9,40.9,1,,Technology,369508000.0,119992.5
GMGMF,Graphene Manufacturing Group Ltd,1.47,6,5,6,5,0,1,5,28,-23.0,5.0,Broken,Avoid/exit,26,-1.3,-2.8,-1.9,46.0,1,,Basic Materials,228775712.0,255434.92
VNRX,Volitionrx Ltd,0.385,1,7,0,6,2,0,2,18,-13.0,5.0,Broken,Avoid/exit,18,-18.9,-46.2,-39.2,18.1,1,,Healthcare,17254382.0,260063.39
GNSS,Genasys Inc,1.67,2,7,3,4,2,0,2,20,-15.0,5.0,Broken,Avoid/exit,18,-11.2,0.0,-3.2,44.9,1,,Technology,90173176.0,153821.69
TROO,TROOPS Inc,1.83,5,6,5,4,2,2,4,28,-23.0,5.0,Broken,Avoid/exit,18,-7.1,-6.6,-7.5,42.9,1,,Financial Services,290741216.0,296533.31
WFF,WF Holding Limited Ordinary Shares,1.98,7,6,0,3,2,0,2,20,-15.0,5.0,Broken,Avoid/exit,37,-10.8,-2.5,-5.9,46.2,1,,Industrials,10529457.0,70510.88
BCARW,D. Boral ARC Acquisition I Corp. Warrant,0.51,6,7,2,0,2,2,2,21,-16.0,5.0,Broken,Avoid/exit,15,2.0,18.6,-19.6,40.9,2,,nan,nan,0.0
CMCLF,China Molybdenum Co. Ltd,2.15,4,4,0,2,5,5,2,22,-17.0,5.0,Broken,Avoid/exit,36,4.4,-14.0,-1.7,48.7,0,,Basic Materials,58512740352.0,18947.43
STGPF,Scentre Group,2.35,0,1,2,5,5,0,2,15,-10.0,5.0,Broken,Avoid/exit,15,-23.0,-24.2,-15.0,34.5,0,,Real Estate,15837626368.0,0.0
WARFF,Wharf (Holdings) Limited,2.4,0,1,2,5,3,2,2,15,-10.0,5.0,Broken,Avoid/exit,15,-19.7,-19.7,-15.4,4.0,0,,Real Estate,9137521664.0,0.0
UGRO,Urban-Gro Inc,1.7,3,2,1,9,0,2,2,19,-14.0,5.0,Broken,Avoid/exit,17,-10.1,-40.8,-33.7,32.1,1,,Industrials,4042144.0,1760299.22
BHST,BioHarvest Sciences Inc. Common Stock,2.02,5,5,1,3,2,2,2,20,-15.0,5.0,Broken,Avoid/exit,15,-4.3,-2.7,-6.9,37.9,1,,Consumer Defensive,80697520.0,51515.6
EFOI,Energy Focu,2.85,2,4,5,0,2,2,3,18,-13.0,5.0,Broken,Avoid/exit,29,-5.0,-5.0,-3.2,45.1,2,,Consumer Cyclical,24011966.0,912369.84
JSNSF,J Sainsbury plc,4.25,0,1,3,2,3,4,2,15,-10.0,5.0,Broken,Avoid/exit,20,-8.6,-11.1,-8.4,31.6,0,,Consumer Defensive,9118178304.0,0.0
PLSM,Pulsenmore Ltd. Ordinary Shares,2.85,3,7,4,0,2,2,2,20,-15.0,5.0,Broken,Avoid/exit,22,-0.7,-11.8,-9.7,35.8,1,,Healthcare,28547484.0,0.0
UNIF,U & I Financial Corp,4.1,4,3,7,7,1,1,2,25,-16.0,5.0,Broken,Avoid/exit,53,-6.8,-6.8,-4.9,30.3,1,,Financial Services,21906320.0,0.0
HLFFF,HelloFresh SE,3.62,1,7,0,6,4,0,2,20,-15.0,5.0,Broken,Avoid/exit,16,-3.5,-8.1,-7.1,36.8,2,,Consumer Cyclical,709572992.0,1407.88
BKYI,BIO-Key International Inc,3.02,3,8,0,5,2,2,2,22,-15.0,5.0,Broken,Avoid/exit,33,-1.6,-22.6,-15.3,32.8,1,,Industrials,4633855.0,521573.5
RXT,Rackspace Technology Inc,3.4,3,5,5,0,3,2,2,20,-13.0,5.0,Broken,Avoid/exit,39,-3.4,-21.8,-14.4,38.9,2,,Technology,1393153792.0,13335820.98
ROC,Rank One Computing Corporation Common stock,4.06,2,4,5,0,2,0,2,15,-10.0,5.0,Broken,Avoid/exit,0,-6.2,-4.2,-7.5,38.9,0,,nan,87768584.0,0.0
LSAK,Lesaka Technologies Inc,4.53,0,5,6,3,0,1,2,17,-15.0,5.0,Broken,Avoid/exit,25,-2.8,-6.2,-3.1,42.0,1,,Technology,433825280.0,76214.52
SITC,Site Centers Corp,2.98,3,7,1,5,0,5,2,23,-18.0,5.0,Broken,Avoid/exit,7,-1.7,0.7,-9.4,27.7,0,,Real Estate,262636736.0,1023297.68
AZI,Autozi Internet Technology (Global) Ltd. Class A Ordinary Shares,1.29,7,5,5,4,2,3,3,29,-25.0,4.0,Broken,Avoid/exit,29,12.2,-7.9,-4.5,47.9,1,,Consumer Cyclical,3280622.0,512297.58
PNBK,Patriot National Bancorp Inc,1.05,2,8,4,3,7,2,2,28,-24.0,4.0,Broken,Avoid/exit,26,0.0,-9.5,-3.9,42.2,1,,Financial Services,124651656.0,295402.65
CALC,"CalciMedica, Inc. Common Stock",0.588,1,9,2,0,3,0,2,17,-11.0,4.0,Broken,Avoid/exit,30,-7.8,-10.6,-11.1,40.5,2,,Healthcare,13431486.0,468266.46
BLIN,Bridgeline Digital Inc,0.978,1,8,2,0,2,2,2,17,-13.0,4.0,Broken,Avoid/exit,30,1.5,-12.7,-7.3,36.2,1,,Technology,13355871.0,71424.29
KSHTY,Kuaishou Technology,0.86,1,2,2,3,4,0,2,14,-10.0,4.0,Broken,Avoid/exit,16,-14.3,-20.9,-14.4,32.5,1,,Communication Services,25135198208.0,11383.8
CABR,"Caring Brands, Inc. Common Stock",1.285,2,4,3,3,5,0,2,19,-15.0,4.0,Broken,Avoid/exit,42,-5.5,-12.6,-6.9,43.6,1,,Healthcare,10727977.0,143622.4
ENSIF,ENSIF,1.0,0,4,5,3,0,0,2,14,-10.0,4.0,Broken,Avoid/exit,0,-5.7,-7.4,-6.5,39.9,0,,nan,nan,0.0
AMBR,Amber International Holding Limited,1.08,4,6,1,0,4,0,2,17,-13.0,4.0,Broken,Avoid/exit,20,-12.9,-16.9,-11.5,35.2,1,,Technology,143298368.0,591111.15
BRAG,Bragg Gaming Group Inc,1.45,2,4,1,0,2,6,2,17,-13.0,4.0,Broken,Avoid/exit,15,0.0,-11.6,-6.9,40.7,1,,Consumer Cyclical,44086972.0,45888.63
TOPP,Toppoint Holdings Inc.,0.212,4,8,0,0,3,2,2,19,-13.0,4.0,Broken,Avoid/exit,15,-3.6,-14.5,-37.4,26.0,2,,Industrials,42158004.0,128013.03
CNTX,Context Therapeutics Inc,0.435,2,8,3,6,0,2,2,23,-15.0,4.0,Broken,Avoid/exit,8,-12.4,-6.5,-17.7,33.6,1,,Healthcare,186514720.0,858841.52
POLA,Polar Power Inc,1.51,4,3,2,6,2,0,2,19,-13.0,4.0,Broken,Avoid/exit,23,-12.2,-15.6,-8.1,41.8,1,,Industrials,6843499.0,1054121.27
POWW,Ammo Inc,2.21,5,6,3,5,3,2,3,27,-23.0,4.0,Broken,Avoid/exit,57,-2.2,-4.7,-1.3,48.0,1,,Industrials,233404560.0,507940.57
ACDSF,Ascendas Real Estate Investment Trust,1.72,0,2,3,4,3,0,2,14,-10.0,4.0,Broken,Avoid/exit,14,-9.5,-11.6,-8.2,33.5,0,,Real Estate,9982722048.0,13083.79
CMRF,CIM Real Estate Finance Trust Inc.,2.1,5,6,6,0,0,0,2,19,-15.0,4.0,Broken,Avoid/exit,31,-8.7,0.0,-6.2,47.2,1,,Real Estate,1122601984.0,0.0
LFEV,Life Electric Vehicles Holdings Inc.,1.4,3,2,7,0,2,3,2,19,-15.0,4.0,Broken,Avoid/exit,21,-3.4,0.0,-4.7,34.5,1,,Consumer Cyclical,19734908.0,734.66
INRLF,Valneva SE,3.29,14,3,5,4,3,0,5,34,-30,4,Broken,Avoid/exit,41,-4.6,35.4,10.5,75.6,3,,Healthcare,519632544.0,376.19
BAOS,Baosheng Media Group Holdings Ltd,0.439,3,6,1,3,2,2,2,19,-15.0,4.0,Broken,Avoid/exit,7,-9.1,-39.9,-39.8,24.7,1,,Communication Services,3774838.0,384215.41
PN,Skycorp Solar Group Limited Ordinary Shares,2.65,6,4,0,5,2,2,2,21,-15.0,4.0,Broken,Avoid/exit,31,-2.2,-12.5,-38.9,42.3,1,,Technology,46704084.0,467671.61
PEVM,Phoenix Motor Inc.,0.021,3,6,1,0,3,2,2,17,-13.0,4.0,Broken,Avoid/exit,17,5.0,-96.5,-94.1,11.6,1,,nan,102010424.0,965.29
DOMO,Domo Inc,3.72,10,4,9,3,1,4,2,33,-29.0,4.0,Broken,Avoid/exit,41,-0.8,-5.1,-1.1,49.9,1,,Technology,174732672.0,1161899.37
THRY,Thryv Holdings Inc,1.93,1,5,2,0,2,2,2,14,-10.0,4.0,Broken,Avoid/exit,9,-2.0,-9.8,-22.7,26.6,0,,Technology,168529184.0,958244.46
DAIO,Data I/O Corporation,2.9,3,8,7,4,2,0,2,26,-22.0,4.0,Broken,Avoid/exit,26,-3.0,-0.7,-4.2,40.8,1,,Technology,36920080.0,42614.13
ODYS,Odysight.ai Inc. Common Stock,3.65,1,9,2,1,4,0,2,19,-15.0,4.0,Broken,Avoid/exit,28,-7.4,-16.7,-8.1,37.8,2,,Technology,69122568.0,236594.85
PFAI,Pinnacle Food Group Limited Class A Common Shares,3.08,11,7,2,3,3,4,2,32,-26.0,4.0,Broken,Avoid/exit,33,2.0,8.1,4.4,52.9,3,,Consumer Defensive,44600180.0,372668.83
SKK,SKK Holdings Limited,4.25,6,2,1,4,0,1,2,16,-15.0,4.0,Broken,Avoid/exit,34,1.2,-5.6,-11.1,43.3,1,,Industrials,9770229.0,265186.94
TAOFF,Hyperion Metals Limited,2.2,2,3,7,5,0,0,2,19,-15.0,4.0,Broken,Avoid/exit,21,-9.8,-4.3,-7.8,28.0,1,,Basic Materials,1517046656.0,5050.36
NEUP,Neuphoria Therapeutics Inc,3.86,9,6,8,6,0,1,3,33,-29.0,4.0,Broken,Avoid/exit,19,-3.0,1.3,-0.3,49.2,1,,Healthcare,25401388.0,537067.37
LESL,Leslies Inc,0.606,3,7,0,0,3,4,2,19,-13.0,4.0,Broken,Avoid/exit,19,-3.8,-54.4,-49.8,29.0,2,,Consumer Cyclical,49885856.0,421535.09
APVO,Aptevo Therapeutics Inc,2.46,1,5,0,2,2,2,2,14,-10.0,4.0,Broken,Avoid/exit,17,-15.2,-40.5,-25.6,24.0,0,,Healthcare,5881615.0,177742.65
BJDX,Bluejay Diagnostics Inc,0.916,4,8,1,3,4,2,2,24,-18.0,4.0,Broken,Avoid/exit,18,-5.5,-14.4,-12.8,37.4,1,,Healthcare,5988620.0,678236.1
AIRXX,AIM Investment Securities Funds (Invesco Investment Securities Funds) - Government Money Market Fund,1.0,0,5,3,5,3,0,2,18,-20.0,3.0,Broken,🔥 COILED: Avoid/exit,23,-67.8,-67.8,-37.0,46.3,0,,nan,nan,0.0
JDSPY,JD Sports Fashion PLC,1.11,4,3,2,3,2,0,2,16,-13.0,3.0,Broken,Avoid/exit,50,-9.4,-10.9,-5.5,44.1,0,,Consumer Cyclical,5406529536.0,20029.75
GGAZF,Goldgroup Mining Inc.,2.15,7,8,1,4,7,0,5,32,-30,3,Broken,Avoid/exit,50,-49.4,-53.9,-26.1,42.5,2,,Basic Materials,302378912.0,274020.74
CHGG,Chegg Inc,0.791,1,5,4,0,2,2,2,16,-13.0,3.0,Broken,Avoid/exit,16,4.1,-5.3,-6.3,40.8,1,,Consumer Defensive,141068144.0,2346995.96
OXSQ,Oxford Square Capital Corp,1.37,0,2,2,2,3,2,2,13,-10.0,3.0,Broken,Avoid/exit,15,-4.9,-4.9,-4.7,40.1,1,,Financial Services,129067384.0,1361967.49
DSEAF,DSEAF,0.794,2,5,8,6,0,2,2,25,-22.0,3.0,Broken,Avoid/exit,35,3.2,-4.0,-3.6,45.6,2,,Basic Materials,70899632.0,0.0
PANHF,Ping An Healthcare and Technology Company Limited,0.849,0,1,1,4,3,2,2,13,-10.0,3.0,Broken,Avoid/exit,6,-11.5,-11.5,-9.5,13.8,0,,Healthcare,4253251840.0,58.56
GXAI,Gaxos.ai Inc,0.815,3,6,1,4,0,2,2,18,-15.0,3.0,Broken,Avoid/exit,12,0.0,-8.0,-9.0,43.4,1,,Communication Services,14307907.0,4695383.87
CHRS,Coherus BioSciences Inc,1.37,8,12,4,2,3,2,2,33,-28.0,3.0,Broken,Avoid/exit,33,2.2,13.2,2.7,51.6,3,,Healthcare,227518608.0,1505298.91
FMST,Foremost Lithium Resource & Technology Ltd. Common stock,1.19,1,8,1,0,4,2,2,18,-13.0,3.0,Broken,Avoid/exit,20,4.4,-9.8,-8.9,39.9,1,,Basic Materials,27514182.0,288758.35
SHMDW,SCHMID Group N.V. Warrants,1.15,0,6,2,5,0,2,2,17,-10.0,3.0,Broken,Avoid/exit,11,-27.0,-25.3,-17.5,39.9,0,,nan,nan,106002.24
AIB,"BlockchAIn Digital Infrastructure, Inc",1.3,1,4,2,5,2,2,2,18,-15.0,3.0,Broken,Avoid/exit,0,4.8,-25.7,-19.1,37.1,1,,Technology,77927488.0,0.0
CRTHF,CARsgen Therapeutics Holdings Limited,1.62,1,3,1,6,3,2,2,18,-15.0,3.0,Broken,Avoid/exit,22,0.0,-14.3,-7.9,22.4,1,,Healthcare,981320192.0,14.0
ESGH,ESG Inc.,1.13,3,3,4,0,3,3,2,18,-15.0,3.0,Broken,Avoid/exit,14,0.0,-11.0,-10.9,0.7,1,,Consumer Defensive,27701088.0,1500.16
RLX,RLX Technology Inc,1.79,1,2,1,5,2,0,2,13,-10.0,3.0,Broken,Avoid/exit,14,-2.2,-9.6,-5.9,31.4,0,,Consumer Defensive,2468954368.0,2552317.3
ENHA,Enhanced Group Inc.,1.63,3,7,4,0,2,0,2,18,-15.0,3.0,Broken,Avoid/exit,0,0.0,-24.2,-45.7,9.6,1,,Consumer Defensive,341022976.0,0.0
IMDXF,Imdex Limited,2.6,1,2,1,4,3,0,2,13,-10.0,3.0,Broken,Avoid/exit,28,-6.1,-6.1,-4.9,38.3,0,,Industrials,1535525504.0,0.0
DTZNY,DTZNY,1.5,2,4,2,4,2,2,2,18,-15.0,3.0,Broken,Avoid/exit,4,-11.8,-11.8,-14.1,41.8,1,,Basic Materials,2166382080.0,7304.36
CDTG,CDT Environmental Technology Investment Holdings Limited ordinary shares,0.98,6,4,1,0,0,4,3,18,-15.0,3.0,Broken,Avoid/exit,24,-70.2,-22.8,-40.5,41.6,1,,Industrials,10362030.0,37351.22
ALNPY,ANA Holdings Inc ADR,3.78,9,4,3,2,5,5,2,30,-27.0,3.0,Broken,Avoid/exit,40,-0.8,2.2,-1.3,48.8,0,,Industrials,7766415872.0,6603.75
DTCGF,Dometic Group AB (publ),2.505,0,1,2,5,3,0,2,13,-10.0,3.0,Broken,Avoid/exit,12,-13.3,-13.3,-9.5,3.2,0,,Consumer Cyclical,1102275072.0,0.0
RGLXY,RTL Group SA ADR,3.44,0,2,2,0,3,4,2,13,-10.0,3.0,Broken,Avoid/exit,14,-15.7,-4.4,-6.1,35.8,0,,Communication Services,5539792384.0,0.0
BORUF,Borussia Dortmund GmbH & Co. Kommanditgesellschaft auf Aktien,3.25,0,3,0,6,3,4,2,18,-15.0,3.0,Broken,Avoid/exit,18,-13.1,-13.7,-8.3,34.0,1,,Communication Services,397358336.0,0.0
BENF,Beneficient Class A Common Stock,2.3,1,8,2,0,3,4,2,20,-15.0,3.0,Broken,Avoid/exit,19,-3.0,-16.4,-12.2,34.0,2,,Financial Services,53145448.0,1138320.91
FRRPF,Fiera Capital Corporation,3.05,1,5,2,0,3,0,2,13,-10.0,3.0,Broken,Avoid/exit,10,-7.9,-15.0,-9.5,29.2,0,,Financial Services,415776096.0,0.0
KRMD,Repro Med Systems Inc,3.21,1,8,1,0,2,2,2,16,-13.0,3.0,Broken,Avoid/exit,11,-3.6,-7.0,-8.6,29.6,1,,Healthcare,190162608.0,147690.56
SPPL,SIMPPLE LTD. Ordinary Shares,2.22,1,8,1,0,2,4,2,18,-15.0,3.0,Broken,Avoid/exit,28,-5.9,-4.3,-12.5,36.2,1,,Industrials,36991780.0,336777.75
IDN,Intellicheck Mobilisa Inc,2.86,1,2,1,3,2,2,2,13,-10.0,3.0,Broken,Avoid/exit,13,-3.7,-24.1,-13.9,29.1,0,,Technology,87890296.0,339113.44
MSGM,Motorsport Gaming Us LLC,3.99,4,4,0,0,3,2,2,15,-12.0,3.0,Broken,Avoid/exit,45,0.0,-10.1,-4.1,45.3,0,,Communication Services,16946664.0,725642.96
HUPHY,Hutchison Port Holdings Trust,3.5,1,1,2,2,3,2,2,13,-10.0,3.0,Broken,Avoid/exit,11,0.0,-14.6,-7.9,12.3,0,,Industrials,1916442240.0,211.88
UONEK,Urban One Inc Class D,4.49,4,6,3,3,5,0,2,23,-18.0,3.0,Broken,Avoid/exit,37,-9.8,-12.6,-7.7,39.7,1,,Communication Services,21277166.0,15312.5
CVGI,Commercial Vehicle Group Inc,3.09,1,7,3,3,2,0,2,18,-13.0,3.0,Broken,Avoid/exit,23,-5.8,-6.9,-12.5,30.8,1,,Consumer Cyclical,185914256.0,516058.52
AMCI,AMC Robotics Corporation,4.9,12,10,1,1,5,3,3,35,-30,3,Broken,Avoid/exit,24,-8.6,10.4,-2.3,49.1,3,,Technology,109837776.0,1402985.83
AINSF,Ainsworth Game Technology Limited,0.778,3,3,4,0,2,1,2,15,-13.0,2.0,Broken,Avoid/exit,30,-2.6,-2.6,-6.0,28.2,1,,Consumer Cyclical,326690176.0,22176.04
FAYXX,FAYXX,1.0,0,2,0,6,0,2,2,12,-10.0,2.0,Broken,Avoid/exit,13,-47.4,-18.7,-39.8,30.9,0,,nan,nan,0.0
APWC,Asia Pacific Wire & Cable Corp Ltd,1.42,0,2,1,5,0,0,2,10,-8.0,2.0,Broken,Avoid/exit,32,-4.7,-11.3,-5.7,40.9,0,,Industrials,56488464.0,11069.93
LOCL,Local Bounti Corp,0.992,3,5,7,4,2,2,2,25,-23.0,2.0,Broken,Avoid/exit,10,-6.4,-21.3,-7.8,39.8,1,,Consumer Defensive,33738480.0,462958.35
SNES,SenesTech Inc,1.19,0,6,2,5,2,0,2,17,-15.0,2.0,Broken,Avoid/exit,15,-7.8,-5.6,-8.1,38.4,1,,Basic Materials,8114241.0,74311.56
BEOLF,Beyond Oil Ltd.,1.4,2,4,2,5,0,4,2,19,-13.0,2.0,Broken,Avoid/exit,9,-2.8,-3.4,-7.6,39.0,1,,Consumer Defensive,137256928.0,9524.43
RPID,Rapid Micro Biosystems Inc,1.66,1,6,3,1,2,2,2,17,-15.0,2.0,Broken,Avoid/exit,23,6.4,-1.8,-5.9,38.6,1,,Healthcare,99145400.0,170660.57
HUTCY,Hutchison Telecommunications Hong Kong Holdings Ltd ADR,1.9,0,1,1,5,3,0,2,12,-10.0,2.0,Broken,Avoid/exit,23,-11.2,-5.0,-7.2,34.0,0,,Communication Services,671460736.0,223.27
ORXOF,Orexo AB (publ),1.44,2,3,3,6,0,1,2,17,-15.0,2.0,Broken,Avoid/exit,11,-7.1,-7.1,-8.9,0.0,1,,Healthcare,73766816.0,90.76
PMAX,Powell Max Limited Class A Ordinary Shares,1.22,1,3,4,5,2,2,2,19,-15.0,2.0,Broken,Avoid/exit,31,4.3,-26.1,-15.0,34.3,1,,Financial Services,3636505.0,510264.41
FLX,BingEx Ltd,1.84,0,3,3,3,0,0,2,11,-10.0,2.0,Broken,Avoid/exit,8,-6.8,-13.6,-9.0,35.5,0,,Industrials,165273600.0,165123.78
SBFM,Sunshine Biopharma Inc,1.14,3,3,3,2,2,2,2,17,-15.0,2.0,Broken,Avoid/exit,32,1.8,-7.3,-10.0,32.8,1,,Healthcare,39768224.0,515712.31
SYYNY,SYN prop e tech SA ADR,2.88,1,1,1,5,2,0,2,12,-10.0,2.0,Broken,Avoid/exit,31,-13.3,-13.3,-8.3,18.3,0,,Real Estate,101890168.0,600.49
HTCO,Caravelle International Group,2.85,1,3,5,0,2,4,2,17,-15.0,2.0,Broken,Avoid/exit,25,-1.4,-10.1,-7.4,38.4,1,,Industrials,27823484.0,348508.47
PIAHY,Ping An Healthcare and Technology Company Limited,1.78,2,1,2,4,0,3,2,14,-8.0,2.0,Broken,Avoid/exit,17,-5.3,-5.3,-5.6,0.0,0,,Healthcare,3189938944.0,58.36
WBDSF,WBDSF,2.59,0,1,1,5,3,0,2,12,-10.0,2.0,Broken,Avoid/exit,10,-13.7,-13.7,-10.5,0.0,0,,Industrials,2966396416.0,7.87
YHGJ,Yunhong Green CTI Ltd.,2.92,1,4,3,6,2,0,3,19,-15.0,2.0,Broken,Avoid/exit,20,-14.1,-13.1,-8.3,42.0,1,,Consumer Cyclical,9602018.0,52753.5
TULP,"Bloomia Holdings, Inc.",3.2,0,3,3,7,0,0,2,15,-13.0,2.0,Broken,Avoid/exit,16,-7.5,-11.4,-8.0,33.7,1,,Communication Services,17515284.0,22280.72
NSANY,Nissan Motor Co Ltd ADR,4.09,3,4,7,3,0,2,2,21,-19.0,2.0,Broken,Avoid/exit,23,-1.7,-7.3,-2.4,45.1,1,,Consumer Cyclical,7587150336.0,174867.4
FIEE,"FiEE, Inc.",4.22,11,4,2,4,0,4,5,30,-28.0,2.0,Broken,Avoid/exit,24,-11.0,11.1,0.5,51.4,2,,Technology,37568476.0,65461.98
DQJCF,Pan Pacific International Holdings Corporation,4.8,0,3,1,4,0,2,2,12,-10.0,2.0,Broken,Avoid/exit,20,-17.8,-11.0,-11.1,43.4,0,,Consumer Defensive,14723181568.0,0.0
PRVFF,Pro Real Estate Investment Trust,4.84,3,3,1,2,0,1,2,12,-10.0,2.0,Broken,Avoid/exit,26,-1.0,-9.4,-7.2,47.6,0,,Real Estate,352957056.0,20.61
PDSB,PDS Biotechnology Corp,0.222,1,7,0,0,4,2,2,16,-13.0,1.0,Broken,Avoid/exit,11,6.5,-13.8,-43.8,20.2,2,,Healthcare,68095096.0,786911.33
FAWXX,FAWXX,1.0,0,2,0,5,0,2,2,11,-10.0,1.0,Broken,Avoid/exit,14,-52.6,-26.5,-45.2,29.0,0,,nan,nan,0.0
FAUXX,FAUXX,1.0,0,2,0,5,0,2,2,11,-10.0,1.0,Broken,Avoid/exit,12,-49.0,-26.5,-41.9,28.3,0,,nan,nan,0.0
FABXX,FABXX,1.0,0,2,0,5,0,2,2,11,-10.0,1.0,Broken,Avoid/exit,14,-47.6,-20.0,-40.5,30.0,0,,nan,nan,0.0
KMFG,KMFG,0.115,1,3,0,0,3,2,2,11,-10.0,1.0,Broken,Avoid/exit,6,0.0,-87.7,-72.4,0.0,0,,Consumer Cyclical,60500000.0,227.25
BTAI,BioXcel Therapeutics Inc,0.742,0,7,0,3,2,0,2,14,-13.0,1.0,Broken,Avoid/exit,19,-6.3,-20.4,-15.3,38.9,1,,Healthcare,37979452.0,1437702.93
ELOG,Eastern International Ltd.,0.761,4,4,5,0,0,2,2,17,-16.0,1.0,Broken,Avoid/exit,32,-6.5,-17.7,-6.5,44.0,0,,Industrials,11548800.0,0.0
GDTC,CytoMed Therapeutics Limited Ordinary Shares,0.935,10,6,1,3,1,5,3,29,-28,1,Broken,Avoid/exit,25,-0.5,10.9,1.5,50.7,3,,Healthcare,13962745.0,221831.05
UCAR,U Power Limited Ordinary Shares,0.591,1,7,2,0,4,2,2,18,-15.0,1.0,Broken,Avoid/exit,15,-12.8,-23.2,-22.3,29.9,2,,Consumer Cyclical,36554564.0,4217853.19
INUV,Inuvo Inc,0.714,1,8,1,0,2,2,2,16,-13.0,1.0,Broken,Avoid/exit,14,-3.5,-30.7,-17.1,29.1,1,,Technology,21934930.0,204864.4
VS,Versus Systems Inc,1.27,3,4,8,4,0,2,2,23,-23.0,1.0,Broken,Avoid/exit,34,-8.0,-3.1,-4.4,44.3,1,,Technology,7744650.0,81522.46
LNKS,Linkers Industries Limited Class A Ordinary Shares,0.831,2,3,6,3,0,4,2,20,-19.0,1.0,Broken,Avoid/exit,20,-16.3,-25.8,-20.2,31.2,1,,Industrials,2458117.0,508866.53
NMRA,"Neumora Therapeutics, Inc.",1.5,1,5,6,1,3,0,2,18,-17.0,1.0,Broken,Avoid/exit,29,-8.5,-11.8,-6.3,43.2,1,,Healthcare,322394592.0,1414392.66
BZAI,"Blaize Holdings, Inc.",0.472,1,9,0,0,4,2,2,18,-15.0,1.0,Broken,Avoid/exit,8,-15.4,-56.7,-36.5,30.8,1,,Technology,254716016.0,5028700.62
FBASF,Fibra UNO,1.66,2,2,7,4,0,4,2,21,-20.0,1.0,Broken,Avoid/exit,32,-8.8,-2.9,-4.7,40.2,0,,Real Estate,6460956672.0,0.0
ONXYY,Ontex Group NV,1.655,0,1,2,3,3,0,2,11,-10.0,1.0,Broken,Avoid/exit,19,-7.5,-7.5,-6.3,0.0,0,,Consumer Defensive,285445952.0,37.25
MBOT,Microbot Medical Inc,1.5,1,7,2,0,2,2,2,16,-13.0,1.0,Broken,Avoid/exit,15,2.0,-10.7,-7.9,37.8,1,,Healthcare,123583232.0,2764438.69
DARE,Dare Bioscience Inc,0.821,1,7,0,0,4,2,2,16,-13.0,1.0,Broken,Avoid/exit,6,6.9,-43.0,-25.3,27.8,2,,Healthcare,28161464.0,290325.11
KUST,"Kustom Entertainment, Inc.",0.906,3,5,1,3,2,4,2,20,-19.0,1.0,Broken,Avoid/exit,18,-14.6,-31.9,-19.5,40.6,1,,Communication Services,1134616.0,204444.64
TTEC,TTEC Holdings Inc,1.4,1,7,0,0,4,2,2,16,-13.0,1.0,Broken,Avoid/exit,10,-1.4,-19.1,-20.9,30.4,1,,Technology,111670984.0,427799.83
TRNLY,Trendlines Group Ltd ADR,1.9,1,2,0,6,0,2,2,13,-8.0,1.0,Broken,Avoid/exit,26,-9.5,-9.5,-8.2,22.5,0,,Financial Services,66952704.0,620.51
WBQNL,Woodbridge Liquidation Trust,1.86,1,5,0,0,3,0,2,11,-10.0,1.0,Broken,Avoid/exit,11,-9.3,-13.5,-8.3,22.9,1,,Industrials,28773374.0,1717.89
HLEO,Helio Corporation,1.35,1,8,3,1,6,0,2,21,-18.0,1.0,Broken,Avoid/exit,20,-22.9,-31.1,-27.0,43.0,1,,Industrials,69691752.0,32385.99
NNBR,NN Inc,3.53,12,4,4,0,3,4,4,31,-30,1,Broken,Avoid/exit,51,-8.1,-3.3,-3.8,47.4,1,,Industrials,162014672.0,518625.71
XCUR,Exicure Inc,1.19,3,9,3,0,4,0,2,21,-18.0,1.0,Broken,Avoid/exit,13,-16.8,-13.1,-15.1,33.2,2,,Healthcare,18866854.0,231096.98
EVTK,Eventiko Inc,2.0,0,2,2,3,2,0,2,11,-10.0,1.0,Broken,Avoid/exit,18,-31.3,-31.3,-27.3,3.0,0,,Consumer Cyclical,12577500.0,89.64
TTRAF,Telstra Corporation Limited,3.16,0,1,2,0,3,3,2,11,-10.0,1.0,Broken,Avoid/exit,16,-7.1,-10.5,-5.8,25.3,0,,Communication Services,40058470400.0,0.0
TBNGY,Bukit Asam Tbk PT ADR,3.3,1,7,2,6,3,0,2,21,-16.0,1.0,Broken,Avoid/exit,11,-13.2,-13.2,-7.8,27.4,1,,Energy,1838778368.0,705.75
SVRE,SaverOne 2014 Ltd. American Depositary Shares,2.84,3,7,1,3,2,4,2,22,-21.0,1.0,Broken,Avoid/exit,27,-3.7,-26.2,-10.9,38.0,2,,Technology,3849072.0,102874.47
SNTL,Spectacular Solar Inc,2.64,1,3,0,6,4,2,2,18,-15.0,1.0,Broken,Avoid/exit,15,-4.0,-22.4,-16.6,36.6,2,,Industrials,41828288.0,6919.43
ICCM,Icecure Medical,2.28,3,2,2,1,6,0,2,16,-15.0,1.0,Broken,Avoid/exit,30,-12.3,-35.0,-19.6,34.5,1,,Healthcare,13472165.0,33081.74
TDUP,ThredUp Inc,2.76,1,7,0,0,2,2,2,14,-13.0,1.0,Broken,Avoid/exit,15,-1.8,-12.1,-25.6,24.3,1,,Consumer Cyclical,619396096.0,2185186.12
