code,name,price,trend,momentum,volatility,volume,sr,pattern,sentiment,raw,adj,final,zone,action,weekly_raw,g5,g10,ext,rsi,dist_flags,mct,sector,mcap,avgvol
CSHR,CoinShares PLC Ordinary Shares,4.9,17,11,14,15,4,7,5,73,0.0,78.0,Strong,Enter w/ confidence,0,17.8,16.7,15.6,66.6,2,,Financial Services,603553344.0,0.0
TAIT,Taitron Components Incorporated,1.83,16,12,6,17,6,12,5,74,0.0,77.0,Strong,Enter w/ confidence,56,7.0,7.9,9.0,61.8,1,,Technology,9393040.0,171931.82
CCO,Clear Channel Outdoor Holdings Inc,2.42,18,16,11,8,6,11,4,74,-5.0,73.0,Strong,Enter w/ confidence,67,0.4,0.0,0.4,55.3,1,,Communication Services,1226650368.0,4953918.01
HRSHF,Haier Smart Home Co. Ltd,3.05,16,10,6,17,6,7,5,67,0.0,72.0,Strong,Enter w/ confidence,57,3.4,17.3,12.0,67.6,2,,Consumer Cyclical,24086996992.0,2486.94
TNABF,Tenaga Nasional Berhad,3.67,18,16,9,15,4,7,2,71,-1.0,71.0,Strong,Enter w/ confidence,57,7.8,6.4,5.8,58.7,1,,Utilities,21235128320.0,8757.82
DSX,Diana Shipping Inc.,2.43,17,11,9,17,4,4,5,67,0.0,70.0,Strong,Enter w/ confidence,46,8.0,18.5,10.0,65.9,2,,Industrials,294029184.0,607667.89
MPZZF,MPC Container Ships ASA,2.545,15,12,11,13,8,1,5,65,4.0,70.0,Strong,Enter w/ confidence,58,1.6,6.0,3.4,55.5,1,,Industrials,1225119488.0,13894.32
BVENY,BVENY,3.97,14,5,11,13,6,8,5,62,0.0,70.0,Strong,🔥 COILED: Enter w/ confidence,0,0.0,5.0,2.0,49.1,0,,Energy,1851204224.0,0.0
PRDSF,Prada S.p.A,5.02,12,11,10,11,8,2,4,58,2.0,70.0,Strong,🔥 COILED: Enter w/ confidence,54,0.2,2.4,1.8,54.8,0,,Consumer Cyclical,12319345664.0,0.0
NWPP,New Peoples Bankshares Inc,4.5,18,3,7,16,6,12,5,67,-1.0,69.0,Moderate,Enter w/ caution,70,0.2,1.4,2.1,72.6,0,,Financial Services,102230944.0,0.0
BRBS,Blue Ridge Bankshares Inc,3.51,14,16,6,13,7,6,3,65,0.0,68.0,Moderate,🔥 COILED: Enter w/ caution,43,1.4,1.4,1.0,53.6,0,,Financial Services,294910400.0,314102.2
CPAMF,CapitaLand Integrated Commercial Trust,1.95,16,6,10,10,6,8,5,61,2.0,66.0,Moderate,Enter w/ caution,54,2.6,3.2,3.1,57.0,0,,Real Estate,14498737152.0,0.0
SAXJY,Sa Sa International Holdings Ltd ADR,2.6,18,11,4,16,4,7,5,65,1.0,66.0,Moderate,Enter w/ caution,48,26.8,26.8,17.7,67.1,2,,Consumer Cyclical,380140704.0,843.74
VMIXX,JPMorgan Trust I - JPMorgan Prime Money Market Fund,1.001,15,8,10,8,4,7,3,55,2.0,65.0,Moderate,🔥 COILED: Enter w/ caution,41,0.0,0.0,0.0,53.0,0,,nan,nan,0.0
GPHXX,GPHXX,3.57,13,9,11,9,6,2,5,55,2.0,65.0,Moderate,🔥 COILED: Enter w/ caution,51,0.8,1.1,5.1,53.8,0,,nan,nan,0.0
FUTG,Leverage Shares 2x Long FUTU Daily ETF,3.88,11,14,7,15,3,7,5,62,2.0,65.0,Moderate,Enter w/ caution,22,11.0,19.8,5.9,52.1,2,,nan,nan,0.0
BDCO,Blue Dolphin Energy Co,4.3,19,14,6,10,7,4,5,65,2.0,65.0,Moderate,Enter w/ caution,69,0.0,3.6,4.9,59.7,0,,Energy,56703476.0,10351.32
GPMT,Granite Point Mortgage Trust Inc,1.44,11,14,9,9,8,2,3,56,2.0,64.0,Moderate,Enter w/ caution,36,8.3,4.3,5.2,58.0,2,,Real Estate,73317024.0,193907.51
FISRX,FRANKLIN INCOME FUND CLASS R,2.49,18,12,9,8,4,7,3,61,0.0,64.0,Moderate,Enter w/ caution,56,0.4,0.4,0.4,57.8,0,,nan,0.0,0.0
FKINX,FRANKLIN INCOME FUND CLASS A,2.56,18,12,9,8,4,7,3,61,0.0,64.0,Moderate,Enter w/ caution,55,0.8,0.4,0.5,56.8,0,,nan,0.0,0.0
LGGNF,Legal & General Group Plc,3.91,11,9,10,9,6,11,5,61,0.0,64.0,Moderate,Enter w/ caution,56,0.3,0.0,2.0,57.3,1,,Financial Services,19537070080.0,17635.63
OPAL,OPAL Fuels Inc,2.35,10,13,5,16,6,4,5,59,4.0,63.0,Moderate,Enter w/ caution,53,6.3,-7.1,4.7,55.6,1,,Utilities,387959616.0,248420.49
TORM,TOR Minerals International Inc,2.2,10,12,9,15,6,4,5,61,-3.0,63.0,Moderate,🔥 COILED: Enter w/ caution,61,0.9,-0.5,1.9,54.5,1,,Basic Materials,7614662.0,2704.35
CXE,MFS High Income Municipal Closed Fund,4.1,18,11,4,15,6,7,5,66,-3.0,63.0,Moderate,Enter w/ caution,70,12.3,13.3,10.3,78.4,2,,Financial Services,115857208.0,89379.64
IPMLF,Imperial Metals Corporation,5.21,12,12,9,13,7,0,5,58,2.0,63.0,Moderate,Enter w/ caution,40,0.0,4.6,2.8,54.5,0,,Basic Materials,896201024.0,28784.84
IVFIX,FEDERATED INTERNATIONAL STRATEGIC VALUE DIVIDEND FUND INSTITUTIONAL SHARES,5.04,17,7,10,9,6,4,4,57,1.0,63.0,Moderate,🔥 COILED: Enter w/ caution,59,1.4,0.6,1.5,64.6,0,,nan,0.0,0.0
DDL,Dingdong (Cayman) Limited ADR,2.57,17,10,7,14,4,3,5,60,2.0,62.0,Moderate,Enter w/ caution,49,6.2,13.2,10.1,70.0,2,,Consumer Defensive,546642816.0,1206900.83
DAVA,Endava Ltd,2.99,14,12,8,16,4,5,3,62,-3.0,62.0,Moderate,🔥 COILED: Enter w/ caution,32,12.4,6.0,4.5,54.0,1,,Technology,152187024.0,797885.27
NPPHY,Nippon Paint Holdings Co. Ltd.,4.15,17,8,4,15,7,7,5,63,1.0,62.0,Moderate,Enter w/ caution,66,10.7,12.8,11.3,60.5,2,,Basic Materials,13916751872.0,2764.21
LPERX,ALPS/RED ROCKS LISTED PRIVATE EQUITY FUND CLASS R,3.42,15,10,13,9,6,11,5,69,-7.0,62.0,Moderate,Enter w/ caution,47,2.7,1.8,2.3,60.9,0,,nan,0.0,0.0
GOGO,Gogo Inc,4.18,16,10,8,15,5,6,5,65,-3.0,62.0,Moderate,Enter w/ caution,36,9.7,16.8,10.5,64.9,2,,Communication Services,557182720.0,2066042.14
DPUKY,Domino’s Pizza Group PLC,5.48,17,3,7,16,6,8,5,62,0.0,62.0,Moderate,Enter w/ caution,71,5.4,5.0,5.1,78.2,0,,Consumer Cyclical,952894464.0,12323.06
LSRCX,SMALL-CAP VALUE SERIES CLASS C,1.1,12,10,13,9,6,2,4,56,0.0,61.0,Moderate,🔥 COILED: Enter w/ caution,45,0.9,0.9,1.1,59.1,0,,nan,0.0,0.0
TCDXX,BlackRock Liquidity Funds - TempCash,1.0,15,6,8,8,4,7,3,51,2.0,61.0,Moderate,🔥 COILED: Enter w/ caution,42,0.0,0.0,0.0,54.4,0,,nan,nan,0.0
HEPS,D-MARKET Electronic Services & Trading ADR,2.95,17,15,7,8,6,11,4,68,-5.0,61.0,Moderate,Enter w/ caution,62,4.8,2.8,2.1,55.9,1,,Consumer Cyclical,928785536.0,282296.39
FRIAX,FRANKLIN INCOME FUND ADVISOR CLASS,2.53,17,6,11,8,4,7,3,56,0.0,61.0,Moderate,🔥 COILED: Enter w/ caution,54,0.4,0.4,0.3,55.4,0,,nan,0.0,0.0
FKIQX,Franklin Income Fund Cl A,2.55,17,6,11,8,4,7,3,56,0.0,61.0,Moderate,🔥 COILED: Enter w/ caution,54,0.4,0.4,0.3,55.4,0,,nan,nan,0.0
RCG,RENN Fund Inc,3.02,14,11,10,11,5,6,4,61,-3.0,61.0,Moderate,Enter w/ caution,55,2.4,1.0,1.7,56.6,0,,Financial Services,19538964.0,9264.84
QUBHF,Qube Holdings Limited,3.485,13,7,11,8,6,4,4,53,0.0,61.0,Moderate,🔥 COILED: Enter w/ caution,49,0.0,0.0,0.1,54.1,0,,Industrials,6910147072.0,1163.84
JRSH,Jerash Holdings US Inc,4.575,13,9,7,10,9,2,4,54,2.0,61.0,Moderate,🔥 COILED: Enter w/ caution,50,-1.2,1.4,1.0,54.1,0,,Consumer Cyclical,44068792.0,112809.83
MNGPF,Man Group plc,4.06,13,11,8,11,6,6,4,59,2.0,61.0,Moderate,Enter w/ caution,54,-1.2,-1.2,2.0,57.1,0,,Financial Services,4358557696.0,0.0
NTHEX,NORTHEAST INVESTORS TRUST NORTHEAST INVESTORS TRUST,3.82,13,6,13,8,4,7,3,54,2.0,61.0,Moderate,🔥 COILED: Enter w/ caution,56,0.3,0.0,0.2,56.8,0,,nan,0.0,0.0
WIINX,WASATCH EMERGING INDIA FUND INSTITUTIONAL CLASS SHARES,4.33,17,12,10,9,6,9,4,67,-9.0,61.0,Moderate,Enter w/ caution,50,4.8,2.6,2.3,63.1,0,,nan,0.0,0.0
RKUNF,Rakuten Group Inc,5.01,13,10,11,13,4,8,5,64,-4.0,61.0,Moderate,Enter w/ caution,41,2.2,5.9,2.7,58.4,1,,Consumer Cyclical,10238080000.0,0.0
KFFB,Kentucky First Federal Bancorp,5.475,19,6,6,15,7,9,5,67,-4.0,61.0,Moderate,Enter w/ caution,64,4.8,5.3,5.6,66.6,0,,Financial Services,35662416.0,7808.57
VMVXX,JPMorgan Trust I - JPMorgan Prime Money Market Fund,1.001,14,6,8,8,4,7,3,50,2.0,60.0,Moderate,🔥 COILED: Enter w/ caution,45,0.0,0.0,0.0,53.1,0,,nan,nan,0.0
PTRUF,Petrus Resources Ltd,1.24,12,14,9,7,3,1,5,51,4.0,60.0,Moderate,🔥 COILED: Enter w/ caution,32,1.6,3.3,2.3,54.9,0,,Energy,189193456.0,13359.56
NTCPF,NorthIsle Copper and Gold Inc,2.34,17,8,6,15,7,5,5,63,-3.0,60.0,Moderate,Enter w/ caution,60,6.8,9.9,6.5,58.7,2,,Basic Materials,703962368.0,438630.25
GITS,"Global Interactive Technologies, Inc",2.17,14,10,10,14,7,3,4,62,-3.0,60.0,Moderate,Enter w/ caution,62,7.4,2.8,2.6,53.0,2,,Communication Services,7679094.0,843290.79
BOREF,Borealis Exploration Ltd,2.0,12,6,11,13,4,4,3,53,-3.0,60.0,Moderate,🔥 COILED: Enter w/ caution,42,0.0,0.0,0.0,52.4,1,,Financial Services,10897809.0,940.43
CURR,Currenc Group Inc. Ordinary Shares,3.47,12,12,5,18,4,4,5,60,-1.0,60.0,Moderate,Enter w/ caution,64,7.1,1.8,8.4,59.5,1,,Technology,349196672.0,399245.46
SPPSX,SHORT PRECIOUS METALS PROFUND SHORT PRECIOUS METALS PROFUND SERVICE CLASS,3.41,8,11,9,9,6,4,5,52,0.0,60.0,Moderate,🔥 COILED: Enter w/ caution,51,0.9,-4.5,0.9,53.1,0,,nan,0.0,0.0
SPPIX,SHORT PRECIOUS METALS PROFUND SHORT PRECIOUS METALS PROFUND INVESTOR CLASS,3.46,8,11,9,9,6,4,5,52,0.0,60.0,Moderate,🔥 COILED: Enter w/ caution,51,1.2,-4.4,1.1,53.5,0,,nan,0.0,0.0
WAGOX,WASATCH GLOBAL OPPORTUNITIES FUND INVESTOR CLASS SHARES,4.02,18,10,7,9,6,7,3,60,-5.0,60.0,Moderate,🔥 COILED: Enter w/ caution,50,2.6,1.0,0.9,56.0,0,,nan,0.0,0.0
WAINX,WASATCH EMERGING INDIA FUND INVESTOR CLASS SHARES,4.21,16,12,10,9,6,9,4,66,-9.0,60.0,Moderate,Enter w/ caution,50,4.7,2.4,2.2,62.8,0,,nan,0.0,0.0
LPFCX,ALPS/RED ROCKS LISTED PRIVATE EQUITY FUND CLASS C,4.42,15,10,13,9,6,9,5,67,-7.0,60.0,Moderate,Enter w/ caution,47,2.8,1.8,2.4,60.9,0,,nan,0.0,0.0
GNRV,Grand River Commerce Inc,5.49,16,10,5,11,6,7,5,60,2.0,60.0,Moderate,Enter w/ caution,57,5.6,0.7,4.1,70.3,0,,Financial Services,29915428.0,3200.44
PXS,Pyxis Tankers Inc,4.76,17,8,7,18,5,2,5,62,-3.0,60.0,Moderate,Enter w/ caution,58,6.5,9.7,6.4,70.5,1,,Energy,47305076.0,39790.49
IVFCX,FEDERATED INTERNATIONAL STRATEGIC VALUE DIVIDEND FUND CLASS C SHARES,4.97,17,6,10,9,6,6,5,59,-4.0,60.0,Moderate,🔥 COILED: Enter w/ caution,63,1.6,0.8,1.6,65.7,0,,nan,0.0,0.0
NJDCY,Nidec Corporation,3.95,10,8,9,13,5,7,5,57,2.0,60.0,Moderate,Enter w/ caution,48,2.3,4.2,0.9,50.4,0,,Industrials,17872109568.0,178652.69
EMDZX,PRUDENTIAL EMERGING MARKETS DEBT LOCAL CURRENCY FUND CLASS Z,4.92,14,13,7,9,8,4,3,58,-3.0,60.0,Moderate,🔥 COILED: Enter w/ caution,41,1.4,0.4,0.3,53.1,0,,nan,0.0,0.0
ISLMF,ISLMF,5.885,12,13,8,14,3,0,5,55,2.0,60.0,Moderate,Enter w/ caution,0,-2.7,5.1,3.0,51.9,0,,nan,nan,0.0
TIGXX,TIGXX,3.562,13,9,8,9,6,4,5,54,-3.0,59.0,Moderate,🔥 COILED: Enter w/ caution,49,0.7,1.0,2.1,52.6,0,,nan,nan,0.0
WSTXX,WSTXX,3.562,13,9,8,9,6,4,5,54,-3.0,59.0,Moderate,🔥 COILED: Enter w/ caution,49,0.7,1.0,2.1,52.6,0,,nan,nan,0.0
PTGCF,PTT Global Chemical Public Company Limited,1.21,13,5,10,10,6,2,5,51,0.0,59.0,Moderate,🔥 COILED: Enter w/ caution,49,0.0,0.0,0.1,54.1,1,,Basic Materials,5733335552.0,31.9
TRSG,Tungray Technologies Inc Class A Ordinary Shares,1.514,9,13,4,12,9,2,3,52,2.0,59.0,Moderate,🔥 COILED: Enter w/ caution,56,0.9,-2.1,0.7,51.5,1,,Industrials,26329112.0,26239.51
CIF,MFS Intermediate High Income Closed Fund,1.77,16,9,5,10,6,11,5,62,-3.0,59.0,Moderate,Enter w/ caution,58,9.3,9.9,8.7,76.8,1,,Financial Services,45563000.0,55151.02
CTARF,Centaurus Energy Inc,1.6,11,7,5,17,5,7,5,57,2.0,59.0,Moderate,Enter w/ caution,58,6.7,0.0,4.5,57.7,0,,Energy,2619260.0,429.51
PLX,Protalix Biotherapeutics Inc,2.37,9,14,9,10,6,4,4,56,2.0,59.0,Moderate,Enter w/ caution,58,0.0,-0.4,1.9,55.9,0,,Healthcare,161948992.0,914259.83
AUUAF,AUUAF,2.6,12,13,7,13,8,4,5,62,-3.0,59.0,Moderate,Enter w/ caution,61,1.2,0.4,2.9,56.3,1,,Consumer Cyclical,73150216.0,5909.0
PAHGF,Pets at Home Group Plc,2.61,12,6,11,10,4,1,5,49,2.0,59.0,Moderate,🔥 COILED: Enter w/ caution,36,0.0,0.0,0.7,51.0,0,,Consumer Cyclical,1194160128.0,0.0
WIGOX,WASATCH GLOBAL OPPORTUNITIES FUND INSTITUTIONAL CLASS SHARES,4.09,18,8,8,9,6,7,3,59,-5.0,59.0,Moderate,🔥 COILED: Enter w/ caution,50,2.5,1.0,0.9,56.0,0,,nan,0.0,0.0
BTE,Baytex Energy Corp,4.56,16,14,6,10,4,5,5,60,-2.0,59.0,Moderate,Enter w/ caution,51,5.6,9.1,7.9,61.5,2,,Energy,3674872064.0,21419828.72
IVFAX,FEDERATED INTERNATIONAL STRATEGIC VALUE DIVIDEND FUND CLASS A SHARES,5.03,16,6,11,9,6,6,4,58,-4.0,59.0,Moderate,🔥 COILED: Enter w/ caution,58,1.4,0.8,1.6,65.5,0,,nan,0.0,0.0
JRVXX,JPMorgan Trust I - JPMorgan Prime Money Market Fund,1.0,13,6,10,8,4,4,3,48,2.0,58.0,Moderate,🔥 COILED: Enter w/ caution,42,0.0,0.0,0.0,53.4,0,,nan,nan,0.0
EDUXX,EDUXX,3.531,13,9,8,9,6,3,5,53,-3.0,58.0,Moderate,🔥 COILED: Enter w/ caution,49,0.8,1.3,2.3,52.7,0,,nan,nan,0.0
EVEXX,EVEXX,3.531,13,9,8,9,6,3,5,53,-3.0,58.0,Moderate,🔥 COILED: Enter w/ caution,49,0.8,1.3,2.3,52.7,0,,nan,nan,0.0
SIGXX,SIGXX,3.531,13,9,8,9,6,3,5,53,-3.0,58.0,Moderate,🔥 COILED: Enter w/ caution,49,0.8,1.3,2.3,52.7,0,,nan,nan,0.0
NRDE,Nu Ride Inc,1.91,12,13,4,14,4,2,4,53,-1.0,58.0,Moderate,Enter w/ caution,53,9.1,-2.1,6.1,54.6,1,,Financial Services,28812370.0,17426.63
BIRMF,BIOREM Inc,2.5,20,7,4,17,6,2,5,61,-3.0,58.0,Moderate,Enter w/ caution,62,15.2,12.1,9.4,70.5,2,,Industrials,34904688.0,5654.7
GTMAY,Grupo TMM SAB,2.75,15,7,11,10,4,5,3,55,-2.0,58.0,Moderate,🔥 COILED: Enter w/ caution,52,0.0,0.0,0.7,64.4,0,,Industrials,87276560.0,921.13
WTI,W&T Offshore Inc,3.59,9,14,9,15,3,0,5,55,2.0,58.0,Moderate,Enter w/ caution,46,-1.9,2.9,2.9,52.3,1,,Energy,609988544.0,4266754.24
THRY,Thryv Holdings Inc,4.05,14,9,9,11,5,3,2,53,0.0,58.0,Moderate,🔥 COILED: Enter w/ caution,54,6.0,5.3,1.2,52.5,1,,Technology,168529184.0,958244.46
ASRV,AmeriServ Financial Inc,4.57,18,5,5,17,7,6,5,63,-3.0,58.0,Moderate,Enter w/ caution,75,5.3,17.2,10.0,75.9,2,,Financial Services,64124932.0,17162.33
AVAL,Grupo Aval,5.28,15,13,13,13,8,1,5,68,-10.0,58.0,Moderate,Enter w/ caution,58,10.5,7.3,5.4,60.8,1,,Financial Services,5686562304.0,152782.59
TSYHF,TravelSky Technology Limited,1.12,9,12,8,7,4,5,5,50,4.0,57.0,Moderate,Enter w/ caution,34,1.8,1.8,2.1,53.3,0,,Technology,3452926976.0,27890.79
ECHQF,ECHQF,1.25,13,8,9,8,6,5,3,52,0.0,57.0,Moderate,🔥 COILED: Enter w/ caution,54,0.0,0.0,2.6,55.9,0,,nan,898773312.0,6741.98
JSVGF,Johnson Service Group PLC,1.95,12,7,10,8,6,1,5,49,0.0,57.0,Moderate,🔥 COILED: Enter w/ caution,34,0.0,0.0,0.3,53.1,0,,Industrials,737084800.0,724.69
LFS,"LEIFRAS Co., Ltd. American Depositary Shares",2.38,13,11,9,7,5,3,5,53,-1.0,57.0,Moderate,Enter w/ caution,46,9.2,15.0,8.0,59.1,2,,Communication Services,54675692.0,0.0
CCLD,"CareCloud, Inc.",2.44,15,12,10,12,5,7,5,66,-9.0,57.0,Moderate,Enter w/ caution,31,9.9,5.2,6.0,61.4,0,,Healthcare,99858424.0,499847.66
YAHOF,Z Holdings Corporation,2.75,15,5,12,11,4,3,5,55,-3.0,57.0,Moderate,🔥 COILED: Enter w/ caution,37,0.0,0.0,0.8,75.1,0,,Consumer Cyclical,17391804416.0,0.0
BBDO,Banco Bradesco S/A ADR,3.44,15,10,7,17,4,7,5,65,-6.0,57.0,Moderate,Enter w/ caution,59,7.2,11.3,8.0,70.0,2,,Financial Services,31186771968.0,60819.54
SHVTF,Select Harvests Ltd,2.85,15,5,11,8,4,1,5,49,0.0,57.0,Moderate,🔥 COILED: Enter w/ caution,0,0.0,0.7,0.9,46.1,0,,Consumer Defensive,392263200.0,307.5
RROTF,Roots Corporation,2.55,10,13,3,10,3,7,2,48,4.0,57.0,Moderate,Enter w/ caution,52,8.1,8.1,1.3,47.0,1,,Consumer Cyclical,126615544.0,418.39
ELKEF,Elkem ASA,3.4,12,7,9,10,4,4,3,49,0.0,57.0,Moderate,🔥 COILED: Enter w/ caution,45,0.0,0.0,0.2,53.6,0,,Basic Materials,1198290688.0,74.36
TRTPF,TRTPF,3.6,15,5,9,10,6,2,5,52,0.0,57.0,Moderate,🔥 COILED: Enter w/ caution,52,0.0,0.0,1.2,57.8,0,,Technology,1353537152.0,5640.56
GPGOX,GRANDEUR PEAK GLOBAL OPPORTUNITIES FUND GRANDEUR PEAK GLOBAL OPPORTUNITIES FUND INVESTOR CLASS,3.8,9,8,6,9,8,4,3,47,2.0,57.0,Moderate,🔥 COILED: Enter w/ caution,50,1.6,0.3,0.5,52.7,0,,nan,0.0,0.0
HAYPY,Hays PLC ADR,4.5,11,7,10,11,4,1,5,49,0.0,57.0,Moderate,🔥 COILED: Enter w/ caution,26,0.0,0.0,0.2,54.8,1,,Industrials,622016704.0,0.0
TPCS,TechPrecision Corporation Common stock,4.72,10,14,7,8,8,5,2,54,-1.0,57.0,Moderate,Enter w/ caution,63,3.5,3.1,3.3,57.8,2,,Industrials,39895156.0,42893.29
JSNSF,J Sainsbury plc,4.77,13,7,5,7,8,7,5,52,2.0,57.0,Moderate,Enter w/ caution,55,4.1,-7.7,0.2,51.8,1,,Consumer Defensive,9118178304.0,0.0
NQCCX,NUVEEN NWQ LARGE-CAP VALUE FUND CLASS C,4.79,16,12,11,9,6,9,4,67,-10.0,57.0,Moderate,Enter w/ caution,62,1.5,1.9,1.5,61.2,0,,nan,0.0,0.0
CGGGF,Coats Group plc,1.07,19,6,9,11,4,2,5,56,0.0,56.0,Moderate,Enter w/ caution,40,5.5,3.9,2.1,58.1,0,,Consumer Cyclical,2067511040.0,0.0
PCSVD,PCSVD,1.65,14,10,9,14,6,7,5,65,-9.0,56.0,Moderate,Enter w/ caution,60,4.6,10.0,8.4,64.9,1,,Consumer Defensive,nan,3137.43
ACCL,Acco Group Holdings Limited Ordinary Shares,2.23,18,7,7,9,7,3,5,56,0.0,56.0,Moderate,Enter w/ caution,52,4.7,18.0,11.3,75.7,2,,Industrials,20645852.0,0.0
HKTTF,HKT Trust and HKT Limited,1.662,12,7,11,10,4,1,3,48,0.0,56.0,Moderate,🔥 COILED: Enter w/ caution,0,0.0,0.0,0.2,43.5,0,,Communication Services,12596854784.0,0.0
BAER,"Bridger Aerospace Group Holdings, Inc. Common Stock",1.94,11,12,9,8,7,6,3,56,-5.0,56.0,Moderate,🔥 COILED: Enter w/ caution,37,4.9,0.0,1.6,52.1,1,,Industrials,118157160.0,660631.7
KCDMF,Kimberly-Clark de México S. A. B. de C. V,2.25,13,7,9,14,4,2,4,53,0.0,56.0,Moderate,Enter w/ caution,49,0.4,0.0,0.6,52.9,0,,Consumer Defensive,6721901056.0,0.0
BTMD,biote Corp,2.25,8,12,4,11,9,0,5,49,2.0,56.0,Moderate,🔥 COILED: Enter w/ caution,45,-1.3,-7.4,-0.0,50.5,0,,Healthcare,83905264.0,180561.39
MMLP,Martin Midstream Partners LP,2.44,10,12,7,11,4,3,4,51,2.0,56.0,Moderate,🔥 COILED: Enter w/ caution,31,-0.4,0.4,2.1,52.7,1,,Energy,103676512.0,22117.2
YUGVF,YouGov plc,3.15,15,6,10,11,6,2,5,55,-2.0,56.0,Moderate,Enter w/ caution,41,0.0,0.0,1.8,64.8,0,,Industrials,335070208.0,0.0
UROY,Uranium Royalty Corp,3.4,16,8,5,14,5,4,5,57,-2.0,56.0,Moderate,Enter w/ caution,37,14.9,21.0,14.6,63.7,2,,Energy,523335264.0,3119848.01
TLSI,TriSalus Life Sciences Inc.,4.54,15,10,8,14,7,3,2,59,-3.0,56.0,Moderate,Enter w/ caution,44,7.6,5.8,5.8,59.5,2,,Healthcare,202674560.0,219849.27
DHX,DHI Group Inc,4.21,14,16,9,9,6,11,5,70,-12.0,56.0,Moderate,Enter w/ caution,65,9.4,2.7,6.0,60.5,1,,Technology,158538528.0,376991.4
CILJF,China Life Insurance Co Ltd,3.76,12,14,6,12,4,3,5,56,2.0,56.0,Moderate,Enter w/ caution,57,0.5,10.9,3.4,55.1,2,,Financial Services,98926460928.0,13825.89
DIDIY,DiDi Global Inc.,3.54,5,10,9,9,5,7,4,49,2.0,56,Moderate,🔥 COILED: Enter w/ caution,34,1.1,0.3,0.7,51.0,1,,Technology,16317208576.0,9612470.07
LND,Brasilagro Adr,3.75,10,16,7,8,4,4,5,54,2.0,56.0,Moderate,Enter w/ caution,33,1.4,0.5,1.6,56.4,1,,Consumer Defensive,366714368.0,65248.85
SGHT,Sight Sciences Inc,5.26,14,6,9,13,5,7,2,56,-5.0,56.0,Moderate,🔥 COILED: Enter w/ caution,60,7.1,4.6,1.8,53.2,2,,Healthcare,250285744.0,251610.58
FF,FutureFuel Corp,4.95,16,12,9,9,7,7,5,65,-9.0,56.0,Moderate,Enter w/ caution,65,6.5,3.1,5.2,61.8,1,,Basic Materials,191683520.0,311248.07
CAAS,China Automotive Systems Inc,4.51,12,14,9,13,3,5,4,60,-9.0,56.0,Moderate,Enter w/ caution,67,3.7,2.7,2.5,57.6,0,,Consumer Cyclical,134259616.0,36681.97
VNCE,Vince Holding Corp. Common Stock,6.33,12,12,9,7,9,2,2,53,2.0,56.0,Moderate,Enter w/ caution,63,6.6,-1.7,0.7,52.3,1,,Consumer Cyclical,57684348.0,703016.92
RKUNY,Rakuten Inc ADR,5.29,15,10,9,15,7,4,5,65,-9.0,56.0,Moderate,Enter w/ caution,41,9.9,7.5,6.5,68.9,1,,Consumer Cyclical,10520659968.0,36939.51
SPSTY,Singapore Post Ltd ADR,5.47,16,5,10,15,4,0,5,55,-2.0,56.0,Moderate,Enter w/ caution,49,1.9,4.6,2.7,66.7,0,,Industrials,559727168.0,0.0
GRAN,Grande Group Limited Class A Ordinary Shares,1.5,9,9,7,15,8,2,5,55,-1.0,55.0,Moderate,Enter w/ caution,49,18.9,-15.7,3.1,52.6,1,,Financial Services,24388200.0,162701.83
IQ,iQIYI Inc,1.27,17,8,7,12,7,8,5,64,-9.0,55.0,Moderate,Enter w/ caution,36,4.1,6.7,6.4,63.2,1,,Communication Services,1042226752.0,11639107.12
MLXEF,Metals X Limited,1.09,14,10,2,16,5,6,5,58,-3.0,55.0,Moderate,Enter w/ caution,59,4.8,4.8,6.9,57.3,0,,Basic Materials,1054841792.0,78078.42
MXCHF,Orbia Advance Corporation S.A.B. de C.V,1.32,14,6,10,12,4,5,4,55,-5.0,55.0,Moderate,🔥 COILED: Enter w/ caution,54,0.0,-0.8,0.5,57.9,1,,Industrials,2504371968.0,7194.75
PULM,Pulmatrix Inc,1.74,14,14,7,11,6,2,4,58,-1.0,55.0,Moderate,Enter w/ caution,42,5.5,3.0,3.8,56.8,2,,Healthcare,4684055.0,26924.93
AUSDF,Perenti Global Limited,1.8,15,7,12,7,6,2,3,52,-2.0,55.0,Moderate,🔥 COILED: Enter w/ caution,48,0.0,0.0,0.9,64.6,0,,Basic Materials,1498195328.0,0.0
NNUP,Nocopi Technologies Inc,1.72,14,5,5,15,7,7,5,58,-3.0,55.0,Moderate,Enter w/ caution,56,7.5,7.5,3.9,56.0,2,,Basic Materials,20883220.0,2902.64
FBASF,Fibra UNO,1.828,14,11,8,11,6,7,5,62,-7.0,55.0,Moderate,Enter w/ caution,61,2.7,3.3,3.8,63.9,0,,Real Estate,6460956672.0,0.0
SEER,Seer Inc,2.22,13,12,5,11,6,7,5,59,-4.0,55.0,Moderate,Enter w/ caution,61,12.7,2.3,8.2,63.0,1,,Healthcare,101715872.0,237709.98
ACDSF,Ascendas Real Estate Investment Trust,1.93,10,11,9,9,4,4,3,50,0.0,55.0,Moderate,🔥 COILED: Enter w/ caution,33,1.6,1.6,0.3,51.5,0,,Real Estate,9982722048.0,13083.79
CTW,CTW Cayman Class A Ordinary Shares,2.48,9,13,8,11,5,2,2,50,0.0,55.0,Moderate,🔥 COILED: Enter w/ caution,61,6.4,1.2,1.3,51.4,1,,Communication Services,143520000.0,98477.86
DNLZY,Dyno Nobel Limited,2.65,8,10,4,14,9,3,2,50,-1.0,55.0,Moderate,Enter w/ caution,51,0.4,3.5,0.5,51.0,0,,Basic Materials,4599666688.0,5435.01
HLLY,Holley Inc,2.67,13,7,5,15,3,4,5,52,0.0,55.0,Moderate,Enter w/ caution,35,2.3,1.9,1.7,53.0,0,,Consumer Cyclical,315368992.0,903740.74
HLLY-WS,HLLY-WS,2.67,13,7,5,15,3,4,5,52,0.0,55.0,Moderate,Enter w/ caution,35,2.3,1.9,1.7,53.0,0,,nan,nan,903395.71
WMMVF,Wal Mart de Mexico SAB de CV,2.92,8,13,10,11,4,3,4,53,4.0,55.0,Moderate,Enter w/ caution,31,4.3,2.8,2.9,55.3,1,,Consumer Defensive,52044349440.0,79637.63
SVAUF,Storage Vault Canada Inc,3.448,12,6,10,10,4,1,5,48,2.0,55.0,Moderate,🔥 COILED: Enter w/ caution,58,0.8,-2.3,1.3,57.8,2,,Real Estate,1129128448.0,0.0
CATO,Cato Corporation,3.42,19,13,3,8,8,3,4,58,-1.0,55.0,Moderate,Enter w/ caution,63,3.6,6.5,3.6,56.2,1,,Consumer Cyclical,65465052.0,77986.55
DETRF,Deterra Royalties Limited,3.26,16,10,4,10,4,7,4,55,-3.0,55.0,Moderate,Enter w/ caution,53,6.9,8.7,3.5,54.8,1,,Basic Materials,1688966272.0,9054.78
VESTF,Corporación Inmobiliaria Vesta S.A.B. de C.V,3.95,17,5,8,15,3,3,4,55,-3.0,55.0,Moderate,Enter w/ caution,0,2.6,2.6,1.6,71.7,0,,Real Estate,1518225664.0,0.0
ENIC,Enel Chile SA ADR,4.44,17,10,9,8,3,4,4,55,0.0,55.0,Moderate,Enter w/ caution,58,3.0,0.7,0.7,52.0,1,,Utilities,5768491008.0,573514.83
HNGZY,Hangzhou Tigermed Consulting Co. Ltd,4.45,15,4,10,10,6,2,5,52,-2.0,55.0,Moderate,🔥 COILED: Enter w/ caution,53,0.0,0.0,1.0,64.5,0,,Healthcare,3444104192.0,30.6
PNBK,Patriot National Bancorp Inc,1.14,7,13,6,9,8,0,2,45,4.0,54.0,Weak,🔥 COILED: Watchlist only,33,1.8,-4.2,1.3,51.7,0,,Financial Services,124651656.0,295402.65
LUNA,Luna Innovations Incorporated,1.25,13,11,10,8,6,1,4,53,-5.0,54.0,Weak,🔥 COILED: Watchlist only,57,0.8,0.8,0.6,53.9,1,,Technology,52045528.0,47286.67
USGOW,U.S. GoldMining Inc. Warrant,1.3,13,7,11,10,4,1,3,49,0.0,54.0,Weak,🔥 COILED: Watchlist only,41,0.0,0.0,0.5,59.6,0,,Basic Materials,nan,58602.97
ECRAF,Ecora Resources PLC,1.87,14,12,9,9,5,2,5,56,-2.0,54.0,Weak,Watchlist only,58,6.2,9.4,5.1,60.2,2,,Basic Materials,471467104.0,43958.01
CIADF,China Mengniu Dairy Company Limited,2.02,5,4,10,12,6,7,3,47,2.0,54.0,Weak,🔥 COILED: Watchlist only,0,0.0,0.0,-0.5,41.3,0,,Consumer Defensive,8549817344.0,5377.0
HISEF,Hisense Home Appliances Group Co. Ltd,3.25,12,5,8,15,4,5,5,54,0.0,54.0,Weak,Watchlist only,60,0.0,0.0,1.3,56.0,0,,Consumer Cyclical,4488895488.0,140.64
CMDXF,Computer Modelling Group Ltd,2.711,11,6,7,12,3,5,5,49,0.0,54.0,Weak,🔥 COILED: Watchlist only,34,4.7,0.4,1.0,52.1,0,,Technology,219943072.0,33770.83
SECCF,Serco Group plc,3.185,12,5,10,13,3,6,5,54,0.0,54.0,Weak,Watchlist only,35,0.0,4.1,1.1,56.7,0,,Industrials,3340826368.0,0.0
FGGBX,Templeton Global Balanced Fund6,3.21,18,6,8,9,6,4,4,55,-4.0,54.0,Weak,Watchlist only,67,2.2,1.9,1.6,67.0,0,,nan,nan,0.0
APLS,Apellis Pharmaceuticals Inc,3.402,10,10,7,12,3,2,3,47,4.0,54.0,Weak,🔥 COILED: Watchlist only,26,8.8,9.6,1.7,43.4,1,,Healthcare,5252712960.0,3327978.91
WGXRF,Westgold Resources Limited,3.38,8,14,11,10,4,3,4,54,-1.0,54.0,Weak,Watchlist only,33,2.7,9.7,2.0,51.9,2,,Basic Materials,3458655232.0,99150.34
BDORY,Banco Do Brasil SA,4.32,11,9,11,13,4,3,5,56,0.0,54.0,Weak,Watchlist only,39,6.7,5.9,5.5,66.4,1,,Financial Services,21864282112.0,587774.87
GPGIX,GRANDEUR PEAK GLOBAL OPPORTUNITIES FUND GRANDEUR PEAK GLOBAL OPPORTUNITIES FUND INSTITUTIONAL CLASS,3.9,11,6,6,9,5,4,3,44,2.0,54.0,Weak,🔥 COILED: Watchlist only,50,1.6,0.3,0.4,52.2,0,,nan,0.0,0.0
EEX,Emerald Expositions Events Inc,5.04,12,8,12,7,5,11,4,59,-8.0,54.0,Weak,Watchlist only,51,0.2,0.2,0.4,57.9,2,,Communication Services,983609984.0,120359.95
EMDAX,PRUDENTIAL EMERGING MARKETS DEBT LOCAL CURRENCY FUND CLASS A,4.87,11,10,7,9,8,4,3,52,-3.0,54.0,Weak,🔥 COILED: Watchlist only,38,1.2,0.2,0.2,51.8,0,,nan,0.0,0.0
EMDQX,PRUDENTIAL EMERGING MARKETS DEBT LOCAL CURRENCY FUND CLASS Q,4.91,11,10,7,9,8,4,3,52,-3.0,54.0,Weak,🔥 COILED: Watchlist only,38,1.2,0.2,0.2,51.7,0,,nan,0.0,0.0
IVFLX,FEDERATED INTERNATIONAL STRATEGIC VALUE DIVIDEND FUND CLASS R6 SHARES,5.03,17,6,10,9,6,4,4,56,-7.0,54.0,Weak,🔥 COILED: Watchlist only,59,1.4,0.6,1.5,64.0,0,,nan,0.0,0.0
MXYKX,GREAT-WEST T. ROWE PRICE MID CAP GROWTH FUND INSTITUTIONAL CLASS,4.97,7,9,9,9,8,4,3,49,-3.0,54.0,Weak,🔥 COILED: Watchlist only,56,1.4,0.6,0.2,51.4,0,,nan,0.0,0.0
WLTXX,WLTXX,3.45,13,7,9,9,3,1,4,46,2.0,53.0,Weak,🔥 COILED: Watchlist only,0,0.3,0.6,5.6,56.3,0,,nan,nan,0.0
BVSFF,Bravura Solutions Limited,1.05,7,7,10,8,4,7,5,48,0.0,53.0,Weak,🔥 COILED: Watchlist only,31,0.0,0.0,0.0,50.1,0,,Technology,479680992.0,139.25
SFBQF,SoftBank Corp,1.4,16,6,4,14,1,5,5,51,2.0,53.0,Weak,Watchlist only,40,11.1,7.3,4.7,55.6,0,,Communication Services,65487736832.0,42768.7
PHPRF,Primary Health Properties PLC,1.27,10,7,8,10,6,3,2,46,2.0,53.0,Weak,🔥 COILED: Watchlist only,38,0.0,1.6,0.3,54.9,0,,Real Estate,3399645440.0,217.61
CPHGF,CPHGF,1.8,17,4,6,10,6,2,5,50,0.0,53.0,Weak,Watchlist only,62,0.0,0.0,2.9,50.0,0,,Healthcare,1387795328.0,205.0
CICOF,COSCO SHIPPING Holdings Co. Ltd,1.98,18,6,7,13,4,2,5,55,-2.0,53.0,Weak,Watchlist only,57,0.0,19.3,5.0,67.1,2,,Industrials,28550774784.0,0.0
CIBEY,Commercial International Bank,2.65,12,13,9,8,5,6,5,58,-3.0,53.0,Weak,Watchlist only,50,1.5,2.7,1.3,55.9,0,,Financial Services,8050238464.0,13047.64
LNNGF,Li Ning Company Limited,2.0,9,6,12,13,3,3,5,51,2.0,53.0,Weak,Watchlist only,33,2.6,14.3,3.6,57.1,2,,Consumer Cyclical,6121007104.0,676.83
RUBLF,Rubellite Energy Inc,3.324,18,5,8,10,6,6,5,58,-3.0,53.0,Weak,Watchlist only,68,2.6,17.5,13.8,75.6,2,,Energy,229746304.0,13800.49
QUILF,Quilter plc,2.75,13,7,10,9,4,2,5,50,-2.0,53.0,Weak,🔥 COILED: Watchlist only,46,0.0,0.0,0.9,60.7,0,,Financial Services,3762778368.0,12.03
BLLQF,Bell Equipment Limited,2.35,14,5,5,10,4,8,4,50,0.0,53.0,Weak,Watchlist only,39,0.0,2.2,0.4,52.1,0,,Industrials,247596608.0,92.0
KPRX,Kiora Pharmaceuticals Inc,2.56,9,13,9,15,5,3,3,57,-7.0,53.0,Weak,Watchlist only,64,0.4,-2.7,0.3,50.7,1,,Healthcare,11496453.0,185673.01
HNSBF,Hansa Biopharma AB (publ),3.7,18,9,5,16,6,12,5,71,-23,53,Weak,Watchlist only,72,27.6,27.6,24.3,100.0,3,,Healthcare,289228480.0,162.3
SFIX,Stitch Fix,4.02,16,6,7,16,5,7,5,62,-9.0,53.0,Weak,Watchlist only,52,12.3,6.1,2.7,53.6,2,,Consumer Cyclical,486702816.0,2327460.72
SCRYY,SCOR PK,4.05,18,9,4,9,7,8,5,60,-5.0,53.0,Weak,Watchlist only,68,4.4,6.6,5.4,67.8,0,,Financial Services,6306449920.0,13647.56
WPPGF,WPP plc,4.064,15,7,6,12,3,2,5,50,-2.0,53.0,Weak,Watchlist only,53,9.8,9.8,5.8,60.4,2,,Communication Services,3742480128.0,6201.81
NIABY,NIBE Industrier AB (publ),3.96,11,6,10,14,3,3,5,52,1.0,53.0,Weak,Watchlist only,33,3.8,6.3,4.2,64.1,0,,Industrials,7902980608.0,631.46
NRRWF,NuRAN Wireless Inc,4.43,6,13,3,9,8,3,2,44,1.0,53.0,Weak,Watchlist only,54,0.7,-1.6,-2.3,45.7,1,,Technology,49992164.0,0.0
JIAXF,Jiangxi Copper Company Limited,4.52,14,6,8,13,4,2,5,52,1.0,53.0,Weak,Watchlist only,43,0.9,12.2,6.8,65.1,2,,Basic Materials,19419867136.0,0.0
TIGR,Up Fintech Holding Ltd,4.9,10,14,8,15,4,3,5,59,-4.0,53.0,Weak,Watchlist only,30,3.6,6.3,2.4,53.8,0,,Financial Services,850615168.0,4341213.09
DNGDF,Dynacor Gold Mines Inc.,4.41,10,7,8,15,5,3,5,53,-3.0,53.0,Weak,Watchlist only,41,0.0,-0.7,-0.0,49.6,0,,Basic Materials,202612560.0,5134.35
AHT-P-D,Ashford Hospitality Trust Inc 8.45% Series D Cumulative Preferred Stock,5.425,11,12,9,8,4,2,2,48,2.0,53.0,Weak,🔥 COILED: Watchlist only,30,0.0,4.3,0.8,50.7,0,,Other,nan,4587.72
FTCO,Fortitude Gold Corp,4.78,5,12,8,11,5,3,2,46,4.0,53.0,Weak,Watchlist only,41,1.9,0.4,-0.1,49.1,2,,Basic Materials,130781632.0,69766.88
EMDCX,PRUDENTIAL EMERGING MARKETS DEBT LOCAL CURRENCY FUND CLASS C,4.9,10,10,7,9,8,4,3,51,-3.0,53.0,Weak,🔥 COILED: Watchlist only,36,1.2,0.2,0.2,51.4,0,,nan,0.0,0.0
CSJXX,CSJXX,3.606,13,9,9,9,6,0,5,51,-4.0,52.0,Weak,🔥 COILED: Watchlist only,55,0.4,0.7,8.1,60.1,0,,nan,nan,0.0
BYSD,Bayside Corp,1.11,18,4,10,14,6,5,5,62,-10.0,52.0,Weak,Watchlist only,70,3.7,4.7,3.2,73.1,1,,Technology,17124206.0,352.0
EXFY,Expensify Inc,1.82,14,9,8,7,5,7,5,55,-3.0,52.0,Weak,Watchlist only,67,5.8,-0.5,3.6,58.0,1,,Technology,111386024.0,629567.35
AMS,American Shared Hospital Service,1.5,13,12,5,13,4,3,4,54,-5.0,52.0,Weak,🔥 COILED: Watchlist only,35,2.7,4.9,1.0,51.3,2,,Healthcare,9142500.0,72136.82
BOMXF,Bolsa Mexicana de Valores S.A.B. de C.V,2.23,16,6,9,7,3,5,5,51,1.0,52.0,Weak,Watchlist only,66,5.7,8.8,5.1,68.8,2,,Financial Services,1241487872.0,0.0
CNPRF,Condor Petroleum Inc,2.8,14,13,5,12,6,4,5,59,-12.0,52.0,Weak,Watchlist only,59,4.1,0.0,11.5,66.9,1,,Energy,163574384.0,10870.85
LCTC,Lifeloc Technologies Inc,3.8,14,6,5,15,7,7,5,59,-7.0,52.0,Weak,Watchlist only,64,10.8,0.0,7.4,69.1,1,,Technology,6193386.0,189.32
RMJAX,Easterly ROCMuni High Inc Muncpl Bd A,2.2,14,9,9,8,6,7,4,57,-10.0,52.0,Weak,🔥 COILED: Watchlist only,41,0.5,0.5,0.5,99.0,0,,nan,nan,0.0
VMMNF,VMMNF,2.5,13,6,11,9,6,1,3,49,-5.0,52.0,Weak,🔥 COILED: Watchlist only,0,0.0,0.0,0.4,50.0,1,,Basic Materials,297771104.0,0.0
ABEV,Ambev SA ADR,3.11,8,14,10,11,4,3,4,54,-3.0,52.0,Weak,Watchlist only,51,1.6,2.6,0.4,51.2,1,,Consumer Defensive,48508940288.0,31817687.3
AHT,Ashford Hospitality Trust Inc,3.23,11,7,10,13,7,2,4,54,-5.0,52.0,Weak,Watchlist only,42,-0.3,-0.6,0.6,55.9,1,,Real Estate,20374758.0,82655.6
TTRAF,Telstra Corporation Limited,3.53,14,6,11,8,3,7,5,54,-2.0,52.0,Weak,Watchlist only,36,6.6,8.6,5.2,67.5,1,,Communication Services,40058470400.0,0.0
BVHMY,BVHMY,3.94,15,4,8,15,4,4,5,55,-3.0,52.0,Weak,Watchlist only,23,16.9,16.9,13.0,74.1,2,,Consumer Cyclical,1184615936.0,474.3
LITB,LightInTheBox Holding Co Ltd ARD,3.23,8,10,4,15,8,2,5,52,-1.0,52.0,Weak,Watchlist only,60,-1.8,1.6,3.5,53.7,0,,Consumer Cyclical,66805432.0,21895.59
ECC,Eagle Point Credit Company Inc.,3.87,16,14,10,5,5,5,3,58,-6.0,52.0,Weak,Watchlist only,39,8.4,4.6,3.1,59.1,2,,Financial Services,536767584.0,1768417.84
AHT-P-G,Ashford Hospitality Trust Inc 7.375% Series G Cumulative Preferred Stock,5.36,9,14,9,7,5,4,2,50,2.0,52.0,Weak,Watchlist only,38,3.7,3.2,3.1,55.8,0,,Other,nan,4501.55
CPPKF,Copperbank Resources Corp,3.93,8,14,8,11,9,2,2,54,-3.0,52.0,Weak,Watchlist only,43,5.9,7.1,1.1,50.5,2,,Basic Materials,1341524224.0,80026.12
KRNMF,CLARIANE SE,4.78,14,5,9,9,4,4,4,49,-2.0,52.0,Weak,🔥 COILED: Watchlist only,46,0.0,0.0,0.0,68.1,0,,nan,1698723712.0,1838.12
TOPXX,Federated Hermes Treasury Obl Premier,3.59,16,9,7,9,6,2,5,54,-2.2,51.8,Weak,Watchlist only,0,0.8,259.0,21.4,59.2,2,,nan,nan,0.0
ITGDF,Integral Diagnostics Limited,2.612,15,4,10,9,4,1,5,48,-2.0,51.0,Weak,🔥 COILED: Watchlist only,45,0.0,0.0,6.9,64.2,0,,Healthcare,373066528.0,6.6
BONL,Bonal International Inc,1.0,15,4,6,14,4,1,4,48,0.0,51.0,Weak,Watchlist only,38,0.0,0.0,0.4,53.6,0,,Industrials,1747922.0,209.63
CRDL,Cardiol Therapeutics Inc Class A,1.27,13,12,4,15,4,2,5,55,-4.0,51.0,Weak,Watchlist only,58,7.6,5.0,8.6,61.0,1,,Healthcare,130257632.0,599821.96
HOOK,Hookipa Pharma Inc,1.15,11,5,10,8,4,8,3,49,-3.0,51.0,Weak,🔥 COILED: Watchlist only,53,0.0,0.0,-0.0,48.3,1,,Healthcare,14232977.0,19126.47
REI,Ring Energy Inc,1.24,12,10,7,9,4,4,5,51,-3.0,51.0,Weak,Watchlist only,27,-2.4,0.8,2.5,53.0,1,,Energy,342702400.0,3584060.22
INMB,INmune Bio Inc,1.75,12,7,2,11,9,7,4,52,-1.0,51.0,Weak,Watchlist only,42,8.0,-7.9,-0.3,51.3,1,,Healthcare,35890100.0,459326.2
KRNGF,Karoon Energy Ltd,1.175,15,4,8,11,4,3,5,50,-2.0,51.0,Weak,Watchlist only,32,9.8,13.0,6.8,61.7,2,,Energy,1030740288.0,0.0
CNDT,Conduent Inc,1.57,13,7,9,9,3,5,5,51,-5.0,51.0,Weak,🔥 COILED: Watchlist only,42,6.1,-3.1,2.0,53.8,1,,Technology,237298128.0,1299073.34
CPCAF,Cathay Pacific Airways Limited,1.87,20,4,7,15,6,7,5,64,-13.0,51.0,Weak,Watchlist only,79,20.6,20.6,12.6,93.5,2,,Industrials,10277106688.0,0.0
GGGOF,Galane Gold Ltd,1.58,7,11,9,16,4,4,3,54,1.0,51,Weak,Watchlist only,44,6.0,2.6,1.1,50.0,0,,Basic Materials,128522448.0,115336.37
AIB,"BlockchAIn Digital Infrastructure, Inc",1.93,4,14,10,16,6,2,4,56,-3.0,51,Weak,Watchlist only,0,9.0,9.0,4.4,52.1,2,,Technology,77927488.0,0.0
TCLHF,TCL Electronics Holdings Limited,2.04,16,4,10,13,4,3,5,55,-4.0,51.0,Weak,Watchlist only,60,7.4,9.7,6.5,63.0,1,,Technology,5041635840.0,1827.02
CNRAF,Vicinity Centres,1.85,16,5,7,11,1,4,4,48,0.0,51.0,Weak,Watchlist only,0,0.0,1.4,1.2,58.9,0,,Real Estate,5846823936.0,0.0
SKYQ,Sky Quarry Inc,4.65,14,13,5,14,8,2,5,61,-8.0,51.0,Weak,Watchlist only,57,-1.1,22.4,18.3,56.8,2,,Energy,9349560.0,2883580.86
ICPVF,Incitec Pivot Limited,2.69,17,3,7,14,6,2,5,54,-3.0,51.0,Weak,Watchlist only,0,0.0,8.0,4.2,78.9,1,,Basic Materials,3879871488.0,0.0
SWPFF,Swire Properties Limited,2.75,11,7,10,9,3,4,5,49,2.0,51.0,Weak,Watchlist only,31,0.0,0.0,0.9,58.2,1,,Real Estate,17163249664.0,0.0
WOOF,Pet Acquisition LLC,2.79,12,10,8,9,7,3,5,54,-3.0,51.0,Weak,Watchlist only,42,6.9,4.9,3.6,57.0,1,,Consumer Cyclical,926285760.0,2642619.22
CHHQF,China Hongqiao Group Limited,3.3,9,11,4,12,4,7,2,49,-1.0,51.0,Weak,🔥 COILED: Watchlist only,39,7.3,11.5,8.8,54.6,2,,Basic Materials,32894982144.0,3901.95
SWDCF,Swedencare AB (publ),3.13,13,4,11,7,3,6,4,48,-2.0,51.0,Weak,🔥 COILED: Watchlist only,37,0.0,0.0,0.4,63.0,0,,Consumer Defensive,487514912.0,143.12
PAZRF,Plaza Retail REIT,3.71,15,6,7,15,7,4,5,59,-13.0,51.0,Weak,Watchlist only,61,0.0,0.8,4.1,74.4,0,,Real Estate,360533184.0,0.0
PLUT,Plutus Financial Group Limited Ordinary Shares,2.99,10,8,4,12,6,4,3,47,-1.0,51.0,Weak,Watchlist only,39,3.1,1.4,0.8,51.9,2,,Financial Services,47585000.0,14063.39
SHTLF,South32 Limited,2.89,9,8,9,11,3,3,3,46,0.0,51.0,Weak,🔥 COILED: Watchlist only,43,0.0,1.0,-0.2,46.8,0,,Basic Materials,15771736064.0,0.0
KRKR,36Kr Holdings Inc,2.88,5,14,10,8,3,6,5,51,2.0,51,Weak,Watchlist only,25,3.0,8.7,2.8,51.8,1,,Communication Services,6592525.0,59965.65
SMSI,Smith Micro Software Inc,2.59,9,13,8,7,8,2,3,50,-3.0,51.0,Weak,Watchlist only,48,3.6,0.0,1.1,52.4,1,,Technology,4124965.0,58932.95
VNUIX,Vontobel U.S. Equity Institutional,3.57,15,12,10,9,4,4,4,58,-7.0,51.0,Weak,Watchlist only,39,2.6,2.3,1.6,60.1,0,,nan,nan,0.0
NDRBF,NIBE Industrier AB (publ),3.816,16,5,10,12,0,4,5,52,-4.0,51.0,Weak,Watchlist only,42,0.0,3.9,1.9,63.7,0,,Industrials,8412598272.0,0.0
ATAI,ATAI Life Sciences BV,7.18,17,5,7,13,5,6,5,58,-7.0,51.0,Weak,Watchlist only,65,0.0,-0.6,10.4,73.7,1,,Healthcare,1656750080.0,5230689.71
RERE,ATRenew Inc DRC,4.24,15,12,6,8,5,2,5,53,0.0,51.0,Weak,Watchlist only,36,9.3,9.6,4.6,56.6,1,,Consumer Cyclical,963485248.0,1464768.9
HWGG,HWGG Entertainment Limited,3.99,13,7,11,10,6,3,3,53,-7.0,51.0,Weak,🔥 COILED: Watchlist only,34,0.0,0.0,2.4,60.7,1,,Consumer Cyclical,101107112.0,0.0
UNIF,U & I Financial Corp,4.25,15,6,9,15,6,2,5,58,-7.0,51.0,Weak,Watchlist only,57,2.4,6.2,3.3,67.6,1,,Financial Services,21906320.0,0.0
HCHL,Happy City Holdings Limited Class A Ordinary shares,3.96,14,4,11,8,6,7,3,53,-7.0,51.0,Weak,🔥 COILED: Watchlist only,55,0.0,0.0,0.3,64.5,1,,Consumer Cyclical,105649176.0,441362.91
GGB,Gerdau SA ADR,4.96,18,7,7,15,7,6,5,65,-14.0,51.0,Weak,Watchlist only,68,3.1,5.1,5.4,67.0,0,,Basic Materials,9039893504.0,17725562.13
^TNX,CBOE Interest Rate 10 Year T No,4.745,17,11,6,9,6,2,5,56,-5.0,51.0,Weak,Watchlist only,65,1.4,4.5,3.0,66.7,0,,Other,nan,0.0
DURYY,Duerr AG ADR,4.04,9,9,10,11,3,5,5,52,-1.0,51.0,Weak,Watchlist only,35,4.1,4.1,1.3,51.0,1,,Industrials,1647009536.0,0.0
FSCO,FS Credit Opportunities Corp.,4.95,11,6,9,12,3,4,3,48,-2.0,51.0,Weak,🔥 COILED: Watchlist only,39,1.2,0.8,0.7,53.8,0,,Financial Services,993143936.0,1592433.38
JIMXX,JPMorgan Trust I - JPMorgan Prime Money Market Fund,1.0,10,6,8,8,4,4,3,43,2.0,50.0,Weak,🔥 COILED: Watchlist only,39,0.0,0.0,0.0,55.3,0,,nan,nan,0.0
PHGUF,Pharming Group N.V,1.3,11,8,12,9,3,1,3,47,-2.0,50.0,Weak,🔥 COILED: Watchlist only,21,0.0,0.0,1.0,68.3,0,,Healthcare,997212928.0,744.51
MGIMF,Verve Group SE,2.4,12,5,9,9,6,1,2,44,1.0,50.0,Weak,🔥 COILED: Watchlist only,58,0.0,0.0,3.5,61.3,0,,Technology,411740896.0,53.5
RFLFY,Raffles Education Corporation Ltd ADR,1.33,12,6,11,8,3,2,3,45,0.0,50.0,Weak,🔥 COILED: Watchlist only,54,0.0,0.0,0.0,50.0,0,,Consumer Defensive,120860096.0,9.0
CCPPF,Capital & Counties Properties PLC,1.82,4,4,9,9,6,8,3,43,2.0,50.0,Weak,🔥 COILED: Watchlist only,56,0.0,0.0,-0.0,50.3,0,,Real Estate,3281440256.0,52.6
SBTU,SBTU,2.33,14,5,6,14,0,3,5,47,0.0,50.0,Weak,Watchlist only,34,9.9,14.2,2.8,51.7,2,,nan,nan,0.0
AIRRF,Aurion Resources Ltd,1.855,13,12,7,8,6,6,3,55,-5.0,50.0,Weak,Watchlist only,61,-0.4,-1.1,-0.0,57.4,1,,Basic Materials,314679264.0,58206.92
RPID,Rapid Micro Biosystems Inc,2.13,12,10,5,15,5,7,5,59,-7.0,50.0,Weak,Watchlist only,34,7.0,2.9,6.1,62.1,1,,Healthcare,99145400.0,170660.57
CIG,Companhia Energetica de Minas Gerais CEMIG Pref ADR,2.19,11,16,10,11,3,4,5,60,-8.0,50.0,Weak,Watchlist only,36,2.8,2.3,1.8,55.1,1,,Utilities,5964521984.0,4472774.99
MOGU,MOGU Inc,2.02,10,8,6,13,5,2,3,47,0.0,50.0,Weak,🔥 COILED: Watchlist only,28,6.9,6.3,2.2,52.2,0,,Consumer Cyclical,16837700.0,382380.88
FLX,BingEx Ltd,2.22,7,12,9,7,3,3,2,43,4.0,50.0,Weak,🔥 COILED: Watchlist only,26,4.2,3.7,2.9,54.7,0,,Industrials,165273600.0,165123.78
RDVIX,ROYCE DIVIDEND VALUE FUND INVESTMENT CLASS,2.63,15,6,6,9,6,4,5,51,-4.0,50.0,Weak,Watchlist only,43,2.7,2.7,2.5,67.4,0,,nan,0.0,0.0
WPNTF,Warpaint London PLC,2.63,8,8,8,9,6,1,2,42,0.0,50.0,Weak,🔥 COILED: Watchlist only,41,0.0,0.0,0.7,54.8,0,,Consumer Defensive,202170272.0,420.68
FCISX,FRANKLIN INCOME FUND CLASS C,2.61,16,8,8,6,4,7,3,52,-10.0,50.0,Weak,🔥 COILED: Watchlist only,50,0.4,0.4,0.2,52.9,0,,nan,0.0,0.0
SYYNY,SYN prop e tech SA ADR,3.32,11,5,5,10,6,1,5,43,2.0,50.0,Weak,🔥 COILED: Watchlist only,38,0.0,0.0,1.1,56.9,0,,Real Estate,101890168.0,600.49
MRVSY,Minerva SA,3.0,6,6,12,16,4,3,4,51,-1.0,50.0,Weak,Watchlist only,34,2.2,1.7,0.8,51.2,0,,Consumer Defensive,777605504.0,6669.0
TKFHY,Tekfen Holding AS ADR,3.22,12,6,11,8,3,2,3,45,0.0,50.0,Weak,🔥 COILED: Watchlist only,53,0.0,0.0,0.0,50.0,1,,Basic Materials,574077696.0,4.5
GRBMF,Grupo Bimbo S.A.B. De C.V.,3.5,19,4,7,11,4,3,5,53,-3.0,50.0,Weak,Watchlist only,57,10.1,10.1,6.7,71.4,2,,Consumer Defensive,14461111296.0,0.0
VNUYX,Vontobel U.S. Equity Y,3.46,14,12,10,9,4,4,4,57,-7.0,50.0,Weak,Watchlist only,39,2.7,2.4,1.7,61.2,0,,nan,nan,0.0
VNUAX,Vontobel U.S. Equity A,3.42,14,12,10,9,4,4,4,57,-7.0,50.0,Weak,Watchlist only,39,2.7,2.4,1.7,61.2,0,,nan,nan,0.0
PGEN,Precigen Inc,6.27,16,13,8,17,6,7,5,72,-22,50,Weak,Watchlist only,70,16.1,26.7,15.0,69.8,4,,Healthcare,1376132352.0,5100722.44
GDNGY,PT Gudang Garam Tbk,4.0,16,4,7,13,6,2,5,53,-3.0,50.0,Weak,Watchlist only,68,3.6,9.9,5.1,75.2,1,,Consumer Defensive,1895843968.0,2553.79
GXYEF,Galaxy Entertainment Group Ltd,4.56,18,5,4,11,3,2,5,48,2.0,50.0,Weak,Watchlist only,43,6.3,3.6,7.1,56.8,0,,Consumer Cyclical,18436603904.0,0.0
RWGFX,RIVERPARK/WEDGEWOOD FUND RETAIL CLASS,4.4,12,11,5,9,6,7,3,53,-8.0,50.0,Weak,🔥 COILED: Watchlist only,49,2.3,0.5,1.1,55.8,0,,nan,0.0,0.0
SMGRF,Summerset Group Holdings Limited,4.75,14,4,10,11,6,1,4,50,-3.0,50.0,Weak,Watchlist only,26,0.0,1.1,0.5,79.4,0,,Healthcare,1096649216.0,25.0
CVHSY,Cablevisión Holding S.A,5.0,8,4,11,10,6,5,3,47,0.0,50.0,Weak,Watchlist only,54,0.0,0.0,0.0,55.1,0,,Communication Services,903212864.0,0.0
SGDH,Sgd Holdings Ltd,1.0,12,6,9,10,4,2,3,46,-5.0,49.0,Weak,🔥 COILED: Watchlist only,49,0.0,0.0,0.0,52.8,1,,Industrials,5000248320.0,112.46
JINXX,JPMorgan Trust I - JPMorgan Prime Money Market Fund,1.0,18,10,4,8,4,4,3,51,-2.0,49.0,Weak,Watchlist only,42,0.0,0.0,0.0,68.7,0,,nan,nan,0.0
OXSQ,Oxford Square Capital Corp,1.55,15,14,4,6,4,7,5,55,-7.0,49.0,Weak,Watchlist only,26,7.6,6.2,6.9,62.0,1,,Financial Services,129067384.0,1361967.49
VODPF,Vodafone Group PLC,1.62,16,6,7,11,1,2,5,48,1.0,49.0,Weak,Watchlist only,48,8.0,4.5,6.0,62.2,1,,Communication Services,35921715200.0,0.0
ZVIA,Zevia Pbc,1.7,13,12,7,7,6,7,2,54,-3.0,49.0,Weak,Watchlist only,63,13.3,0.0,4.8,57.2,2,,Consumer Defensive,100485336.0,834801.63
SDPNF,Sime Darby Plantation Berhad,1.489,9,6,11,10,3,2,3,44,0.0,49.0,Weak,🔥 COILED: Watchlist only,53,0.0,0.0,0.0,50.0,0,,Consumer Defensive,11204374528.0,20.49
ITXXF,Itaconix plc,1.55,15,5,8,9,6,4,5,52,-8.0,49.0,Weak,🔥 COILED: Watchlist only,55,0.0,0.0,0.8,79.6,1,,Basic Materials,19959460.0,59.32
APTOF,DMD Digital Health Connections Group Inc,1.69,16,11,6,16,5,2,5,61,-12.0,49.0,Weak,Watchlist only,47,10.5,4.8,5.7,62.5,1,,Healthcare,4032838.0,5609.24
WALD,Waldencast Acquisition Corp,1.73,11,14,9,12,7,2,4,59,-13.0,49.0,Weak,Watchlist only,56,2.4,0.0,1.8,53.2,1,,Consumer Defensive,224454784.0,457637.07
DSITF,Dixons Carphone plc,2.24,18,3,7,13,6,7,5,59,-10.0,49.0,Weak,Watchlist only,60,3.2,6.2,4.0,82.0,0,,Consumer Cyclical,2045115136.0,0.0
IVCHF,Invicta Holdings Ltd,1.98,12,7,10,7,3,2,3,44,0.0,49.0,Weak,🔥 COILED: Watchlist only,51,0.0,0.0,0.0,50.0,0,,Industrials,171523488.0,45.5
OLPX,Olaplex Holdings Inc,2.07,17,7,5,12,6,2,4,53,-7.0,49.0,Weak,Watchlist only,54,0.0,0.5,0.6,63.7,1,,Consumer Cyclical,1367758080.0,2610513.69
HUTCY,Hutchison Telecommunications Hong Kong Holdings Ltd ADR,2.2,11,4,2,12,6,4,3,42,2.0,49.0,Weak,🔥 COILED: Watchlist only,53,0.0,1.6,1.2,53.2,0,,Communication Services,671460736.0,223.27
FCCN,Spectral Cap Corp,5.23,13,8,11,10,6,4,4,56,-7.0,49.0,Weak,Watchlist only,65,4.6,3.5,6.1,66.1,2,,Technology,187743888.0,10725.95
GELYF,Geely Automobile Holdings Ltd,2.5,15,6,4,13,3,2,5,48,-4.0,49.0,Weak,🔥 COILED: Watchlist only,46,2.5,5.0,2.9,54.7,0,,Consumer Cyclical,26097717248.0,63131.23
RETO,ReTo Eco-Solutions Inc,2.78,11,11,9,8,6,4,5,54,-3.0,49.0,Weak,Watchlist only,60,1.5,-6.1,0.9,52.8,1,,Basic Materials,7585171.0,122578.32
WARFF,Wharf (Holdings) Limited,2.99,7,4,11,10,6,5,3,46,0.0,49.0,Weak,Watchlist only,43,0.0,0.0,0.1,57.6,0,,Real Estate,9137521664.0,0.0
RKLZ,Defiance Daily Target 2x Short RKLB ETF,4.88,12,5,5,14,2,5,5,48,0.0,49.0,Weak,Watchlist only,40,-10.1,-3.2,5.1,53.1,0,,nan,nan,0.0
IFABF,iFabric Corp,3.61,14,9,5,15,6,0,5,54,-3.0,49.0,Weak,Watchlist only,54,-3.2,-0.8,0.9,54.0,0,,Consumer Cyclical,91201400.0,8420.55
RYOJ,"rYojbaba Co., Ltd. Common Shares",5.62,18,11,8,16,8,7,5,73,-25.0,49.0,Weak,Watchlist only,56,46.0,33.8,35.8,68.1,2,,Industrials,34996500.0,692537.12
SFGLF,Steadfast Group Ltd,4.08,15,4,7,7,6,2,5,46,0.0,49.0,Weak,Watchlist only,47,0.0,0.0,0.7,56.3,0,,Financial Services,3836371456.0,129.3
EMBC,Embecta Corp,3.64,15,5,5,15,3,3,5,51,0.0,49.0,Weak,Watchlist only,28,10.6,12.0,6.6,58.8,2,,Healthcare,201174208.0,1008358.58
ASOMY,ASOS plc PK,4.94,17,2,7,14,6,6,5,57,-8.0,49.0,Weak,Watchlist only,71,6.5,6.5,7.6,73.2,1,,Consumer Cyclical,424752992.0,1564.44
NCMI,National CineMedia Inc,4.01,14,11,11,10,7,5,4,62,-11.0,49.0,Weak,Watchlist only,57,6.4,6.1,3.5,58.9,2,,Communication Services,332920032.0,427479.42
HYSNY,Hysan Development Co Ltd,4.4,16,6,7,9,4,1,5,48,-2.0,49.0,Weak,Watchlist only,46,0.0,2.7,1.7,67.5,0,,Real Estate,2268637184.0,0.0
BOSC,BOS Better Online Solutions,4.5,14,7,5,9,3,6,5,49,0.0,49.0,Weak,Watchlist only,34,3.7,6.1,2.8,59.4,1,,Technology,29679700.0,84689.73
OCINF,OCI N.V,4.65,17,9,10,12,6,12,5,71,-18.0,49.0,Weak,Watchlist only,66,4.5,4.5,4.1,98.4,1,,Basic Materials,938814464.0,2037.0
MCSIX,MFS COMMODITY STRATEGY FUND I,4.33,10,5,4,9,4,5,5,42,2.0,49.0,Weak,🔥 COILED: Watchlist only,44,-2.0,0.2,0.5,53.4,0,,nan,0.0,0.0
IGR,CBRE Clarion Global Real Estate Income Fund,4.68,11,5,9,8,1,6,4,44,0.0,49.0,Weak,🔥 COILED: Watchlist only,51,-0.4,-1.7,0.1,51.7,0,,Financial Services,1039987000.0,817561.56
ELALF,El Al Israel Airlines Ltd,5.0,14,8,5,12,6,1,3,49,0.0,49.0,Weak,Watchlist only,65,0.0,-4.8,1.3,55.8,0,,Industrials,2934749184.0,1193.31
TRZFX,T. Rowe Price Emerging Markets Local Currency Bond Fund Z Class,5.01,10,8,7,8,4,4,3,44,2.0,49.0,Weak,Watchlist only,39,1.0,0.4,0.2,52.2,0,,nan,nan,0.0
VRHI,VRHI,2.346,15,10,5,13,6,6,5,60,-11.5,48.5,Weak,Watchlist only,70,17.3,17.3,25.0,67.7,2,,Healthcare,20000004.0,486.34
INCR,InterCure Ltd.,0.962,5,16,6,10,9,0,2,48,-3.0,48.0,Weak,Watchlist only,49,-0.4,5.0,1.4,51.1,2,,Healthcare,55780432.0,59489.59
JPAXX,JPMorgan Trust I - JPMorgan Prime Money Market Fund,1.0,10,6,6,8,4,4,3,41,2.0,48.0,Weak,🔥 COILED: Watchlist only,34,0.0,0.0,0.0,54.1,0,,nan,nan,0.0
POIXX,Money Market Obligations Trust - Federated Institutional Prime Obligations Fund,1.0,17,7,4,8,4,7,3,50,-2.0,48.0,Weak,Watchlist only,42,0.0,0.0,0.0,66.2,0,,nan,nan,0.0
TPCXX,BlackRock Liquidity Funds TempCash - Capital,3.65,12,9,8,9,6,4,5,53,-13.0,48.0,Weak,🔥 COILED: Watchlist only,51,0.7,0.8,2.8,52.2,0,,nan,nan,0.0
WHGRF,WH Group Limited,1.075,10,11,8,7,3,2,2,43,2.0,48.0,Weak,Watchlist only,32,9.1,7.5,4.2,55.2,1,,Consumer Defensive,14030552064.0,0.0
AMJT,AMJ Global Technology,1.32,9,7,10,7,3,6,3,45,0.0,48.0,Weak,Watchlist only,50,0.0,0.0,0.0,58.3,0,,Healthcare,147738176.0,53.13
NTIP,Network-1 Technologies Inc,1.62,18,4,6,14,3,4,5,54,-4.0,48.0,Weak,Watchlist only,66,1.2,8.7,4.3,63.8,2,,Industrials,33953920.0,182383.04
MCHVF,MGM China Holdings Limited,1.4,12,5,7,8,4,4,5,45,0.0,48.0,Weak,Watchlist only,23,0.0,9.4,1.9,57.7,1,,Consumer Cyclical,8160572416.0,0.0
BGAOY,Proximus NV ADR,1.37,7,6,8,13,3,3,5,45,0.0,48.0,Weak,Watchlist only,29,0.7,-0.7,-0.4,44.7,0,,Communication Services,2439160064.0,0.0
COLZF,Coca-Cola Içecek Anonim Sirketi,1.68,7,8,9,8,3,5,3,43,0.0,48.0,Weak,🔥 COILED: Watchlist only,49,0.0,0.0,-0.1,42.5,0,,Consumer Defensive,4784714752.0,1341.69
FYGGY,Fuyao Glass Industry Group Co. Ltd,1.86,10,10,4,9,3,5,5,46,2.0,48.0,Weak,Watchlist only,43,5.4,12.4,6.7,58.9,2,,Consumer Cyclical,18372595712.0,18623.21
LEDS,SemiLEDS Corporation,2.13,13,10,2,11,6,4,5,51,-1.0,48.0,Weak,Watchlist only,48,-0.9,-29.2,2.4,51.8,1,,Technology,16019847.0,33325.31
POSC,Positron Corp,1.762,8,14,5,11,4,4,2,48,-3.0,48.0,Weak,Watchlist only,44,4.9,6.8,4.4,54.0,2,,Healthcare,61486916.0,38009.21
DNGYF,Dongyue Group Limited,2.24,11,5,4,10,6,3,2,41,2.0,48.0,Weak,🔥 COILED: Watchlist only,46,0.0,0.0,-0.5,51.6,0,,Basic Materials,4916929536.0,190.35
BEEP,Mobile Infrastructure Corporation,1.83,7,11,4,11,5,7,5,50,-3.0,48.0,Weak,Watchlist only,36,5.8,-5.7,2.8,53.3,1,,Industrials,92683040.0,56931.05
ZHYBF,Zhong Yuan Bio-Technology Holdings Limited,2.02,10,6,11,8,3,2,3,43,0.0,48.0,Weak,🔥 COILED: Watchlist only,39,0.0,0.0,0.0,50.0,0,,Consumer Defensive,35753228.0,3.9
QIHCF,Haier Smart Home Co. Ltd,2.42,15,6,12,8,6,6,3,56,-13.0,48.0,Weak,🔥 COILED: Watchlist only,57,0.0,0.0,0.1,96.5,0,,Consumer Cyclical,36467290112.0,15.5
ACJJF,Acom Co. Ltd,2.44,10,6,11,8,3,2,3,43,0.0,48.0,Weak,🔥 COILED: Watchlist only,47,0.0,0.0,0.0,50.0,0,,Financial Services,3822537984.0,5.16
TNGCF,Tongcheng Travel Holdings Limited,2.8,10,6,11,8,3,2,3,43,0.0,48.0,Weak,🔥 COILED: Watchlist only,52,0.0,0.0,0.0,50.0,0,,Consumer Cyclical,6591793664.0,137.29
SMNOF,SMN Corporation,2.97,9,6,11,9,3,2,3,43,0.0,48.0,Weak,🔥 COILED: Watchlist only,54,0.0,0.0,0.0,50.0,0,,Communication Services,43442288.0,42.0
RKIGF,Reko International Group Inc,3.0,12,6,10,7,3,2,3,43,0.0,48.0,Weak,🔥 COILED: Watchlist only,48,0.0,0.0,0.0,50.0,0,,Industrials,16452939.0,12.5
SWSSF,Swiss Water Decaffeinated Coffee Inc,4.2,15,6,10,10,6,6,3,56,-13.0,48.0,Weak,🔥 COILED: Watchlist only,68,0.0,0.0,1.8,99.8,0,,Consumer Defensive,32944754.0,172.0
XVVRX,Invesco Senior Income Trust,3.36,9,8,8,8,3,4,3,43,2.0,48.0,Weak,Watchlist only,36,0.3,0.3,0.1,51.4,0,,Other,0.0,0.0
FTEMUX,FTEMUX,3.313,16,9,7,8,6,5,3,54,-6.0,48.0,Weak,Watchlist only,36,0.1,0.1,0.1,59.9,0,,nan,nan,0.0
BORUF,Borussia Dortmund GmbH & Co. Kommanditgesellschaft auf Aktien,3.55,12,7,6,11,4,5,3,48,-3.0,48.0,Weak,Watchlist only,42,0.3,0.4,0.7,53.1,2,,Communication Services,397358336.0,0.0
TBNGY,Bukit Asam Tbk PT ADR,3.8,15,5,7,13,3,0,5,48,-3.0,48.0,Weak,Watchlist only,33,0.0,11.8,4.9,71.3,2,,Energy,1838778368.0,705.75
AHT-PG,Ashford Hospitality Trust Inc,5.36,9,14,9,8,5,4,2,51,-3.0,48.0,Weak,Watchlist only,38,3.7,3.2,3.1,55.8,1,,Real Estate,104801256.0,4294.9
DXST,Decent Holding Inc Ordinary Shares,2.29,8,11,8,11,2,6,5,51,-1.0,48.0,Weak,Watchlist only,44,0.4,-13.6,-1.0,49.0,1,,Industrials,8712500.0,1089152.77
HNSPF,Hansoh Pharmaceutical Group Company Limited,4.11,11,7,7,9,3,4,2,43,0.0,48.0,Weak,🔥 COILED: Watchlist only,36,7.5,7.5,3.4,55.6,0,,Healthcare,27216607232.0,114.75
CWGL,Crimson Wine,4.23,9,9,6,8,9,2,3,46,2.0,48.0,Weak,Watchlist only,37,1.7,1.9,2.1,53.9,0,,Consumer Defensive,91196104.0,14286.56
MCSNX,MFS Commodity Strategy Fund Class R1,4.3,11,5,4,7,1,5,5,38,2.0,48.0,Weak,🔥 COILED: Watchlist only,42,-2.1,0.2,0.4,52.5,0,,nan,nan,0.0
CCC,CCC Intelligent Solutions Holdings Inc.,6.09,14,11,6,10,7,7,5,60,-12.0,48.0,Weak,Watchlist only,46,4.6,0.7,4.5,60.7,0,,Technology,2928833280.0,9649676.15
REMYY,Remy Cointreau SA ADR,5.524,16,10,4,11,5,7,5,58,-10.0,48.0,Weak,Watchlist only,70,6.8,5.2,5.8,62.1,1,,Consumer Defensive,2490254848.0,16491.45
AHT-PD,Ashford Hospitality Trust Inc,5.425,10,12,9,9,4,2,2,48,-3.0,48.0,Weak,🔥 COILED: Watchlist only,30,0.0,4.3,0.7,50.5,1,,Real Estate,107517424.0,4309.83
TACT,TransAct Technologies Incorporated,5.18,10,10,5,7,8,2,4,46,-1.0,48.0,Weak,🔥 COILED: Watchlist only,55,3.0,-1.0,2.0,54.3,1,,Technology,47887460.0,57584.59
HLDAX,THE HARTFORD EMERGING MARKETS LOCAL DEBT FUND CLASS A,4.95,6,10,9,8,3,4,3,43,2.0,48.0,Weak,Watchlist only,40,0.6,0.0,0.0,48.9,0,,nan,0.0,0.0
ITRYF,Ishares PLC - Ishares Treasury Bond 0-1 year UCITS ETF,4.992,13,9,10,12,6,7,4,61,-13.0,48.0,Weak,Watchlist only,61,0.2,0.2,0.2,94.4,0,,Other,nan,365709.58
EMTRF,Element 29 Resources Inc,1.24,17,10,7,18,4,2,5,63,-17.0,47.0,Weak,Watchlist only,72,5.1,19.8,9.1,66.3,3,,Basic Materials,188697568.0,72066.88
MBGPF,Moberg Pharma AB (publ),1.1,15,4,11,8,6,2,3,49,-7.0,47.0,Weak,🔥 COILED: Watchlist only,0,0.0,0.0,0.1,63.3,1,,Healthcare,51700692.0,0.0
JDDSF,JD Sports Fashion plc,1.06,4,4,9,9,6,5,5,42,0.0,47.0,Weak,🔥 COILED: Watchlist only,35,0.0,0.0,-0.5,44.1,0,,Consumer Cyclical,5789293056.0,276.0
ORVMF,Orvana Minerals Corp,1.32,11,5,9,14,3,2,5,49,-7.0,47.0,Weak,🔥 COILED: Watchlist only,45,-5.7,3.1,0.6,51.5,1,,Basic Materials,188131968.0,76870.34
AERG,Applied Energetics,1.28,6,15,9,9,6,4,2,51,-5.0,47.0,Weak,Watchlist only,34,2.4,7.6,1.1,50.3,1,,Technology,369508000.0,119992.5
CVALF,Covalon Technologies Ltd,1.57,16,7,7,11,6,4,5,56,-9.0,47.0,Weak,Watchlist only,57,1.9,6.8,2.5,61.5,1,,Healthcare,43084196.0,8491.01
BKEAY,Bank of East Asia Limited,2.04,21,4,7,12,6,5,5,60,-13.0,47.0,Weak,Watchlist only,61,27.5,27.5,15.4,85.8,2,,Financial Services,4547377152.0,0.0
AKKVF,Akastor ASA,1.4,10,5,10,7,3,4,5,44,0.0,47.0,Weak,Watchlist only,0,0.0,6.9,2.5,47.0,0,,Energy,490604640.0,0.0
TRKYY,Türkiye Sinai Kalkinma Bankasi A.S,1.8,7,7,11,9,3,2,3,42,0.0,47.0,Weak,🔥 COILED: Watchlist only,47,0.0,0.0,0.0,51.9,0,,Financial Services,338800000.0,30.0
NUFMF,Nufarm Limited,1.94,12,7,11,12,2,5,4,53,-6.0,47.0,Weak,Watchlist only,60,1.0,1.0,0.6,59.7,1,,Basic Materials,756294912.0,882.0
RLX,RLX Technology Inc,2.02,7,12,5,7,4,0,5,40,4.0,47.0,Weak,🔥 COILED: Watchlist only,29,-0.5,-1.5,1.3,53.2,0,,Consumer Defensive,2468954368.0,2552317.3
LNSPF,LondonMetric Property Plc,2.47,8,6,11,9,3,1,4,42,0.0,47.0,Weak,🔥 COILED: Watchlist only,17,0.0,0.0,0.1,46.3,0,,Real Estate,6304780288.0,1118.0
GZPHF,Guangzhou Baiyunshan Pharmaceutical Holdings Company Limited,2.34,10,6,11,9,3,2,3,44,0.0,47.0,Weak,Watchlist only,47,0.0,0.0,0.0,31.1,0,,Healthcare,3479192832.0,418.8
ANVI,"Anvi Global Holdings, Inc.",2.46,7,7,11,9,3,2,3,42,0.0,47.0,Weak,🔥 COILED: Watchlist only,44,0.0,0.0,0.0,51.9,0,,Basic Materials,295076992.0,4.0
HLICF,HLICF,2.562,15,5,5,7,6,6,5,49,-10.0,47.0,Weak,🔥 COILED: Watchlist only,62,0.0,5.0,2.9,54.5,0,,nan,299755264.0,2.5
CRON,Cronos Group Inc,2.83,13,5,9,15,3,3,3,51,-4.0,47.0,Weak,Watchlist only,66,0.7,1.4,1.0,54.6,0,,Healthcare,1046253696.0,1988482.88
WELX,Winland Holdings Corporation,2.3,8,11,9,13,3,2,4,50,-1.0,47.0,Weak,Watchlist only,37,5.0,3.6,2.8,53.7,1,,Technology,12705522.0,4092.98
CSAN,Cosan SA ADR,3.22,12,14,12,10,3,4,5,60,-14.0,47.0,Weak,Watchlist only,30,7.3,5.6,5.1,59.8,2,,Energy,2828647168.0,2214209.71
GTM,ZoomInfo Technologies Inc.,3.3,15,6,5,10,2,4,5,47,0.0,47.0,Weak,Watchlist only,20,13.0,7.5,5.9,56.0,0,,Technology,919520256.0,7744625.18
ELAMF,Elamex SA de CV,2.81,14,4,6,11,6,2,4,47,-5.0,47.0,Weak,🔥 COILED: Watchlist only,44,0.0,0.4,0.2,50.0,1,,Consumer Defensive,7473704.0,18.5
TINCX,TEMPLETON GLOBAL BALANCED FUND CLASS A1,3.21,18,6,6,9,3,4,4,50,-6.0,47.0,Weak,Watchlist only,67,2.2,1.9,1.6,65.9,0,,nan,0.0,0.0
HNNMY,H & M Hennes & Mauritz AB ADR,3.62,16,10,7,10,5,3,5,56,-7.0,47.0,Weak,Watchlist only,48,9.4,7.7,5.5,65.1,1,,Consumer Cyclical,27936526336.0,107083.26
ALNPY,ANA Holdings Inc ADR,3.91,8,12,2,11,6,2,4,45,2.0,47.0,Weak,Watchlist only,59,0.0,4.0,3.8,53.9,0,,Industrials,7766415872.0,6603.75
LNXSY,LANXESS Aktiengesellschaft,3.625,7,5,10,11,3,3,3,42,2.0,47.0,Weak,Watchlist only,36,2.8,2.8,1.3,53.9,2,,Basic Materials,1656122112.0,3906.19
XFOR,X4 Pharmaceuticals Inc,3.98,11,11,5,9,7,2,2,47,-3.0,47.0,Weak,Watchlist only,45,3.4,4.2,0.8,50.7,1,,Healthcare,378222016.0,675697.18
PNAGF,PETRONAS Gas Berhad,4.45,5,5,9,10,6,5,2,42,0.0,47.0,Weak,🔥 COILED: Watchlist only,37,0.0,0.0,-0.1,47.1,0,,Energy,8558014976.0,0.0
CING,Cingulate Inc,4.79,9,16,9,6,9,4,2,55,-13.0,47.0,Weak,🔥 COILED: Watchlist only,26,3.2,5.5,1.1,50.6,2,,Healthcare,61257172.0,366239.45
QNRX,Quoin Pharmaceuticals Ltd DRC,4.45,7,14,9,10,4,6,2,52,-6.0,47.0,Weak,Watchlist only,27,4.0,5.0,1.8,50.9,2,,Healthcare,9037881.0,247795.72
MCSRX,MFS COMMODITY STRATEGY FUND R6,4.32,10,5,4,7,4,5,5,40,2.0,47.0,Weak,🔥 COILED: Watchlist only,42,-2.0,0.2,0.5,53.3,0,,nan,0.0,0.0
MCSHX,MFS Commodity Strategy Fund Class C,4.26,11,5,4,7,4,1,5,37,2.0,47.0,Weak,🔥 COILED: Watchlist only,44,-1.8,0.2,0.5,53.1,0,,nan,nan,0.0
MCSOX,MFS Commodity Strategy Fund Class R2,4.28,11,5,4,7,4,1,5,37,2.0,47.0,Weak,🔥 COILED: Watchlist only,42,-2.1,0.2,0.5,52.8,0,,nan,nan,0.0
FNEVY,Fraser and Neave Ltd ADR,4.53,7,6,10,7,3,4,3,40,2.0,47.0,Weak,🔥 COILED: Watchlist only,37,0.0,0.0,-0.0,53.3,0,,Consumer Defensive,1514173440.0,0.0
STTK,Shattuck Labs Inc,7.07,16,9,6,14,7,0,3,55,-13.0,47.0,Weak,🔥 COILED: Watchlist only,59,-4.8,-6.1,3.2,54.6,1,,Healthcare,374967744.0,604925.04
ADBG,Leverage Shares 2X Long ADBE Daily ETF,4.28,16,8,3,13,5,2,5,52,-3.0,47.0,Weak,Watchlist only,32,21.6,8.6,12.1,57.9,1,,nan,nan,1850331.11
YAHOY,Z Holdings Corp ADR,5.57,18,5,7,14,3,5,5,57,-8.0,47.0,Weak,Watchlist only,56,5.7,1.6,2.4,58.0,0,,Consumer Cyclical,17165669376.0,311778.86
HLDCX,THE HARTFORD EMERGING MARKETS LOCAL DEBT FUND CLASS C,4.99,7,12,9,8,4,4,3,47,-3.0,47.0,Weak,Watchlist only,39,0.8,0.2,0.1,50.8,0,,nan,0.0,0.0
EJPXX,JPMorgan Trust I - JPMorgan Prime Money Market Fund,1.0,15,6,5,8,4,7,3,48,-2.0,46.0,Weak,Watchlist only,42,0.0,0.0,0.0,60.9,0,,nan,nan,0.0
AREN,Arena Group Holdings Inc,1.2,13,10,7,11,4,4,5,54,-6.0,46.0,Weak,Watchlist only,25,46.3,20.0,14.9,57.7,2,,Communication Services,62835688.0,142212.73
LXEH,Lixiang Education Holding Co Ltd,1.57,16,9,6,8,8,3,5,55,-7.0,46.0,Weak,Watchlist only,52,8.3,6.1,7.7,62.5,1,,Consumer Defensive,2606667.0,168352.63
CARV,Carver Bancorp Inc,1.753,16,8,5,18,5,4,5,61,-18.0,46.0,Weak,Watchlist only,52,13.1,26.1,11.2,59.3,3,,Financial Services,7137585.0,43212.64
MRNFF,Meren Energy Inc.,1.45,5,14,8,8,3,0,5,43,2.0,46.0,Weak,Watchlist only,27,-2.0,2.1,0.1,49.0,1,,Energy,1115590272.0,162410.28
ENGS,Energys Group Limited Ordinary Shares,2.61,13,10,2,12,7,2,2,48,-5.0,46.0,Weak,Watchlist only,51,-2.2,1.6,-0.3,52.4,1,,Industrials,48442792.0,413958.03
MAAL,The Marketing Alliance Inc,1.79,13,3,5,9,6,5,5,46,0.0,46.0,Weak,Watchlist only,56,-2.2,-4.3,2.7,59.5,0,,Financial Services,11005195.0,0.0
MALG,Microalliance Group Inc.,1.76,9,5,10,12,4,2,3,45,-2.0,46.0,Weak,Watchlist only,54,0.0,0.0,0.0,67.0,0,,Consumer Defensive,1072396352.0,23.48
ASTO,Astro Communications Inc,1.75,10,7,9,9,6,2,3,46,-3.0,46.0,Weak,Watchlist only,46,0.0,0.0,0.0,71.5,0,,Industrials,1733532.0,47.65
CLILF,CapitaLand Investment Limited,2.0,16,4,8,7,4,1,5,45,-2.0,46.0,Weak,Watchlist only,29,0.0,9.3,4.8,61.3,1,,Real Estate,9947114496.0,2620.37
JBFCF,Jollibee Foods Corporation,2.45,12,13,8,5,4,3,4,49,-8.0,46.0,Weak,🔥 COILED: Watchlist only,28,4.3,4.3,2.5,54.6,0,,Consumer Cyclical,2555197440.0,4858.09
GEAHF,Great Eagle Holdings Limited,2.21,5,7,8,12,6,3,4,45,1.0,46.0,Weak,Watchlist only,53,0.0,0.0,0.2,61.0,1,,Real Estate,1649195648.0,0.0
MMTHF,Momentum Group Limited,2.15,15,6,10,6,6,2,3,48,-10.0,46.0,Weak,🔥 COILED: Watchlist only,53,0.0,0.0,1.2,50.0,0,,Financial Services,901726208.0,52.36
KRYXF,Koryx Copper Inc.,2.216,7,17,9,11,5,3,3,55,-9.0,46.0,Weak,Watchlist only,46,2.5,4.5,1.1,50.4,1,,Basic Materials,288461056.0,21037.52
PAYD,Paid Inc,2.46,10,5,7,13,6,1,4,46,-5.0,46.0,Weak,🔥 COILED: Watchlist only,39,0.0,-3.5,0.5,55.3,1,,Technology,21611656.0,505.91
SLVYY,Solvay SA ADR,3.01,14,6,10,9,0,3,4,46,-1.0,46.0,Weak,Watchlist only,34,2.0,2.0,1.1,53.6,1,,Basic Materials,3162350080.0,36154.13
JSHIX,JANUS SHORT-TERM BOND FUND CLASS I,2.87,7,7,6,8,4,4,3,39,2.0,46.0,Weak,🔥 COILED: Watchlist only,34,0.3,0.0,0.0,50.3,0,,nan,0.0,0.0
UNJCF,Unicaja Banco S.A,3.05,9,6,11,7,3,2,3,41,0.0,46.0,Weak,🔥 COILED: Watchlist only,57,0.0,0.0,0.0,50.0,0,,Financial Services,7833011200.0,2.5
TCINX,TEMPLETON GLOBAL BALANCED FUND CLASS C1,3.21,18,5,9,9,3,4,4,52,-9.0,46.0,Weak,Watchlist only,67,1.9,1.6,1.4,64.8,0,,nan,0.0,0.0
PEXUF,PTT Exploration and Production Public Company Limited ,3.48,8,6,11,8,3,2,3,41,0.0,46.0,Weak,🔥 COILED: Watchlist only,47,0.0,0.0,0.0,50.0,0,,Energy,13815548928.0,0.0
GMPUF,Gestamp Automoción S.A,3.725,14,7,10,6,4,2,5,48,-10.0,46.0,Weak,🔥 COILED: Watchlist only,47,0.0,0.0,0.2,51.8,0,,Consumer Cyclical,2119033856.0,82.4
PPAAY,Perusahaan Gas Negara Persero Tbk PT ADR,4.25,12,5,11,8,3,0,5,44,2.0,46.0,Weak,Watchlist only,18,0.0,9.0,2.4,58.7,1,,Utilities,2507887872.0,397.83
HFUS,Hartford Great Health Corp,4.0,8,7,10,8,3,2,3,41,0.0,46.0,Weak,🔥 COILED: Watchlist only,32,0.0,0.0,-0.0,47.2,0,,Communication Services,100108016.0,155.85
UFI,Unifi Inc,6.4,13,11,4,16,7,2,5,58,-10.0,46.0,Weak,Watchlist only,66,1.7,1.3,7.3,64.9,1,,Consumer Cyclical,77508848.0,52272.9
CLBEY,Calbee Inc,4.8,15,6,6,7,4,7,5,50,-4.0,46.0,Weak,Watchlist only,43,7.4,6.7,4.9,64.3,0,,Consumer Defensive,2122437504.0,4298.32
AAFRF,Airtel Africa Plc,4.595,10,8,6,9,3,0,3,39,2.0,46.0,Weak,🔥 COILED: Watchlist only,47,0.0,6.6,0.7,50.7,0,,Communication Services,16599324672.0,11691.03
SICUF,Siam City Cement Public Company Limited,4.55,9,6,11,7,3,2,3,41,0.0,46.0,Weak,🔥 COILED: Watchlist only,52,0.0,0.0,0.0,50.0,0,,Basic Materials,1790293888.0,5.18
SCYX,Scynexis Inc,4.84,15,9,4,17,6,2,5,58,-17.0,46.0,Weak,Watchlist only,58,29.8,13.3,19.0,63.9,3,,Healthcare,46126380.0,63425.0
INBQX,AIM Investment Funds Invesco Investment Funds Invesco Oppenheimer Intl Bd Fd Cl R5,4.61,7,12,7,9,4,4,3,46,-3.0,46.0,Weak,Watchlist only,34,1.3,0.4,0.3,51.6,0,,nan,nan,0.0
PTAUF,Port of Tauranga Limited,4.89,9,6,11,7,3,2,3,41,0.0,46.0,Weak,🔥 COILED: Watchlist only,52,0.0,0.0,0.0,50.0,0,,Industrials,3326425344.0,34.89
HLDIX,THE HARTFORD EMERGING MARKETS LOCAL DEBT FUND CLASS I,4.9,4,10,9,8,3,4,3,41,2.0,46.0,Weak,Watchlist only,40,0.6,0.0,0.0,49.3,0,,nan,0.0,0.0
PAELX,T. ROWE PRICE EMERGING MARKETS LOCAL CURRENCY BOND FUND T. ROWE PRICE EMERGING MARKETS LOCAL CURRENCY BOND FUND ADVISOR CLASS,4.98,7,8,7,8,4,4,3,41,2.0,46.0,Weak,Watchlist only,39,1.0,0.4,0.3,52.6,0,,nan,0.0,0.0
HLDRX,THE HARTFORD EMERGING MARKETS LOCAL DEBT FUND CLASS R3,4.98,4,10,9,8,3,4,3,41,2.0,46.0,Weak,Watchlist only,40,0.6,0.0,0.0,49.3,0,,nan,0.0,0.0
HLDFX,THE HARTFORD EMERGING MARKETS LOCAL DEBT FUND CLASS F,4.9,4,10,9,8,3,4,3,41,2.0,46.0,Weak,Watchlist only,40,0.6,0.0,0.0,49.3,0,,nan,0.0,0.0
TEIMX,T. ROWE PRICE EMERGING MARKETS LOCAL CURRENCY BOND FUND T. ROWE PRICE EMERGING MARKETS LOCAL CURRENCY BOND FUND-I CLASS,5.02,7,8,7,8,4,4,3,41,2.0,46.0,Weak,Watchlist only,39,1.0,0.4,0.3,52.7,0,,nan,0.0,0.0
JAELX,John Hancock Variable Insurance Trust - High Yield Trust,4.87,6,9,4,9,6,4,3,41,2.0,46.0,Weak,Watchlist only,46,0.2,-0.4,-0.1,46.7,0,,nan,nan,0.0
NWSZF,NWS Holdings Limited,1.0,9,4,10,9,3,2,3,40,0.0,45.0,Weak,🔥 COILED: Watchlist only,40,0.0,0.0,-0.0,48.1,0,,Industrials,4565157376.0,6.33
MCSXX,BlackRock Liquidity Funds - MuniCash,1.0,10,7,10,6,4,7,3,47,-10.0,45.0,Weak,🔥 COILED: Watchlist only,38,0.0,0.0,0.0,51.9,0,,nan,nan,0.0
NHLTY,NHLTY,1.14,11,12,3,8,3,2,4,43,2.0,45.0,Weak,Watchlist only,22,19.5,17.1,8.3,56.2,2,,nan,nan,0.0
ALBKY,Alpha Bank SA,1.16,16,6,10,11,1,2,4,50,-8.0,45.0,Weak,Watchlist only,63,0.9,5.5,1.5,55.5,0,,Financial Services,9973065728.0,80871.0
SUPIF,Supermarket Income REIT plc,1.1,9,6,11,8,6,2,3,45,-3.0,45.0,Weak,Watchlist only,48,0.0,0.0,0.0,79.6,0,,Industrials,nan,0.0
TTGPF,TT Electronics plc,1.6,14,6,12,7,3,2,4,48,-8.0,45.0,Weak,🔥 COILED: Watchlist only,39,0.0,0.0,0.5,72.8,1,,Technology,237243232.0,1906.5
HSTI,High Sierra Technologies Inc,1.4,9,7,10,9,3,4,3,45,-5.0,45.0,Weak,🔥 COILED: Watchlist only,38,0.0,0.0,0.0,51.9,1,,Healthcare,29346446.0,78.75
SKWG,Skywealth Group Inc,2.0,15,6,10,9,6,2,5,53,-13.0,45.0,Weak,🔥 COILED: Watchlist only,58,0.0,0.0,2.3,100.0,0,,Industrials,330750.0,2.96
USIO,Usio Inc,2.13,13,10,2,7,9,2,2,45,-3.0,45.0,Weak,Watchlist only,65,10.4,0.5,2.8,54.0,2,,Technology,42773788.0,65122.92
SVC,Service Properties Trust,8.03,13,7,6,11,5,4,5,51,-6.0,45.0,Weak,Watchlist only,59,-5.1,-6.6,8.3,71.0,1,,Real Estate,1067891520.0,4362389.64
CURV,Torrid Holdings Inc,2.55,17,6,6,15,5,1,5,55,-10.0,45.0,Weak,Watchlist only,69,2.8,9.4,9.2,66.1,2,,Consumer Cyclical,138302880.0,659790.65
AMC,AMC Entertainment Holdings Inc,2.82,18,9,7,15,7,3,5,64,-17.0,45.0,Weak,Watchlist only,62,24.2,45.4,20.4,68.7,3,,Communication Services,1478176640.0,27707144.41
COBA,COBA,2.825,15,10,5,9,6,7,4,56,-12.0,45.0,Weak,Watchlist only,65,13.0,12.5,11.0,65.7,3,,nan,107249000.0,12256.25
TXMD,TherapeuticsMD Inc,2.03,9,7,8,10,5,1,2,42,0.0,45.0,Weak,Watchlist only,47,-1.5,-1.5,-0.7,48.3,0,,Healthcare,23148724.0,105907.79
TZROP,tZERO Group Inc,1.98,4,4,11,7,3,6,3,38,2.0,45.0,Weak,🔥 COILED: Watchlist only,39,0.0,0.0,0.0,51.9,0,,Financial Services,nan,6337.1
GFSEF,GFSEF,2.0,8,7,10,7,3,2,3,40,0.0,45.0,Weak,🔥 COILED: Watchlist only,39,0.0,0.0,-0.0,47.9,0,,Financial Services,15649690624.0,0.0
PTTWF,Orange Polska S.A,2.05,7,7,10,8,3,2,3,40,0.0,45.0,Weak,🔥 COILED: Watchlist only,47,0.0,0.0,0.0,51.9,0,,Communication Services,2690332928.0,11.61
PLGDF,Palisades Goldcorp Ltd.,2.35,15,7,9,10,3,1,5,50,-5.0,45.0,Weak,Watchlist only,72,1.7,8.8,4.2,61.6,1,,Basic Materials,157358576.0,26457.55
OPTGF,OPTGF,2.8,12,8,6,12,4,3,2,47,-2.0,45.0,Weak,Watchlist only,47,9.8,28.7,10.9,66.1,2,,Consumer Cyclical,160842000.0,242.99
PLSDF,Pulse Seismic Inc,2.29,1,12,7,9,3,3,3,38,6.0,45.0,Weak,Watchlist only,21,1.3,0.0,-1.4,42.5,1,,Energy,125265696.0,12000.34
SCWO,374Water Inc. Common Stock,2.18,9,8,9,8,2,6,5,47,-5.0,45.0,Weak,Watchlist only,40,0.9,4.3,2.2,52.0,1,,Industrials,44963444.0,290717.04
YSG,Yatsen Holding,3.43,9,9,9,11,7,7,3,55,-15.0,45.0,Weak,🔥 COILED: Watchlist only,43,3.3,-3.9,0.1,51.4,1,,Consumer Defensive,287982784.0,213218.85
AIFU,Fanhua Inc.,34.7,8,9,8,9,9,0,2,45,-3.0,45.0,Weak,Watchlist only,50,2.1,0.5,0.8,53.1,2,,Financial Services,263101328.0,19471.69
WVVIP,Willamette Valley Vineyards Inc PR,2.885,13,12,8,7,6,11,5,62,-17.0,45.0,Weak,Watchlist only,35,4.0,4.6,4.4,61.2,0,,Consumer Defensive,21754334.0,5379.85
BNDSF,Banco de Sabadell S.A,3.82,14,9,6,10,1,2,5,47,-2.0,45.0,Weak,Watchlist only,52,-0.9,10.7,3.6,57.1,2,,Financial Services,16877633536.0,0.0
UPBMF,United Plantations Berhad,3.507,7,7,10,8,3,2,3,40,0.0,45.0,Weak,🔥 COILED: Watchlist only,47,0.0,0.0,0.0,51.9,0,,Consumer Defensive,2181771008.0,1.08
OSSFF,Össur hf,4.15,8,3,10,9,3,6,3,42,0.0,45.0,Weak,Watchlist only,33,0.0,0.0,-0.0,0.3,0,,Healthcare,1769210112.0,43.25
SMWB,SimilarWeb Ltd,7.17,17,6,7,7,7,3,5,52,-7.0,45.0,Weak,Watchlist only,61,14.0,3.0,8.5,62.9,1,,Technology,379310336.0,623574.89
LOQPF,Accesso Technology Group PLC,4.13,13,6,12,9,6,4,3,53,-13.0,45.0,Weak,🔥 COILED: Watchlist only,47,0.0,0.0,0.3,94.0,0,,Technology,113372656.0,250.0
SBDS,"Solo Brands, Inc.",3.9,6,12,6,12,3,4,5,48,-1.0,45.0,Weak,Watchlist only,30,-2.3,-7.6,0.9,50.4,1,,Consumer Cyclical,10832179.0,34270.91
OERLF,OC Oerlikon Corporation AG,4.345,5,6,10,9,3,6,3,42,0.0,45.0,Weak,Watchlist only,32,0.0,0.0,-0.0,27.5,1,,Industrials,1437811968.0,0.0
FBBPF,FIBRA Prologis,4.538,13,8,9,6,5,6,5,52,-10.0,45.0,Weak,🔥 COILED: Watchlist only,51,2.0,5.4,1.5,52.2,0,,Real Estate,7832219648.0,6658.51
XYF,X Financial Class A,4.94,16,8,7,9,3,3,3,49,-4.0,45.0,Weak,Watchlist only,46,3.1,6.5,1.7,54.7,1,,Financial Services,181029856.0,199773.02
JAEMX,John Hancock Variable Insurance Trust - High Yield Trust,4.76,6,9,3,9,6,4,3,40,2.0,45.0,Weak,Watchlist only,46,0.2,-0.4,-0.1,47.5,0,,nan,nan,0.0
UGP,Ultrapar Participacoes SA ADR,6.5,18,5,7,14,7,2,5,58,-13.0,45.0,Weak,Watchlist only,67,1.1,4.0,6.6,70.1,0,,Energy,5204761088.0,2385744.51
GGN,GAMCO Global,4.9,7,6,9,11,2,4,3,42,2.0,45.0,Weak,Watchlist only,31,-0.2,2.5,0.3,50.3,0,,Financial Services,625882800.0,607445.39
SMGBF,San Miguel Corporation,1.0,6,7,10,7,3,3,3,39,0.0,44.0,Weak,🔥 COILED: Watchlist only,33,0.0,0.0,-0.5,43.5,0,,Industrials,2700107264.0,0.0
GEOUF,Golden Energy Offshore Services AS,1.16,14,5,5,11,6,4,3,48,-7.0,44.0,Weak,Watchlist only,45,0.0,0.0,0.9,62.8,1,,Industrials,73410592.0,110.17
MPFXX,Morgan Stanley Institutional Liquidity Funds - Prime Portfolio,1.0,11,7,11,6,4,2,3,44,-8.0,44.0,Weak,🔥 COILED: Watchlist only,35,0.0,0.0,0.0,54.3,0,,nan,nan,0.0
NZTCF,Spark New Zealand Ltd,1.13,16,4,12,6,4,3,5,50,-9.0,44.0,Weak,Watchlist only,25,6.6,7.6,4.8,64.6,0,,Communication Services,2192526848.0,0.0
BTBD,Bt Brands Inc,1.18,11,12,7,8,4,2,5,49,-8.0,44.0,Weak,Watchlist only,38,5.4,6.3,4.3,54.6,1,,Consumer Cyclical,7297974.0,972586.25
NEXR,Nexera Technologies Ltd.,3.53,18,8,8,11,6,10,5,66,-22,44,Weak,Watchlist only,35,954.4,655.9,373.9,88.3,3,8,Consumer Cyclical,825352.0,1213149.34
WRAP,Wrap Technologies Inc,1.84,10,12,3,9,8,0,5,47,-1.0,44.0,Weak,Watchlist only,52,8.2,-10.2,3.3,53.4,1,,Technology,75804016.0,366016.69
GIBO,Global IBO Group Ltd,29.1,15,12,3,8,6,0,5,49,-10.0,44.0,Weak,Watchlist only,54,-4.6,3.9,12.3,62.8,1,,Communication Services,84001736.0,291798.66
QTRHF,Quarterhill Inc,2.0,15,9,4,15,6,3,5,57,-14.0,44.0,Weak,Watchlist only,67,8.1,3.6,12.2,66.3,1,,Technology,167972848.0,22379.94
TXWHY,Texwinca Holdings Limited,1.5,7,7,10,7,3,2,3,39,0.0,44.0,Weak,🔥 COILED: Watchlist only,47,0.0,0.0,0.0,51.9,0,,Consumer Cyclical,207254432.0,8.0
APTPF,Airports of Thailand Public Company Limited,1.725,15,6,11,8,3,6,3,52,-13.0,44.0,Weak,🔥 COILED: Watchlist only,57,0.0,0.0,0.2,100.0,0,,Industrials,18314999808.0,0.0
OSOL,Osprey Solana Trust,2.28,13,8,5,16,7,4,5,58,-15.0,44.0,Weak,Watchlist only,39,2.3,9.6,6.9,61.2,1,,nan,nan,54045.94
PSGTY,Semen Indonesia Persero Tbk PT,1.63,7,5,13,7,3,4,5,44,0.0,44.0,Weak,Watchlist only,19,0.0,8.7,1.7,48.6,1,,Basic Materials,629773376.0,0.0
PHUN,Phunware Inc,2.11,11,5,6,8,5,4,5,44,-5.0,44.0,Weak,🔥 COILED: Watchlist only,53,-1.9,-1.4,-0.1,51.2,1,,Technology,41099316.0,183813.24
IPHLF,IPH Limited,2.68,13,6,11,9,6,2,5,52,-13.0,44.0,Weak,🔥 COILED: Watchlist only,43,0.0,0.0,2.4,100.0,0,,Industrials,572480448.0,6.6
WSSTF,Western Bulk Chartering AS,2.2,12,6,11,10,6,6,3,54,-13.0,44.0,Weak,Watchlist only,53,0.0,0.0,0.1,100.0,0,,Industrials,76312600.0,115.26
NSANF,Nissan Motor Co. Ltd.,2.19,12,9,5,11,5,5,5,52,-8.0,44.0,Weak,Watchlist only,29,11.7,-0.5,5.3,56.9,1,,Consumer Cyclical,8041679360.0,41572.35
MXCHY,Orbia Advance Corp,2.73,15,11,6,14,7,1,5,59,-15.0,44.0,Weak,Watchlist only,61,0.7,5.8,2.9,68.9,1,,Industrials,2518820352.0,8239.6
DMPZF,Domino's Pizza Group plc,2.68,20,4,6,12,6,4,5,57,-13.0,44.0,Weak,Watchlist only,53,11.7,11.7,7.3,91.2,2,,Consumer Cyclical,949082880.0,0.0
LTGHY,Life Healthcare Group Holdings,2.7,12,7,11,5,5,7,5,52,-6.0,44.0,Weak,Watchlist only,44,7.4,5.5,3.8,57.9,1,,Healthcare,883302784.0,85378.38
RYDVX,ROYCE DIVIDEND VALUE FUND SERVICE CLASS,2.63,15,6,6,9,6,4,5,51,-7.0,44.0,Weak,Watchlist only,43,2.7,2.7,2.6,67.1,0,,nan,0.0,0.0
GNCGF,Greencore Group plc,3.51,16,8,4,14,6,4,5,57,-11.0,44.0,Weak,Watchlist only,60,8.7,29.0,16.3,92.0,2,,Consumer Defensive,2116872448.0,272.63
KLNG,Koil Energy Solutions Inc.,2.39,9,10,8,7,9,2,2,47,-3.0,44.0,Weak,Watchlist only,51,6.2,3.5,-0.8,47.7,1,,Energy,31591512.0,27343.0
MXEYX,Great-West Core Strategies: Inflation-Protected Securities Fund Investor Class,2.65,6,8,7,8,3,4,3,39,2.0,44.0,Weak,Watchlist only,21,0.4,-0.4,-0.1,43.9,0,,nan,nan,0.0
TNLIF,Trainline Plc,2.965,8,6,10,9,3,2,3,41,0.0,44.0,Weak,Watchlist only,30,0.0,0.0,-0.0,28.8,0,,Consumer Cyclical,1064314496.0,82.2
KRNGY,Karoon Energy Ltd,2.41,20,4,5,15,4,4,5,57,-13.0,44.0,Weak,Watchlist only,52,26.8,26.8,14.6,80.1,2,,Energy,1014977024.0,100.1
MCRUF,Morgan Advanced Materials plc,2.91,16,5,3,8,6,3,5,46,-2.0,44.0,Weak,Watchlist only,46,-2.3,6.3,2.2,60.2,1,,Industrials,815423616.0,191.53
UK,Ucommune International Ltd,2.094,6,16,8,9,4,2,4,49,-3.0,44.0,Weak,Watchlist only,33,3.7,5.8,0.8,49.5,1,,Real Estate,2121986.0,31154.04
URLGX,COLUMBIA SELECT LARGE CAP GROWTH FUND COLUMBIA SELECT LARGE CAP GROWTH FUND CLASS R,2.99,6,10,2,9,4,5,3,39,2.0,44.0,Weak,Watchlist only,43,1.4,0.0,0.3,50.3,0,,nan,0.0,0.0
FCGBX,TEMPLETON GLOBAL BALANCED FUND CLASS C,3.19,18,5,7,9,3,4,4,50,-9.0,44.0,Weak,Watchlist only,67,1.9,1.6,1.4,64.9,0,,nan,0.0,0.0
TAGBX,TEMPLETON GLOBAL BALANCED FUND CLASS A,3.2,18,6,6,9,3,4,4,50,-9.0,44.0,Weak,Watchlist only,66,2.2,1.6,1.5,65.1,0,,nan,0.0,0.0
ITEX,ITEX Corp,3.04,5,7,11,8,0,5,3,39,0.0,44.0,Weak,🔥 COILED: Watchlist only,32,0.0,0.0,0.1,51.1,0,,Financial Services,5498626.0,420.12
CCGPY,C&C Group plc,4.3,12,5,13,17,4,2,5,58,-14.0,44.0,Weak,Watchlist only,39,3.6,3.4,3.5,67.0,0,,Consumer Defensive,448139648.0,886.57
BDWBY,Budweiser Brewing Company APAC Limited,3.34,6,5,9,8,3,4,4,39,0.0,44.0,Weak,🔥 COILED: Watchlist only,23,0.0,-0.5,0.2,48.6,0,,Consumer Defensive,11890254848.0,1728.5
MJWNY,Naked Wines plc,3.85,15,6,6,11,4,2,4,48,-7.0,44.0,Weak,Watchlist only,42,0.0,5.7,2.5,69.9,1,,Consumer Defensive,64449884.0,159.01
MXEGX,GREAT-WEST CORE STRATEGIES: INFLATION-PROTECTED SECURITIES FUND INSTITUTIONAL CLASS,3.76,6,8,7,8,3,4,3,39,2.0,44.0,Weak,Watchlist only,24,0.3,-0.3,-0.0,46.8,0,,nan,nan,0.0
MNSAF,Mineros S.A.,5.062,15,8,2,9,9,1,5,49,-3.0,44.0,Weak,Watchlist only,68,1.2,11.8,4.7,58.7,2,,Basic Materials,1209415296.0,15761.69
SLMUF,SLMUF,4.17,15,6,11,9,6,2,3,52,-13.0,44.0,Weak,🔥 COILED: Watchlist only,46,0.0,0.0,0.0,99.1,0,,Financial Services,nan,36.63
CFEIY,China Feihe Limited,4.39,4,8,9,7,3,5,3,39,0.0,44.0,Weak,🔥 COILED: Watchlist only,36,0.0,0.0,-0.1,45.2,0,,Consumer Defensive,3866564608.0,50.85
NAKA,Nakamoto Inc.,4.75,17,9,5,15,7,4,5,62,-18.0,44.0,Weak,Watchlist only,54,-2.5,17.0,7.1,56.6,3,,Financial Services,86314616.0,339220.03
MCSAX,MFS COMMODITY STRATEGY FUND A,4.3,11,5,4,7,4,1,5,37,2.0,44.0,Weak,🔥 COILED: Watchlist only,42,-2.1,0.2,0.5,53.2,0,,nan,0.0,0.0
MCSQX,MFS Series Trust XV - MFS Commodity Strategy Fund,4.3,11,5,4,7,4,1,5,37,2.0,44.0,Weak,🔥 COILED: Watchlist only,42,-2.1,0.2,0.5,53.2,0,,nan,nan,0.0
HLDTX,THE HARTFORD EMERGING MARKETS LOCAL DEBT FUND CLASS R5,4.63,4,9,8,8,3,4,3,39,2.0,44.0,Weak,Watchlist only,39,0.7,0.0,-0.1,47.4,0,,nan,0.0,0.0
OIBNX,Oppenheimer International Bond R,4.59,7,10,7,9,4,4,3,44,-3.0,44.0,Weak,Watchlist only,34,1.3,0.4,0.3,51.3,0,,nan,0.0,0.0
OIBYX,Oppenheimer International Bond Y,4.6,7,10,7,9,4,4,3,44,-3.0,44.0,Weak,Watchlist only,32,1.3,0.4,0.3,51.4,0,,nan,0.0,0.0
MPFRF,Mapfre S.A,4.86,8,3,11,9,6,4,3,44,-3.0,44.0,Weak,Watchlist only,0,0.0,0.0,0.1,78.8,0,,Financial Services,14890366976.0,0.0
BGKKF,Bangkok Bank Public Company Limited,4.99,8,7,11,9,3,2,3,43,-2.0,44.0,Weak,Watchlist only,0,0.0,0.0,0.0,61.9,0,,Financial Services,8398908928.0,0.0
AACAF,AAC Technologies Holdings Inc,4.8,5,6,10,10,3,4,3,41,0.0,44.0,Weak,Watchlist only,30,0.0,0.0,-0.0,19.6,0,,Technology,5835769856.0,0.0
DHSBF,Dah Sing Banking Group Ltd,1.0,7,6,10,7,3,2,3,38,0.0,43.0,Weak,🔥 COILED: Watchlist only,44,0.0,0.0,0.0,50.0,0,,Financial Services,1405752192.0,3.2
IDSXX,Columbia Funds Series Trust II  - Columbia Government Money Market Fund,1.0,10,7,11,6,4,2,3,43,-8.0,43.0,Weak,🔥 COILED: Watchlist only,47,0.0,0.0,0.0,50.8,0,,nan,nan,0.0
PRSXX,PRSXX,1.0,12,6,5,8,3,4,3,41,2.0,43.0,Weak,Watchlist only,34,0.0,0.0,0.0,55.1,0,,nan,nan,0.0
AMLTF,AMP Ltd,1.3,18,4,6,13,6,4,5,56,-13.0,43.0,Weak,Watchlist only,55,18.2,18.2,11.0,99.9,2,,Financial Services,2225560576.0,0.0
ZLIOF,Zoomlion Heavy Industry Science and Technology Co. Ltd,1.0,9,5,6,12,5,2,4,43,0.0,43.0,Weak,Watchlist only,0,2.0,2.0,1.0,57.7,0,,Industrials,11329121280.0,0.0
LGNRF,Legend Holdings Corporation,1.13,7,6,10,7,3,2,3,38,0.0,43.0,Weak,🔥 COILED: Watchlist only,44,0.0,0.0,0.0,50.0,0,,Technology,2662540800.0,1.04
AURX,Nuo Therapeutics Inc,1.0,11,7,10,9,3,0,3,43,-3.0,43.0,Weak,Watchlist only,36,-2.0,0.0,1.3,51.1,1,,Healthcare,56154124.0,5053.0
CABPF,CAB Payments Holdings Limited,1.06,7,6,8,7,3,4,5,40,0.0,43.0,Weak,Watchlist only,41,0.0,0.0,-0.0,39.2,0,,Financial Services,312251648.0,2180.25
PANHF,Ping An Healthcare and Technology Company Limited,0.97,5,8,4,11,0,5,5,38,2.0,43.0,Weak,Watchlist only,22,5.3,5.3,2.2,49.5,0,,Healthcare,4253251840.0,58.56
PZCUY,PZ Cussons PLC ADR,1.51,8,6,10,8,3,2,3,40,0.0,43.0,Weak,Watchlist only,32,0.0,0.0,-0.0,10.4,1,,Consumer Defensive,317366944.0,0.0
MCCRF,Mccoy Global Inc,1.55,5,11,8,8,4,1,2,39,0.0,43.0,Weak,Watchlist only,24,-0.6,-0.6,-0.2,47.8,0,,Energy,43165048.0,10235.23
TIHRF,Tharisa plc,1.48,4,8,10,7,3,3,3,38,0.0,43.0,Weak,🔥 COILED: Watchlist only,27,0.0,0.0,-0.7,40.5,0,,Basic Materials,511634208.0,921.09
MCBRF,McBride plc,2.72,15,5,6,13,6,6,5,56,-13.0,43.0,Weak,Watchlist only,57,0.0,0.0,6.3,99.9,0,,Consumer Defensive,314388288.0,448.39
EGHT,8x8 Inc Common Stock,1.9,7,10,6,10,4,3,5,45,0.0,43.0,Weak,Watchlist only,29,9.2,1.1,0.9,50.3,0,,Technology,289439040.0,1212294.43
YNAJF,Yantai North Andre Juice Company Limited,2.09,8,6,10,9,3,1,3,40,0.0,43.0,Weak,Watchlist only,0,0.0,0.0,-0.0,2.2,0,,Consumer Defensive,362639776.0,0.0
SPFX,Standard Premium Finance Holdings Inc.,3.15,10,4,3,13,6,2,4,42,0.0,43.0,Weak,Watchlist only,59,-2.8,-2.8,4.7,60.0,1,,Financial Services,5489757.0,543.83
SLGCX,LARGE CAPITALIZATION GROWTH PORTFOLIO LARGE CAPITALIZATION GROWTH PORTFOLIO CLASS C,1.97,5,9,3,9,4,5,3,38,2.0,43.0,Weak,Watchlist only,38,1.5,0.5,0.1,49.8,0,,nan,0.0,0.0
VTCHF,VTCHF,1.91,7,11,9,10,4,2,3,46,-1.0,43.0,Weak,Watchlist only,35,5.3,3.8,2.8,55.8,1,,nan,nan,3655.12
FGROF,FirstGroup plc,2.4,14,9,6,11,6,10,4,60,-13.0,43.0,Weak,Watchlist only,44,0.8,0.8,0.8,97.6,0,,Industrials,1357823488.0,80.0
HUYA,HUYA Inc,2.45,10,8,10,6,2,6,4,46,-8.0,43.0,Weak,🔥 COILED: Watchlist only,25,3.8,2.1,1.4,52.6,1,,Communication Services,588265472.0,1459503.84
ADTI,"Adapti, Inc.",2.56,9,11,2,10,7,2,2,43,-3.0,43.0,Weak,Watchlist only,57,16.3,-12.0,1.8,50.8,1,,Consumer Defensive,25270212.0,246.52
GYYMF,The Gym Group plc,2.67,15,6,10,7,6,4,3,51,-13.0,43.0,Weak,🔥 COILED: Watchlist only,57,0.0,0.0,0.4,100.0,0,,Consumer Cyclical,464552832.0,6.75
ARHVF,Archer Limited,2.5,4,3,10,10,3,7,3,40,0.0,43.0,Weak,Watchlist only,28,0.0,0.0,-0.3,34.4,1,,Energy,290523648.0,0.0
CEBUY,Cebu Air Inc ADR,2.6,15,6,11,7,6,2,4,51,-13.0,43.0,Weak,🔥 COILED: Watchlist only,56,0.0,0.0,0.3,100.0,0,,Industrials,311274016.0,44.28
TSRYF,Treasury Wine Estates Ltd,3.38,16,6,13,13,3,4,5,60,-17.0,43.0,Weak,Watchlist only,48,9.0,9.0,7.2,69.6,3,,Consumer Defensive,2503964672.0,1781.5
KOS,Kosmos Energy Ltd,2.69,14,12,7,15,4,4,5,61,-16.0,43.0,Weak,Watchlist only,50,2.3,20.1,9.6,57.7,3,,Energy,1791431552.0,17266117.08
CTNR,Central Natural Resources Inc,3.05,13,6,12,9,6,2,3,51,-13.0,43.0,Weak,🔥 COILED: Watchlist only,35,0.0,0.0,0.0,98.7,0,,Energy,8915078.0,246.5
HRST,Harvest Oil & Gas Corp,3.13,13,8,12,7,0,1,4,45,-7.0,43.0,Weak,🔥 COILED: Watchlist only,45,0.0,0.0,0.3,67.7,1,,Energy,3172011.0,43.13
TZINX,TEMPLETON GLOBAL BALANCED FUND ADVISOR CLASS,3.22,18,5,6,9,3,4,4,49,-9.0,43.0,Weak,Watchlist only,66,2.2,1.6,1.5,65.0,0,,nan,0.0,0.0
RAAQW,Real Asset Acquisition Corp.,4.9,19,10,5,16,6,8,5,69,-26,43,Weak,Watchlist only,74,276.9,276.9,172.8,75.1,2,4,nan,nan,52942.71
BBD,Banco Bradesco SA ADR,3.61,8,10,7,12,5,1,5,48,-3.0,43.0,Weak,Watchlist only,40,0.3,2.0,0.9,53.3,0,,Financial Services,35624357888.0,39989919.45
NISTF,Nippon Steel Corporation,3.942,14,13,4,9,6,3,5,54,-11.0,43.0,Weak,Watchlist only,47,8.0,5.8,7.2,62.8,0,,Basic Materials,17873924096.0,74375.32
MZDAY,Mazda Motor Corp ADR,3.61,14,7,1,10,3,3,5,43,0.0,43.0,Weak,Watchlist only,60,6.8,3.7,2.9,55.9,0,,Consumer Cyclical,4276687872.0,51183.45
ZURA,Zura Bio Limited Class A Ordinary Shares,5.43,12,7,9,10,5,4,5,52,-9.0,43.0,Weak,Watchlist only,62,3.8,-0.4,3.0,54.7,2,,Healthcare,366239552.0,975387.5
RPAY,Repay Holdings Corp,4.0,18,10,9,6,7,3,2,55,-15.0,43.0,Weak,Watchlist only,63,5.3,3.1,2.5,54.5,1,,Technology,327683008.0,1245835.7
BLMC,Biloxi Marsh Lands Corp,3.5,14,6,10,9,6,3,3,51,-13.0,43.0,Weak,🔥 COILED: Watchlist only,56,0.0,0.0,0.6,99.5,1,,Energy,6137318.0,0.0
NWL,Newell Brands Inc,5.6,15,12,4,10,8,2,2,53,-6.0,43.0,Weak,Watchlist only,62,10.2,7.1,7.1,60.1,1,,Consumer Defensive,1631722624.0,7358579.28
KAUCX,FEDERATED KAUFMANN FUND CLASS C SHARES,3.84,8,9,1,7,8,1,2,36,2.0,43.0,Weak,🔥 COILED: Watchlist only,44,0.8,0.3,-0.3,49.3,0,,nan,0.0,0.0
GLOH,Glow Holdings Inc,3.75,10,7,11,7,3,2,3,43,-5.0,43.0,Weak,🔥 COILED: Watchlist only,47,0.0,0.0,0.0,51.9,1,,Financial Services,7964186.0,287.5
HRASF,Hera S.p.A,4.1,7,6,10,7,3,2,3,38,0.0,43.0,Weak,🔥 COILED: Watchlist only,51,0.0,0.0,0.0,50.0,0,,Utilities,6061331968.0,10.84
RMNI,Rimini Street Inc,4.81,19,5,6,10,5,4,5,54,-12.0,43.0,Weak,Watchlist only,67,9.1,3.7,4.0,60.0,0,,Technology,388289216.0,338637.81
AHT-P-H,Ashford Hospitality Trust Inc 7.50% Series H Cumulative Preferred Stock,5.33,12,16,9,4,5,4,3,53,-8.0,43.0,Weak,Watchlist only,35,-0.7,2.6,2.8,55.5,1,,Other,nan,5587.9
DELHY,Delivery Hero SE,4.29,13,5,9,14,7,5,5,58,-16.0,43.0,Weak,Watchlist only,63,0.7,-2.3,1.0,56.4,1,,Consumer Cyclical,13334587392.0,237123.82
CFWFF,Calfrac Well Services Ltd,4.34,3,12,8,7,6,0,4,40,2.0,43.0,Weak,Watchlist only,43,-4.0,-1.6,-1.8,44.2,0,,Energy,486282560.0,10627.97
MCSTX,MFS Commodity Strategy Fund Class R4,4.31,10,5,4,7,1,1,5,33,2.0,43.0,Weak,🔥 COILED: Watchlist only,42,-2.0,0.2,0.4,52.5,0,,nan,nan,0.0
SINGF,Singapore Airlines Ltd,5.8,11,3,5,14,6,5,4,48,-10.0,43.0,Weak,🔥 COILED: Watchlist only,59,-4.8,2.5,0.1,52.5,0,,Industrials,16668178432.0,0.0
ZTG,Zenta Group Company Limited,4.4,19,8,6,17,8,2,5,65,-27.2,42.8,Weak,Watchlist only,0,35.0,49.7,47.3,73.6,2,,Industrials,30821068.0,0.0
RANKF,The Rank Group Plc,1.5,15,6,11,9,4,2,3,50,-13.0,42.0,Weak,🔥 COILED: Watchlist only,51,0.0,0.0,2.1,99.9,0,,Consumer Cyclical,491516672.0,0.0
JOFXX,JPMorgan Trust IV - Institutional Tax Free Money Market Fund,1.0,12,7,10,6,4,2,3,44,-10.0,42.0,Weak,🔥 COILED: Watchlist only,38,0.0,0.0,0.0,51.9,0,,nan,nan,0.0
WAAXX,Western Asset Premier Institutional Liquid Reserves Capital Shares,1.0,13,7,10,6,6,2,3,47,-10.0,42.0,Weak,🔥 COILED: Watchlist only,44,0.0,0.0,0.0,55.2,0,,nan,nan,0.0
DBLXX,DBLXX,3.558,13,5,9,9,6,3,5,50,-13.0,42.0,Weak,🔥 COILED: Watchlist only,57,0.6,0.8,6.4,55.7,0,,nan,nan,0.0
PBTDF,Plover Bay Technologies Limited,1.07,8,8,4,8,4,3,2,37,2.0,42.0,Weak,Watchlist only,42,0.0,0.0,-0.3,47.1,0,,Technology,1260582272.0,900.2
PECN,Photoelectron Corp,1.087,12,5,4,14,1,1,5,42,-5.0,42.0,Weak,🔥 COILED: Watchlist only,31,-4.6,1.7,0.4,51.7,1,,Healthcare,20110000.0,17.03
AHG,Akso Health Group ADR,1.57,9,8,10,11,5,3,4,50,-6.0,42.0,Weak,Watchlist only,27,4.0,4.0,4.1,54.9,2,,Healthcare,1311185792.0,52050.48
ALXO,Alx Oncology Holdings ,1.94,8,10,7,10,5,0,2,42,-3.0,42.0,Weak,Watchlist only,50,-4.4,-7.6,-2.5,47.5,1,,Healthcare,209918128.0,699630.26
KMRK,K-Tech Solutions Company Limited Class A Ordinary Shares,1.07,9,14,7,7,3,2,5,47,-3.0,42.0,Weak,Watchlist only,25,8.1,0.0,-0.1,46.5,1,,Consumer Cyclical,40090000.0,125010.36
UNLRY,Unilever Indonesia Tbk PT ADR,2.07,9,3,7,14,3,1,5,42,0.0,42.0,Weak,Watchlist only,40,-4.6,-3.7,0.4,52.8,0,,Consumer Defensive,3814257920.0,0.0
FRZCF,Frasers Centrepoint Trust,1.73,8,4,10,7,3,2,3,37,0.0,42.0,Weak,🔥 COILED: Watchlist only,40,0.0,0.0,-0.0,44.4,0,,Real Estate,3525435904.0,228.81
CSTE,Caesarstone Ltd,2.09,8,9,6,9,9,2,2,45,-1.0,42.0,Weak,Watchlist only,59,0.0,-8.7,-3.7,47.0,1,,Industrials,59818344.0,459980.86
COTY,Coty Inc,2.75,13,8,5,15,6,2,5,54,-12.0,42.0,Weak,Watchlist only,48,3.8,5.4,8.5,67.0,1,,Consumer Defensive,1628862976.0,8080208.55
PRPS,Propellus Inc,2.25,16,9,11,13,7,9,5,70,-28.0,42.0,Weak,Watchlist only,58,2.7,2.3,2.9,82.1,1,,Financial Services,17542234.0,761.0
PHDWY,PT Ace Hardware Indonesia Tbk,1.973,5,6,9,9,3,3,4,39,0.0,42.0,Weak,Watchlist only,17,0.0,0.0,-0.6,18.8,0,,Consumer Cyclical,342407808.0,1.03
MHGU,Meritage Hospitality Group Inc,2.25,7,10,6,7,8,0,2,40,-1.0,42.0,Weak,Watchlist only,35,-2.2,-2.2,-0.9,48.0,2,,Consumer Cyclical,14015943.0,7841.49
PMDI,Psychemedics Corporation,2.49,15,6,12,8,6,5,3,55,-18.0,42.0,Weak,🔥 COILED: Watchlist only,64,0.0,0.0,0.9,80.4,1,,Healthcare,13440905.0,2681.28
MITFF,Mitie Group plc,2.71,17,9,5,14,7,0,5,57,-15.0,42.0,Weak,Watchlist only,63,-2.5,35.5,8.9,66.4,2,,Industrials,2872730112.0,0.0
DRAFX,Destinations Real Assets Fund,2.77,14,5,4,7,1,2,4,37,0.0,42.0,Weak,🔥 COILED: Watchlist only,49,-1.4,0.4,0.2,52.8,0,,nan,0.0,0.0
MLYNF,Malayan Banking Berhad,2.85,15,6,11,7,6,2,3,50,-13.0,42.0,Weak,🔥 COILED: Watchlist only,44,0.0,0.0,0.3,92.3,0,,Financial Services,31942289408.0,0.0
COTGF,COTGF,3.47,15,4,9,6,6,2,5,47,-10.0,42.0,Weak,🔥 COILED: Watchlist only,44,0.0,0.0,1.1,57.5,0,,Technology,249815760.0,4545.42
TRTI,Transtech Industries Inc,2.85,16,9,11,10,6,4,5,61,-15.0,42.0,Weak,Watchlist only,48,3.6,3.6,2.5,65.4,1,,Industrials,8341760.0,1754.79
MBRFY,Marfrig Global Foods S.A.,3.44,15,9,5,13,5,7,5,59,-17.0,42.0,Weak,Watchlist only,32,17.0,18.2,10.2,60.5,3,,Consumer Defensive,4288926976.0,375939.01
RADLY,Raia Drogasil SA ADR,3.68,11,11,4,14,3,1,5,49,-10.0,42.0,Weak,🔥 COILED: Watchlist only,42,4.2,1.5,2.6,54.1,1,,Healthcare,5979994112.0,19503.0
TKECY,Tokyo Electric Power Co,3.2,10,6,6,12,2,3,5,44,-3.0,42.0,Weak,Watchlist only,25,2.2,9.2,3.3,55.4,2,,Utilities,5224808960.0,2657.75
TMVWY,TeamViewer AG,3.64,18,4,7,15,4,2,5,55,-13.0,42.0,Weak,Watchlist only,47,17.0,19.7,12.4,82.5,2,,Technology,1132019456.0,6342.03
DLTH,Duluth Holdings Inc,4.08,6,12,8,7,7,2,2,44,-5.0,42.0,Weak,🔥 COILED: Watchlist only,53,-2.9,-4.4,-2.9,46.4,1,,Consumer Cyclical,126587272.0,532318.03
RTOXF,Rotork plc,6.06,17,5,6,14,3,5,5,55,-13.0,42.0,Weak,Watchlist only,53,1.0,-6.6,9.6,66.0,0,,Industrials,3009803264.0,0.0
THFWF,FW Thorpe Plc,3.85,13,6,12,8,6,2,3,50,-13.0,42.0,Weak,🔥 COILED: Watchlist only,45,0.0,0.0,0.2,98.8,0,,Industrials,549960896.0,9.5
GRCLF,GrainCorp Limited,4.4,18,7,8,15,5,2,5,60,-18.0,42.0,Weak,Watchlist only,44,17.3,25.7,16.2,71.7,3,,Consumer Defensive,869285504.0,0.0
ANTX,AN2 Therapeutics Inc,5.35,16,10,7,14,7,5,5,64,-22.0,42.0,Weak,Watchlist only,60,8.7,14.3,9.5,64.4,3,,Healthcare,150187392.0,517857.7
MAYX,Mayex USA Inc,4.2,9,4,8,7,3,5,3,39,0.0,42.0,Weak,Watchlist only,39,0.0,0.0,-0.2,2.5,0,,Financial Services,5460000.0,57.73
XIGRX,Voya Clarion Global Re Incm Fd,4.67,9,4,6,7,3,4,4,37,0.0,42.0,Weak,🔥 COILED: Watchlist only,41,-1.5,-2.1,-0.3,49.8,0,,Other,0.0,0.0
ILKAF,Iluka Resources Limited,4.25,6,12,8,8,2,4,2,42,-3.0,42.0,Weak,Watchlist only,33,0.5,-1.2,-3.8,43.1,1,,Basic Materials,2539924224.0,44604.65
FINV,FinVolution Group,4.85,11,8,8,12,5,2,4,50,-8.0,42.0,Weak,Watchlist only,43,2.1,1.9,0.8,52.0,0,,Financial Services,1206440320.0,1430149.71
RSGUF,Rogers Sugar Inc,4.98,14,5,7,15,3,1,5,50,-9.0,42.0,Weak,Watchlist only,51,-0.6,0.4,0.3,58.0,0,,Consumer Defensive,631070272.0,17640.82
EDTXF,Spectral Med Inc,0.989,11,5,5,11,1,3,5,41,-3.0,41.0,Weak,Watchlist only,57,1.3,-2.1,1.2,54.5,1,,Healthcare,297820256.0,10643.46
CLNXX,Columbia Funds Series Trust II - Columbia Money Market Fund,1.0,10,7,11,6,4,2,3,43,-10.0,41.0,Weak,🔥 COILED: Watchlist only,47,0.0,0.0,0.0,50.8,0,,nan,nan,0.0
INHD,Inno Holdings Inc. Common Stock,39.49,19,9,7,15,7,2,5,64,-23,41,Weak,Watchlist only,65,3009.4,2869.2,384.7,98.2,4,7,Basic Materials,5379631.0,368198.32
ICON,Icon Energy Corp.,1.04,15,12,6,13,4,3,3,56,-18.0,41.0,Weak,Watchlist only,41,10.6,17.4,5.0,53.1,3,,Industrials,3567616.0,383002.78
PTMEY,Media Nusantara Citra Tbk PT ADR,1.168,8,3,10,9,3,2,3,38,0.0,41.0,Weak,Watchlist only,27,0.0,0.0,-0.0,10.1,0,,Communication Services,154493248.0,216.31
AIRJW,AirJoule Technologies Corporation,1.12,15,15,5,5,6,0,2,48,-10.0,41.0,Weak,🔥 COILED: Watchlist only,47,2.8,28.8,5.6,53.8,2,,nan,nan,39080.29
DCMDF,DATA Communications Management Corp,1.992,17,1,5,14,6,6,5,54,-13.0,41.0,Weak,Watchlist only,70,4.0,10.1,13.6,77.3,2,,Industrials,69133128.0,6000.0
CBUS,Cibus Global LLC,1.93,11,4,4,14,5,3,5,46,-5.0,41.0,Weak,Watchlist only,50,13.5,7.8,6.8,58.4,2,,Healthcare,113363976.0,422369.85
OLNCF,Omni-Lite Industries Canada Inc,1.49,13,5,9,4,6,5,2,44,-8.0,41.0,Weak,🔥 COILED: Watchlist only,61,0.0,-1.3,0.1,55.9,0,,Industrials,20430386.0,21060.22
GLBXF,Globex Mining Enterprises Inc,1.33,4,15,7,8,4,2,2,42,-1.0,41.0,Weak,Watchlist only,22,-5.0,3.9,-1.1,47.1,0,,Basic Materials,82048088.0,41628.89
RAPH,Raphael Pharmaceutical Inc.,1.4,12,6,11,8,3,6,3,49,-8.0,41.0,Weak,Watchlist only,55,0.0,0.0,0.0,76.9,1,,Healthcare,28246984.0,14.69
SMHGF,SMHGF,1.489,10,3,10,7,3,2,3,38,0.0,41.0,Weak,Watchlist only,45,0.0,0.0,-0.0,3.3,0,,Healthcare,3825203456.0,5.5
ZZHGF,ZhongAn Online P & C Insurance Co. Ltd,1.5,8,4,9,9,3,2,3,38,0.0,41.0,Weak,Watchlist only,29,0.0,0.0,-0.0,0.0,0,,Financial Services,2527219456.0,0.88
INCPF,InnoCare Pharma Limited,1.55,8,3,10,9,3,2,3,38,0.0,41.0,Weak,Watchlist only,29,0.0,0.0,-0.0,0.0,0,,Healthcare,2731344640.0,28.0
HBMHF,HBM Holdings Limited,1.56,8,3,10,9,3,2,3,38,0.0,41.0,Weak,Watchlist only,34,0.0,0.0,-0.0,0.1,0,,Healthcare,1303004544.0,111.48
DHY,Credit Suisse High Yield Bond Fund,1.75,5,8,3,7,9,4,3,39,4.0,41.0,Weak,Watchlist only,29,1.7,0.6,-0.1,49.3,1,,Financial Services,217378800.0,640456.26
DRMTY,Dr. Martens plc,2.08,17,5,7,8,6,6,5,54,-13.0,41.0,Weak,Watchlist only,66,4.0,4.0,4.2,83.0,0,,Consumer Cyclical,875734208.0,986.58
SDM,Smart Digital Group Limited Ordinary Shares,1.85,7,3,10,9,0,6,3,38,0.0,41.0,Weak,Watchlist only,28,0.0,0.0,-0.0,28.7,0,,Communication Services,58691252.0,403288.0
HMDCF,HUTCHMED (China) Limited,2.16,7,5,7,7,3,3,2,34,2.0,41.0,Weak,🔥 COILED: Watchlist only,20,0.0,0.0,-0.7,46.9,0,,Healthcare,1857063936.0,87.05
QUEXF,Q2 Metals Corp.,1.868,7,10,6,12,3,2,2,42,-1.0,41.0,Weak,Watchlist only,57,2.6,2.6,-0.2,47.1,2,,Basic Materials,426579008.0,35922.09
ADBRF,Aldebaran Resources Inc,1.96,5,10,7,11,3,4,5,45,-4.0,41.0,Weak,Watchlist only,40,0.5,5.9,2.9,53.2,1,,Basic Materials,431883744.0,57058.46
GLBS,Globus Maritime Ltd,2.87,14,5,3,12,5,0,2,41,-3.0,41.0,Weak,🔥 COILED: Watchlist only,57,-4.7,3.6,-0.1,51.3,1,,Industrials,45754472.0,118808.53
CMCLF,China Molybdenum Co. Ltd,2.1,6,6,2,11,5,6,5,41,0.0,41.0,Weak,Watchlist only,31,1.0,-2.3,-1.4,48.3,0,,Basic Materials,58512740352.0,18947.43
FWEDF,Fireweed Zinc Ltd,2.158,6,13,5,9,4,2,2,41,-3.0,41.0,Weak,Watchlist only,24,9.5,3.2,0.2,46.4,2,,Basic Materials,703001792.0,53147.69
VIMGF,Vimian Group AB (publ),2.77,8,3,10,7,3,4,3,38,0.0,41.0,Weak,Watchlist only,42,0.0,0.0,-0.0,0.0,0,,Healthcare,1466058496.0,392.85
KPGHF,Kelly Partners Group Holdings Limited,2.825,12,14,8,6,4,5,5,54,-13.0,41.0,Weak,Watchlist only,31,4.2,9.5,3.5,54.8,1,,Industrials,134466624.0,13980.22
GUER,Guerrilla RF Inc.,2.84,6,9,9,8,5,2,2,41,-3.0,41.0,Weak,Watchlist only,50,1.4,5.2,0.4,50.6,1,,Technology,31099568.0,3710.27
PUMSY,PUMA SE,3.12,4,4,8,13,3,7,4,43,-5.0,41.0,Weak,Watchlist only,52,-0.7,-4.1,-2.2,46.3,1,,Consumer Cyclical,4801663488.0,43979.23
PRKWF,Parkway Life Real Estate Investment Trust,3.2,9,7,11,8,0,2,3,40,-2.0,41.0,Weak,Watchlist only,50,0.0,0.0,0.0,61.0,0,,Real Estate,2088489984.0,0.0
LRMR,Larimar Therapeutics Inc,3.82,9,8,6,11,7,0,5,46,-5.0,41.0,Weak,Watchlist only,34,-4.5,3.2,1.2,52.2,1,,Healthcare,341774848.0,2672598.29
VDTA,"Vertical Data, Inc",3.638,9,6,2,11,7,2,2,39,2.0,41.0,Weak,Watchlist only,0,7.9,-12.6,-1.2,50.2,0,,Technology,125638808.0,0.0
OPSIX,Oppenheimer Strat Income Fund,3.12,7,10,5,8,4,4,3,41,-3.0,41.0,Weak,Watchlist only,29,1.3,0.3,0.1,50.3,0,,nan,0.0,0.0
FPAFY,First Pacific Company Ltd,3.59,16,6,7,13,1,2,5,50,-7.0,41.0,Weak,Watchlist only,40,3.2,5.9,4.5,69.9,0,,Consumer Defensive,2812999168.0,49515.26
ASCOF,Ascopiave S.p.A,3.33,8,4,9,9,3,2,3,38,0.0,41.0,Weak,Watchlist only,33,0.0,0.0,-0.0,0.0,0,,Utilities,720738048.0,1.0
PBM,Psyence Biomedical Ltd. Common Shares,3.17,12,5,7,9,2,6,5,46,-5.0,41.0,Weak,Watchlist only,44,7.5,3.3,2.7,50.8,1,,Healthcare,9058563.0,965384.84
SBSTX,WESTERN ASSET SHORT-TERM BOND FUND CLASS A,3.66,6,9,3,8,3,4,3,36,2.0,41.0,Weak,Watchlist only,29,0.3,-0.3,-0.0,46.3,0,,nan,0.0,0.0
SSII,SS Innovations International Inc. Common Stock,3.98,15,12,7,6,5,3,5,53,-13.0,41.0,Weak,Watchlist only,35,14.5,9.3,6.1,57.8,2,,Healthcare,862566912.0,81070.59
LALDX,LORD ABBETT SHORT DURATION INCOME FUND CLASS A,3.83,6,8,4,8,3,4,3,36,2.0,41.0,Weak,Watchlist only,29,0.3,0.0,-0.0,46.7,0,,nan,0.0,0.0
CYRBY,Cyrela Brazil Realty SA,4.29,6,5,7,12,4,2,2,38,0.0,41.0,Weak,Watchlist only,23,-6.5,-9.3,-2.3,48.3,0,,Consumer Cyclical,1476377856.0,11084.08
MGLUY,Magazine Luiza S.A,3.915,6,16,5,6,3,5,5,46,-8.0,41.0,Weak,Watchlist only,30,9.1,3.6,3.4,52.1,1,,Consumer Cyclical,1021243008.0,405.52
GTN,Gray Television Inc,4.04,10,5,6,8,2,4,3,38,0.0,41.0,Weak,Watchlist only,23,2.0,2.0,0.6,51.0,1,,Communication Services,414036000.0,1265964.93
MWUIX,METROPOLITAN WEST ULTRA SHORT BOND FUND CLASS I,4.17,7,7,6,8,3,4,3,38,0.0,41.0,Weak,Watchlist only,33,0.2,0.0,0.0,50.5,0,,nan,0.0,0.0
MWUSX,METROPOLITAN WEST ULTRA SHORT BOND FUND CLASS M,4.16,7,6,7,8,4,4,3,39,2.0,41.0,Weak,Watchlist only,34,0.2,0.0,0.1,55.5,0,,nan,0.0,0.0
XCXEX,MFS High Income Municipal Trust,4.1,10,7,11,6,4,2,3,43,-10.0,41.0,Weak,🔥 COILED: Watchlist only,47,0.0,0.0,0.0,54.5,0,,Other,0.0,0.0
TELFY,"Telefónica, S.A.",4.1,7,8,6,9,4,2,4,40,0.0,41.0,Weak,Watchlist only,38,2.0,0.0,0.2,49.2,2,,Communication Services,25539770368.0,794203.4
MAKSF,Marks and Spencer Group PLC,5.05,18,4,10,13,6,2,5,58,-13.0,41.0,Weak,Watchlist only,61,0.0,6.3,4.6,81.5,0,,Consumer Cyclical,8877057024.0,6746.69
WMGTF,Wilmington plc,4.479,8,4,9,7,3,2,3,36,0.0,41.0,Weak,🔥 COILED: Watchlist only,42,0.0,0.0,-0.0,43.9,0,,Consumer Defensive,401142816.0,7.34
BSAI,BSAI,7.27,12,8,4,9,6,4,5,48,-5.0,41.0,Weak,Watchlist only,68,3.9,-3.1,12.4,57.7,1,,Basic Materials,121213648.0,1123.23
MCSFX,MFS Commodity Strategy Fund Class B,4.28,11,5,4,7,1,1,5,34,2.0,41.0,Weak,🔥 COILED: Watchlist only,44,-2.1,0.2,0.3,52.3,0,,nan,nan,0.0
OPHLY,Ono Pharmaceutical Co Ltd,5.03,17,8,9,7,3,3,4,51,-11.0,41.0,Weak,Watchlist only,51,2.0,2.0,2.0,56.9,0,,Healthcare,6400777728.0,65242.43
NEXPF,Nexi S.p.A,4.5,6,7,7,10,3,3,2,38,0.0,41.0,Weak,Watchlist only,40,0.0,0.0,-0.4,34.0,1,,Technology,5463928832.0,509.47
BNEFF,Bonterra Energy Corp,4.08,9,16,7,5,3,6,5,51,-11.0,41.0,Weak,Watchlist only,34,0.2,6.5,2.4,52.1,1,,Energy,180214624.0,21571.68
OPTH,Optimi Health Corp. Common Shares,4.85,12,12,7,6,6,5,3,51,-11.0,41.0,Weak,Watchlist only,63,3.6,-3.2,3.3,54.7,1,,Healthcare,31926978.0,22551.52
BUGDF,Bumrungrad Hospital PCL DRC,4.75,6,4,11,7,3,2,3,36,0.0,41.0,Weak,🔥 COILED: Watchlist only,39,0.0,0.0,0.0,50.8,0,,Healthcare,4292819712.0,0.0
MLLCF,Molecular Partners AG,3.8,7,3,6,7,6,7,5,41,-5.0,41.0,Weak,🔥 COILED: Watchlist only,54,0.0,0.0,-0.5,45.6,1,,Healthcare,181929136.0,78.0
HLDYX,THE HARTFORD EMERGING MARKETS LOCAL DEBT FUND CLASS Y,4.85,4,8,8,8,3,4,3,38,0.0,41.0,Weak,Watchlist only,41,0.6,0.0,-0.1,47.9,0,,nan,0.0,0.0
PRELX,T. ROWE PRICE EMERGING MARKETS LOCAL CURRENCY BOND FUND T. ROWE PRICE EMERGING MARKETS LOCAL CURRENCY BOND FUND,5.02,7,8,7,8,4,4,3,41,-3.0,41.0,Weak,Watchlist only,39,1.2,0.4,0.3,53.0,0,,nan,0.0,0.0
NUVB-WS,NUVB-WS,6.33,14,5,5,14,3,3,5,49,-8.0,41.0,Weak,Watchlist only,55,-1.4,9.1,1.9,55.7,1,,nan,nan,6239713.3
ITIPF,iShares II Public Limited Company - iShares $ Tips 0-5 UCITS ETF,4.91,2,14,2,10,3,3,3,37,4.0,41.0,Weak,Watchlist only,31,0.3,0.6,-0.1,46.3,0,,nan,nan,32186.64
JOCXX,JPMorgan Trust IV - Institutional Tax Free Money Market Fund,1.0,10,7,10,6,4,2,3,42,-10.0,40.0,Weak,🔥 COILED: Watchlist only,38,0.0,0.0,0.0,51.9,0,,nan,nan,0.0
MAVXX,Morgan Stanley Institutional Liquidity Funds - Prime Portfolio,1.0,8,6,5,8,4,4,3,38,2.0,40.0,Weak,Watchlist only,36,0.0,0.0,0.0,55.0,0,,nan,nan,0.0
OMZNF,Osisko Metals Incorporated,1.16,3,14,5,10,7,2,2,43,-3.0,40.0,Weak,Watchlist only,42,-0.9,6.6,-0.3,48.7,1,,Basic Materials,988627776.0,113344.76
ALZN,Alzamend Neuro Inc,1.31,12,4,4,14,5,5,5,49,-9.0,40.0,Weak,Watchlist only,35,-1.5,8.3,2.8,55.7,2,,Healthcare,4337404.0,108419.49
GPSAF,GPSAF,1.23,5,4,10,8,3,2,3,35,0.0,40.0,Weak,🔥 COILED: Watchlist only,31,0.0,0.0,0.0,50.0,0,,nan,609934848.0,50.0
RNLXY,Renalytix Plc,1.9,7,7,9,10,7,0,5,45,-5.0,40.0,Weak,Watchlist only,55,0.0,2.7,2.9,56.8,1,,nan,294987616.0,2878.44
PPKRF,PPKRF,1.3,5,4,9,9,3,2,3,35,0.0,40.0,Weak,🔥 COILED: Watchlist only,39,0.0,0.0,0.0,50.0,0,,Consumer Cyclical,4795471872.0,1.0
CJEWF,Chow Tai Fook Jewellery Group Ltd,1.4,4,3,10,9,3,5,3,37,0.0,40.0,Weak,Watchlist only,29,0.0,0.0,-0.4,10.0,0,,Consumer Cyclical,18743394304.0,0.0
DWTX,"Dogwood Therapeutics, Inc.",1.64,13,14,7,10,5,3,5,57,-15.0,40.0,Weak,Watchlist only,30,9.3,18.8,8.8,61.3,3,,Healthcare,54143580.0,285429.12
CUBT,Curative Biotechnology Inc,1.48,17,14,5,16,4,5,5,66,-26,40,Weak,Watchlist only,59,48.0,48.0,27.6,59.6,4,,Healthcare,11870842.0,1599.37
MIMSX,BNY MELLON MID CAP MULTI-STRATEGY FUND INVESTOR SHARES,1.83,11,7,9,4,6,2,3,42,-10.0,40.0,Weak,🔥 COILED: Watchlist only,28,0.0,0.0,0.1,52.0,0,,nan,0.0,0.0
CAMLF,Central Asia Metals plc,1.91,13,8,11,6,3,1,5,47,-12.0,40.0,Weak,🔥 COILED: Watchlist only,28,0.0,3.2,1.8,63.1,1,,Basic Materials,316956544.0,1019.96
SDCHD,"SideChannel, Inc.",1.841,5,10,4,8,4,2,3,36,4.0,40.0,Weak,Watchlist only,46,0.6,-0.5,-0.8,47.2,1,,Technology,8893424.0,2927.09
HWGLF,Harworth Group plc,2.07,5,4,9,9,3,2,3,35,0.0,40.0,Weak,🔥 COILED: Watchlist only,38,0.0,0.0,0.0,50.0,0,,Real Estate,673164672.0,3.0
DMTRF,3-D Matrix Ltd,2.5,11,7,10,5,4,5,5,47,-15.0,40.0,Weak,🔥 COILED: Watchlist only,33,0.0,0.0,0.8,54.0,1,,Healthcare,270478144.0,460.73
CHHHF,CareRx Corporation,2.643,18,10,11,11,4,3,5,62,-18.0,40.0,Weak,Watchlist only,52,10.0,10.0,8.5,76.0,3,,Healthcare,146562608.0,0.0
SERA,Sera Prognostics Inc,2.04,8,6,7,11,7,4,4,47,-7.0,40.0,Weak,Watchlist only,37,-0.5,-0.5,-0.7,50.0,1,,Healthcare,89086104.0,59540.5
USEA,United Maritime Corporation,2.63,17,10,5,9,7,5,3,56,-16.0,40.0,Weak,Watchlist only,64,3.1,4.4,1.4,53.4,1,,Industrials,24322254.0,58416.78
AYTU,Aytu BioScience Inc,2.23,10,14,6,5,4,2,4,45,-11.0,40.0,Weak,Watchlist only,34,3.2,3.7,3.0,54.9,1,,Healthcare,24149718.0,104852.28
GBGPF,GB Group plc,2.62,8,3,10,8,3,2,3,37,0.0,40.0,Weak,Watchlist only,28,0.0,0.0,-0.0,0.0,0,,Technology,605126208.0,560.31
FNCFX,FRANKLIN INCOME FUND CLASS R6,2.54,14,6,7,6,4,7,3,47,-10.0,40.0,Weak,Watchlist only,50,0.4,0.0,0.1,51.8,0,,nan,0.0,0.0
MEDXF,Medexus Pharmaceuticals Inc,3.564,12,11,5,10,6,5,3,52,-13.0,40.0,Weak,Watchlist only,65,0.3,-3.1,2.3,57.6,1,,Healthcare,82394160.0,12016.1
CRWS,Crown Crafts Inc,2.95,9,8,7,12,5,3,3,47,-10.0,40.0,Weak,Watchlist only,50,-1.3,-1.3,-0.3,50.9,1,,Consumer Cyclical,28777048.0,42323.21
LNVGF,Lenovo Group,3.01,14,11,3,4,6,2,5,45,-8.0,40.0,Weak,🔥 COILED: Watchlist only,55,-2.9,6.7,2.2,54.1,0,,Technology,38330396672.0,116462.71
TSRYY,Treasury Wine Estates Ltd PK,3.42,14,7,6,9,3,6,5,50,-10.0,40.0,Weak,Watchlist only,59,5.2,5.2,4.6,61.0,1,,Consumer Defensive,2692293632.0,385721.62
DNERF,Downer EDI Limited,3.0,8,3,9,9,3,2,3,37,0.0,40.0,Weak,Watchlist only,33,0.0,0.0,-0.0,0.0,0,,Industrials,1984904192.0,3.8
OSICX,Oppenheimer Strategic Income Fund C,3.11,6,10,5,8,4,4,3,40,-3.0,40.0,Weak,Watchlist only,29,1.0,0.0,0.1,49.6,0,,nan,0.0,0.0
OSINX,Oppenheimer Strat Incm N,3.12,6,10,5,8,4,4,3,40,-3.0,40.0,Weak,Watchlist only,29,1.0,0.0,0.1,49.7,0,,nan,0.0,0.0
FMAXPX,FMAXPX,3.134,9,11,5,8,3,4,3,43,-3.0,40.0,Weak,Watchlist only,39,0.2,0.2,0.1,56.6,0,,nan,nan,0.0
IMMQF,Immobiliare Grande Distribuzione SIIQ S.p.A,3.46,7,6,10,9,3,2,3,40,-5.0,40.0,Weak,🔥 COILED: Watchlist only,44,0.0,0.0,0.0,50.0,1,,Real Estate,381783008.0,22.44
SGAMY,Sega Sammy Holdings Inc ADR,4.21,14,5,6,11,3,3,5,47,-5.0,40.0,Weak,Watchlist only,51,12.6,8.8,7.1,62.3,2,,Communication Services,3040475648.0,7039.77
POELF,The Navigator Company S.A,3.6,8,3,9,9,3,2,3,37,0.0,40.0,Weak,Watchlist only,29,0.0,0.0,-0.0,0.0,0,,Basic Materials,2560258816.0,354.28
ALVO,Alvotech,4.12,16,13,8,14,6,2,5,64,-25.0,40.0,Weak,Watchlist only,44,34.6,19.1,19.3,67.6,3,,Healthcare,979831680.0,516453.05
NMCCX,VOYA MIDCAP OPPORTUNITIES FUND CLASS C,3.6,3,9,3,7,6,5,2,35,2.0,40.0,Weak,Watchlist only,30,-0.3,-1.1,-1.1,44.6,0,,nan,0.0,0.0
NABL,N-Able Inc,4.68,10,11,6,15,4,7,5,58,-16.0,40.0,Weak,Watchlist only,42,14.7,-1.9,8.5,59.5,1,,Technology,723372608.0,1193957.3
JRNGF,Journey Energy Inc,3.21,6,14,10,6,3,6,5,50,-8.0,40.0,Weak,Watchlist only,32,-0.3,2.9,2.7,51.3,0,,Energy,295566784.0,92477.05
WXIBF,WuXi Biologics,4.6,12,7,7,3,6,5,5,45,-10.0,40.0,Weak,🔥 COILED: Watchlist only,49,0.0,0.0,1.0,58.4,0,,Healthcare,18193782784.0,3877.83
ACRS,Aclaris Therapeutics Inc,5.2,12,4,8,12,5,2,2,45,-5.0,40.0,Weak,Watchlist only,60,-0.6,-8.5,-2.4,48.1,1,,Healthcare,608933632.0,1572043.76
CRNZF,Cairn Energy PLC,5.07,17,4,5,14,6,2,5,53,-13.0,40.0,Weak,Watchlist only,62,0.0,17.4,7.2,100.0,2,,Energy,296636384.0,61.5
VNMHF,VietNam Holding Limited,4.85,4,3,10,8,3,6,3,37,0.0,40.0,Weak,Watchlist only,38,0.0,0.0,-0.0,28.6,0,,Financial Services,90636760.0,26.5
PSPFX,GLOBAL RESOURCES FUND GLOBAL RESOURCES FUND,4.33,3,9,8,8,0,3,2,33,2.0,40.0,Weak,🔥 COILED: Watchlist only,25,0.0,1.9,-0.9,43.2,0,,nan,0.0,0.0
BJCHY,Beijing Capital International Airport Co Ltd ADR,0.97,8,5,9,10,1,1,5,39,-5.0,39.0,Poor,🔥 COILED: Stay away,29,0.0,0.0,0.3,50.6,1,,Industrials,923162496.0,258.78
CSWYF,China Shineway Pharmaceutical Group Limited,1.004,5,4,9,8,3,2,3,34,0.0,39.0,Poor,🔥 COILED: Stay away,38,0.0,0.0,0.0,50.0,0,,Healthcare,758421568.0,1.0
BBOP,Bebop Channel Corp,1.0,8,3,10,7,3,2,3,36,0.0,39.0,Poor,Stay away,37,0.0,0.0,-0.0,0.0,0,,Communication Services,8733041.0,5.0
CILXX,Western Asset Institutional Liquid Reserves Ltd.,1.0,15,6,6,6,6,2,3,44,-10.0,39.0,Poor,🔥 COILED: Stay away,51,0.0,0.0,0.0,59.5,0,,nan,nan,0.0
OPIXX,OPIXX,4.178,8,9,11,6,3,2,3,42,-8.0,39.0,Poor,🔥 COILED: Stay away,48,0.0,0.0,0.0,53.7,0,,nan,nan,0.0
SCTTF,Scott Technology Limited,1.14,8,3,9,8,3,2,3,36,0.0,39.0,Poor,Stay away,29,0.0,0.0,-0.0,0.0,0,,Industrials,95869136.0,75.0
DTCKF,Davis Commodities Limited,1.01,4,10,5,9,6,6,2,42,-3.0,39.0,Poor,Stay away,40,0.7,-11.8,-2.9,44.1,2,,Consumer Defensive,1765435.0,314179.33
AIHS,Senmiao Technology Ltd,1.36,12,3,3,13,5,7,3,46,-10.0,39.0,Poor,Stay away,40,2.3,3.8,-1.7,49.0,1,,Industrials,5423412.0,1291628.46
GMXTF,GMéxico Transportes S.A.B. de C.V,1.23,8,3,9,8,3,2,3,36,0.0,39.0,Poor,Stay away,29,0.0,0.0,-0.0,2.4,0,,Industrials,4940832768.0,9.31
VGLIF,VGLIF,1.25,8,3,10,7,3,2,3,36,0.0,39.0,Poor,Stay away,44,0.0,0.0,-0.0,0.1,0,,Technology,298542976.0,320.5
TIKK,Tel-Instrument Electronics Corp,1.5,9,7,12,7,3,1,3,42,-8.0,39.0,Poor,🔥 COILED: Stay away,29,0.0,0.0,1.4,70.5,1,,Industrials,8302511.0,1240.74
SWRBF,Swire Pacific Limited,1.574,7,5,11,7,3,2,3,38,-2.0,39.0,Poor,Stay away,45,0.0,0.0,0.0,69.6,0,,Industrials,10886654976.0,0.0
ALLR,Allarity Therapeutics Inc,1.21,5,12,8,7,2,6,2,42,-3.0,39.0,Poor,Stay away,26,1.7,1.7,-1.1,46.8,1,,Healthcare,26252694.0,2360106.3
YUEIF,Yue Yuen Industrial (Holdings) Limited,1.8,16,11,11,11,4,2,5,60,-17.0,39.0,Poor,Stay away,0,10.4,10.4,9.0,68.9,3,,Consumer Cyclical,2908116224.0,0.0
INVLW,"Innventure, Inc.",0.99,3,14,1,8,3,6,2,37,2.0,39.0,Poor,Stay away,22,23.7,1.0,-4.4,46.1,0,,nan,nan,0.0
ZMTBY,Zumtobel Group AG,1.92,8,3,10,7,3,2,3,36,0.0,39.0,Poor,Stay away,31,0.0,0.0,-0.0,5.6,0,,Industrials,162576816.0,46.27
NXDR,NXDR,2.22,8,6,2,12,5,6,2,41,-5.0,39.0,Poor,Stay away,46,1.4,-7.1,-3.3,45.5,1,,Communication Services,770403200.0,3863828.03
SSCC,SMURFIT-STONE CONTAINER Corp,2.22,7,6,10,8,3,2,3,39,-5.0,39.0,Poor,🔥 COILED: Stay away,33,0.0,0.0,0.0,50.0,1,,Technology,260140752.0,0.04
KGGNF,Kogan.com Ltd,2.16,8,3,10,7,3,2,3,36,0.0,39.0,Poor,Stay away,28,0.0,0.0,-0.0,0.1,1,,Consumer Cyclical,206542304.0,5.15
HIND,"Vyome Holdings, Inc.",2.115,4,12,6,7,8,0,2,39,-1.0,39.0,Poor,Stay away,33,2.7,-1.6,0.0,48.8,2,,Healthcare,15861873.0,380301.17
RTWFF,RTW Venture Fund Limited,2.44,15,6,10,8,6,4,3,52,-18.0,39.0,Poor,🔥 COILED: Stay away,62,0.0,0.0,1.1,82.9,1,,nan,nan,872.0
LSHGF,LSHGF,2.21,18,8,8,14,6,2,5,61,-22.0,39.0,Poor,Stay away,72,9.7,11.1,13.6,80.2,2,,nan,nan,5458.58
CMPRF,Gentera S.A.B. de C.V,2.41,17,4,7,14,4,1,5,52,-13.0,39.0,Poor,Stay away,0,0.0,0.0,3.4,81.6,0,,Financial Services,4216568576.0,0.0
NIU,Niu Technologies,2.59,10,7,5,12,5,0,5,44,-5.0,39.0,Poor,Stay away,28,0.8,-1.1,4.7,59.4,1,,Consumer Cyclical,176089008.0,563492.58
OGNNF,OGNNF,2.494,13,9,8,3,7,2,2,44,-8.0,39.0,Poor,🔥 COILED: Stay away,57,1.2,1.5,0.9,51.7,0,,Basic Materials,140807456.0,67424.7
RSDEF,Ramsdens Holdings PLC,2.392,5,4,9,8,3,2,3,34,0.0,39.0,Poor,🔥 COILED: Stay away,30,0.0,0.0,0.0,50.0,0,,Consumer Cyclical,77411208.0,456.25
CRHKF,China Resources Beer Holdings Co Ltd,2.96,4,8,7,9,3,1,2,34,0.0,39.0,Poor,🔥 COILED: Stay away,14,0.0,0.0,-0.6,44.8,0,,Consumer Defensive,11386439680.0,31.16
GROY,Gold Royalty Corp.,2.6,6,6,8,10,0,2,2,34,2.0,39.0,Poor,Stay away,20,1.2,2.0,-1.6,44.4,0,,Basic Materials,717816576.0,3027763.97
ZKH,ZKH Group Limited,2.92,10,13,5,12,5,4,5,54,-11.0,39.0,Poor,Stay away,30,-1.0,-2.3,2.6,56.2,1,,Consumer Cyclical,461901760.0,119782.58
DRCT,Direct Digital Holdings Inc,2.55,5,9,8,11,3,4,2,42,-3.0,39.0,Poor,Stay away,39,0.0,0.8,-2.1,45.8,1,,Communication Services,2033604.0,298394.56
ESPR,Esperion Therapeutics Inc,3.18,16,3,9,12,5,4,4,53,-14.0,39.0,Poor,Stay away,57,1.0,0.3,0.8,64.8,0,,Healthcare,805761984.0,7901981.69
CASBF,CanSino Biologics Inc,3.145,13,5,7,10,4,1,5,45,-6.0,39.0,Poor,Stay away,31,0.0,0.0,4.6,70.8,0,,Healthcare,741131392.0,364.67
GROY-WS,GROY-WS,2.6,6,6,8,10,0,2,2,34,2.0,39.0,Poor,Stay away,20,1.2,2.0,-1.6,44.4,0,,nan,nan,3029327.72
CMVLF,Cellectis S.A,3.47,13,6,11,7,6,6,3,52,-18.0,39.0,Poor,🔥 COILED: Stay away,40,0.0,0.0,0.2,88.5,1,,Healthcare,452751648.0,21.5
CMU,MFS High Yield Municipal Closed Fund,3.73,18,11,4,4,6,4,5,52,-13.0,39.0,Poor,Stay away,56,11.3,12.7,8.6,74.9,2,,Financial Services,85655744.0,96570.12
GWAV,Greenwave Technology Solutions Inc. Common Stock,3.42,13,14,2,9,9,1,5,53,-12.0,39.0,Poor,Stay away,35,30.0,17.9,14.6,62.5,2,,Industrials,2704597.0,241193.31
FNYUSX,FNYUSX,3.278,6,10,5,8,3,4,3,39,-3.0,39.0,Poor,Stay away,34,0.1,0.1,0.0,46.5,0,,nan,nan,0.0
LMPMY,Lee & Man Paper Manufacturing Ltd ADR,5.07,18,5,5,9,6,4,5,52,-13.0,39.0,Poor,Stay away,62,0.0,35.2,13.2,87.7,2,,Basic Materials,1692230016.0,0.0
CTYMF,Catalyst Metals Limited,3.84,7,4,8,7,4,1,5,36,0.0,39.0,Poor,Stay away,31,-3.8,3.8,-0.4,49.0,0,,Basic Materials,1004638272.0,4443.56
WTLLF,Water Intelligence plc,3.69,7,3,5,9,6,4,5,39,0.0,39.0,Poor,Stay away,32,-8.4,-7.8,-4.1,42.7,0,,Industrials,58932432.0,1754.08
EEIIX,EATON VANCE EMERGING MARKETS LOCAL INCOME FUND EATON VANCE EMERGING MARKETS LOCAL INCOME FUND CLASS I SHARES,3.53,2,8,8,7,4,4,3,36,0.0,39.0,Poor,Stay away,35,0.6,-0.3,-0.2,46.6,0,,nan,0.0,0.0
XCMUX,MFS High Yield Municipal Trust,3.73,11,7,11,6,4,2,3,44,-10.0,39.0,Poor,🔥 COILED: Stay away,35,0.0,0.0,0.0,50.0,0,,Other,0.0,0.0
ACOPF,The a2 Milk Company Limited,5.05,10,7,8,4,4,8,3,44,-8.0,39.0,Poor,Stay away,29,7.4,7.4,3.8,54.5,1,,Consumer Defensive,2865433344.0,0.0
CLIR,ClearSign Combustion Corporation,3.86,14,8,5,7,2,3,2,41,-5.0,39.0,Poor,Stay away,49,10.6,6.6,2.7,52.2,2,,Industrials,26494968.0,41692.64
CRCT,Cricut Inc,4.69,16,8,3,10,7,5,5,54,-13.0,39.0,Poor,Stay away,56,5.2,1.3,3.2,57.1,1,,Technology,866881408.0,582560.28
III,Information Services Group Inc,4.16,10,8,4,8,5,2,4,41,0.0,39.0,Poor,Stay away,48,7.8,4.3,2.3,53.9,1,,Technology,207622448.0,267678.85
TLIH,Ten-League International Holdings Limited Ordinary Shares,5.785,10,5,7,14,7,6,5,54,-15.0,39.0,Poor,Stay away,60,-0.2,1.5,5.6,69.7,0,,Industrials,11291270.0,263970.17
BMHL,Bluemount Holdings Limited Class B Ordinary Shares,5.6,8,8,2,9,6,4,2,39,0.0,39.0,Poor,Stay away,56,-0.5,-1.6,-2.1,45.3,1,,Financial Services,109481432.0,3475.32
CSNRF,CoinShares,4.59,17,4,7,9,6,2,4,49,-13.0,39.0,Poor,Stay away,57,0.0,0.4,0.2,100.0,1,,Financial Services,1054149504.0,25.5
EDAP,EDAP TMS SA,5.435,18,4,8,15,5,9,5,64,-25.0,39.0,Poor,Stay away,63,5.6,10.9,9.0,78.1,3,,Healthcare,161922176.0,67703.78
OIBAX,Oppenheimer International Bond A,4.6,7,8,7,9,1,4,3,39,-3.0,39.0,Poor,Stay away,34,1.3,0.4,0.2,50.7,0,,nan,0.0,0.0
WAMVX,WASATCH MICRO CAP VALUE FUND INVESTOR CLASS SHARES,4.75,5,11,5,7,6,3,2,39,-5.0,39.0,Poor,🔥 COILED: Stay away,45,0.8,-0.8,-0.8,46.5,0,,nan,0.0,0.0
WEICF,Weichai Power Co. Ltd,4.3,7,10,3,9,3,4,3,39,2.0,39.0,Poor,Stay away,44,3.1,1.2,-0.2,48.3,0,,Consumer Cyclical,44176936960.0,0.0
DQJCF,Pan Pacific International Holdings Corporation,5.3,10,8,5,12,0,2,2,39,-3.0,39.0,Poor,Stay away,31,0.5,-7.0,1.1,50.1,1,,Consumer Defensive,14723181568.0,0.0
DIALF,Dialight plc,6.38,17,4,4,12,6,4,5,52,-13.0,39.0,Poor,Stay away,57,0.0,30.2,14.8,99.8,2,,Industrials,163889696.0,152.5
ATXG,Addentax Group Corp,3.53,5,3,8,14,4,0,3,37,-3.0,39.0,Poor,Stay away,39,-4.6,-0.3,-4.9,42.7,2,,Industrials,3905115.0,66771.92
CICHF,China Construction Bank Corp,1.16,16,6,4,15,3,4,5,53,-15.0,38.0,Poor,Stay away,66,1.8,13.7,6.1,57.3,3,,Financial Services,269448380416.0,80685.16
CONC,ConectiSys Corporation,1.0,9,6,11,9,3,2,3,43,-8.0,38.0,Poor,Stay away,50,0.0,0.0,0.0,79.1,1,,Financial Services,888579.0,4.6
GP,GreenPower Motor Company Inc,1.48,15,4,5,9,5,2,2,42,-5.0,38.0,Poor,Stay away,42,0.0,-2.6,-0.2,52.3,1,,Industrials,5632839.0,684671.89
JDSPY,JD Sports Fashion PLC,1.16,13,5,5,12,3,3,5,46,-8.0,38.0,Poor,Stay away,61,-0.8,3.1,0.4,52.5,0,,Consumer Cyclical,5406529536.0,20029.75
MRM,Medirom Healthcare Technologies Inc,0.95,5,8,7,8,3,0,2,33,2.0,38.0,Poor,Stay away,28,-3.7,2.2,-3.4,42.5,1,,Consumer Cyclical,9403322.0,1142360.56
HSWLF,Hostelworld Group plc,1.25,5,3,10,9,3,2,3,35,0.0,38.0,Poor,Stay away,32,0.0,0.0,-0.0,2.8,0,,Consumer Cyclical,154111216.0,506.61
SNLAF,Sino Land Company Limited,1.36,6,8,3,10,3,1,2,33,0.0,38.0,Poor,🔥 COILED: Stay away,21,0.0,0.0,-0.4,48.1,0,,Real Estate,12653707264.0,0.0
NXCLF,LIFULL Co. Ltd,1.58,15,5,7,9,6,2,4,48,-13.0,38.0,Poor,Stay away,53,0.0,0.0,0.6,100.0,0,,Communication Services,197644496.0,0.0
HBGRF,Heidelberger Druckmaschinen Aktiengesellschaft,1.7,10,7,10,6,3,1,3,40,-10.0,38.0,Poor,🔥 COILED: Stay away,24,0.0,0.0,0.1,49.3,0,,Industrials,482373088.0,161.23
HKD,AMTD Digital Inc.,1.61,7,12,10,6,4,0,4,43,-8.0,38.0,Poor,Stay away,28,0.0,0.0,0.4,50.0,0,,Technology,559417280.0,2176901.29
LOKVW,Live Oak Acquisition Corp. V Warrants,1.9,17,8,5,13,5,10,5,63,-21.0,38.0,Poor,Stay away,67,22.6,22.6,19.4,86.4,2,,nan,nan,37034.01
HDALF,Haidilao International Holding Ltd,1.55,5,8,5,12,3,2,3,38,0.0,38.0,Poor,Stay away,27,7.6,5.4,-0.5,48.0,0,,Consumer Cyclical,9823450112.0,0.0
HLFDF,Halfords Group plc,3.2,15,4,6,7,3,6,5,46,-13.0,38.0,Poor,🔥 COILED: Stay away,64,0.0,0.3,6.4,99.9,1,,Consumer Cyclical,403073760.0,0.0
PSHG,Performance Shipping Inc,1.74,9,5,4,12,1,2,5,38,-1.0,38.0,Poor,Stay away,35,-2.2,3.0,-0.8,49.2,0,,Industrials,21383312.0,116036.57
LXRX,Lexicon Pharmaceuticals Inc,2.31,10,3,9,8,5,2,3,40,-5.0,38.0,Poor,Stay away,58,0.9,-3.3,1.2,53.2,2,,Healthcare,843973120.0,2439753.74
FKKEF,Charter Hall Social Infrastructure REIT,1.705,7,5,7,7,3,3,3,35,0.0,38.0,Poor,Stay away,13,0.0,0.0,-0.6,0.0,0,,Real Estate,719951040.0,0.0
OIO,ESGL Holdings Limited,2.035,1,12,5,9,5,6,2,40,-3.0,38.0,Poor,Stay away,35,2.8,-3.6,-1.8,47.2,2,,Financial Services,682123328.0,26801.46
OPESF,Otello Corporation ASA,1.9,12,6,11,7,3,6,3,48,-13.0,38.0,Poor,Stay away,61,0.0,0.0,0.0,100.0,0,,Communication Services,130534648.0,18.54
XCFT,"xCraft Enterprises, Inc",1.95,8,3,9,7,3,2,3,35,0.0,38.0,Poor,Stay away,39,0.0,0.0,-0.0,0.0,0,,Technology,2920756.0,18.5
BMRPF,B&M European Value Retail S.A,2.85,17,4,7,10,6,2,5,51,-13.0,38.0,Poor,Stay away,54,0.0,13.3,5.4,80.1,2,,Consumer Defensive,2140731648.0,14001.98
CHRHF,Chervon Holdings Limited,2.65,15,4,7,12,6,2,5,51,-13.0,38.0,Poor,Stay away,54,0.0,0.0,6.7,80.1,0,,Industrials,1139650048.0,81.89
PIAGF,Piaggio & C. SpA,2.0,12,6,6,5,5,4,5,43,-10.0,38.0,Poor,🔥 COILED: Stay away,35,0.0,0.0,0.5,55.4,0,,Consumer Cyclical,729256960.0,0.0
LPRO,Open Lending Corp,3.14,16,8,9,9,6,0,4,52,-17.0,38.0,Poor,Stay away,58,-0.3,0.0,1.5,69.9,1,,Financial Services,264806256.0,695912.35
KNIT,Kinetic Group Inc,2,8,3,9,7,3,2,3,35,0.0,38.0,Poor,Stay away,40,0.0,0.0,-0.0,0.0,0,,Communication Services,52840400.0,10.0
LPIX,LPIX,5.39,19,4,4,16,6,8,5,62,-24,38,Poor,Stay away,76,53.2,43.0,50.5,87.2,3,6,Industrials,43522868.0,48.79
MAQC,Maquia Capital Acquisition Corp,2.36,15,4,5,10,6,3,5,48,-13.0,38.0,Poor,Stay away,36,6.3,6.3,3.9,99.7,0,,Financial Services,11170651.0,14.5
SNTUF,SNTUF,2.1,12,6,11,6,3,2,3,43,-10.0,38.0,Poor,🔥 COILED: Stay away,50,0.0,0.0,0.0,50.0,0,,Financial Services,nan,40.0
YSHLF,Yangzijiang Shipbuilding (Holdings) Ltd,2.88,12,4,6,7,0,1,5,35,0.0,38.0,Poor,Stay away,37,-6.5,-1.7,0.9,53.5,0,,Industrials,11547103232.0,0.0
LKFLF,Luk Fook Holdings (International) Limited,3.0,13,6,8,9,6,2,4,48,-13.0,38.0,Poor,Stay away,35,0.0,1.7,1.0,80.2,0,,Consumer Cyclical,1570513408.0,521.06
GDRX,Goodrx Holdings Inc,3.07,15,3,10,14,5,5,4,56,-18.0,38.0,Poor,Stay away,62,3.7,-2.2,1.5,54.5,0,,Healthcare,965224768.0,2873906.5
ANGX,"Angel Studios, Inc.",4.06,11,7,9,14,7,2,5,55,-15.0,38.0,Poor,Stay away,54,0.2,-1.2,2.1,55.6,1,,Communication Services,497721024.0,0.0
NINTF,Ninety One Group,2.6,3,7,7,8,3,5,2,35,0.0,38.0,Poor,Stay away,18,0.0,0.0,-1.7,33.7,0,,Financial Services,2886976768.0,55.39
ALSSF,Alsea S.A.B. de C.V,2.41,8,9,5,8,3,3,2,38,0.0,38.0,Poor,Stay away,24,5.2,2.2,-0.9,41.1,0,,Consumer Cyclical,2313625344.0,0.0
ESVIF,Ensign Energy Services Inc,2.5,5,12,4,9,4,0,5,39,-1.0,38.0,Poor,Stay away,28,-11.0,2.9,-0.8,48.1,1,,Energy,571487936.0,80164.42
ALMP,ALMP,2.75,12,6,11,6,3,2,3,43,-10.0,38.0,Poor,🔥 COILED: Stay away,50,0.0,0.0,0.0,50.0,0,,Industrials,88000000.0,10.64
RAVE,Rave Restaurant Group Inc,3.15,7,13,6,3,9,6,2,46,-8.0,38.0,Poor,Stay away,54,0.6,-4.5,-1.0,47.6,1,,Consumer Cyclical,40787196.0,55528.21
VFS,VinFast Auto Ltd. Ordinary Shares,3.11,5,16,3,7,4,2,4,41,-3.0,38.0,Poor,Stay away,22,9.1,-1.3,1.2,50.6,1,,Consumer Cyclical,7907632128.0,566964.38
HEGIF,Hengan Intl Group Ltd-H,3.2,5,6,10,7,0,4,3,35,0.0,38.0,Poor,Stay away,29,0.0,0.0,-0.0,33.4,0,,Consumer Defensive,3532390912.0,0.0
SROYF,Sailfish Royalty Corp,3.495,14,4,6,12,3,4,3,46,-8.0,38.0,Poor,Stay away,64,1.0,1.7,2.6,59.6,0,,Basic Materials,239972176.0,31406.18
NAAS,Naas Technology Inc ADR,3.235,12,10,6,5,7,5,5,50,-15.0,38.0,Poor,Stay away,64,3.7,2.7,0.8,52.6,2,,Consumer Cyclical,37853332.0,33512.11
MBPFF,Mitchells & Butlers plc,3.42,15,4,7,9,6,4,3,48,-13.0,38.0,Poor,Stay away,57,0.0,0.3,0.1,99.7,0,,Consumer Cyclical,2024112384.0,44.7
IRWD,Ironwood Pharmaceuticals Inc,4.23,11,12,6,5,4,2,3,43,-6.0,38.0,Poor,Stay away,63,14.0,9.6,7.6,57.4,1,,Healthcare,533347456.0,2893320.39
TSVNF,Team17 Group plc,3.4,5,4,9,7,3,2,3,33,0.0,38.0,Poor,🔥 COILED: Stay away,40,0.0,0.0,0.0,50.0,1,,Communication Services,489922400.0,1.0
LSLPF,LSL Property Services plc,3.68,17,4,5,9,6,2,5,48,-13.0,38.0,Poor,Stay away,51,0.0,7.9,3.8,100.0,0,,Real Estate,321893312.0,0.0
JETD,Bank of Montreal,2.41,4,10,7,11,2,2,5,41,-1.0,38.0,Poor,Stay away,15,-3.2,-6.9,-2.8,45.2,0,,nan,nan,92110.86
VTEXF,Venturex Resources Ltd (Australia),3.66,10,7,11,5,3,4,3,43,-10.0,38.0,Poor,🔥 COILED: Stay away,46,0.0,0.0,0.0,50.9,0,,Basic Materials,1207746816.0,77.81
EEIAX,EATON VANCE EMERGING MARKETS LOCAL INCOME FUND,3.53,4,8,6,7,3,4,3,35,0.0,38.0,Poor,Stay away,35,0.6,-0.3,-0.3,45.5,0,,nan,0.0,0.0
EEICX,EATON VANCE EMERGING MARKETS LOCAL INCOME FUND EATON VANCE EMERGING MARKETS LOCAL INCOME FUND CLASS C,3.57,4,8,6,7,3,4,3,35,0.0,38.0,Poor,Stay away,35,0.6,-0.3,-0.3,45.0,0,,nan,0.0,0.0
KSIOF,kneat.com inc.,4.612,13,3,11,13,3,6,4,53,-16.0,38.0,Poor,Stay away,52,0.3,0.0,1.1,58.1,2,,Healthcare,373184736.0,17147.08
ZIJMF,Zijin Mining Group Co Ltd-H,4.36,13,12,4,6,4,2,5,46,-8.0,38.0,Poor,Stay away,52,10.7,13.5,7.9,55.8,2,,Basic Materials,114340077568.0,89276.85
MGPUF,M&G Plc,4.6,12,3,5,11,6,5,5,47,-12.0,38.0,Poor,Stay away,57,-2.1,-1.9,0.5,61.2,0,,Financial Services,10000998400.0,1716.25
MGHTF,Mercury NZ Limited,4.37,12,6,11,8,6,2,3,48,-13.0,38.0,Poor,Stay away,49,0.0,0.0,0.0,99.9,0,,Utilities,6194007552.0,300.76
SHTPY,SHTPY,4.37,5,3,10,9,3,2,3,35,0.0,38.0,Poor,Stay away,34,0.0,0.0,-0.0,0.0,0,,Healthcare,2632743680.0,5.51
JPPPF,JPPPF,4.64,5,4,9,7,3,2,3,33,0.0,38.0,Poor,🔥 COILED: Stay away,38,0.0,0.0,0.0,50.0,0,,Basic Materials,517092224.0,0.15
CNNRF,Canadian Net Real Estate Investment Trust,4.713,12,9,4,5,3,3,5,41,-8.0,38.0,Poor,🔥 COILED: Stay away,55,3.8,1.6,1.1,53.6,1,,Real Estate,97775176.0,2506.0
OIBIX,Oppenheimer Int'l Bd Fd Cl I,4.59,7,8,6,9,1,4,3,38,-3.0,38.0,Poor,Stay away,34,1.3,0.4,0.2,50.4,0,,nan,0.0,0.0
OIBCX,Oppenheimer International Bond C,4.58,7,8,6,9,1,4,3,38,-3.0,38.0,Poor,Stay away,34,1.3,0.4,0.1,50.2,0,,nan,0.0,0.0
TBSIX,T. Rowe Price Short-Term Bond Fund I Cla,4.6,6,8,3,8,3,4,3,35,0.0,38.0,Poor,Stay away,30,0.2,-0.2,-0.0,46.2,0,,nan,0.0,0.0
TRLDX,T. ROWE PRICE LIMITED DURATION INFLATION FOCUSED BOND FUND INC. T. ROWE PRICE LIMITED DURATION INFLATION FOCUSED BOND FUND-I CLASS,4.71,8,6,4,8,0,4,3,33,2.0,38.0,Poor,Stay away,33,0.0,-0.2,-0.1,45.8,0,,nan,0.0,0.0
TRPZX,T. Rowe Price Limited Duration Inflation Focused Bond Fund Z Class,4.69,8,6,4,8,0,4,3,33,2.0,38.0,Poor,Stay away,32,0.0,-0.2,-0.1,46.4,0,,nan,nan,0.0
TLRY,Tilray Inc,4.54,8,13,7,7,4,2,3,44,-6.0,38.0,Poor,Stay away,27,17.0,5.6,5.9,55.8,2,,Healthcare,620745920.0,6891440.49
RXST,Rxsight Inc,6.01,12,5,6,14,3,2,5,47,-9.0,38.0,Poor,Stay away,47,15.8,8.3,8.0,60.4,2,,Healthcare,211122704.0,853716.75
TRIFX,CATALYST/SMH TOTAL RETURN INCOME FUND,4.81,2,10,7,7,3,3,3,35,0.0,38.0,Poor,Stay away,32,0.0,-1.0,-0.5,43.8,0,,nan,0.0,0.0
JOAXX,JPMorgan Trust IV - Institutional Tax Free Money Market Fund,1.0,7,7,9,6,4,4,3,40,-8.0,37.0,Poor,🔥 COILED: Stay away,31,0.0,0.0,-0.0,48.4,0,,nan,nan,0.0
JOIXX,JPMorgan Trust IV - Institutional Tax Free Money Market Fund,1.0,12,6,5,6,6,2,3,40,-8.0,37.0,Poor,🔥 COILED: Stay away,46,0.0,0.0,0.0,58.1,0,,nan,nan,0.0
SDIIF,SDI Group plc,1.29,16,6,4,9,6,4,5,50,-13.0,37.0,Poor,Stay away,61,14.2,14.2,9.7,80.0,2,,Technology,109801776.0,272.5
CSYJF,CSE Global Limited,1.03,4,4,10,7,3,1,3,32,0.0,37.0,Poor,🔥 COILED: Stay away,47,0.0,0.0,-0.4,42.0,0,,Technology,868779328.0,0.0
NOWG,Nowigence Inc.,1.24,9,4,9,7,4,1,3,37,-5.0,37.0,Poor,🔥 COILED: Stay away,32,0.0,0.0,-0.0,47.6,1,,Technology,16162911.0,407.91
AMMHF,AMMB Holdings Berhad,1.255,8,7,10,6,3,3,5,42,-10.0,37.0,Poor,🔥 COILED: Stay away,21,0.0,0.0,-0.1,42.4,0,,Financial Services,4149642496.0,100.35
PYIYF,Property For Industry Ltd.,1.26,10,7,11,6,3,2,3,42,-10.0,37.0,Poor,🔥 COILED: Stay away,50,0.0,0.0,0.0,50.0,0,,Real Estate,632997568.0,650.0
SLSN,"Solesence, Inc. Common Stock",0.83,8,8,1,12,2,4,5,40,-3.0,37.0,Poor,Stay away,20,-11.7,6.4,-4.1,45.9,0,,Consumer Defensive,88643720.0,38067.4
GREE,Greenidge Generation Holdings Inc,2.14,14,15,2,7,6,1,5,50,-13.0,37.0,Poor,Stay away,57,-24.6,27.4,7.0,54.7,2,,Financial Services,25117708.0,480507.66
ZHJD,ZHJD,1.78,17,4,6,10,6,2,5,50,-13.0,37.0,Poor,Stay away,49,0.0,0.0,3.7,99.9,0,,Consumer Cyclical,159198000.0,0.0
BFNH,BioForce Nanosciences Holdings Inc,1.9,18,12,6,12,7,2,2,59,-22,37,Poor,Stay away,62,50.8,26.7,25.8,63.6,4,7,Consumer Defensive,44284688.0,1165.58
MAYNF,Mayne Pharma Group Limited,2.0,8,12,8,7,3,7,5,50,-18.0,37.0,Poor,Stay away,31,-3.8,42.9,5.8,51.1,3,,Healthcare,129993320.0,0.0
PERF,Perfect Corp.,1.92,15,5,7,12,3,4,5,51,-14.0,37.0,Poor,Stay away,56,-0.5,0.0,2.2,70.1,0,,Technology,170087280.0,147853.18
SYHMY,Synthomer plc,1.75,12,6,11,8,6,6,3,52,-18.0,37.0,Poor,Stay away,54,0.0,0.0,0.1,94.9,1,,Basic Materials,286901440.0,1661.86
HERE,Here Group Limited,1.92,6,13,8,6,4,2,3,42,-6.0,37.0,Poor,Stay away,20,4.3,1.6,0.6,48.0,1,,Consumer Cyclical,119102312.0,294601.91
XCIFX,MFS Intermediate High Income Fund,1.77,8,7,10,6,1,7,3,42,-10.0,37.0,Poor,🔥 COILED: Stay away,29,0.0,0.0,-0.0,47.8,0,,Other,0.0,0.0
PVL,Permianville Royalty Trust,1.73,4,14,7,6,3,3,5,42,-6.0,37.0,Poor,Stay away,29,1.8,0.0,1.0,51.2,0,,Energy,62040000.0,87141.65
SPHIF,Super Hi International Holding Ltd.,1.9,5,3,10,8,3,2,3,34,0.0,37.0,Poor,Stay away,31,0.0,0.0,-0.0,9.7,0,,Consumer Cyclical,1117895424.0,29.84
EXSPF,Expert.ai S.p.A,1.83,7,7,3,9,3,6,4,39,-5.0,37.0,Poor,Stay away,23,0.0,0.0,-0.2,39.1,1,,Technology,227302176.0,422.85
IDAI,Trust Stamp Inc,2.68,15,13,8,8,7,7,5,63,-27,37,Poor,Stay away,45,41.1,28.8,22.3,67.5,3,,Technology,13215914.0,253586.82
XRTX,XORTX Therapeutics Inc,2.12,13,16,9,2,3,2,4,49,-13.0,37.0,Poor,Stay away,49,4.7,5.5,2.5,52.8,1,,Healthcare,3810358.0,522443.84
WIIOX,WASATCH INTERNATIONAL OPPORTUNITIES FUND INSTITUTIONAL CLASS SHARES,1.96,3,10,3,7,3,3,3,32,2.0,37.0,Poor,Stay away,37,1.0,-0.5,-0.3,47.9,0,,nan,0.0,0.0
GIPIF,Green Impact Partners Inc,2.25,8,6,10,7,3,2,3,39,-5.0,37.0,Poor,Stay away,34,0.0,0.0,-0.0,33.4,1,,Industrials,47230416.0,22.0
SFHG,Samfine Creation Holdings Group Limited,2.518,10,14,9,6,4,4,5,52,-21.0,37.0,Poor,🔥 COILED: Stay away,52,1.1,-4.3,2.2,54.1,1,,Industrials,9419200.0,28430.4
MPMCX,BNY MELLON MID CAP MULTI-STRATEGY FUND CLASS M SHARES,2.48,9,5,9,5,6,2,3,39,-10.0,37.0,Poor,🔥 COILED: Stay away,29,0.0,0.0,0.1,52.3,0,,nan,0.0,0.0
FSROF,FSROF,2.62,12,6,10,10,4,2,3,47,-13.0,37.0,Poor,Stay away,50,0.0,0.0,0.1,98.8,0,,nan,457748736.0,51.98
AVXL,Anavex Life Sciences Corp,2.75,13,12,9,14,5,7,3,63,-26.0,37.0,Poor,Stay away,27,14.6,15.1,7.5,57.9,4,,Healthcare,261334352.0,1713931.36
KIERF,Kier Group plc,2.75,7,3,11,8,3,2,3,37,-3.0,37.0,Poor,Stay away,45,0.0,0.0,0.0,72.9,0,,Industrials,1198368768.0,11.63
ALTI,Alvarium Tiedemann Holdings Inc.,3.6,15,12,7,4,7,7,2,54,-15.0,37.0,Poor,Stay away,46,5.6,4.0,2.6,55.0,2,,Financial Services,468499104.0,146209.45
FORA,Forian Inc,2.69,8,10,2,11,8,2,4,45,-6.0,37.0,Poor,Stay away,52,7.2,1.5,2.5,53.7,2,,Healthcare,67792720.0,67158.24
MLACX,MAINSTAY LARGE CAP GROWTH FUND CLASS C,2.76,4,9,0,9,4,3,3,32,2.0,37.0,Poor,Stay away,37,0.7,-0.4,-0.4,47.9,0,,nan,0.0,0.0
ZH,Zhihu Inc ADR,3.27,14,6,9,10,3,4,5,51,-15.0,37.0,Poor,Stay away,48,4.1,3.2,1.7,56.1,1,,Communication Services,268187744.0,324787.99
MXGFF,Maxim Power Corp,2.984,4,7,1,12,3,5,5,37,-3.0,37.0,Poor,Stay away,35,1.8,-1.5,-0.3,46.0,1,,Utilities,204051952.0,407.74
UBXG,U-BX Technology Ltd. Ordinary Shares,9.15,19,10,4,5,7,7,5,57,-18,37,Poor,Stay away,57,75.0,81.9,46.9,67.7,4,11,Communication Services,5508637.0,45489.35
HAIUF,Healthcare AI Acquisition Corp.,3.01,5,4,10,7,3,2,3,34,0.0,37.0,Poor,Stay away,33,0.0,0.0,-0.0,0.0,0,,Financial Services,nan,0.0
PMNXF,Perseus Mining Limited,3.49,11,8,3,7,3,5,3,40,-1.0,37.0,Poor,Stay away,26,5.8,7.7,4.0,51.9,0,,Basic Materials,5140293632.0,41886.56
NEPH,Nephros Inc,3.39,4,7,5,12,5,0,3,36,0.0,37.0,Poor,Stay away,31,-6.9,-10.3,-3.5,46.4,0,,Healthcare,38975000.0,52035.42
AMDD,Direxion Daily AMD Bear 1X Shares,30.42,17,3,5,14,7,4,5,55,-16.0,37.0,Poor,Stay away,57,6.5,0.3,27.2,71.6,1,,nan,nan,11346648.43
HCAEF,Admie Holding S.A.,3.59,12,6,10,6,3,2,3,42,-10.0,37.0,Poor,🔥 COILED: Stay away,54,0.0,0.0,0.0,50.0,0,,Utilities,832104512.0,15.0
TMCI,Treace Medical Concepts Inc,4.31,14,8,9,6,7,2,4,50,-13.0,37.0,Poor,Stay away,63,7.7,0.2,2.9,54.6,2,,Healthcare,239381280.0,697161.4
KTCC,Key Tronic Corporation,3.94,11,6,4,8,3,3,2,37,-5.0,37.0,Poor,🔥 COILED: Stay away,61,6.2,-0.8,0.2,51.0,2,,Technology,42676932.0,22378.0
RUMOF,Rumo S.A,3.8,5,4,10,7,3,2,3,34,0.0,37.0,Poor,Stay away,34,0.0,0.0,-0.0,0.0,0,,Industrials,7051605504.0,50.0
SAFLY,Safilo Group SpA ADR,3.76,6,3,9,7,3,3,3,34,0.0,37.0,Poor,Stay away,27,0.0,0.0,-0.1,28.0,0,,Healthcare,737865024.0,32.03
ACCO,Acco Brands Corporation,4.22,18,8,2,5,5,5,4,47,-10.0,37.0,Poor,Stay away,65,5.5,3.4,2.8,56.5,1,,Industrials,365340864.0,825834.7
EURBF,EURBF,5.21,19,12,10,10,6,7,5,69,-28.0,37.0,Poor,Stay away,57,9.5,12.0,8.0,70.1,3,,Financial Services,15080270848.0,2393.66
TCAPF,TP ICAP Group PLC,4.57,15,3,7,8,6,2,4,45,-13.0,37.0,Poor,🔥 COILED: Stay away,49,0.0,0.0,0.5,83.0,0,,Financial Services,2922688256.0,82.28
JAGGF,Jaguar Mining Inc,3.86,8,5,11,9,2,3,4,42,-5.0,37.0,Poor,Stay away,29,0.5,9.7,2.0,51.8,2,,Basic Materials,391668672.0,111284.0
BUKS,Butler National Corp,4.72,10,3,2,10,5,2,5,37,0.0,37.0,Poor,Stay away,62,0.4,-2.9,1.2,55.1,0,,Industrials,260785040.0,99919.11
CAIXY,Caixabank SA ADR,4.78,7,14,0,9,6,1,3,40,-3.0,37.0,Poor,Stay away,55,-5.3,0.5,-0.5,50.2,0,,Financial Services,90562822144.0,409381.21
SFGYY,Sony Financial Group Inc.,4.82,15,3,3,14,5,2,5,47,-8.0,37.0,Poor,Stay away,59,3.0,1.9,2.3,57.1,0,,Financial Services,5755847168.0,0.0
AVIR,Atea Pharmaceuticals Inc,4.7,11,9,5,8,3,4,2,42,-8.0,37.0,Poor,Stay away,42,-0.6,-3.5,-0.4,49.5,1,,Healthcare,353719776.0,415587.13
RRGB,Red Robin Gourmet Burgers Inc,7.84,18,10,10,10,7,7,5,67,-30,37,Poor,Stay away,61,8.6,11.8,9.4,70.1,4,,Consumer Cyclical,81953456.0,308671.29
CLSZ,Tradr 2X Short CLSK Daily ETF,4.55,5,7,6,12,3,2,2,37,0.0,37.0,Poor,Stay away,0,0.0,12.3,-6.6,37.9,2,,nan,nan,0.0
ABDBY,Alm. Brand A/S,5.0,5,3,10,8,3,2,3,34,0.0,37.0,Poor,Stay away,46,0.0,0.0,-0.0,0.5,0,,Financial Services,3421142784.0,11.04
CVGI,Commercial Vehicle Group Inc,4.53,3,12,6,7,3,2,4,37,-1.0,37.0,Poor,Stay away,40,-1.9,0.0,-2.1,46.1,1,,Consumer Cyclical,185914256.0,516058.52
CNSP,CNS Pharmaceuticals Inc,5.817,10,14,11,9,4,4,5,57,-20.0,37.0,Poor,Stay away,50,11.2,15.4,13.4,61.5,3,,Healthcare,7716451.0,473823.1
HOSBX,SHORT-TERM BOND FUND SHORT-TERM BOND FUND,4.92,4,8,4,8,3,4,3,34,0.0,37.0,Poor,Stay away,29,0.2,-0.2,-0.1,42.4,0,,nan,0.0,0.0
TRBFX,T. ROWE PRICE LIMITED DURATION INFLATION FOCUSED BOND FUND INC. T. ROWE PRICE LIMITED DURATION INFLATION FOCUSED BOND FUND INC.,4.75,4,5,5,8,3,4,3,32,2.0,37.0,Poor,Stay away,32,0.0,-0.2,-0.0,47.3,0,,nan,0.0,0.0
WGMVX,Wasatch Micro Cap Value Fund Institutional Class Shares,4.8,5,11,3,7,6,3,2,37,-5.0,37.0,Poor,🔥 COILED: Stay away,45,0.8,-0.8,-0.8,46.5,0,,nan,nan,0.0
LGBOF,Lingbao Gold Group Company Ltd.,1.0,10,6,11,6,3,2,3,41,-10.0,36.0,Poor,🔥 COILED: Stay away,46,0.0,0.0,0.0,50.0,0,,Basic Materials,1379396992.0,0.0
TRSNF,TRSNF,1.0,5,3,10,7,3,2,3,33,0.0,36.0,Poor,Stay away,30,0.0,0.0,-0.0,0.0,0,,Utilities,444673792.0,5.0
HOJI,House of Jane Inc,1.0,5,3,10,7,3,2,3,33,0.0,36.0,Poor,Stay away,19,0.0,0.0,-0.0,0.0,0,,Consumer Defensive,11031895.0,12.0
DTJXX,Dreyfus Treasury Securities Cash Management,3.296,15,12,5,9,6,7,5,59,-26,36,Poor,Stay away,44,229.6,229.6,42.1,54.1,2,4,nan,nan,0.0
FAYXX,FAYXX,1.98,12,5,4,7,3,0,5,36,0.0,36.0,Poor,Stay away,45,-5.7,3.7,4.3,56.5,0,,nan,nan,0.0
KGDEF,Kingdee International Software Group Company Limited,0.749,3,5,7,8,3,3,2,31,0.0,36.0,Poor,🔥 COILED: Stay away,16,0.0,0.0,-5.4,44.9,0,,Technology,3715807232.0,63.96
FTFT,Future Fintech Group Inc,1.02,9,12,1,4,8,0,5,39,-8.0,36.0,Poor,Stay away,24,-13.6,-25.5,-6.0,48.1,0,,Technology,6282450.0,56459.87
FRAZ,Francisco Industries Inc,1.05,9,7,11,6,3,2,3,41,-10.0,36.0,Poor,🔥 COILED: Stay away,52,0.0,0.0,0.0,50.0,0,,Consumer Defensive,nan,24.98
DDHRF,Dream Hard Asset Alternatives Trust Units,1.17,8,3,10,7,3,4,3,38,-5.0,36.0,Poor,Stay away,32,0.0,0.0,-0.0,37.0,1,,Real Estate,22287918.0,0.0
SRTMF,SRTMF,1.22,10,6,11,6,3,2,3,41,-10.0,36.0,Poor,🔥 COILED: Stay away,0,0.0,0.0,0.0,50.0,0,,Technology,333013792.0,0.0
HPURF,Hexagon Purus ASA,1.2,12,6,12,10,6,2,3,51,-18.0,36.0,Poor,Stay away,47,0.0,0.0,0.5,98.8,1,,Industrials,51418336.0,233.72
MEGL,Magic Empire Global Limited,1.21,10,14,5,5,3,4,2,43,-13.0,36.0,Poor,Stay away,49,5.2,3.9,2.8,52.8,1,,Financial Services,6279422.0,37929.18
AUHEF,Anhui Expressway Company Limited,1.27,5,3,10,7,3,2,3,33,0.0,36.0,Poor,Stay away,35,0.0,0.0,-0.0,0.0,0,,Industrials,2169911552.0,0.0
ASNFF,ASNFF,1.25,10,6,11,6,3,2,3,41,-10.0,36.0,Poor,🔥 COILED: Stay away,46,0.0,0.0,0.0,50.0,0,,Technology,1174951680.0,1.15
SOWG,Sow Good Inc. Common Stock,2.89,9,9,4,9,5,2,2,40,-5.0,36.0,Poor,Stay away,53,-8.3,-16.7,-11.3,42.3,1,,Consumer Defensive,29375370.0,137043.11
PEJMF,Peijia Medical Limited,1.387,8,4,9,7,3,2,3,36,-5.0,36.0,Poor,🔥 COILED: Stay away,29,0.0,0.0,-0.0,48.1,1,,Healthcare,928412224.0,3800.0
BKHAR,Black Hawk Acquisition Corporation Rights,1.45,6,6,6,8,3,2,5,36,0.0,36.0,Poor,Stay away,42,-11.6,-5.8,-7.3,42.5,0,,nan,1766400.0,0.0
MPPTF,Mpact Limited,1.4,5,3,10,7,3,2,3,33,0.0,36.0,Poor,Stay away,33,0.0,0.0,-0.0,0.0,0,,Consumer Cyclical,203525840.0,0.0
IHT,InnSuites Hospitality Trust,1.71,13,8,5,6,5,2,4,43,-10.0,36.0,Poor,Stay away,50,2.4,2.4,0.7,52.6,2,,Real Estate,14375993.0,200719.22
SHPMF,Shanghai Pharmaceuticals Holding Co. Ltd,1.46,5,3,10,7,3,2,3,33,0.0,36.0,Poor,Stay away,33,0.0,0.0,-0.0,0.0,0,,Healthcare,5414208512.0,0.0
GRWPF,Growthpoint Properties Australia,1.54,5,3,10,7,3,2,3,33,0.0,36.0,Poor,Stay away,32,0.0,0.0,-0.0,0.0,1,,Real Estate,1161626240.0,0.0
LUNG,Pulmonx Corp,1.63,17,13,3,13,9,2,5,62,-29,36,Poor,Stay away,44,39.3,16.4,18.4,64.6,3,,Healthcare,68424272.0,1162899.3
RFGPF,Retail Food Group Limited,1.6,5,4,9,8,0,2,3,31,0.0,36.0,Poor,🔥 COILED: Stay away,36,0.0,0.0,0.0,50.0,0,,Consumer Cyclical,101135048.0,2300.0
HYHHF,Hygeia Healthcare Holdings Co Ltd,1.68,5,3,10,7,3,2,3,33,0.0,36.0,Poor,Stay away,31,0.0,0.0,-0.0,0.0,0,,Healthcare,1025346624.0,4.5
MNTK,Montauk Renewables Inc,1.71,13,5,3,12,3,4,4,44,-8.0,36.0,Poor,Stay away,43,-8.6,8.9,-0.7,50.7,1,,Basic Materials,241979936.0,273950.44
OST,Ostin Technology Group Co Ltd,1.695,6,4,10,8,3,2,3,36,-5.0,36.0,Poor,🔥 COILED: Stay away,45,0.0,0.0,-0.0,50.1,1,,Technology,10108845.0,10073.31
XJNGF,Xinjiang Goldwind Science & Technology Co. Ltd,1.17,6,2,9,11,3,2,3,36,0.0,36.0,Poor,Stay away,21,0.0,-10.0,-6.0,32.0,0,,Industrials,7264916480.0,819.0
MEOBF,Mesoblast Ltd,1.7,17,4,7,12,4,2,5,51,-18.0,36.0,Poor,Stay away,59,0.0,0.0,2.3,86.5,1,,Healthcare,2197803520.0,268.5
VNTEF,VNTEF,1.7,5,3,10,7,3,2,3,33,0.0,36.0,Poor,Stay away,0,0.0,0.0,-0.0,0.0,0,,Real Estate,466556000.0,0.0
JDLGF,JD Logistics Inc,1.525,3,8,5,7,3,3,2,31,0.0,36.0,Poor,🔥 COILED: Stay away,28,0.0,0.0,-1.2,41.0,0,,Industrials,11075524608.0,299.91
SYKWF,SKY Network Television Limited,1.89,10,6,11,6,3,2,3,41,-10.0,36.0,Poor,🔥 COILED: Stay away,35,0.0,0.0,0.0,50.0,0,,Communication Services,234047520.0,0.0
IPM,Intelligent Protection Management Corp,1.8,7,5,7,9,1,4,5,38,-5.0,36.0,Poor,Stay away,38,0.0,-0.6,0.3,51.3,1,,Technology,25550030.0,366868.57
GKSDF,Grupo KUO S.A.B. de C.V,1.9,8,4,9,9,3,2,3,38,-5.0,36.0,Poor,Stay away,30,0.0,0.0,-0.0,0.0,1,,Consumer Defensive,826638848.0,75.5
WAIOX,WASATCH INTERNATIONAL OPPORTUNITIES FUND INVESTOR CLASS SHARES,1.89,3,10,2,7,3,3,3,31,2.0,36.0,Poor,Stay away,36,1.1,-0.5,-0.3,47.9,0,,nan,0.0,0.0
YNNHF,Yihai International Holding Ltd,1.992,12,6,11,7,3,4,3,46,-13.0,36.0,Poor,Stay away,56,0.0,0.0,0.0,95.7,0,,Consumer Defensive,1932502912.0,5.72
TELDF,Telefónica Deutschland Holding AG,2.263,8,7,6,6,3,5,3,38,-10.0,36.0,Poor,🔥 COILED: Stay away,33,0.0,0.0,0.0,54.8,0,,Communication Services,6687346688.0,124.0
EDVGF,Endeavour Group Limited,2.25,10,5,9,5,4,3,2,38,-10.0,36.0,Poor,🔥 COILED: Stay away,35,0.0,0.0,0.1,52.1,0,,Consumer Defensive,3683392512.0,155.5
FGROY,FirstGroup PLC ADR,2.29,6,9,9,2,3,8,2,39,-8.0,36.0,Poor,🔥 COILED: Stay away,26,0.0,8.5,1.7,52.9,1,,Industrials,1118846592.0,0.0
GRGTF,Grainger plc,2.49,16,6,5,12,6,0,4,49,-13.0,36.0,Poor,Stay away,54,0.0,19.1,6.7,72.2,2,,Real Estate,1545059840.0,518.0
CGEN,Compugen,2.35,10,13,9,3,4,4,4,47,-16.0,36.0,Poor,🔥 COILED: Stay away,47,3.1,-0.8,1.4,52.1,0,,Healthcare,209977904.0,421153.81
VFORF,VFORF,1.91,7,11,7,10,4,2,3,44,-6.0,36.0,Poor,Stay away,35,5.3,3.8,2.8,55.8,2,,Communication Services,44204052.0,3645.74
BATXF,Battery X Metals Inc.,2.118,13,5,6,9,4,5,5,47,-11.0,36.0,Poor,Stay away,50,8.6,2.8,9.4,64.4,1,,Basic Materials,10368724.0,3730.4
CMCAU,Capitalworks Emerging Markets Acquisition Corp Unit,2.0,5,3,10,7,3,2,3,33,0.0,36.0,Poor,Stay away,31,0.0,0.0,-0.0,0.0,0,,Financial Services,nan,4.0
TLGUF,TLGUF,2.0,5,3,10,7,3,2,3,33,0.0,36.0,Poor,Stay away,31,0.0,0.0,-0.0,0.0,0,,Financial Services,nan,1.0
JZCLF,JZ Capital Partners Limited,2.25,5,3,10,7,3,2,3,33,0.0,36.0,Poor,Stay away,32,0.0,0.0,-0.0,0.0,0,,nan,224700448.0,15.0
DAMD,Defiance Daily Target 2X Short AMD ETF,1.72,6,9,4,13,4,2,3,41,-3.0,36.0,Poor,Stay away,29,9.6,-4.4,-1.8,47.0,1,,nan,nan,0.0
TV,Grupo Televisa SAB ADR,2.8,9,5,6,14,5,4,5,48,-12.0,36.0,Poor,Stay away,39,1.8,3.3,0.8,52.2,1,,Communication Services,1407250304.0,1656824.32
XDHFX,Dreyfus High Yield Strategies Fund,2.67,4,10,4,8,3,4,3,36,0.0,36.0,Poor,Stay away,27,0.4,-0.7,-0.3,39.3,0,,Other,0.0,0.0
CINSF,China Taiping Insurance Holdings Company Limited,2.81,10,6,11,6,3,2,3,41,-10.0,36.0,Poor,🔥 COILED: Stay away,0,0.0,0.0,0.0,50.0,0,,Financial Services,10099191808.0,47.5
CLAR,Clarus Corp,3.21,9,8,8,7,5,4,4,45,-10.0,36.0,Poor,Stay away,49,-1.5,-6.4,-1.6,47.7,1,,Consumer Cyclical,110327064.0,176941.95
VNJA,Vanjia Corp,4.5,8,9,1,10,3,2,2,35,0.0,36.0,Poor,Stay away,28,11.0,-30.3,-5.0,48.2,1,,Consumer Cyclical,82500000.0,166.45
PN,Skycorp Solar Group Limited Ordinary Shares,17.27,18,5,4,16,7,5,5,60,-22,36,Poor,Stay away,65,116.4,320.2,92.9,68.2,3,8,Technology,46704084.0,467671.61
WHLM,Wilhelmina,0.5,3,3,8,8,3,5,3,33,0.0,36.0,Poor,Stay away,9,0.0,0.0,-33.5,0.9,0,,Industrials,13529574.0,424.76
YMDAF,Yamada Holdings Co. Ltd,3.16,10,6,11,6,3,2,3,41,-10.0,36.0,Poor,🔥 COILED: Stay away,34,0.0,0.0,0.0,50.0,0,,Consumer Cyclical,2059765120.0,0.0
BTSGY,BTS Group Holdings PCL ADR,3.08,5,3,10,7,3,2,3,33,0.0,36.0,Poor,Stay away,33,0.0,0.0,-0.0,0.0,0,,Industrials,656627136.0,0.0
CESTY,Chinese Estates Holdings Ltd ADR,3.2,8,3,10,7,0,2,3,33,0.0,36.0,Poor,Stay away,28,0.0,0.0,-0.0,0.0,1,,Real Estate,305219040.0,3.55
HLYK,Healthlynked Corp,3.28,17,10,10,10,6,3,2,58,-25.0,36.0,Poor,Stay away,55,19.3,11.2,7.5,57.7,4,,Healthcare,10293864.0,2442.03
NPSCY,Nippon Steel Corp ADR,4.08,11,4,5,15,3,1,5,44,-6.0,36.0,Poor,Stay away,60,6.5,10.9,7.3,72.2,2,,Basic Materials,18082975744.0,225425.86
ILPMF,Permanent TSB Group Holdings plc,3.05,4,3,10,7,3,3,3,33,0.0,36.0,Poor,Stay away,23,0.0,0.0,-0.6,17.6,0,,Financial Services,1809372160.0,2690.0
BOVNF,BioInvent International AB (publ),3.289,8,4,9,7,3,2,3,36,-5.0,36.0,Poor,🔥 COILED: Stay away,30,0.0,0.0,-0.0,45.5,1,,Healthcare,216404224.0,9.08
MIDSX,MIDAS FUND MIDAS FUND,3.1,6,7,7,7,0,0,2,29,2.0,36.0,Poor,🔥 COILED: Stay away,23,-1.9,4.4,-1.9,45.0,0,,nan,0.0,0.0
BTDPF,Barratt Developments plc,3.95,17,4,7,11,3,2,5,49,-13.0,36.0,Poor,Stay away,44,0.0,12.9,6.7,97.9,2,,Consumer Cyclical,4901827584.0,0.0
JPDYY,Japan Display Inc ADR,3.77,8,6,10,7,3,1,3,38,-5.0,36.0,Poor,Stay away,32,0.0,0.0,-0.3,30.1,1,,Technology,1424104448.0,50.0
VTEX,VTEX,4.31,17,7,3,7,5,2,5,46,-10.0,36.0,Poor,Stay away,71,10.5,2.6,4.2,58.2,0,,Technology,635913216.0,1269007.12
ASOMF,ASOS Plc,3.7,15,6,12,8,3,2,3,49,-18.0,36.0,Poor,🔥 COILED: Stay away,51,0.0,0.0,0.2,96.1,1,,Consumer Cyclical,421163552.0,59.15
VSTM,Verastem Inc,5.8,11,5,4,13,3,0,5,41,-5.0,36.0,Poor,Stay away,37,-4.1,-3.8,3.0,57.4,1,,Healthcare,339192256.0,2176157.71
ORYZF,Oryzon Genomics S.A,3.5,7,8,2,9,4,1,5,36,1.0,36.0,Poor,Stay away,33,-4.2,-4.2,-1.9,43.7,2,,Healthcare,286798240.0,230.98
MDBPF,Medibank Private Limited,3.9,8,7,11,6,6,2,3,43,-10.0,36.0,Poor,Stay away,0,0.0,0.0,0.1,56.7,0,,Financial Services,10740613120.0,0.0
CSPCY,CSPC Pharmaceutical Group Limited,4.305,15,5,10,7,3,0,5,45,-12.0,36.0,Poor,Stay away,38,-0.1,5.3,3.4,60.5,0,,Healthcare,10378960896.0,14362.3
OSSUY,Össur hf,4.15,15,4,7,10,6,2,5,49,-13.0,36.0,Poor,Stay away,42,0.0,8.8,4.6,99.7,1,,Healthcare,1626394368.0,35.61
FOSL,Fossil Group Inc,4.95,19,8,6,17,7,2,5,64,-28.0,36.0,Poor,Stay away,71,22.2,19.6,14.8,71.1,4,,Consumer Cyclical,240543520.0,809402.87
SHIM,Shimmick Corporation Common Stock,3.78,10,5,8,8,2,3,2,38,-5.0,36.0,Poor,Stay away,48,3.6,1.9,-1.2,47.9,2,,Industrials,158206576.0,90288.38
IVA,Inventiva Sa,4.48,14,5,8,13,1,2,5,48,-15.0,36.0,Poor,Stay away,37,0.4,-3.0,1.4,53.1,1,,Healthcare,883849728.0,340807.98
NEWP,New Pacific Metals Corp,4.64,14,8,9,12,2,6,5,56,-18.0,36.0,Poor,Stay away,54,3.1,13.7,6.0,56.5,3,,Basic Materials,784696128.0,948094.82
AHT-PH,Ashford Hospitality Trust Inc,5.33,12,14,9,4,5,4,3,51,-13.0,36.0,Poor,Stay away,35,-0.7,5.3,2.7,55.7,2,,Real Estate,102473640.0,5197.2
BSEM,Biostem Technologies Inc,3.314,0,12,3,10,4,1,4,34,1.0,36.0,Poor,Stay away,16,-17.4,-12.1,-8.3,41.2,0,,Healthcare,63690208.0,81052.75
EDHL,Everbright Digital Holding Limited Ordinary Shares,4.25,11,14,5,3,4,4,5,46,-13.0,36.0,Poor,🔥 COILED: Stay away,42,18.1,8.7,4.4,52.3,2,,Communication Services,4350810.0,517847.31
PLMUF,Plum Acquisition Corp. III,4.01,5,3,10,7,3,2,3,33,0.0,36.0,Poor,Stay away,28,0.0,0.0,-0.0,36.0,0,,Financial Services,nan,176.23
AGXKF,Anglo Asian Mining PLC,5.1,9,11,1,10,6,4,2,43,-8.0,36.0,Poor,Stay away,49,-8.1,-12.1,-4.9,42.3,0,,Basic Materials,537407488.0,1502.5
XPHKX,PIMCO High Income Fund,4.48,2,8,3,8,3,4,3,31,2.0,36.0,Poor,Stay away,34,0.4,-0.2,-0.1,46.8,0,,Other,0.0,0.0
AEAEU,Altenergy Acquisition Corp Unit,4.5,5,3,10,7,3,2,3,33,0.0,36.0,Poor,Stay away,27,0.0,0.0,-0.0,0.0,0,,Financial Services,nan,1.34
AYAAY,Ayala Land Inc,5.0,5,3,10,8,3,1,3,33,0.0,36.0,Poor,Stay away,19,0.0,0.0,-0.1,0.4,0,,Real Estate,3577076224.0,5.52
NUVB,Nuvation Bio Inc,6.33,14,5,5,14,3,3,5,49,-13.0,36.0,Poor,Stay away,55,-1.4,9.1,1.9,55.7,2,,Healthcare,1800204288.0,6238536.29
APPIF,Appier Group Inc.,4.8,4,5,7,7,3,3,2,31,0.0,36.0,Poor,🔥 COILED: Stay away,28,0.0,0.0,-0.7,47.1,0,,Technology,507294624.0,57.89
DVTC,Development Technologies Corp,5.0,10,7,10,6,3,2,3,41,-10.0,36.0,Poor,🔥 COILED: Stay away,35,0.0,0.0,0.0,51.9,0,,Financial Services,272504992.0,0.59
GGROU,Golden Growers Cooperative,5.0,5,3,10,7,3,2,3,33,0.0,36.0,Poor,Stay away,35,0.0,0.0,-0.0,2.6,0,,Consumer Defensive,77452496.0,1245.0
HLDSX,THE HARTFORD EMERGING MARKETS LOCAL DEBT FUND CLASS R4,4.92,6,7,8,8,0,4,3,36,-3.0,36.0,Poor,Stay away,40,0.6,0.0,-0.1,47.9,0,,nan,0.0,0.0
JAFJX,John Hancock Variable Insurance Trust - Capital Appreciation Value Trust,4.81,3,10,0,9,3,3,3,31,2.0,36.0,Poor,Stay away,30,0.0,-1.0,-1.0,45.1,0,,nan,nan,0.0
PYPG,Leverage Shares 2X Long PYPL Daily ETF,8.655,13,5,7,14,7,2,5,53,-17.0,36.0,Poor,Stay away,58,3.5,1.8,11.8,68.9,0,,nan,nan,630115.26
PHGFX,Popular High Grade Fixed-Income A,4.95,13,8,4,6,4,4,4,43,-10.0,36.0,Poor,Stay away,51,0.4,1.0,0.6,58.6,0,,nan,nan,0.0
CCTC,Clean Coal Technologies Inc,4.08,17,7,6,16,7,5,5,63,-25.8,35.2,Poor,Stay away,62,6.8,22.9,21.2,66.4,3,,Industrials,130232720.0,0.0
CGXYF,China Galaxy Securities Co. Ltd,1.0,9,6,11,6,3,2,3,40,-10.0,35.0,Poor,🔥 COILED: Stay away,34,0.0,0.0,0.0,50.0,0,,Financial Services,10934402048.0,0.0
NWPIF,ClearStream Energy Services Inc,1.03,5,5,2,12,0,2,4,30,0.0,35.0,Poor,Stay away,35,12.2,3.0,-0.1,47.8,1,,Energy,133101504.0,0.0
DFORF,D4t4 Solutions Plc,1.0,4,4,8,9,3,1,3,32,0.0,35.0,Poor,Stay away,14,0.0,0.0,-0.6,0.0,0,,Technology,38201184.0,240.38
NWTG,Newton Golf Company,1.06,10,7,4,14,3,2,5,45,-8.0,35.0,Poor,Stay away,21,-3.6,-1.9,2.3,52.9,1,,Consumer Cyclical,4847513.0,76705.72
FIUXX,First American Funds Inc. - First American Institutional Prime Obligations Fund,1.0,8,7,11,6,3,2,3,40,-10.0,35.0,Poor,🔥 COILED: Stay away,43,0.0,0.0,0.0,54.9,0,,nan,nan,0.0
TCPXX,SEI Daily Income Trust - Prime Obligation Fund,1.0,10,4,11,6,4,2,3,40,-10.0,35.0,Poor,🔥 COILED: Stay away,35,0.0,-0.0,0.0,50.0,0,,nan,nan,0.0
FAWXX,FAWXX,2.13,12,5,3,7,1,0,4,32,0.0,35.0,Poor,Stay away,39,-9.0,4.4,1.3,52.5,0,,nan,nan,0.0
VTDXX,VTDXX,4.178,8,7,11,6,3,2,3,40,-10.0,35.0,Poor,🔥 COILED: Stay away,48,0.0,0.0,0.0,53.7,0,,nan,nan,0.0
CALC,"CalciMedica, Inc. Common Stock",1.0,15,14,5,12,6,4,5,61,-27.0,35.0,Poor,Stay away,46,31.6,35.9,24.7,63.0,3,,Healthcare,13431486.0,468266.46
CHWRF,China Tower Corporation Limited,1.1,3,5,9,7,3,1,2,30,0.0,35.0,Poor,🔥 COILED: Stay away,18,0.0,0.0,-1.3,47.4,0,,Communication Services,20103378944.0,0.0
AIKO,Alternative Investment Corporation,0.983,3,5,7,8,3,7,2,35,-5.0,35.0,Poor,🔥 COILED: Stay away,25,0.0,0.0,-3.3,46.3,1,,Financial Services,17602666.0,4.5
BENZF,Benz Mining Corp,2.33,17,6,4,15,5,4,5,56,-19.0,35.0,Poor,Stay away,66,-0.9,35.9,14.9,67.2,3,,Basic Materials,420660128.0,21704.77
PVTRF,Pivotree Inc.,1.29,9,6,11,9,3,4,3,45,-13.0,35.0,Poor,Stay away,47,0.0,0.0,0.0,100.0,0,,Technology,33779236.0,91.25
GIGM,Giga Media Ltd,1.42,9,14,4,4,4,2,3,40,-11.0,35.0,Poor,Stay away,34,2.9,2.2,2.8,53.5,2,,Communication Services,15804695.0,8823.05
BSKZF,Bambuser AB (publ),1.39,9,4,11,7,3,2,3,39,-7.0,35.0,Poor,Stay away,49,0.0,0.0,0.0,64.5,1,,Technology,11192210.0,50.48
HUIZ,Huize Holding Ltd,1.15,2,5,7,9,0,4,3,30,0.0,35.0,Poor,🔥 COILED: Stay away,26,-1.7,-9.4,-5.3,43.2,0,,Financial Services,14557803.0,156524.62
JCSE,JE Cleantech Holdings Ltd,1.36,12,3,8,7,5,2,5,42,-7.0,35.0,Poor,Stay away,46,0.0,2.3,-1.1,49.7,0,,Industrials,6984128.0,534325.72
PAFRF,Pan African Resources PLC,1.26,6,6,6,9,3,3,2,35,0.0,35.0,Poor,Stay away,19,-1.9,-0.8,-2.9,32.2,0,,Basic Materials,2959877632.0,594.9
BCTCF,BC Technology Group Limited,1.5,11,7,9,5,4,1,5,42,-15.0,35.0,Poor,🔥 COILED: Stay away,22,0.0,0.0,1.6,51.2,1,,Financial Services,1321977856.0,73.6
JMHSF,James Halstead plc,1.69,11,6,7,9,3,2,4,42,-10.0,35.0,Poor,Stay away,28,0.0,0.4,0.5,81.0,0,,Industrials,649601792.0,954.82
YITYY,Yit Oyj ADR,1.55,7,3,10,9,3,2,3,37,-5.0,35.0,Poor,Stay away,35,0.0,0.0,-0.0,7.4,1,,Industrials,715002752.0,7.5
EAPIF,Euroapi S.A,1.51,4,5,8,8,3,5,2,35,-5.0,35.0,Poor,🔥 COILED: Stay away,45,0.0,0.0,-0.3,47.1,1,,Healthcare,148133664.0,115.14
FRCEF,Fletcher Building Limited,2.1,15,4,6,11,6,6,5,53,-18.0,35.0,Poor,Stay away,65,0.0,0.0,7.2,99.4,1,,Basic Materials,1752082816.0,69.75
TETOF,Tectonic Metals Inc,1.45,7,8,8,10,0,2,2,37,-5.0,35.0,Poor,Stay away,28,-1.4,-2.0,-3.2,43.5,1,,Basic Materials,238990512.0,106798.95
EQTL,Equitech International Corporation,1.65,6,3,4,8,3,5,3,32,0.0,35.0,Poor,Stay away,31,0.0,0.0,-0.5,27.7,0,,Technology,2749187.0,60.88
FAURY,Faurecia S.E,1.93,8,3,9,9,3,2,3,37,-5.0,35.0,Poor,Stay away,29,0.0,0.0,-0.0,0.0,1,,Consumer Cyclical,1425507456.0,0.55
HANOF,HANOF,2.67,15,4,5,11,6,2,5,48,-13.0,35.0,Poor,Stay away,55,0.0,0.0,10.3,100.0,0,,Technology,602782976.0,2.5
CRRNF,Cairn Homes plc,1.99,9,6,11,6,3,2,3,40,-10.0,35.0,Poor,🔥 COILED: Stay away,42,0.0,0.0,0.0,50.0,0,,Consumer Cyclical,1236098944.0,0.0
IDPUF,IDP Education Limited,2.03,7,4,7,7,3,1,3,32,0.0,35.0,Poor,Stay away,17,0.0,0.0,-0.3,0.0,0,,Consumer Defensive,565022528.0,35.37
RAASY,Cloopen Group Holding Ltd - ADR,2.03,9,10,9,3,8,3,3,45,-13.0,35.0,Poor,Stay away,54,0.5,0.5,0.5,52.6,2,,Technology,119771456.0,17449.74
NTCL,NETCLASS TECHNOLOGY INC Class A Ordinary Shares,2.69,13,7,2,8,3,0,5,38,-3.0,35.0,Poor,Stay away,50,-18.5,-39.8,-11.7,48.1,1,,Technology,105499512.0,1754800.08
PMAX,Powell Max Limited Class A Ordinary Shares,1.65,7,8,7,8,4,2,2,38,-3.0,35.0,Poor,Stay away,28,3.1,-13.6,-5.8,43.6,1,,Financial Services,3636505.0,510264.41
FTROF,First Resources Limited,2.26,12,6,11,8,3,2,3,45,-13.0,35.0,Poor,Stay away,55,0.0,0.0,0.0,100.0,0,,Consumer Defensive,4077327872.0,79.5
ITAYY,Indo Tambangraya Megah Tbk PT ADR,2.7,3,5,2,10,5,6,2,33,2.0,35.0,Poor,Stay away,28,6.1,-8.2,-2.6,40.1,1,,Energy,1376900352.0,1411.38
MOPLF,Molinos Rio de la Plata S.A.,2.35,9,6,11,6,3,2,3,40,-10.0,35.0,Poor,🔥 COILED: Stay away,52,0.0,0.0,0.0,50.0,1,,Consumer Defensive,473325504.0,46.97
PHCI,Panamera Holdings Corporation,2.5,11,7,11,5,4,1,3,42,-15.0,35.0,Poor,🔥 COILED: Stay away,17,0.0,0.0,0.4,47.5,1,,Basic Materials,191364928.0,179.8
GLND,Greenland Energy Company Common Stock,2.27,7,12,8,4,3,2,5,41,-6.0,35.0,Poor,Stay away,0,12.9,-1.3,4.8,51.1,0,,Energy,125942960.0,0.0
DTI,Drilling Tools International Corp.,2.35,11,12,10,6,4,2,5,50,-13.0,35.0,Poor,Stay away,23,1.7,3.1,3.3,55.1,1,,Energy,97686688.0,224060.59
UNICY,Unicharm Corp,3.11,16,6,3,9,3,4,5,46,-9.0,35.0,Poor,Stay away,62,7.6,6.5,4.5,63.6,1,,Consumer Defensive,9808715776.0,592385.79
KLTHF,Koolearn Technology Holding Limited,2.8,9,6,11,6,3,2,3,40,-10.0,35.0,Poor,🔥 COILED: Stay away,53,0.0,0.0,0.0,50.0,0,,Consumer Defensive,2947582976.0,762.5
CAZGF,Catapult Group International Limited,2.435,9,6,2,7,3,3,5,35,-3.0,35.0,Poor,Stay away,31,1.5,-2.6,0.7,51.6,1,,Technology,958492928.0,1044.9
HTOO,Fusion Fuel Green PLC,2.65,7,16,9,6,4,2,3,47,-15.0,35.0,Poor,Stay away,33,1.9,3.3,0.1,48.0,1,,Utilities,10453104.0,250540.51
SLFPF,Abrdn PLC,3.23,16,4,4,6,6,4,5,45,-10.0,35.0,Poor,Stay away,45,-6.1,7.0,3.3,57.6,0,,Financial Services,5528461824.0,0.0
WEJTY,Webjet Limited,1.25,3,7,7,7,3,3,2,32,0.0,35.0,Poor,Stay away,9,0.0,0.0,-4.5,39.8,0,,Consumer Cyclical,1103819776.0,65.25
ARAAF,Aclara Resources Inc,2.53,5,11,8,8,4,2,2,40,-3.0,35.0,Poor,Stay away,45,0.8,0.3,-3.5,41.8,2,,Basic Materials,752060736.0,158802.46
AGEN,Agenus Inc,7.5,18,5,4,9,7,4,5,52,-17.0,35.0,Poor,Stay away,59,25.4,49.7,33.7,74.3,2,,Healthcare,134088632.0,633734.88
PYYX,Pyxus International Inc,3.35,11,5,7,9,6,0,4,42,-10.0,35.0,Poor,Stay away,51,-4.0,-4.3,-2.5,45.4,0,,Consumer Defensive,67917504.0,4845.05
GLSSX,Invesco Global Strategic Income Fund Class R5,3.12,6,9,4,8,1,4,3,35,-3.0,35.0,Poor,Stay away,29,1.0,0.0,-0.0,48.5,0,,nan,nan,0.0
MAQAF,Atlas Arteria Limited,3.3,3,5,3,9,6,4,2,32,0.0,35.0,Poor,Stay away,32,0.0,-16.7,-4.9,44.6,0,,Industrials,4904479232.0,0.0
TPLWF,Temple & Webster Group Ltd,3.9,11,7,4,13,1,4,2,42,-7.0,35.0,Poor,Stay away,40,8.3,-4.6,-1.1,48.2,1,,Consumer Cyclical,412542592.0,3024.61
ADAG,Adagene Inc,3.75,10,12,6,4,9,2,2,45,-13.0,35.0,Poor,Stay away,49,17.2,4.5,1.5,51.1,2,,Healthcare,236539872.0,167928.78
GPIOX,GRANDEUR PEAK INTERNATIONAL OPPORTUNITIES FUND GRANDEUR PEAK INTERNATIONAL OPPORTUNITIES FUND INVESTOR CLASS,3.48,5,8,2,7,3,3,2,30,2.0,35.0,Poor,Stay away,45,0.6,0.3,-0.3,48.0,0,,nan,0.0,0.0
XIACF,Xiaomi Corp,3.69,16,4,4,7,1,3,5,40,-3.0,35.0,Poor,Stay away,33,9.2,6.3,4.8,57.3,1,,Technology,90493812736.0,70174.48
AOAO,Alpha One Inc,3.55,5,4,9,7,3,4,3,35,-5.0,35.0,Poor,🔥 COILED: Stay away,35,0.0,0.0,-0.0,48.1,1,,Communication Services,38954460.0,0.4
DFITX,DFA International Real Estate Sec I,3.91,14,6,4,9,3,4,5,45,-10.0,35.0,Poor,Stay away,59,2.4,1.8,1.8,63.3,0,,nan,0.0,0.0
GPIIX,GRANDEUR PEAK INTERNATIONAL OPPORTUNITIES FUND GRANDEUR PEAK INTERNATIONAL OPPORTUNITIES FUND INSTITUTIONAL CLASS,3.52,5,8,2,7,3,3,2,30,2.0,35.0,Poor,Stay away,45,0.6,0.3,-0.2,48.1,0,,nan,0.0,0.0
KNCAF,Konica Minolta Inc,3.54,3,3,10,8,0,5,3,32,0.0,35.0,Poor,Stay away,0,0.0,0.0,-1.0,23.5,0,,Industrials,1846270208.0,0.0
NSANY,Nissan Motor Co Ltd ADR,4.24,12,6,1,13,1,4,5,42,-5.0,35.0,Poor,Stay away,25,7.8,4.6,3.3,55.3,1,,Consumer Cyclical,7587150336.0,174867.4
CHRCF,CHRCF,4.15,4,6,10,7,3,3,4,37,-5.0,35.0,Poor,Stay away,26,0.0,0.0,-0.4,34.1,1,,Technology,518375136.0,98.98
BIREF,Birchcliff Energy Ltd.,4.56,5,17,9,4,3,0,5,43,-6.0,35.0,Poor,Stay away,24,-1.1,1.6,0.9,51.6,1,,Energy,1341471744.0,96578.43
RGP,Resources Connection Inc,4.37,5,12,2,11,4,2,2,38,-1.0,35.0,Poor,Stay away,46,15.9,-5.8,1.7,51.3,2,,Industrials,153280528.0,386519.93
XRCSX,PIMCO Strategic Income Fund Inc,4.56,6,8,2,8,4,4,3,35,-3.0,35.0,Poor,Stay away,41,0.7,-0.2,-0.0,49.0,0,,Other,0.0,0.0
ESFCX,ASHMORE EMERGING MARKETS SHORT DURATION FUND CLASS C,4.56,4,8,3,8,3,4,3,33,2.0,35.0,Poor,Stay away,28,0.4,-1.1,-0.3,37.0,0,,nan,nan,0.0
ESFAX,ASHMORE EMERGING MARKETS SHORT DURATION FUND CLASS A,4.78,4,8,3,8,3,4,3,33,2.0,35.0,Poor,Stay away,31,0.4,-1.0,-0.3,37.9,0,,nan,0.0,0.0
BMNU,T-REX 2X Long BMNR Daily Target ETF,10.2,15,3,7,15,3,3,5,51,-16.2,34.8,Poor,Stay away,52,15.5,15.8,27.7,64.0,2,,nan,nan,0.0
CCXIW,Churchill Capital Corp XI Warrants,6.77,13,10,7,3,9,0,2,44,-8.0,34.0,Poor,Stay away,0,4.2,-3.3,5.5,56.4,1,,nan,nan,0.0
SVIVW,Spring Valley Acquisition Corp. IV Warrants,1.0,10,14,3,8,4,6,5,50,-16.0,34.0,Poor,Stay away,0,39.2,5.3,11.5,54.0,1,,nan,nan,0.0
TWODF,Taylor Wimpey plc,1.05,6,6,6,8,1,1,3,31,0.0,34.0,Poor,Stay away,25,-4.5,2.9,-0.7,48.4,0,,Consumer Cyclical,3299808768.0,0.0
KSHTY,Kuaishou Technology,1.093,2,7,6,7,4,0,2,28,2.0,34.0,Poor,Stay away,24,-2.4,-4.1,-2.1,47.4,0,,Communication Services,25135198208.0,11383.8
RSHPF,Irish Residential Properties REIT Plc,1.32,17,4,6,9,6,0,5,47,-13.0,34.0,Poor,Stay away,65,0.0,2.7,3.0,88.6,0,,Real Estate,617768384.0,838.23
PETZ,TDH Holdings Inc,1.18,9,11,2,11,5,4,2,44,-10.0,34.0,Poor,Stay away,49,0.0,4.4,-1.0,48.7,0,,Consumer Cyclical,12181456.0,164739.57
WVMDF,West Vault Mining Inc,1.092,3,8,5,7,4,0,5,32,-1.0,34.0,Poor,Stay away,24,-2.5,-8.1,-1.9,45.2,1,,Basic Materials,70271440.0,12046.72
PGWFF,PGG Wrightson Limited,1.35,10,7,11,6,0,2,3,39,-10.0,34.0,Poor,🔥 COILED: Stay away,0,0.0,0.0,0.0,50.0,0,,Industrials,190219888.0,0.0
KLTR,Kaltura Inc,1.37,5,5,5,13,4,2,5,39,-5.0,34.0,Poor,Stay away,31,-2.1,-1.4,-0.2,50.1,1,,Technology,218043376.0,597583.47
EUSHY,Eurocash SA PK,1.36,6,8,7,7,3,1,2,34,-5.0,34.0,Poor,🔥 COILED: Stay away,19,0.0,0.0,-1.1,44.5,1,,Consumer Defensive,189262064.0,28.88
CGCTW,Cartesian Growth Corporation III Warrant,1.4,11,14,2,14,8,2,5,56,-20,34,Poor,Stay away,53,100.3,100.3,33.7,57.8,2,8,nan,nan,69534.04
MLPNF,Millennial Potash Corp.,1.532,11,3,5,14,1,4,5,43,-9.0,34.0,Poor,Stay away,29,-10.9,6.8,1.1,52.6,1,,Basic Materials,185594736.0,154314.15
GZTGF,G City Ltd,3.5,15,4,7,13,6,2,5,52,-18.0,34.0,Poor,Stay away,52,0.0,0.0,29.4,94.2,0,,Real Estate,257207856.0,503.43
FNDM,Fund.com Inc,1.5,10,7,11,6,3,2,3,42,-13.0,34.0,Poor,🔥 COILED: Stay away,34,0.0,0.0,0.0,46.3,1,,Financial Services,7913057.0,0.0
BLND,Blend Labs Inc,1.78,10,10,9,4,7,3,3,46,-15.0,34.0,Poor,🔥 COILED: Stay away,46,5.3,-1.7,1.4,52.7,2,,Technology,416440640.0,3669056.99
IDXG,Interpace Biosciences Inc,1.517,3,13,3,8,3,2,2,34,0.0,34.0,Poor,Stay away,41,3.9,-0.5,-1.9,45.3,1,,Healthcare,46260508.0,8400.32
FTEXX,Fidelity Union Street Trust II - Fidelity Municipal Money Market Fund,2.21,12,5,2,7,1,0,4,31,0.0,34.0,Poor,Stay away,34,-9.1,6.2,1.2,52.5,0,,nan,nan,0.0
TCMFF,Telecom Argentina S.A,1.225,3,3,3,11,3,3,5,31,0.0,34.0,Poor,Stay away,28,0.0,0.0,-8.6,42.8,0,,Communication Services,3768954112.0,0.0
SDCH,SideChannel Inc.,1.841,7,9,4,7,5,2,3,37,-3.0,34.0,Poor,Stay away,48,0.6,-0.1,-0.7,47.2,2,,Technology,9145514.0,83299.25
HMCLF,HMCLF,2.06,14,4,6,7,6,2,5,44,-13.0,34.0,Poor,Stay away,27,0.0,7.3,2.8,97.8,1,,Real Estate,792222208.0,124.67
KHDHF,KHD Humboldt Wedag International AG,1.85,4,3,10,8,0,3,3,31,0.0,34.0,Poor,Stay away,20,0.0,0.0,-0.1,10.1,0,,Industrials,109531816.0,66.0
JAGU,Jaguar Uranium Corp.,1.69,3,12,9,9,3,0,3,39,-3.0,34.0,Poor,Stay away,0,1.8,-4.5,-0.7,47.4,1,,Energy,41397240.0,0.0
RMLRF,Ramelius Resources Ltd,2.23,13,5,9,5,1,5,5,43,-10.0,34.0,Poor,Stay away,30,-0.9,6.2,1.0,51.7,1,,Basic Materials,4627373056.0,23778.77
YOTA,Yotta Acquisition Corporation Common Stock,2.0,5,3,10,10,3,2,3,36,-5.0,34.0,Poor,Stay away,32,0.0,0.0,-0.0,1.0,1,,Financial Services,7365208.0,105.3
ADIL,Adial Pharmaceuticals Inc,3.34,14,6,6,15,9,4,5,59,-25.0,34.0,Poor,Stay away,63,20.1,19.3,16.0,73.3,3,,Healthcare,5187563.0,67253.46
ATIIW,Archimedes Tech SPAC Partners II Co. Warrant,1.6,7,6,6,9,7,2,2,39,-3.0,34.0,Poor,Stay away,35,-10.6,-11.1,-8.7,45.8,0,,nan,nan,65860.77
BLUGF,BLUGF,1.539,5,6,5,7,4,0,2,29,2.0,34.0,Poor,Stay away,0,-4.2,2.6,-4.9,42.9,0,,nan,nan,0.0
GSKRF,Goldsky Resources Corp.,2.28,11,12,4,10,2,4,2,45,-11.0,34.0,Poor,Stay away,40,-0.9,6.0,-0.5,48.2,1,,Basic Materials,496943264.0,58451.82
SHGR,Success Hldg Grp,2.374,12,6,10,8,3,2,3,44,-13.0,34.0,Poor,Stay away,52,0.0,0.0,0.1,100.0,0,,Financial Services,50114384.0,20.5
HGPI,Horizon Group Properties Inc,2.35,18,5,4,15,6,5,4,57,-23,34,Poor,Stay away,54,135.0,135.0,28.5,65.3,3,6,Real Estate,22635690.0,329.66
AEMMF,A2A S.p.A,2.6,10,6,11,9,3,2,3,44,-13.0,34.0,Poor,Stay away,47,0.0,0.0,0.0,98.7,0,,Utilities,8124445696.0,34.06
HTWSF,Helios Towers plc,2.69,8,6,5,11,0,3,3,36,0.0,34.0,Poor,Stay away,43,-2.5,1.6,-1.6,45.9,0,,Communication Services,3065930752.0,5592.19
SLUNF,Solutions 30 SE,2.84,5,4,9,8,3,2,3,34,-5.0,34.0,Poor,🔥 COILED: Stay away,28,0.0,0.0,0.0,50.0,1,,Technology,304077536.0,425.3
TTSH,Tile Shop Holdings Inc,2.94,7,10,9,4,8,1,3,42,-13.0,34.0,Poor,🔥 COILED: Stay away,43,-0.7,3.2,1.6,52.2,1,,Consumer Cyclical,113491952.0,176695.34
FCAFF,Firm Capital Apartment Real Estate Investment Trust,2.75,8,3,9,8,3,2,3,36,-5.0,34.0,Poor,Stay away,30,0.0,0.0,-0.0,0.1,1,,Real Estate,20912032.0,58.5
NCEL,NewcelX Ltd.,3.49,5,11,2,8,9,0,2,37,-1.0,34.0,Poor,Stay away,45,-7.1,-14.7,-5.3,43.4,1,,Healthcare,17013032.0,111558.62
CARD,MAX™ Auto Industry -3X Inverse Leveraged ETNs,2.45,1,12,4,8,3,0,4,32,2.0,34.0,Poor,Stay away,21,-8.5,1.3,-1.0,48.2,0,,nan,nan,21015.43
GNZUY,"Guangzhou Automobile Group Co., Ltd.",2.89,4,7,5,11,3,3,2,35,-1.0,34.0,Poor,Stay away,26,2.1,2.1,0.4,48.7,1,,Consumer Cyclical,3059119616.0,9.31
PLTK,Playtika Holding Corp,3.99,12,6,2,9,7,3,4,43,-10.0,34.0,Poor,Stay away,63,8.4,-0.6,3.0,54.5,2,,Communication Services,1198195584.0,1681689.88
PIM,Putnam Master Intermediate Income Trust,3.12,2,13,1,7,4,1,2,30,4.0,34.0,Poor,Stay away,20,0.6,-1.0,-0.8,43.6,0,,Financial Services,150335136.0,116653.95
GBCS,Global Healthcare REIT Inc,5.41,15,10,10,6,7,0,5,53,-22.0,34.0,Poor,Stay away,58,-1.6,2.1,4.6,65.5,0,,Healthcare,9109165.0,0.0
OSIIX,Oppenheimer Global Strtgc Incm Fd Cl I,3.1,6,9,4,8,0,4,3,34,-3.0,34.0,Poor,Stay away,30,1.0,0.0,-0.1,47.9,0,,nan,0.0,0.0
ETU,T-Rex 2X Long Ether Daily Target ETF,4.11,7,7,8,11,0,3,5,41,-10.0,34.0,Poor,Stay away,26,0.0,1.5,-0.7,49.4,0,,nan,nan,180034.36
XRX,Xerox Corp,2.95,15,6,3,9,5,1,5,44,-6.0,34.0,Poor,Stay away,62,14.3,6.5,3.7,52.2,1,,Industrials,456420832.0,4827438.68
XNROX,Neuberger Berman Real Estate Securities Income Fd Inc,3.29,6,4,8,7,1,0,3,29,0.0,34.0,Poor,🔥 COILED: Stay away,39,-2.1,-1.8,-0.9,45.7,0,,Other,0.0,0.0
CTAGF,Capita PLC,3.5,5,3,10,8,3,4,3,36,-5.0,34.0,Poor,Stay away,40,0.0,0.0,-0.0,34.7,1,,Industrials,419231136.0,49.0
AHIYX,INVESCO HIGH YIELD FUND CLASS R5,3.49,2,10,2,8,3,4,3,32,2.0,34.0,Poor,Stay away,22,0.3,-0.9,-0.3,37.1,0,,nan,0.0,0.0
PTLO,Portillo's Inc,4.57,9,6,7,5,5,7,2,41,-10.0,34.0,Poor,Stay away,36,5.1,-2.1,-0.1,50.2,0,,Consumer Cyclical,279028608.0,2375749.03
SUSRF,Surgical Science Sweden AB (publ),4.0,10,3,12,8,6,2,3,44,-13.0,34.0,Poor,Stay away,45,0.0,0.0,0.2,92.0,0,,Healthcare,280117536.0,525.93
HAIVF,Haivision Systems Inc,3.11,3,10,8,9,2,3,2,37,-3.0,34.0,Poor,Stay away,18,2.5,-1.9,-1.5,40.6,1,,Technology,118791104.0,16897.61
RAFI,Regency Affiliates Inc,4.25,4,1,9,9,3,5,3,34,0.0,34.0,Poor,Stay away,39,-1.2,-1.2,-0.8,37.3,0,,Financial Services,18741268.0,1231.71
BWTL,Bowlin Travel Centers Inc,3.7,15,4,5,11,1,3,5,44,-13.0,34.0,Poor,Stay away,28,0.0,9.1,3.8,80.7,1,,Consumer Cyclical,15188172.0,113.01
FRGT,Freight Technologies Inc,2.94,5,10,1,9,8,2,2,37,-1.0,34.0,Poor,Stay away,48,-2.3,-23.0,-13.3,42.7,1,,Technology,2483022.0,186134.11
SITIF,SITC International Holdings Company Limited,5.01,17,3,4,8,6,4,5,47,-13.0,34.0,Poor,Stay away,70,-0.2,22.8,10.4,86.5,2,,Industrials,11636963328.0,6273.59
WGRX,"Wellgistics Health, Inc. Common Stock",3.03,14,5,4,12,3,2,3,43,-9.0,34.0,Poor,Stay away,50,-15.4,6.6,-2.5,49.7,1,,Healthcare,11033935.0,340484.16
PIGDX,PNC INTERNATIONAL GROWTH FUND CLASS I,4.31,1,8,3,7,3,5,2,29,2.0,34.0,Poor,Stay away,35,-0.2,0.5,-1.2,44.5,0,,nan,0.0,0.0
AHT-P-I,Ashford Hospitality Trust Inc 7.50% Series I Cumulative Preferred Stock,5.245,9,10,9,5,1,4,3,41,-8.0,34.0,Poor,Stay away,32,-2.5,5.2,2.0,54.3,1,,Other,nan,7772.28
APHBF,APHBF,4.44,4,6,1,12,4,2,2,31,0.0,34.0,Poor,Stay away,47,0.0,-8.6,-2.6,44.5,0,,nan,nan,156.0
REIGX,Federated Hermes International Growth Fund Class R6 Shares,4.33,1,8,3,7,3,5,2,29,2.0,34.0,Poor,Stay away,35,-0.5,0.5,-1.2,44.2,0,,nan,nan,0.0
SOPH,Sophia Genetics SA,5.67,10,7,2,10,7,4,5,45,-11.0,34.0,Poor,Stay away,62,-0.9,-3.4,-1.4,49.4,1,,Healthcare,356080224.0,124125.85
SITC,Site Centers Corp,4.28,5,6,4,7,2,5,2,31,0.0,34.0,Poor,Stay away,14,-2.3,-4.5,-2.7,42.2,0,,Real Estate,262636736.0,1023297.68
LUD,Luda Technology Group Limited,4.44,7,17,9,6,3,2,2,46,-8.0,34.0,Poor,Stay away,36,8.6,5.5,2.5,50.7,1,,Basic Materials,114414328.0,78468.27
BBOE,Black Box Entertainment Ltd,0.61,3,4,7,8,3,3,2,30,0.0,33.0,Poor,Stay away,30,0.0,0.0,-7.9,1.3,0,,Financial Services,13822455.0,335.31
FAUXX,FAUXX,1.96,10,5,4,7,1,0,3,30,0.0,33.0,Poor,Stay away,30,-8.0,0.0,0.1,50.9,0,,nan,nan,0.0
CHSN,Chanson International Holding Class A Ordinary Shares,1.1,7,12,5,4,2,4,5,39,-6.0,33.0,Poor,Stay away,26,-7.6,3.8,-1.5,48.1,0,,Consumer Cyclical,2898858.0,192116.47
CEVIF,China Everbright Limited,1.23,9,4,11,6,3,6,3,42,-12.0,33.0,Poor,Stay away,50,0.0,0.0,0.0,63.8,1,,Financial Services,2966046720.0,0.0
CRDOF,Cerrado Gold Inc,1.329,17,5,5,14,3,6,5,55,-22.0,33.0,Poor,Stay away,58,6.3,14.7,5.9,59.0,3,,Basic Materials,181807472.0,236126.35
LOVFF,Cannara Biotech Inc,1.327,11,6,3,8,3,4,5,40,-10.0,33.0,Poor,🔥 COILED: Stay away,59,-1.7,-2.7,0.6,53.5,0,,Healthcare,114587280.0,6142.77
TOIPF,Thai Oil Public Company Limited,1.25,5,3,6,9,3,1,3,30,0.0,33.0,Poor,Stay away,0,0.0,0.0,-0.3,7.0,0,,Energy,4169320448.0,0.0
ADSLF,Andean Silver Limited,1.36,4,8,8,7,2,2,2,33,-3.0,33.0,Poor,Stay away,35,-3.5,6.2,-1.4,47.7,2,,Basic Materials,318289600.0,175342.05
BEEM,Beam Global,1.05,3,14,4,9,4,2,2,38,-3.0,33.0,Poor,Stay away,26,4.0,1.9,-4.1,41.2,2,,Technology,31526252.0,905729.05
ATDRY,Auto Trader Group PLC ADR,1.717,16,4,6,14,3,4,5,52,-17.0,33.0,Poor,Stay away,51,9.4,6.0,4.4,62.2,1,,Communication Services,4897204736.0,1047595.74
CPNNF,Central Pattana Public Company Limited,1.56,10,6,11,8,3,2,3,43,-13.0,33.0,Poor,Stay away,44,0.0,0.0,0.0,100.0,0,,Real Estate,7001668096.0,5.96
GRWG,GrowGeneration Corp,1.44,10,13,6,5,2,4,3,43,-15.0,33.0,Poor,🔥 COILED: Stay away,47,4.3,0.7,-0.3,48.6,1,,Consumer Cyclical,102454992.0,555374.09
IHHHF,IHH Healthcare Berhad,1.71,7,6,11,6,3,2,3,38,-10.0,33.0,Poor,🔥 COILED: Stay away,0,0.0,0.0,0.0,50.0,0,,Healthcare,15109822464.0,0.0
HBPCF,Helix BioPharma Corp,1.71,7,3,9,8,3,2,3,35,-5.0,33.0,Poor,Stay away,40,0.0,0.0,-0.0,0.2,1,,Healthcare,130606544.0,8.5
TURB,"Turbo Energy, S.A. American Depositary Shares",1.39,3,3,9,11,5,0,2,33,-3.0,33.0,Poor,Stay away,25,-4.8,-7.3,-5.7,43.9,1,,Technology,20789652.0,2972179.76
STMRF,Stanmore Resources Limited,1.922,18,4,7,9,6,2,5,51,-18.0,33.0,Poor,Stay away,56,0.0,18.5,6.0,75.6,3,,Basic Materials,1622504832.0,17792.05
RMXI,"RMX Industries,  Inc.",6.51,18,6,8,11,3,3,5,54,-21,33,Poor,Stay away,62,200.0,165.7,62.8,85.1,3,9,Technology,57827840.0,6716.35
CIMDF,CIMB Group Holdings Berhad,1.89,2,4,3,7,6,7,2,31,2.0,33.0,Poor,Stay away,29,0.0,-5.5,-4.9,46.0,0,,Financial Services,21607139328.0,0.0
WIT,Wipro Limited ADR,1.98,8,14,8,6,3,2,5,46,-11.0,33.0,Poor,Stay away,25,5.9,6.5,2.8,53.0,1,,Technology,21610151936.0,9948261.57
BDCTF,BDCTF,1.8,11,9,3,9,0,2,2,36,-3.0,33.0,Poor,Stay away,25,10.8,1.0,0.3,46.8,2,,Consumer Cyclical,105406800.0,3020.77
DEWY,The Dewey Electronics Corporation,2.35,5,3,10,9,3,2,3,35,-5.0,33.0,Poor,Stay away,38,0.0,0.0,-0.0,0.3,1,,Industrials,3211817.0,45.01
CHR,Cheer Holding Inc.,1.88,9,8,8,8,2,0,2,37,-4.0,33.0,Poor,Stay away,43,-4.6,3.3,-2.2,47.7,0,,Communication Services,4420695.0,158361.52
VROYF,VROYF,2.368,4,13,7,7,4,4,2,41,-6.0,33.0,Poor,Stay away,38,-0.1,6.1,0.3,49.4,2,,Basic Materials,nan,47030.45
MGHL,Morgan Group Holding Co,2.2,6,3,9,8,3,3,3,35,-5.0,33.0,Poor,Stay away,41,0.0,0.0,-0.6,6.9,1,,Financial Services,1500225.0,61.51
PTXKY,XL Axiata Tbk PT ADR,2.675,5,7,5,8,3,0,2,30,0.0,33.0,Poor,Stay away,15,-10.5,-0.9,-1.6,45.4,1,,Communication Services,2839178496.0,7653.83
AJMPF,Ashmore Group Plc,2.95,10,3,5,7,3,1,5,34,-1.0,33.0,Poor,Stay away,43,-5.4,-5.4,-2.7,42.9,0,,Financial Services,1787912320.0,0.0
SWRD,Stewards Inc.,4.05,15,5,4,14,5,1,5,49,-16.0,33.0,Poor,⚠️ EXHAUSTION RISK: Stay away,58,-4.1,39.7,10.6,61.8,2,,Financial Services,608466240.0,1742.91
GNLX,Genelux Corporation Common Stock,2.94,13,6,7,9,3,2,3,43,-13.0,33.0,Poor,Stay away,52,1.7,2.4,0.3,50.5,1,,Healthcare,134521248.0,211479.1
RMDCX,ALLIANZGI MID-CAP FUND C,2.63,2,7,4,7,3,3,2,28,2.0,33.0,Poor,Stay away,28,0.4,-0.8,-1.3,43.7,0,,nan,0.0,0.0
ZNNGY,"Zhongyuan Bank Co., Ltd.",3.11,10,6,11,8,3,2,3,43,-13.0,33.0,Poor,Stay away,45,0.0,0.0,0.0,96.0,0,,Financial Services,2273399040.0,4.0
PGCSF,Prosegur Compañía de Seguridad S.A,3.45,17,4,5,10,3,2,5,46,-13.0,33.0,Poor,Stay away,62,0.0,12.9,6.0,100.0,2,,Industrials,1628347136.0,56.54
MDBH,"MDB Capital Holdings, LLC Class A common",3.06,2,10,3,10,4,3,2,34,-1.0,33.0,Poor,Stay away,25,-4.4,-6.1,-3.5,42.4,1,,Financial Services,34216792.0,10955.97
OSIYX,Oppenheimer Strategic Income Fund Cl Y,3.11,6,7,5,8,0,4,3,33,-3.0,33.0,Poor,Stay away,30,1.0,0.0,-0.1,48.2,0,,nan,0.0,0.0
MHGUP,Meritage Hospitality Group Inc. PFD CV SER B,6.0,10,4,7,4,4,3,5,37,-9.0,33.0,Poor,🔥 COILED: Stay away,32,0.0,-3.2,2.7,67.0,0,,Other,nan,503.05
SHJBF,Shanghai Junshi Biosciences Co. Ltd,3.35,10,6,11,8,6,4,3,48,-18.0,33.0,Poor,Stay away,53,0.0,0.0,0.0,99.8,1,,Healthcare,4841863680.0,59.45
BVHMF,Vistry Group PLC,4.03,15,6,7,6,5,3,5,47,-14.0,33.0,Poor,Stay away,30,7.8,7.8,9.6,68.5,0,,Consumer Cyclical,1111569920.0,14411.58
FXCNF,FIH Mobile Limited,3.0,4,4,11,5,6,7,3,40,-10.0,33.0,Poor,Stay away,0,0.0,0.0,0.2,57.7,0,,Technology,2747351552.0,43.5
SNIRF,Senior plc,3.865,11,4,7,4,6,4,4,40,-10.0,33.0,Poor,Stay away,52,0.0,-2.2,0.2,56.4,0,,Industrials,1596224128.0,439.72
MDXG,MiMedx Group Inc,4.13,7,6,4,12,7,2,5,43,-10.0,33.0,Poor,Stay away,36,-1.7,-4.0,-1.0,50.3,0,,Healthcare,563014848.0,1055203.36
WAFMX,WASATCH FRONTIER EMERGING SMALL COUNTRIES FUND INVESTOR CLASS SHARES,3.62,2,10,3,7,3,1,2,28,2.0,33.0,Poor,Stay away,31,-0.3,-1.1,-1.0,43.4,0,,nan,0.0,0.0
MPGPY,Pagegroup PLC ADR,5.95,19,4,5,15,4,3,5,55,-22,33,Poor,Stay away,0,110.2,110.2,43.8,62.5,2,7,Industrials,604045376.0,0.0
LAWR,"Robot Consulting Co., Ltd. ADS",3.75,10,8,11,6,3,6,3,47,-17.0,33.0,Poor,Stay away,53,0.0,0.0,0.0,67.5,1,,Industrials,172350000.0,603737.0
JUKIY,Juki Corporation,3.99,11,3,10,6,4,3,3,40,-10.0,33.0,Poor,Stay away,39,0.0,0.0,-0.0,34.7,0,,Industrials,117932912.0,16.13
NUVI,Emo Capital Corp,0.021,18,11,7,11,6,2,5,60,-27,33,Poor,Stay away,53,320.0,57.9,135.2,62.0,2,2,Financial Services,12019999744.0,0.0
CYRB,Cyber App Solutions Corp.,4.0,8,3,9,7,3,2,3,35,-5.0,33.0,Poor,Stay away,31,0.0,0.0,-0.0,39.6,1,,Energy,383516192.0,69.9
DBVTF,DBV Technologies S.A,4.26,7,3,10,7,3,2,3,35,-5.0,33.0,Poor,Stay away,40,0.0,0.0,-0.0,33.4,1,,Healthcare,1260676480.0,17.5
PCHUY,PTT Global Chemical PCL ADR,4.88,12,6,10,7,3,2,3,43,-13.0,33.0,Poor,Stay away,49,0.0,0.0,0.0,100.0,1,,Basic Materials,4400636928.0,0.0
CTHCF,Cathay Real Estate Development Co Ltd,0.954,1,11,6,8,4,0,2,32,2.0,32.0,Poor,Stay away,26,-1.7,-2.4,-2.2,45.6,0,,Other,118571648.0,16536.78
TOP,Zhong Yang Financial Group Limited Ordinary Shares,2.06,9,7,1,13,7,2,5,44,-15.0,32.0,Poor,Stay away,51,-5.9,-26.7,-0.4,52.7,1,,Financial Services,40081440.0,515130.4
QNCX,"Quince Therapeutics, Inc.",23.39,16,6,6,15,7,7,5,62,-30,32,Poor,Stay away,66,31.0,23.9,31.8,86.0,3,,Healthcare,21515182.0,3539245.86
SOSAF,SosTravel.com S.P.A.,1.01,4,4,9,9,3,1,3,33,0.0,32.0,Poor,Stay away,28,0.0,0.0,0.0,50.0,0,,Consumer Cyclical,13216139.0,0.72
UBSFY,UbiSoft Entertainment Inc,1.26,16,5,3,10,3,3,4,44,-12.0,32.0,Poor,Stay away,51,18.9,3.3,4.7,55.4,1,,Communication Services,747698944.0,191873.9
CCVTF,China Conch Venture Holdings Limited,1.17,7,6,10,6,3,2,3,37,-10.0,32.0,Poor,🔥 COILED: Stay away,45,0.0,0.0,0.0,50.0,0,,Industrials,2096688000.0,2.98
OBGRF,Orbit Garant Drilling Inc,0.83,3,2,6,7,3,5,3,29,0.0,32.0,Poor,Stay away,17,0.0,0.0,-2.6,1.4,0,,Basic Materials,52294188.0,2388.44
BOLD,"Boundless Bio, Inc. Common Stock",2.5,15,7,9,7,5,4,3,50,-18.0,32.0,Poor,Stay away,62,-2.7,0.8,3.0,63.4,1,,Healthcare,32348322.0,161514.42
RPNMF,Rapala VMC Corporation,1.45,7,4,8,8,3,1,3,34,-5.0,32.0,Poor,Stay away,25,0.0,0.0,-0.0,0.0,1,,Consumer Cyclical,55288268.0,45.0
VNTXF,VNTXF,1.5,12,6,11,8,3,4,3,47,-18.0,32.0,Poor,Stay away,54,0.0,0.0,0.0,99.9,1,,Consumer Defensive,7582417.0,11.63
BULLW,Webull Corporation Warrants,2.24,10,5,6,9,7,0,4,41,-9.0,32.0,Poor,Stay away,52,-2.6,0.4,-2.5,48.7,0,,nan,nan,17366.61
NZRFF,The New Zealand Refining Company Limited,1.62,10,6,11,7,3,2,3,42,-13.0,32.0,Poor,Stay away,56,0.0,0.0,0.0,98.9,0,,Energy,671310400.0,0.0
ENGN,enGene Holdings Inc. Common Stock,1.79,6,12,8,12,4,4,4,50,-16.0,32.0,Poor,Stay away,17,-1.6,-1.6,-2.3,43.1,1,,Healthcare,109862720.0,1018521.02
FFXXF,Helios Fairfax Partners Corporation,2.03,16,7,5,6,5,1,5,45,-13.0,32.0,Poor,Stay away,60,-0.5,20.1,7.7,75.6,2,,Financial Services,184906432.0,4121.5
KPDCF,Keppel DC REIT,1.765,3,4,2,14,3,1,2,29,0.0,32.0,Poor,Stay away,29,-4.6,-1.9,-1.4,46.1,0,,Real Estate,4403112960.0,755.49
DTNOF,Dno ASA,1.71,5,5,6,13,0,0,5,34,2.0,32.0,Poor,Stay away,27,-8.6,-2.8,-4.7,37.4,1,,Energy,2018249984.0,0.0
GAU,Galiano Gold Inc,1.74,2,6,8,9,0,0,2,27,2.0,32.0,Poor,Stay away,13,-6.5,1.2,-5.2,40.4,0,,Basic Materials,582506688.0,3226320.41
XTLB,XTL Biopharmaceuticals Ltd ADR,2.82,7,4,8,8,3,4,5,39,-5.0,32.0,Poor,Stay away,51,-4.1,-0.7,-1.0,50.3,1,,Healthcare,4802184.0,714385.05
VRTK,Vartech Systems Inc,2.05,7,6,10,6,3,2,3,37,-10.0,32.0,Poor,🔥 COILED: Stay away,44,0.0,0.0,0.0,50.0,0,,Technology,4431382.0,88.52
WAI,Top KingWin Ltd,2.561,16,7,6,15,6,0,5,55,-23.0,32.0,Poor,Stay away,59,0.0,34.8,13.2,71.2,3,,Financial Services,4690880.0,438766.67
PNTOF,Pantoro Ltd,1.46,3,7,4,10,3,3,2,32,0.0,32.0,Poor,Stay away,18,5.0,5.0,-3.4,39.7,1,,Basic Materials,956829312.0,1150.19
GEG,Great Elm Group Inc,2.15,7,5,8,8,0,3,3,34,-5.0,32.0,Poor,Stay away,32,-1.4,-1.4,-1.7,45.9,1,,Financial Services,71493976.0,123206.68
FALC,FalconStor Software Inc,2.47,6,9,2,8,5,2,2,34,-5.0,32.0,Poor,Stay away,51,2.1,5.1,-2.1,45.6,1,,Technology,20745070.0,3197.89
ZGM,Zenta Group Company Limited Ordinary Shares,2.95,18,10,4,2,9,3,5,51,-17,32,Poor,Stay away,54,71.5,65.7,42.8,68.9,2,12,Industrials,19484584.0,0.0
WLMIF,Wilmar International Limited,3.25,16,9,4,10,7,5,5,56,-24.0,32.0,Poor,Stay away,64,1.9,17.3,7.7,66.9,3,,Consumer Defensive,16606111744.0,5222.0
GLVHF,Glenveagh Properties PLC,2.54,9,6,11,8,3,2,3,42,-13.0,32.0,Poor,Stay away,52,0.0,0.0,0.0,100.0,0,,Consumer Cyclical,1310544384.0,1428.6
TGAFF,Taiga Building Products Ltd,2.65,14,6,7,4,4,2,4,41,-12.0,32.0,Poor,Stay away,43,0.0,0.0,0.4,61.6,0,,Industrials,282814624.0,230.53
UFCP,Union Financial Corporation,2.51,7,6,10,6,3,2,3,37,-10.0,32.0,Poor,🔥 COILED: Stay away,46,0.0,0.0,0.0,50.0,0,,Financial Services,8266010.0,26.73
LHYFF,Lhyfe SA,2.86,9,7,4,7,3,1,3,34,-5.0,32.0,Poor,Stay away,21,0.0,0.0,-0.0,31.9,1,,Basic Materials,137480576.0,12.5
ILPMY,Permanent TSB Group Holdings PLC ADR,3.36,14,7,10,4,6,2,3,46,-19.0,32.0,Poor,🔥 COILED: Stay away,37,0.0,0.3,0.6,60.4,0,,Financial Services,1938196480.0,1096.06
HNST,Honest Company Inc,3.65,6,6,9,7,3,4,2,37,-5.0,32.0,Poor,Stay away,52,-3.7,-4.7,-3.6,43.1,1,,Consumer Defensive,362158656.0,2680385.83
DOMO,Domo Inc,3.69,14,10,7,4,5,4,5,49,-15.0,32.0,Poor,Stay away,40,0.3,6.0,5.3,55.3,1,,Technology,174732672.0,1161899.37
PDRX,Pd-Rx Pharmaceutical,3.35,9,6,11,8,3,2,3,42,-13.0,32.0,Poor,Stay away,58,0.0,0.0,0.0,99.8,0,,Healthcare,5745551.0,121.28
SNLGF,San Lorenzo Gold Corp,3.382,14,5,4,14,5,2,5,49,-20.0,32.0,Poor,Stay away,59,2.5,12.9,3.8,54.5,3,,Basic Materials,377185280.0,32854.91
ANGH,Anghami De Inc,3.392,9,8,6,8,2,4,2,39,-5.0,32.0,Poor,Stay away,46,0.1,3.7,-4.4,43.8,1,,Communication Services,31998772.0,254721.32
CSGTX,TRANSAMERICA SMALL CAP GROWTH C,3.49,1,9,4,7,3,1,2,27,2.0,32.0,Poor,Stay away,27,-0.6,-2.2,-1.8,41.1,0,,nan,0.0,0.0
BOF,BranchOut Food Inc. Common Stock,3.91,10,10,8,3,5,4,2,42,-13.0,32.0,Poor,Stay away,50,-1.0,-5.3,-3.7,44.5,1,,Consumer Defensive,57435112.0,446355.58
FLWS,1-800 FLOWERS.COM Inc,3.9,3,9,6,10,7,3,4,42,-8.0,32.0,Poor,Stay away,31,2.1,-5.1,-0.7,48.6,1,,Consumer Cyclical,289725152.0,996287.64
DIFTY,Daito Trust Construction Co,5.24,14,5,1,9,1,4,5,39,-7.0,32.0,Poor,Stay away,32,6.9,6.1,3.6,58.8,0,,Real Estate,6062416896.0,140233.91
SEIGY,Semperit Aktiengesellschaft Holding,3.91,3,5,2,9,6,5,2,32,0.0,32.0,Poor,Stay away,37,0.0,0.0,-4.1,39.0,0,,Industrials,390483776.0,69.6
GCV,Gabelli Convertible and Income Securities Mutual Fund,4.51,4,5,2,7,7,5,2,32,0.0,32.0,Poor,Stay away,43,-2.0,-1.7,-1.7,39.9,0,,Financial Services,119904700.0,72382.76
ESFIX,ASHMORE EMERGING MARKETS SHORT DURATION FUND INSTITUTIONAL CLASS SHARES,4.69,2,8,2,8,3,4,3,30,2.0,32.0,Poor,Stay away,28,0.4,-1.1,-0.3,38.5,0,,nan,0.0,0.0
PYTCF,Playtech plc,5.33,15,5,7,10,6,2,5,50,-18.0,32.0,Poor,Stay away,66,0.0,0.0,2.4,100.0,1,,Consumer Cyclical,1144733824.0,381.74
PRTHU,Priority Technology Holdings Inc Unit,5.0,5,4,10,7,3,2,3,34,-5.0,32.0,Poor,Stay away,32,0.0,0.0,-0.0,0.0,1,,Technology,302850496.0,5.0
ABVN,ABV Consulting Inc,2.5,14,3,4,5,6,5,2,39,-13.0,31.0,Poor,🔥 COILED: Stay away,61,0.0,-2.0,2.1,57.8,1,,Financial Services,100783000.0,76.84
NASO,The GNS Group Inc,1.55,3,6,2,9,3,4,2,29,-3.0,31.0,Poor,Stay away,49,-11.9,-34.0,-22.6,26.6,1,,Consumer Defensive,2248752.0,1193.7
FAIXX,First American Funds Inc. - First American Institutional Prime Obligations Fund,1.0,15,6,11,6,6,2,3,49,-23.0,31.0,Poor,🔥 COILED: Stay away,46,0.0,0.0,0.0,99.9,0,,nan,nan,0.0
SWSSU,Springwater Special Situations Corp Unit,1.065,5,3,10,7,3,2,3,33,-5.0,31.0,Poor,Stay away,29,0.0,0.0,-0.0,0.0,1,,Financial Services,nan,1.0
OBRUF,Oberon Uranium Corp.,1.137,9,6,11,8,3,6,3,46,-18.0,31.0,Poor,Stay away,57,0.0,0.0,0.0,99.8,1,,Energy,34545616.0,389.05
EPGNF,Epigenomics AG,1.12,10,6,11,6,3,2,3,41,-15.0,31.0,Poor,🔥 COILED: Stay away,35,0.0,0.0,0.0,50.0,1,,Healthcare,982213.0,0.0
PXHI,Phonex Inc,1.22,7,2,5,12,4,1,5,36,-5.0,31.0,Poor,Stay away,37,-1.3,-5.2,-0.1,50.6,1,,Consumer Cyclical,39470540.0,11877.51
TRUBF,TRUBF,1.6,15,4,5,10,3,2,5,44,-13.0,31.0,Poor,Stay away,51,0.0,19.4,7.9,99.9,2,,nan,438952224.0,81.47
BGOUF,Bang & Olufsen a/s,1.36,5,3,9,7,3,3,3,33,-5.0,31.0,Poor,Stay away,27,0.0,0.0,-0.2,20.4,1,,Technology,204009648.0,306.43
ECNLF,Aquafil S.p.A,1.52,15,4,6,9,3,7,5,49,-18.0,31.0,Poor,Stay away,53,3.4,3.4,2.3,98.7,1,,Consumer Cyclical,136965744.0,66.0
SCPAF,Shopping Centres Australasia Property Group,1.55,8,6,10,6,3,2,3,38,-10.0,31.0,Poor,Stay away,0,0.0,0.0,-0.0,3.3,0,,Real Estate,1608239104.0,0.0
NNDM,Nano Dimension Ltd,1.5,9,6,9,9,1,3,5,42,-11.0,31.0,Poor,Stay away,22,2.0,-3.2,0.6,51.1,1,,Technology,326365376.0,2797526.33
NMRA,"Neumora Therapeutics, Inc.",1.61,5,6,8,7,1,3,2,32,-5.0,31.0,Poor,Stay away,37,8.1,0.0,-0.7,48.7,1,,Healthcare,322394592.0,1414392.66
SABR,Sabre Corpo,1.85,14,8,7,5,3,2,2,41,-15.0,31.0,Poor,🔥 COILED: Stay away,57,11.4,6.9,2.2,52.3,2,,Technology,670056000.0,7287464.54
FEEXY,Ferrexpo plc,1.65,5,3,10,7,3,2,3,33,-5.0,31.0,Poor,Stay away,22,0.0,0.0,-0.1,5.2,1,,Basic Materials,242713328.0,133.14
TWIRF,Tree Island Steel Ltd,1.66,15,6,2,5,4,3,4,39,-8.0,31.0,Poor,Stay away,26,6.4,4.4,3.3,56.2,2,,Basic Materials,43471140.0,0.0
EVTV,Envirotech Vehicles Inc,1.805,7,10,7,7,3,2,5,41,-8.0,31.0,Poor,Stay away,44,-7.0,-8.4,0.0,50.1,1,,Consumer Cyclical,23275294.0,9155899.31
AUMC,Auryn Mining Corp,1.56,4,8,3,8,4,2,2,31,0.0,31.0,Poor,Stay away,38,0.6,0.6,-4.3,43.6,0,,Basic Materials,133000000.0,4491.38
HCAT,Health Catalyst Inc,2.09,11,7,8,4,5,4,4,43,-15.0,31.0,Poor,Stay away,53,0.5,-7.1,-0.6,52.0,1,,Healthcare,99756920.0,865084.89
FDCHF,Funding Circle Holdings plc,2.95,16,3,3,8,3,0,5,38,-3.0,31.0,Poor,Stay away,43,-7.8,35.3,6.8,69.3,2,,Financial Services,619370624.0,248.0
HMENF,Hemisphere Energy Corporation,1.83,3,9,3,12,4,0,5,36,-5.0,31.0,Poor,Stay away,31,-3.1,-3.7,-0.6,47.6,0,,Energy,201044560.0,59181.25
WFF,WF Holding Limited Ordinary Shares,2.3,8,10,5,13,8,2,2,48,-18.0,31.0,Poor,Stay away,46,9.0,9.5,1.2,50.4,3,,Industrials,10529457.0,70510.88
GPFOF,Grupo Financiero Inbursa S.A.B. de C.V,2.35,7,4,9,6,6,3,3,38,-10.0,31.0,Poor,Stay away,23,0.0,-2.3,-1.0,44.4,0,,Financial Services,14867475456.0,0.0
AFGVY,Agfa Gevaert NV ADR,2.29,5,3,10,7,3,2,3,33,-5.0,31.0,Poor,Stay away,37,0.0,0.0,-0.0,0.4,1,,Industrials,177269504.0,2.5
CHMI,Cherry Hill Mortgage Investment Corp,2.26,2,13,6,4,4,3,2,34,-6.0,31.0,Poor,Stay away,12,0.0,-3.8,-1.4,42.1,1,,Real Estate,88329128.0,241797.26
TUXS,Tuxis Corporation,2.35,12,6,11,9,3,2,3,46,-18.0,31.0,Poor,Stay away,54,0.0,0.0,0.0,99.0,1,,Industrials,2843476.0,44.5
SBNYL,Signature Bank,1.78,6,8,3,10,5,2,5,39,-8.0,31.0,Poor,Stay away,27,60.4,1.7,12.0,53.4,1,10,Financial Services,nan,61443.51
CYFWF,Cyfrowy Polsat S.A,2.64,8,4,10,6,3,2,3,36,-10.0,31.0,Poor,🔥 COILED: Stay away,36,0.0,0.0,-0.0,48.1,0,,Communication Services,1453857408.0,47.25
STGPF,Scentre Group,2.45,3,6,5,7,3,5,2,31,0.0,31.0,Poor,Stay away,25,0.0,0.0,-2.0,18.8,0,,Real Estate,15837626368.0,0.0
FDMIF,Founders Metals Inc.,2.841,5,8,8,12,0,3,2,38,-5.0,31.0,Poor,Stay away,17,-2.6,-1.7,-2.0,44.9,1,,Basic Materials,390035744.0,33373.94
WZZZY,Wizz Air Holdings PLC,3.618,2,3,6,7,6,5,2,31,0.0,31.0,Poor,Stay away,42,0.0,0.0,-2.4,30.1,0,,Industrials,1365687552.0,266.94
SCPKF,7C Solarparken AG,3.48,8,4,10,6,3,2,3,36,-10.0,31.0,Poor,🔥 COILED: Stay away,36,0.0,0.0,-0.0,48.1,0,,Technology,281392000.0,22.5
CGROF,The Character Group plc,3.26,8,4,10,6,3,2,3,36,-10.0,31.0,Poor,🔥 COILED: Stay away,41,0.0,0.0,-0.0,48.1,0,,Consumer Cyclical,56792292.0,4.25
RTB,"RTB Digital, Inc.",15.7,13,5,4,8,5,0,5,40,-9.0,31.0,Poor,Stay away,54,1.0,-3.7,0.6,53.2,1,,Technology,22232636.0,213167.98
HLDCY,Henderson Land Development,3.68,14,5,7,9,1,2,5,43,-10.0,31.0,Poor,Stay away,40,3.1,7.3,5.1,65.9,0,,Real Estate,17816303616.0,20024.02
PPOEF,PGE Polska Grupa Energetyczna S.A,3.56,10,6,11,6,3,2,3,41,-15.0,31.0,Poor,🔥 COILED: Stay away,45,0.0,0.0,0.0,50.0,1,,Utilities,7987618304.0,0.0
WHTCF,WashTec AG,2.89,3,12,4,5,5,5,3,37,-6.0,31.0,Poor,Stay away,28,3.2,-3.3,-1.1,43.5,1,,Healthcare,928410624.0,52103.82
XGGTX,Gabelli MultiMedia Trust Inc,3.66,6,7,4,9,0,3,2,31,-3.0,31.0,Poor,Stay away,28,3.4,0.3,-0.5,45.6,0,,Other,0.0,0.0
MOLN,Molecular Partners AG ADR,3.93,3,9,9,4,8,3,3,39,-13.0,31.0,Poor,🔥 COILED: Stay away,31,1.0,0.8,-0.6,48.6,1,,Healthcare,147418880.0,4762.69
ASPHF,Ascentage Pharma Group International,4.53,4,3,9,8,3,3,3,33,-5.0,31.0,Poor,Stay away,15,0.0,0.0,-0.6,0.0,1,,Healthcare,1752872960.0,72.5
SWRHF,Shibusawa Logistics Corporation,4.565,8,4,10,6,3,2,3,36,-10.0,31.0,Poor,🔥 COILED: Stay away,29,0.0,0.0,-0.0,48.1,0,,Industrials,259903392.0,1.0
RLEA,Rubber Leaf Inc,4.5,12,6,11,9,3,2,3,46,-18.0,31.0,Poor,Stay away,53,0.0,0.0,0.1,99.9,1,,Basic Materials,184992544.0,23.61
JBLU,JetBlue Airways Corp,6.03,18,10,6,15,7,2,3,61,-30,31,Poor,Stay away,68,14.4,11.3,7.4,58.4,4,,Industrials,1800571392.0,22178391.6
API,Agora Inc,4.0,5,12,9,4,6,5,3,44,-11.0,31.0,Poor,Stay away,46,3.9,2.3,-0.2,48.3,1,,Technology,406684448.0,437501.02
EVF,Eaton Vance Senior Income Closed Fund,4.97,2,12,7,5,8,4,3,41,-8.0,31.0,Poor,Stay away,41,0.0,0.2,0.0,49.5,0,,Financial Services,90124632.0,92496.1
TRICX,CATALYST/SMH TOTAL RETURN INCOME FUND CATALYST/SMH TOTAL RETURN INCOME FUND CLASS C,4.8,1,10,7,7,3,3,3,34,-3.0,31.0,Poor,Stay away,30,0.0,-1.0,-0.6,42.2,0,,nan,0.0,0.0
TRIIX,CATALYST/SMH TOTAL RETURN INCOME FUND CATALYST/SMH TOTAL RETURN INCOME FUND CLASS I,4.79,1,10,7,7,3,3,3,34,-3.0,31.0,Poor,Stay away,30,-0.2,-1.2,-0.6,42.0,0,,nan,0.0,0.0
MOGLF,Mongolian Mining Corporation,0.87,5,5,2,9,2,2,5,30,0.0,30.0,Poor,Stay away,12,-9.4,-1.1,-4.2,43.3,0,,Basic Materials,1842015616.0,2839.75
CLXLF,Calix Limited,1.1,12,6,11,8,3,2,3,45,-18.0,30.0,Poor,Stay away,51,0.0,0.0,0.0,100.0,1,,Basic Materials,237363152.0,83.93
NGHLF,Nightingale Health Oyj,1.19,5,3,9,8,3,1,3,32,-5.0,30.0,Poor,Stay away,16,0.0,0.0,-0.1,0.0,1,,Healthcare,71829592.0,1.0
RDI,Reading International Inc,1.46,14,12,3,15,7,4,5,60,-28.0,30.0,Poor,Stay away,62,0.7,11.5,5.6,62.2,3,,Communication Services,40920488.0,79205.41
BAIGF,Bairong Inc.,1.2,7,6,10,9,3,2,3,40,-13.0,30.0,Poor,Stay away,38,0.0,0.0,0.0,80.8,0,,Technology,539498496.0,64.93
DDCCF,DIC Asset AG,1.1,1,8,5,8,3,4,5,34,-3.0,30.0,Poor,Stay away,14,0.0,-6.8,-2.8,43.7,1,,Real Estate,105710368.0,1093.0
AFLYY,Air France KLM SA,1.38,10,9,6,3,5,2,2,37,-8.0,30.0,Poor,Stay away,64,7.0,0.7,0.2,50.3,1,,Industrials,3291897088.0,156149.14
GTIM,Good Times Restaurants Inc,1.38,14,4,3,11,3,1,2,38,-8.0,30.0,Poor,Stay away,50,-0.7,-1.4,-1.1,47.7,0,,Consumer Cyclical,13830843.0,55365.54
SYYYF,Synthomer plc,1.4,16,5,10,12,4,1,5,53,-23.0,30.0,Poor,Stay away,63,18.6,18.6,12.4,76.7,3,,Basic Materials,268867648.0,205.25
AGPYY,Agile Group Holdings Ltd ADR,1.002,3,3,8,9,3,3,3,32,-5.0,30.0,Poor,Stay away,13,0.0,0.0,-3.6,0.0,1,,Real Estate,230099760.0,1.51
KDCXF,Kudelski SA,1.62,9,6,11,6,3,2,3,40,-15.0,30.0,Poor,🔥 COILED: Stay away,54,0.0,0.0,0.0,50.0,1,,Technology,158513568.0,12.98
HCWB,HCW Biologics Inc,3.2,9,10,4,4,9,2,2,40,-13.0,30.0,Poor,Stay away,64,28.0,-20.0,1.0,52.0,2,,Healthcare,11672674.0,7049438.37
BRR,"ProCap Financial, Inc.",1.7,2,4,3,9,4,4,4,30,0.0,30.0,Poor,Stay away,33,-4.5,-15.0,-4.0,46.6,0,,Financial Services,174806896.0,868816.82
JYOGF,Jersey Oil and Gas Plc,1.75,12,6,11,8,3,2,3,45,-18.0,30.0,Poor,Stay away,52,0.0,0.0,0.0,90.8,1,,Energy,57168348.0,442.5
EJH,E-Home Household Service Holdings Ltd,1.15,2,7,1,10,4,4,2,30,0.0,30.0,Poor,Stay away,38,-40.5,-37.0,-26.0,31.1,0,,Consumer Cyclical,4800231.0,586233.55
BPOSF,bpost SA/NV,1.99,5,3,9,8,3,1,3,32,-5.0,30.0,Poor,Stay away,14,0.0,0.0,-0.4,0.0,1,,Industrials,398001888.0,0.55
JCTC,Jewett-Cameron Trading Company Ltd.,2.65,17,3,3,12,5,6,5,51,-21.0,30.0,Poor,Stay away,63,3.9,-4.3,3.8,56.8,2,,Basic Materials,7286633.0,21330.63
BSMAF,Bursa Malaysia Bhd Ord,2.18,10,3,9,9,4,2,3,40,-13.0,30.0,Poor,Stay away,44,0.0,0.0,0.1,88.2,0,,Financial Services,1764272128.0,169.0
SHGKY,Sun Hung Kai & Company Lt,2.12,7,5,8,6,6,1,2,35,-10.0,30.0,Poor,🔥 COILED: Stay away,30,0.0,0.0,-0.3,50.1,0,,Financial Services,830904448.0,0.0
WAEMX,WASATCH EMERGING MARKETS SMALL CAP FUND INVESTOR CLASS SHARES,1.93,1,10,1,7,3,1,2,25,2.0,30.0,Poor,Stay away,32,-0.5,-0.5,-2.1,42.3,0,,nan,0.0,0.0
WIEMX,WASATCH EMERGING MARKETS SMALL CAP FUND INSTITUTIONAL CLASS SHARES,1.99,1,10,1,7,3,1,2,25,2.0,30.0,Poor,Stay away,32,-1.0,-0.5,-2.2,41.9,0,,nan,0.0,0.0
RHEPZ,"Regional Health Properties, Inc.",2.36,7,5,3,8,6,4,2,35,-10.0,30.0,Poor,🔥 COILED: Stay away,43,-10.9,-1.7,-1.4,49.4,0,,nan,nan,1582.53
CMHHF,China Merchants Port Holdings Company Limited,1.93,14,8,4,4,4,0,4,38,-8.0,30.0,Poor,Stay away,40,-14.2,33.1,6.5,55.8,2,,Industrials,8941759488.0,8937.58
CMRF,CIM Real Estate Finance Trust Inc.,2.38,7,15,8,8,4,4,5,51,-21.0,30.0,Poor,Stay away,40,10.7,13.3,6.0,52.3,3,,Real Estate,1122601984.0,0.0
CIK,Credit Suisse Asset Management IF,2.44,3,7,4,8,0,3,3,28,2.0,30.0,Poor,Stay away,28,0.4,0.4,-0.6,44.1,0,,Financial Services,156493600.0,473514.08
WTF,Waton Financial Limited Ordinary Shares,2.98,5,11,9,5,3,0,5,38,-13.0,30.0,Poor,🔥 COILED: Stay away,32,-1.3,-1.0,2.5,51.9,1,,Financial Services,148571408.0,106347.95
METXF,METXF,2.95,12,6,11,6,0,2,3,40,-15.0,30.0,Poor,🔥 COILED: Stay away,46,0.0,0.0,0.0,50.0,1,,Healthcare,88646008.0,0.5
PIAHY,Ping An Healthcare and Technology Company Limited,1.88,3,2,4,7,3,5,3,27,0.0,30.0,Poor,Stay away,21,0.0,-0.3,-3.8,0.0,0,,Healthcare,3189938944.0,58.36
GEBHY,Genting Berhad,2.78,9,13,9,5,3,2,5,46,-14.0,30.0,Poor,Stay away,30,9.4,5.3,5.9,55.8,1,,Consumer Cyclical,2310345728.0,19967.57
ADPXY,Audio Pixels Holdings Ltd ADR,3.0,5,3,10,7,3,1,3,32,-5.0,30.0,Poor,Stay away,24,0.0,0.0,-0.0,0.1,1,,Technology,87630304.0,230.09
HSCCX,EAGLE SMALL CAP GROWTH FUND CLASS C,3.1,4,7,2,7,2,1,2,25,2.0,30.0,Poor,Stay away,32,-1.0,-1.9,-1.8,43.6,0,,nan,0.0,0.0
AFCG,AFC Gamma Inc,2.69,6,13,5,2,4,6,2,38,-8.0,30.0,Poor,Stay away,28,4.7,-4.3,-3.9,35.9,2,,Financial Services,86115568.0,289167.35
ONWRY,ONWRY,2.86,1,7,3,8,3,4,2,28,2.0,30.0,Poor,Stay away,16,0.4,-12.0,-3.4,44.1,0,,nan,nan,482.2
PTXLF,PTT Exploration and Production Public Company Limited,3.85,15,6,10,6,6,2,3,48,-23.0,30.0,Poor,🔥 COILED: Stay away,62,0.0,0.0,1.0,100.0,0,,Energy,13896693760.0,3.0
CINT,Ci&T Inc,3.35,7,13,6,5,3,2,2,38,-8.0,30.0,Poor,Stay away,21,7.7,3.7,1.4,49.8,1,,Technology,505132736.0,172448.42
RGTZ,Defiance Daily Target 2x Short RGTI ETF,4.72,4,4,5,12,2,0,5,32,0.0,30.0,Poor,Stay away,21,-21.3,-24.5,-9.0,46.5,0,,nan,nan,0.0
HYPMY,Hypera SA,4.18,13,12,8,3,5,2,5,48,-18.0,30.0,Poor,Stay away,32,5.0,2.5,2.3,56.0,0,,Healthcare,2991966976.0,20396.77
BCOMF,B Communications Ltd,4.3,8,6,10,5,3,2,3,37,-10.0,30.0,Poor,Stay away,37,0.0,0.0,-0.0,34.3,0,,Communication Services,451979904.0,0.0
PHK,PIMCO High Income Fund,4.65,8,9,4,3,9,9,3,45,-18.0,30.0,Poor,Stay away,39,0.6,-1.3,0.2,52.6,0,,Financial Services,763023300.0,717239.82
FRNWF,Future plc,4.16,3,9,2,8,3,3,2,30,0.0,30.0,Poor,Stay away,21,2.2,2.2,-3.4,17.9,0,,Communication Services,452146272.0,56.18
ELOG,Eastern International Ltd.,0.821,8,6,3,10,0,0,2,29,0.0,29.0,Poor,Stay away,32,-10.8,2.6,-6.1,44.7,0,,Industrials,11548800.0,0.0
NNXPF,NanoXplore Inc,1.14,9,14,7,13,3,2,4,52,-21.0,29.0,Poor,Stay away,16,9.6,10.7,5.2,55.1,3,,Basic Materials,254082352.0,48764.82
VNOV,VNOV,1.38,5,3,10,6,3,6,3,36,-10.0,29.0,Poor,Stay away,27,0.0,0.0,-0.2,1.4,0,,Healthcare,11505686.0,65.05
RHCGF,Ryman Healthcare Limited,1.08,3,6,5,7,3,3,4,31,-5.0,29.0,Poor,Stay away,14,0.0,0.0,-2.2,8.0,1,,Healthcare,1432177920.0,15.05
ECELF,Eurocell plc,1.51,11,4,3,4,6,1,2,31,-10.0,29.0,Poor,🔥 COILED: Stay away,35,0.0,0.0,0.9,53.3,0,,Industrials,142897856.0,107.82
RWSPF,RWS Holdings plc,1.26,20,5,5,16,4,2,5,57,-28.0,29.0,Poor,Stay away,43,37.0,37.0,18.6,70.4,3,,Technology,573447296.0,383.71
EMMS,Emmis Communications Corp,1.6,13,4,9,13,0,4,4,47,-18.0,29.0,Poor,Stay away,41,3.2,3.2,2.0,83.7,1,,Communication Services,26798264.0,574.74
SMSOF,Samsonite International S.A,1.8,16,4,7,7,3,2,4,43,-14.0,29.0,Poor,Stay away,35,3.4,16.1,5.2,60.1,3,,Consumer Cyclical,2491193856.0,8247.53
BLUMY,Blue Moon Group Holdings Limited,1.785,7,6,11,7,3,2,3,39,-13.0,29.0,Poor,Stay away,40,0.0,0.0,0.0,88.1,1,,Consumer Defensive,2081780864.0,40.46
POTMF,Portmeirion Group PLC,1.9,8,4,9,5,3,2,3,34,-10.0,29.0,Poor,🔥 COILED: Stay away,32,0.0,0.0,-0.0,45.4,0,,Consumer Cyclical,26204238.0,0.38
DMCHY,DMCI Holdings Inc ADR,1.09,3,3,2,11,3,2,2,26,0.0,29.0,Poor,Stay away,14,-5.2,-5.2,-9.3,0.0,1,,Industrials,2655493888.0,9.34
GCLAF,GCLAF,2.2,7,6,10,8,3,2,3,39,-13.0,29.0,Poor,Stay away,46,0.0,0.0,0.0,97.0,0,,nan,117453600.0,7.31
SCTQ,Spectra Systems Corporation,2.13,9,4,11,6,3,2,3,38,-12.0,29.0,Poor,Stay away,50,0.0,0.0,0.0,63.9,0,,Technology,106003120.0,26.17
CLWY,Calloway's Nursery Inc,5.51,17,4,5,11,3,2,5,47,-18.0,29.0,Poor,Stay away,50,0.0,0.0,26.4,100.0,0,,Consumer Cyclical,15646768.0,0.0
CHIU,Global X MSCI China Utilities ETF,2.1,9,2,9,4,5,1,4,34,-8.0,29.0,Poor,🔥 COILED: Stay away,44,0.5,0.0,0.2,52.4,1,,nan,nan,781019.0
ORXGF,Orca Energy Group Inc,2.02,5,6,8,2,3,4,4,32,-8.0,29.0,Poor,🔥 COILED: Stay away,24,0.0,0.0,-0.8,40.7,0,,Energy,48315192.0,0.0
ZJYL,JIN MEDICAL INTERNATIONAL LTD. Ordinary Shares,1.98,11,10,3,9,3,0,4,40,-11.0,29.0,Poor,Stay away,43,-3.9,4.2,-2.9,46.3,0,,Healthcare,19333568.0,117297.64
FDMDF,4DMedical Limited,2.53,3,3,6,8,5,7,2,34,-5.0,29.0,Poor,Stay away,46,0.0,0.0,-3.4,30.9,1,,Healthcare,1582959872.0,6020.27
BTBIF,BTB Real Estate Investment Trust,2.72,1,6,1,8,3,3,2,24,2.0,29.0,Poor,Stay away,20,-0.4,0.0,-2.3,44.3,0,,Real Estate,240537696.0,0.0
LRAXF,Lara Exploration Ltd,2.95,15,11,5,6,7,0,5,49,-18.0,29.0,Poor,Stay away,56,0.0,-1.7,0.9,51.3,1,,Basic Materials,154373424.0,6474.36
INDO,Indonesia Energy,2.88,9,12,9,6,5,4,4,49,-23.0,29.0,Poor,🔥 COILED: Stay away,23,-2.0,-5.0,0.1,50.3,2,,Energy,45237312.0,1307735.37
LTCEF,LTCEF,2.38,6,14,7,5,3,0,5,40,-11.0,29.0,Poor,Stay away,43,-3.3,1.7,0.1,48.8,0,,nan,nan,9393.46
AUTLF,Austal Limited,2.57,5,14,4,6,4,2,2,37,-8.0,29.0,Poor,Stay away,20,-4.5,2.0,-2.0,45.3,1,,Industrials,1160638080.0,7302.26
ZIP,Ziprecruiter Inc,3.94,10,4,9,10,5,3,3,44,-15.0,29.0,Poor,Stay away,50,1.0,-0.5,-0.4,51.6,1,,Communication Services,270654880.0,1071787.11
IPCEF,IPCEF,2.5,1,9,1,9,3,2,2,27,2.0,29.0,Poor,Stay away,10,-9.1,0.0,-5.6,42.2,0,,nan,554134528.0,1569.29
MTC,MMTEC Inc,4.06,15,9,8,13,4,4,5,58,-27,29,Poor,Stay away,46,33.6,61.8,29.1,67.9,3,,Technology,397355360.0,2815057.1
MQ,Marqeta Inc,17.36,13,4,5,14,3,2,3,44,-15.0,29.0,Poor,Stay away,60,1.7,-0.7,9.7,69.0,0,,Technology,1708842240.0,3996188.14
INTS,"Intensity Therapeutics, Inc. Common stock",4.15,3,11,4,9,2,4,3,36,-8.0,29.0,Poor,Stay away,42,-6.7,-12.6,-6.4,40.1,1,,Healthcare,10784252.0,430576.68
RTGN,RetinalGenix Technologies Inc,4.0,12,6,10,8,3,2,3,44,-18.0,29.0,Poor,Stay away,48,0.0,0.0,0.0,100.0,1,,Healthcare,75374512.0,154.2
CAEN,California-Engels Mining Company,4.0,5,4,9,6,3,2,3,32,-8.0,29.0,Poor,🔥 COILED: Stay away,43,0.0,0.0,-0.0,48.1,0,,Basic Materials,2783560.0,5.23
RRTS,Roadrunner Transportation Systems Inc,4.78,6,5,7,9,3,4,2,36,-5.0,29.0,Poor,Stay away,58,-2.2,-4.4,-3.1,41.7,1,,Industrials,168100848.0,7917.82
NTWK,NetSol Technologies Inc,4.31,7,7,8,4,5,1,2,34,-8.0,29.0,Poor,Stay away,49,-0.9,-2.5,-1.7,45.5,0,,Technology,54215832.0,65866.54
TSI,TCW Strategic Income Closed Fund,4.42,5,15,4,4,3,3,3,37,-8.0,29.0,Poor,Stay away,23,0.7,0.0,-0.2,45.6,1,,Financial Services,239697200.0,128747.73
GLBZ,Glen Burnie Bancorp,4.5,2,8,8,12,4,5,3,42,-13.0,29.0,Poor,Stay away,27,-1.3,-4.3,-1.1,42.0,1,,Financial Services,13693370.0,6859.9
GRNT,Granite Ridge Resources Inc,4.75,7,15,7,2,3,0,5,39,-8.0,29.0,Poor,Stay away,14,-2.1,1.7,1.6,52.6,1,,Energy,658160960.0,724184.79
PRVFF,Pro Real Estate Investment Trust,5.34,3,5,3,11,3,3,2,30,-1.0,29.0,Poor,Stay away,45,7.9,7.9,-14.5,48.5,0,,Real Estate,352957056.0,20.61
SONM,Sonim Technologies Inc,3.392,3,10,3,7,3,4,2,32,-1.0,29.0,Poor,Stay away,26,7.6,0.1,-4.9,43.5,2,,Technology,6683207.0,51088.73
NVNI,Nvni Group Limited Ordinary Shares,1.06,2,9,3,11,5,0,5,35,-5.0,28.0,Poor,Stay away,26,-6.2,-32.9,-8.0,43.7,1,,Technology,12276739.0,351166.8
BFDXX,BlackRock Liquidity Funds - Federal Trust Fund,0.256,5,4,10,6,3,2,3,33,-10.0,28.0,Poor,🔥 COILED: Stay away,32,0.0,0.0,-0.0,43.2,0,,nan,nan,0.0
CJPXX,JPMorgan Trust I - JPMorgan Prime Money Market Fund,1.0,5,4,10,6,3,2,3,33,-10.0,28.0,Poor,🔥 COILED: Stay away,38,0.0,0.0,-0.0,42.6,0,,nan,nan,0.0
VPMXX,JPMorgan Trust I - JPMorgan Prime Money Market Fund,1.0,4,5,8,6,3,4,3,33,-10.0,28.0,Poor,🔥 COILED: Stay away,36,0.0,0.0,-0.0,41.6,0,,nan,nan,0.0
ODOT,Osprey Polkadot Trust,1.0,1,6,5,9,3,2,2,28,0.0,28.0,Poor,Stay away,21,-5.7,-14.5,-6.7,35.5,0,,nan,nan,1363.21
FABXX,FABXX,1.98,12,5,4,7,3,0,4,35,-10.0,28.0,Poor,Stay away,39,-7.0,2.6,1.9,53.6,0,,nan,nan,0.0
VTTXX,VTTXX,1.0,5,4,10,4,3,2,3,31,-8.0,28.0,Poor,🔥 COILED: Stay away,28,0.0,0.0,-0.1,46.2,0,,nan,nan,0.0
VRNO,Verano Holdings Corp.,5.45,10,11,6,5,7,0,2,41,-13.0,28.0,Poor,Stay away,52,-2.3,-7.5,0.3,54.3,1,,Healthcare,408107616.0,0.0
FAMI,Farmmi Inc,0.17,3,10,3,7,3,2,2,30,-5.0,28.0,Poor,Stay away,8,-10.5,-10.5,-38.3,27.4,1,,Consumer Defensive,17683468.0,102520.14
RHEP,"Regional Health Properties, Inc.",1.047,3,12,6,4,3,3,2,33,-10.0,28.0,Poor,🔥 COILED: Stay away,26,3.7,2.6,-0.8,44.4,1,,Healthcare,4709600.0,4818.44
FOFA,Family Office of America Inc.,1.3,18,9,6,7,4,2,5,51,-28,28,Poor,Stay away,48,44.4,44.4,30.8,74.1,4,,Healthcare,36422408.0,714.5
MHIFF,Mineral Hill Industries Ltd,1.23,9,6,11,7,3,4,3,43,-18.0,28.0,Poor,Stay away,59,0.0,0.0,0.0,99.8,1,,Financial Services,2536230.0,45.17
LNGPF,Longfor Group Holdings Limited,0.92,5,6,1,9,3,2,2,28,0.0,28.0,Poor,Stay away,31,13.6,13.6,-2.8,36.6,2,,Real Estate,9264275456.0,1.9
SCTSF,Scottie Resources Corp,1.455,5,9,8,8,4,2,4,40,-12.0,28.0,Poor,Stay away,36,-4.0,1.0,-0.7,48.4,1,,Basic Materials,122323808.0,46799.19
GDGIF,GDGIF,1.2,3,3,8,7,3,3,3,30,-5.0,28.0,Poor,Stay away,0,0.0,0.0,-1.1,14.9,1,,Basic Materials,30817898.0,0.0
GOTU,Gaotu Techedu Inc DRC,1.82,16,9,4,3,5,3,5,45,-17.0,28.0,Poor,Stay away,36,16.7,6.4,6.3,59.4,1,,Consumer Defensive,400602304.0,518693.31
ETCC,Environmmtl Tectonic,1.7,8,14,2,15,6,2,3,50,-23.0,28.0,Poor,Stay away,55,13.3,13.3,4.5,53.0,3,,Industrials,14750993.0,14946.2
SY,So-Young International Inc,1.84,10,8,4,7,2,4,5,40,-15.0,28.0,Poor,🔥 COILED: Stay away,23,-4.7,9.5,1.6,51.6,2,,Healthcare,203772144.0,825419.92
ENADF,Enad Global 7 AB (publ),2.24,18,4,5,14,6,6,5,58,-30,28,Poor,Stay away,60,0.0,19.8,8.0,80.8,3,,Communication Services,221733264.0,1345.92
OZFRY,OFX Group Ltd ADR,2.5,17,4,6,14,6,6,5,58,-30,28,Poor,Stay away,65,0.0,13.6,6.4,99.2,3,,Financial Services,101967656.0,441.81
CABI,Cabbacis Inc.,2.0,12,5,5,4,3,1,3,33,-10.0,28.0,Poor,🔥 COILED: Stay away,21,0.0,0.0,0.4,45.6,0,,Consumer Defensive,15584014.0,0.0
DRTSW,Alpha Tau Medical Ltd. Warrant,2.69,9,10,1,3,9,0,2,34,-6.0,28.0,Poor,Stay away,44,-15.4,-28.3,-9.3,47.6,0,,nan,nan,33571.08
RMHVX,Easterly ROCMuni High Inc Muncpl Bd Inv,2.2,13,5,10,6,6,2,4,46,-23.0,28.0,Poor,🔥 COILED: Stay away,36,0.0,0.0,0.1,96.4,0,,nan,nan,0.0
QKIE,QKIE,2.24,5,0,1,12,3,4,3,28,-5.0,28.0,Poor,Stay away,49,-6.7,-6.7,-4.5,32.0,0,,Financial Services,1189168256.0,633.69
KRYXD,Koryx Copper Inc.,2.128,3,6,4,8,0,2,2,25,0.0,28.0,Poor,Stay away,35,-4.3,-12.8,-6.4,42.8,0,,Basic Materials,nan,20922.76
CLRB,Cellectar Biosciences Inc,2.57,7,14,9,0,4,2,2,38,-13.0,28.0,Poor,Stay away,27,6.6,2.4,0.7,49.7,2,,Healthcare,21977484.0,399070.67
ONL,Orion Office Reit Inc,2.64,6,15,5,1,4,3,2,36,-8.0,28.0,Poor,Stay away,48,1.5,0.4,-1.4,43.8,1,,Real Estate,166227952.0,286707.83
POAHY,Porsche Automobile Holding SE,3.26,13,8,2,6,0,2,5,36,-8.0,28.0,Poor,Stay away,22,7.9,6.2,2.6,54.1,1,,Consumer Cyclical,10782018560.0,209513.45
SHKLF,Sinotruk (Hong Kong) Ltd,3.38,9,6,11,7,0,2,3,38,-13.0,28.0,Poor,Stay away,53,0.0,0.0,0.0,100.0,0,,Industrials,9750380544.0,9.5
ARBK,Argo Blockchain PLC ADR,2.86,3,7,4,8,2,0,2,26,2.0,28.0,Poor,Stay away,36,-8.0,-9.2,-7.9,35.0,0,,Financial Services,51441664.0,62495.81
IOTR,iOThree Limited Ordinary Shares,2.97,5,4,6,8,2,0,5,30,-5.0,28.0,Poor,Stay away,44,-6.6,-13.9,-5.4,46.3,1,,Communication Services,9362254.0,725737.57
IMOPX,VOYA MIDCAP OPPORTUNITIES PORTFOLIO CLASS S2,2.77,3,10,4,6,3,7,2,35,-10.0,28.0,Poor,Stay away,16,0.0,-0.7,-3.6,33.5,0,,nan,0.0,0.0
TCPC,BlackRock TCP Capital Corp,3.25,7,8,8,5,2,3,2,35,-10.0,28.0,Poor,Stay away,24,2.8,-1.8,-0.4,46.7,1,,Financial Services,319669568.0,923768.68
AARD,"Aardvark Therapeutics, Inc. Common Stock",6.6,11,10,6,14,7,0,5,53,-23.0,28.0,Poor,Stay away,53,4.4,12.6,9.8,56.1,3,,Healthcare,83120424.0,219286.16
SANG,Sangoma Technologies Corp,3.99,10,4,7,12,1,3,5,42,-15.0,28.0,Poor,Stay away,22,-4.1,-2.7,-1.2,48.7,1,,Technology,117141344.0,5989.89
NEXXY,Nexi S.p.A,4.6,13,2,7,10,1,0,5,38,-10.0,28.0,Poor,Stay away,42,-1.5,-1.5,1.7,58.6,1,,Technology,4581428224.0,3608.96
YEXT,Yext Inc,5.46,13,3,5,8,5,3,5,42,-12.0,28.0,Poor,Stay away,54,9.2,2.2,4.9,60.6,0,,Technology,389965152.0,1819756.14
ADVB,Advanced Biomed Inc. Common Stock,8.0,11,3,1,12,0,4,5,36,-8.0,28.0,Poor,Stay away,50,-57.9,59.0,-12.9,48.8,2,,Healthcare,7175613.0,207362.59
ELCPF,EDP - Energias de Portugal S.A,4.93,4,10,8,4,3,2,2,33,-8.0,28.0,Poor,Stay away,33,-2.4,-0.4,-1.2,47.5,0,,Utilities,20090859520.0,0.0
VLVCY,Volvo Car AB (publ.),4.08,4,9,5,4,4,5,5,36,-8.0,28.0,Poor,Stay away,28,0.0,-2.9,-0.5,47.2,0,,Consumer Cyclical,7268880384.0,1075.26
QBTZ,Defiance Daily Target 2x Short QBTS ETF,4.41,0,5,4,12,2,0,5,28,0.0,28.0,Poor,Stay away,24,-37.1,-35.2,-17.6,43.6,0,,nan,nan,0.0
BCWG,BCW Group Holding Inc,1.0,7,3,10,6,3,2,3,34,-10.0,27.0,Poor,Stay away,35,0.0,0.0,-0.0,20.1,0,,Communication Services,100000000.0,16.5
VSLXX,JPMorgan Trust IV - JPMorgan Securities Lending Money Market Fund,1.0,4,4,10,6,3,2,3,32,-10.0,27.0,Poor,🔥 COILED: Stay away,33,0.0,0.0,-0.0,48.1,0,,nan,nan,0.0
OPTXX,OPTXX,1.0,5,4,10,4,3,1,3,30,-8.0,27.0,Poor,🔥 COILED: Stay away,28,0.0,0.0,-0.3,42.8,0,,nan,nan,0.0
SLNCF,Silence Therapeutics plc,1.5,3,4,8,7,3,1,3,29,-5.0,27.0,Poor,Stay away,23,0.0,0.0,-3.2,37.1,1,,Healthcare,150206064.0,166.25
LAB,Standard Biotools Inc,0.87,5,8,4,11,2,2,2,34,-7.0,27.0,Poor,Stay away,28,4.8,-2.2,1.6,50.7,1,,Healthcare,495767520.0,1927863.28
FCSUF,Focus Minerals Limited,1.15,5,3,10,5,3,5,3,34,-10.0,27.0,Poor,Stay away,26,0.0,0.0,-0.1,7.0,0,,Basic Materials,329542432.0,143.16
MTEK,Maris Tech Ltd,1.09,8,8,9,12,2,1,5,45,-18.0,27.0,Poor,Stay away,27,9.0,9.0,2.0,50.9,3,,Technology,11395885.0,437305.42
DJTU,T-Rex 2X Long DJT Daily Target ETF,14.704,18,4,7,14,3,6,5,57,-30,27,Poor,Stay away,60,30.1,0.9,31.3,69.2,0,,nan,nan,831406.93
PCCYF,PetroChina Co Ltd Class H,1.29,16,6,3,9,3,2,5,44,-17.0,27.0,Poor,Stay away,42,4.0,6.6,4.5,55.5,0,,Energy,332594642944.0,60165.28
AMXOF,"América Móvil, S.A.B. de C.V.",1.24,3,3,3,7,3,3,2,24,0.0,27.0,Poor,Stay away,28,0.0,-7.5,-2.9,32.6,0,,Communication Services,81715126272.0,6227.45
GWLLF,Great Wall Motor Co Ltd,1.11,5,9,8,4,3,3,2,34,-10.0,27.0,Poor,Stay away,15,0.0,0.0,-1.6,32.2,0,,Consumer Cyclical,11552563200.0,1952.5
CSGQF,Costain Group PLC,1.375,5,4,9,6,3,2,3,32,-10.0,27.0,Poor,🔥 COILED: Stay away,39,0.0,0.0,0.0,50.0,0,,Industrials,367232992.0,212.0
IRCDF,Intercede Group plc,1.37,5,4,9,6,3,2,3,32,-10.0,27.0,Poor,🔥 COILED: Stay away,39,0.0,0.0,0.0,50.0,0,,Technology,82422688.0,67.5
AUHYF,Anadolu Hayat Emeklilik Anonim Sirketi,1.418,5,4,9,6,3,2,3,32,-10.0,27.0,Poor,🔥 COILED: Stay away,25,0.0,0.0,0.0,50.0,0,,Financial Services,609800192.0,122.14
GSTK,GSTK,1.22,5,6,9,5,3,3,3,34,-10.0,27.0,Poor,Stay away,12,0.0,0.0,-1.9,33.3,0,,Healthcare,46036276.0,28.35
GDRPF,Golden Resources Development International Limited,1.59,5,4,9,6,3,2,3,32,-10.0,27.0,Poor,🔥 COILED: Stay away,37,0.0,0.0,0.0,50.0,0,,nan,2698876416.0,78.34
HMR,Heidmar Maritime Holdings Corp. Common Stock,1.12,8,11,7,1,7,2,2,38,-11.0,27.0,Poor,Stay away,44,-2.6,4.7,-1.3,48.0,0,,Industrials,86128320.0,113382.98
IKT,Inhibikase Therapeutics Inc,2.18,15,3,4,10,3,2,5,42,-15.0,27.0,Poor,Stay away,55,-6.4,3.3,1.2,55.0,1,,Healthcare,219174176.0,882299.26
CHLWF,Charter Hall Long WALE REIT,1.73,5,4,9,6,3,2,3,32,-10.0,27.0,Poor,🔥 COILED: Stay away,25,0.0,0.0,0.0,50.0,1,,Real Estate,1238156160.0,2.87
XTGRF,Xtra-Gold Resources Corp,1.64,5,4,4,7,0,4,3,27,0.0,27.0,Poor,Stay away,8,-6.3,-8.4,-4.3,40.9,0,,Basic Materials,92972432.0,11851.0
LGCL,Lucas GC Limited Ordinary Shares,1.25,4,8,2,9,5,0,2,30,-3.0,27.0,Poor,Stay away,18,-8.1,6.8,-5.9,46.9,0,,Technology,86864520.0,112824.47
FATE,Fate Therapeutics Inc,2.45,9,9,2,5,7,4,2,38,-11.0,27.0,Poor,Stay away,58,1.7,-11.9,-4.6,46.2,1,,Healthcare,257595808.0,2143410.15
MMTOF,Mitsubishi Motors Corp.,2.5,19,4,7,6,6,3,5,50,-23.0,27.0,Poor,Stay away,45,6.4,23.8,9.2,89.9,2,,Consumer Cyclical,2716855808.0,0.0
LMGHF,LINK Mobility Group Holding ASA,2.1,5,4,9,6,3,2,3,32,-10.0,27.0,Poor,🔥 COILED: Stay away,39,0.0,0.0,0.0,50.0,0,,Communication Services,592870784.0,5812.47
MENS,Jyong Biotech Ltd. Ordinary Shares,2.15,5,6,6,10,3,4,2,36,-9.0,27.0,Poor,Stay away,31,-8.9,-4.9,-5.7,45.9,1,,Healthcare,158897808.0,444849.83
OPNDF,OpenDoor Inc,2.0,10,6,11,7,3,2,3,42,-18.0,27.0,Poor,Stay away,36,0.0,0.0,0.0,90.6,1,,Communication Services,60476328.0,26.0
EVCO,EVCO,2.0,10,6,11,7,3,2,3,42,-18.0,27.0,Poor,Stay away,42,0.0,0.0,0.0,83.6,1,,Financial Services,9752008.0,1.67
HOPHF,Hemogenyx Pharmaceuticals Plc,2.33,7,6,10,6,3,2,3,37,-15.0,27.0,Poor,🔥 COILED: Stay away,47,0.0,0.0,0.0,50.0,1,,Healthcare,15843909.0,1250.0
AWX,Avalon Holdings Corporation,2.56,10,10,3,6,5,1,4,39,-13.0,27.0,Poor,Stay away,38,-0.8,-0.8,0.2,51.1,1,,Industrials,9904557.0,91692.19
LCMRF,La Comer S.A.B. de C.V,2.429,9,3,11,6,3,2,3,37,-13.0,27.0,Poor,Stay away,54,0.0,0.0,0.0,76.3,0,,Consumer Cyclical,nan,57.6
BTGOF,BT Group plc,2.63,13,5,3,7,0,4,4,36,-9.0,27.0,Poor,Stay away,32,4.0,1.5,0.9,51.0,0,,Communication Services,26592358400.0,16959.32
SUMXF,Supremex Inc,2.59,8,7,8,2,3,3,3,34,-10.0,27.0,Poor,Stay away,29,0.0,0.0,-0.0,48.3,0,,Consumer Cyclical,63990912.0,0.0
ELPKF,Elopak ASA,2.81,5,4,9,6,3,2,3,32,-10.0,27.0,Poor,🔥 COILED: Stay away,25,0.0,0.0,0.0,50.0,0,,Consumer Cyclical,755150016.0,10.0
MINE,Mayfair Gold Corp.,2.45,5,10,9,5,2,4,2,37,-13.0,27.0,Poor,Stay away,30,5.6,2.5,1.6,50.7,1,,Basic Materials,198058560.0,58253.93
EYUUF,Electricity Gnrtng NVtg,3.208,5,4,9,6,3,2,3,32,-10.0,27.0,Poor,🔥 COILED: Stay away,26,0.0,0.0,0.0,50.0,1,,Utilities,1688899712.0,0.02
SOLLY,Shui On Land Ltd ADR,3.1,18,9,4,11,6,8,5,61,-30,27,Poor,Stay away,27,13.6,13.6,11.7,92.7,3,,Real Estate,542905088.0,29.79
NPSGF,Nippon Sheet Glass Company Limited,3.0,7,3,10,6,3,2,3,34,-10.0,27.0,Poor,Stay away,25,0.0,0.0,-0.0,0.0,0,,Consumer Cyclical,426847008.0,13.5
SBC,SBC Medical Group Holdings Incorporated,3.06,7,9,8,6,7,3,2,42,-13.0,27.0,Poor,Stay away,23,0.0,-0.6,-0.3,49.1,1,,Industrials,314911200.0,69475.86
ZDGE,Zedge Inc,2.95,4,8,8,0,4,4,2,30,-6.0,27.0,Poor,Stay away,34,-1.0,-1.3,-2.0,45.0,2,,Communication Services,41342812.0,339728.29
SECUF,SSC Security Services Corp,3.11,14,2,8,3,6,4,3,40,-13.0,27.0,Poor,Stay away,55,0.0,-0.6,0.1,77.3,0,,Industrials,56984572.0,2398.53
MDDNF,Meridian Energy Limited,3.28,2,3,6,8,3,3,2,27,0.0,27.0,Poor,Stay away,0,0.0,0.0,-1.1,29.4,1,,Utilities,9182930944.0,0.0
SQZZF,Serica Energy plc,3.6,20,4,7,11,4,4,5,55,-28.0,27.0,Poor,Stay away,54,26.8,26.8,15.8,90.4,3,,Energy,1562694656.0,1355.0
DTCGF,Dometic Group AB (publ),2.89,4,7,9,6,3,3,2,34,-10.0,27.0,Poor,Stay away,25,0.0,0.0,-1.0,28.0,0,,Consumer Cyclical,1102275072.0,0.0
VZLA,Vizsla Resources Corp,3.14,5,8,6,11,0,0,2,32,-5.0,27.0,Poor,Stay away,20,-4.8,2.3,-2.7,45.8,1,,Basic Materials,1240476288.0,7354552.47
NAGE,"Niagen Bioscience, Inc.",3.4,6,12,7,2,3,2,3,35,-6.0,27.0,Poor,Stay away,25,5.9,3.7,1.6,50.8,1,,Healthcare,273976480.0,1025530.61
BBXIB,BBX Capital Inc,5.0,18,4,6,14,6,4,5,57,-30,27,Poor,Stay away,56,16.3,16.3,10.9,85.8,3,,Industrials,49186460.0,15.11
HNORF,Harvey Norman Holdings Ltd,3.72,5,6,8,5,3,4,3,34,-10.0,27.0,Poor,Stay away,34,0.0,0.0,-0.0,36.3,0,,Consumer Cyclical,4635144704.0,439.67
ORMP,Oramed Pharmaceuticals Inc,4.07,10,8,4,0,5,5,2,34,-10.0,27.0,Poor,Stay away,57,1.0,1.0,-1.1,48.0,1,,Healthcare,151835760.0,174728.4
IZEA,IZEA Inc,3.46,6,14,6,4,4,3,2,39,-13.0,27.0,Poor,Stay away,34,1.8,-0.3,-0.2,47.6,2,,Communication Services,66025336.0,104971.58
RAYA,Erayak Power Solution Group Inc. Class A Ordinary Shares,2.35,1,6,5,12,4,0,2,30,-3.0,27.0,Poor,Stay away,38,-13.6,-10.3,-10.0,39.9,1,,Industrials,3664982.0,288102.77
TMQ,Trilogy Metals Inc,3.13,6,13,8,5,4,2,2,40,-13.0,27.0,Poor,Stay away,23,3.6,5.0,-1.5,45.1,2,,Basic Materials,659124288.0,6830924.04
WIFMX,WASATCH FRONTIER EMERGING SMALL COUNTRIES FUND INSTITUTIONAL CLASS SHARES,3.7,2,8,2,7,0,1,2,22,2.0,27.0,Poor,Stay away,32,-0.3,-1.1,-1.1,43.2,0,,nan,0.0,0.0
KYIVW,Kyivstar Group Ltd. Warrant,5.11,16,8,2,13,3,5,5,52,-25.0,27.0,Poor,Stay away,51,34.5,34.5,12.1,54.4,3,,nan,nan,24350.0
GMYYF,MONETA Money Bank a.s,4.15,5,4,9,6,3,2,3,32,-10.0,27.0,Poor,🔥 COILED: Stay away,38,0.0,0.0,0.0,50.0,0,,Financial Services,2120650112.0,0.15
ZDCAF,Zedcor Inc.,3.452,0,9,7,9,2,0,2,29,0.0,27.0,Poor,Stay away,7,-5.8,-5.7,-5.8,35.0,0,,Industrials,456578560.0,23918.27
BHLLD,Bunker Hill Mining Corp,4.04,5,9,7,5,7,2,2,37,-13.0,27.0,Poor,Stay away,51,0.5,-5.8,-2.8,44.2,2,,Basic Materials,190136480.0,30277.25
AHT-PI,Ashford Hospitality Trust Inc,5.245,9,10,8,4,1,4,3,39,-13.0,27.0,Poor,Stay away,32,-2.5,5.2,2.0,54.4,2,,Real Estate,104520272.0,7644.6
ACRG,American Clean Resources Group Inc.,5.99,13,11,7,12,4,5,5,57,-30,27,Poor,Stay away,40,49.8,49.8,27.1,67.0,3,,Basic Materials,57815404.0,895.65
NDRA,ENDRA Life Sciences Inc,4.7,2,10,1,11,3,0,3,30,-1.0,27.0,Poor,Stay away,33,-3.3,-5.8,-4.6,46.1,1,,Healthcare,7819003.0,138719.03
ISCDF,Isracard Ltd,4.4,5,4,9,6,3,2,3,32,-10.0,27.0,Poor,🔥 COILED: Stay away,38,0.0,0.0,0.0,50.0,0,,Financial Services,1432423168.0,0.14
BOLT,Bolt Biotherapeutics,3.99,3,13,7,4,4,6,3,40,-13.0,27.0,Poor,Stay away,18,4.2,-9.7,-1.2,47.0,1,,Healthcare,9146659.0,29660.63
CNROX,City National Rochdale Strategic Credit Fund,4.36,5,6,9,6,3,3,4,36,-12.0,27.0,Poor,Stay away,30,-0.2,0.2,-0.5,36.8,0,,nan,nan,0.0
XGCVX,Gabelli Convertible and Income Securities Fd Inc,4.43,1,8,0,7,3,1,2,22,2.0,27.0,Poor,Stay away,30,-0.7,-1.1,-1.9,41.2,0,,Other,0.0,0.0
ITFY,Interfoundry Inc,3.98,14,3,5,7,4,0,5,38,-11.8,26.2,Poor,Stay away,50,-8.3,-11.6,22.7,56.7,1,,Energy,171038304.0,417.97
SUMMF,Summit Royalties Ltd.,0.95,8,11,8,0,2,3,2,34,-8.0,26.0,Poor,Stay away,24,1.9,-0.5,-0.5,46.2,0,,Basic Materials,76119480.0,0.0
PBSFY,ProSiebenSat1 Media AG,1.07,3,6,1,9,3,2,2,26,0.0,26.0,Poor,Stay away,18,9.2,-4.9,-4.9,39.1,1,,Communication Services,996434368.0,0.0
OGI,OrganiGram Holdings Inc,0.939,6,7,5,7,2,2,2,31,-5.0,26.0,Poor,Stay away,17,0.4,4.3,-0.9,45.7,2,,Healthcare,152037024.0,819375.81
FCHL,Fitness Champs Holdings Limited Common Stock,1.13,7,11,2,4,3,2,3,32,-11.0,26.0,Poor,Stay away,34,-0.9,-1.7,-1.0,47.4,1,,Consumer Defensive,1780301.0,0.0
CNIKF,Canada Nickel Company Inc,1.11,14,12,4,12,5,6,5,58,-28,26,Poor,Stay away,45,5.5,19.4,8.9,59.4,4,,Basic Materials,276997920.0,85053.87
FGSGF,Flat Glass Group Co. Ltd,1.2,5,3,9,6,3,4,3,33,-10.0,26.0,Poor,Stay away,20,0.0,0.0,-0.0,0.0,0,,Technology,2788911616.0,29.5
CIMEF,CIMC Enric Holdings Limited,0.93,3,8,8,4,3,3,2,31,-10.0,26.0,Poor,🔥 COILED: Stay away,28,0.0,0.0,-1.8,43.5,0,,Energy,2767987456.0,104.2
ZNB,Zeta Network Group,2.38,18,6,6,5,3,2,5,45,-19,26,Poor,Stay away,45,750.0,495.3,78.5,67.0,4,11,Communication Services,2723989.0,82989.12
BCCMY,BAIC Motor Corporation Limited,1.135,4,6,7,5,3,3,5,33,-10.0,26.0,Poor,Stay away,19,0.0,0.0,-1.8,24.8,0,,Consumer Cyclical,1242377344.0,150.35
SHWGY,Shandong Weigao Group Medical Polymer Co Ltd ADR,1.6,6,6,10,5,0,3,3,33,-10.0,26.0,Poor,Stay away,16,0.0,0.0,-0.8,37.7,0,,Healthcare,1935832832.0,0.0
RENX,RenX Enterprises Corp.,1.89,9,12,5,1,5,4,2,38,-13.0,26.0,Poor,Stay away,42,-5.5,-4.5,-0.9,48.8,1,,Real Estate,4312897.0,1134139.93
WMTN,WestMountain Gold Inc,0.676,4,6,8,5,3,7,5,38,-15.0,26.0,Poor,Stay away,19,0.0,0.0,-11.1,30.4,1,,Basic Materials,36252956.0,26.61
GENK,"GEN Restaurant Group, Inc. Class A Common Stock",2.03,11,8,8,12,3,3,4,49,-26.0,26.0,Poor,Stay away,48,3.0,14.7,4.3,56.1,4,,Consumer Cyclical,63621712.0,52733.47
DURCF,DURCF,1.89,6,4,9,5,3,3,3,33,-10.0,26.0,Poor,Stay away,44,0.0,0.0,-0.3,19.9,0,,Industrials,503412512.0,355.38
TTEC,TTEC Holdings Inc,2.49,15,5,8,15,1,3,5,52,-26.0,26.0,Poor,Stay away,28,17.5,15.3,9.7,59.9,3,,Technology,111670984.0,427799.83
CNICF,China International Capital Corporation Limited,2.35,6,4,11,6,3,2,3,35,-12.0,26.0,Poor,Stay away,42,0.0,0.0,0.0,61.7,0,,Financial Services,11344053248.0,0.0
OCDGF,Ocado Group PLC,2.49,11,6,2,12,4,3,5,43,-20.0,26.0,Poor,Stay away,29,4.6,24.5,2.2,52.9,3,,Consumer Defensive,2265188608.0,775.24
VULNF,Vulcan Energy Resources Limited,1.854,4,7,4,8,2,2,2,29,-3.0,26.0,Poor,Stay away,12,-3.7,-4.9,-5.8,39.9,2,,Basic Materials,1282810752.0,2588.45
BHR,Braemar Hotel & Resorts Inc,2.27,11,6,3,12,3,3,3,41,-15.0,26.0,Poor,Stay away,32,1.8,13.5,3.0,55.2,3,,Real Estate,183354640.0,441564.2
ZHAOF,Zhaojin Mining Industry Company Limited,2.06,3,4,10,5,3,3,3,31,-10.0,26.0,Poor,🔥 COILED: Stay away,0,0.0,0.0,-1.5,43.0,0,,Basic Materials,10485483520.0,0.0
CMRC,"Commerce.com, Inc.",3.13,15,8,5,7,3,2,3,43,-15.0,26.0,Poor,Stay away,46,15.5,3.0,3.9,55.2,2,,Technology,236810112.0,866926.84
HURRY,HÃ¼rriyet Gazetecilik ve Matbaacilik A.S.,3.0,8,4,10,6,3,2,3,36,-15.0,26.0,Poor,🔥 COILED: Stay away,36,0.0,0.0,-0.0,48.1,1,,Communication Services,88800000.0,16.8
CCIF,Carlyle Credit Income Fund,2.8,5,15,5,4,3,3,3,38,-13.0,26.0,Poor,Stay away,26,5.3,0.0,1.3,50.8,2,,Financial Services,65079768.0,149469.27
GPTGF,GPT Group,3.41,6,7,8,4,4,0,2,31,-10.0,26.0,Poor,🔥 COILED: Stay away,38,0.0,0.0,-1.0,44.6,0,,Real Estate,6589586432.0,0.0
QHUOD,Quhuo Limited,6.37,11,3,3,7,7,7,5,43,-15.0,26.0,Poor,Stay away,61,15.6,-43.7,-0.6,52.1,1,,Technology,9281347.0,79190.1
SGPPY,The SPAR Group Ltd,2.91,3,6,8,6,3,5,2,33,-10.0,26.0,Poor,Stay away,18,0.0,0.0,-2.0,39.5,0,,Consumer Defensive,715452032.0,4.83
ITOR,Intorio Corp.,3.55,8,6,10,6,3,2,3,38,-15.0,26.0,Poor,Stay away,37,0.0,0.0,-0.0,29.4,1,,Consumer Defensive,192001744.0,17.25
EFOI,Energy Focu,3.05,7,14,10,5,4,2,5,47,-21.0,26.0,Poor,Stay away,46,6.3,5.1,3.5,52.7,2,,Consumer Cyclical,24011966.0,912369.84
ZIVO,Zivo Bioscience Inc,4.0,4,3,3,11,5,0,2,28,-5.0,26.0,Poor,Stay away,25,-20.0,-3.4,-8.1,44.9,1,,Healthcare,15443978.0,2022.51
LTRCF,The Lottery Corporation Limited,3.795,7,3,9,5,3,6,3,36,-13.0,26.0,Poor,Stay away,48,0.0,0.0,0.0,74.1,0,,Consumer Cyclical,8446803968.0,25.56
KLC,"KinderCare Learning Companies, Inc.",5.35,17,6,9,6,7,5,5,55,-27.0,26.0,Poor,Stay away,66,8.5,2.5,6.1,64.7,1,,Consumer Defensive,471936736.0,1049079.13
SVRE,SaverOne 2014 Ltd. American Depositary Shares,3.71,12,6,5,14,5,4,5,51,-25.0,26.0,Poor,Stay away,49,4.2,15.9,9.9,58.3,4,,Technology,3849072.0,102874.47
FNFPA,First Niles Financial Inc. PFD SER A,3.8,5,4,10,6,3,2,3,33,-10.0,26.0,Poor,Stay away,30,0.0,0.0,-0.0,0.0,0,,Other,0.0,18.74
EOGSF,Emerald Resources NL,3.81,6,10,6,2,3,7,2,36,-10.0,26.0,Poor,Stay away,34,0.0,1.4,-1.8,46.3,0,,Basic Materials,2709180928.0,0.0
IHRTB,iHeartMedia Inc,4.0,15,6,11,6,6,2,3,49,-28.0,26.0,Poor,🔥 COILED: Stay away,56,0.0,0.0,0.8,100.0,1,,Communication Services,604609600.0,10.21
OSUR,OraSure Technologies Inc,4.05,5,10,5,5,8,2,2,37,-11.0,26.0,Poor,Stay away,62,2.0,4.7,0.1,49.9,2,,Healthcare,287098464.0,599665.15
EMHXY,European Metals Holdings Limited,3.926,5,4,1,8,0,7,3,28,-5.0,26.0,Poor,Stay away,23,0.0,0.0,-1.2,44.0,1,,Basic Materials,49889424.0,65.12
NEUP,Neuphoria Therapeutics Inc,3.88,7,11,3,7,2,6,5,41,-18.0,26.0,Poor,Stay away,23,6.6,13.6,3.1,51.5,3,,Healthcare,25401388.0,537067.37
KHYSX,DEUTSCHE HIGH INCOME FUND CLASS S,4.41,2,6,2,8,3,2,3,26,0.0,26.0,Poor,Stay away,26,0.2,-0.9,-0.4,36.2,0,,nan,0.0,0.0
SMSKF,Sumiseki HoldingsInc.,3.298,3,7,7,6,3,5,2,33,-10.0,26.0,Poor,Stay away,11,0.0,0.0,-2.2,31.1,0,,Energy,276981184.0,1.5
HCGI,Huntwicke Capital Group Inc,6.15,3,5,7,8,0,1,2,26,-5.0,26.0,Poor,🔥 COILED: Stay away,15,0.0,0.0,-16.2,48.2,1,,Financial Services,26443322.0,68.5
CPCRX,COMSTOCK CAPITAL VALUE FUND RETAIL CLASS I,4.74,5,5,6,6,6,2,3,33,-10.0,26.0,Poor,Stay away,44,-0.2,-0.4,-0.2,42.0,0,,nan,0.0,0.0
DRCVX,COMSTOCK CAPITAL VALUE FUND RETAIL CLASS A,4.56,5,5,6,6,6,2,3,33,-10.0,26.0,Poor,Stay away,42,-0.2,-0.4,-0.2,41.5,0,,nan,0.0,0.0
IIXFF,iShares III Public Limited Company - iShares Global Government Bond UCITS ETF,4.648,2,11,3,8,3,2,3,32,-6.0,26.0,Poor,Stay away,19,-0.4,-0.6,-0.4,34.6,1,,nan,nan,9487.05
KKPNY,Koninklijke KPN NV ADR,4.82,3,3,3,7,2,4,3,25,0.0,26.0,Poor,Stay away,25,0.8,-4.0,-1.6,42.2,0,,Communication Services,18715381760.0,578395.13
AECLY,AE & CI Ltd. (South Africa) ADR,5.0,5,4,10,6,3,2,3,33,-10.0,26.0,Poor,Stay away,27,0.0,0.0,-0.0,0.0,0,,Basic Materials,527588864.0,4.5
FRMUF,Firm Capital Property Trust,4.93,14,4,6,5,6,2,4,41,-20.0,26.0,Poor,🔥 COILED: Stay away,54,0.0,-1.0,0.1,56.1,0,,Real Estate,177243264.0,1082.44
NXTN,Next10 Inc,2.5,15,12,5,9,4,2,5,52,-26.8,25.2,Poor,Stay away,49,-9.1,150.0,20.6,57.6,3,,Industrials,267160864.0,0.0
PSSMF,PSSMF,1,2,4,10,6,3,2,3,30,-10.0,25.0,Poor,🔥 COILED: Stay away,31,0.0,0.0,0.0,50.0,0,,Basic Materials,8239617536.0,20.0
LEXLF,Lexington Gold Ltd,1,2,4,10,6,3,2,3,30,-10.0,25.0,Poor,🔥 COILED: Stay away,0,0.0,0.0,0.0,50.0,0,,Basic Materials,473861056.0,0.0
FXTGY,Foxtons Group PLC,1.026,5,3,10,6,3,2,3,32,-10.0,25.0,Poor,Stay away,31,0.0,0.0,-0.0,22.7,0,,Real Estate,151760864.0,0.0
GLCP,GLCP,1,2,4,10,6,3,2,3,30,-10.0,25.0,Poor,🔥 COILED: Stay away,31,0.0,0.0,0.0,50.0,0,,Industrials,154394752.0,45.0
PSPX,PSPX,1,2,4,10,6,3,2,3,30,-10.0,25.0,Poor,🔥 COILED: Stay away,31,0.0,0.0,0.0,50.0,0,,Consumer Cyclical,14375000.0,4.5
SEED,Origin Agritech Ltd,1.0,2,11,8,3,4,3,2,33,-11.0,25.0,Poor,Stay away,25,-1.0,0.0,-0.9,45.8,1,,Basic Materials,12736079.0,404450.95
YQAI,YouneeqAI Technical Services Inc.,1.0,8,6,10,9,3,1,3,40,-18.0,25.0,Poor,Stay away,38,0.0,0.0,0.4,84.8,1,,Technology,10511393.0,77.32
BMMAX,Blackrock Multi-Manager Alt Fund Cl A,1,2,4,10,6,3,2,3,30,-10.0,25.0,Poor,🔥 COILED: Stay away,30,0.0,0.0,0.0,50.0,0,,Other,0.0,0.0
BMMCX,Blackrock Multi-Manager Alt Fund Cl C,1,2,4,10,6,3,2,3,30,-10.0,25.0,Poor,🔥 COILED: Stay away,30,0.0,0.0,0.0,50.0,0,,Other,0.0,0.0
CPVPX,Columbia Leg Captl Preservation Port A,1,2,4,10,6,3,2,3,30,-10.0,25.0,Poor,🔥 COILED: Stay away,30,0.0,0.0,0.0,50.0,0,,Other,0.0,0.0
IUGXX,Invesco Treasurers Series Trust - Invesco Premier U.S. Government Money Portfolio,1,2,4,10,6,3,2,3,30,-10.0,25.0,Poor,🔥 COILED: Stay away,30,0.0,0.0,0.0,50.0,0,,Other,nan,0.0
VUSXX,Vanguard Treasury Money Market Fund,1,2,4,10,6,3,2,3,30,-10.0,25.0,Poor,🔥 COILED: Stay away,30,0.0,0.0,0.0,50.0,0,,nan,nan,0.0
SPAXX,Fidelity® Government Money Market Fund,1,2,4,10,6,3,2,3,30,-10.0,25.0,Poor,🔥 COILED: Stay away,0,0.0,0.0,0.0,50.0,0,,nan,nan,0.0
FDRXX,Fidelity Govt Cash Rsrvs,1,2,4,10,6,3,2,3,30,-10.0,25.0,Poor,🔥 COILED: Stay away,30,0.0,0.0,0.0,50.0,0,,nan,nan,0.0
VMFXX,Vanguard Federal Money Market Fund Investor Shares,1,2,4,10,6,3,2,3,30,-10.0,25.0,Poor,🔥 COILED: Stay away,30,0.0,0.0,0.0,50.0,0,,nan,nan,0.0
FGTXX,Goldman Sachs Financial Square Government Fund Institutional Shares,1,2,4,10,6,3,2,3,30,-10.0,25.0,Poor,🔥 COILED: Stay away,30,0.0,0.0,0.0,50.0,0,,nan,nan,0.0
AALXX,Thrivent Money Market Fund Class S,1,2,4,10,6,3,2,3,30,-10.0,25.0,Poor,🔥 COILED: Stay away,30,0.0,0.0,0.0,50.0,0,,nan,nan,0.0
TFDXX,BlackRock Liquidity Funds FedFund Institutional Shares,1,2,4,10,6,3,2,3,30,-10.0,25.0,Poor,🔥 COILED: Stay away,30,0.0,0.0,0.0,50.0,0,,nan,nan,0.0
DAPXX,Dreyfus Government Securities Cash Management Administrative Shares,1,2,4,10,6,3,2,3,30,-10.0,25.0,Poor,🔥 COILED: Stay away,30,0.0,0.0,0.0,50.0,0,,nan,nan,0.0
AGPXX,Invesco Short-Term Investments Trust Government & Agency Portfolio Institutional,1,2,4,10,6,3,2,3,30,-10.0,25.0,Poor,🔥 COILED: Stay away,30,0.0,0.0,0.0,50.0,0,,nan,nan,0.0
FTIXX,Goldman Sachs Financial Square Treasury Instruments Fund Institutional Shares,1,2,4,10,6,3,2,3,30,-10.0,25.0,Poor,🔥 COILED: Stay away,30,0.0,0.0,0.0,50.0,0,,nan,nan,0.0
MVRXX,Morgan Stanley Institutional Liquidity Funds -  Government Portfolio,1,2,4,10,6,3,2,3,30,-10.0,25.0,Poor,🔥 COILED: Stay away,30,0.0,0.0,0.0,50.0,0,,nan,nan,0.0
FXFXX,First American Funds Inc. - Treasury Obligations Fund,1,2,4,10,6,3,2,3,30,-10.0,25.0,Poor,🔥 COILED: Stay away,30,0.0,0.0,0.0,50.0,0,,nan,nan,0.0
MISXX,Morgan Stanley Institutional Liquidity Funds - Treasury Portfolio,1,2,4,10,6,3,2,3,30,-10.0,25.0,Poor,🔥 COILED: Stay away,30,0.0,0.0,0.0,50.0,0,,nan,nan,0.0
DTRXX,Dreyfus Treasury Obligations Cash Management,1,2,4,10,6,3,2,3,30,-10.0,25.0,Poor,🔥 COILED: Stay away,30,0.0,0.0,0.0,50.0,0,,nan,nan,0.0
FGXXX,First American Funds Inc. - Government Obligations Fund,1,2,4,10,6,3,2,3,30,-10.0,25.0,Poor,🔥 COILED: Stay away,30,0.0,0.0,0.0,50.0,0,,nan,nan,0.0
GVMXX,State Street Master Funds - State Street U.S. Government Money Market Portfolio,1,2,4,10,6,3,2,3,30,-10.0,25.0,Poor,🔥 COILED: Stay away,30,0.0,0.0,0.0,50.0,0,,nan,nan,0.0
FSIXX,Fidelity Colchester Street Trust - Treasury Only Portfolio,1,2,4,10,6,3,2,3,30,-10.0,25.0,Poor,🔥 COILED: Stay away,30,0.0,0.0,0.0,50.0,0,,nan,nan,0.0
TPIXX,State Street Institutional Investment Trust - State Street Institutional Treasury Plus Money Market,1,2,4,10,6,3,2,3,30,-10.0,25.0,Poor,🔥 COILED: Stay away,30,0.0,0.0,0.0,50.0,0,,nan,nan,0.0
FRAXX,Goldman Sachs Trust - Goldman Sachs Financial Square Treasury Instruments Fund,1,2,4,10,6,3,2,3,30,-10.0,25.0,Poor,🔥 COILED: Stay away,30,0.0,0.0,0.0,50.0,0,,nan,nan,0.0
TTTXX,BlackRock Liquidity Funds - Treasury Trust Fund,1,2,4,10,6,3,2,3,30,-10.0,25.0,Poor,🔥 COILED: Stay away,30,0.0,0.0,0.0,50.0,0,,nan,nan,0.0
FMJXX,Goldman Sachs Investor Money Market Fund Class I,1,2,4,10,6,3,2,3,30,-10.0,25.0,Poor,🔥 COILED: Stay away,30,0.0,0.0,0.0,50.0,0,,nan,nan,0.0
FIGXX,Fidelity Colchester Street Trust - Government Portfolio,1,2,4,10,6,3,2,3,30,-10.0,25.0,Poor,🔥 COILED: Stay away,30,0.0,0.0,0.0,50.0,0,,nan,nan,0.0
SWGXX,Schwab Government Money Fund,1,2,4,10,6,3,2,3,30,-10.0,25.0,Poor,🔥 COILED: Stay away,30,0.0,0.0,0.0,50.0,0,,nan,nan,0.0
SWVXX,Schwab Value Advantage Money Fund,1,2,4,10,6,3,2,3,30,-10.0,25.0,Poor,🔥 COILED: Stay away,30,0.0,0.0,0.0,50.0,0,,nan,nan,0.0
MUSXX,MainStay U.S. Government Liquidity Fund Class I,1,2,4,10,6,3,2,3,30,-10.0,25.0,Poor,🔥 COILED: Stay away,30,0.0,0.0,0.0,50.0,0,,nan,nan,0.0
DGCXX,Dreyfus Government Cash Management Fund,1,2,4,10,6,3,2,3,30,-10.0,25.0,Poor,🔥 COILED: Stay away,30,0.0,0.0,0.0,50.0,0,,nan,nan,0.0
TSCXX,T. Rowe Price Cash Reserves Fund,1,2,4,10,6,3,2,3,30,-10.0,25.0,Poor,🔥 COILED: Stay away,30,0.0,0.0,0.0,50.0,0,,nan,nan,0.0
INFXX,Institutional Fiduciary Trust Money Market Fund,1,2,4,10,6,3,2,3,30,-10.0,25.0,Poor,🔥 COILED: Stay away,30,0.0,0.0,0.0,50.0,0,,nan,nan,0.0
SAHXX,State Street Institutional U.S. Government Money Market Fund,1,2,4,10,6,3,2,3,30,-10.0,25.0,Poor,🔥 COILED: Stay away,30,0.0,0.0,0.0,50.0,0,,nan,nan,0.0
TSTXX,BlackRock Liquidity Funds - T-Fund,1,2,4,10,6,3,2,3,30,-10.0,25.0,Poor,🔥 COILED: Stay away,30,0.0,0.0,0.0,50.0,0,,nan,nan,0.0
AAOXX,American Beacon U.S. Government Money Market Select Fund,1,2,4,10,6,3,2,3,30,-10.0,25.0,Poor,🔥 COILED: Stay away,30,0.0,0.0,0.0,50.0,0,,nan,nan,0.0
ACAXX,American Century Investment Trust - Prime Money Market Fund,1,2,4,10,6,3,2,3,30,-10.0,25.0,Poor,🔥 COILED: Stay away,30,0.0,0.0,0.0,50.0,0,,nan,nan,0.0
ABZXX,American Funds U.S. Government Money Market Fund,1,2,4,10,6,3,2,3,30,-10.0,25.0,Poor,🔥 COILED: Stay away,30,0.0,0.0,0.0,50.0,0,,nan,nan,0.0
ACNXX,AIM Investment Securities Funds (Invesco Investment Securities Funds) - Government Money Market Fund,1,2,4,10,6,3,2,3,30,-10.0,25.0,Poor,🔥 COILED: Stay away,30,0.0,0.0,0.0,50.0,0,,nan,nan,0.0
ACXXX,AIM Investment Securities Funds (Invesco Investment Securities Funds) - Government Money Market Fund,1,2,4,10,6,3,2,3,30,-10.0,25.0,Poor,🔥 COILED: Stay away,30,0.0,0.0,0.0,50.0,0,,nan,nan,0.0
ACZXX,AIM Investment Securities Funds (Invesco Investment Securities Funds) - Government Money Market Fund,1,2,4,10,6,3,2,3,30,-10.0,25.0,Poor,🔥 COILED: Stay away,30,0.0,0.0,0.0,50.0,0,,nan,nan,0.0
ADAXX,AIM Investment Securities Funds (Invesco Investment Securities Funds) - Government Money Market Fund,1,2,4,10,6,3,2,3,30,-10.0,25.0,Poor,🔥 COILED: Stay away,30,0.0,0.0,0.0,50.0,0,,nan,nan,0.0
AEAXX,AB Government Exchange Reserves,1,2,4,10,6,3,2,3,30,-10.0,25.0,Poor,🔥 COILED: Stay away,30,0.0,0.0,0.0,50.0,0,,nan,nan,0.0
AECXX,AB Fixed-Income Shares Inc. - AB Government Money Market Portfolio,1,2,4,10,6,3,2,3,30,-10.0,25.0,Poor,🔥 COILED: Stay away,30,0.0,0.0,0.0,50.0,0,,nan,nan,0.0
AEYXX,AB Government Exchange Reserves,1,2,4,10,6,3,2,3,30,-10.0,25.0,Poor,🔥 COILED: Stay away,30,0.0,0.0,0.0,50.0,0,,nan,nan,0.0
AGHXX,American Century Investment Trust - Premium Money Market Fund,1,2,4,10,6,3,2,3,30,-10.0,25.0,Poor,🔥 COILED: Stay away,30,0.0,0.0,0.0,50.0,0,,nan,nan,0.0
AGCXX,Short-Term Investment Trust - Invesco Government & Agency Portfolio,1,2,4,10,6,3,2,3,30,-10.0,25.0,Poor,🔥 COILED: Stay away,30,0.0,0.0,0.0,50.0,0,,nan,nan,0.0
AIEXX,AB Government Exchange Reserves,1,2,4,10,6,3,2,3,30,-10.0,25.0,Poor,🔥 COILED: Stay away,30,0.0,0.0,0.0,50.0,0,,nan,nan,0.0
AGQXX,American Century Investment Trust - Premium Money Market Fund,1,2,4,10,6,3,2,3,30,-10.0,25.0,Poor,🔥 COILED: Stay away,30,0.0,0.0,0.0,50.0,0,,nan,nan,0.0
AGRXX,AllianceBernstein Bond Fund - Government Reserves Portfolio Fund,1,2,4,10,6,3,2,3,30,-10.0,25.0,Poor,🔥 COILED: Stay away,30,0.0,0.0,0.0,50.0,0,,nan,nan,0.0
AIMXX,AIM Investment Securities Funds (Invesco Investment Securities Funds) - Government Money Market Fund,1,2,4,10,6,3,2,3,30,-10.0,25.0,Poor,🔥 COILED: Stay away,30,0.0,0.0,0.0,50.0,0,,nan,nan,0.0
AIYXX,AIM Investment Securities Funds (Invesco Investment Securities Funds) - Government Money Market Fund,1,2,4,10,6,3,2,3,30,-10.0,25.0,Poor,🔥 COILED: Stay away,30,0.0,0.0,0.0,50.0,0,,nan,nan,0.0
AMAXX,PIMCO Funds - PIMCO Government Money Market Fund,1,2,4,10,6,3,2,3,30,-10.0,25.0,Poor,🔥 COILED: Stay away,30,0.0,0.0,0.0,50.0,0,,nan,nan,0.0
AMGXX,PIMCO Funds - PIMCO Government Money Market Fund,1,2,4,10,6,3,2,3,30,-10.0,25.0,Poor,🔥 COILED: Stay away,30,0.0,0.0,0.0,50.0,0,,nan,nan,0.0
APCXX,Cavanal Hill Funds - Government Securities Money Market Fund,1,2,4,10,6,3,2,3,30,-10.0,25.0,Poor,🔥 COILED: Stay away,30,0.0,0.0,0.0,50.0,0,,nan,nan,0.0
AMMXX,Thrivent Mutual Funds - Thrivent Money Market Fund,1,2,4,10,6,3,2,3,30,-10.0,25.0,Poor,🔥 COILED: Stay away,30,0.0,0.0,0.0,50.0,0,,nan,nan,0.0
APGXX,Cavanal Hill Funds - U.S. Treasury Fund,1,2,4,10,6,3,2,3,30,-10.0,25.0,Poor,🔥 COILED: Stay away,30,0.0,0.0,0.0,50.0,0,,nan,nan,0.0
APPXX,Cavanal Hill Funds - Government Securities Money Market Fund,1,2,4,10,6,3,2,3,30,-10.0,25.0,Poor,🔥 COILED: Stay away,30,0.0,0.0,0.0,50.0,0,,nan,nan,0.0
APNXX,Cavanal Hill Funds - U.S. Treasury Fund,1,2,4,10,6,3,2,3,30,-10.0,25.0,Poor,🔥 COILED: Stay away,30,0.0,0.0,0.0,50.0,0,,nan,nan,0.0
APHXX,Cavanal Hill Funds - Government Securities Money Market Fund,1,2,4,10,6,3,2,3,30,-10.0,25.0,Poor,🔥 COILED: Stay away,30,0.0,0.0,0.0,50.0,0,,nan,nan,0.0
APKXX,Cavanal Hill Funds - U.S. Treasury Fund,1,2,4,10,6,3,2,3,30,-10.0,25.0,Poor,🔥 COILED: Stay away,30,0.0,0.0,0.0,50.0,0,,nan,nan,0.0
ARCXX,American Century Investment Trust - Prime Money Market Fund,1,2,4,10,6,3,2,3,30,-10.0,25.0,Poor,🔥 COILED: Stay away,30,0.0,0.0,0.0,50.0,0,,nan,nan,0.0
APSXX,Cavanal Hill Funds - Government Securities Money Market Fund,1,2,4,10,6,3,2,3,30,-10.0,25.0,Poor,🔥 COILED: Stay away,30,0.0,0.0,0.0,50.0,0,,nan,nan,0.0
BCHXX,BlackRock Liquidity Funds - T-Fund,1,2,4,10,6,3,2,3,30,-10.0,25.0,Poor,🔥 COILED: Stay away,30,0.0,0.0,0.0,50.0,0,,nan,nan,0.0
BBSXX,BBH Trust - BBH U.S. Government Money Market Fund,1,2,4,10,6,3,2,3,30,-10.0,25.0,Poor,🔥 COILED: Stay away,30,0.0,0.0,0.0,50.0,0,,nan,nan,0.0
BCTXX,American Century California Tax-Free and Municipal Funds - California Tax-Free Money Market Fund,1,2,4,10,6,3,2,3,30,-10.0,25.0,Poor,🔥 COILED: Stay away,30,0.0,0.0,0.0,50.0,0,,nan,nan,0.0
BFMXX,BlackRock Liquidity Funds - Federal Trust Fund,1,2,4,10,6,3,2,3,30,-10.0,25.0,Poor,🔥 COILED: Stay away,30,0.0,0.0,0.0,50.0,0,,nan,nan,0.0
BECXX,BlackRock Liquidity Funds - Federal Trust Fund,1,2,4,10,6,3,2,3,30,-10.0,25.0,Poor,🔥 COILED: Stay away,30,0.0,0.0,0.0,50.0,0,,nan,nan,0.0
BFFXX,BlackRock Liquidity Funds - FedFund,1,2,4,10,6,3,2,3,30,-10.0,25.0,Poor,🔥 COILED: Stay away,30,0.0,0.0,0.0,50.0,0,,nan,nan,0.0
BFTXX,BlackRock Liquidity Funds - Federal Trust Fund,1,2,4,10,6,3,2,3,30,-10.0,25.0,Poor,🔥 COILED: Stay away,30,0.0,0.0,0.0,50.0,0,,nan,nan,0.0
BFRXX,BlackRock Liquidity Funds - FedFund,1,2,4,10,6,3,2,3,30,-10.0,25.0,Poor,🔥 COILED: Stay away,30,0.0,0.0,0.0,50.0,0,,nan,nan,0.0
BGSXX,Northern Institutional Funds - U.S. Government Select Portfolio,1,2,4,10,6,3,2,3,30,-10.0,25.0,Poor,🔥 COILED: Stay away,30,0.0,0.0,0.0,50.0,0,,nan,nan,0.0
BNTXX,American Century Municipal Trust - Tax-Free Money Market Fund,1,2,4,10,6,3,2,3,30,-10.0,25.0,Poor,🔥 COILED: Stay away,30,0.0,0.0,0.0,50.0,0,,nan,nan,0.0
BMMIX,CollegeAdvantage 529 Savings Plan - BlackRock Money Market Option,1,2,4,10,6,3,2,3,30,-10.0,25.0,Poor,🔥 COILED: Stay away,30,0.0,0.0,0.0,50.0,0,,nan,nan,0.0
BNGXX,Northern Institutional Funds - U.S. Government Portfolio,1,2,4,10,6,3,2,3,30,-10.0,25.0,Poor,🔥 COILED: Stay away,30,0.0,0.0,0.0,50.0,0,,nan,nan,0.0
BSCXX,Northern Institutional Funds - U.S. Government Select Portfolio,1,2,4,10,6,3,2,3,30,-10.0,25.0,Poor,🔥 COILED: Stay away,30,0.0,0.0,0.0,50.0,0,,nan,nan,0.0
BRIXX,Blackrock Funds III - Treasury Money Market Fund,1,2,4,10,6,3,2,3,30,-10.0,25.0,Poor,🔥 COILED: Stay away,30,0.0,0.0,0.0,50.0,0,,nan,nan,0.0
BPRXX,American Century Investment Trust - Prime Money Market Fund,1,2,4,10,6,3,2,3,30,-10.0,25.0,Poor,🔥 COILED: Stay away,30,0.0,0.0,0.0,50.0,0,,nan,nan,0.0
BTCXX,BlackRock Liquidity Funds - Treasury Trust Fund,1,2,4,10,6,3,2,3,30,-10.0,25.0,Poor,🔥 COILED: Stay away,30,0.0,0.0,0.0,50.0,0,,nan,nan,0.0
CAGXX,Cash Account Trust - Government & Agency Securities Portfolio,1,2,4,10,6,3,2,3,30,-10.0,25.0,Poor,🔥 COILED: Stay away,30,0.0,0.0,0.0,50.0,0,,nan,nan,0.0
CACXX,Money Market Obligations Trust - Federated Hermes California Municipal Cash Trust,1,2,4,10,6,3,2,3,30,-10.0,25.0,Poor,🔥 COILED: Stay away,30,0.0,0.0,0.0,50.0,0,,nan,nan,0.0
CACPX,Future Scholar 529 College Savings Plan - Conservative Portfolio,1,2,4,10,6,3,2,3,30,-10.0,25.0,Poor,🔥 COILED: Stay away,30,0.0,0.0,0.0,50.0,0,,nan,nan,0.0
BTRXX,BlackRock Liquidity Funds - T-Fund,1,2,4,10,6,3,2,3,30,-10.0,25.0,Poor,🔥 COILED: Stay away,30,0.0,0.0,0.0,50.0,0,,nan,nan,0.0
CAIXX,Money Market Obligations Trust - Federated Hermes California Municipal Cash Trust,1,2,4,10,6,3,2,3,30,-10.0,25.0,Poor,🔥 COILED: Stay away,30,0.0,0.0,0.0,50.0,0,,nan,nan,0.0
CALXX,Money Market Obligations Trust - Federated Hermes California Municipal Cash Trust,1,2,4,10,6,3,2,3,30,-10.0,25.0,Poor,🔥 COILED: Stay away,30,0.0,0.0,0.0,50.0,0,,nan,nan,0.0
CBDEX,Future Scholar 529 College Savings Plan - Columbia Bank Deposit 529 Portfolio,1,2,4,10,6,3,2,3,30,-10.0,25.0,Poor,🔥 COILED: Stay away,30,0.0,0.0,0.0,50.0,0,,nan,nan,0.0
CBDCX,Future Scholar 529 College Savings Plan - Columbia Bank Deposit 529 Portfolio,1,2,4,10,6,3,2,3,30,-10.0,25.0,Poor,🔥 COILED: Stay away,30,0.0,0.0,0.0,50.0,0,,nan,nan,0.0
CBDAX,Future Scholar 529 College Savings Plan - Columbia Bank Deposit 529 Portfolio,1,2,4,10,6,3,2,3,30,-10.0,25.0,Poor,🔥 COILED: Stay away,30,0.0,0.0,0.0,50.0,0,,nan,nan,0.0
CBDPX,Future Scholar 529 College Savings Plan - Columbia Bank Deposit 529 Portfolio,1,2,4,10,6,3,2,3,30,-10.0,25.0,Poor,🔥 COILED: Stay away,30,0.0,0.0,0.0,50.0,0,,nan,nan,0.0
CCCPX,Future Scholar 529 College Savings Plan - Conservative Portfolio,1,2,4,10,6,3,2,3,30,-10.0,25.0,Poor,🔥 COILED: Stay away,30,0.0,0.0,0.0,50.0,0,,nan,nan,0.0
CCCXX,Money Market Obligations Trust - Federated Hermes California Municipal Cash Trust,1,2,4,10,6,3,2,3,30,-10.0,25.0,Poor,🔥 COILED: Stay away,30,0.0,0.0,0.0,50.0,0,,nan,nan,0.0
CCSXX,Money Market Obligations Trust - Federated Hermes California Municipal Cash Trust,1,2,4,10,6,3,2,3,30,-10.0,25.0,Poor,🔥 COILED: Stay away,30,0.0,0.0,0.0,50.0,0,,nan,nan,0.0
CEAXX,Citizensselect Funds - Dreyfus Institutional Preferred Treasury Securities Money Market Fund,1,2,4,10,6,3,2,3,30,-10.0,25.0,Poor,🔥 COILED: Stay away,30,0.0,0.0,0.0,50.0,0,,nan,nan,0.0
CECPX,Future Scholar 529 College Savings Plan - Conservative Portfolio,1,2,4,10,6,3,2,3,30,-10.0,25.0,Poor,🔥 COILED: Stay away,30,0.0,0.0,0.0,50.0,0,,nan,nan,0.0
CEIXX,Citizensselect Funds - Dreyfus Institutional Preferred Treasury Securities Money Market Fund,1,2,4,10,6,3,2,3,30,-10.0,25.0,Poor,🔥 COILED: Stay away,30,0.0,0.0,0.0,50.0,0,,nan,nan,0.0
CIFXX,LeggMason Partners Institutional Trust - Western Asset Institutional Tax Free Reserves,1,2,4,10,6,3,2,3,30,-10.0,25.0,Poor,🔥 COILED: Stay away,30,0.0,0.0,0.0,50.0,0,,nan,nan,0.0
CIIXX,Legg Mason Partners Institutional Trust - Western Asset Institutional U.S. Treasury Reserves,1,2,4,10,6,3,2,3,30,-10.0,25.0,Poor,🔥 COILED: Stay away,30,0.0,0.0,0.0,50.0,0,,nan,nan,0.0
CNFXX,City National Rochdale Funds - City National Rochdale Government Money Market Fund,1,2,4,10,6,3,2,3,30,-10.0,25.0,Poor,🔥 COILED: Stay away,30,0.0,0.0,0.0,50.0,0,,nan,nan,0.0
CNGXX,City National Rochdale Funds - City National Rochdale Government Money Market Fund,1,2,4,10,6,3,2,3,30,-10.0,25.0,Poor,🔥 COILED: Stay away,30,0.0,0.0,0.0,50.0,0,,nan,nan,0.0
CNIXX,City National Rochdale Funds - City National Rochdale Government Money Market Fund,1,2,4,10,6,3,2,3,30,-10.0,25.0,Poor,🔥 COILED: Stay away,30,0.0,0.0,0.0,50.0,0,,nan,nan,0.0
CPFXX,American Century Government Income Trust - Capital Preservation Fund,1,2,4,10,6,3,2,3,30,-10.0,25.0,Poor,🔥 COILED: Stay away,30,0.0,0.0,0.0,50.0,0,,nan,nan,0.0
COSXX,Morgan Stanley Institutional Liquidity Funds -  Government Portfolio,1,2,4,10,6,3,2,3,30,-10.0,25.0,Poor,🔥 COILED: Stay away,30,0.0,0.0,0.0,50.0,0,,nan,nan,0.0
CRHXX,MFS Series Trust I - MFS U.S. Government Cash Reserve Fund,1,2,4,10,6,3,2,3,30,-10.0,25.0,Poor,🔥 COILED: Stay away,30,0.0,0.0,0.0,50.0,0,,nan,nan,0.0
CRJXX,MFS Series Trust I - MFS U.S. Government Cash Reserve Fund,1,2,4,10,6,3,2,3,30,-10.0,25.0,Poor,🔥 COILED: Stay away,30,0.0,0.0,0.0,50.0,0,,nan,nan,0.0
CRMXX,MFS Series Trust I - MFS U.S. Government Cash Reserve Fund,1,2,4,10,6,3,2,3,30,-10.0,25.0,Poor,🔥 COILED: Stay away,30,0.0,0.0,0.0,50.0,0,,nan,nan,0.0
CRKXX,MFS Series Trust I - MFS U.S. Government Cash Reserve Fund,1,2,4,10,6,3,2,3,30,-10.0,25.0,Poor,🔥 COILED: Stay away,30,0.0,0.0,0.0,50.0,0,,nan,nan,0.0
CRVXX,MFS Series Trust I - MFS U.S. Government Cash Reserve Fund,1,2,4,10,6,3,2,3,30,-10.0,25.0,Poor,🔥 COILED: Stay away,30,0.0,0.0,0.0,50.0,0,,nan,nan,0.0
CVGXX,BofA Funds Series Trust - BofA Money Market Reserves,1,2,4,10,6,3,2,3,30,-10.0,25.0,Poor,🔥 COILED: Stay away,30,0.0,0.0,0.0,50.0,0,,nan,nan,0.0
CVTXX,Short-Term Investment Trust - Invesco Treasury Portfolio,1,2,4,10,6,3,2,3,30,-10.0,25.0,Poor,🔥 COILED: Stay away,30,0.0,0.0,0.0,50.0,0,,nan,nan,0.0
CRRXX,MFS Series Trust I - MFS U.S. Government Cash Reserve Fund,1,2,4,10,6,3,2,3,30,-10.0,25.0,Poor,🔥 COILED: Stay away,30,0.0,0.0,0.0,50.0,0,,nan,nan,0.0
DAGXX,Dreyfus Government Cash Management Fund,1,2,4,10,6,3,2,3,30,-10.0,25.0,Poor,🔥 COILED: Stay away,30,0.0,0.0,0.0,50.0,0,,nan,nan,0.0
DARXX,Dreyfus Treasury Securities Cash Management,1,2,4,10,6,3,2,3,30,-10.0,25.0,Poor,🔥 COILED: Stay away,30,0.0,0.0,0.0,50.0,0,,nan,nan,0.0
DCMXX,Cash Account Trust - Government & Agency Securities Portfolio,1,2,4,10,6,3,2,3,30,-10.0,25.0,Poor,🔥 COILED: Stay away,30,0.0,0.0,0.0,50.0,0,,nan,nan,0.0
DGPXX,Dreyfus Government Cash Management Funds - Dreyfus Government Prime Cash Management,1,2,4,10,6,3,2,3,30,-10.0,25.0,Poor,🔥 COILED: Stay away,30,0.0,0.0,0.0,50.0,0,,nan,nan,0.0
DBBXX,Cash Account Trust - Government & Agency Securities Portfolio,1,2,4,10,6,3,2,3,30,-10.0,25.0,Poor,🔥 COILED: Stay away,30,0.0,0.0,0.0,50.0,0,,nan,nan,0.0
DGEXX,Morgan Stanley U.S Government Money Market Trust Fund,1,2,4,10,6,3,2,3,30,-10.0,25.0,Poor,🔥 COILED: Stay away,30,0.0,0.0,0.0,50.0,0,,nan,nan,0.0
DGQXX,Dreyfus Government Cash Management Fund,1,2,4,10,6,3,2,3,30,-10.0,25.0,Poor,🔥 COILED: Stay away,30,0.0,0.0,0.0,50.0,0,,nan,nan,0.0
DGUXX,Dreyfus Government Cash Management Fund,1,2,4,10,6,3,2,3,30,-10.0,25.0,Poor,🔥 COILED: Stay away,30,0.0,0.0,0.0,50.0,0,,nan,nan,0.0
DHLXX,Dreyfus Institutional Reserves Funds - Dreyfus Institutional Treasury and Agency Cash Advantage Fund,1,2,4,10,6,3,2,3,30,-10.0,25.0,Poor,🔥 COILED: Stay away,30,0.0,0.0,0.0,50.0,0,,nan,nan,0.0
DGVXX,Dreyfus Government Cash Management Fund,1,2,4,10,6,3,2,3,30,-10.0,25.0,Poor,🔥 COILED: Stay away,30,0.0,0.0,0.0,50.0,0,,nan,nan,0.0
DIPXX,Dreyfus Government Cash Management Funds - Dreyfus Government Prime Cash Management,1,2,4,10,6,3,2,3,30,-10.0,25.0,Poor,🔥 COILED: Stay away,30,0.0,0.0,0.0,50.0,0,,nan,nan,0.0
DIRXX,Dreyfus Treasury Securities Cash Management,1,2,4,10,6,3,2,3,30,-10.0,25.0,Poor,🔥 COILED: Stay away,30,0.0,0.0,0.0,50.0,0,,nan,nan,0.0
DNSXX,Dreyfus Institutional Reserves Funds - Dreyfus Institutional Treasury and Agency Cash Advantage Fund,1,2,4,10,6,3,2,3,30,-10.0,25.0,Poor,🔥 COILED: Stay away,30,0.0,0.0,0.0,50.0,0,,nan,nan,0.0
DOSXX,DWS Money Market Prime Series - DWS Cash Investment Trust,1,2,4,10,6,3,2,3,30,-10.0,25.0,Poor,🔥 COILED: Stay away,30,0.0,0.0,0.0,50.0,0,,nan,nan,0.0
DOCXX,DWS Money Market Prime Series - DWS Cash Investment Trust,1,2,4,10,6,3,2,3,30,-10.0,25.0,Poor,🔥 COILED: Stay away,30,0.0,0.0,0.0,50.0,0,,nan,nan,0.0
DOAXX,DWS Money Market Prime Series - DWS Cash Investment Trust,1,2,4,10,6,3,2,3,30,-10.0,25.0,Poor,🔥 COILED: Stay away,30,0.0,0.0,0.0,50.0,0,,nan,nan,0.0
DPRXX,Dreyfus Treasury Securities Cash Management,1,2,4,10,6,3,2,3,30,-10.0,25.0,Poor,🔥 COILED: Stay away,30,0.0,0.0,0.0,50.0,0,,nan,nan,0.0
DPGXX,Dreyfus Government Cash Management Fund,1,2,4,10,6,3,2,3,30,-10.0,25.0,Poor,🔥 COILED: Stay away,30,0.0,0.0,0.0,50.0,0,,nan,nan,0.0
DSHXX,Dreyfus Institutional Reserves Funds - Dreyfus Institutional Preferred Government Money Market Fund,1,2,4,10,6,3,2,3,30,-10.0,25.0,Poor,🔥 COILED: Stay away,30,0.0,0.0,0.0,50.0,0,,nan,nan,0.0
DTAXX,Dreyfus Treasury Obligations Cash Management,1,2,4,10,6,3,2,3,30,-10.0,25.0,Poor,🔥 COILED: Stay away,30,0.0,0.0,0.0,50.0,0,,nan,nan,0.0
DSVXX,Dreyfus Institutional Reserves Funds - Dreyfus Institutional Preferred Government Money Market Fund,1,2,4,10,6,3,2,3,30,-10.0,25.0,Poor,🔥 COILED: Stay away,30,0.0,0.0,0.0,50.0,0,,nan,nan,0.0
DTCXX,Cash Account Trust - DWS Tax-Exempt Portfolio,1,2,4,10,6,3,2,3,30,-10.0,25.0,Poor,🔥 COILED: Stay away,30,0.0,0.0,0.0,50.0,0,,nan,nan,0.0
DTBXX,Cash Account Trust - DWS Tax-Exempt Portfolio,1,2,4,10,6,3,2,3,30,-10.0,25.0,Poor,🔥 COILED: Stay away,30,0.0,0.0,0.0,50.0,0,,nan,nan,0.0
DTDXX,Cash Account Trust - DWS Tax-Exempt Portfolio,1,2,4,10,6,3,2,3,30,-10.0,25.0,Poor,🔥 COILED: Stay away,30,0.0,0.0,0.0,50.0,0,,nan,nan,0.0
DTHXX,Dreyfus Treasury Securities Cash Management,1,2,4,10,6,3,2,3,30,-10.0,25.0,Poor,🔥 COILED: Stay away,30,0.0,0.0,0.0,50.0,0,,nan,nan,0.0
DTGXX,Cash Account Trust - Government & Agency Securities Portfolio,1,2,4,10,6,3,2,3,30,-10.0,25.0,Poor,🔥 COILED: Stay away,30,0.0,0.0,0.0,50.0,0,,nan,nan,0.0
DTKXX,Dreyfus Treasury Obligations Cash Management,1,2,4,10,6,3,2,3,30,-10.0,25.0,Poor,🔥 COILED: Stay away,30,0.0,0.0,0.0,50.0,0,,nan,nan,0.0
DTLXX,Dreyfus Institutional Liquidity Funds - Dreyfus Treasury and Agency Liquidity Money Market Fund,1,2,4,10,6,3,2,3,30,-10.0,25.0,Poor,🔥 COILED: Stay away,30,0.0,0.0,0.0,50.0,0,,nan,nan,0.0
DTVXX,Dreyfus Treasury Obligations Cash Management,1,2,4,10,6,3,2,3,30,-10.0,25.0,Poor,🔥 COILED: Stay away,30,0.0,0.0,0.0,50.0,0,,nan,nan,0.0
DTPXX,Dreyfus Treasury Obligations Cash Management,1,2,4,10,6,3,2,3,30,-10.0,25.0,Poor,🔥 COILED: Stay away,30,0.0,0.0,0.0,50.0,0,,nan,nan,0.0
DTNXX,Dreyfus Treasury Obligations Cash Management,1,2,4,10,6,3,2,3,30,-10.0,25.0,Poor,🔥 COILED: Stay away,30,0.0,0.0,0.0,50.0,0,,nan,nan,0.0
DVPXX,Dreyfus Government Cash Management Funds - Dreyfus Government Prime Cash Management,1,2,4,10,6,3,2,3,30,-10.0,25.0,Poor,🔥 COILED: Stay away,30,0.0,0.0,0.0,50.0,0,,nan,nan,0.0
DVRXX,Dreyfus Treasury Securities Cash Management,1,2,4,10,6,3,2,3,30,-10.0,25.0,Poor,🔥 COILED: Stay away,30,0.0,0.0,0.0,50.0,0,,nan,nan,0.0
DWGXX,Morgan Stanley U.S Government Money Market Trust Fund,1,2,4,10,6,3,2,3,30,-10.0,25.0,Poor,🔥 COILED: Stay away,30,0.0,0.0,0.0,50.0,0,,nan,nan,0.0
ELMXX,Elfun Government Money Market Fund,1,2,4,10,6,3,2,3,30,-10.0,25.0,Poor,🔥 COILED: Stay away,30,0.0,0.0,0.0,50.0,0,,nan,nan,0.0
FAAXX,First American Funds Inc. - Government Obligations Fund,1,2,4,10,6,3,2,3,30,-10.0,25.0,Poor,🔥 COILED: Stay away,30,0.0,0.0,0.0,50.0,0,,nan,nan,0.0
FATXX,First American Funds Inc. - Treasury Obligations Fund,1,2,4,10,6,3,2,3,30,-10.0,25.0,Poor,🔥 COILED: Stay away,30,0.0,0.0,0.0,50.0,0,,nan,nan,0.0
FAPXX,First American Funds Inc. - Retail Prime Obligations Fund,1,2,4,10,6,3,2,3,30,-10.0,25.0,Poor,🔥 COILED: Stay away,30,0.0,0.0,0.0,50.0,0,,nan,nan,0.0
FCEXX,Fidelity Colchester Street Trust - Treasury Portfolio,1,2,4,10,6,3,2,3,30,-10.0,25.0,Poor,🔥 COILED: Stay away,30,0.0,0.0,0.0,50.0,0,,nan,nan,0.0
FCGXX,Fidelity Colchester Street Trust - Government Portfolio,1,2,4,10,6,3,2,3,30,-10.0,25.0,Poor,🔥 COILED: Stay away,30,0.0,0.0,0.0,50.0,0,,nan,nan,0.0
FCIXX,Fidelity Colchester Street Trust - Money Market Portfolio,1,2,4,10,6,3,2,3,30,-10.0,25.0,Poor,🔥 COILED: Stay away,30,0.0,0.0,0.0,50.0,0,,nan,nan,0.0
FCOXX,Fidelity Colchester Street Trust - Money Market Portfolio,1,2,4,10,6,3,2,3,30,-10.0,25.0,Poor,🔥 COILED: Stay away,30,0.0,0.0,0.0,50.0,0,,nan,nan,0.0
FCSXX,Fidelity Colchester Street Trust - Treasury Portfolio,1,2,4,10,6,3,2,3,30,-10.0,25.0,Poor,🔥 COILED: Stay away,30,0.0,0.0,0.0,50.0,0,,nan,nan,0.0
FCVXX,Fidelity Colchester Street Trust - Government Portfolio,1,2,4,10,6,3,2,3,30,-10.0,25.0,Poor,🔥 COILED: Stay away,30,0.0,0.0,0.0,50.0,0,,nan,nan,0.0
FCYXX,Goldman Sachs Trust - Investor Tax-Exempt Money Market Fund,1,2,4,10,6,3,2,3,30,-10.0,25.0,Poor,🔥 COILED: Stay away,30,0.0,0.0,0.0,50.0,0,,nan,nan,0.0
FDEXX,Fidelity Newbury Street Trust - Tax-Exempt Fund,1,2,4,10,6,3,2,3,30,-10.0,25.0,Poor,🔥 COILED: Stay away,30,0.0,0.0,0.0,50.0,0,,nan,nan,0.0
FDCXX,Fidelity Newbury Street Trust - Treasury Fund,1,2,4,10,6,3,2,3,30,-10.0,25.0,Poor,🔥 COILED: Stay away,30,0.0,0.0,0.0,50.0,0,,nan,nan,0.0
FDLXX,Fidelity Hereford Street Trust - Fidelity Treasury Only Money Market Fund,1,2,4,10,6,3,2,3,30,-10.0,25.0,Poor,🔥 COILED: Stay away,30,0.0,0.0,0.0,50.0,0,,nan,nan,0.0
FDUXX,Fidelity Newbury Street Trust - Treasury Fund,1,2,4,10,6,3,2,3,30,-10.0,25.0,Poor,🔥 COILED: Stay away,30,0.0,0.0,0.0,50.0,0,,nan,nan,0.0
FEAXX,Goldman Sachs Trust - Goldman Sachs Investor Tax-Exempt Money Market Fund,1,2,4,10,6,3,2,3,30,-10.0,25.0,Poor,🔥 COILED: Stay away,30,0.0,0.0,0.0,50.0,0,,nan,nan,0.0
FEIXX,First American Funds Inc. - Retail Prime Obligations Fund,1,2,4,10,6,3,2,3,30,-10.0,25.0,Poor,🔥 COILED: Stay away,30,0.0,0.0,0.0,50.0,0,,nan,nan,0.0
FEDXX,Goldman Sachs Trust - Goldman Sachs Financial Square Federal Fund,1,2,4,10,6,3,2,3,30,-10.0,25.0,Poor,🔥 COILED: Stay away,30,0.0,0.0,0.0,50.0,0,,nan,nan,0.0
FERXX,Fidelity Newbury Street Trust - Tax-Exempt Fund,1,2,4,10,6,3,2,3,30,-10.0,25.0,Poor,🔥 COILED: Stay away,30,0.0,0.0,0.0,50.0,0,,nan,nan,0.0
FESXX,Goldman Sachs Trust - Goldman Sachs Investor Tax-Exempt Money Market Fund,1,2,4,10,6,3,2,3,30,-10.0,25.0,Poor,🔥 COILED: Stay away,30,0.0,0.0,0.0,50.0,0,,nan,nan,0.0
FETXX,Fidelity Colchester Street Trust - Tax-Exempt Portfolio,1,2,4,10,6,3,2,3,30,-10.0,25.0,Poor,🔥 COILED: Stay away,30,0.0,0.0,0.0,50.0,0,,nan,nan,0.0
FEXXX,Fidelity Colchester Street Trust - Tax-Exempt Portfolio,1,2,4,10,6,3,2,3,30,-10.0,25.0,Poor,🔥 COILED: Stay away,30,0.0,0.0,0.0,50.0,0,,nan,nan,0.0
FGAXX,Goldman Sachs Trust - Goldman Sachs Financial Square Treasury Obligations Fund,1,2,4,10,6,3,2,3,30,-10.0,25.0,Poor,🔥 COILED: Stay away,30,0.0,0.0,0.0,50.0,0,,nan,nan,0.0
FFTXX,Money Market Obligations Trust - Federated Institutional Tax-Free Cash Trust,1,2,4,10,6,3,2,3,30,-10.0,25.0,Poor,🔥 COILED: Stay away,30,0.0,0.0,0.0,50.0,0,,nan,nan,0.0
FFCXX,First American Funds Inc. - Retail Tax Free Obligations Fund,1,2,4,10,6,3,2,3,30,-10.0,25.0,Poor,🔥 COILED: Stay away,30,0.0,0.0,0.0,50.0,0,,nan,nan,0.0
FGEXX,Fidelity Colchester Street Trust - Government Portfolio,1,2,4,10,6,3,2,3,30,-10.0,25.0,Poor,🔥 COILED: Stay away,30,0.0,0.0,0.0,50.0,0,,nan,nan,0.0
FGDXX,First American Funds Inc. - Government Obligations Fund,1,2,4,10,6,3,2,3,30,-10.0,25.0,Poor,🔥 COILED: Stay away,30,0.0,0.0,0.0,50.0,0,,nan,nan,0.0
FGGXX,Goldman Sachs Trust - Goldman Sachs Financial Square Government Fund,1,2,4,10,6,3,2,3,30,-10.0,25.0,Poor,🔥 COILED: Stay away,30,0.0,0.0,0.0,50.0,0,,nan,nan,0.0
FGNXX,Fidelity Salem Street Trust - Government Money Market Fund,1,2,4,10,6,3,2,3,30,-10.0,25.0,Poor,🔥 COILED: Stay away,30,0.0,0.0,0.0,50.0,0,,nan,nan,0.0
FGVXX,First American Funds Inc. - Government Obligations Fund,1,2,4,10,6,3,2,3,30,-10.0,25.0,Poor,🔥 COILED: Stay away,30,0.0,0.0,0.0,50.0,0,,nan,nan,0.0
FGZXX,First American Funds Inc. - Government Obligations Fund,1,2,4,10,6,3,2,3,30,-10.0,25.0,Poor,🔥 COILED: Stay away,30,0.0,0.0,0.0,50.0,0,,nan,nan,0.0
FGUXX,First American Funds Inc. - Government Obligations Fund,1,2,4,10,6,3,2,3,30,-10.0,25.0,Poor,🔥 COILED: Stay away,30,0.0,0.0,0.0,50.0,0,,nan,nan,0.0
FHIXX,First American Funds Inc. - Retail Tax Free Obligations Fund,1,2,4,10,6,3,2,3,30,-10.0,25.0,Poor,🔥 COILED: Stay away,30,0.0,0.0,0.0,50.0,0,,nan,nan,0.0
FHSXX,Goldman Sachs Trust - Investor Money Market Fund,1,2,4,10,6,3,2,3,30,-10.0,25.0,Poor,🔥 COILED: Stay away,30,0.0,0.0,0.0,50.0,0,,nan,nan,0.0
FHMXX,Goldman Sachs Trust - Investor Money Market Fund,1,2,4,10,6,3,2,3,30,-10.0,25.0,Poor,🔥 COILED: Stay away,30,0.0,0.0,0.0,50.0,0,,nan,nan,0.0
FIHXX,Goldman Sachs Trust - Goldman Sachs Financial Square Federal Fund,1,2,4,10,6,3,2,3,30,-10.0,25.0,Poor,🔥 COILED: Stay away,30,0.0,0.0,0.0,50.0,0,,nan,nan,0.0
FIKXX,Goldman Sachs Trust - Goldman Sachs Financial Square Federal Fund,1,2,4,10,6,3,2,3,30,-10.0,25.0,Poor,🔥 COILED: Stay away,30,0.0,0.0,0.0,50.0,0,,nan,nan,0.0
FIRXX,Goldman Sachs Trust - Goldman Sachs Financial Square Federal Fund,1,2,4,10,6,3,2,3,30,-10.0,25.0,Poor,🔥 COILED: Stay away,30,0.0,0.0,0.0,50.0,0,,nan,nan,0.0
FILXX,Goldman Sachs Trust - Goldman Sachs Financial Square Federal Fund,1,2,4,10,6,3,2,3,30,-10.0,25.0,Poor,🔥 COILED: Stay away,30,0.0,0.0,0.0,50.0,0,,nan,nan,0.0
FIOXX,Goldman Sachs Trust - Goldman Sachs Financial Square Federal Fund,1,2,4,10,6,3,2,3,30,-10.0,25.0,Poor,🔥 COILED: Stay away,30,0.0,0.0,0.0,50.0,0,,nan,nan,0.0
FIWXX,Goldman Sachs Trust - Goldman Sachs Financial Square Federal Fund,1,2,4,10,6,3,2,3,30,-10.0,25.0,Poor,🔥 COILED: Stay away,30,0.0,0.0,0.0,50.0,0,,nan,nan,0.0
FKIXX,Goldman Sachs Trust - Investor Tax-Exempt Money Market Fund,1,2,4,10,6,3,2,3,30,-10.0,25.0,Poor,🔥 COILED: Stay away,30,0.0,0.0,0.0,50.0,0,,nan,nan,0.0
FLIXX,First American Funds Inc. - Treasury Obligations Fund,1,2,4,10,6,3,2,3,30,-10.0,25.0,Poor,🔥 COILED: Stay away,30,0.0,0.0,0.0,50.0,0,,nan,nan,0.0
FLPXX,Meeder Funds - Institutional Prime Money Market Fund,1,2,4,10,6,3,2,3,30,-10.0,25.0,Poor,🔥 COILED: Stay away,30,0.0,0.0,0.0,50.0,0,,nan,nan,0.0
FMAXX,Fidelity Massachusetts Municipal Trust - Fidelity Massachusetts AMT Tax-Free Money Market Fund,1,2,4,10,6,3,2,3,30,-10.0,25.0,Poor,🔥 COILED: Stay away,30,0.0,0.0,0.0,50.0,0,,nan,nan,0.0
FMGXX,Goldman Sachs Trust - Investor Money Market Fund,1,2,4,10,6,3,2,3,30,-10.0,25.0,Poor,🔥 COILED: Stay away,30,0.0,0.0,0.0,50.0,0,,nan,nan,0.0
FMEXX,Goldman Sachs Trust - Investor Money Market Fund,1,2,4,10,6,3,2,3,30,-10.0,25.0,Poor,🔥 COILED: Stay away,30,0.0,0.0,0.0,50.0,0,,nan,nan,0.0
FMFXX,Franklin U.S. Government Money Fund,1,2,4,10,6,3,2,3,30,-10.0,25.0,Poor,🔥 COILED: Stay away,30,0.0,0.0,0.0,50.0,0,,nan,nan,0.0
FMOXX,Fidelity Newbury Street Trust - Tax-Exempt Fund,1,2,4,10,6,3,2,3,30,-10.0,25.0,Poor,🔥 COILED: Stay away,30,0.0,0.0,0.0,50.0,0,,nan,nan,0.0
FMKXX,Goldman Sachs Trust - Investor Money Market Fund,1,2,4,10,6,3,2,3,30,-10.0,25.0,Poor,🔥 COILED: Stay away,30,0.0,0.0,0.0,50.0,0,,nan,nan,0.0
FMQXX,Fidelity Salem Street Trust - Fidelity SAI Municipal Money Market Fund,1,2,4,10,6,3,2,3,30,-10.0,25.0,Poor,🔥 COILED: Stay away,30,0.0,0.0,0.0,50.0,0,,nan,nan,0.0
FMSXX,Fidelity Massachusetts Municipal Trust - Fidelity Massachusetts AMT Tax-Free Money Market Fund,1,2,4,10,6,3,2,3,30,-10.0,25.0,Poor,🔥 COILED: Stay away,30,0.0,0.0,0.0,50.0,0,,nan,nan,0.0
FMPXX,Fidelity Colchester Street Trust - Money Market Portfolio,1,2,4,10,6,3,2,3,30,-10.0,25.0,Poor,🔥 COILED: Stay away,30,0.0,0.0,0.0,50.0,0,,nan,nan,0.0
FMYXX,Fidelity Colchester Street Trust - Money Market Portfolio,1,2,4,10,6,3,2,3,30,-10.0,25.0,Poor,🔥 COILED: Stay away,30,0.0,0.0,0.0,50.0,0,,nan,nan,0.0
FNDXX,Federated Private Liquidity Funds-Prime Private Liquidity Fund,1,2,4,10,6,3,2,3,30,-10.0,25.0,Poor,🔥 COILED: Stay away,30,0.0,0.0,0.0,50.0,0,,nan,nan,0.0
FNTXX,Money Market Obligations Trust - Federated New York Municipal Cash Trust,1,2,4,10,6,3,2,3,30,-10.0,25.0,Poor,🔥 COILED: Stay away,30,0.0,0.0,0.0,50.0,0,,nan,nan,0.0
FNCXX,Money Market Obligations Trust - Federated New York Municipal Cash Trust,1,2,4,10,6,3,2,3,30,-10.0,25.0,Poor,🔥 COILED: Stay away,30,0.0,0.0,0.0,50.0,0,,nan,nan,0.0
FNKXX,Fidelity New York Municipal Trust II - Fidelity New York AMT Tax-Free Money Market Fund,1,2,4,10,6,3,2,3,30,-10.0,25.0,Poor,🔥 COILED: Stay away,30,0.0,0.0,0.0,50.0,0,,nan,nan,0.0
FOAXX,Goldman Sachs Trust - Goldman Sachs Financial Square Government Fund,1,2,4,10,6,3,2,3,30,-10.0,25.0,Poor,🔥 COILED: Stay away,30,0.0,0.0,0.0,50.0,0,,nan,nan,0.0
FODXX,First American Funds Inc. - U.S. Treasury Money Market Fund,1,2,4,10,6,3,2,3,30,-10.0,25.0,Poor,🔥 COILED: Stay away,30,0.0,0.0,0.0,50.0,0,,nan,nan,0.0
FOCXX,First American Funds Inc. - Treasury Obligations Fund,1,2,4,10,6,3,2,3,30,-10.0,25.0,Poor,🔥 COILED: Stay away,30,0.0,0.0,0.0,50.0,0,,nan,nan,0.0
FOEXX,First American Funds Inc. - U.S. Treasury Money Market Fund,1,2,4,10,6,3,2,3,30,-10.0,25.0,Poor,🔥 COILED: Stay away,30,0.0,0.0,0.0,50.0,0,,nan,nan,0.0
FOPXX,Fidelity Colchester Street Trust - Treasury Only Portfolio,1,2,4,10,6,3,2,3,30,-10.0,25.0,Poor,🔥 COILED: Stay away,30,0.0,0.0,0.0,50.0,0,,nan,nan,0.0
FOIXX,Fidelity Colchester Street Trust - Treasury Only Portfolio,1,2,4,10,6,3,2,3,30,-10.0,25.0,Poor,🔥 COILED: Stay away,30,0.0,0.0,0.0,50.0,0,,nan,nan,0.0
FOSXX,Goldman Sachs Trust - Goldman Sachs Financial Square Government Fund,1,2,4,10,6,3,2,3,30,-10.0,25.0,Poor,🔥 COILED: Stay away,30,0.0,0.0,0.0,50.0,0,,nan,nan,0.0
FOXXX,Fidelity Colchester Street Trust - Treasury Only Portfolio,1,2,4,10,6,3,2,3,30,-10.0,25.0,Poor,🔥 COILED: Stay away,30,0.0,0.0,0.0,50.0,0,,nan,nan,0.0
FOZXX,First American Funds Inc. - U.S. Treasury Money Market Fund,1,2,4,10,6,3,2,3,30,-10.0,25.0,Poor,🔥 COILED: Stay away,30,0.0,0.0,0.0,50.0,0,,nan,nan,0.0
FPIXX,First American Funds Inc. - First American Institutional Prime Obligations Fund,1.0,5,3,10,6,3,2,3,32,-10.0,25.0,Poor,Stay away,32,0.0,0.0,-0.0,0.0,0,,nan,nan,0.0
FOYXX,First American Funds Inc. - U.S. Treasury Money Market Fund,1,2,4,10,6,3,2,3,30,-10.0,25.0,Poor,🔥 COILED: Stay away,30,0.0,0.0,0.0,50.0,0,,nan,nan,0.0
FPPXX,First American Funds Inc. - Government Obligations Fund,1,2,4,10,6,3,2,3,30,-10.0,25.0,Poor,🔥 COILED: Stay away,30,0.0,0.0,0.0,50.0,0,,nan,nan,0.0
FPUXX,First American Funds Inc. - Retail Prime Obligations Fund,1,2,4,10,6,3,2,3,30,-10.0,25.0,Poor,🔥 COILED: Stay away,30,0.0,0.0,0.0,50.0,0,,nan,nan,0.0
FRBXX,Fidelity Colchester Street Trust - Treasury Portfolio,1,2,4,10,6,3,2,3,30,-10.0,25.0,Poor,🔥 COILED: Stay away,30,0.0,0.0,0.0,50.0,0,,nan,nan,0.0
FRFXX,Money Market Obligations Trust - Federated Hermes Capital Reserve Fund,1,2,4,10,6,3,2,3,30,-10.0,25.0,Poor,🔥 COILED: Stay away,30,0.0,0.0,0.0,50.0,0,,nan,nan,0.0
FRQXX,Franklin U.S. Government Money Fund,1,2,4,10,6,3,2,3,30,-10.0,25.0,Poor,🔥 COILED: Stay away,30,0.0,0.0,0.0,50.0,0,,nan,nan,0.0
FRRXX,Franklin U.S. Government Money Fund,1,2,4,10,6,3,2,3,30,-10.0,25.0,Poor,🔥 COILED: Stay away,30,0.0,0.0,0.0,50.0,0,,nan,nan,0.0
FSBXX,Fidelity California Municipal Trust II - Fidelity California AMT Tax-Free Money Market Fund,1,2,4,10,6,3,2,3,30,-10.0,25.0,Poor,🔥 COILED: Stay away,30,0.0,0.0,0.0,50.0,0,,nan,nan,0.0
FRSXX,Fidelity Colchester Street Trust - Treasury Only Portfolio,1,2,4,10,6,3,2,3,30,-10.0,25.0,Poor,🔥 COILED: Stay away,30,0.0,0.0,0.0,50.0,0,,nan,nan,0.0
FSJXX,Fidelity Court Street Trust II - Fidelity New Jersey AMT Tax-Free Money Market Fund,1,2,4,10,6,3,2,3,30,-10.0,25.0,Poor,🔥 COILED: Stay away,30,0.0,0.0,0.0,50.0,0,,nan,nan,0.0
FSGXX,Goldman Sachs Trust - Goldman Sachs Financial Square Government Fund,1,2,4,10,6,3,2,3,30,-10.0,25.0,Poor,🔥 COILED: Stay away,30,0.0,0.0,0.0,50.0,0,,nan,nan,0.0
FSKXX,Fidelity Court Street Trust II - Fidelity New Jersey AMT Tax-Free Money Market Fund,1,2,4,10,6,3,2,3,30,-10.0,25.0,Poor,🔥 COILED: Stay away,30,0.0,0.0,0.0,50.0,0,,nan,nan,0.0
FSNXX,Fidelity New York Municipal Trust II - Fidelity New York AMT Tax-Free Money Market Fund,1,2,4,10,6,3,2,3,30,-10.0,25.0,Poor,🔥 COILED: Stay away,30,0.0,0.0,0.0,50.0,0,,nan,nan,0.0
FSXXX,Fidelity Colchester Street Trust - Tax-Exempt Portfolio,1,2,4,10,6,3,2,3,30,-10.0,25.0,Poor,🔥 COILED: Stay away,30,0.0,0.0,0.0,50.0,0,,nan,nan,0.0
FSRXX,Fidelity Newbury Street Trust - Treasury Fund,1,2,4,10,6,3,2,3,30,-10.0,25.0,Poor,🔥 COILED: Stay away,30,0.0,0.0,0.0,50.0,0,,nan,nan,0.0
FTCXX,Fidelity Colchester Street Trust - Tax-Exempt Portfolio,1,2,4,10,6,3,2,3,30,-10.0,25.0,Poor,🔥 COILED: Stay away,30,0.0,0.0,0.0,50.0,0,,nan,nan,0.0
FSOXX,Goldman Sachs Trust - Goldman Sachs Financial Square Government Fund,1,2,4,10,6,3,2,3,30,-10.0,25.0,Poor,🔥 COILED: Stay away,30,0.0,0.0,0.0,50.0,0,,nan,nan,0.0
FTDXX,First American Funds Inc. - Treasury Obligations Fund,1,2,4,10,6,3,2,3,30,-10.0,25.0,Poor,🔥 COILED: Stay away,30,0.0,0.0,0.0,50.0,0,,nan,nan,0.0
FTFXX,Money Market Obligations Trust - Federated Institutional Tax-Free Cash Trust,1,2,4,10,6,3,2,3,30,-10.0,25.0,Poor,🔥 COILED: Stay away,30,0.0,0.0,0.0,50.0,0,,nan,nan,0.0
FTGXX,First American Funds Inc. - Government Obligations Fund,1,2,4,10,6,3,2,3,30,-10.0,25.0,Poor,🔥 COILED: Stay away,30,0.0,0.0,0.0,50.0,0,,nan,nan,0.0
FTJXX,First American Funds Inc. - Retail Tax Free Obligations Fund,1,2,4,10,6,3,2,3,30,-10.0,25.0,Poor,🔥 COILED: Stay away,30,0.0,0.0,0.0,50.0,0,,nan,nan,0.0
FTAXX,First American Funds Inc. - Retail Tax Free Obligations Fund,1,2,4,10,6,3,2,3,30,-10.0,25.0,Poor,🔥 COILED: Stay away,30,0.0,0.0,0.0,50.0,0,,nan,nan,0.0
FTKXX,First American Funds Inc. - U.S. Treasury Money Market Fund,1,2,4,10,6,3,2,3,30,-10.0,25.0,Poor,🔥 COILED: Stay away,30,0.0,0.0,0.0,50.0,0,,nan,nan,0.0
FTQXX,Franklin U.S. Government Money Fund,1,2,4,10,6,3,2,3,30,-10.0,25.0,Poor,🔥 COILED: Stay away,30,0.0,0.0,0.0,50.0,0,,nan,nan,0.0
FTUXX,Fidelity Colchester Street Trust - Treasury Portfolio,1,2,4,10,6,3,2,3,30,-10.0,25.0,Poor,🔥 COILED: Stay away,30,0.0,0.0,0.0,50.0,0,,nan,nan,0.0
FTTXX,Fifth Third Funds - Fifth Third US Treasury Money Market Fund,1,2,4,10,6,3,2,3,30,-10.0,25.0,Poor,🔥 COILED: Stay away,30,0.0,0.0,0.0,50.0,0,,nan,nan,0.0
FTOXX,Goldman Sachs Trust - Goldman Sachs Financial Square Treasury Obligations Fund,1,2,4,10,6,3,2,3,30,-10.0,25.0,Poor,🔥 COILED: Stay away,30,0.0,0.0,0.0,50.0,0,,nan,nan,0.0
FTVXX,Fidelity Colchester Street Trust - Treasury Portfolio,1,2,4,10,6,3,2,3,30,-10.0,25.0,Poor,🔥 COILED: Stay away,30,0.0,0.0,0.0,50.0,0,,nan,nan,0.0
FTXXX,Goldman Sachs Trust - Goldman Sachs Investor Tax-Exempt Money Market Fund,1,2,4,10,6,3,2,3,30,-10.0,25.0,Poor,🔥 COILED: Stay away,30,0.0,0.0,0.0,50.0,0,,nan,nan,0.0
FTYXX,Fidelity Colchester Street Trust - Treasury Only Portfolio,1,2,4,10,6,3,2,3,30,-10.0,25.0,Poor,🔥 COILED: Stay away,30,0.0,0.0,0.0,50.0,0,,nan,nan,0.0
FUIXX,First American Funds Inc. - U.S. Treasury Money Market Fund,1,2,4,10,6,3,2,3,30,-10.0,25.0,Poor,🔥 COILED: Stay away,30,0.0,0.0,0.0,50.0,0,,nan,nan,0.0
FTZXX,First American Funds Inc. - Retail Tax Free Obligations Fund,1,2,4,10,6,3,2,3,30,-10.0,25.0,Poor,🔥 COILED: Stay away,30,0.0,0.0,0.0,50.0,0,,nan,nan,0.0
FUGXX,Invesco Treasurers Series Trust - Invesco Premier U.S. Government Money Portfolio,1,2,4,10,6,3,2,3,30,-10.0,25.0,Poor,🔥 COILED: Stay away,30,0.0,0.0,0.0,50.0,0,,nan,nan,0.0
FVIXX,First American Funds Inc. - Government Obligations Fund,1,2,4,10,6,3,2,3,30,-10.0,25.0,Poor,🔥 COILED: Stay away,30,0.0,0.0,0.0,50.0,0,,nan,nan,0.0
FUPXX,First American Funds Inc. - Treasury Obligations Fund,1,2,4,10,6,3,2,3,30,-10.0,25.0,Poor,🔥 COILED: Stay away,30,0.0,0.0,0.0,50.0,0,,nan,nan,0.0
FUZXX,First American Funds Inc. - Treasury Obligations Fund,1,2,4,10,6,3,2,3,30,-10.0,25.0,Poor,🔥 COILED: Stay away,30,0.0,0.0,0.0,50.0,0,,nan,nan,0.0
FVAXX,Goldman Sachs Trust - Goldman Sachs Financial Square Federal Fund,1,2,4,10,6,3,2,3,30,-10.0,25.0,Poor,🔥 COILED: Stay away,30,0.0,0.0,0.0,50.0,0,,nan,nan,0.0
FVSXX,Goldman Sachs Trust - Goldman Sachs Financial Square Federal Fund,1,2,4,10,6,3,2,3,30,-10.0,25.0,Poor,🔥 COILED: Stay away,30,0.0,0.0,0.0,50.0,0,,nan,nan,0.0
FXRXX,First American Funds Inc. - U.S. Treasury Money Market Fund,1,2,4,10,6,3,2,3,30,-10.0,25.0,Poor,🔥 COILED: Stay away,30,0.0,0.0,0.0,50.0,0,,nan,nan,0.0
FYSXX,Goldman Sachs Trust - Goldman Sachs Financial Square Treasury Instruments Fund,1,2,4,10,6,3,2,3,30,-10.0,25.0,Poor,🔥 COILED: Stay away,30,0.0,0.0,0.0,50.0,0,,nan,nan,0.0
FYRXX,First American Funds Inc. - Retail Prime Obligations Fund,1,2,4,10,6,3,2,3,30,-10.0,25.0,Poor,🔥 COILED: Stay away,30,0.0,0.0,0.0,50.0,0,,nan,nan,0.0
FYAXX,Goldman Sachs Trust - Goldman Sachs Financial Square Treasury Obligations Fund,1,2,4,10,6,3,2,3,30,-10.0,25.0,Poor,🔥 COILED: Stay away,30,0.0,0.0,0.0,50.0,0,,nan,nan,0.0
FZAXX,Fidelity Hereford Street Trust - Fidelity Government Money Market Fund,1,2,4,10,6,3,2,3,30,-10.0,25.0,Poor,🔥 COILED: Stay away,30,0.0,0.0,0.0,50.0,0,,nan,nan,0.0
FZEXX,Fidelity Newbury Street Trust - Tax-Exempt Fund,1,2,4,10,6,3,2,3,30,-10.0,25.0,Poor,🔥 COILED: Stay away,30,0.0,0.0,0.0,50.0,0,,nan,nan,0.0
FZBXX,Fidelity Hereford Street Trust - Fidelity Government Money Market Fund,1,2,4,10,6,3,2,3,30,-10.0,25.0,Poor,🔥 COILED: Stay away,30,0.0,0.0,0.0,50.0,0,,nan,nan,0.0
FZGXX,Fidelity Hereford Street Trust - Fidelity Government Money Market Fund,1,2,4,10,6,3,2,3,30,-10.0,25.0,Poor,🔥 COILED: Stay away,30,0.0,0.0,0.0,50.0,0,,nan,nan,0.0
FZFXX,Fidelity Newbury Street Trust - Treasury Fund,1,2,4,10,6,3,2,3,30,-10.0,25.0,Poor,🔥 COILED: Stay away,30,0.0,0.0,0.0,50.0,0,,nan,nan,0.0
FZRXX,First American Funds Inc. - Retail Prime Obligations Fund,1,2,4,10,6,3,2,3,30,-10.0,25.0,Poor,🔥 COILED: Stay away,30,0.0,0.0,0.0,50.0,0,,nan,nan,0.0
GABXX,The Gabelli Money Market Funds - The Gabelli U.S. Treasury Money Market Fund,1,2,4,10,6,3,2,3,30,-10.0,25.0,Poor,🔥 COILED: Stay away,30,0.0,0.0,0.0,50.0,0,,nan,nan,0.0
GBAXX,The Gabelli Money Market Funds - The Gabelli U.S. Treasury Money Market Fund,1,2,4,10,6,3,2,3,30,-10.0,25.0,Poor,🔥 COILED: Stay away,30,0.0,0.0,0.0,50.0,0,,nan,nan,0.0
GBCXX,The Gabelli Money Market Funds - The Gabelli U.S. Treasury Money Market Fund,1,2,4,10,6,3,2,3,30,-10.0,25.0,Poor,🔥 COILED: Stay away,30,0.0,0.0,0.0,50.0,0,,nan,nan,0.0
GCFXX,Goldman Sachs Trust - Goldman Sachs Financial Square Federal Fund,1,2,4,10,6,3,2,3,30,-10.0,25.0,Poor,🔥 COILED: Stay away,30,0.0,0.0,0.0,50.0,0,,nan,nan,0.0
GCGXX,Goldman Sachs Trust - Goldman Sachs Financial Square Government Fund,1,2,4,10,6,3,2,3,30,-10.0,25.0,Poor,🔥 COILED: Stay away,30,0.0,0.0,0.0,50.0,0,,nan,nan,0.0
GCIXX,Goldman Sachs Trust - Goldman Sachs Financial Square Treasury Instruments Fund,1,2,4,10,6,3,2,3,30,-10.0,25.0,Poor,🔥 COILED: Stay away,30,0.0,0.0,0.0,50.0,0,,nan,nan,0.0
GFAXX,SEI Daily Income Trust - Government Fund,1,2,4,10,6,3,2,3,30,-10.0,25.0,Poor,🔥 COILED: Stay away,30,0.0,0.0,0.0,50.0,0,,nan,nan,0.0
GCTXX,Goldman Sachs Trust - Goldman Sachs Financial Square Treasury Obligations Fund,1,2,4,10,6,3,2,3,30,-10.0,25.0,Poor,🔥 COILED: Stay away,30,0.0,0.0,0.0,50.0,0,,nan,nan,0.0
GICXX,Goldman Sachs Trust - Goldman Sachs Financial Square Treasury Instruments Fund,1,2,4,10,6,3,2,3,30,-10.0,25.0,Poor,🔥 COILED: Stay away,30,0.0,0.0,0.0,50.0,0,,nan,nan,0.0
GFCXX,Goldman Sachs Trust - Goldman Sachs Financial Square Federal Fund,1,2,4,10,6,3,2,3,30,-10.0,25.0,Poor,🔥 COILED: Stay away,30,0.0,0.0,0.0,50.0,0,,nan,nan,0.0
GFPXX,Goldman Sachs Trust - Goldman Sachs Financial Square Federal Fund,1,2,4,10,6,3,2,3,30,-10.0,25.0,Poor,🔥 COILED: Stay away,30,0.0,0.0,0.0,50.0,0,,nan,nan,0.0
GIPXX,Goldman Sachs Trust - Goldman Sachs Financial Square Treasury Instruments Fund,1,2,4,10,6,3,2,3,30,-10.0,25.0,Poor,🔥 COILED: Stay away,30,0.0,0.0,0.0,50.0,0,,nan,nan,0.0
GGPXX,Goldman Sachs Trust - Goldman Sachs Financial Square Government Fund,1,2,4,10,6,3,2,3,30,-10.0,25.0,Poor,🔥 COILED: Stay away,30,0.0,0.0,0.0,50.0,0,,nan,nan,0.0
GMBXX,General Money Market Fund Inc.,1,2,4,10,6,3,2,3,30,-10.0,25.0,Poor,🔥 COILED: Stay away,30,0.0,0.0,0.0,50.0,0,,nan,nan,0.0
GMCXX,AIM Investment Secs Fds (Invesco Invt Secs Fds) - Invesco U.S. Government Money Portfolio,1,2,4,10,6,3,2,3,30,-10.0,25.0,Poor,🔥 COILED: Stay away,30,0.0,0.0,0.0,50.0,0,,nan,nan,0.0
GMGXX,General Money Market Fund Inc.,1,2,4,10,6,3,2,3,30,-10.0,25.0,Poor,🔥 COILED: Stay away,30,0.0,0.0,0.0,50.0,0,,nan,nan,0.0
GMIXX,Nationwide Mutual Funds - Nationwide Money Market Fund,1,2,4,10,6,3,2,3,30,-10.0,25.0,Poor,🔥 COILED: Stay away,30,0.0,0.0,0.0,50.0,0,,nan,nan,0.0
GMLXX,AIM Investment Secs Fds (Invesco Invt Secs Fds) - Invesco U.S. Government Money Portfolio,1,2,4,10,6,3,2,3,30,-10.0,25.0,Poor,🔥 COILED: Stay away,30,0.0,0.0,0.0,50.0,0,,nan,nan,0.0
GMQXX,AIM Investment Secs Fds (Invesco Invt Secs Fds) - Invesco U.S. Government Money Portfolio,1,2,4,10,6,3,2,3,30,-10.0,25.0,Poor,🔥 COILED: Stay away,30,0.0,0.0,0.0,50.0,0,,nan,nan,0.0
GMOXX,AB Fixed-Income Shares Inc. - AB Government Money Market Portfolio,1,2,4,10,6,3,2,3,30,-10.0,25.0,Poor,🔥 COILED: Stay away,30,0.0,0.0,0.0,50.0,0,,nan,nan,0.0
GMRXX,AIM Investment Secs Fds (Invesco Invt Secs Fds) - Invesco U.S. Government Money Portfolio,1,2,4,10,6,3,2,3,30,-10.0,25.0,Poor,🔥 COILED: Stay away,30,0.0,0.0,0.0,50.0,0,,nan,nan,0.0
GMMXX,General Money Market Fund Inc.,1,2,4,10,6,3,2,3,30,-10.0,25.0,Poor,🔥 COILED: Stay away,30,0.0,0.0,0.0,50.0,0,,nan,nan,0.0
GMYXX,GuideStone Funds - Money Market Fund,1,2,4,10,6,3,2,3,30,-10.0,25.0,Poor,🔥 COILED: Stay away,30,0.0,0.0,0.0,50.0,0,,nan,nan,0.0
GOAXX,Money Market Obligations Trust - Federated Hermes Government Obligations Tax-Managed Fund,1,2,4,10,6,3,2,3,30,-10.0,25.0,Poor,🔥 COILED: Stay away,30,0.0,0.0,0.0,50.0,0,,nan,nan,0.0
GOFXX,Money Market Obligations Trust - Federated Government Obligations Fund,1,2,4,10,6,3,2,3,30,-10.0,25.0,Poor,🔥 COILED: Stay away,30,0.0,0.0,0.0,50.0,0,,nan,nan,0.0
GMZXX,GuideStone Funds - Money Market Fund,1,2,4,10,6,3,2,3,30,-10.0,25.0,Poor,🔥 COILED: Stay away,30,0.0,0.0,0.0,50.0,0,,nan,nan,0.0
GOTXX,Money Market Obligations Trust - Federated Hermes Government Obligations Tax-Managed Fund,1,2,4,10,6,3,2,3,30,-10.0,25.0,Poor,🔥 COILED: Stay away,30,0.0,0.0,0.0,50.0,0,,nan,nan,0.0
GOIXX,Federated Hermes Govt Obl IS,1,2,4,10,6,3,2,3,30,-10.0,25.0,Poor,🔥 COILED: Stay away,30,0.0,0.0,0.0,50.0,0,,nan,nan,0.0
GOVXX,Money Market Obligations Trust - Federated Government Obligations Fund,1,2,4,10,6,3,2,3,30,-10.0,25.0,Poor,🔥 COILED: Stay away,30,0.0,0.0,0.0,50.0,0,,nan,nan,0.0
GPFXX,Goldman Sachs Trust - Goldman Sachs Financial Square Federal Fund,1,2,4,10,6,3,2,3,30,-10.0,25.0,Poor,🔥 COILED: Stay away,30,0.0,0.0,0.0,50.0,0,,nan,nan,0.0
GPIXX,Goldman Sachs Trust - Goldman Sachs Financial Square Treasury Instruments Fund,1,2,4,10,6,3,2,3,30,-10.0,25.0,Poor,🔥 COILED: Stay away,30,0.0,0.0,0.0,50.0,0,,nan,nan,0.0
GPGXX,Goldman Sachs Trust - Goldman Sachs Financial Square Government Fund,1,2,4,10,6,3,2,3,30,-10.0,25.0,Poor,🔥 COILED: Stay away,30,0.0,0.0,0.0,50.0,0,,nan,nan,0.0
GPOXX,Goldman Sachs Trust - Goldman Sachs Financial Square Treasury Obligations Fund,1,2,4,10,6,3,2,3,30,-10.0,25.0,Poor,🔥 COILED: Stay away,30,0.0,0.0,0.0,50.0,0,,nan,nan,0.0
GPTXX,Goldman Sachs Trust - Goldman Sachs Investor Tax-Exempt Money Market Fund,1,2,4,10,6,3,2,3,30,-10.0,25.0,Poor,🔥 COILED: Stay away,30,0.0,0.0,0.0,50.0,0,,nan,nan,0.0
GPVXX,Short-Term Investment Trust - Invesco Government & Agency Portfolio,1,2,4,10,6,3,2,3,30,-10.0,25.0,Poor,🔥 COILED: Stay away,30,0.0,0.0,0.0,50.0,0,,nan,nan,0.0
GRAXX,Money Market Obligations Trust - Federated Hermes Government Reserves Fund,1,2,4,10,6,3,2,3,30,-10.0,25.0,Poor,🔥 COILED: Stay away,30,0.0,0.0,0.0,50.0,0,,nan,nan,0.0
GRFXX,Money Market Obligations Trust - Federated Hermes Government Reserves Fund,1,2,4,10,6,3,2,3,30,-10.0,25.0,Poor,🔥 COILED: Stay away,30,0.0,0.0,0.0,50.0,0,,nan,nan,0.0
GRCXX,Money Market Obligations Trust - Federated Hermes Government Reserves Fund,1,2,4,10,6,3,2,3,30,-10.0,25.0,Poor,🔥 COILED: Stay away,30,0.0,0.0,0.0,50.0,0,,nan,nan,0.0
GRGXX,Money Market Obligations Trust - Federated Hermes Government Reserves Fund,1,2,4,10,6,3,2,3,30,-10.0,25.0,Poor,🔥 COILED: Stay away,30,0.0,0.0,0.0,50.0,0,,nan,nan,0.0
GSFXX,Goldman Sachs Trust - Goldman Sachs Financial Square Federal Fund,1,2,4,10,6,3,2,3,30,-10.0,25.0,Poor,🔥 COILED: Stay away,30,0.0,0.0,0.0,50.0,0,,nan,nan,0.0
GSGXX,Goldman Sachs Trust - Goldman Sachs Financial Square Government Fund,1,2,4,10,6,3,2,3,30,-10.0,25.0,Poor,🔥 COILED: Stay away,30,0.0,0.0,0.0,50.0,0,,nan,nan,0.0
GSOXX,Goldman Sachs Trust - Goldman Sachs Financial Square Treasury Obligations Fund,1,2,4,10,6,3,2,3,30,-10.0,25.0,Poor,🔥 COILED: Stay away,30,0.0,0.0,0.0,50.0,0,,nan,nan,0.0
GSIXX,Goldman Sachs Trust - Goldman Sachs Financial Square Treasury Instruments Fund,1,2,4,10,6,3,2,3,30,-10.0,25.0,Poor,🔥 COILED: Stay away,30,0.0,0.0,0.0,50.0,0,,nan,nan,0.0
GTOXX,Goldman Sachs Trust - Goldman Sachs Financial Square Treasury Obligations Fund,1,2,4,10,6,3,2,3,30,-10.0,25.0,Poor,🔥 COILED: Stay away,30,0.0,0.0,0.0,50.0,0,,nan,nan,0.0
GTRXX,Goldman Sachs Trust - Goldman Sachs Financial Square Treasury Obligations Fund,1,2,4,10,6,3,2,3,30,-10.0,25.0,Poor,🔥 COILED: Stay away,30,0.0,0.0,0.0,50.0,0,,nan,nan,0.0
GTPXX,Goldman Sachs Trust - Goldman Sachs Financial Square Treasury Obligations Fund,1,2,4,10,6,3,2,3,30,-10.0,25.0,Poor,🔥 COILED: Stay away,30,0.0,0.0,0.0,50.0,0,,nan,nan,0.0
GTSXX,Money Market Obligations Trust - Federated Hermes Government Obligations Tax-Managed Fund,1,2,4,10,6,3,2,3,30,-10.0,25.0,Poor,🔥 COILED: Stay away,30,0.0,0.0,0.0,50.0,0,,nan,nan,0.0
GVCXX,Goldman Sachs Trust - Goldman Sachs Financial Square Government Fund,1,2,4,10,6,3,2,3,30,-10.0,25.0,Poor,🔥 COILED: Stay away,30,0.0,0.0,0.0,50.0,0,,nan,nan,0.0
GVRXX,Goldman Sachs Trust - Goldman Sachs Financial Square Government Fund,1,2,4,10,6,3,2,3,30,-10.0,25.0,Poor,🔥 COILED: Stay away,30,0.0,0.0,0.0,50.0,0,,nan,nan,0.0
GVVXX,State Street Master Funds - State Street U.S. Government Money Market Portfolio,1,2,4,10,6,3,2,3,30,-10.0,25.0,Poor,🔥 COILED: Stay away,30,0.0,0.0,0.0,50.0,0,,nan,nan,0.0
GVIXX,Allspring Funds Trust - Allspring Government Money Market Fund,1,2,4,10,6,3,2,3,30,-10.0,25.0,Poor,🔥 COILED: Stay away,30,0.0,0.0,0.0,50.0,0,,nan,nan,0.0
GVSXX,State Street Insti U.S. Government Money Market Fd Service Class,1,2,4,10,6,3,2,3,30,-10.0,25.0,Poor,🔥 COILED: Stay away,30,0.0,0.0,0.0,50.0,0,,nan,nan,0.0
HBIXX,HSBC Funds - HSBC U.S. Treasury Money Market Fund,1,2,4,10,6,3,2,3,30,-10.0,25.0,Poor,🔥 COILED: Stay away,30,0.0,0.0,0.0,50.0,0,,nan,nan,0.0
HGDXX,HSBC Funds - HSBC U.S. Government Money Market Fund,1,2,4,10,6,3,2,3,30,-10.0,25.0,Poor,🔥 COILED: Stay away,30,0.0,0.0,0.0,50.0,0,,nan,nan,0.0
HDIXX,Homestead Funds Inc. - Daily Income Fund,1,2,4,10,6,3,2,3,30,-10.0,25.0,Poor,🔥 COILED: Stay away,30,0.0,0.0,0.0,50.0,0,,nan,nan,0.0
HGGXX,HSBC Funds - HSBC U.S. Government Money Market Fund,1,2,4,10,6,3,2,3,30,-10.0,25.0,Poor,🔥 COILED: Stay away,30,0.0,0.0,0.0,50.0,0,,nan,nan,0.0
HGFXX,HSBC Funds - HSBC U.S. Government Money Market Fund,1,2,4,10,6,3,2,3,30,-10.0,25.0,Poor,🔥 COILED: Stay away,30,0.0,0.0,0.0,50.0,0,,nan,nan,0.0
HTFXX,HSBC Funds - HSBC U.S. Treasury Money Market Fund,1,2,4,10,6,3,2,3,30,-10.0,25.0,Poor,🔥 COILED: Stay away,30,0.0,0.0,0.0,50.0,0,,nan,nan,0.0
HTDXX,HSBC Funds - HSBC U.S. Treasury Money Market Fund,1,2,4,10,6,3,2,3,30,-10.0,25.0,Poor,🔥 COILED: Stay away,30,0.0,0.0,0.0,50.0,0,,nan,nan,0.0
HGIXX,HSBC Funds - HSBC U.S. Government Money Market Fund,1,2,4,10,6,3,2,3,30,-10.0,25.0,Poor,🔥 COILED: Stay away,30,0.0,0.0,0.0,50.0,0,,nan,nan,0.0
IATXX,Transamerica Funds - Transamerica Government Money Market,1,2,4,10,6,3,2,3,30,-10.0,25.0,Poor,🔥 COILED: Stay away,30,0.0,0.0,0.0,50.0,0,,nan,nan,0.0
HTYXX,HSBC Funds - HSBC U.S. Treasury Money Market Fund,1,2,4,10,6,3,2,3,30,-10.0,25.0,Poor,🔥 COILED: Stay away,30,0.0,0.0,0.0,50.0,0,,nan,nan,0.0
HTGXX,HSBC Funds - HSBC U.S. Treasury Money Market Fund,1,2,4,10,6,3,2,3,30,-10.0,25.0,Poor,🔥 COILED: Stay away,30,0.0,0.0,0.0,50.0,0,,nan,nan,0.0
ICAXX,DWS Government Money Market Series - Institutional,1,2,4,10,6,3,2,3,30,-10.0,25.0,Poor,🔥 COILED: Stay away,30,0.0,0.0,0.0,50.0,0,,nan,nan,0.0
ICTXX,Investors Cash Trust - DWS Treasury Portfolio,1,2,4,10,6,3,2,3,30,-10.0,25.0,Poor,🔥 COILED: Stay away,30,0.0,0.0,0.0,50.0,0,,nan,nan,0.0
IMRXX,AIM Treasurer's Series Trust (Invesco Treasurer's Series Trust) - Invesco Premier Portfolio,1,2,4,10,6,3,2,3,30,-10.0,25.0,Poor,🔥 COILED: Stay away,30,0.0,0.0,0.0,50.0,0,,nan,nan,0.0
IMLXX,Transamerica Funds - Transamerica Government Money Market,1,2,4,10,6,3,2,3,30,-10.0,25.0,Poor,🔥 COILED: Stay away,30,0.0,0.0,0.0,50.0,0,,nan,nan,0.0
INVXX,AIM Investment Securities Funds (Invesco Investment Securities Funds) - Government Money Market Fund,1,2,4,10,6,3,2,3,30,-10.0,25.0,Poor,🔥 COILED: Stay away,30,0.0,0.0,0.0,50.0,0,,nan,nan,0.0
INGXX,Legg Mason Partners Institutional Trust - Western Asset Institutional Government Reserves,1,2,4,10,6,3,2,3,30,-10.0,25.0,Poor,🔥 COILED: Stay away,30,0.0,0.0,0.0,50.0,0,,nan,nan,0.0
INAXX,AIM Investment Securities Funds (Invesco Investment Securities Funds) - Government Money Market Fund,1,2,4,10,6,3,2,3,30,-10.0,25.0,Poor,🔥 COILED: Stay away,30,0.0,0.0,0.0,50.0,0,,nan,nan,0.0
IPPXX,AIM Treasurer's Series Trust (Invesco Treasurer's Series Trust) - Invesco Premier Portfolio,1,2,4,10,6,3,2,3,30,-10.0,25.0,Poor,🔥 COILED: Stay away,30,0.0,0.0,0.0,50.0,0,,nan,nan,0.0
IRCXX,AIM Treasurer's Series Trust (Invesco Treasurer's Series Trust) - Invesco Premier Portfolio,1,2,4,10,6,3,2,3,30,-10.0,25.0,Poor,🔥 COILED: Stay away,30,0.0,0.0,0.0,50.0,0,,nan,nan,0.0
IRVXX,AIM Treasurer's Series Trust (Invesco Treasurer's Series Trust) - Invesco Premier Portfolio,1,2,4,10,6,3,2,3,30,-10.0,25.0,Poor,🔥 COILED: Stay away,30,0.0,0.0,0.0,50.0,0,,nan,nan,0.0
IPVXX,AIM Treasurer's Series Trust (Invesco Treasurer's Series Trust) - Invesco Premier Portfolio,1,2,4,10,6,3,2,3,30,-10.0,25.0,Poor,🔥 COILED: Stay away,30,0.0,0.0,0.0,50.0,0,,nan,nan,0.0
IPTXX,AIM Treasurer's Series Trust (Invesco Treasurer's Series Trust) - Invesco Premier Portfolio,1,2,4,10,6,3,2,3,30,-10.0,25.0,Poor,🔥 COILED: Stay away,30,0.0,0.0,0.0,50.0,0,,nan,nan,0.0
ISSXX,Federated Private Liquidity Funds-Prime Private Liquidity Fund,1,2,4,10,6,3,2,3,30,-10.0,25.0,Poor,🔥 COILED: Stay away,30,0.0,0.0,0.0,50.0,0,,nan,nan,0.0
ITVXX,Investors Cash Trust - DWS Treasury Portfolio,1,2,4,10,6,3,2,3,30,-10.0,25.0,Poor,🔥 COILED: Stay away,30,0.0,0.0,0.0,50.0,0,,nan,nan,0.0
IVMXX,Voya Government Money Market Portfolio,1,2,4,10,6,3,2,3,30,-10.0,25.0,Poor,🔥 COILED: Stay away,30,0.0,0.0,0.0,50.0,0,,nan,nan,0.0
IUSXX,Treasury Portfolio - Deutsche U.S. Treasury Money Fund,1,2,4,10,6,3,2,3,30,-10.0,25.0,Poor,🔥 COILED: Stay away,30,0.0,0.0,0.0,50.0,0,,nan,nan,0.0
JHOXX,John Hancock Variable Insurance Trust - Money Market Trust,1,2,4,10,6,3,2,3,30,-10.0,25.0,Poor,🔥 COILED: Stay away,30,0.0,0.0,0.0,50.0,0,,nan,nan,0.0
JAMXX,Janus Investment Fund - Janus Money Market Fund,1,2,4,10,6,3,2,3,30,-10.0,25.0,Poor,🔥 COILED: Stay away,30,0.0,0.0,0.0,50.0,0,,nan,nan,0.0
JMCXX,John Hancock Money Market Fund Class C,1,2,4,10,6,3,2,3,30,-10.0,25.0,Poor,🔥 COILED: Stay away,30,0.0,0.0,0.0,50.0,0,,nan,nan,0.0
JNMXX,Janus Investment Fund - Janus Money Market Fund,1,2,4,10,6,3,2,3,30,-10.0,25.0,Poor,🔥 COILED: Stay away,30,0.0,0.0,0.0,50.0,0,,nan,nan,0.0
JNSXX,Edward Jones Money Market Fund,1,2,4,10,6,3,2,3,30,-10.0,25.0,Poor,🔥 COILED: Stay away,30,0.0,0.0,0.0,50.0,0,,nan,nan,0.0
JRSXX,ftse-kicks-2011-off-boosted-by-oil-manufacturing.aspx,1,2,4,10,6,3,2,3,30,-10.0,25.0,Poor,🔥 COILED: Stay away,30,0.0,0.0,0.0,50.0,0,,nan,nan,0.0
KMMXX,DWS Money Market Prime Series - DWS Money Market Fund,1,2,4,10,6,3,2,3,30,-10.0,25.0,Poor,🔥 COILED: Stay away,30,0.0,0.0,0.0,50.0,0,,nan,nan,0.0
LACXX,Lord Abbett U.S. Govt & Govt Sponsored Enterprises Money Mkt Fd Inc.,1,2,4,10,6,3,2,3,30,-10.0,25.0,Poor,🔥 COILED: Stay away,30,0.0,0.0,0.0,50.0,0,,nan,nan,0.0
LAIXX,Legg Mason Partners Institutional Trust - U.S. Treasury Obligations Money Market Fund,1,2,4,10,6,3,2,3,30,-10.0,25.0,Poor,🔥 COILED: Stay away,30,0.0,0.0,0.0,50.0,0,,nan,nan,0.0
LAYXX,Lord Abbett U.S. Govt & Govt Sponsored Entpr MMkt Fd Cl I,1,2,4,10,6,3,2,3,30,-10.0,25.0,Poor,🔥 COILED: Stay away,30,0.0,0.0,0.0,50.0,0,,nan,nan,0.0
LCCXX,Lord Abbett U.S. Government & Government Sponsored Enterprises Money Market Fund,1,2,4,10,6,3,2,3,30,-10.0,25.0,Poor,🔥 COILED: Stay away,30,0.0,0.0,0.0,50.0,0,,nan,nan,0.0
LAOXX,Legg Mason Partners Institutional Trust - U.S. Treasury Obligations Money Market Fund,1,2,4,10,6,3,2,3,30,-10.0,25.0,Poor,🔥 COILED: Stay away,30,0.0,0.0,0.0,50.0,0,,nan,nan,0.0
LTFXX,LeggMason Partners Institutional Trust - Western Asset Institutional Tax Free Reserves,1.0,4,4,8,6,3,2,3,30,-10.0,25.0,Poor,🔥 COILED: Stay away,29,0.0,0.0,-0.0,48.1,0,,nan,nan,0.0
LGRXX,Legg Mason Partners Institutional Trust - Western Asset Institutional Government Reserves,1,2,4,10,6,3,2,3,30,-10.0,25.0,Poor,🔥 COILED: Stay away,30,0.0,0.0,0.0,50.0,0,,nan,nan,0.0
LTRXX,Legg Mason Partners Institutional Trust - Western Asset Institutional U.S. Treasury Reserves,1,2,4,10,6,3,2,3,30,-10.0,25.0,Poor,🔥 COILED: Stay away,30,0.0,0.0,0.0,50.0,0,,nan,nan,0.0
LUIXX,Legg Mason Partners Institutional Trust - U.S. Treasury Obligations Money Market Fund,1,2,4,10,6,3,2,3,30,-10.0,25.0,Poor,🔥 COILED: Stay away,30,0.0,0.0,0.0,50.0,0,,nan,nan,0.0
LWPXX,Legg Mason Partners Institutional Trust - Western Asset Institutional Government Reserves,1,2,4,10,6,3,2,3,30,-10.0,25.0,Poor,🔥 COILED: Stay away,30,0.0,0.0,0.0,50.0,0,,nan,nan,0.0
MAOXX,Morgan Stanley Institutional Liquidity Funds - Treasury Portfolio,1,2,4,10,6,3,2,3,30,-10.0,25.0,Poor,🔥 COILED: Stay away,30,0.0,0.0,0.0,50.0,0,,nan,nan,0.0
MAAXX,Money Market Fund,1,2,4,10,6,3,2,3,30,-10.0,25.0,Poor,🔥 COILED: Stay away,30,0.0,0.0,0.0,50.0,0,,nan,nan,0.0
MAMXX,Morgan Stanley Institutional Liquidity Funds - Treasury Securities Portfolio,1,2,4,10,6,3,2,3,30,-10.0,25.0,Poor,🔥 COILED: Stay away,30,0.0,0.0,0.0,50.0,0,,nan,nan,0.0
MAYXX,Morgan Stanley Institutional Liquidity Funds -  Government Portfolio,1,2,4,10,6,3,2,3,30,-10.0,25.0,Poor,🔥 COILED: Stay away,30,0.0,0.0,0.0,50.0,0,,nan,nan,0.0
MCBXX,BlackRock Financial Institutions Series Trust - BlackRock Summit Cash Reserves Fund,1,2,4,10,6,3,2,3,30,-10.0,25.0,Poor,🔥 COILED: Stay away,30,0.0,0.0,0.0,50.0,0,,nan,nan,0.0
MCDXX,BlackRock Liquidity Funds - MuniCash,1,2,4,10,6,3,2,3,30,-10.0,25.0,Poor,🔥 COILED: Stay away,30,0.0,0.0,0.0,50.0,0,,nan,nan,0.0
MCCXX,MFS Series Trust I - MFS U.S. Government Cash Reserve Fund,1,2,4,10,6,3,2,3,30,-10.0,25.0,Poor,🔥 COILED: Stay away,30,0.0,0.0,0.0,50.0,0,,nan,nan,0.0
MCHXX,Morgan Stanley Institutional Liquidity Funds - Government Securities Portfolio,1,2,4,10,6,3,2,3,30,-10.0,25.0,Poor,🔥 COILED: Stay away,30,0.0,0.0,0.0,50.0,0,,nan,nan,0.0
MCMXX,MFS Series Trust IV - MFS U.S. Government Money Market Fund,1,2,4,10,6,3,2,3,30,-10.0,25.0,Poor,🔥 COILED: Stay away,30,0.0,0.0,0.0,50.0,0,,nan,nan,0.0
MCRXX,MFS Series Trust I - MFS U.S. Government Cash Reserve Fund,1,2,4,10,6,3,2,3,30,-10.0,25.0,Poor,🔥 COILED: Stay away,30,0.0,0.0,0.0,50.0,0,,nan,nan,0.0
MCPXX,BlackRock Liquidity Funds MuniCash - Capital,1,2,4,10,6,3,2,3,30,-10.0,25.0,Poor,🔥 COILED: Stay away,30,0.0,0.0,0.0,50.0,0,,nan,nan,0.0
MGAXX,Morgan Stanley Institutional Liquidity Funds - Government Securities Portfolio,1,2,4,10,6,3,2,3,30,-10.0,25.0,Poor,🔥 COILED: Stay away,30,0.0,0.0,0.0,50.0,0,,nan,nan,0.0
MFCXX,Money Market Obligations Trust - Federated Municipal Obligations Fund,1,2,4,10,6,3,2,3,30,-10.0,25.0,Poor,🔥 COILED: Stay away,30,0.0,0.0,0.0,50.0,0,,nan,nan,0.0
MFSXX,Money Market Obligations Trust - Federated Municipal Obligations Fund,1,2,4,10,6,3,2,3,30,-10.0,25.0,Poor,🔥 COILED: Stay away,30,0.0,0.0,0.0,50.0,0,,nan,nan,0.0
MGOXX,Morgan Stanley Institutional Liquidity Funds -  Government Portfolio,1,2,4,10,6,3,2,3,30,-10.0,25.0,Poor,🔥 COILED: Stay away,30,0.0,0.0,0.0,50.0,0,,nan,nan,0.0
MHSXX,Morgan Stanley Institutional Liquidity Funds - Treasury Portfolio,1,2,4,10,6,3,2,3,30,-10.0,25.0,Poor,🔥 COILED: Stay away,30,0.0,0.0,0.0,50.0,0,,nan,nan,0.0
MGPXX,Morgan Stanley Institutional Liquidity Funds - Government Securities Portfolio,1,2,4,10,6,3,2,3,30,-10.0,25.0,Poor,🔥 COILED: Stay away,30,0.0,0.0,0.0,50.0,0,,nan,nan,0.0
MGSXX,Morgan Stanley Institutional Liquidity Funds -  Government Portfolio,1,2,4,10,6,3,2,3,30,-10.0,25.0,Poor,🔥 COILED: Stay away,30,0.0,0.0,0.0,50.0,0,,nan,nan,0.0
MIFXX,Nationwide Mutual Funds - Nationwide Money Market Fund,1,2,4,10,6,3,2,3,30,-10.0,25.0,Poor,🔥 COILED: Stay away,30,0.0,0.0,0.0,50.0,0,,nan,nan,0.0
MJLXX,JPMorgan Trust II - JPMorgan Liquid Assets Money Market Fund,1,2,4,10,6,3,2,3,30,-10.0,25.0,Poor,🔥 COILED: Stay away,30,0.0,0.0,0.0,50.0,0,,nan,nan,0.0
MJAXX,Prudential Government Money Market Fund Inc.,1,2,4,10,6,3,2,3,30,-10.0,25.0,Poor,🔥 COILED: Stay away,30,0.0,0.0,0.0,50.0,0,,nan,nan,0.0
MIPXX,The MainStay Funds - MainStay Money Market Fund,1,2,4,10,6,3,2,3,30,-10.0,25.0,Poor,🔥 COILED: Stay away,30,0.0,0.0,0.0,50.0,0,,nan,nan,0.0
MODXX,Money Market Obligations Trust - Federated Municipal Obligations Fund,1,2,4,10,6,3,2,3,30,-10.0,25.0,Poor,🔥 COILED: Stay away,30,0.0,0.0,0.0,50.0,0,,nan,nan,0.0
MJCXX,Prudential Government Money Market Fund Inc.,1,2,4,10,6,3,2,3,30,-10.0,25.0,Poor,🔥 COILED: Stay away,30,0.0,0.0,0.0,50.0,0,,nan,nan,0.0
MMIXX,Wells Fargo Funds Trust - National Tax-Free Money Market Fund,1,2,4,10,6,3,2,3,30,-10.0,25.0,Poor,🔥 COILED: Stay away,30,0.0,0.0,0.0,50.0,0,,nan,nan,0.0
MNVXX,Morgan Stanley Institutional Liquidity Funds - Treasury Securities Portfolio,1,2,4,10,6,3,2,3,30,-10.0,25.0,Poor,🔥 COILED: Stay away,30,0.0,0.0,0.0,50.0,0,,nan,nan,0.0
MOFXX,Money Market Obligations Trust - Federated Municipal Obligations Fund,1,2,4,10,6,3,2,3,30,-10.0,25.0,Poor,🔥 COILED: Stay away,30,0.0,0.0,0.0,50.0,0,,nan,nan,0.0
MOSXX,Money Market Obligations Trust - Federated Municipal Obligations Fund,1,2,4,10,6,3,2,3,30,-10.0,25.0,Poor,🔥 COILED: Stay away,30,0.0,0.0,0.0,50.0,0,,nan,nan,0.0
MOIXX,Money Market Obligations Trust - Federated Municipal Obligations Fund,1,2,4,10,6,3,2,3,30,-10.0,25.0,Poor,🔥 COILED: Stay away,30,0.0,0.0,0.0,50.0,0,,nan,nan,0.0
MPMXX,Morgan Stanley Institutional Liquidity Funds - Prime Portfolio,1,2,4,10,6,3,2,3,30,-10.0,25.0,Poor,🔥 COILED: Stay away,30,0.0,0.0,0.0,50.0,0,,nan,nan,0.0
MPCXX,Morgan Stanley Institutional Liquidity Funds -  Government Portfolio,1,2,4,10,6,3,2,3,30,-10.0,25.0,Poor,🔥 COILED: Stay away,30,0.0,0.0,0.0,50.0,0,,nan,nan,0.0
MOTXX,Money Market Obligations Trust - Federated Municipal Obligations Fund,1,2,4,10,6,3,2,3,30,-10.0,25.0,Poor,🔥 COILED: Stay away,30,0.0,0.0,0.0,50.0,0,,nan,nan,0.0
MPIXX,ProFunds - Money Market ProFund,1,2,4,10,6,3,2,3,30,-10.0,25.0,Poor,🔥 COILED: Stay away,30,0.0,0.0,0.0,50.0,0,,nan,nan,0.0
MPNXX,Morgan Stanley Institutional Liquidity Funds - Prime Portfolio,1,2,4,10,6,3,2,3,30,-10.0,25.0,Poor,🔥 COILED: Stay away,30,0.0,0.0,0.0,50.0,0,,nan,nan,0.0
MPSXX,ProFunds - Money Market ProFund,1,2,4,10,6,3,2,3,30,-10.0,25.0,Poor,🔥 COILED: Stay away,30,0.0,0.0,0.0,50.0,0,,nan,nan,0.0
MPRXX,Morgan Stanley Institutional Liquidity Funds - Treasury Securities Portfolio,1,2,4,10,6,3,2,3,30,-10.0,25.0,Poor,🔥 COILED: Stay away,30,0.0,0.0,0.0,50.0,0,,nan,nan,0.0
MPVXX,Morgan Stanley Institutional Liquidity Funds - Prime Portfolio,1,2,4,10,6,3,2,3,30,-10.0,25.0,Poor,🔥 COILED: Stay away,30,0.0,0.0,0.0,50.0,0,,nan,nan,0.0
MSAXX,BlackRock Summit Cash Reserves Fund Cl A,1,2,4,10,6,3,2,3,30,-10.0,25.0,Poor,🔥 COILED: Stay away,30,0.0,0.0,0.0,50.0,0,,nan,nan,0.0
MSCXX,The MainStay Funds - MainStay Money Market Fund,1,2,4,10,6,3,2,3,30,-10.0,25.0,Poor,🔥 COILED: Stay away,30,0.0,0.0,0.0,50.0,0,,nan,nan,0.0
MSEXX,Morgan Stanley Institutional Liquidity Funds - Treasury Securities Portfolio,1,2,4,10,6,3,2,3,30,-10.0,25.0,Poor,🔥 COILED: Stay away,30,0.0,0.0,0.0,50.0,0,,nan,nan,0.0
MREXX,Morgan Stanley Institutional Liquidity Funds - Treasury Portfolio,1,2,4,10,6,3,2,3,30,-10.0,25.0,Poor,🔥 COILED: Stay away,30,0.0,0.0,0.0,50.0,0,,nan,nan,0.0
MSDXX,Morgan Stanley Institutional Liquidity Funds -  Government Portfolio,1,2,4,10,6,3,2,3,30,-10.0,25.0,Poor,🔥 COILED: Stay away,30,0.0,0.0,0.0,50.0,0,,nan,nan,0.0
MSGXX,Morgan Stanley Institutional Liquidity Funds -  Government Portfolio,1,2,4,10,6,3,2,3,30,-10.0,25.0,Poor,🔥 COILED: Stay away,30,0.0,0.0,0.0,50.0,0,,nan,nan,0.0
MSIXX,MainStay Funds Trust - Cash Reserves Sweeps Fund,1,2,4,10,6,3,2,3,30,-10.0,25.0,Poor,🔥 COILED: Stay away,30,0.0,0.0,0.0,50.0,0,,nan,nan,0.0
MSTXX,Morgan Stanley Institutional Liquidity Funds - Treasury Portfolio,1,2,4,10,6,3,2,3,30,-10.0,25.0,Poor,🔥 COILED: Stay away,30,0.0,0.0,0.0,50.0,0,,nan,nan,0.0
MSRXX,MFS Series Trust I - MFS U.S. Government Cash Reserve Fund,1,2,4,10,6,3,2,3,30,-10.0,25.0,Poor,🔥 COILED: Stay away,30,0.0,0.0,0.0,50.0,0,,nan,nan,0.0
MSSXX,Morgan Stanley Institutional Liquidity Funds - Treasury Securities Portfolio,1,2,4,10,6,3,2,3,30,-10.0,25.0,Poor,🔥 COILED: Stay away,30,0.0,0.0,0.0,50.0,0,,nan,nan,0.0
MSUXX,Morgan Stanley Institutional Liquidity Funds - Treasury Portfolio,1,2,4,10,6,3,2,3,30,-10.0,25.0,Poor,🔥 COILED: Stay away,30,0.0,0.0,0.0,50.0,0,,nan,nan,0.0
MTCXX,Morgan Stanley Institutional Liquidity Funds - Treasury Portfolio,1,2,4,10,6,3,2,3,30,-10.0,25.0,Poor,🔥 COILED: Stay away,30,0.0,0.0,0.0,50.0,0,,nan,nan,0.0
MSVXX,Morgan Stanley Institutional Liquidity Funds - Government Securities Portfolio,1,2,4,10,6,3,2,3,30,-10.0,25.0,Poor,🔥 COILED: Stay away,30,0.0,0.0,0.0,50.0,0,,nan,nan,0.0
MTNXX,Morgan Stanley Institutional Liquidity Funds - Treasury Portfolio,1,2,4,10,6,3,2,3,30,-10.0,25.0,Poor,🔥 COILED: Stay away,30,0.0,0.0,0.0,50.0,0,,nan,nan,0.0
MVAXX,Morgan Stanley Institutional Liquidity Funds - Government Securities Portfolio,1,2,4,10,6,3,2,3,30,-10.0,25.0,Poor,🔥 COILED: Stay away,30,0.0,0.0,0.0,50.0,0,,nan,nan,0.0
MTSXX,Morgan Stanley Institutional Liquidity Funds - Treasury Portfolio,1,2,4,10,6,3,2,3,30,-10.0,25.0,Poor,🔥 COILED: Stay away,30,0.0,0.0,0.0,50.0,0,,nan,nan,0.0
MUIXX,Morgan Stanley Institutional Liquidity Funds - Government Securities Portfolio,1,2,4,10,6,3,2,3,30,-10.0,25.0,Poor,🔥 COILED: Stay away,30,0.0,0.0,0.0,50.0,0,,nan,nan,0.0
MTTXX,Morgan Stanley Institutional Liquidity Funds - Treasury Portfolio,1,2,4,10,6,3,2,3,30,-10.0,25.0,Poor,🔥 COILED: Stay away,30,0.0,0.0,0.0,50.0,0,,nan,nan,0.0
MVVXX,Morgan Stanley Institutional Liquidity Funds -  Government Portfolio,1,2,4,10,6,3,2,3,30,-10.0,25.0,Poor,🔥 COILED: Stay away,30,0.0,0.0,0.0,50.0,0,,nan,nan,0.0
MVYXX,Morgan Stanley Institutional Liquidity Funds - Treasury Portfolio,1,2,4,10,6,3,2,3,30,-10.0,25.0,Poor,🔥 COILED: Stay away,30,0.0,0.0,0.0,50.0,0,,nan,nan,0.0
MYMXX,AB Fixed-Income Shares Inc. - AB Government Money Market Portfolio,1,2,4,10,6,3,2,3,30,-10.0,25.0,Poor,🔥 COILED: Stay away,30,0.0,0.0,0.0,50.0,0,,nan,nan,0.0
MVIXX,Morgan Stanley Institutional Liquidity Funds - Government Securities Portfolio,1,2,4,10,6,3,2,3,30,-10.0,25.0,Poor,🔥 COILED: Stay away,30,0.0,0.0,0.0,50.0,0,,nan,nan,0.0
NCGXX,North Capital Funds Trust - Treasury Money Market Fund,1,2,4,10,6,3,2,3,30,-10.0,25.0,Poor,🔥 COILED: Stay away,30,0.0,0.0,0.0,50.0,0,,nan,nan,0.0
NISXX,Money Market Obligations Trust - Federated New York Municipal Cash Trust,1,2,4,10,6,3,2,3,30,-10.0,25.0,Poor,🔥 COILED: Stay away,30,0.0,0.0,0.0,50.0,0,,nan,nan,0.0
NITXX,Northern Institutional Funds - Treasury Portfolio,1,2,4,10,6,3,2,3,30,-10.0,25.0,Poor,🔥 COILED: Stay away,30,0.0,0.0,0.0,50.0,0,,nan,nan,0.0
NOSXX,Northern Funds - U.S. Government Select Money Market Fund,1,2,4,10,6,3,2,3,30,-10.0,25.0,Poor,🔥 COILED: Stay away,30,0.0,0.0,0.0,50.0,0,,nan,nan,0.0
NOGXX,Northern Funds - U.S. Government Money Market Fund,1,2,4,10,6,3,2,3,30,-10.0,25.0,Poor,🔥 COILED: Stay away,30,0.0,0.0,0.0,50.0,0,,nan,nan,0.0
NWSXX,Nationwide Mutual Funds - Nationwide Money Market Fund,1,2,4,10,6,3,2,3,30,-10.0,25.0,Poor,🔥 COILED: Stay away,30,0.0,0.0,0.0,50.0,0,,nan,nan,0.0
NWGXX,Allspring Funds Trust - Allspring Government Money Market Fund,1,2,4,10,6,3,2,3,30,-10.0,25.0,Poor,🔥 COILED: Stay away,30,0.0,0.0,0.0,50.0,0,,nan,nan,0.0
NTPXX,Northern Institutional Funds - Treasury Portfolio,1,2,4,10,6,3,2,3,30,-10.0,25.0,Poor,🔥 COILED: Stay away,30,0.0,0.0,0.0,50.0,0,,nan,nan,0.0
NWTXX,Wells Fargo Funds Trust - 100% Treasury Money Market Fund,1,2,4,10,6,3,2,3,30,-10.0,25.0,Poor,🔥 COILED: Stay away,30,0.0,0.0,0.0,50.0,0,,nan,nan,0.0
OMBXX,AIM Investment Secs Fds (Invesco Invt Secs Fds) - Invesco U.S. Government Money Portfolio,1,2,4,10,6,3,2,3,30,-10.0,25.0,Poor,🔥 COILED: Stay away,30,0.0,0.0,0.0,50.0,0,,nan,nan,0.0
NYCXX,Money Market Obligations Trust - New York Cash II Fund,1,2,4,10,6,3,2,3,30,-10.0,25.0,Poor,🔥 COILED: Stay away,30,0.0,0.0,0.0,50.0,0,,nan,nan,0.0
PBHXX,The Payden & Rygel Investment Group - Payden Cash Reserves Money Market Fund,1,2,4,10,6,3,2,3,30,-10.0,25.0,Poor,🔥 COILED: Stay away,30,0.0,0.0,0.0,50.0,0,,nan,nan,0.0
PBMXX,Prudential Government Money Market Fund Inc.,1,2,4,10,6,3,2,3,30,-10.0,25.0,Poor,🔥 COILED: Stay away,30,0.0,0.0,0.0,50.0,0,,nan,nan,0.0
PCEXX,PACE Select Advisors Trust - PACE Money Market Investments,1,2,4,10,6,3,2,3,30,-10.0,25.0,Poor,🔥 COILED: Stay away,30,0.0,0.0,0.0,50.0,0,,nan,nan,0.0
PCSXX,Principal Fds Inc. Money Market Fd A Cl,1,2,4,10,6,3,2,3,30,-10.0,25.0,Poor,🔥 COILED: Stay away,30,0.0,0.0,0.0,50.0,0,,nan,nan,0.0
PCOXX,Money Market Obligations Trust - Federated Prime Cash Obligations Fund,1,2,4,10,6,3,2,3,30,-10.0,25.0,Poor,🔥 COILED: Stay away,30,0.0,0.0,0.0,50.0,0,,nan,nan,0.0
PGEXX,Putnam Investment Funds - Government Money Market Fund,1,2,4,10,6,3,2,3,30,-10.0,25.0,Poor,🔥 COILED: Stay away,30,0.0,0.0,0.0,50.0,0,,nan,nan,0.0
PGDXX,Putnam Investment Funds - Government Money Market Fund,1,2,4,10,6,3,2,3,30,-10.0,25.0,Poor,🔥 COILED: Stay away,30,0.0,0.0,0.0,50.0,0,,nan,nan,0.0
PCUXX,Fundvantage Trust - Pac Capital US Government Money Market Fund,1,2,4,10,6,3,2,3,30,-10.0,25.0,Poor,🔥 COILED: Stay away,30,0.0,0.0,0.0,50.0,0,,nan,nan,0.0
PFCXX,Putnam Money Market Fund,1,2,4,10,6,3,2,3,30,-10.0,25.0,Poor,🔥 COILED: Stay away,30,0.0,0.0,0.0,50.0,0,,nan,nan,0.0
PCVXX,Money Market Obligations Trust - Federated Prime Cash Obligations Fund,1,2,4,10,6,3,2,3,30,-10.0,25.0,Poor,🔥 COILED: Stay away,30,0.0,0.0,0.0,50.0,0,,nan,nan,0.0
PGFXX,PIMCO Funds - PIMCO Government Money Market Fund,1,2,4,10,6,3,2,3,30,-10.0,25.0,Poor,🔥 COILED: Stay away,30,0.0,0.0,0.0,50.0,0,,nan,nan,0.0
PGLXX,Putnam Investment Funds - Government Money Market Fund,1,2,4,10,6,3,2,3,30,-10.0,25.0,Poor,🔥 COILED: Stay away,30,0.0,0.0,0.0,50.0,0,,nan,nan,0.0
PGKXX,Putnam Investment Funds - Government Money Market Fund,1,2,4,10,6,3,2,3,30,-10.0,25.0,Poor,🔥 COILED: Stay away,30,0.0,0.0,0.0,50.0,0,,nan,nan,0.0
PGRXX,Putnam Investment Funds - Government Money Market Fund,1,2,4,10,6,3,2,3,30,-10.0,25.0,Poor,🔥 COILED: Stay away,30,0.0,0.0,0.0,50.0,0,,nan,nan,0.0
PGOXX,PIMCO Funds - PIMCO Government Money Market Fund,1,2,4,10,6,3,2,3,30,-10.0,25.0,Poor,🔥 COILED: Stay away,30,0.0,0.0,0.0,50.0,0,,nan,nan,0.0
PGYXX,PIMCO Funds - PIMCO Government Money Market Fund,1,2,4,10,6,3,2,3,30,-10.0,25.0,Poor,🔥 COILED: Stay away,30,0.0,0.0,0.0,50.0,0,,nan,nan,0.0
PGPXX,PIMCO Funds - PIMCO Government Money Market Fund,1,2,4,10,6,3,2,3,30,-10.0,25.0,Poor,🔥 COILED: Stay away,30,0.0,0.0,0.0,50.0,0,,nan,nan,0.0
PIFXX,Plan Investment Fund Inc. - Government Portfolio,1,2,4,10,6,3,2,3,30,-10.0,25.0,Poor,🔥 COILED: Stay away,30,0.0,0.0,0.0,50.0,0,,nan,nan,0.0
PINXX,BlackRock Funds - BlackRock Wealth Liquid Environmentally Aware Fund,1,2,4,10,6,3,2,3,30,-10.0,25.0,Poor,🔥 COILED: Stay away,30,0.0,0.0,0.0,50.0,0,,nan,nan,0.0
PIVXX,Wells Fargo Funds Trust - Treasury Plus Money Market Fund,1,2,4,10,6,3,2,3,30,-10.0,25.0,Poor,🔥 COILED: Stay away,30,0.0,0.0,0.0,50.0,0,,nan,nan,0.0
PISXX,Wells Fargo Funds Trust - Treasury Plus Money Market Fund,1,2,4,10,6,3,2,3,30,-10.0,25.0,Poor,🔥 COILED: Stay away,30,0.0,0.0,0.0,50.0,0,,nan,nan,0.0
PMJXX,Principal Fds Inc. Money Market Fd J Cl,1,2,4,10,6,3,2,3,30,-10.0,25.0,Poor,🔥 COILED: Stay away,30,0.0,0.0,0.0,50.0,0,,nan,nan,0.0
PMTXX,Pioneer Money Market Trust - Pioneer U.S. Government Money Market Fund,1,2,4,10,6,3,2,3,30,-10.0,25.0,Poor,🔥 COILED: Stay away,30,0.0,0.0,0.0,50.0,0,,nan,nan,0.0
PMZXX,Prudential Government Money Market Fund Inc.,1,2,4,10,6,3,2,3,30,-10.0,25.0,Poor,🔥 COILED: Stay away,30,0.0,0.0,0.0,50.0,0,,nan,nan,0.0
PRRXX,T. Rowe Price Government Money Fund Inc.,1,2,4,10,6,3,2,3,30,-10.0,25.0,Poor,🔥 COILED: Stay away,30,0.0,0.0,0.0,50.0,0,,nan,nan,0.0
PRMXX,Federated Private Liquidity Funds-Prime Private Liquidity Fund,1,2,4,10,6,3,2,3,30,-10.0,25.0,Poor,🔥 COILED: Stay away,30,0.0,0.0,0.0,50.0,0,,nan,nan,0.0
PRTXX,T. Rowe Price U.S. Treasury Funds Inc. - T. Rowe Price U.S. Treasury Money Fund,1,2,4,10,6,3,2,3,30,-10.0,25.0,Poor,🔥 COILED: Stay away,30,0.0,0.0,0.0,50.0,0,,nan,nan,0.0
PRYXX,Pioneer Money Market Trust - Pioneer U.S. Government Money Market Fund,1,2,4,10,6,3,2,3,30,-10.0,25.0,Poor,🔥 COILED: Stay away,30,0.0,0.0,0.0,50.0,0,,nan,nan,0.0
PRVXX,Wells Fargo Funds Trust - Treasury Plus Money Market Fund,1,2,4,10,6,3,2,3,30,-10.0,25.0,Poor,🔥 COILED: Stay away,30,0.0,0.0,0.0,50.0,0,,nan,nan,0.0
PTBXX,Putnam Money Market Fund,1,2,4,10,6,3,2,3,30,-10.0,25.0,Poor,🔥 COILED: Stay away,30,0.0,0.0,0.0,50.0,0,,nan,nan,0.0
PURXX,Putnam Money Market Fund,1,2,4,10,6,3,2,3,30,-10.0,25.0,Poor,🔥 COILED: Stay away,30,0.0,0.0,0.0,50.0,0,,nan,nan,0.0
RBEXX,American Funds U.S. Government Money Market Fund,1,2,4,10,6,3,2,3,30,-10.0,25.0,Poor,🔥 COILED: Stay away,30,0.0,0.0,0.0,50.0,0,,nan,nan,0.0
PTEXX,T. Rowe Price Tax-Exempt Money Fund Inc.,1,2,4,10,6,3,2,3,30,-10.0,25.0,Poor,🔥 COILED: Stay away,30,0.0,0.0,0.0,50.0,0,,nan,nan,0.0
RMGXX,Ubs Money Series - RMA Government Money Market Fund,1,2,4,10,6,3,2,3,30,-10.0,25.0,Poor,🔥 COILED: Stay away,30,0.0,0.0,0.0,50.0,0,,nan,nan,0.0
RGYXX,HSBC Funds - HSBC U.S. Government Money Market Fund,1,2,4,10,6,3,2,3,30,-10.0,25.0,Poor,🔥 COILED: Stay away,30,0.0,0.0,0.0,50.0,0,,nan,nan,0.0
RPGXX,Davis Series Inc. - Davis Government Money Market Fund,1,2,4,10,6,3,2,3,30,-10.0,25.0,Poor,🔥 COILED: Stay away,30,0.0,0.0,0.0,50.0,0,,nan,nan,0.0
SAEXX,State Street Institutional Investment Trust - State Street Institutional Treasury Plus Money Market,1,2,4,10,6,3,2,3,30,-10.0,25.0,Poor,🔥 COILED: Stay away,30,0.0,0.0,0.0,50.0,0,,nan,nan,0.0
RYFXX,Rydex Series Funds - U.S. Government Money Market Fund,1,2,4,10,6,3,2,3,30,-10.0,25.0,Poor,🔥 COILED: Stay away,30,0.0,0.0,0.0,50.0,0,,nan,nan,0.0
SAJXX,State Street Institutional Investment Trust - State Street Institutional Treasury Plus Money Market,1,2,4,10,6,3,2,3,30,-10.0,25.0,Poor,🔥 COILED: Stay away,30,0.0,0.0,0.0,50.0,0,,nan,nan,0.0
SCAXX,Schwab California Municipal Money Fund Ultra Shares,1,2,4,10,6,3,2,3,30,-10.0,25.0,Poor,🔥 COILED: Stay away,30,0.0,0.0,0.0,50.0,0,,nan,nan,0.0
SAMXX,State Street Master Funds - State Street U.S. Government Money Market Portfolio,1,2,4,10,6,3,2,3,30,-10.0,25.0,Poor,🔥 COILED: Stay away,30,0.0,0.0,0.0,50.0,0,,nan,nan,0.0
SALXX,State Street Master Funds - State Street U.S. Government Money Market Portfolio,1,2,4,10,6,3,2,3,30,-10.0,25.0,Poor,🔥 COILED: Stay away,30,0.0,0.0,0.0,50.0,0,,nan,nan,0.0
SCOXX,Schwab Treasury Obligations Money Fund Ultra Shares,1,2,4,10,6,3,2,3,30,-10.0,25.0,Poor,🔥 COILED: Stay away,30,0.0,0.0,0.0,50.0,0,,nan,nan,0.0
SCIXX,Cash Account Trust - DWS Tax-Exempt Portfolio,1,2,4,10,6,3,2,3,30,-10.0,25.0,Poor,🔥 COILED: Stay away,30,0.0,0.0,0.0,50.0,0,,nan,nan,0.0
SCTXX,Schwab AMT Tax-Free Money Fund Ultra Shares,1,2,4,10,6,3,2,3,30,-10.0,25.0,Poor,🔥 COILED: Stay away,30,0.0,0.0,0.0,50.0,0,,nan,nan,0.0
SCPXX,SEI Daily Income Trust - Treasury II Fund,1,2,4,10,6,3,2,3,30,-10.0,25.0,Poor,🔥 COILED: Stay away,30,0.0,0.0,0.0,50.0,0,,nan,nan,0.0
SEGXX,UBS Series Funds - UBS Select Government Preferred Fund,1,2,4,10,6,3,2,3,30,-10.0,25.0,Poor,🔥 COILED: Stay away,30,0.0,0.0,0.0,50.0,0,,nan,nan,0.0
SEOXX,SEI Daily Income Trust - Government Fund,1,2,4,10,6,3,2,3,30,-10.0,25.0,Poor,🔥 COILED: Stay away,30,0.0,0.0,0.0,50.0,0,,nan,nan,0.0
SETXX,UBS (Cayman) Select Treasury Institutional Fund,1,2,4,10,6,3,2,3,30,-10.0,25.0,Poor,🔥 COILED: Stay away,30,0.0,0.0,0.0,50.0,0,,nan,nan,0.0
SGAXX,The Saratoga Advantage Trust - U.S. Government Money Market Portfolio,1,2,4,10,6,3,2,3,30,-10.0,25.0,Poor,🔥 COILED: Stay away,30,0.0,0.0,0.0,50.0,0,,nan,nan,0.0
SGMXX,The Saratoga Advantage Trust - U.S. Government Money Market Portfolio,1,2,4,10,6,3,2,3,30,-10.0,25.0,Poor,🔥 COILED: Stay away,30,0.0,0.0,0.0,50.0,0,,nan,nan,0.0
SGPXX,UBS Series Funds - UBS Select Government Preferred Fund,1,2,4,10,6,3,2,3,30,-10.0,25.0,Poor,🔥 COILED: Stay away,30,0.0,0.0,0.0,50.0,0,,nan,nan,0.0
SMGXX,Legg Mason Partners Money Market Trust - Western Asset Government Reserves,1,2,4,10,6,3,2,3,30,-10.0,25.0,Poor,🔥 COILED: Stay away,30,0.0,0.0,0.0,50.0,0,,nan,nan,0.0
SGUXX,Schwab Government Money Fund Ultra Shares,1,2,4,10,6,3,2,3,30,-10.0,25.0,Poor,🔥 COILED: Stay away,30,0.0,0.0,0.0,50.0,0,,nan,nan,0.0
SNAXX,The Charles Schwab Family of Funds - Schwab Value Advantage Money Fund,1,2,4,10,6,3,2,3,30,-10.0,25.0,Poor,🔥 COILED: Stay away,30,0.0,0.0,0.0,50.0,0,,nan,nan,0.0
SNOXX,Charles Schwab Family of Funds - Schwab Treasury Obligations Money Fund,1,2,4,10,6,3,2,3,30,-10.0,25.0,Poor,🔥 COILED: Stay away,30,0.0,0.0,0.0,50.0,0,,nan,nan,0.0
SNSXX,The Charles Schwab Family of Funds - Schwab U.S. Treasury Money Fund,1,2,4,10,6,3,2,3,30,-10.0,25.0,Poor,🔥 COILED: Stay away,30,0.0,0.0,0.0,50.0,0,,nan,nan,0.0
SNRXX,Schwab Charles Family Funds - Retirment Government Money Fund,1,2,4,10,6,3,2,3,30,-10.0,25.0,Poor,🔥 COILED: Stay away,30,0.0,0.0,0.0,50.0,0,,nan,nan,0.0
SPRXX,Fidelity Hereford Street Trust - Fidelity Money Market Fund,1,2,4,10,6,3,2,3,30,-10.0,25.0,Poor,🔥 COILED: Stay away,30,0.0,0.0,0.0,50.0,0,,nan,nan,0.0
SNVXX,Schwab Government Money Fund,1,2,4,10,6,3,2,3,30,-10.0,25.0,Poor,🔥 COILED: Stay away,30,0.0,0.0,0.0,50.0,0,,nan,nan,0.0
SNYXX,Schwab New York Municipal Money Fund Ultra Shares,1,2,4,10,6,3,2,3,30,-10.0,25.0,Poor,🔥 COILED: Stay away,30,0.0,0.0,0.0,50.0,0,,nan,nan,0.0
SSJXX,State Street Institutional Investment Trust- Treasury Money Market Fund,1,2,4,10,6,3,2,3,30,-10.0,25.0,Poor,🔥 COILED: Stay away,30,0.0,0.0,0.0,50.0,0,,nan,nan,0.0
SSKXX,State Street Institutional Investment Trust - State Street Institutional Tax Free Money Market Fund,1,2,4,10,6,3,2,3,30,-10.0,25.0,Poor,🔥 COILED: Stay away,30,0.0,0.0,0.0,50.0,0,,nan,nan,0.0
SSQXX,State Street Institutional Investment Trust - State Street Institutional Treasury Plus Money Market,1,2,4,10,6,3,2,3,30,-10.0,25.0,Poor,🔥 COILED: Stay away,30,0.0,0.0,0.0,50.0,0,,nan,nan,0.0
SSNXX,State Street Institutional Investment Trust - State Street Institutional Tax Free Money Market Fund,1,2,4,10,6,3,2,3,30,-10.0,25.0,Poor,🔥 COILED: Stay away,30,0.0,0.0,0.0,50.0,0,,nan,nan,0.0
SSOXX,State Street Master Funds - State Street U.S. Government Money Market Portfolio,1,2,4,10,6,3,2,3,30,-10.0,25.0,Poor,🔥 COILED: Stay away,30,0.0,0.0,0.0,50.0,0,,nan,nan,0.0
STPXX,UBS Money Series - UBS Select Treasury Preferred Fund,1,2,4,10,6,3,2,3,30,-10.0,25.0,Poor,🔥 COILED: Stay away,30,0.0,0.0,0.0,50.0,0,,nan,nan,0.0
STGXX,Wells Fargo Funds Trust - Money Market Fund,1,2,4,10,6,3,2,3,30,-10.0,25.0,Poor,🔥 COILED: Stay away,30,0.0,0.0,0.0,50.0,0,,nan,nan,0.0
SUTXX,Schwab U.S. Treasury Money Fund Ultra Shares,1,2,4,10,6,3,2,3,30,-10.0,25.0,Poor,🔥 COILED: Stay away,30,0.0,0.0,0.0,50.0,0,,nan,nan,0.0
SWOXX,Schwab Municipal Money Fund,1,2,4,10,6,3,2,3,30,-10.0,25.0,Poor,🔥 COILED: Stay away,30,0.0,0.0,0.0,50.0,0,,nan,nan,0.0
SWKXX,The Charles Schwab Family of Funds - Schwab California Municipal Money Fund,1,2,4,10,6,3,2,3,30,-10.0,25.0,Poor,🔥 COILED: Stay away,30,0.0,0.0,0.0,50.0,0,,nan,nan,0.0
SWWXX,The Charles Schwab Family of Funds - Schwab AMT Tax-Free Money Fund,1,2,4,10,6,3,2,3,30,-10.0,25.0,Poor,🔥 COILED: Stay away,30,0.0,0.0,0.0,50.0,0,,nan,nan,0.0
SWTXX,The Charles Schwab Family of Funds - Schwab Municipal Money Fund,1,2,4,10,6,3,2,3,30,-10.0,25.0,Poor,🔥 COILED: Stay away,30,0.0,0.0,0.0,50.0,0,,nan,nan,0.0
SWYXX,The Charles Schwab Family of Funds - Schwab New York Municipal Money Fund,1,2,4,10,6,3,2,3,30,-10.0,25.0,Poor,🔥 COILED: Stay away,30,0.0,0.0,0.0,50.0,0,,nan,nan,0.0
SZCXX,The Saratoga Advantage Trust - U.S. Government Money Market Portfolio,1,2,4,10,6,3,2,3,30,-10.0,25.0,Poor,🔥 COILED: Stay away,30,0.0,0.0,0.0,50.0,0,,nan,nan,0.0
TAMXX,Transamerica Funds - Transamerica Government Money Market,1,2,4,10,6,3,2,3,30,-10.0,25.0,Poor,🔥 COILED: Stay away,30,0.0,0.0,0.0,50.0,0,,nan,nan,0.0
TACXX,Short-Term Investment Trust - Invesco Treasury Obligations Portfolio,1,2,4,10,6,3,2,3,30,-10.0,25.0,Poor,🔥 COILED: Stay away,30,0.0,0.0,0.0,50.0,0,,nan,nan,0.0
TAQXX,State Street Institutional Investment Trust -Treasury Obligations Money Market Fund,1,2,4,10,6,3,2,3,30,-10.0,25.0,Poor,🔥 COILED: Stay away,30,0.0,0.0,0.0,50.0,0,,nan,nan,0.0
TBIXX,Money Market Obligations Trust - Federated Tax-Free Obligations Fund,1,2,4,10,6,3,2,3,30,-10.0,25.0,Poor,🔥 COILED: Stay away,30,0.0,0.0,0.0,50.0,0,,nan,nan,0.0
TBVXX,Money Market Obligations Trust - Federated Tax-Free Obligations Fund,1,2,4,10,6,3,2,3,30,-10.0,25.0,Poor,🔥 COILED: Stay away,30,0.0,0.0,0.0,50.0,0,,nan,nan,0.0
TBSXX,Money Market Obligations Trust - Federated Tax-Free Obligations Fund,1,2,4,10,6,3,2,3,30,-10.0,25.0,Poor,🔥 COILED: Stay away,30,0.0,0.0,0.0,50.0,0,,nan,nan,0.0
TCGXX,SEI Daily Income Trust - Government II Fund,1,2,4,10,6,3,2,3,30,-10.0,25.0,Poor,🔥 COILED: Stay away,30,0.0,0.0,0.0,50.0,0,,nan,nan,0.0
TCRXX,American Century Investment Trust - Premium Money Market Fund,1,2,4,10,6,3,2,3,30,-10.0,25.0,Poor,🔥 COILED: Stay away,30,0.0,0.0,0.0,50.0,0,,nan,nan,0.0
TCIXX,TIAA-CREF Funds - TIAA-CREF Money Market Fund,1,2,4,10,6,3,2,3,30,-10.0,25.0,Poor,🔥 COILED: Stay away,30,0.0,0.0,0.0,50.0,0,,nan,nan,0.0
TFFXX,BlackRock Liquidity Funds - Federal Trust Fund,1,2,4,10,6,3,2,3,30,-10.0,25.0,Poor,🔥 COILED: Stay away,30,0.0,0.0,0.0,50.0,0,,nan,nan,0.0
TERXX,T. Rowe Price Tax-Exempt Money Fund Inc.,1,2,4,10,6,3,2,3,30,-10.0,25.0,Poor,🔥 COILED: Stay away,30,0.0,0.0,0.0,50.0,0,,nan,nan,0.0
TFGXX,Transamerica Funds - Government Money Market Fund,1,2,4,10,6,3,2,3,30,-10.0,25.0,Poor,🔥 COILED: Stay away,30,0.0,0.0,0.0,50.0,0,,nan,nan,0.0
TGTXX,Transamerica Funds - Government Money Market Fund,1,2,4,10,6,3,2,3,30,-10.0,25.0,Poor,🔥 COILED: Stay away,30,0.0,0.0,0.0,50.0,0,,nan,nan,0.0
TIEXX,TIAA-CREF Funds - TIAA-CREF Money Market Fund,1,2,4,10,6,3,2,3,30,-10.0,25.0,Poor,🔥 COILED: Stay away,30,0.0,0.0,0.0,50.0,0,,nan,nan,0.0
TGRXX,Transamerica Funds - Government Money Market Fund,1,2,4,10,6,3,2,3,30,-10.0,25.0,Poor,🔥 COILED: Stay away,30,0.0,0.0,0.0,50.0,0,,nan,nan,0.0
TIMXX,RBC Funds Trust - U.S. Government Money Market Fund,1,2,4,10,6,3,2,3,30,-10.0,25.0,Poor,🔥 COILED: Stay away,30,0.0,0.0,0.0,50.0,0,,nan,nan,0.0
TIRXX,TIAA-CREF Funds - TIAA-CREF Money Market Fund,1,2,4,10,6,3,2,3,30,-10.0,25.0,Poor,🔥 COILED: Stay away,30,0.0,0.0,0.0,50.0,0,,nan,nan,0.0
TISXX,Money Market Obligations Trust - Federated Hermes U.S. Treasury Cash Reserves,1,2,4,10,6,3,2,3,30,-10.0,25.0,Poor,🔥 COILED: Stay away,30,0.0,0.0,0.0,50.0,0,,nan,nan,0.0
TLMXX,TIAA-CREF Life Money Market Fund,1,2,4,10,6,3,2,3,30,-10.0,25.0,Poor,🔥 COILED: Stay away,30,0.0,0.0,0.0,50.0,0,,nan,nan,0.0
TMDXX,T. Rowe Price State Tax-Free Income Trust - T. Rowe Price Maryland Tax-Free Money Fund,1,2,4,10,6,3,2,3,30,-10.0,25.0,Poor,🔥 COILED: Stay away,30,0.0,0.0,0.0,50.0,0,,nan,nan,0.0
TMHXX,TIAA-CREF Life Funds - Money Market Fund,1,2,4,10,6,3,2,3,30,-10.0,25.0,Poor,🔥 COILED: Stay away,30,0.0,0.0,0.0,50.0,0,,nan,nan,0.0
TPLXX,State Street Institutional Investment Trust - International Treasure Plus Money Market Fund,1,2,4,10,6,3,2,3,30,-10.0,25.0,Poor,🔥 COILED: Stay away,30,0.0,0.0,0.0,50.0,0,,nan,nan,0.0
TPFXX,Short-Term Investment Trust - Invesco Treasury Portfolio,1,2,4,10,6,3,2,3,30,-10.0,25.0,Poor,🔥 COILED: Stay away,30,0.0,0.0,0.0,50.0,0,,nan,nan,0.0
TPPXX,TIAA-CREF Funds - TIAA-CREF Money Market Fund,1,2,4,10,6,3,2,3,30,-10.0,25.0,Poor,🔥 COILED: Stay away,30,0.0,0.0,0.0,50.0,0,,nan,nan,0.0
TRGXX,T. Rowe Price U.S. Treasury Funds Inc. - T. Rowe Price U.S. Treasury Money Fund,1,2,4,10,6,3,2,3,30,-10.0,25.0,Poor,🔥 COILED: Stay away,30,0.0,0.0,0.0,50.0,0,,nan,nan,0.0
TPVXX,State Street Institutional Investment Trust - State Street Institutional Treasury Plus Money Market,1,2,4,10,6,3,2,3,30,-10.0,25.0,Poor,🔥 COILED: Stay away,30,0.0,0.0,0.0,50.0,0,,nan,nan,0.0
TRVXX,State Street Institutional Investment Trust - Treasury Fund,1,2,4,10,6,3,2,3,30,-10.0,25.0,Poor,🔥 COILED: Stay away,30,0.0,0.0,0.0,50.0,0,,nan,nan,0.0
TRIXX,State Street Institutional Investment Trust - Treasury Fund,1,2,4,10,6,3,2,3,30,-10.0,25.0,Poor,🔥 COILED: Stay away,30,0.0,0.0,0.0,50.0,0,,nan,nan,0.0
TRPXX,Short-Term Investment Trust - Invesco Treasury Portfolio,1,2,4,10,6,3,2,3,30,-10.0,25.0,Poor,🔥 COILED: Stay away,30,0.0,0.0,0.0,50.0,0,,nan,nan,0.0
TRZXX,T. Rowe Price U.S. Treasury Funds Inc. - T. Rowe Price U.S. Treasury Money Fund,1,2,4,10,6,3,2,3,30,-10.0,25.0,Poor,🔥 COILED: Stay away,30,0.0,0.0,0.0,50.0,0,,nan,nan,0.0
TSPXX,Short-Term Investment Trust - Invesco Treasury Obligations Portfolio,1,2,4,10,6,3,2,3,30,-10.0,25.0,Poor,🔥 COILED: Stay away,30,0.0,0.0,0.0,50.0,0,,nan,nan,0.0
TTGXX,T Rowe Price Government Money Funds Inc - Government Money Fund,1,2,4,10,6,3,2,3,30,-10.0,25.0,Poor,🔥 COILED: Stay away,30,0.0,0.0,0.0,50.0,0,,nan,nan,0.0
TTOXX,Money Market Obligations Trust - Federated Trust for U.S. Treasury Obligations,1,2,4,10,6,3,2,3,30,-10.0,25.0,Poor,🔥 COILED: Stay away,30,0.0,0.0,0.0,50.0,0,,nan,nan,0.0
TUGXX,RBC Funds Trust - U.S. Government Money Market Fund,1,2,4,10,6,3,2,3,30,-10.0,25.0,Poor,🔥 COILED: Stay away,30,0.0,0.0,0.0,50.0,0,,nan,nan,0.0
TWNXX,T. Rowe Price State Tax-Free Income Trust - T. Rowe Price Maryland Tax-Free Money Fund,1,2,4,10,6,3,2,3,30,-10.0,25.0,Poor,🔥 COILED: Stay away,30,0.0,0.0,0.0,50.0,0,,nan,nan,0.0
TUIXX,RBC Funds Trust - U.S. Government Money Market Fund,1,2,4,10,6,3,2,3,30,-10.0,25.0,Poor,🔥 COILED: Stay away,30,0.0,0.0,0.0,50.0,0,,nan,nan,0.0
TYCXX,Short-Term Investment Trust - Invesco Treasury Portfolio,1,2,4,10,6,3,2,3,30,-10.0,25.0,Poor,🔥 COILED: Stay away,30,0.0,0.0,0.0,50.0,0,,nan,nan,0.0
TXMXX,Cash Account Trust - DWS Tax-Exempt Portfolio,1,2,4,10,6,3,2,3,30,-10.0,25.0,Poor,🔥 COILED: Stay away,30,0.0,0.0,0.0,50.0,0,,nan,nan,0.0
TXPXX,Short-Term Investment Trust - Invesco Treasury Obligations Portfolio,1,2,4,10,6,3,2,3,30,-10.0,25.0,Poor,🔥 COILED: Stay away,30,0.0,0.0,0.0,50.0,0,,nan,nan,0.0
UATXX,USAA Mutual Funds Trust - USAA Treasury Money Market Trust,1,2,4,10,6,3,2,3,30,-10.0,25.0,Poor,🔥 COILED: Stay away,30,0.0,0.0,0.0,50.0,0,,nan,nan,0.0
UPPXX,UBS Select Prime Preferred Fund,1,2,4,10,6,3,2,3,30,-10.0,25.0,Poor,🔥 COILED: Stay away,30,0.0,0.0,0.0,50.0,0,,nan,nan,0.0
UPRXX,Ubs Money Series - Prime Reserve  Fund,1,2,4,10,6,3,2,3,30,-10.0,25.0,Poor,🔥 COILED: Stay away,30,0.0,0.0,0.0,50.0,0,,nan,nan,0.0
USAXX,USAA Mutual Funds Trust - USAA Money Market Fund,1,2,4,10,6,3,2,3,30,-10.0,25.0,Poor,🔥 COILED: Stay away,30,0.0,0.0,0.0,50.0,0,,nan,nan,0.0
USEXX,USAA Mutual Funds Trust - USAA Tax Exempt Money Market Fund,1,2,4,10,6,3,2,3,30,-10.0,25.0,Poor,🔥 COILED: Stay away,30,0.0,0.0,0.0,50.0,0,,nan,nan,0.0
UTIXX,Money Market Obligations Trust - Federated Hermes U.S. Treasury Cash Reserves,1,2,4,10,6,3,2,3,30,-10.0,25.0,Poor,🔥 COILED: Stay away,30,0.0,0.0,0.0,50.0,0,,nan,nan,0.0
UTSXX,Shelton Funds - The United States Treasury Trust,1,2,4,10,6,3,2,3,30,-10.0,25.0,Poor,🔥 COILED: Stay away,30,0.0,0.0,0.0,50.0,0,,nan,nan,0.0
VETXX,Goldman Sachs Trust - Goldman Sachs Financial Square Government Fund,1,2,4,10,6,3,2,3,30,-10.0,25.0,Poor,🔥 COILED: Stay away,30,0.0,0.0,0.0,50.0,0,,nan,nan,0.0
VCTXX,Vanguard California Municipal Money Market Fund,1,2,4,10,6,3,2,3,30,-10.0,25.0,Poor,🔥 COILED: Stay away,30,0.0,0.0,0.0,50.0,0,,nan,nan,0.0
VMRXX,Vanguard Money Market Reserves - Vanguard Cash Reserves Federal Money Market Fund,1,2,4,10,6,3,2,3,30,-10.0,25.0,Poor,🔥 COILED: Stay away,30,0.0,0.0,0.0,50.0,0,,nan,nan,0.0
VMSXX,Vanguard Municipal Bond Funds - Vanguard Municipal Money Market Fund,1,2,4,10,6,3,2,3,30,-10.0,25.0,Poor,🔥 COILED: Stay away,30,0.0,0.0,0.0,50.0,0,,nan,nan,0.0
VYFXX,Vanguard New York Tax-Exempt Money Market Fund,1,2,4,10,6,3,2,3,30,-10.0,25.0,Poor,🔥 COILED: Stay away,30,0.0,0.0,0.0,50.0,0,,nan,nan,0.0
WABXX,Western Asset Premier Institutional Government Reserves Capital Shares,1,2,4,10,6,3,2,3,30,-10.0,25.0,Poor,🔥 COILED: Stay away,30,0.0,0.0,0.0,50.0,0,,nan,nan,0.0
WACXX,Western Asset Premier Institutional Government Reserves Preferred Shares,1,2,4,10,6,3,2,3,30,-10.0,25.0,Poor,🔥 COILED: Stay away,30,0.0,0.0,0.0,50.0,0,,nan,nan,0.0
WAEXX,Western Asset Premier Institutional U.S. Treasury Reserves Preferred Shares,1,2,4,10,6,3,2,3,30,-10.0,25.0,Poor,🔥 COILED: Stay away,30,0.0,0.0,0.0,50.0,0,,nan,nan,0.0
WADXX,Western Asset Premier Institutional U.S. Treasury Reserves Capital Shares,1,2,4,10,6,3,2,3,30,-10.0,25.0,Poor,🔥 COILED: Stay away,30,0.0,0.0,0.0,50.0,0,,nan,nan,0.0
WCGXX,Northern Institutional Funds - U.S. Government Select Portfolio,1,2,4,10,6,3,2,3,30,-10.0,25.0,Poor,🔥 COILED: Stay away,30,0.0,0.0,0.0,50.0,0,,nan,nan,0.0
WAGXX,Wilmington Funds - Wilmington U.S. Government Money Market Fund,1,2,4,10,6,3,2,3,30,-10.0,25.0,Poor,🔥 COILED: Stay away,30,0.0,0.0,0.0,50.0,0,,nan,nan,0.0
WFGXX,Allspring Funds Trust - Allspring Government Money Market Fund,1,2,4,10,6,3,2,3,30,-10.0,25.0,Poor,🔥 COILED: Stay away,30,0.0,0.0,0.0,50.0,0,,nan,nan,0.0
WFFXX,Allspring Funds Trust - Allspring Government Money Market Fund,1,2,4,10,6,3,2,3,30,-10.0,25.0,Poor,🔥 COILED: Stay away,30,0.0,0.0,0.0,50.0,0,,nan,nan,0.0
WFNXX,Wells Fargo Funds Trust - National Tax-Free Money Market Fund,1,2,4,10,6,3,2,3,30,-10.0,25.0,Poor,🔥 COILED: Stay away,30,0.0,0.0,0.0,50.0,0,,nan,nan,0.0
WGAXX,Allspring Funds Trust - Allspring Government Money Market Fund,1,2,4,10,6,3,2,3,30,-10.0,25.0,Poor,🔥 COILED: Stay away,30,0.0,0.0,0.0,50.0,0,,nan,nan,0.0
WGEXX,Wilmington Funds - Wilmington U.S. Government Money Market Fund,1,2,4,10,6,3,2,3,30,-10.0,25.0,Poor,🔥 COILED: Stay away,30,0.0,0.0,0.0,50.0,0,,nan,nan,0.0
WGOXX,Wilmington Funds - Wilmington U.S. Government Money Market Fund,1,2,4,10,6,3,2,3,30,-10.0,25.0,Poor,🔥 COILED: Stay away,30,0.0,0.0,0.0,50.0,0,,nan,nan,0.0
WGSXX,WT Mutual Fund - Wilmington U.S. Government Money Market Fund,1,2,4,10,6,3,2,3,30,-10.0,25.0,Poor,🔥 COILED: Stay away,30,0.0,0.0,0.0,50.0,0,,nan,nan,0.0
WMOXX,Wells Fargo Funds Trust - Money Market Fund,1,2,4,10,6,3,2,3,30,-10.0,25.0,Poor,🔥 COILED: Stay away,30,0.0,0.0,0.0,50.0,0,,nan,nan,0.0
WOTXX,Wells Fargo Funds Trust - 100% Treasury Money Market Fund,1,2,4,10,6,3,2,3,30,-10.0,25.0,Poor,🔥 COILED: Stay away,30,0.0,0.0,0.0,50.0,0,,nan,nan,0.0
WMPXX,Wells Fargo Funds Trust - Money Market Fund,1,2,4,10,6,3,2,3,30,-10.0,25.0,Poor,🔥 COILED: Stay away,30,0.0,0.0,0.0,50.0,0,,nan,nan,0.0
WNTXX,Wells Fargo Funds Trust - National Tax-Free Money Market Fund,1,2,4,10,6,3,2,3,30,-10.0,25.0,Poor,🔥 COILED: Stay away,30,0.0,0.0,0.0,50.0,0,,nan,nan,0.0
WTAXX,Wilmington Funds - Wilmington U.S. Treasury Money Market Fund,1,2,4,10,6,3,2,3,30,-10.0,25.0,Poor,🔥 COILED: Stay away,30,0.0,0.0,0.0,50.0,0,,nan,nan,0.0
WTEXX,WT Mutual Fund - Wilmington Tax-Exempt Money Market Fund,1,2,4,10,6,3,2,3,30,-10.0,25.0,Poor,🔥 COILED: Stay away,30,0.0,0.0,0.0,50.0,0,,nan,nan,0.0
WTIXX,Wilmington Funds - Wilmington U.S. Treasury Money Market Fund,1,2,4,10,6,3,2,3,30,-10.0,25.0,Poor,🔥 COILED: Stay away,30,0.0,0.0,0.0,50.0,0,,nan,nan,0.0
WTPXX,Wells Fargo Funds Trust - Treasury Plus Money Market Fund,1,2,4,10,6,3,2,3,30,-10.0,25.0,Poor,🔥 COILED: Stay away,30,0.0,0.0,0.0,50.0,0,,nan,nan,0.0
WTLXX,Wells Fargo Funds Trust - Treasury Plus Money Market Fund,1,2,4,10,6,3,2,3,30,-10.0,25.0,Poor,🔥 COILED: Stay away,30,0.0,0.0,0.0,50.0,0,,nan,nan,0.0
FOBXX,Franklin Templeton Trust - Onchain US Government Money Fund,1,2,4,10,6,3,2,3,30,-10.0,25.0,Poor,🔥 COILED: Stay away,30,0.0,0.0,0.0,50.0,0,,nan,nan,0.0
WTRXX,Wells Fargo Funds Trust - 100% Treasury Money Market Fund,1,2,4,10,6,3,2,3,30,-10.0,25.0,Poor,🔥 COILED: Stay away,30,0.0,0.0,0.0,50.0,0,,nan,nan,0.0
WTSXX,WT Mutual Fund - Wilmington Tax-Exempt Money Market Fund,1,2,4,10,6,3,2,3,30,-10.0,25.0,Poor,🔥 COILED: Stay away,30,0.0,0.0,0.0,50.0,0,,nan,nan,0.0
BUYXX,BUYXX,1.0,5,4,10,4,3,1,3,30,-10.0,25.0,Poor,🔥 COILED: Stay away,28,0.0,0.0,-0.3,42.7,0,,nan,nan,0.0
BVYXX,BVYXX,1.0,5,4,10,4,3,1,3,30,-10.0,25.0,Poor,🔥 COILED: Stay away,28,0.0,0.0,-0.3,42.7,0,,nan,nan,0.0
CAHXX,CAHXX,1.0,5,4,10,4,3,1,3,30,-10.0,25.0,Poor,🔥 COILED: Stay away,28,0.0,0.0,-0.3,42.7,0,,nan,nan,0.0
CAJXX,CAJXX,1.0,5,4,10,4,3,1,3,30,-10.0,25.0,Poor,🔥 COILED: Stay away,28,0.0,0.0,-0.3,42.7,0,,nan,nan,0.0
FIDXX,FIDXX,1.0,5,4,10,4,3,1,3,30,-10.0,25.0,Poor,🔥 COILED: Stay away,30,0.0,0.0,-0.3,43.0,0,,nan,nan,0.0
LDIXX,LDIXX,1.0,5,4,10,4,3,1,3,30,-10.0,25.0,Poor,🔥 COILED: Stay away,30,0.0,0.0,-0.3,44.1,0,,nan,nan,0.0
OPGXX,OPGXX,1.0,5,4,10,4,3,1,3,30,-10.0,25.0,Poor,🔥 COILED: Stay away,26,0.0,0.0,-0.3,42.8,0,,nan,nan,0.0
OPRXX,OPRXX,1.0,5,4,10,4,3,1,3,30,-10.0,25.0,Poor,🔥 COILED: Stay away,30,0.0,0.0,-0.3,42.9,0,,nan,nan,0.0
LEIXX,LEIXX,1.0,5,4,10,4,3,1,3,30,-10.0,25.0,Poor,🔥 COILED: Stay away,30,0.0,0.0,-0.2,44.4,0,,nan,nan,0.0
VTGXX,VTGXX,1.0,5,4,10,4,3,1,3,30,-10.0,25.0,Poor,🔥 COILED: Stay away,28,0.0,0.0,-0.3,42.7,0,,nan,nan,0.0
VTLXX,VTLXX,1.0,5,4,10,4,3,1,3,30,-10.0,25.0,Poor,🔥 COILED: Stay away,26,0.0,0.0,-0.3,42.9,0,,nan,nan,0.0
WMNXX,WMNXX,1.0,5,4,10,4,3,1,3,30,-10.0,25.0,Poor,🔥 COILED: Stay away,30,0.0,0.0,-0.3,43.2,0,,nan,nan,0.0
WOMXX,WOMXX,1.0,5,4,10,4,3,1,3,30,-10.0,25.0,Poor,🔥 COILED: Stay away,30,0.0,0.0,-0.3,43.1,0,,nan,nan,0.0
FYIXX,Fidelity Treasury Only Money Market Fund,1,2,4,10,6,3,2,3,30,-10.0,25.0,Poor,🔥 COILED: Stay away,30,0.0,0.0,0.0,50.0,0,,nan,nan,0.0
KCLHF,KCLHF,1.06,2,4,10,6,3,2,3,30,-10.0,25.0,Poor,🔥 COILED: Stay away,0,0.0,0.0,0.0,50.0,0,,nan,4759977472.0,0.0
BLIN,Bridgeline Digital Inc,1.16,9,7,5,6,5,2,3,37,-13.0,25.0,Poor,Stay away,49,-1.7,-4.9,-2.2,47.7,1,,Technology,13355871.0,71424.29
GLNDW,Greenland Energy Company Warrant,0.8,8,12,6,2,3,2,3,36,-11.0,25.0,Poor,Stay away,0,29.0,8.8,7.3,52.7,2,,nan,nan,0.0
EVCOU,EVCOU,1.1,2,4,10,6,3,2,3,30,-10.0,25.0,Poor,🔥 COILED: Stay away,30,0.0,0.0,0.0,50.0,0,,nan,nan,0.25
LLDTF,Lloyds Banking Group plc,1.4,8,4,9,3,6,0,2,32,-10.0,25.0,Poor,Stay away,40,-6.0,0.0,-1.8,47.1,0,,Financial Services,81572052992.0,0.0
STIM,Neuronetics Inc,1.98,14,10,6,5,7,7,5,54,-29,25,Poor,Stay away,56,14.5,22.2,11.9,62.0,3,,Healthcare,101598248.0,1935432.66
GDTC,CytoMed Therapeutics Limited Ordinary Shares,0.93,7,6,0,9,5,4,2,33,-8.0,25.0,Poor,Stay away,25,-6.1,-7.0,-3.9,45.0,1,,Healthcare,13962745.0,221831.05
CABR,"Caring Brands, Inc. Common Stock",1.59,17,11,7,5,6,3,5,54,-29,25,Poor,Stay away,57,9.7,22.3,12.6,66.9,4,,Healthcare,10727977.0,143622.4
CVPUF,CP ALL Public Company Limited,1.3,7,3,10,7,3,2,3,35,-13.0,25.0,Poor,Stay away,33,0.0,0.0,-0.0,86.7,0,,Consumer Defensive,15148871680.0,0.0
HRZCF,HRZCF,1.3,2,4,10,6,3,2,3,30,-10.0,25.0,Poor,🔥 COILED: Stay away,31,0.0,0.0,0.0,50.0,0,,Industrials,4156417024.0,4.5
KNFSF,Kiatnakin Bank Public Company. Ltd,1.32,2,4,10,6,3,2,3,30,-10.0,25.0,Poor,🔥 COILED: Stay away,31,0.0,0.0,0.0,50.0,0,,Financial Services,1613675136.0,30.04
ICDX,ICDX,1.3,2,4,10,6,3,2,3,30,-10.0,25.0,Poor,🔥 COILED: Stay away,31,0.0,0.0,0.0,50.0,0,,Consumer Cyclical,8384999.0,9.0
EQS,Equus Total Return Closed Fund,1.16,8,11,4,9,2,2,2,38,-13.0,25.0,Poor,Stay away,21,8.4,-1.7,-2.1,45.9,2,,Financial Services,19134374.0,16885.88
CGPZF,C&C Group plc,1.34,5,3,10,5,3,3,3,32,-10.0,25.0,Poor,Stay away,30,0.0,0.0,-1.0,36.4,0,,Consumer Defensive,537767552.0,0.0
STCPF,Sella Capital Real Estate Ltd,1.5,2,4,10,6,3,2,3,30,-10.0,25.0,Poor,🔥 COILED: Stay away,30,0.0,0.0,0.0,50.0,0,,Real Estate,384328800.0,0.0
CHN,China Fund Inc,1.115,3,14,5,3,3,0,2,30,-8.0,25.0,Poor,Stay away,24,3.2,4.7,-2.4,45.3,0,,Financial Services,145902700.0,1597438.27
STNDF,Santander UK plc,1.5,2,4,10,6,3,2,3,30,-10.0,25.0,Poor,🔥 COILED: Stay away,31,0.0,0.0,0.0,50.0,0,,Financial Services,nan,889.13
SLRD,SLRD,1.5,2,4,10,6,3,2,3,30,-10.0,25.0,Poor,🔥 COILED: Stay away,0,0.0,0.0,0.0,50.0,0,,Industrials,nan,0.0
DLEXY,Datalex plc,1.55,8,4,9,6,3,2,3,35,-15.0,25.0,Poor,🔥 COILED: Stay away,43,0.0,0.0,-0.0,48.1,1,,Technology,145819168.0,11.9
BLNC,Balance Labs Inc,1.55,5,4,10,6,3,2,3,33,-13.0,25.0,Poor,🔥 COILED: Stay away,40,0.0,0.0,-0.0,40.2,1,,Industrials,72621096.0,219.98
GNNSF,Genscript Biotech Corporation,2.0,16,4,6,9,6,2,5,48,-23.0,25.0,Poor,Stay away,54,0.0,33.3,10.6,72.2,3,,Healthcare,3495528448.0,878.71
MTPTF,Motorpoint Group plc,1.78,2,4,10,6,3,2,3,30,-10.0,25.0,Poor,🔥 COILED: Stay away,30,0.0,0.0,0.0,50.0,1,,Consumer Cyclical,141745376.0,88.75
FCHIX,FRANKLIN HIGH INCOME FUND CLASS C,1.78,4,8,2,6,3,4,3,30,-8.0,25.0,Poor,Stay away,24,0.0,-0.6,-0.2,40.5,0,,nan,0.0,0.0
CLIHF,CLS Holdings plc,1.8,2,4,10,6,3,2,3,30,-10.0,25.0,Poor,🔥 COILED: Stay away,30,0.0,0.0,0.0,50.0,1,,Real Estate,716599360.0,0.5
DYSL,Dynasil Corporation of America,1.8,9,3,11,9,3,2,3,40,-18.0,25.0,Poor,Stay away,41,0.0,0.0,0.0,83.9,1,,Technology,22198900.0,19.5
CYBQF,CYBERDYNE Inc,1.3,3,3,9,6,3,5,3,32,-10.0,25.0,Poor,Stay away,17,0.0,0.0,-4.4,3.1,0,,Healthcare,393759328.0,68.75
POLA,Polar Power Inc,1.63,5,12,5,5,4,4,3,38,-13.0,25.0,Poor,Stay away,32,12.4,2.5,1.5,50.0,1,,Industrials,6843499.0,1054121.27
PHBBF,"Pharmaron Beijing Co., Ltd.",1.93,2,4,10,6,3,2,3,30,-10.0,25.0,Poor,🔥 COILED: Stay away,31,0.0,0.0,0.0,50.0,0,,Healthcare,3545957120.0,4.0
VSTKF,VNV Global AB (publ),1.985,10,3,10,6,3,2,3,37,-15.0,25.0,Poor,Stay away,34,0.0,0.0,-0.0,5.5,1,,Financial Services,254093104.0,467.68
PBMRY,Bumi Resources Tbk PT ADR,2.23,4,3,10,6,3,3,3,32,-10.0,25.0,Poor,Stay away,22,0.0,0.0,-0.2,8.5,0,,Energy,7370450432.0,33.51
SPIDY,Septeni Holdings Co Ltd ADR,2.13,2,4,10,6,3,2,3,30,-10.0,25.0,Poor,🔥 COILED: Stay away,30,0.0,0.0,0.0,50.0,0,,Communication Services,441858080.0,1.01
CWID,Country-Wide Insurance Company,2.15,12,6,11,6,3,4,3,45,-23.0,25.0,Poor,Stay away,51,0.0,0.0,0.0,99.9,0,,Financial Services,nan,4.0
ALSUF,ALSUF,2,2,4,10,6,3,2,3,30,-10.0,25.0,Poor,🔥 COILED: Stay away,0,0.0,0.0,0.0,50.0,0,,Financial Services,nan,0.0
CMCUF,CMCUF,2,2,4,10,6,3,2,3,30,-10.0,25.0,Poor,🔥 COILED: Stay away,0,0.0,0.0,0.0,50.0,0,,Financial Services,nan,0.0
ITRG,Integra Resources Corp,2.09,3,9,7,5,2,2,2,30,-8.0,25.0,Poor,Stay away,18,-3.2,1.5,-3.8,42.1,0,,Basic Materials,525854304.0,2500456.33
ORGO,Organogenesis Holdings Inc,2.37,2,4,4,8,3,5,4,30,-5.0,25.0,Poor,Stay away,34,-0.8,-9.5,-4.3,44.1,1,,Healthcare,319112864.0,1313482.48
PLYX,"Polaryx Therapeutics, Inc. Common Stock",2.31,7,14,7,3,3,2,2,38,-13.0,25.0,Poor,Stay away,0,12.7,1.3,2.8,50.6,2,,Healthcare,119305104.0,0.0
ADWYF,ADWYF,2.259,2,4,10,6,3,2,3,30,-10.0,25.0,Poor,🔥 COILED: Stay away,30,0.0,0.0,0.0,50.0,0,,Communication Services,88286512.0,0.0
ANIX,Anixa Biosciences Inc,3.42,11,3,2,9,3,4,5,37,-15.0,25.0,Poor,Stay away,46,-7.6,0.6,1.7,54.7,1,,Healthcare,87842984.0,195246.08
JFHHF,Jupiter Fund Management Plc,2.61,12,6,11,6,3,4,3,45,-23.0,25.0,Poor,Stay away,54,0.0,0.0,0.0,99.9,0,,Financial Services,1310166528.0,276.5
LGYV,Legacy Ventures International Inc,2.5,2,4,10,6,3,2,3,30,-10.0,25.0,Poor,🔥 COILED: Stay away,30,0.0,0.0,0.0,50.0,0,,Financial Services,125787664.0,0.0
OZVN,OZ Vision Inc.,2.5,2,4,10,6,3,2,3,30,-10.0,25.0,Poor,🔥 COILED: Stay away,0,0.0,0.0,0.0,50.0,0,,Industrials,73432384.0,0.0
JUKCF,JUKCF,2.64,2,4,10,6,3,2,3,30,-10.0,25.0,Poor,🔥 COILED: Stay away,31,0.0,0.0,0.0,50.0,1,,Industrials,78030800.0,12.5
AIPG,AI Technology Group Inc,2.5,5,4,10,6,3,4,3,35,-15.0,25.0,Poor,🔥 COILED: Stay away,50,0.0,0.0,-0.0,42.9,1,,Financial Services,4008782.0,60.66
XFCOX,Aberdeen Global Income Fd Inc,2.74,4,3,10,6,3,3,3,32,-10.0,25.0,Poor,Stay away,34,0.0,0.0,-0.0,36.9,0,,Other,0.0,0.0
IONZ,Defiance Daily Target 2x Short IONQ ETF,4.28,5,4,4,12,5,0,5,35,-10.0,25.0,Poor,Stay away,26,-29.6,-22.6,-8.4,47.8,0,,nan,nan,6716893.67
CCUP,T-REX 2X Long CRCL Daily Target ETF,1.38,3,12,8,6,2,2,2,35,-10.0,25.0,Poor,Stay away,20,-1.4,3.0,-14.9,40.2,0,,nan,nan,1982125.42
HAIIF,Haitian International Holdings Limited,2.8,5,3,10,6,3,2,3,32,-10.0,25.0,Poor,Stay away,30,0.0,0.0,-0.0,0.0,0,,Industrials,4468800000.0,9.5
IHPGF,IntegraFin Holdings plc,2.75,2,4,10,6,3,2,3,30,-10.0,25.0,Poor,🔥 COILED: Stay away,31,0.0,0.0,0.0,50.0,0,,Financial Services,908531712.0,1.0
IPFPF,International Personal Finance plc,2.83,7,3,10,7,3,2,3,35,-13.0,25.0,Poor,Stay away,43,0.0,0.0,0.0,94.9,0,,Financial Services,628432704.0,15.0
SARDF,Sanford Limited,2.78,5,3,10,9,3,2,3,35,-13.0,25.0,Poor,Stay away,34,0.0,0.0,-0.0,82.0,0,,Consumer Defensive,259947056.0,0.0
NNBR,NN Inc,3.31,12,10,6,1,7,2,2,40,-15.0,25.0,Poor,Stay away,46,-6.2,4.1,-0.7,50.6,1,,Industrials,162014672.0,518625.71
HTSUY,Hisamitsu Pharmaceutical Company Inc Unsponsored ADR,2.94,3,8,7,6,3,1,2,30,-10.0,25.0,Poor,🔥 COILED: Stay away,13,0.0,0.0,-3.3,45.1,0,,Healthcare,nan,10.93
PFPLF,Propel Funeral Partners Limited,3,2,4,10,6,3,2,3,30,-10.0,25.0,Poor,🔥 COILED: Stay away,30,0.0,0.0,0.0,50.0,0,,Consumer Cyclical,413920800.0,0.0
FRFBF,ForFarmers N.V.,3.17,2,4,10,6,3,2,3,30,-10.0,25.0,Poor,🔥 COILED: Stay away,31,0.0,0.0,0.0,50.0,1,,Consumer Defensive,280641024.0,1.0
CMCT,Creative Media & Community Trust Corporation,3.5,9,14,5,7,4,2,4,45,-18.0,25.0,Poor,Stay away,39,25.0,31.6,14.7,58.6,3,,Real Estate,8537676.0,129037.69
DAHSF,Dah Sing Financial Holdings Limited,3.34,5,4,9,4,3,2,3,30,-10.0,25.0,Poor,🔥 COILED: Stay away,33,0.0,0.0,0.0,50.0,0,,Financial Services,1067380800.0,0.52
FHNGY,The Foschini Group Limited,3.138,1,2,2,13,3,2,2,25,0.0,25.0,Poor,Stay away,19,4.6,-19.7,-8.9,29.6,1,,Consumer Cyclical,1067730880.0,250.7
CTNGY,Costain Group PLC,3.3,7,3,10,7,3,2,3,35,-13.0,25.0,Poor,Stay away,42,0.0,0.0,0.0,97.4,0,,Industrials,440679584.0,3.0
VTSI,VirTra Inc,3.09,5,12,8,1,4,2,3,35,-13.0,25.0,Poor,Stay away,15,-2.7,-0.3,-0.3,47.6,1,,Technology,38895684.0,53079.44
WKHS,Workhorse Group Inc,3.05,12,8,8,16,2,2,5,53,-28,25,Poor,Stay away,40,12.5,16.0,6.2,57.4,4,,Consumer Cyclical,37691164.0,177945.62
CIIHF,CITIC Securities Company Limited,3.5,5,3,11,8,3,2,3,35,-13.0,25.0,Poor,Stay away,40,0.0,0.0,0.0,82.7,0,,Financial Services,49352417280.0,0.0
ZHUZF,Zhuzhou CRRC Times Electric Co. Ltd,3.65,2,4,10,6,3,2,3,30,-10.0,25.0,Poor,🔥 COILED: Stay away,30,0.0,0.0,0.0,50.0,0,,Industrials,4794186240.0,0.0
SCGPY,Serco Group PLC,2.83,3,3,10,5,3,5,3,32,-10.0,25.0,Poor,Stay away,16,0.0,0.0,-2.0,1.2,0,,Industrials,3558276352.0,0.0
EENNF,ENAV S.p.A,3.52,2,4,10,6,3,2,3,30,-10.0,25.0,Poor,🔥 COILED: Stay away,30,0.0,0.0,0.0,50.0,0,,Industrials,1901944832.0,0.0
ISLCF,ISLCF,3.69,2,4,10,6,3,2,3,30,-10.0,25.0,Poor,🔥 COILED: Stay away,30,0.0,0.0,0.0,50.0,0,,nan,1258648832.0,0.0
PGUCY,Prosegur Cash S.A,3.595,5,3,10,6,3,2,3,32,-10.0,25.0,Poor,Stay away,29,0.0,0.0,-0.0,0.0,0,,Industrials,1231464192.0,1.51
DLNG,Dynagas LNG Partners LP,3.63,8,8,1,5,7,0,4,33,-8.0,25.0,Poor,Stay away,26,0.6,7.7,0.8,51.1,0,,Energy,136250624.0,69939.86
PXMBF,Paxman AB,3.5,2,4,10,6,3,2,3,30,-10.0,25.0,Poor,🔥 COILED: Stay away,31,0.0,0.0,0.0,50.0,0,,Healthcare,81456960.0,27.0
KGFHF,Kingfisher plc,3.95,12,4,7,6,0,2,3,34,-8.0,25.0,Poor,Stay away,45,3.4,3.4,0.8,53.1,0,,Consumer Cyclical,6457529856.0,0.0
MASK,3 E Network Technology Group Ltd Class A Ordinary Shares,1.49,8,7,8,6,4,2,2,37,-10.0,25.0,Poor,Stay away,34,-3.9,-9.1,-11.1,37.2,0,,Technology,4631380.0,2471308.6
ISMOX,VOYA MIDCAP OPPORTUNITIES PORTFOLIO CLASS S,3.19,3,7,4,6,3,7,2,32,-10.0,25.0,Poor,Stay away,17,0.0,-0.6,-3.2,34.3,0,,nan,0.0,0.0
SMHB,ETRACS 2xMonthly Pay Leveraged US Small Cap High Dividend ETN,3.94,8,4,4,10,5,4,2,37,-10.0,25.0,Poor,Stay away,41,-2.5,-8.2,-3.8,42.1,0,,nan,nan,24173.0
CUGCY,China Oriental Group Co Ltd ADR,4.2,6,3,11,7,3,2,3,35,-13.0,25.0,Poor,Stay away,39,0.0,0.0,0.0,95.7,0,,Basic Materials,876665024.0,2.5
BKISF,iShares IV Public Limited Company - iShares US Mortgage Backed Securities UCITS ETF,4.1,4,9,4,6,3,3,3,32,-10.0,25.0,Poor,Stay away,15,0.0,-0.0,-0.4,25.4,0,,Other,nan,47580.27
HUPHY,Hutchison Port Holdings Trust,4.1,5,8,4,6,3,3,3,32,-10.0,25.0,Poor,Stay away,34,0.0,3.0,-0.2,45.6,0,,Industrials,1916442240.0,211.88
ARREF,Amerigo Resources Ltd.,4.74,7,9,2,8,5,4,5,40,-13.0,25.0,Poor,Stay away,43,-12.1,-6.0,-4.9,44.6,0,,Basic Materials,808984448.0,170541.67
OTPMF,OPTiM Corporation,4.42,2,4,10,6,3,2,3,30,-10.0,25.0,Poor,🔥 COILED: Stay away,31,0.0,0.0,0.0,50.0,0,,Technology,240884000.0,4.5
MLGO,MicroAlgo Inc.,4.07,5,11,9,6,4,2,3,40,-13.0,25.0,Poor,Stay away,42,-2.3,2.0,-1.8,46.0,0,,Technology,51315724.0,329105.7
MARPS,Marine Petroleum Trust,4.74,4,4,6,8,1,4,4,31,-6.0,25.0,Poor,Stay away,34,0.0,-5.2,-1.0,48.1,0,,Energy,9640000.0,33807.94
SCVPF,The Siam Cement Public Company Limited,4.89,2,4,10,6,3,2,3,30,-10.0,25.0,Poor,🔥 COILED: Stay away,30,0.0,0.0,0.0,50.0,0,,Industrials,6967443456.0,0.0
JQC,Nuveen Credit Strategies Income Closed Fund,4.76,4,8,6,6,2,4,3,33,-8.0,25.0,Poor,Stay away,36,0.2,0.2,-0.4,43.7,0,,Financial Services,810943500.0,823801.43
ALEDY,Allied Group Ltd ADR,5,2,4,10,6,3,2,3,30,-10.0,25.0,Poor,🔥 COILED: Stay away,30,0.0,0.0,0.0,50.0,1,,Financial Services,702736896.0,0.0
ASTL,Algoma Steel Group Inc,3.85,4,8,2,12,2,0,4,32,-8.0,25.0,Poor,Stay away,28,-10.9,0.5,-5.0,42.3,1,,Basic Materials,549601664.0,1563113.04
MDNC,Medinotec Inc.,5,2,4,10,6,3,2,3,30,-10.0,25.0,Poor,🔥 COILED: Stay away,31,0.0,0.0,0.0,50.0,0,,Healthcare,58777740.0,5.0
UVRBF,Universal Robina Corporation,1.0,5,3,10,8,3,2,3,34,-13.0,24.0,Broken,Avoid/exit,0,0.0,0.0,-0.0,84.5,0,,Consumer Defensive,2136426112.0,0.0
RBNE,Robin Energy Ltd.,2.49,7,11,1,3,6,4,5,37,-11.0,24.0,Broken,Avoid/exit,45,-22.2,-43.4,-23.9,45.8,0,,Energy,6900758.0,1999763.21
SSIXX,State Street Institutional Liquid Reserves Fund,1.0,4,3,10,6,3,2,3,31,-10.0,24.0,Broken,Avoid/exit,32,0.0,0.0,-0.0,0.0,0,,nan,nan,0.0
SSHXX,State Street Institutional Liquid Reserves Fund,1.0,4,3,10,6,3,2,3,31,-10.0,24.0,Broken,Avoid/exit,32,0.0,0.0,-0.0,0.0,0,,nan,nan,0.0
SSVXX,State Street Institutional Liquid Reserves Fund,1.0,4,3,10,6,3,2,3,31,-10.0,24.0,Broken,Avoid/exit,32,0.0,0.0,-0.0,0.0,0,,nan,nan,0.0
SSZXX,State Street Institutional Liquid Reserves Fund,1.0,4,5,10,6,3,2,3,33,-12.0,24.0,Broken,Avoid/exit,32,0.0,0.0,-0.0,67.6,0,,nan,nan,0.0
SSYXX,State Street Institutional Liquid Reserves Fund,1.0,4,3,10,6,3,2,3,31,-10.0,24.0,Broken,Avoid/exit,32,0.0,0.0,-0.0,0.0,0,,nan,nan,0.0
TILXX,State Street Institutional Investment Trust - International Liquid Reserves Fund,1.0,4,3,10,6,3,2,3,31,-10.0,24.0,Broken,Avoid/exit,32,0.0,0.0,-0.0,0.0,0,,nan,nan,0.0
TRSXX,TRSXX,1.0,3,4,10,5,3,1,3,29,-10.0,24.0,Broken,🔥 COILED: Avoid/exit,25,0.0,0.0,-1.2,44.0,0,,nan,nan,0.0
TSMXX,TSMXX,1.0,3,4,10,5,3,1,3,29,-10.0,24.0,Broken,🔥 COILED: Avoid/exit,25,0.0,0.0,-2.0,41.3,0,,nan,nan,0.0
TSSXX,TSSXX,1.0,3,4,10,5,3,1,3,29,-10.0,24.0,Broken,🔥 COILED: Avoid/exit,32,0.0,0.0,-1.2,44.0,0,,nan,nan,0.0
DYLLF,Deep Yellow Ltd,0.896,4,9,6,5,4,0,2,30,-11.0,24.0,Broken,Avoid/exit,15,-12.6,1.8,-3.9,47.0,0,,Energy,1077965824.0,118186.18
AACG,ATA Creativity Global,0.91,3,9,4,7,2,2,2,29,-5.0,24.0,Broken,Avoid/exit,31,2.2,-7.1,-4.0,43.0,1,,Consumer Defensive,47096996.0,31589.65
FLRAF,Essentra plc,1.1,4,3,10,5,3,3,3,31,-10.0,24.0,Broken,Avoid/exit,0,0.0,0.0,-0.8,17.0,0,,Basic Materials,339045408.0,0.0
SNCF,Sanarco Funds Inc,1.23,8,5,5,7,3,1,4,33,-5.0,24.0,Broken,Avoid/exit,28,0.0,0.0,-0.3,26.4,1,,Financial Services,13592344.0,25.33
ECXJ,Cxj Group Co Ltd,1.35,6,3,3,8,5,2,2,29,-5.0,24.0,Broken,Avoid/exit,44,0.0,-10.0,-4.7,29.1,1,,Consumer Cyclical,134986864.0,50.85
FDDMF,FDM Group (Holdings) plc,1.43,2,5,8,6,3,3,2,29,-10.0,24.0,Broken,🔥 COILED: Avoid/exit,37,0.0,0.0,-0.2,48.0,0,,Technology,156362368.0,91.66
PCSV,Pcs Edventures Com,1.63,10,3,5,7,3,0,4,32,-8.0,24.0,Broken,Avoid/exit,48,-3.0,-1.2,-0.6,52.7,0,,Consumer Defensive,16355240.0,6191.48
YADGF,Yadea Group Holdings Ltd,0.86,3,7,7,6,3,3,2,31,-10.0,24.0,Broken,Avoid/exit,16,0.0,0.0,-4.0,39.0,0,,Consumer Cyclical,4584581632.0,100.94
MPJPY,Metaplanet Inc.,1.43,4,12,5,5,3,2,5,36,-12.0,24.0,Broken,Avoid/exit,18,3.6,2.9,-0.3,48.6,0,,nan,nan,0.0
BRAG,Bragg Gaming Group Inc,1.64,2,10,2,7,2,4,2,29,-3.0,24.0,Broken,Avoid/exit,31,0.6,-3.5,-1.9,46.7,1,,Consumer Cyclical,44086972.0,45888.63
TSPCF,Cleanaway Waste Management Limited,1.65,14,9,4,4,6,0,2,39,-20.0,24.0,Broken,🔥 COILED: Avoid/exit,32,-10.8,12.1,0.9,51.5,2,,Industrials,3541111552.0,897.92
ITFS,Itafos Inc.,1.58,2,3,6,8,0,1,2,22,2.0,24.0,Broken,Avoid/exit,6,-3.7,-8.7,-5.4,31.8,0,,Basic Materials,348656704.0,57695.5
TRZBF,Transat A.T. Inc,1.67,3,4,9,5,3,5,2,31,-10.0,24.0,Broken,Avoid/exit,21,0.0,0.0,-1.1,24.6,0,,Consumer Cyclical,83155896.0,418.95
UNWPX,WORLD PRECIOUS MINERALS FUND WORLD PRECIOUS MINERALS FUND,1.8,3,7,8,6,0,1,2,27,-8.0,24.0,Broken,🔥 COILED: Avoid/exit,23,-1.6,2.3,-1.7,44.7,0,,nan,0.0,0.0
HTLM,HomesToLife Ltd,1.9,8,8,7,0,7,2,4,36,-12.0,24.0,Broken,Avoid/exit,35,3.8,-1.6,0.1,50.0,0,,Consumer Cyclical,172648448.0,133777.91
DCX,Digital Currency X Technology Inc.,1.08,11,5,3,10,0,1,5,35,-9.0,24.0,Broken,Avoid/exit,29,70.9,28.3,4.7,48.1,2,9,Consumer Cyclical,48766116.0,296271.26
SBYSF,Sibanye Stillwater Limited,2.08,3,6,8,6,3,3,2,31,-10.0,24.0,Broken,Avoid/exit,27,0.0,5.1,-4.2,26.5,1,,Basic Materials,8424691712.0,1340.05
VETTF,Vector Limited,2.73,6,3,10,7,3,2,3,34,-13.0,24.0,Broken,Avoid/exit,32,0.0,0.0,-0.0,92.8,0,,Utilities,2230000128.0,0.0
XDNCF,XD Inc,2.7,5,4,9,6,0,2,3,29,-10.0,24.0,Broken,🔥 COILED: Avoid/exit,36,0.0,0.0,0.0,50.0,0,,Communication Services,1301346432.0,1.75
AGMRF,Silver Mountain Resources Inc.,2.26,4,12,9,12,2,6,2,47,-23.0,24.0,Broken,Avoid/exit,31,4.6,11.9,0.9,49.0,4,,Basic Materials,208509216.0,92873.06
GTIC,GTIC,2.95,13,3,9,14,3,6,4,52,-28.0,24.0,Broken,Avoid/exit,55,0.0,0.0,1.8,90.6,1,,Technology,1569557.0,142.84
RBBN,Ribbon Communications Inc,2.14,7,9,4,5,2,2,3,32,-8.0,24.0,Broken,Avoid/exit,28,6.5,-2.7,-2.1,45.2,1,,Technology,540746944.0,814816.88
WFCNP,Wells Fargo & Company PFD DIV EQUALIZ,2.75,9,6,11,6,3,6,3,44,-23.0,24.0,Broken,Avoid/exit,60,0.0,0.0,0.0,99.9,0,,Other,nan,34.26
WBDSF,WBDSF,3.0,7,3,10,4,3,1,3,31,-10.0,24.0,Broken,Avoid/exit,24,0.0,0.0,-0.1,2.5,0,,Industrials,2966396416.0,7.87
VVR,Invesco Senior Income Trust,2.97,8,12,5,3,2,3,3,36,-12.0,24.0,Broken,Avoid/exit,29,0.3,0.3,-0.2,46.8,1,,Financial Services,647320000.0,1081532.54
GRAB,Grab Holdings Ltd,3.5,2,11,4,6,8,4,2,37,-11.0,24.0,Broken,Avoid/exit,37,5.7,-2.0,-0.7,47.5,0,,Technology,14151399424.0,49543273.51
JELCF,Johnson Electric Holdings Limited,3.416,6,3,11,6,3,2,3,34,-13.0,24.0,Broken,Avoid/exit,0,0.0,0.0,0.0,76.3,0,,Consumer Cyclical,4295440896.0,0.0
OUTKY,Outokumpu Oyj ADR,3.23,11,7,4,5,3,2,2,34,-13.0,24.0,Broken,Avoid/exit,48,13.6,-6.8,2.0,52.8,1,,Basic Materials,3252506368.0,0.0
CLTFF,Celtic plc,2.875,8,9,2,2,5,7,2,35,-10.0,24.0,Broken,Avoid/exit,49,1.9,4.0,-1.7,43.0,0,,Communication Services,313796736.0,1010.77
ACB,Aurora Cannabis Inc,2.79,10,7,9,4,2,2,3,37,-13.0,24.0,Broken,Avoid/exit,23,4.5,6.1,1.6,50.5,2,,Healthcare,207534384.0,1337965.97
BYDIF,BYD Electronic (International) Company Limited,3.0,6,11,4,3,3,5,5,37,-11.0,24.0,Broken,Avoid/exit,14,-0.7,-3.5,0.5,49.9,0,,Technology,8535212032.0,4541.73
MLLUY,Metallurgical Corporation of China Ltd ADR,3.558,4,7,4,5,3,5,3,31,-10.0,24.0,Broken,Avoid/exit,18,0.0,0.0,-0.3,28.4,0,,Industrials,3680521472.0,19.65
SHCAF,Sharp Corporation,3.646,5,3,10,6,3,1,3,31,-10.0,24.0,Broken,Avoid/exit,23,0.0,0.0,-0.1,0.1,0,,Technology,2367372032.0,70.5
TCLAF,Transcontinental Inc,3.85,5,7,7,5,4,1,2,31,-10.0,24.0,Broken,Avoid/exit,24,-1.5,-4.2,-1.3,42.4,0,,Consumer Cyclical,306045248.0,0.0
FULC,Fulcrum Therapeutics Inc,3.58,3,6,8,7,0,0,2,26,-5.0,24.0,Broken,Avoid/exit,16,-3.8,-1.9,-3.4,40.9,1,,Healthcare,224554288.0,1190636.04
ILAG,Intelligent Living Application Group Inc,3.33,5,5,2,8,5,4,2,31,-5.0,24.0,Broken,Avoid/exit,38,-3.5,-10.7,-4.9,43.2,1,,Industrials,7165470.0,22535.68
KSTOF,Kistos Holdings Plc,3.88,5,5,9,6,0,6,3,34,-15.0,24.0,Broken,🔥 COILED: Avoid/exit,51,0.0,0.0,-0.0,49.9,1,,Energy,546491392.0,78.63
BAMIF,Blue Ant Media Corporation,3.69,4,10,6,1,0,3,3,27,-4.0,24.0,Broken,Avoid/exit,0,0.3,0.1,-1.5,40.7,1,,Communication Services,111428744.0,0.0
JTKWY,Just Eat Takeaway.com NV ADR,3.9,7,10,3,5,4,2,5,36,-15.0,24.0,Broken,Avoid/exit,17,0.0,0.0,-0.1,49.2,1,,nan,4094232832.0,5956.5
ANY,Sphere 3D Corp,2.42,8,11,5,12,4,4,3,47,-21.0,24.0,Broken,Avoid/exit,46,26.7,42.4,13.2,55.4,3,,Financial Services,27722850.0,1110592.1
XGN,Exagen Inc,4.53,5,7,3,8,7,4,3,37,-13.0,24.0,Broken,Avoid/exit,48,-3.2,3.2,-0.2,50.4,1,,Healthcare,115725632.0,384473.45
SNTL,Spectacular Solar Inc,3.95,11,9,4,10,5,3,2,44,-20.0,24.0,Broken,Avoid/exit,30,5.3,14.5,4.0,52.2,3,,Industrials,41828288.0,6919.43
LINK,Interlink Electronics Inc,4.13,0,10,1,10,7,4,2,34,-8.0,24.0,Broken,Avoid/exit,36,-15.0,-11.2,-6.3,44.2,1,,Technology,82687536.0,104433.66
ONCO,Onconetix Inc,0.827,3,13,6,0,7,2,2,33,-8.0,23.0,Broken,Avoid/exit,37,0.7,8.8,-4.0,46.8,1,,Healthcare,1215244.0,379468.93
SWSXX,SWSXX,1.0,3,4,10,4,3,1,3,28,-10.0,23.0,Broken,🔥 COILED: Avoid/exit,25,0.0,0.0,-1.4,44.1,0,,nan,nan,0.0
PIHG,Plural Industry Holding Group Co. Limited,2.5,11,6,11,5,6,2,5,46,-28.0,23.0,Broken,🔥 COILED: Avoid/exit,45,0.0,0.0,8.1,89.0,1,,Financial Services,10786939.0,20.5
KMFG,KMFG,0.935,6,3,6,6,3,3,3,30,-10.0,23.0,Broken,Avoid/exit,30,0.0,0.0,-0.6,2.2,0,,Consumer Cyclical,60500000.0,227.25
SUNE,SUNation Energy Inc.,2.17,7,3,2,9,2,0,2,25,-2.0,23.0,Broken,Avoid/exit,37,-9.6,-13.5,-9.8,45.6,0,,Technology,5030189.0,1325432.54
AMRQF,Amaroq Ltd.,1.398,15,8,6,11,5,2,5,52,-30.0,23.0,Broken,Avoid/exit,59,9.9,21.0,12.4,73.2,3,,Basic Materials,568562432.0,119612.58
KOOYF,Kootenay Silver Inc,0.832,4,12,6,3,4,0,2,31,-11.0,23.0,Broken,Avoid/exit,17,-2.1,-1.0,-3.9,41.5,2,,Basic Materials,117722456.0,246364.29
VANI,Vivani Medical Inc.,1.28,8,6,2,10,5,2,4,37,-14.0,23.0,Broken,Avoid/exit,37,0.0,-3.0,-3.1,47.2,1,,Healthcare,108656232.0,270245.11
BGMS,"Bio Green Med Solution, Inc.",0.89,6,8,7,3,2,2,2,30,-8.0,23.0,Broken,Avoid/exit,33,-3.3,-6.3,-0.9,49.0,0,,Healthcare,5850623.0,824167.04
SMBMF,Sembcorp Marine Ltd,1.625,5,5,8,6,1,6,2,33,-10.0,23.0,Broken,Avoid/exit,39,7.8,1.6,-1.8,48.1,0,,Energy,5322466304.0,0.0
MPGPF,PageGroup plc,1.4,3,3,10,5,3,3,3,30,-10.0,23.0,Broken,Avoid/exit,0,0.0,0.0,-1.2,17.8,0,,Industrials,488840832.0,0.0
FUFU,BitFuFu Inc. Class A Ordinary Shares,1.4,7,11,8,4,2,2,4,38,-13.0,23.0,Broken,Avoid/exit,17,6.9,0.0,-0.5,46.9,2,,Financial Services,336640256.0,204825.0
ONXYY,Ontex Group NV,1.79,5,3,10,4,3,2,3,30,-10.0,23.0,Broken,Avoid/exit,18,0.0,0.0,-0.0,0.0,0,,Consumer Defensive,285445952.0,37.25
HLOSF,Healios K.K,1.8,3,5,1,7,3,1,3,23,-5.0,23.0,Broken,🔥 COILED: Avoid/exit,17,0.0,0.0,-1.1,47.3,1,,Healthcare,243003424.0,105.75
SER,Serina Therapeutics Inc,2.0,10,7,8,0,5,0,5,35,-15.0,23.0,Broken,Avoid/exit,28,-3.4,-6.1,-2.3,48.2,1,,Healthcare,26845534.0,1474745.86
HUATF,Huatai Securities Co. Ltd,2.1,10,6,11,6,3,4,3,43,-23.0,23.0,Broken,Avoid/exit,46,0.0,0.0,0.0,95.0,0,,Financial Services,18956412928.0,15.4
VFF,Village Farms International Inc,1.92,3,5,9,6,0,4,3,30,-10.0,23.0,Broken,Avoid/exit,20,-0.5,-2.5,-3.5,41.9,0,,Consumer Defensive,282293056.0,1925464.85
SINT,SINTX Technologies Inc,1.7,6,14,5,2,3,2,2,34,-11.0,23.0,Broken,Avoid/exit,20,21.4,6.9,3.8,50.4,2,,Healthcare,13892758.0,308204.14
AOGO,Arogo Capital Acquisition Corp,2.0,8,3,10,6,3,2,3,35,-15.0,23.0,Broken,Avoid/exit,28,0.0,0.0,-0.0,0.0,1,,Financial Services,8746994.0,4.82
RMHIX,Easterly ROCMuni High Inc Muncpl Bd I,2.21,13,4,8,6,6,2,4,43,-23.0,23.0,Broken,Avoid/exit,38,0.0,0.0,0.2,98.7,0,,nan,nan,0.0
TXXS,21Shares 2x Long Sui ETF,19.474,14,4,5,5,3,4,5,40,-20.0,23.0,Broken,Avoid/exit,45,-9.2,-17.3,-0.2,55.0,0,,nan,nan,0.0
SHTDF,Sinopharm Group Co. Ltd,2.13,3,3,10,5,3,3,3,30,-10.0,23.0,Broken,Avoid/exit,17,0.0,0.0,-0.9,34.5,0,,Healthcare,7146302464.0,1022.78
IWGFF,IWG PLC,2.712,15,8,5,5,7,0,5,45,-20.0,23.0,Broken,Avoid/exit,49,-1.7,4.3,3.2,61.1,0,,Real Estate,2325319936.0,40534.73
THSGF,Thesis Gold Inc,1.99,5,14,8,5,2,4,2,40,-17.0,23.0,Broken,Avoid/exit,26,0.4,2.6,-1.4,47.0,2,,Basic Materials,689002880.0,67149.5
TCRT,Alaunos Therapeutics Inc,1.88,1,4,7,8,2,4,2,28,-5.0,23.0,Broken,Avoid/exit,12,-3.1,-8.3,-6.2,35.2,1,,Healthcare,5763464.0,185916.95
RMCO,Royalty Management Holding Corporation,2.26,6,12,5,3,0,2,2,30,-10.0,23.0,Broken,Avoid/exit,29,-1.7,6.1,-2.8,44.6,1,,Financial Services,38656868.0,62755.73
MTGRY,Mount Gibson Iron Ltd ADR,2.825,7,3,10,6,0,6,3,35,-15.0,23.0,Broken,Avoid/exit,38,0.0,0.0,-0.0,10.7,1,,Basic Materials,333471104.0,293.08
IAMOX,VOYA MIDCAP OPPORTUNITIES PORTFOLIO CLASS ADV,2.2,3,9,4,6,3,3,2,30,-10.0,23.0,Broken,Avoid/exit,16,0.0,-0.9,-4.2,31.1,0,,nan,0.0,0.0
PBRCX,FEDERATED PRUDENT BEAR FUND CLASS C SHARES,2.84,8,6,3,6,3,1,3,30,-10.0,23.0,Broken,Avoid/exit,30,-1.0,-0.4,-0.5,47.6,0,,nan,0.0,0.0
LTCN,Grayscale Litecoin Trust,3.22,1,6,5,9,2,0,4,27,-4.0,23.0,Broken,Avoid/exit,22,-2.4,-2.9,-2.6,43.7,0,,nan,66925280.0,147084.94
TNYZF,Tiny Ltd.,4.198,9,8,3,10,6,0,5,41,-18.0,23.0,Broken,Avoid/exit,35,-4.2,-16.0,-1.0,50.9,1,,Financial Services,103117408.0,3930.65
VUZI,Vuzix Corp Cmn Stk,2.33,6,12,7,3,4,2,2,36,-13.0,23.0,Broken,Avoid/exit,25,1.7,3.1,-4.3,42.0,1,,Technology,351759424.0,1910459.81
SSTLX,WESTERN ASSET SHORT-TERM BOND FUND CLASS C1,3.66,3,8,3,6,3,4,3,30,-10.0,23.0,Broken,Avoid/exit,18,0.0,-0.3,-0.1,41.3,0,,nan,0.0,0.0
TTGT,"TechTarget, Inc. Common Stock",4.49,15,9,5,13,4,2,5,53,-30,23,Broken,Avoid/exit,36,32.1,20.7,12.6,63.8,4,,Technology,305826624.0,509986.08
JRVR,James River Group Holdings Ltd,4.49,5,8,5,9,5,2,4,38,-13.0,23.0,Broken,Avoid/exit,26,-4.7,-2.2,-1.0,49.1,0,,Financial Services,184253872.0,293136.81
LDLTX,LORD ABBETT SHORT DURATION INCOME FUND CLASS R5,3.82,3,8,3,6,3,4,3,30,-10.0,23.0,Broken,Avoid/exit,24,0.0,-0.3,-0.1,41.0,0,,nan,0.0,0.0
RBSTF,ROBOSENSE TECHNOLOGY CO,2.85,3,12,3,1,3,4,2,28,-8.0,23.0,Broken,Avoid/exit,14,-1.7,-2.4,-3.8,42.1,0,,nan,nan,349.32
SPCE,Virgin Galactic Holdings Inc,2.55,3,12,4,2,4,6,2,33,-13.0,23.0,Broken,Avoid/exit,26,2.4,-0.4,-4.3,44.3,2,,Industrials,493013312.0,9388263.07
APYX,Apyx Medical Inc,4.1,6,8,5,4,9,2,2,36,-13.0,23.0,Broken,Avoid/exit,53,4.6,-4.2,-0.0,49.2,2,,Healthcare,179639248.0,130382.45
BFLY,Butterfly Network Inc,7.11,13,5,2,8,3,3,2,36,-13.0,23.0,Broken,Avoid/exit,63,8.1,7.4,-0.8,50.3,2,,Healthcare,1357916288.0,5671162.26
ECTXF,Electrolux Professional AB (publ),4.65,5,3,10,4,3,2,3,30,-10.0,23.0,Broken,Avoid/exit,20,0.0,0.0,-0.1,0.1,0,,Industrials,1336398080.0,96.25
DPCDF,DPCDF,3.55,3,3,10,5,3,3,3,30,-10.0,23.0,Broken,Avoid/exit,11,0.0,0.0,-2.5,14.6,0,,Consumer Cyclical,613079616.0,93.45
PSTCX,VIRTUS MULTI-SECTOR SHORT TERM BOND FUND CLASS C,4.61,2,7,3,6,3,4,3,28,-8.0,23.0,Broken,Avoid/exit,27,0.2,-0.2,-0.1,42.9,0,,nan,0.0,0.0
TOYWF,TOYWF,1.05,3,9,6,6,3,2,2,31,-8.0,23.0,Broken,Avoid/exit,37,-3.7,-19.2,-21.4,39.6,1,,nan,nan,0.0
IMPP,Imperial Petroleum Inc,4.7,3,8,9,3,2,0,3,28,-8.0,23.0,Broken,Avoid/exit,39,-1.3,0.4,-1.8,44.1,0,,Energy,230137520.0,672130.01
ABHBY,Alfen N.V.,7.35,14,8,3,8,6,0,5,44,-21.0,23.0,Broken,Avoid/exit,50,-6.0,49.5,12.1,72.7,3,,Industrials,213733488.0,45.0
APHD,Verde Bio Holdings Inc,1.7,17,6,7,9,4,2,3,48,-25.8,22.2,Broken,Avoid/exit,42,0.0,213.4,21.7,65.3,3,,Consumer Defensive,30414866.0,518.22
DGNX,Diginex Limited Ordinary Shares,1.53,14,5,4,11,5,5,5,49,-27.0,22.0,Broken,Avoid/exit,38,8.5,35.4,12.6,58.4,3,,Industrials,32011034.0,397721.5
ESHSF,Eddy Smart Home Solutions Ltd.,1,5,4,9,6,3,2,3,32,-15.0,22.0,Broken,🔥 COILED: Avoid/exit,40,0.0,0.0,0.0,50.0,1,,Technology,6128623.0,400.0
MPCMF,Mapletree Commercial Trust,0.998,4,7,4,4,3,5,2,29,-10.0,22.0,Broken,Avoid/exit,23,0.0,0.0,-0.5,38.4,0,,Real Estate,5627854336.0,187.31
FITGF,FIT Hon Teng Limited,0.597,0,9,1,9,4,0,2,25,-3.0,22.0,Broken,Avoid/exit,8,-14.9,-12.9,-17.9,27.4,0,,Technology,8533048832.0,4924.85
JZXN,Jiuzi Holdings Inc,1.45,12,15,4,4,5,5,5,50,-26.0,22.0,Broken,Avoid/exit,53,21.8,23.9,9.2,53.2,3,,Consumer Cyclical,1661051.0,1796829.01
GORO,Gold Resource Corporation,2.08,9,3,1,3,5,4,5,30,-8.0,22.0,Broken,Avoid/exit,46,4.0,-51.1,-12.8,47.0,1,,Basic Materials,207218912.0,3294246.97
ENTX,Entera Bio Ltd,2.99,17,7,4,11,7,3,5,54,-30,22,Broken,Avoid/exit,66,45.9,51.0,27.4,65.2,3,,Healthcare,60134084.0,166791.34
GROV,"Grove Collaborative Holdings, Inc.",1.1,6,16,3,0,4,6,2,37,-15.0,22.0,Broken,Avoid/exit,36,2.8,1.9,-1.2,45.0,2,,Consumer Defensive,51484396.0,66449.71
CIIT,"Tianci International, Inc. Common Stock",3.59,17,8,7,9,6,2,5,54,-30,22,Broken,Avoid/exit,62,-1.9,12069.5,57.1,79.6,4,,Industrials,4342688.0,278995.51
WETH,Wetouch Technology Inc. Common Stock,1.17,0,3,5,7,2,0,2,19,0.0,22.0,Broken,Avoid/exit,13,-7.9,-13.3,-8.2,42.1,0,,Technology,16346202.0,151477.84
ACMDY,Atlas Consolidated Mining and Development Corporation,1.35,2,4,10,6,0,2,3,27,-10.0,22.0,Broken,🔥 COILED: Avoid/exit,28,0.0,0.0,0.0,50.0,0,,Basic Materials,398445888.0,5.07
HNFD,HNFD,1.35,5,3,10,6,0,2,3,29,-10.0,22.0,Broken,Avoid/exit,31,0.0,0.0,-0.0,0.0,0,,Industrials,nan,142.65
MTPLF,Metaplanet Inc.,1.4,6,12,4,2,4,2,5,35,-13.0,22.0,Broken,Avoid/exit,30,3.3,0.7,-1.1,47.6,1,,Consumer Cyclical,1985906816.0,2905301.5
LNDAF,Línea Directa Aseguradora S.A,1.4,4,5,4,6,3,2,3,27,-10.0,22.0,Broken,🔥 COILED: Avoid/exit,39,0.0,0.0,-0.0,46.3,0,,Financial Services,1522971904.0,459.24
OPK,Opko Health Inc,1.32,15,10,1,8,5,4,2,45,-23.0,22.0,Broken,Avoid/exit,57,8.2,10.9,-0.2,49.4,3,,Healthcare,1147740160.0,2679669.91
BBMPY,BBMG Corp ADR,1.52,5,4,9,4,0,2,3,27,-10.0,22.0,Broken,🔥 COILED: Avoid/exit,22,0.0,0.0,0.0,50.0,1,,Basic Materials,811510592.0,2.25
RKTO,RKTO,0.801,3,11,7,3,4,2,2,32,-8.0,22.0,Broken,Avoid/exit,24,1.3,-1.4,-5.5,43.9,0,,nan,39406772.0,3183556.8
SURRY,Sun Art Retail Group Ltd ADR,1.083,3,3,10,4,3,3,3,29,-10.0,22.0,Broken,Avoid/exit,11,0.0,0.0,-4.5,20.8,1,,Consumer Cyclical,1510668800.0,0.0
FPLPF,Provident Financial plc,1.561,9,6,5,7,0,2,3,32,-13.0,22.0,Broken,Avoid/exit,48,0.0,0.0,0.0,100.0,0,,Financial Services,390818016.0,111.63
IPHYF,Innate Pharma,1.65,4,4,9,6,3,1,3,30,-13.0,22.0,Broken,🔥 COILED: Avoid/exit,25,0.0,0.0,-0.2,40.6,1,,Healthcare,154940416.0,179.0
NEON,Neonode Inc,0.84,3,13,3,4,3,2,2,30,-8.0,22.0,Broken,Avoid/exit,17,7.7,-2.3,-2.3,43.2,1,,Technology,31048410.0,908551.41
NCPCF,Nickel Creek Platinum Corp,1.27,8,10,4,2,3,6,2,35,-13.0,22.0,Broken,Avoid/exit,22,0.0,7.6,-0.4,48.3,1,,Basic Materials,13396558.0,4755.97
CTNT,Cheetah Net Supply Chain Service Inc. Class A Common Stock,1.8,16,8,3,11,2,2,4,46,-24.0,22.0,Broken,Avoid/exit,57,4.0,13.9,5.2,54.0,3,,Industrials,5149340.0,358949.86
PKCPY,AKR Corporindo Tbk PT ADR,1.63,4,3,9,6,3,1,3,29,-10.0,22.0,Broken,Avoid/exit,18,0.0,0.0,-0.3,38.7,0,,Energy,1409743616.0,20.9
SIEB,Siebert Financial Corp,1.63,1,12,9,5,3,2,2,34,-13.0,22.0,Broken,Avoid/exit,18,-1.8,-3.0,-2.3,43.4,1,,Financial Services,80653648.0,34031.42
HURA,TuHURA Biosciences Inc,2.17,3,10,8,3,7,2,2,35,-13.0,22.0,Broken,Avoid/exit,48,2.8,-3.6,-2.3,46.2,2,,Healthcare,135006960.0,862839.06
NCNA,NuCana PLC,1.32,3,13,8,1,3,2,2,32,-8.0,22.0,Broken,Avoid/exit,22,2.3,0.4,-2.6,43.0,0,,Healthcare,8636090.0,171552.43
PRT,PermRock Royalty Trust,2.17,1,5,3,11,2,0,2,24,-2.0,22.0,Broken,Avoid/exit,25,-2.3,-7.3,-2.1,46.2,0,,Energy,25426378.0,53898.22
LPCN,Lipocine Inc,2.12,2,12,3,4,6,4,2,33,-11.0,22.0,Broken,Avoid/exit,24,1.9,-4.9,-4.4,40.5,2,,Healthcare,18219800.0,182910.65
RZLV,Rezolve AI Limited Ordinary Shares,2.43,7,14,7,2,3,2,2,37,-13.0,22.0,Broken,Avoid/exit,33,8.5,5.2,0.5,49.0,2,,Technology,1022992768.0,20376531.15
XBP,XBP Europe Holdings Inc,2.86,12,4,3,7,5,2,5,38,-16.0,22.0,Broken,Avoid/exit,41,-10.1,6.7,-1.0,51.0,1,,Technology,27125356.0,32231.65
UHPSX,ULTRASHORT CHINA PROFUND ULTRASHORT CHINA PROFUND SERVICE CLASS,2.23,2,3,1,7,2,2,2,19,0.0,22.0,Broken,Avoid/exit,36,-13.2,-10.1,-9.8,34.7,0,,nan,0.0,0.0
TRSBF,3SBio Inc,2.15,3,3,10,4,3,3,3,29,-10.0,22.0,Broken,Avoid/exit,23,0.0,0.0,-1.5,35.5,0,,Healthcare,6251630592.0,792.52
GARLF,Netcoins Holdings Inc,2.064,6,8,8,8,0,4,2,36,-14.0,22.0,Broken,Avoid/exit,32,1.7,4.2,-2.2,44.7,1,,Financial Services,206521760.0,38099.19
TRDTF,Trident Resources Corp.,2.215,2,3,6,9,0,0,2,22,0.0,22.0,Broken,Avoid/exit,34,-7.5,-8.1,-10.3,31.9,0,,Basic Materials,116194256.0,26206.77
SHANY,Shandong Molong Petroleum Machinery Company Limited,2.5,5,4,9,6,3,2,3,32,-15.0,22.0,Broken,🔥 COILED: Avoid/exit,24,0.0,0.0,0.0,50.0,1,,Energy,99731048.0,1.7
CSCI,COSCIENS Biopharma Inc.,7.1,11,6,3,5,3,4,5,37,-15.0,22.0,Broken,Avoid/exit,47,-8.4,-10.9,-0.3,53.2,1,,Healthcare,8641549.0,3862.68
UHPIX,ULTRASHORT CHINA PROFUND ULTRASHORT CHINA PROFUND INVESTOR CLASS,2.55,2,3,1,7,2,2,2,19,0.0,22.0,Broken,Avoid/exit,36,-13.0,-9.9,-9.6,34.9,0,,nan,0.0,0.0
GENVR,Gen Digital Inc. Contingent Value Rights,1.18,9,6,5,12,2,2,2,38,-12.0,22.0,Broken,Avoid/exit,31,-12.6,-14.5,-20.2,43.6,0,,nan,nan,38001.29
TANAF,TANAF,1.0,4,6,5,6,3,3,5,32,-10.0,22.0,Broken,Avoid/exit,13,0.0,57.9,-1.6,38.4,2,,Healthcare,136098816.0,6870.44
AKTAF,AKITA Drilling Ltd,2.507,9,7,5,4,2,2,3,32,-8.0,22.0,Broken,Avoid/exit,29,-1.6,-5.1,-1.1,46.4,0,,Energy,117181680.0,27885.22
JSHAX,JANUS SHORT-TERM BOND FUND CLASS A,2.87,2,5,4,6,3,4,3,27,-10.0,22.0,Broken,🔥 COILED: Avoid/exit,25,0.0,0.0,-0.1,42.8,0,,nan,0.0,0.0
OCCI,OFS Credit Company Inc,2.46,6,12,3,2,3,2,2,30,-8.0,22.0,Broken,Avoid/exit,25,5.1,8.4,-0.3,45.2,2,,Financial Services,94681680.0,320869.39
CULP,"Culp, Inc. Common Stock",3.48,10,4,3,7,3,4,4,35,-13.0,22.0,Broken,Avoid/exit,48,-2.0,-5.9,-0.8,50.9,1,,Consumer Cyclical,40014400.0,29704.06
EVTK,Eventiko Inc,2.91,5,4,6,6,3,3,2,29,-10.0,22.0,Broken,Avoid/exit,34,0.0,0.0,-1.2,36.3,0,,Consumer Cyclical,12577500.0,89.64
RAY,Raytech Holding Limited Ordinary Shares,2.76,1,8,1,9,3,0,2,24,0.0,22.0,Broken,Avoid/exit,31,-13.5,2.6,-3.9,46.6,0,,Consumer Defensive,9790441.0,151732.9
SPRS,Surge Components Inc,3.98,16,10,5,5,6,5,5,52,-30.0,22.0,Broken,Avoid/exit,61,3.6,0.8,3.9,63.2,0,,Technology,20237444.0,3183.52
GSISF,Genesis Minerals Limited,4.075,9,6,5,4,1,2,5,32,-10.0,22.0,Broken,Avoid/exit,33,-2.7,3.2,-1.5,48.5,0,,Basic Materials,4960903168.0,1407.38
GUZOF,Grupo Herdez S.A.B. de C.V,3.0,5,6,6,2,3,3,4,29,-10.0,22.0,Broken,Avoid/exit,14,0.0,-7.4,-1.4,40.4,0,,Consumer Defensive,1222111104.0,0.0
BRDNF,BRDNF,3.94,4,5,5,4,3,3,3,27,-10.0,22.0,Broken,🔥 COILED: Avoid/exit,18,0.0,0.0,-0.4,44.1,0,,Basic Materials,1352037888.0,178.33
ATHGF,Auction Technology Group plc,5.446,13,5,5,7,3,2,5,40,-18.0,22.0,Broken,Avoid/exit,51,0.0,0.0,4.7,100.0,1,,Technology,462562880.0,1.0
UEIC,Universal Electronics Inc,4.58,12,5,9,3,5,1,2,37,-20.0,22.0,Broken,🔥 COILED: Avoid/exit,61,1.2,-1.6,0.3,53.5,2,,Technology,51152724.0,72863.15
YTFD,Yacht Finders Inc,3.99,12,4,3,4,4,7,3,37,-20.0,22.0,Broken,🔥 COILED: Avoid/exit,34,32.6,0.0,1.4,51.9,0,,Financial Services,20744010.0,4.5
TTTRF,Treatt plc,3.5,3,4,1,10,3,4,2,27,-1.0,22.0,Broken,Avoid/exit,32,-12.5,-12.5,-11.3,17.0,0,,Basic Materials,236140528.0,446.83
RCEL,Avita Medical Ltd,4.4,11,6,2,6,5,2,2,34,-15.0,22.0,Broken,Avoid/exit,39,-4.6,-13.7,-4.0,46.4,1,,Healthcare,134186360.0,339132.76
SKK,SKK Holdings Limited,4.63,10,3,5,9,2,4,2,35,-13.0,22.0,Broken,Avoid/exit,37,-5.7,-4.8,-3.1,46.6,1,,Industrials,9770229.0,265186.94
LDDFF,Liberty Defense Holdings Ltd,4.01,4,10,7,3,2,2,2,30,-11.0,22.0,Broken,Avoid/exit,33,-2.4,-1.5,-3.4,43.2,1,,Industrials,8175328.0,24123.49
CHNR,China Natural Resources Inc,3.62,3,3,6,8,0,0,2,22,-3.0,22.0,Broken,Avoid/exit,24,-7.4,0.6,-4.4,43.7,1,,Basic Materials,5867332.0,369536.62
NHPEF,New Hope Corporation Ltd,3.68,5,6,7,5,0,1,3,27,-10.0,22.0,Broken,Avoid/exit,31,-6.8,-1.6,-3.0,45.3,0,,Energy,3766784256.0,0.0
VRRM,Verra Mobility Corp,5.29,13,12,4,11,4,2,5,51,-27.0,22.0,Broken,Avoid/exit,27,30.6,28.4,16.3,61.3,3,,Technology,651679552.0,2347315.56
DFILF,Dairy Farm International Holdings Limited,3.65,4,3,10,5,3,1,3,29,-10.0,22.0,Broken,Avoid/exit,0,0.0,0.0,-0.5,33.8,0,,Consumer Defensive,6294475776.0,0.0
EARN,Ellington Residential Mortgage,4.32,3,6,9,7,0,2,3,30,-8.0,22.0,Broken,Avoid/exit,16,-1.8,-2.3,-2.2,40.9,0,,Financial Services,174319232.0,397515.93
TRZOX,T. Rowe Price Short-Term Bond Fund,4.59,3,6,3,6,0,4,3,25,-8.0,22.0,Broken,🔥 COILED: Avoid/exit,20,0.0,-0.2,-0.2,40.4,0,,nan,nan,0.0
MTHRY,M3 Inc,5.51,13,3,6,6,3,5,3,39,-20.0,22.0,Broken,Avoid/exit,51,0.2,-5.7,-2.9,47.1,0,,Healthcare,6393971712.0,435528.98
RSKD,Riskified Ltd,5.19,14,4,7,6,5,4,4,44,-25.0,22.0,Broken,🔥 COILED: Avoid/exit,62,3.4,-0.8,0.5,52.9,1,,Technology,692813376.0,682449.56
NERV,Minerva Neurosciences Inc,3.98,0,9,4,8,2,2,2,27,-5.0,22.0,Broken,Avoid/exit,13,-1.5,-6.8,-8.1,39.5,1,,Healthcare,224790512.0,1056151.64
SEAC,SeaChange International Inc,3.3,3,3,2,8,6,3,2,27,-5.0,22.0,Broken,Avoid/exit,24,0.0,0.0,-7.7,22.2,1,,Technology,8398952.0,359.5
CHEV,Cheviot Financial Corp,1.0,12,5,6,12,4,5,5,49,-27.5,21.5,Broken,Avoid/exit,22,0.0,688.0,35.4,58.8,3,,Industrials,12933190.0,2452.39
TMLL,Third Millennium Industries Inc,1,5,4,9,5,3,2,3,31,-15.0,21.0,Broken,🔥 COILED: Avoid/exit,26,0.0,0.0,0.0,50.0,1,,Financial Services,62403024.0,4.5
HBFGF,Happy Belly Food Group Inc.,1.11,7,6,8,5,3,2,2,33,-15.0,21.0,Broken,Avoid/exit,25,1.8,-1.8,-1.6,43.4,1,,Consumer Defensive,160109216.0,13004.67
EFGD,Eurobank Ergasias Services And Holdings SA,1.0,3,3,9,4,3,3,3,28,-10.0,21.0,Broken,Avoid/exit,15,0.0,0.0,-1.3,0.8,0,,nan,nan,0.0
NOWGD,Nowigence Inc,1.24,5,3,8,6,3,5,3,33,-15.0,21.0,Broken,Avoid/exit,29,0.0,0.0,-1.6,42.9,1,,Technology,25731354.0,407.11
MRRDF,Meridian Mining UK Societas,1.086,8,12,5,1,4,2,2,34,-13.0,21.0,Broken,Avoid/exit,20,4.5,7.5,1.8,49.6,2,,Basic Materials,679670336.0,63122.81
DSEAF,DSEAF,0.928,12,5,6,10,2,3,5,43,-20.0,21.0,Broken,Avoid/exit,0,11.8,27.2,5.3,52.2,3,,Basic Materials,70899632.0,0.0
PCUUF,Pecoy Copper Corp.,1.042,6,10,6,0,3,2,2,29,-6.0,21.0,Broken,Avoid/exit,29,8.6,3.9,-2.4,44.7,1,,nan,nan,0.0
BATL,Battalion Oil Corp,1.45,5,10,8,0,3,2,5,33,-13.0,21.0,Broken,Avoid/exit,16,-11.0,-16.7,-4.8,47.0,1,,Energy,30826386.0,6829484.69
BAINF,BASE Inc,1.4,4,3,9,5,3,1,3,28,-10.0,21.0,Broken,Avoid/exit,13,0.0,0.0,-0.6,0.0,0,,Technology,161220320.0,32.0
SHMDW,SCHMID Group N.V. Warrants,1.25,4,9,3,5,4,2,2,29,-8.0,21.0,Broken,Avoid/exit,23,14.7,4.2,-4.2,45.3,1,,nan,nan,106002.24
ERLFF,Entree Resources Ltd,1.78,2,6,2,8,5,0,2,25,-5.0,21.0,Broken,Avoid/exit,38,-6.1,-14.0,-8.4,37.0,1,,Basic Materials,379600832.0,17584.77
OMGGF,Omai Gold Mines Corp,1.68,10,6,5,11,3,7,3,45,-24.0,21.0,Broken,Avoid/exit,55,2.4,11.3,0.4,50.6,3,,Basic Materials,1254915712.0,187149.87
ENVB,Enveric Biosciences Inc,1.57,8,12,9,7,3,3,5,47,-24.0,21.0,Broken,Avoid/exit,29,21.7,17.2,12.4,59.4,4,,Healthcare,7216493.0,1538476.56
AEMD,Aethlon Medical Inc,0.66,6,9,3,6,3,2,2,31,-15.0,21.0,Broken,Avoid/exit,16,13.8,1.5,-8.3,36.6,2,,Healthcare,3342204.0,314449.92
GUOSF,Guotai Junan Securities Co. Ltd,2.0,10,6,11,6,3,2,3,41,-23.0,21.0,Broken,Avoid/exit,47,0.0,0.0,0.0,95.1,0,,Financial Services,35257851904.0,2.0
SCHYF,Sands China Ltd,1.77,4,3,10,5,0,3,3,28,-10.0,21.0,Broken,Avoid/exit,26,0.0,0.0,-0.6,33.3,0,,Consumer Cyclical,18595127296.0,0.0
EMNSF,Elementis plc,2.07,7,4,5,5,3,4,3,31,-10.0,21.0,Broken,Avoid/exit,0,0.0,0.0,-0.2,14.9,0,,Basic Materials,1282643968.0,0.0
ELME,Elme Communities,1.61,4,10,4,2,2,3,4,29,-8.0,21.0,Broken,Avoid/exit,26,8.1,5.9,1.3,48.9,1,,Real Estate,181403376.0,2127497.37
FLNT,Fluent Inc,3.41,11,6,6,3,5,0,2,33,-15.0,21.0,Broken,Avoid/exit,48,-0.3,-8.6,-2.2,48.8,1,,Communication Services,71259552.0,227439.57
ONVC,Online Vacation Center Holdings Corp,1.98,5,4,8,1,4,3,3,28,-10.0,21.0,Broken,Avoid/exit,23,-0.5,-0.5,-0.9,44.3,0,,Consumer Cyclical,15948926.0,0.0
BGLC,BioNexus Gene Lab Corp Common stock,1.32,1,7,2,8,4,0,2,24,-3.0,21.0,Broken,Avoid/exit,17,-12.6,-20.5,-17.6,25.1,1,,Basic Materials,5547736.0,73379.84
HOVR,New Horizon Aircraft Ltd,1.72,5,14,5,0,4,4,2,34,-13.0,21.0,Broken,Avoid/exit,20,-3.4,9.6,-4.1,45.2,2,,Industrials,135305504.0,1402123.0
PPENF,Pampa EnergÃ­a S.A.,1.75,3,3,8,5,3,3,3,28,-10.0,21.0,Broken,Avoid/exit,11,0.0,0.0,-4.9,0.0,0,,Industrials,3560540416.0,74.1
EVEX,Eve Holding Inc,2.32,6,12,4,2,4,6,2,36,-15.0,21.0,Broken,Avoid/exit,24,1.3,6.4,-3.9,44.1,1,,Industrials,1015307840.0,1312533.5
HTT,High Templar Tech Limited Sponsored ADR Class A,2.44,1,9,3,5,7,5,2,32,-9.0,21.0,Broken,Avoid/exit,30,0.4,-2.8,-3.8,40.0,1,,Financial Services,462744832.0,261939.97
NRO,Neuberger Berman RE Securities IF,3.02,7,6,6,5,5,3,3,35,-14.0,21.0,Broken,Avoid/exit,43,-1.3,-1.3,-0.6,47.8,0,,Financial Services,225721100.0,249092.24
CLRO,ClearOne Inc,4.08,3,10,0,9,0,2,2,26,-5.0,21.0,Broken,Avoid/exit,25,-23.6,-44.1,-27.6,40.4,1,,Technology,8444135.0,22462.05
JHHBX,JOHN HANCOCK FOCUSED HIGH YIELD FUND CLASS A,3.0,4,8,3,6,3,4,3,31,-10.0,21.0,Broken,Avoid/exit,23,0.0,-0.7,-0.3,34.4,0,,nan,0.0,0.0
JHYCX,JOHN HANCOCK FOCUSED HIGH YIELD FUND CLASS C,3.0,4,8,3,6,3,4,3,31,-10.0,21.0,Broken,Avoid/exit,22,0.0,-0.7,-0.3,35.8,0,,nan,0.0,0.0
QH,Quhuo Limited American Depository Shares,4.56,3,9,4,8,6,0,2,32,-11.0,21.0,Broken,Avoid/exit,51,-15.2,-34.4,-15.6,42.8,1,,Technology,12505394.0,2376158.69
BEARX,FEDERATED PRUDENT BEAR FUND CLASS A SHARES,3.53,8,5,2,6,3,1,3,28,-10.0,21.0,Broken,Avoid/exit,31,-0.8,-0.3,-0.3,48.8,0,,nan,0.0,0.0
HBRIY,Harbour Energy PLC ADR,3.36,9,14,5,3,4,4,5,44,-21.0,21.0,Broken,Avoid/exit,29,-3.4,3.1,2.3,52.4,1,,Energy,5679401472.0,25775.82
DEXSF,DEXUS,3.8,4,4,5,3,3,5,2,26,-10.0,21.0,Broken,🔥 COILED: Avoid/exit,14,0.0,-1.0,-0.9,40.5,0,,Real Estate,3780879616.0,273.57
CCEL,CryoCell International Inc,3.42,5,10,4,5,3,2,4,33,-13.0,21.0,Broken,Avoid/exit,27,-1.2,-1.2,-0.7,48.5,1,,Healthcare,28193024.0,12334.69
PBRIX,FEDERATED PRUDENT BEAR FUND INSTITUTIONAL SHARES,3.68,8,5,2,6,3,1,3,28,-10.0,21.0,Broken,Avoid/exit,34,-0.8,-0.3,-0.3,49.2,0,,nan,0.0,0.0
AHHYX,INVESCO HIGH YIELD FUND CLASS Y,3.5,2,8,3,6,3,4,3,29,-8.0,21.0,Broken,Avoid/exit,23,0.0,-0.8,-0.4,31.0,0,,nan,0.0,0.0
IHRT,iHeartMedia Inc Class A,3.59,1,12,6,6,3,2,2,32,-11.0,21.0,Broken,Avoid/exit,21,1.4,-6.3,-4.8,40.3,1,,Communication Services,591761664.0,1136592.4
SPPL,SIMPPLE LTD. Ordinary Shares,3.47,8,14,7,2,8,2,3,44,-26.0,21.0,Broken,Avoid/exit,48,10.2,8.8,2.8,53.2,3,,Industrials,36991780.0,336777.75
GEMI,"Gemini Space Station, Inc. Class A Common Stock",3.9,0,7,7,10,0,0,2,26,-5.0,21.0,Broken,Avoid/exit,29,-9.1,-6.9,-9.8,40.3,1,,Financial Services,625842304.0,0.0
WHWK,"Whitehawk Therapeutics, Inc.",3.85,5,12,7,2,4,2,2,34,-13.0,21.0,Broken,Avoid/exit,45,3.8,-1.0,-0.9,46.6,2,,Healthcare,214623696.0,698405.51
NUVID,NUVID,0.021,3,3,8,5,3,3,3,28,-10.0,21.0,Broken,Avoid/exit,25,0.0,0.0,-85.5,12.0,0,,Financial Services,12020000.0,9.87
LDDFD,Liberty Defense Holdings Ltd,4.17,4,11,7,4,4,0,4,34,-13.0,21.0,Broken,Avoid/exit,35,-1.1,-7.3,-1.7,47.7,1,,Industrials,9262727.0,24121.35
HIICX,CATALYST/SMH HIGH INCOME FUND CATALYST/SMH HIGH INCOME FUND CLASS C,4.03,1,2,3,7,3,2,3,21,0.0,21.0,Broken,Avoid/exit,32,-0.2,-1.2,-0.9,34.0,0,,nan,0.0,0.0
HIIFX,CATALYST/SMH HIGH INCOME FUND CATALYST/SMH HIGH INCOME FUND CLASS A,4.02,1,2,3,7,3,2,3,21,0.0,21.0,Broken,Avoid/exit,32,-0.2,-1.2,-0.9,33.8,0,,nan,0.0,0.0
ETHIX,EATON VANCE HIGH INCOME OPPORTUNITIES FUND EATON VANCE HIGH INCOME OPPORTUNITIES FUND CLASS A,4.2,2,8,3,6,3,4,3,29,-8.0,21.0,Broken,Avoid/exit,25,0.0,-0.5,-0.3,38.2,0,,nan,0.0,0.0
ERHIX,Eaton Vance High Income Opportunities Fund,4.2,2,8,3,6,3,4,3,29,-8.0,21.0,Broken,Avoid/exit,25,0.0,-0.5,-0.3,36.6,0,,nan,nan,0.0
BUR,Burford Capital Ltd,4.12,6,8,7,1,2,2,2,28,-10.0,21.0,Broken,Avoid/exit,23,-0.5,5.1,-1.5,46.1,1,,Financial Services,974858368.0,2628322.54
LZM,Lifezone Metals Limited,3.39,6,14,5,2,3,2,2,34,-13.0,21.0,Broken,Avoid/exit,16,6.3,6.9,-0.7,46.4,2,,Basic Materials,467903744.0,346815.23
AUNA,Auna S.A.,5.07,6,4,8,2,3,3,2,28,-10.0,21.0,Broken,Avoid/exit,31,0.6,-1.0,-0.6,49.5,0,,Healthcare,328810080.0,266329.44
VBIX,Viewbix Inc. Common Stock,5.09,12,3,1,8,3,4,5,36,-15.0,21.0,Broken,Avoid/exit,53,-10.5,-19.8,-5.0,49.0,1,,Communication Services,48544468.0,59511.18
COMVX,COMSTOCK CAPITAL VALUE FUND CLASS AAA,4.57,4,5,2,6,6,2,3,28,-10.0,21.0,Broken,Avoid/exit,43,-0.2,-0.4,-0.2,41.7,0,,nan,0.0,0.0
PGNT,Paragon Technologies Inc,4.69,3,7,1,7,4,0,2,24,-3.0,21.0,Broken,Avoid/exit,18,-1.9,0.6,-0.9,45.5,2,,Technology,8781225.0,932.3
PHYQX,PRUDENTIAL HIGH YIELD FUND CLASS Q,4.74,2,8,3,6,3,4,3,29,-8.0,21.0,Broken,Avoid/exit,23,0.0,-0.6,-0.4,30.9,0,,nan,0.0,0.0
LWHIX,WESTERN ASSET SHORT DURATION HIGH INCOME FUND CLASS C,4.73,2,8,3,6,3,4,3,29,-8.0,21.0,Broken,Avoid/exit,23,0.0,-0.6,-0.3,32.0,0,,nan,0.0,0.0
PHYZX,PRUDENTIAL HIGH YIELD FUND CLASS Z,4.75,2,8,3,6,3,4,3,29,-8.0,21.0,Broken,Avoid/exit,23,0.0,-0.6,-0.4,30.9,0,,nan,0.0,0.0
PBHAX,PRUDENTIAL HIGH YIELD FUND CLASS A,4.74,2,8,3,6,3,4,3,29,-8.0,21.0,Broken,Avoid/exit,23,0.0,-0.6,-0.4,30.7,0,,nan,0.0,0.0
DRIP,Direxion Daily S&P Oil & Gas Exp. & Prod. Bear 2X Shares,39.84,17,3,5,5,3,2,5,40,-19.2,20.8,Broken,Avoid/exit,66,-4.2,-8.5,23.6,70.9,0,,nan,nan,16090041.59
PDSB,PDS Biotechnology Corp,0.686,3,10,6,6,4,2,2,33,-13.0,20.0,Broken,Avoid/exit,25,0.7,-6.7,-8.2,35.9,1,,Healthcare,68095096.0,786911.33
CHND,China Media Inc,1,2,4,10,6,3,2,3,30,-15.0,20.0,Broken,🔥 COILED: Avoid/exit,31,0.0,0.0,0.0,50.0,1,,Communication Services,39750000.0,6.77
GPAIF,Grounded People Apparel Inc.,1.03,2,4,10,6,3,2,3,30,-15.0,20.0,Broken,🔥 COILED: Avoid/exit,31,0.0,0.0,0.0,50.0,1,,Consumer Cyclical,28299496.0,14.75
SGTSY,Singulus Technologies AG ADR,1.0,8,3,9,4,3,2,3,32,-15.0,20.0,Broken,Avoid/exit,30,0.0,0.0,-0.0,0.0,1,,Industrials,17793054.0,4.0
CNENF,Claren Energy Corp,0.55,8,3,9,4,4,1,3,32,-15.0,20.0,Broken,Avoid/exit,18,0.0,0.0,-1.6,0.0,1,,Energy,11162271.0,53.42
MBHCF,MBH Corporation PLC,1,2,4,10,6,3,2,3,30,-15.0,20.0,Broken,🔥 COILED: Avoid/exit,31,0.0,0.0,0.0,50.0,1,,Real Estate,6667460.0,4.5
VYAXX,Voya Funds Trust - Government Money Market Fund Series II,1.0,5,3,5,6,3,2,3,27,-10.0,20.0,Broken,Avoid/exit,28,0.0,0.0,-0.0,0.1,0,,nan,nan,0.0
INPEF,INPEF,1.08,2,4,10,6,3,2,3,30,-15.0,20.0,Broken,🔥 COILED: Avoid/exit,0,0.0,0.0,0.0,50.0,1,,Healthcare,nan,0.0
AKRRF,Philly Shipyard ASA,1.1,12,6,11,6,3,4,3,45,-28.0,20.0,Broken,Avoid/exit,49,0.0,0.0,0.0,100.0,1,,Industrials,13318691.0,22.5
ANZLY,Air New Zealand Ltd ADR,1.155,7,4,5,3,3,5,3,30,-10.0,20.0,Broken,Avoid/exit,28,0.0,0.0,-0.3,39.5,1,,Industrials,750186368.0,349.11
RECT,Rectitude Holdings Ltd Ordinary Shares,1.19,2,13,1,3,7,0,2,28,-6.0,20.0,Broken,Avoid/exit,28,-15.6,-6.0,-2.9,46.7,0,,Consumer Cyclical,19580800.0,781026.6
NWWDF,New World Development Company Limited,1.23,12,6,11,6,3,4,3,45,-28.0,20.0,Broken,Avoid/exit,53,0.0,0.0,0.0,99.9,1,,Real Estate,3070252032.0,63.5
YRD,Yirendai Ltd,1.11,1,10,4,2,4,2,2,25,-6.0,20.0,Broken,Avoid/exit,24,-5.9,-11.2,-6.7,41.4,0,,Financial Services,106735928.0,91973.83
AUST,Austin Gold Corp,0.999,3,12,4,6,4,2,2,33,-16.0,20.0,Broken,Avoid/exit,23,5.2,-1.1,-2.6,44.7,2,,Basic Materials,18262354.0,568652.95
MNY,MoneyHero Limited Class A Ordinary Shares,0.968,8,14,3,2,4,2,5,38,-18.0,20.0,Broken,Avoid/exit,14,0.8,-0.1,-0.6,45.0,1,,Communication Services,57307556.0,111184.57
LRE,"Lead Real Estate Co., Ltd American Depositary Shares",1.26,1,3,3,10,5,0,2,24,0.0,20.0,Broken,Avoid/exit,33,-12.0,-8.7,-5.3,39.0,0,,Real Estate,17188796.0,304460.96
MBAI,Check-Cap Ltd.,1.06,5,13,6,0,2,0,2,28,-8.0,20.0,Broken,Avoid/exit,19,-3.6,6.0,-4.1,43.3,0,,Healthcare,12909699.0,1813609.31
LNKS,Linkers Industries Limited Class A Ordinary Shares,1.08,7,8,4,4,3,0,2,28,-13.0,20.0,Broken,Avoid/exit,31,-12.9,-22.9,-18.0,35.6,1,,Industrials,2458117.0,508866.53
JEM,707 Cayman Holdings Limited Ordinary Shares,4.94,16,2,3,12,1,0,5,39,-19.0,20.0,Broken,Avoid/exit,52,-22.2,2.5,10.1,54.9,1,,Consumer Cyclical,2701902.0,400610.43
MRT,Marti Technologies Inc.,1.85,9,12,2,11,4,0,5,43,-21.0,20.0,Broken,Avoid/exit,31,-9.8,15.6,7.3,56.2,3,,Technology,153839392.0,49451.76
CSCIF,COSCIENS Biopharma Inc.,5.14,13,6,3,4,7,4,5,42,-20.0,20.0,Broken,Avoid/exit,55,-4.8,-14.3,11.4,64.4,1,,Healthcare,6368318.0,3746.01
BPOSY,Bpost SA ADR,1.75,4,3,10,6,3,3,3,32,-15.0,20.0,Broken,Avoid/exit,14,0.0,0.0,-0.7,0.2,1,,Industrials,388001856.0,60.81
HSCS,Heart Test Laboratories Inc. Common Stock,2.18,1,12,0,7,5,0,2,27,-5.0,20.0,Broken,Avoid/exit,32,-8.8,-19.0,-9.6,42.4,1,,Healthcare,6401247.0,41394.27
FNCHF,FINEOS Corporation Holdings plc,2.16,9,6,11,6,3,2,3,40,-23.0,20.0,Broken,Avoid/exit,53,0.0,0.0,0.0,100.0,0,,Technology,745289792.0,172.5
CHPGF,Chesapeake Gold Corp.,2.13,1,4,8,9,2,0,2,26,-5.0,20.0,Broken,Avoid/exit,28,-5.8,-2.3,-4.2,43.4,1,,Basic Materials,189138592.0,73414.39
NXB,NextBoat Inc.,1.97,9,12,5,1,4,2,2,35,-13.0,20.0,Broken,Avoid/exit,0,1.0,-2.0,-2.9,43.3,1,,Consumer Cyclical,58247696.0,0.0
FIGI,Freedom Internet Group Inc,2.05,2,4,10,6,3,2,3,30,-15.0,20.0,Broken,🔥 COILED: Avoid/exit,31,0.0,0.0,0.0,50.0,1,,Financial Services,22821026.0,3.75
OQLGF,Olympique Lyonnais Groupe SA,2.3,2,4,10,6,3,2,3,30,-15.0,20.0,Broken,🔥 COILED: Avoid/exit,31,0.0,0.0,0.0,50.0,1,,Communication Services,376590208.0,0.83
RSSS,Research Solutions Inc,2.2,5,6,6,0,2,7,2,28,-8.0,20.0,Broken,Avoid/exit,24,0.0,-0.5,-1.4,42.7,0,,Technology,75256944.0,85176.55
BZQIF,Bezeq The Israel Telecommunication Corp. Ltd,2.3,3,4,4,6,3,5,2,27,-10.0,20.0,Broken,Avoid/exit,40,0.0,0.0,-1.5,14.0,0,,Communication Services,7347604480.0,0.0
FOCIF,Focusrite plc,2.14,4,3,5,6,3,3,3,27,-10.0,20.0,Broken,Avoid/exit,24,0.0,0.0,-0.9,34.4,0,,Consumer Cyclical,150405360.0,38.4
HLEO,Helio Corporation,2.31,12,15,3,4,6,4,5,49,-30,20,Broken,Avoid/exit,44,-44.0,92.5,1.1,51.0,3,,Industrials,69691752.0,32385.99
WRFRF,Wharf Real Estate Investment Company Limited,2.7,4,3,10,4,0,3,3,27,-10.0,20.0,Broken,Avoid/exit,21,0.0,0.0,-0.5,24.3,1,,Real Estate,8805059584.0,0.0
CYCN,Cyclerion Therapeutics Inc,3.44,12,4,5,5,3,0,3,32,-15.0,20.0,Broken,Avoid/exit,55,-1.7,-5.5,-2.6,45.1,2,,Healthcare,13250761.0,2123076.84
SLCJY,SLC Agricola SA ADR,2.65,4,8,3,2,4,4,5,30,-8.0,20.0,Broken,Avoid/exit,13,-2.9,1.9,-1.6,46.5,0,,Consumer Defensive,1539330432.0,12900.57
MIHRX,MFS HIGH INCOME FUND R2,3.05,4,8,2,6,3,4,3,30,-10.0,20.0,Broken,Avoid/exit,23,0.0,-0.7,-0.3,34.8,0,,nan,0.0,0.0
EKHAX,WELLS FARGO HIGH YIELD BOND FUND CLASS A,2.99,4,8,2,6,3,4,3,30,-10.0,20.0,Broken,Avoid/exit,24,0.0,-0.7,-0.3,35.1,0,,nan,0.0,0.0
TPGTF,TPG Telecom Limited,2.98,1,1,0,10,4,2,2,20,0.0,20.0,Broken,Avoid/exit,12,0.0,-9.1,-4.3,0.0,0,,Communication Services,6438736384.0,5.1
RENT,Rent the Runway Inc,3.605,14,8,9,5,4,2,5,47,-25.0,20.0,Broken,Avoid/exit,26,19.8,14.1,7.6,58.5,3,,Consumer Cyclical,115644792.0,136338.36
RGLXY,RTL Group SA ADR,3.6,3,4,6,6,3,3,2,27,-10.0,20.0,Broken,Avoid/exit,20,0.0,0.0,-1.4,35.8,0,,Communication Services,5539792384.0,0.0
PCELF,PowerCell Sweden AB (publ),1.91,3,3,10,5,3,5,3,32,-15.0,20.0,Broken,Avoid/exit,20,0.0,0.0,-1.9,31.4,1,,Industrials,174835136.0,218.5
HYINX,INVESCO HIGH YIELD FUND INVESTOR CLASS,3.49,2,8,2,6,3,4,3,28,-8.0,20.0,Broken,Avoid/exit,22,0.0,-0.9,-0.4,32.5,0,,nan,0.0,0.0
AHYCX,INVESCO HIGH YIELD FUND CLASS C,3.49,2,8,2,6,3,4,3,28,-8.0,20.0,Broken,Avoid/exit,23,0.0,-0.9,-0.4,30.9,0,,nan,0.0,0.0
HYIFX,INVESCO HIGH YIELD FUND CLASS R6,3.49,2,8,2,6,3,4,3,28,-8.0,20.0,Broken,Avoid/exit,24,0.0,-0.9,-0.4,34.5,0,,nan,0.0,0.0
ANPMF,Andean Precious Metals Corp,4.008,2,5,8,6,0,4,2,27,-10.0,20.0,Broken,Avoid/exit,29,-7.9,-4.0,-4.4,43.8,1,,Basic Materials,692820992.0,150585.24
PRLD,Prelude Therapeutics Inc,4.6,18,8,5,9,3,3,2,48,-28.0,20.0,Broken,Avoid/exit,62,20.1,9.5,4.0,53.5,3,,Healthcare,324952832.0,701732.34
PNNT,PennantPark Investment Corporation,3.29,6,8,7,2,2,3,2,30,-10.0,20.0,Broken,Avoid/exit,17,0.0,-1.8,-2.4,40.8,0,,Financial Services,263143280.0,689945.71
ADWPF,Andrew Peller Limited,5.65,15,1,10,6,3,6,4,45,-30,20,Broken,🔥 COILED: Avoid/exit,56,0.0,-0.4,2.1,80.2,0,,Consumer Defensive,182081232.0,0.0
HIIIX,CATALYST/SMH HIGH INCOME FUND CATALYST/SMH HIGH INCOME FUND CLASS I,4.02,1,2,2,7,3,2,3,20,0.0,20.0,Broken,Avoid/exit,30,-0.5,-1.2,-1.0,33.7,0,,nan,0.0,0.0
AMPY,Amplify Energy Corp,3.91,3,12,7,2,3,0,3,30,-8.0,20.0,Broken,Avoid/exit,20,-0.8,-0.8,-1.1,45.7,1,,Energy,191573696.0,971872.65
EPM,Evolution Petroleum Corporation Inc,3.68,1,9,5,6,4,0,4,29,-9.0,20.0,Broken,Avoid/exit,7,-3.9,-3.4,-2.5,42.9,1,,Energy,162987408.0,378327.39
NTHI,"NeOnc Technologies Holdings, Inc. Common Stock",3.49,6,12,5,0,4,6,2,35,-15.0,20.0,Broken,Avoid/exit,26,1.7,0.9,-6.9,38.1,2,,Healthcare,113157136.0,69625.55
JVA,Coffee Holding Co Inc,3.42,3,13,6,1,4,2,3,32,-8.0,20.0,Broken,Avoid/exit,20,-0.6,-2.8,-1.2,44.3,0,,Consumer Defensive,25688700.0,73256.98
ABTZY,Aboitiz Equity Ventures Inc ADR,4.59,5,3,5,6,3,2,3,27,-10.0,20.0,Broken,Avoid/exit,29,0.0,0.0,-0.0,1.9,0,,Utilities,2548737536.0,0.0
UONEK,Urban One Inc Class D,5.04,14,11,4,10,4,0,5,48,-26.0,20.0,Broken,Avoid/exit,50,-0.8,22.6,7.2,59.5,4,,Communication Services,21277166.0,15312.5
PASHX,T. ROWE PRICE SHORT-TERM BOND FUND INC. T. ROWE PRICE SHORT-TERM BOND FUND-ADVISOR CLASS,4.6,3,6,3,6,0,4,3,25,-8.0,20.0,Broken,Avoid/exit,18,0.0,-0.2,-0.1,41.4,0,,nan,0.0,0.0
VMSSX,VIRTUS MULTI-SECTOR SHORT TERM BOND FUND CLASS R6,4.56,2,6,3,6,3,4,3,27,-10.0,20.0,Broken,Avoid/exit,28,0.2,-0.2,-0.1,43.2,0,,nan,0.0,0.0
SCRPF,Sembcorp Industries Ltd,4.34,1,3,2,8,3,1,2,20,0.0,20.0,Broken,Avoid/exit,8,0.0,-3.0,-4.1,32.0,0,,Utilities,9256988672.0,324.88
DOYU,DouYu International Holdings,4.62,4,6,6,4,5,2,2,29,-10.0,20.0,Broken,Avoid/exit,33,2.4,-0.2,-0.1,48.9,1,,Communication Services,154515760.0,43752.85
SLNG,Stabilis Solutions Inc,4.72,13,5,4,14,5,2,5,48,-28.0,20.0,Broken,Avoid/exit,56,2.6,24.5,7.7,59.4,3,,Energy,94655168.0,24925.62
SHIAX,WESTERN ASSET SHORT DURATION HIGH INCOME FUND CLASS A,4.73,2,8,2,6,3,4,3,28,-8.0,20.0,Broken,Avoid/exit,23,0.0,-0.4,-0.3,34.1,0,,nan,0.0,0.0
SHIYX,WESTERN ASSET SHORT DURATION HIGH INCOME FUND CLASS I,4.75,2,8,2,6,3,4,3,28,-8.0,20.0,Broken,Avoid/exit,24,0.0,-0.4,-0.3,34.5,0,,nan,0.0,0.0
LWSRX,WESTERN ASSET SHORT DURATION HIGH INCOME FUND CLASS R,4.72,2,8,2,6,3,4,3,28,-8.0,20.0,Broken,Avoid/exit,24,0.0,-0.4,-0.3,34.2,0,,nan,0.0,0.0
IGDFF,IG Design Group plc,1.27,20,5,3,7,6,3,5,49,-30,19,Broken,Avoid/exit,60,28.9,28.9,15.4,93.6,3,,Consumer Cyclical,95308144.0,2260.5
AIRXX,AIM Investment Securities Funds (Invesco Investment Securities Funds) - Government Money Market Fund,1.0,1,5,3,5,3,2,3,22,-8.0,19.0,Broken,🔥 COILED: Avoid/exit,24,0.0,0.0,-30.2,46.3,0,,nan,nan,0.0
AGIG,AGIG,0.97,1,11,6,4,4,0,4,30,-11.0,19.0,Broken,Avoid/exit,19,-2.0,-4.0,-2.5,44.9,2,,Utilities,49745788.0,530225.08
ABSCF,AB Science S.A.,1.12,7,4,7,6,3,1,3,31,-15.0,19.0,Broken,Avoid/exit,16,0.0,0.0,-0.0,0.1,1,,Healthcare,78149384.0,86.38
SES,SES AI Corp,0.55,6,12,2,2,4,4,2,32,-13.0,19.0,Broken,Avoid/exit,16,9.3,-13.8,-15.6,33.6,2,,Consumer Cyclical,441293632.0,10310841.84
PTOAF,Pieridae Energy Limited,1.27,15,12,5,5,4,2,5,48,-27,19,Broken,Avoid/exit,53,2.4,14.4,9.6,62.4,3,,Energy,373996544.0,74887.88
FRSPF,First Phosphate Corp.,1.02,7,14,4,1,4,2,2,34,-13.0,19.0,Broken,Avoid/exit,40,-6.8,5.2,-3.2,44.8,1,,Basic Materials,237531312.0,228658.93
PZG,Paramount Gold Nevada Corp,1.12,4,10,8,4,2,2,2,32,-13.0,19.0,Broken,Avoid/exit,21,1.8,-1.8,-1.7,46.5,2,,Basic Materials,115808920.0,1032829.3
STKH,Steakholder Foods Ltd,2.4,18,4,3,6,5,1,5,42,-23,19,Broken,Avoid/exit,52,467.4,400.0,73.9,64.6,3,7,Consumer Defensive,2000206.0,263345.1
BTCS,BTCS Inc,1.03,3,11,8,1,2,2,2,29,-13.0,19.0,Broken,Avoid/exit,23,4.0,4.1,-2.1,44.4,2,,Financial Services,64707980.0,1398821.76
VGAS,Verde Clean Fuels Inc.,1.02,6,9,5,5,2,2,4,33,-15.0,19.0,Broken,Avoid/exit,17,7.9,-5.6,-6.9,40.9,1,,Utilities,67269928.0,22195.57
FILG,Grayscale Filecoin Trust (Fil),1.32,2,5,9,4,2,2,2,26,-10.0,19.0,Broken,Avoid/exit,31,4.8,-4.8,-3.1,45.1,1,,nan,nan,22704.44
BCG,"Binah Capital Group, Inc. Common Stock",1.45,4,9,6,3,4,2,2,30,-11.0,19.0,Broken,Avoid/exit,25,6.6,-2.0,-0.9,45.0,1,,Financial Services,26391908.0,428824.2
FENG,Phoenix New Media Limited,1.52,7,12,3,1,3,2,4,32,-13.0,19.0,Broken,Avoid/exit,23,8.6,3.4,2.3,52.6,1,,Communication Services,19457458.0,7743.31
CGIUF,ESR-REIT,1.66,7,3,11,6,3,6,3,39,-23.0,19.0,Broken,Avoid/exit,48,0.0,0.0,0.0,90.2,0,,Real Estate,1336358144.0,0.0
ACXP,Acurx Pharmaceuticals LLC,1.44,1,11,5,5,4,2,2,30,-11.0,19.0,Broken,Avoid/exit,23,1.4,-7.1,-3.5,43.3,1,,Healthcare,7606996.0,1183585.4
FHQRX,FRANKLIN HIGH INCOME FUND CLASS A,1.72,4,7,2,6,3,4,3,29,-10.0,19.0,Broken,Avoid/exit,24,0.0,-0.6,-0.3,38.5,0,,nan,nan,0.0
DSY,Big Tree Cloud Holdings Limited Ordinary Shares,3.77,13,14,3,6,3,4,2,45,-26.0,19.0,Broken,Avoid/exit,44,19.3,20.4,11.7,55.8,3,,Consumer Defensive,9028559.0,33642.56
STCK,Grayscale Stacks Trust (STX),1.07,0,2,6,9,0,0,2,19,0.0,19.0,Broken,Avoid/exit,12,-18.9,-23.0,-19.9,27.0,0,,nan,nan,0.0
APGOF,Apollo Silver Corp,1.83,4,14,6,0,4,2,2,32,-13.0,19.0,Broken,Avoid/exit,30,-1.1,0.5,-1.7,46.0,1,,Basic Materials,144275872.0,121039.03
SEV,Aptera Motors Corp. Class B Common Stock,1.75,6,12,5,0,4,2,2,31,-12.0,19.0,Broken,Avoid/exit,30,8.0,-7.4,-5.5,40.1,1,,nan,81739680.0,0.0
SIGGF,Sigma Healthcare Limited,2.15,3,3,4,6,4,3,3,26,-10.0,19.0,Broken,Avoid/exit,29,0.0,0.0,-1.1,0.5,0,,Healthcare,27104614400.0,132.7
VVVNF,Vivendi SE,2.26,3,7,5,6,3,3,2,29,-10.0,19.0,Broken,Avoid/exit,26,4.6,5.1,-0.2,47.0,1,,Communication Services,2560161792.0,3155.6
WEEEF,Western Energy Services Corp,2.28,11,5,4,7,3,2,4,36,-13.0,19.0,Broken,Avoid/exit,35,-4.0,2.3,2.0,53.9,1,,Energy,83947592.0,0.0
YQ,17 Education Technology Group Inc,1.93,1,6,1,8,3,0,2,21,-5.0,19.0,Broken,Avoid/exit,17,-12.3,-12.3,-9.7,39.7,1,,Consumer Defensive,22762750.0,19527.84
BNSOF,Bonso Electronics International Inc.,2.3,3,0,6,9,1,0,2,21,-7.0,19.0,Broken,Avoid/exit,37,-3.8,-3.8,-3.4,12.2,1,,Technology,11317245.0,735.18
RPGL,Republic Power Group Limited Class A Ordinary Shares,1.87,9,8,8,3,0,6,4,38,-19.0,19.0,Broken,Avoid/exit,37,-3.1,6.9,-2.7,47.7,0,,Technology,3317041.0,0.0
VISL,Vislink Technologies Inc,2.73,4,4,8,7,5,0,2,30,-11.0,19.0,Broken,Avoid/exit,51,-3.2,-4.5,-3.5,44.1,1,,Technology,6719407.0,4282.19
CRNT,Ceragon Networks Ltd,2.17,3,13,2,3,4,2,2,29,-13.0,19.0,Broken,Avoid/exit,22,1.9,0.0,-3.9,41.5,2,,Technology,290859840.0,602915.24
KLXE,KLX Energy Services Holdings Inc,2.19,3,15,6,0,4,2,2,32,-13.0,19.0,Broken,Avoid/exit,25,0.5,3.3,-3.9,43.7,1,,Energy,59666608.0,220674.82
TVRD,"Tvardi Therapeutics, Inc.",2.1,0,5,1,9,4,2,5,26,-5.0,19.0,Broken,Avoid/exit,20,-16.3,-34.4,-19.6,39.3,1,,Healthcare,27674968.0,140332.09
PPBT,Purple Biotech,1.4,3,12,5,2,3,2,2,29,-10.0,19.0,Broken,Avoid/exit,14,-2.1,-4.8,-7.2,35.2,1,,Healthcare,2880726.0,300890.06
HLTRF,HLS Therapeutics Inc,2.98,3,6,1,8,0,3,3,24,-5.0,19.0,Broken,Avoid/exit,16,-0.7,-3.6,-1.9,38.0,1,,Healthcare,98516040.0,95.4
BLRX,BioLineRx Ltd,2.82,1,10,3,6,3,4,2,29,-8.0,19.0,Broken,Avoid/exit,31,0.0,-2.8,-3.1,43.0,0,,Healthcare,14960542.0,34229.93
PPT,Putnam Premier Income Trust,3.39,2,10,4,3,4,1,3,27,-8.0,19.0,Broken,Avoid/exit,16,0.3,-0.9,-0.7,37.2,1,,Financial Services,328274496.0,189450.38
NMTC,Neuroone Medical Technologies Corp,1.69,1,6,0,9,2,2,2,22,-3.0,19.0,Broken,Avoid/exit,25,-11.1,-27.8,-22.9,21.9,1,,Healthcare,29997168.0,47801.07
CRMLW,Critical Metals Corp. Warrants,1.74,6,10,2,1,4,2,2,27,-8.0,19.0,Broken,Avoid/exit,17,3.6,-12.1,-22.3,38.6,0,,nan,nan,155257.92
AIOT,"PowerFleet, Inc.",3.92,4,6,5,1,7,6,2,31,-13.0,19.0,Broken,Avoid/exit,37,5.1,-7.3,-2.5,46.0,2,,Technology,511101120.0,1502688.51
ERDCF,Erdene Resource Development Corporation,3.81,9,5,7,3,1,2,4,31,-10.0,19.0,Broken,Avoid/exit,29,-1.0,13.7,1.8,52.0,2,,Basic Materials,287404576.0,54033.08
BTG,B2Gold Corp,3.75,4,8,8,4,0,0,2,26,-10.0,19.0,Broken,Avoid/exit,17,-3.1,2.2,-2.7,43.3,0,,Basic Materials,6102472704.0,38935693.45
RGRNF,Regis Resources Ltd,4.46,7,5,6,5,1,0,5,29,-10.0,19.0,Broken,Avoid/exit,33,-0.9,10.8,-0.1,49.7,2,,Basic Materials,3521222912.0,0.0
DJTWW,Trump Media & Technology Group Corp.,3.63,9,7,6,7,1,3,4,37,-18.0,19.0,Broken,Avoid/exit,27,12.0,8.7,1.6,50.2,3,,nan,1293337344.0,45166.62
HELP,Cybin Inc. Common Stock,7.82,13,3,6,14,3,3,5,47,-28.0,19.0,Broken,Avoid/exit,57,2.6,7.9,8.5,64.0,1,,Healthcare,214544784.0,875111.56
DIBS,1Stdibs.Com Inc,4.23,1,10,3,3,6,4,2,29,-11.0,19.0,Broken,Avoid/exit,30,2.9,-7.8,-4.1,42.7,2,,Communication Services,149460752.0,206553.91
MSOX,AdvisorShares Trust - AdvisorShares MSOS 2x Daily ETF,2.26,1,11,6,1,4,2,2,27,-6.0,19.0,Broken,Avoid/exit,27,-1.3,-10.3,-8.7,40.2,0,,nan,nan,2059210.21
TKNO,Alpha Teknova Inc,5.0,8,4,8,2,5,2,2,31,-15.0,19.0,Broken,Avoid/exit,54,0.6,-7.7,-2.9,46.5,1,,Healthcare,291124160.0,202227.21
USAS,Americas Silver Corp,3.82,6,11,8,1,2,2,2,32,-13.0,19.0,Broken,Avoid/exit,21,-3.8,1.1,-7.6,40.0,1,,Basic Materials,1608513152.0,4931745.6
YI,111 Inc,3.85,3,12,5,6,4,2,2,34,-13.0,19.0,Broken,Avoid/exit,16,1.3,6.1,-1.6,46.0,1,,Healthcare,41521668.0,25838.93
HOSGX,SHORT-TERM GOVERNMENT SECURITIES FUND SHORT-TERM GOVERNMENT SECURITIES FUND,4.97,5,6,2,6,0,4,3,26,-10.0,19.0,Broken,Avoid/exit,23,0.0,-0.4,-0.2,40.8,0,,nan,0.0,0.0
TMCXX,BlackRock Liquidity Funds - TempCash,1.0,3,5,3,6,3,2,3,25,-10.0,18.0,Broken,Avoid/exit,35,0.0,0.0,-0.0,40.8,0,,nan,nan,0.0
SMRT,SmartRent Inc,1.01,6,14,4,1,2,2,2,31,-13.0,18.0,Broken,Avoid/exit,23,6.5,4.8,-0.4,45.7,2,,Technology,237190816.0,1067639.58
CSHRW,CoinShares PLC Warrants,0.7,3,9,3,0,4,4,5,28,-8.0,18.0,Broken,Avoid/exit,0,-10.3,4.5,-8.5,43.9,0,,nan,nan,0.0
MMLTF,MMG Limited,1.03,9,5,2,2,3,2,5,28,-10.0,18.0,Broken,Avoid/exit,32,0.0,17.2,4.5,56.5,2,,Basic Materials,14690042880.0,6031.28
SJ,Scienjoy Holding Corp,1.028,15,12,2,6,5,3,5,48,-28,18,Broken,Avoid/exit,39,26.6,29.8,14.1,59.3,3,,Communication Services,48407556.0,57403.47
GBCEY,Globe Trade Centre SA ADR,1.23,5,3,9,5,3,2,3,30,-15.0,18.0,Broken,Avoid/exit,24,0.0,0.0,-0.0,0.0,1,,Real Estate,353166880.0,67.88
MYO,Myomo Inc,1.01,5,13,1,0,7,2,3,31,-13.0,18.0,Broken,Avoid/exit,46,4.1,6.3,-1.9,47.7,1,,Healthcare,49457472.0,882628.8
NPT,Texxon Holding Ltd.,3.07,12,9,10,6,4,3,5,49,-29,18,Broken,Avoid/exit,36,15.2,22.8,13.4,63.3,3,,Consumer Cyclical,27509400.0,0.0
MNOV,MediciNova Inc,1.33,9,11,4,3,7,3,2,39,-21.0,18.0,Broken,Avoid/exit,29,0.8,-1.5,-0.8,47.5,2,,Healthcare,64972048.0,346563.01
PLG,Platinum Group Metals Ltd,1.28,3,9,8,5,2,2,2,31,-13.0,18.0,Broken,Avoid/exit,20,0.0,3.2,-2.1,44.2,1,,Basic Materials,210530960.0,2864668.42
PRQR,ProQR Therapeutics BV,1.72,9,4,8,7,3,4,2,37,-19.0,18.0,Broken,Avoid/exit,39,0.0,1.2,-1.1,49.6,1,,Healthcare,158043824.0,516464.73
ZIZTF,Zip Co Limited,1.9,4,2,8,5,3,1,2,25,-10.0,18.0,Broken,Avoid/exit,40,-6.4,-6.4,-6.2,40.7,0,,Financial Services,2164897024.0,2003.38
GEVO,Gevo Inc,1.48,1,4,2,11,2,4,5,29,-11.0,18.0,Broken,Avoid/exit,15,-9.2,-9.2,-5.1,44.5,1,,Basic Materials,430838048.0,4095004.09
OKYO,OKYO Pharma Ltd ADR,1.68,15,13,3,4,5,3,5,48,-28.0,18.0,Broken,Avoid/exit,50,8.4,17.5,6.6,58.9,3,,Healthcare,86590768.0,155838.65
RVRC,Revium Recovery Inc,1.67,12,6,11,6,3,2,3,43,-28.0,18.0,Broken,Avoid/exit,52,0.0,0.0,0.0,100.0,1,,Healthcare,101417592.0,7.79
GDHG,Golden Heaven Group Holdings Ltd. Ordinary Shares,1.43,8,15,4,0,3,0,5,35,-15.0,18.0,Broken,Avoid/exit,28,-3.4,5.1,0.6,49.6,2,,Consumer Cyclical,35456808.0,17585.79
BIAF,"bioAffinity Technologies, Inc.",0.627,3,10,6,6,4,2,2,33,-15.0,18.0,Broken,Avoid/exit,16,-4.9,-10.8,-14.3,30.6,1,,Healthcare,8525623.0,3672470.74
FHRRX,FRANKLIN HIGH INCOME FUND CLASS R6,1.73,4,7,1,6,3,4,3,28,-10.0,18.0,Broken,Avoid/exit,24,0.0,-0.6,-0.3,39.8,0,,nan,0.0,0.0
STKS,One Group Hospitality Inc,1.78,4,9,5,2,2,4,2,28,-11.0,18.0,Broken,Avoid/exit,36,-1.7,-4.0,-3.2,43.5,1,,Consumer Cyclical,58078312.0,55626.15
ANVS,Annovis Bio Inc,1.75,6,11,6,2,2,2,2,31,-13.0,18.0,Broken,Avoid/exit,28,5.4,0.6,-0.4,47.8,2,,Healthcare,84658320.0,1070783.77
CRCE,Crown Resources Corp,1.329,4,8,8,2,6,0,2,30,-15.0,18.0,Broken,Avoid/exit,23,-12.0,7.2,-4.9,43.4,1,,Energy,2601000.0,771.81
NNXXY,Nexity SA,1.82,4,3,9,5,3,3,3,30,-15.0,18.0,Broken,Avoid/exit,12,0.0,0.0,-0.5,0.0,1,,Real Estate,542960768.0,22.28
SWAG,Software Acquisition Group III Inc,1.97,4,4,9,6,5,2,2,32,-14.0,18.0,Broken,Avoid/exit,38,-0.5,-6.2,-3.8,42.1,0,,Communication Services,39041924.0,146958.55
AIRE,reAlpha Tech Corp. Common Stock,1.37,6,14,2,3,2,4,2,33,-15.0,18.0,Broken,Avoid/exit,34,-0.7,-1.4,-11.2,40.1,1,,Real Estate,12124337.0,458977.28
GMLPF,Golar LNG Partners LP Series A Pref,0.5,1,4,3,8,0,0,2,18,0.0,18.0,Broken,Avoid/exit,24,-49.0,-47.4,-48.8,30.4,0,,Energy,nan,18369.5
MTRBF,Metro Bank Holdings PLC,2.1,6,7,1,0,8,2,2,26,-8.0,18.0,Broken,Avoid/exit,54,1.9,-7.5,-3.3,41.5,1,,Financial Services,1515267072.0,2055.03
ENHA,Enhanced Group Inc.,2.78,3,13,7,4,4,0,5,36,-16.0,18.0,Broken,Avoid/exit,0,-4.8,-6.7,-64.1,7.7,1,,Consumer Defensive,341022976.0,0.0
RGLSF,Regulus Resources Inc,2.874,5,10,8,9,4,2,2,40,-22.0,18.0,Broken,Avoid/exit,38,-4.2,0.1,-0.8,48.2,1,,Basic Materials,377889472.0,7654.57
EKNPF,EKINOPS S.A.,2.97,5,3,10,7,3,2,3,33,-18.0,18.0,Broken,Avoid/exit,0,0.0,0.0,-0.0,90.4,1,,Technology,80205360.0,0.0
IXHL,Incannex Healthcare Ltd ADR,2.94,4,9,6,0,4,6,2,31,-13.0,18.0,Broken,Avoid/exit,45,-0.3,-7.3,-7.0,36.8,1,,Healthcare,36585212.0,909893.58
MHIBX,MFS HIGH INCOME FUND B,3.07,4,6,2,6,3,4,3,28,-10.0,18.0,Broken,Avoid/exit,24,0.0,-0.6,-0.3,35.5,0,,nan,0.0,0.0
MHIGX,MFS HIGH INCOME FUND R1,3.07,4,6,2,6,3,4,3,28,-10.0,18.0,Broken,Avoid/exit,24,0.0,-0.6,-0.3,35.6,0,,nan,0.0,0.0
CRBJF,China Resources Land Ltd,3.8,8,3,11,6,3,4,3,38,-23.0,18.0,Broken,Avoid/exit,0,0.0,0.0,0.0,92.2,0,,Real Estate,27097569280.0,60.45
ACOPY,The A2 Milk Company Ltd,4.65,5,3,2,5,6,5,2,28,-10.0,18.0,Broken,Avoid/exit,23,-1.9,-7.4,-2.2,44.7,0,,Consumer Defensive,2771128064.0,808.3
AMBP,Ardagh Metal Packaging SA,4.73,15,3,2,7,3,2,3,35,-17.0,18.0,Broken,Avoid/exit,54,-1.0,0.9,0.2,52.2,1,,Consumer Cyclical,2378871040.0,1290551.54
BBXIA,BBX Capital Inc,3.78,8,4,3,10,6,0,2,33,-15.0,18.0,Broken,Avoid/exit,53,0.0,-4.5,-2.0,40.3,1,,Industrials,64234444.0,1875.2
TGMPF,Tantalus Systems Holding Inc.,3.32,4,13,3,3,2,2,2,29,-11.0,18.0,Broken,Avoid/exit,30,2.4,1.8,-1.8,42.2,2,,Industrials,251017744.0,9970.33
RZLT,Rezolute Inc,4.72,6,6,5,9,5,0,2,33,-15.0,18.0,Broken,Avoid/exit,43,-5.4,2.4,-2.1,49.0,1,,Healthcare,434278432.0,3447926.78
TZA,Direxion Daily Small Cap Bear 3X Shares,41.8,17,3,7,10,7,1,5,50,-30,18,Broken,Avoid/exit,60,-0.1,2.9,34.3,84.6,0,,nan,nan,115720857.82
WTID,UBS ETRACS - ProShares Daily 3x Inverse Crude ETN,4.288,6,7,1,6,2,2,2,26,-8.0,18.0,Broken,Avoid/exit,29,18.1,-14.1,-2.8,47.7,0,,nan,nan,840608.01
COIG,Leverage Shares 2X Long COIN Daily ETF,3.9,0,2,7,9,0,2,2,22,0.0,18.0,Broken,Avoid/exit,12,-17.1,-17.0,-21.3,38.9,0,,nan,nan,93323.02
STAK,STAK Inc. Ordinary Shares,1.93,6,6,0,11,2,0,2,27,-9.0,18.0,Broken,Avoid/exit,36,-79.2,0.5,-34.8,46.1,1,,Energy,69349352.0,2571423.1
PDVYX,PUTNAM DIVERSIFIED INCOME TRUST CLASS Y SHARES,4.89,2,7,3,6,3,2,3,26,-8.0,18.0,Broken,Avoid/exit,16,-0.2,-0.8,-0.5,36.7,0,,nan,0.0,0.0
PDVRX,PUTNAM DIVERSIFIED INCOME TRUST CLASS R SHARES,4.84,2,7,3,6,3,2,3,26,-8.0,18.0,Broken,Avoid/exit,16,-0.2,-0.8,-0.5,35.9,0,,nan,0.0,0.0
LVWR,LiveWire Group Inc.,1.81,17,4,2,9,5,5,5,47,-29.5,17.5,Broken,Avoid/exit,43,24.0,160.8,28.1,57.2,3,,Consumer Cyclical,264142752.0,161074.27
SACH,Sachem Capital Corp,0.815,6,10,3,0,4,2,2,27,-10.0,17.0,Broken,Avoid/exit,19,1.9,-4.6,-3.8,37.5,2,,Real Estate,48914760.0,278496.85
HWH,HWH International Inc,1.42,10,10,4,12,6,0,5,47,-28.0,17.0,Broken,Avoid/exit,42,0.0,16.4,5.6,56.7,3,,Consumer Cyclical,7625928.0,2054590.8
LGDTF,Liberty Gold Corp,0.97,9,10,5,4,4,4,2,38,-21.0,17.0,Broken,Avoid/exit,46,0.0,2.1,-2.0,46.6,1,,Basic Materials,567529600.0,721132.0
SVIN,Scheid Vineyards Inc,1.0,17,7,5,7,5,1,5,47,-30,17,Broken,Avoid/exit,27,44.9,44.9,27.5,78.3,4,,Consumer Defensive,981076.0,247.26
MTPOF,Metropolitan Bank & Trust Company,1.0,1,3,0,9,2,0,2,17,0.0,17.0,Broken,Avoid/exit,27,-16.0,-16.0,-11.3,43.7,0,,Financial Services,5127053824.0,4930.97
MMTLF,Madison Metals Inc.,0.696,3,12,3,11,3,3,2,37,-20.0,17.0,Broken,Avoid/exit,32,-1.9,10.5,-5.7,40.4,3,,Energy,69444312.0,8230.43
LZMH,LZ Technology Holdings Limited Class B Ordinary Shares,1.16,5,11,6,6,5,2,2,37,-18.0,17.0,Broken,Avoid/exit,37,-3.3,-5.7,-4.9,46.5,1,,Technology,9786565.0,147373.09
CHXMF,Troilus Gold Corp,1.156,5,6,8,8,0,2,2,31,-14.0,17.0,Broken,Avoid/exit,39,-1.2,6.2,-2.8,46.0,1,,Basic Materials,809922688.0,155803.07
BUMTF,BUMTF,0.809,0,1,0,7,3,4,2,17,0.0,17.0,Broken,Avoid/exit,6,-37.8,-37.8,-31.0,0.0,0,,Consumer Defensive,2254387200.0,60.34
ZKIN,ZK International Group Co Ltd,1.35,3,11,7,6,3,2,3,35,-16.0,17.0,Broken,Avoid/exit,34,-0.7,-2.9,-0.0,48.7,1,,Basic Materials,75652248.0,36437.43
VICP,Vicapsys Life Sciences Inc,1.45,3,1,2,8,3,2,3,22,-5.0,17.0,Broken,Avoid/exit,33,-0.7,-0.7,-0.5,17.5,1,,Healthcare,47262100.0,16.3
SNES,SenesTech Inc,1.35,3,10,8,3,4,2,2,32,-13.0,17.0,Broken,Avoid/exit,24,-2.9,-4.9,-3.3,42.3,1,,Basic Materials,8114241.0,74311.56
LLEIF,LleidaNetworks Serveis Telemàtics S.A,1.55,7,6,10,6,3,2,3,37,-23.0,17.0,Broken,Avoid/exit,55,0.0,0.0,0.0,93.4,0,,Communication Services,24643744.0,25.5
GLTK,GlobalTech Corporation,1.83,12,9,1,3,7,3,2,37,-18.0,17.0,Broken,Avoid/exit,55,7.6,-3.7,-0.5,50.1,1,,Communication Services,241713744.0,930.69
IBIO,"iBio, Inc. Common Stock",1.4,3,13,6,0,4,2,2,30,-13.0,17.0,Broken,Avoid/exit,23,-2.1,1.4,-3.6,40.9,1,,Healthcare,95879616.0,3248317.12
KUST,"Kustom Entertainment, Inc.",1.24,6,12,6,5,4,4,5,42,-21.0,17.0,Broken,Avoid/exit,23,-8.1,7.8,1.7,48.6,1,,Communication Services,1134616.0,204444.64
NEOV,NeoVolta Inc. Common Stock,2.11,2,9,6,2,9,0,2,30,-13.0,17.0,Broken,Avoid/exit,28,-1.9,0.0,-4.2,46.4,1,,Industrials,110910976.0,610378.11
CYBQY,Cyberdyne Inc ADR,1.355,3,2,9,5,3,3,2,27,-10.0,17.0,Broken,Avoid/exit,21,0.0,-5.6,-5.2,27.0,0,,Healthcare,456043008.0,349.76
TKLF,Yoshitsu Co Ltd ADR,1.97,4,3,3,8,0,4,3,25,-8.0,17.0,Broken,Avoid/exit,20,-4.4,-11.3,-5.5,39.6,0,,Consumer Cyclical,7851809.0,80299.14
HITI,High Tide Inc,2.12,2,10,6,1,4,2,2,27,-13.0,17.0,Broken,Avoid/exit,20,-1.4,-5.4,-2.1,43.3,1,,Healthcare,209196912.0,601472.12
AMBO,Ambow Education Holding Ltd,1.98,1,4,9,9,0,0,2,25,-8.0,17.0,Broken,Avoid/exit,31,-11.6,-12.8,-11.1,30.9,0,,Consumer Defensive,7179408.0,124148.93
IGTAU,Inception Growth Acquisition Ltd Unit,2.31,8,6,11,4,3,2,3,37,-23.0,17.0,Broken,Avoid/exit,29,0.0,0.0,0.0,80.3,0,,Financial Services,nan,2.05
GROW,US Global Investors Inc,2.86,7,6,8,6,5,1,2,35,-18.0,17.0,Broken,Avoid/exit,37,-2.4,-3.1,-2.8,41.9,0,,Financial Services,33615372.0,43273.67
CHLLF,China Literature Limited,2.55,3,3,9,5,3,3,3,29,-15.0,17.0,Broken,Avoid/exit,13,0.0,0.0,-1.1,0.0,1,,Communication Services,2992922624.0,19.76
DDD,3D Systems Corporation,2.64,3,10,6,0,2,2,2,25,-8.0,17.0,Broken,Avoid/exit,41,2.7,-1.9,-3.7,44.3,1,,Technology,451127456.0,3922517.08
CURI,Curiositystream Inc.,2.44,1,8,4,1,4,2,2,22,-8.0,17.0,Broken,Avoid/exit,26,3.8,-4.7,-3.6,41.9,2,,Communication Services,191498944.0,570029.02
BNZI,Banzai International Inc,1.85,3,10,2,6,4,0,2,27,-8.0,17.0,Broken,Avoid/exit,16,-15.9,-23.6,-20.2,36.6,0,,Technology,4587603.0,102026.95
TKECF,Tokyo Electric Power Co. Inc.,3.4,11,5,5,3,4,1,5,34,-17.0,17.0,Broken,Avoid/exit,31,5.6,5.6,6.7,65.4,2,,Utilities,5769727488.0,591.0
PDGNF,Pendragon PLC,5.5,16,3,3,13,3,4,5,47,-30.0,17.0,Broken,⚠️ EXHAUSTION RISK: Avoid/exit,65,10.2,32.5,18.7,81.5,2,,Consumer Cyclical,376251488.0,1247.4
ZNTL,Zentalis Pharmaceuticals Llc,4.74,10,5,8,6,7,3,5,44,-27.0,17.0,Broken,Avoid/exit,69,9.5,-7.2,2.7,54.2,1,,Healthcare,275491168.0,1308735.64
NTRB,Nutriband Inc,2.85,0,6,7,7,0,4,2,26,-9.0,17.0,Broken,Avoid/exit,16,-4.4,-8.4,-5.4,36.4,1,,Healthcare,43518420.0,25046.31
DWSN,Dawson Geophysical Company,4.66,5,11,1,3,7,0,2,29,-12.0,17.0,Broken,Avoid/exit,43,-6.4,4.0,-3.6,47.6,0,,Energy,136943024.0,97511.03
WYHG,Wing Yip Food Holdings Group Limited American Depositary Shares,3.64,7,6,2,3,7,2,2,29,-12.0,17.0,Broken,Avoid/exit,46,0.8,-4.2,-4.5,47.7,0,,Consumer Defensive,42781288.0,93384.27
SSM,Sono Group N.V.,3.74,1,3,3,8,2,2,2,21,-5.0,17.0,Broken,Avoid/exit,21,-10.1,0.8,-6.0,41.6,1,,Consumer Cyclical,5991171.0,32783.65
SILXF,Silex Systems Limited,3.3,3,12,4,6,3,0,2,30,-13.0,17.0,Broken,Avoid/exit,29,-0.9,1.9,-3.3,44.7,1,,Technology,1164832128.0,21398.59
IONR,ioneer Ltd American Depositary Shares,3.49,4,11,4,1,3,2,2,27,-11.0,17.0,Broken,Avoid/exit,29,8.7,1.5,-1.6,44.3,2,,Basic Materials,335226880.0,187022.5
INLF,INLIF LIMITED Ordinary Shares,4.25,19,4,3,8,3,5,5,47,-30,17,Broken,Avoid/exit,65,33.2,64.7,22.4,55.5,3,,Industrials,51773436.0,55453.82
MSGM,Motorsport Gaming Us LLC,4.33,8,4,7,6,3,3,4,35,-18.0,17.0,Broken,Avoid/exit,47,-0.9,-6.7,-1.6,48.5,0,,Communication Services,16946664.0,725642.96
UVIX,2x Long VIX Futures ETF,55.72,15,6,7,4,3,3,2,40,-23.0,17.0,Broken,Avoid/exit,52,-10.2,-12.3,3.3,57.0,0,,nan,nan,39131693.68
GGT,Gabelli MultiMedia Mutual Fund,4.08,1,11,3,2,3,3,2,25,-6.0,17.0,Broken,Avoid/exit,30,0.2,-1.2,-0.7,42.8,0,,Financial Services,179154272.0,242261.86
BTGO,"BitGo Holdings, Inc.",4.86,3,9,9,2,2,2,2,29,-15.0,17.0,Broken,Avoid/exit,0,0.8,2.3,-4.9,44.1,1,,Financial Services,650532288.0,0.0
CONL,GraniteShares ETF Trust - GraniteShares 1.5x Long COIN Daily ETF,4.0,0,2,7,10,0,0,2,21,0.0,17.0,Broken,Avoid/exit,13,-16.7,-16.7,-20.7,38.9,0,,nan,nan,12328631.85
TRLC,TriLinc Global Impact Fund LLC,0.8,6,4,7,5,0,3,3,28,-15.0,16.0,Broken,Avoid/exit,12,0.0,0.0,-1.2,0.0,1,,Financial Services,48732956.0,387.1
WTO,UTime Limited,14.5,15,2,4,15,3,2,5,46,-30,16,Broken,Avoid/exit,54,-25.8,133.5,47.5,63.0,3,,Technology,2112049.0,321835.27
BRN,Barnwell Industries Inc,1.03,2,11,4,5,3,0,4,29,-13.0,16.0,Broken,Avoid/exit,26,-3.7,-1.9,0.9,50.5,1,,Energy,15691161.0,301499.42
ITVPF,ITV plc,0.93,3,3,3,2,3,7,2,23,-10.0,16.0,Broken,Avoid/exit,18,0.0,0.0,-4.3,4.6,0,,Communication Services,3814761472.0,0.0
SKHRF,Stakeholder Gold Corp,1.265,11,4,7,4,3,3,5,37,-21.0,16.0,Broken,Avoid/exit,67,3.7,-0.4,3.2,57.3,1,,Basic Materials,27349696.0,3043.21
LBUY,Leafbuyer Technologies Inc,0.26,7,7,1,4,3,0,2,24,-8.0,16.0,Broken,Avoid/exit,41,4.0,-10.3,-32.8,46.6,0,,Communication Services,20014222.0,499.11
CLWT,Euro Tech Holdings Company Ltd,1.49,9,6,2,0,2,2,2,23,-10.0,16.0,Broken,Avoid/exit,34,-5.1,-8.6,-4.6,46.3,0,,Industrials,8597298.0,30580.46
MMHTF,Miramar Hotel and Investment Company Limited,1.27,8,3,11,6,3,2,3,36,-23.0,16.0,Broken,Avoid/exit,46,0.0,0.0,0.0,94.9,0,,Consumer Cyclical,877518784.0,65.01
QRHC,Quest Resource Holding Corp,1.27,5,4,6,3,5,2,3,28,-15.0,16.0,Broken,Avoid/exit,49,3.3,-5.9,-1.8,47.6,1,,Industrials,28870712.0,169100.2
FLNA,"Filana Therapeutics, Inc.",1.01,7,12,3,0,3,2,2,29,-11.0,16.0,Broken,Avoid/exit,18,13.5,-4.7,-1.8,43.8,2,,Healthcare,65698740.0,1300586.63
ORGN,Origin Materials Inc,0.95,7,12,5,0,3,2,2,31,-15.0,16.0,Broken,Avoid/exit,29,0.0,9.6,-6.8,35.2,2,,Basic Materials,7098982.0,209745.96
AMST,Amesite Operating Co,0.99,6,13,4,3,4,2,2,34,-16.0,16.0,Broken,Avoid/exit,26,0.0,-8.3,-4.5,43.1,1,,Technology,8135649.0,1319291.31
PEPG,PepGen Ltd,1.76,6,8,3,6,7,2,3,35,-19.0,16.0,Broken,Avoid/exit,21,-8.8,-21.8,-9.6,41.8,1,,Healthcare,96145208.0,1797989.74
VS,Versus Systems Inc,1.25,4,7,1,6,4,4,2,28,-15.0,16.0,Broken,Avoid/exit,34,-10.1,-18.6,-10.1,41.3,1,,Technology,7744650.0,81522.46
MCHX,Marchex Inc,1.72,9,4,6,12,5,0,3,39,-23.0,16.0,Broken,Avoid/exit,51,-4.4,-4.4,-0.9,50.1,1,,Communication Services,69112368.0,22664.83
WIMI,WiMi Hologram Cloud Inc,1.2,5,10,3,2,2,2,2,26,-10.0,16.0,Broken,Avoid/exit,23,4.3,-1.6,-6.0,35.4,1,,Communication Services,30703040.0,282400.13
ITMPF,ITM Power Plc,1.41,5,11,3,3,3,2,2,29,-11.0,16.0,Broken,Avoid/exit,40,0.0,-1.4,-2.9,43.2,2,,Industrials,1601267968.0,20596.63
XDHYX,Credit Suisse High Yield Bond Fund,1.91,4,4,3,6,3,3,3,26,-10.0,16.0,Broken,Avoid/exit,20,0.0,-0.5,-0.4,17.8,0,,Other,0.0,0.0
CAOVF,China Overseas Land & Investment Limited,1.65,3,4,4,4,6,3,2,26,-10.0,16.0,Broken,Avoid/exit,32,0.0,0.0,-4.6,13.2,0,,Real Estate,22437011456.0,250.74
WEWA,Wewards Inc,2.0,5,3,7,5,3,2,3,28,-15.0,16.0,Broken,Avoid/exit,21,0.0,0.0,-0.0,0.0,1,,Technology,214966896.0,6.0
LPSN,LivePerson Inc,1.77,8,8,6,3,2,2,2,31,-15.0,16.0,Broken,Avoid/exit,18,15.7,5.4,1.3,48.9,2,,Technology,27517820.0,259235.91
LLOBF,Lloyds Banking Group plc 9.25% NON-CUM IRR PRF SHS GBP0.25,2.0,3,3,2,5,4,1,5,23,-10.0,16.0,Broken,Avoid/exit,28,0.0,0.0,-0.4,47.4,0,,Other,nan,86.25
ODV,Osisko Development Corp.,2.31,3,13,7,1,3,2,2,31,-13.0,16.0,Broken,Avoid/exit,16,3.1,-1.7,-3.0,44.4,2,,Basic Materials,816653312.0,2332166.42
GNLAF,Genesis Land Development Corp,2.49,6,3,11,6,3,4,3,36,-23.0,16.0,Broken,Avoid/exit,0,0.0,0.0,0.0,92.7,0,,Real Estate,140144688.0,0.0
LAUTX,LORD ABBETT INCOME FUND CLASS R5,2.38,2,4,4,6,3,4,3,26,-10.0,16.0,Broken,Avoid/exit,21,0.0,-1.2,-0.6,31.4,0,,nan,0.0,0.0
XXRP,Teucrium 2x Long Daily XRP ETF,20.61,15,6,8,6,3,0,2,40,-24.0,16.0,Broken,Avoid/exit,45,-5.9,-6.7,1.2,56.2,0,,nan,nan,2070224.87
NEXM,NexMetals Mining Corp. Common Shares,2.17,3,12,6,0,3,2,2,28,-13.0,16.0,Broken,Avoid/exit,20,0.0,-1.4,-2.3,44.2,1,,Basic Materials,93041704.0,79841.06
NSRX,Nasus Pharma Ltd.,3.03,8,6,8,3,3,0,2,30,-15.0,16.0,Broken,Avoid/exit,40,-2.9,0.7,-2.3,46.6,1,,Healthcare,36303508.0,77225.81
ATPC,Agape ATP Corporation Common Stock,2.31,6,4,2,8,2,0,2,24,-8.0,16.0,Broken,Avoid/exit,25,-6.1,-24.8,-12.3,42.9,0,,Consumer Defensive,4252660.0,1477938.94
IORMX,AIM TaxExempt Funds Invesco TaxExempt Funds Invesco Oppenheimer Rochester Ltd Term NY Mun Fd Cl R6,2.77,2,7,1,6,3,4,3,26,-10.0,16.0,Broken,Avoid/exit,20,0.0,-1.1,-0.6,22.7,0,,nan,nan,0.0
JYHIX,JOHN HANCOCK FOCUSED HIGH YIELD FUND CLASS I,3.0,2,4,4,6,3,4,3,26,-10.0,16.0,Broken,Avoid/exit,19,0.0,-0.7,-0.4,27.9,0,,nan,0.0,0.0
EKHIX,WELLS FARGO HIGH YIELD BOND FUND INSTITUTIONAL CLASS,2.99,2,4,4,6,3,4,3,26,-10.0,16.0,Broken,Avoid/exit,24,0.0,-0.7,-0.4,26.1,0,,nan,0.0,0.0
BAK,Braskem SA Class A,2.33,3,9,8,3,2,2,2,29,-13.0,16.0,Broken,Avoid/exit,10,-5.3,-5.3,-7.0,37.8,1,,Basic Materials,1394694656.0,1758272.43
QTRX,Quanterix Corp,3.48,4,7,5,2,5,2,2,27,-11.0,16.0,Broken,Avoid/exit,31,-5.2,-10.0,-6.6,42.9,1,,Healthcare,179002720.0,791781.67
FHTX,Foghorn Therapeutics Inc,4.53,1,9,0,8,3,2,2,25,-9.0,16.0,Broken,Avoid/exit,33,-6.6,-12.7,-9.2,40.9,1,,Healthcare,219590064.0,171339.7
CJAX,Barrister Energy LLC,3.55,10,6,11,6,3,2,3,41,-28.0,16.0,Broken,Avoid/exit,49,0.0,0.0,0.0,91.6,1,,Energy,50299080.0,6.23
GSM,Ferroglobe PLC,3.18,2,3,9,6,4,0,2,26,-10.0,16.0,Broken,Avoid/exit,7,-5.4,-5.1,-5.0,37.7,1,,Basic Materials,835266432.0,1329110.7
OBIO,Orchestra BioMed Holdings Inc.,3.98,10,11,7,3,4,2,2,39,-28.0,16.0,Broken,🔥 COILED: Avoid/exit,47,6.4,8.2,3.2,54.7,3,,Healthcare,231139552.0,248407.44
LAW,CS Disco LLC,3.9,8,4,8,6,3,5,4,38,-25.0,16.0,Broken,Avoid/exit,38,10.8,-3.7,-0.6,49.9,1,,Technology,251406880.0,297584.34
DNGFF,Dongfang Electric Corporation Limited,2.88,3,5,4,5,0,3,3,23,-10.0,16.0,Broken,Avoid/exit,26,0.0,0.2,-2.6,39.5,0,,Industrials,13954483200.0,329.03
BBAI,BigBearai Holdings Inc,2.79,6,11,3,1,4,2,2,29,-13.0,16.0,Broken,Avoid/exit,20,1.1,-1.8,-7.5,36.9,1,,Technology,2093009024.0,76359706.06
SPND,Spindletop O&G,2.7,3,12,3,5,4,0,2,29,-13.0,16.0,Broken,Avoid/exit,20,-5.3,-5.6,-10.1,38.7,1,,Energy,27119026.0,700.55
MAIFF,Minera Alamos Inc,3.19,5,9,8,3,0,2,2,29,-13.0,16.0,Broken,Avoid/exit,31,2.9,3.3,-3.3,42.0,1,,Basic Materials,495871360.0,596116.18
BKYI,BIO-Key International Inc,4.39,7,8,1,1,7,2,5,31,-13.0,16.0,Broken,Avoid/exit,49,-3.5,-4.6,-3.6,47.6,1,,Industrials,4633855.0,521573.5
AHT-P-F,Ashford Hospitality Trust Inc 7.375% Series F Cumulative Preferred Stock,6.074,7,3,7,5,3,3,2,30,-14.0,16.0,Broken,Avoid/exit,34,-2.3,-4.7,-2.5,48.4,0,,Other,nan,6172.87
KHYQX,DEUTSCHE HIGH INCOME FUND CLASS R6,4.4,2,5,3,6,3,2,3,24,-8.0,16.0,Broken,Avoid/exit,22,0.0,-1.1,-0.5,32.4,0,,nan,0.0,0.0
HLNCF,Haleon plc,4.86,7,4,8,8,3,0,4,34,-18.0,16.0,Broken,Avoid/exit,51,0.1,-3.2,-0.2,51.3,0,,Healthcare,39219437568.0,39190.61
OMSE,OMS Energy Technologies Inc.,4.22,8,7,4,0,2,0,5,26,-10.0,16.0,Broken,Avoid/exit,19,-0.2,-3.2,-0.7,47.8,0,,Energy,198659920.0,49380.73
PMSTX,VIRTUS MULTI-SECTOR SHORT TERM BOND FUND CLASS C1,4.59,2,4,4,6,3,4,3,26,-10.0,16.0,Broken,Avoid/exit,19,0.0,-0.2,-0.2,33.6,0,,nan,0.0,0.0
NARAX,VIRTUS MULTI-SECTOR SHORT TERM BOND FUND CLASS A,4.53,2,4,4,6,3,4,3,26,-10.0,16.0,Broken,Avoid/exit,19,0.0,-0.2,-0.2,33.6,0,,nan,0.0,0.0
PRWBX,T. ROWE PRICE SHORT-TERM BOND FUND INC. T. ROWE PRICE SHORT-TERM BOND FUND INC.,4.59,3,5,2,6,0,4,3,23,-10.0,16.0,Broken,Avoid/exit,19,0.0,-0.2,-0.2,39.8,0,,nan,0.0,0.0
LNJFX,LORD ABBETT NEW JERSEY TAX-FREE INCOME FUND CLASS F,4.67,4,5,1,6,3,4,3,26,-10.0,16.0,Broken,Avoid/exit,22,0.0,-1.3,-0.8,28.7,0,,nan,0.0,0.0
MPT,"Medical Properties Trust, Inc.",4.63,4,6,5,6,0,1,4,26,-10.0,16.0,Broken,Avoid/exit,18,-4.3,-2.5,-2.0,44.0,1,,Real Estate,2960594688.0,6948662.3
NUAI,"New Era Energy & Digital, Inc.",4.66,2,11,2,8,4,4,3,34,-18.0,16.0,Broken,Avoid/exit,36,-2.4,14.4,-3.2,47.8,3,,Technology,583942208.0,12855311.78
SDSAX,WESTERN ASSET GLOBAL STRATEGIC INCOME FUND CLASS A,4.92,2,4,4,6,3,4,3,26,-10.0,16.0,Broken,Avoid/exit,18,0.0,-0.6,-0.4,30.5,0,,nan,0.0,0.0
LANJX,LORD ABBETT NEW JERSEY TAX-FREE INCOME FUND CLASS A,4.67,4,4,2,6,3,4,3,26,-10.0,16.0,Broken,Avoid/exit,22,0.0,-1.3,-0.8,28.7,0,,nan,0.0,0.0
SDSYX,WESTERN ASSET GLOBAL STRATEGIC INCOME FUND CLASS I,4.94,2,4,4,6,3,4,3,26,-10.0,16.0,Broken,Avoid/exit,18,0.0,-0.6,-0.4,30.5,0,,nan,0.0,0.0
CGC,Canopy Growth Corp,0.917,3,11,8,0,4,2,2,30,-13.0,15.0,Broken,Avoid/exit,30,3.1,-2.4,-1.4,44.7,2,,Healthcare,467043712.0,19964939.7
UCL,Ucloudlink Group Inc,0.86,3,3,7,8,0,0,2,23,-8.0,15.0,Broken,Avoid/exit,17,-6.1,-6.5,-5.8,37.1,0,,Communication Services,38854092.0,25850.38
TOMZ,TOMI Environmental Solutions Inc,1.6,17,9,4,5,5,0,5,45,-30,15,Broken,Avoid/exit,58,3.9,131.9,20.5,65.4,3,,Industrials,23436502.0,299839.54
FLTTX,WisdomTree Floating Rate Trsy Dgtl N/A,1.0,1,4,3,6,3,2,3,22,-10.0,15.0,Broken,Avoid/exit,23,-1.0,-1.0,-0.4,38.1,0,,nan,nan,0.0
PHIO,Phio Pharmaceuticals Corp,1.025,6,8,3,2,5,0,4,28,-13.0,15.0,Broken,Avoid/exit,34,-1.4,-0.5,-0.6,48.9,1,,Healthcare,13243666.0,2154379.32
IMMFF,Omni Bridgeway Limited,1.1,6,1,2,5,6,3,2,25,-10.0,15.0,Broken,Avoid/exit,48,0.0,-5.6,-3.1,6.8,0,,Financial Services,337433152.0,12.5
SDA,SunCar Technology Group Inc.,0.757,0,5,4,4,4,6,2,25,-10.0,15.0,Broken,Avoid/exit,28,0.3,-8.0,-5.7,41.2,0,,Consumer Cyclical,140772912.0,418133.21
CXMSF,CEMEX S.A.B. de C.V,1.18,2,4,6,4,4,0,2,22,-10.0,15.0,Broken,Avoid/exit,29,-4.1,-9.2,-3.7,44.7,0,,Basic Materials,21082222592.0,0.0
NNVC,NanoViricides Inc,1.52,9,4,3,5,1,3,5,30,-15.0,15.0,Broken,Avoid/exit,47,2.7,-13.1,-2.3,48.5,1,,Healthcare,34170500.0,460053.34
CNTY,Century Casinos Inc,1.21,3,14,5,0,3,3,2,30,-13.0,15.0,Broken,Avoid/exit,19,3.4,2.5,-0.7,44.8,2,,Consumer Cyclical,40849192.0,76433.07
LU,Lufax Holding Ltd,1.56,15,5,5,8,3,4,5,45,-30,15,Broken,Avoid/exit,30,13.0,12.2,8.8,62.5,3,,Financial Services,1343367808.0,1819336.85
ELAB,"Elevai Labs, Inc. Common Stock",0.923,4,9,6,3,4,2,2,30,-13.0,15.0,Broken,Avoid/exit,23,2.6,-13.7,-11.8,36.2,2,,Healthcare,8224189.0,2508753.5
BRIA,BrilliA Inc,1.34,1,11,2,2,3,2,2,23,-6.0,15.0,Broken,Avoid/exit,16,4.7,7.2,-1.4,47.5,1,,Consumer Cyclical,40000000.0,192508.8
GLXZ,Galaxy Gaming Inc,1.62,1,8,6,2,4,2,2,25,-10.0,15.0,Broken,Avoid/exit,19,-1.2,-5.3,-1.9,45.0,0,,Consumer Cyclical,40212432.0,63811.05
PALI,Palisade Bio Inc,1.9,3,5,8,1,3,0,2,22,-10.0,15.0,Broken,Avoid/exit,42,-2.6,-3.6,-2.9,46.8,0,,Healthcare,335394752.0,5322832.89
HRBR,Harbor Diversified,2.1,12,4,6,11,4,1,5,43,-28.0,15.0,Broken,Avoid/exit,67,1.0,1.9,3.1,84.4,1,,Industrials,91150544.0,40658.5
HOLO,MicroCloud Hologram Inc.,1.48,4,6,7,8,0,1,2,28,-13.0,15.0,Broken,Avoid/exit,26,-3.3,-0.7,-5.5,42.5,1,,Technology,39523820.0,1041008.75
OCG,Oriental Culture Holding Ltd,1.61,9,13,8,8,2,0,2,42,-27.0,15.0,Broken,Avoid/exit,29,-6.4,11.0,-2.1,47.3,3,,Consumer Cyclical,3527728.0,489704.41
RIOFF,Rio2 Limited,1.856,7,7,7,4,2,2,2,31,-16.0,15.0,Broken,Avoid/exit,26,-0.7,-1.3,-1.8,47.2,0,,Basic Materials,1190204928.0,646850.27
IMSIX,IMS STRATEGIC INCOME FUND INSTITUTIONAL CLASS SHARES,1.95,1,3,4,6,6,2,3,25,-10.0,15.0,Broken,Avoid/exit,27,-0.5,-1.0,-0.7,35.1,0,,nan,0.0,0.0
LX,Lexinfintech Holdings Ltd,1.46,5,10,2,2,2,2,2,25,-10.0,15.0,Broken,Avoid/exit,13,-1.4,-5.2,-7.2,32.8,0,,Financial Services,369125728.0,2328584.04
BRVMF,Bravo Mining Corp.,1.758,3,10,5,1,3,2,2,26,-11.0,15.0,Broken,Avoid/exit,14,-1.2,-3.4,-5.4,39.5,1,,Basic Materials,341266944.0,44722.51
MCRNF,Micro-Mechanics (Holdings) Ltd,2.17,3,4,3,5,3,5,2,25,-10.0,15.0,Broken,Avoid/exit,44,0.0,0.0,-2.0,31.6,0,,Technology,327420096.0,0.0
OABI,OmniAb Inc.,1.98,3,9,2,3,7,2,2,28,-13.0,15.0,Broken,Avoid/exit,43,-2.5,-6.6,-5.7,38.3,1,,Healthcare,360256832.0,541242.26
DHF,BNY Mellon High Yield Strategies Fund,2.35,2,7,2,3,4,5,2,25,-10.0,15.0,Broken,Avoid/exit,19,0.0,-2.9,-1.1,37.1,0,,Financial Services,191221200.0,382369.51
LAGVX,LORD ABBETT INCOME FUND CLASS A,2.38,2,4,3,6,3,4,3,25,-10.0,15.0,Broken,Avoid/exit,19,0.0,-0.8,-0.6,32.1,0,,nan,0.0,0.0
LAUYX,LORD ABBETT INCOME FUND CLASS I,2.38,2,4,3,6,3,4,3,25,-10.0,15.0,Broken,Avoid/exit,19,0.0,-1.2,-0.7,32.1,0,,nan,0.0,0.0
LAUKX,LORD ABBETT INCOME FUND CLASS R4,2.38,2,4,3,6,3,4,3,25,-10.0,15.0,Broken,Avoid/exit,19,0.0,-1.2,-0.7,31.7,0,,nan,0.0,0.0
LOGVX,Lord Abbett Income Cl F3,2.38,2,4,3,6,3,4,3,25,-10.0,15.0,Broken,Avoid/exit,19,0.0,-1.2,-0.6,34.4,0,,nan,0.0,0.0
LAUVX,LORD ABBETT INCOME FUND CLASS R6,2.38,2,4,3,6,3,4,3,25,-10.0,15.0,Broken,Avoid/exit,19,0.0,-1.2,-0.6,34.3,0,,nan,0.0,0.0
BBCQW,Bleichroeder Acquisition Corp. II Warrants,1.89,1,8,2,3,5,2,2,23,-6.0,15.0,Broken,Avoid/exit,0,2.2,3.3,-2.7,45.8,1,,nan,nan,0.0
YDDL,One and One Green Technologies. Inc Class A Ordinary Shares,1.804,3,9,7,0,4,2,2,27,-10.0,15.0,Broken,Avoid/exit,17,3.1,-7.5,-7.0,32.2,1,,Industrials,179306672.0,0.0
JFU,9F Inc,2.03,1,10,5,1,3,0,2,22,-8.0,15.0,Broken,Avoid/exit,15,-10.2,-4.7,-9.6,30.9,0,,Technology,35389464.0,22736.05
GNLN,Greenlane Holdings Inc,1.93,1,10,3,4,3,2,2,25,-15.0,15.0,Broken,Avoid/exit,20,-8.5,-22.5,-11.6,37.1,1,,Consumer Defensive,1925949.0,83420.96
JASBX,JANUS SHORT-TERM BOND FUND CLASS T,2.87,2,4,3,6,3,4,3,25,-10.0,15.0,Broken,Avoid/exit,18,0.0,-0.3,-0.1,34.2,0,,nan,0.0,0.0
JSHNX,JANUS SHORT-TERM BOND FUND CLASS N,2.85,2,4,3,6,3,4,3,25,-10.0,15.0,Broken,Avoid/exit,20,0.0,-0.3,-0.1,39.6,0,,nan,0.0,0.0
JNSTX,JANUS SHORT-TERM BOND FUND CLASS D,2.87,2,4,3,6,3,4,3,25,-10.0,15.0,Broken,Avoid/exit,21,0.0,-0.3,-0.1,35.1,0,,nan,0.0,0.0
LTNYX,Opnhmr Rchstr Ltd Tm Nw Yk Mncpl Fd A,2.77,2,5,2,6,3,4,3,25,-10.0,15.0,Broken,Avoid/exit,24,0.0,-0.7,-0.5,26.7,0,,nan,0.0,0.0
JSHCX,JANUS SHORT-TERM BOND FUND CLASS C,2.86,2,4,3,6,3,4,3,25,-10.0,15.0,Broken,Avoid/exit,19,0.0,-0.3,-0.2,33.9,0,,nan,0.0,0.0
AIV,Apartment Investment and Management Co,2.69,6,10,3,0,3,3,2,27,-10.0,15.0,Broken,Avoid/exit,18,1.9,-1.5,-2.0,34.7,1,,Real Estate,440199904.0,2253138.87
CRE,Cre8 Enterprise Limited Class A Ordinary Shares,2.42,7,2,6,3,0,0,2,20,-8.0,15.0,Broken,Avoid/exit,30,-4.7,-22.2,-12.1,42.0,0,,Industrials,6303773.0,322380.25
YOLO,AdvisorShares Pure Cannabis,2.54,1,9,5,4,4,2,2,27,-12.0,15.0,Broken,Avoid/exit,19,-0.4,-4.9,-3.5,41.7,0,,nan,nan,88910.49
IORLX,AIM TaxExempt Funds Invesco TaxExempt Funds Invesco Oppenheimer Rochester Ltd Term Calif Mun Fd Cl R6,3.09,2,5,2,6,3,4,3,25,-10.0,15.0,Broken,Avoid/exit,23,0.0,-0.6,-0.5,26.3,0,,nan,nan,0.0
SLI,Standard Lithium Ltd,2.04,3,13,3,1,4,2,2,28,-13.0,15.0,Broken,Avoid/exit,18,-3.8,-9.7,-11.4,30.7,1,,Basic Materials,941296000.0,3243368.34
PINWF,Pinnacle Renewable Energy Inc,5.5,16,3,3,13,3,2,5,45,-30.0,15.0,Broken,⚠️ EXHAUSTION RISK: Avoid/exit,61,10.2,32.5,18.7,80.7,2,,Technology,379821664.0,1324.9
TUSK,Mammoth Energy Services Inc,2.65,3,12,4,1,6,0,2,28,-13.0,15.0,Broken,Avoid/exit,43,-2.9,-5.4,-4.8,41.5,1,,Industrials,159926544.0,240174.56
QHUOY,Quhuo Limited,6.34,11,3,3,6,7,7,5,42,-25.0,15.0,Broken,Avoid/exit,53,15.1,-43.9,-1.9,51.4,1,,nan,12831055.0,97236.12
OILCF,Permex Petroleum Corporation,3.27,9,6,11,6,3,2,3,40,-28.0,15.0,Broken,Avoid/exit,49,0.0,0.0,0.0,98.9,1,,Energy,1803414.0,44.27
GME-WT,GameStop Corp. WT EXP 103026,1.9,6,10,1,0,4,2,2,25,-10.0,15.0,Broken,Avoid/exit,19,8.0,-9.1,-7.7,36.6,1,,nan,nan,0.0
RVYL,Ryvyl Inc,14.96,18,3,3,11,3,2,5,45,-30,15,Broken,Avoid/exit,53,-11.1,29.3,11.5,60.5,3,,Technology,9994965.0,213604.62
SBSYX,WESTERN ASSET SHORT-TERM BOND FUND CLASS I,3.65,2,4,3,6,3,4,3,25,-10.0,15.0,Broken,Avoid/exit,19,0.0,-0.3,-0.1,36.7,0,,nan,0.0,0.0
ORSYX,Oppenheimer Rochester Shrt Trm Mncl Cl Y,3.69,2,4,3,6,3,4,3,25,-10.0,15.0,Broken,Avoid/exit,19,0.0,-0.3,-0.2,3.9,0,,nan,0.0,0.0
NEHCX,LOOMIS SAYLES HIGH INCOME FUND CLASS C,3.64,2,5,2,6,3,2,3,23,-8.0,15.0,Broken,Avoid/exit,25,-0.3,-0.8,-0.5,30.4,0,,nan,0.0,0.0
NEHYX,LOOMIS SAYLES HIGH INCOME FUND CLASS Y,3.61,2,5,2,6,3,2,3,23,-8.0,15.0,Broken,Avoid/exit,21,-0.3,-0.8,-0.5,30.2,0,,nan,0.0,0.0
MGNX,MacroGenics Inc,3.69,3,3,0,7,5,0,2,20,-5.0,15.0,Broken,Avoid/exit,50,-0.3,-17.8,-10.1,40.2,1,,Healthcare,270143264.0,1111755.08
KRMD,Repro Med Systems Inc,4.11,5,10,4,2,3,2,2,28,-13.0,15.0,Broken,Avoid/exit,40,7.3,0.0,0.4,50.2,2,,Healthcare,190162608.0,147690.56
LDLAX,LORD ABBETT SHORT DURATION INCOME FUND CLASS C,3.85,2,4,3,6,3,4,3,25,-10.0,15.0,Broken,Avoid/exit,19,0.0,-0.3,-0.1,34.2,0,,nan,0.0,0.0
LDLRX,LORD ABBETT SHORT DURATION INCOME FUND CLASS R3,3.83,2,4,3,6,3,4,3,25,-10.0,15.0,Broken,Avoid/exit,18,0.0,-0.3,-0.1,37.0,0,,nan,0.0,0.0
LDLQX,LORD ABBETT SHORT DURATION INCOME FUND CLASS R2,3.83,2,4,3,6,3,4,3,25,-10.0,15.0,Broken,Avoid/exit,19,0.0,-0.3,-0.1,34.4,0,,nan,0.0,0.0
LOLDX,Lord Abbett Short Duration Income Cl F3,3.83,2,4,3,6,3,4,3,25,-10.0,15.0,Broken,Avoid/exit,19,0.0,-0.3,-0.1,36.9,0,,nan,0.0,0.0
PILBF,Pilbara Minerals Limited,2.975,3,11,4,2,4,2,2,28,-13.0,15.0,Broken,Avoid/exit,34,6.2,-4.0,-4.7,40.5,1,,Basic Materials,14080234496.0,74206.48
BTQ,BTQ Technologies Corp. Common Stock,3.47,6,9,5,2,6,2,2,32,-17.0,15.0,Broken,Avoid/exit,38,4.2,5.2,-5.4,44.0,2,,Technology,599370304.0,3522258.8
TARA,Protara Therapeutics Inc,3.92,0,7,7,5,2,0,2,23,-11.0,15.0,Broken,Avoid/exit,19,-2.5,-4.4,-3.0,43.5,1,,Healthcare,247860672.0,805431.92
EIHIX,EATON VANCE HIGH INCOME OPPORTUNITIES FUND EATON VANCE HIGH INCOME OPPORTUNITIES FUND CLASS I,4.2,2,4,3,6,3,4,3,25,-10.0,15.0,Broken,Avoid/exit,23,0.0,-0.7,-0.4,32.6,0,,nan,0.0,0.0
GIMSX,GOLDMAN SACHS LOCAL EMERGING MARKETS DEBT FUND CLASS R6 SHARES,4.0,2,4,3,6,3,4,3,25,-10.0,15.0,Broken,Avoid/exit,23,0.0,-0.5,-0.3,27.7,0,,nan,nan,0.0
TAOFF,Hyperion Metals Limited,2.35,3,7,6,4,3,2,2,27,-15.0,15.0,Broken,Avoid/exit,27,2.6,6.8,-5.1,32.4,1,,Basic Materials,1517046656.0,5050.36
CHYCY,Chiyoda Corp ADR,4.08,3,3,6,5,3,3,2,25,-10.0,15.0,Broken,Avoid/exit,22,0.0,0.0,-1.9,14.0,0,,Industrials,1153276160.0,86.23
FIEE,"FiEE, Inc.",2.99,4,5,1,5,2,6,2,25,-10.0,15.0,Broken,Avoid/exit,25,8.7,-15.8,-13.4,39.1,0,,Technology,37568476.0,65461.98
EGFIX,EDGEWOOD GROWTH FUND INSTITUTIONAL CLASS SHARES,4.32,3,6,3,4,0,7,2,25,-10.0,15.0,Broken,Avoid/exit,21,0.0,-1.6,-3.5,24.8,0,,nan,0.0,0.0
KHYIX,DEUTSCHE HIGH INCOME FUND INSTITUTIONAL CLASS,4.41,2,5,2,6,3,4,3,25,-10.0,15.0,Broken,Avoid/exit,24,0.2,-0.9,-0.4,34.5,0,,nan,0.0,0.0
KHYAX,DEUTSCHE HIGH INCOME FUND CLASS A,4.4,2,5,2,6,3,2,3,23,-8.0,15.0,Broken,Avoid/exit,22,0.0,-0.9,-0.5,33.0,0,,nan,0.0,0.0
TBLA,Taboola,5.01,9,4,2,2,3,6,3,29,-14.0,15.0,Broken,Avoid/exit,63,3.9,-5.1,-1.7,47.7,0,,Communication Services,1295557376.0,1884970.3
PIMSX,VIRTUS MULTI-SECTOR SHORT TERM BOND FUND CLASS I SHARES,4.54,2,4,3,6,3,4,3,25,-10.0,15.0,Broken,Avoid/exit,22,0.0,-0.2,-0.1,39.6,0,,nan,0.0,0.0
LWSIX,WESTERN ASSET GLOBAL STRATEGIC INCOME FUND CLASS C,4.92,2,4,3,6,3,4,3,25,-10.0,15.0,Broken,Avoid/exit,20,0.0,-0.6,-0.4,35.4,0,,nan,0.0,0.0
PRHCX,PRUDENTIAL HIGH YIELD FUND CLASS C,4.73,2,4,3,6,3,4,3,25,-10.0,15.0,Broken,Avoid/exit,18,0.0,-0.8,-0.4,26.1,0,,nan,0.0,0.0
SHICX,WESTERN ASSET SHORT DURATION HIGH INCOME FUND CLASS C1,4.76,2,4,3,6,3,4,3,25,-10.0,15.0,Broken,Avoid/exit,19,0.0,-0.6,-0.4,21.5,0,,nan,0.0,0.0
PHYGX,PGIM HIGH YIELD FUND CLASS R4,4.74,2,4,3,6,3,4,3,25,-10.0,15.0,Broken,Avoid/exit,18,0.0,-0.8,-0.4,26.1,0,,nan,nan,0.0
ALKEF,Alkane Resources Limited,0.93,2,8,8,2,0,0,2,22,-8.0,14.0,Broken,Avoid/exit,25,-3.1,-2.1,-3.2,41.3,0,,Basic Materials,1475501184.0,461508.66
NXLLF,Nuix Limited,0.81,3,6,2,3,3,0,2,19,-10.0,14.0,Broken,🔥 COILED: Avoid/exit,11,-8.6,4.9,-3.1,42.2,0,,Technology,338752096.0,352.73
SRFM,Surf Air Mobility Inc.,0.765,3,13,3,0,4,2,2,27,-13.0,14.0,Broken,Avoid/exit,27,-3.3,5.1,-7.1,40.7,1,,Industrials,109432592.0,3327474.36
MGLD,Marygold Companies Inc,1.1,6,6,8,0,2,2,2,26,-15.0,14.0,Broken,Avoid/exit,37,-4.3,-5.2,-2.2,45.8,1,,Financial Services,51145084.0,100456.91
TLSA,Tiziana Life Sciences Ltd,1.03,5,11,1,1,3,2,2,25,-11.0,14.0,Broken,Avoid/exit,26,15.7,-3.7,-2.4,45.6,2,,Healthcare,161619088.0,266479.05
BDMD,Baird Medical Investment Holdings Limited,1.03,4,10,6,3,2,2,2,29,-15.0,14.0,Broken,Avoid/exit,21,1.0,-2.8,-4.6,38.8,2,,Healthcare,42855548.0,805441.53
APWC,Asia Pacific Wire & Cable Corp Ltd,1.47,2,8,3,6,2,0,2,23,-10.0,14.0,Broken,Avoid/exit,29,-7.0,0.7,-2.7,45.6,0,,Industrials,56488464.0,11069.93
GLDAF,GlobalData Plc,0.977,3,3,4,3,3,3,2,21,-10.0,14.0,Broken,Avoid/exit,23,0.0,-6.9,-6.6,24.0,0,,Industrials,968554304.0,578.4
MGIH,Millennium Group International Holdings Limited Ordinary Shares,1.51,7,4,2,6,3,2,5,29,-15.0,14.0,Broken,Avoid/exit,36,-6.8,-1.9,-4.1,46.4,1,,Consumer Cyclical,15862500.0,508678.61
CVPBF,CP ALL Public Company Limited,1.33,3,4,4,1,3,7,2,24,-10.0,14.0,Broken,Avoid/exit,21,0.0,0.0,-3.2,11.2,0,,Consumer Defensive,14551009280.0,0.0
AAME,Atlantic American Corporation,1.54,6,5,6,0,2,3,2,24,-10.0,14.0,Broken,Avoid/exit,9,-1.9,-2.5,-4.5,35.4,0,,Financial Services,37938844.0,21469.34
PETS,PetMed Express Inc,1.95,10,6,9,6,1,2,3,37,-23.0,14.0,Broken,Avoid/exit,26,-2.0,-1.0,-0.8,48.6,1,,Healthcare,38885724.0,896106.34
RC,Ready Capital Corp,1.43,1,8,5,0,2,4,2,22,-8.0,14.0,Broken,Avoid/exit,17,-2.7,-7.7,-7.3,31.5,1,,Real Estate,283899520.0,2758882.82
PYXS,Pyxis Oncology Inc,2.65,14,5,3,10,3,3,4,42,-28.0,14.0,Broken,Avoid/exit,65,1.5,12.3,2.1,53.3,3,,Healthcare,104536544.0,820091.75
CMMB,Chemomab Therapeutics Ltd DRC,1.55,5,12,2,0,4,2,2,27,-13.0,14.0,Broken,Avoid/exit,21,14.0,-0.6,-0.9,47.8,2,,Healthcare,12960680.0,104133.98
CNCK,Coincheck Group N.V. Ordinary Shares,1.8,0,2,0,9,2,4,2,19,-5.0,14.0,Broken,Avoid/exit,27,-33.8,-37.5,-24.8,28.3,1,,Financial Services,244668816.0,547091.46
BNC,CEA Industries Inc.,2.66,8,10,9,2,5,0,3,37,-23.0,14.0,Broken,Avoid/exit,34,-4.7,-9.2,-3.8,46.5,1,,Industrials,110242304.0,559724.98
ORXOY,Orexo AB ADR,1.77,1,3,0,10,1,2,2,19,-5.0,14.0,Broken,Avoid/exit,18,0.0,-1.7,-4.3,26.6,1,,Healthcare,71834832.0,21.54
CTRM,Castor Maritime Inc,1.95,1,9,3,1,4,2,2,22,-8.0,14.0,Broken,Avoid/exit,28,4.3,-1.5,-1.8,45.2,1,,Industrials,21740296.0,57554.58
NEARX,NEAR-TERM TAX FREE FUND NEAR-TERM TAX FREE FUND,2.09,2,4,2,6,3,4,3,24,-10.0,14.0,Broken,Avoid/exit,22,0.0,-0.5,-0.2,37.4,0,,nan,0.0,0.0
TLF,Tandy Leather Factory Inc,2.37,7,3,7,12,5,1,3,38,-24.0,14.0,Broken,Avoid/exit,35,-0.8,-1.2,-0.4,49.0,1,,Consumer Cyclical,19463130.0,31839.18
TMOAY,TomTom NV ADR,2.23,3,9,1,4,3,2,2,24,-10.0,14.0,Broken,Avoid/exit,15,10.4,-5.1,-3.8,38.2,1,,Technology,683969472.0,1701.75
BZUN,Baozun Inc,2.87,18,8,3,6,3,2,4,44,-30,14,Broken,Avoid/exit,51,15.7,14.3,4.4,56.5,3,,Consumer Cyclical,154040240.0,322771.35
XCIKX,Credit Suisse Asset Management Income Fd Inc,2.7,2,5,4,6,0,4,3,24,-10.0,14.0,Broken,Avoid/exit,35,0.4,-0.4,-0.3,33.7,0,,Other,0.0,0.0
CIG-C,Energy of Minas Gerais Co DRC,3.21,7,10,6,5,4,2,5,39,-23.0,14.0,Broken,Avoid/exit,51,-0.6,-1.2,1.1,53.1,0,,Utilities,8467618816.0,4719.7
MGF,MFS Government Markets Income Closed Fund,2.81,3,9,2,2,2,3,3,24,-10.0,14.0,Broken,Avoid/exit,15,0.0,-0.7,-0.6,44.3,0,,Financial Services,101681392.0,78978.78
MLCI,Mount Logan Capital Inc. Common Stock,3.05,2,6,7,5,0,4,2,26,-10.0,14.0,Broken,Avoid/exit,21,-3.5,-8.4,-6.0,40.8,1,,Financial Services,33006866.0,63786.48
HTCO,Caravelle International Group,3.45,4,15,6,8,4,2,2,41,-25.0,14.0,Broken,Avoid/exit,24,11.7,15.8,1.5,48.1,4,,Industrials,27823484.0,348508.47
LTBYX,Opnhmr Rchstr Ltd Tm Nw Yk Mncpl Fd Y,2.77,2,4,2,6,3,4,3,24,-10.0,14.0,Broken,Avoid/exit,24,0.0,-0.7,-0.5,27.3,0,,nan,0.0,0.0
HQWWW,Horizon Quantum Holdings Ltd. Warrant,4.4,2,9,0,3,4,2,2,22,-8.0,14.0,Broken,Avoid/exit,0,18.6,-60.0,-37.6,39.9,0,,nan,nan,0.0
PLUG,Plug Power Inc,2.06,6,10,4,1,4,2,2,29,-15.0,14.0,Broken,Avoid/exit,22,-1.4,-5.1,-7.5,37.3,1,,Industrials,5022248448.0,99467728.99
CVOSF,Coveo Solutions Inc.,3.03,6,3,4,6,3,5,2,29,-15.0,14.0,Broken,Avoid/exit,28,-1.6,-1.6,-0.6,49.3,1,,Technology,303520704.0,7068.85
OLCYX,Oppenheimer Roc Limited Term Ca Muni Cla,3.1,2,5,1,6,3,4,3,24,-10.0,14.0,Broken,Avoid/exit,24,0.0,-0.6,-0.5,26.4,0,,nan,0.0,0.0
MNKD,MannKind Corp,3.91,10,4,7,1,3,4,2,31,-17.0,14.0,Broken,Avoid/exit,49,-5.3,-3.0,-1.8,48.5,1,,Healthcare,1087504640.0,5081016.26
BEVFF,Diversified Royalty Corp,3.25,8,5,8,4,1,5,2,33,-19.0,14.0,Broken,Avoid/exit,48,1.9,1.9,0.0,48.9,1,,Industrials,575459200.0,8278.77
SABS,SAB Biotherapeutics Inc,3.57,2,9,6,0,4,4,2,27,-11.0,14.0,Broken,Avoid/exit,39,1.7,0.8,-1.0,46.7,2,,Healthcare,259970272.0,466001.61
TYGO,Tigo Energy Inc.,1.91,6,14,6,3,3,2,2,36,-23.0,14.0,Broken,Avoid/exit,18,13.0,12.4,1.3,45.3,3,,Technology,263410448.0,634864.47
MSTU,T-REX 2X Long MSTR Daily Target ETF,1.76,3,6,7,2,0,4,2,24,-10.0,14.0,Broken,Avoid/exit,10,2.3,-5.4,-13.0,39.9,0,,nan,nan,22570724.39
TTDU,T-REX 2X Long TTD Daily Target ETF,2.585,5,6,7,0,2,2,2,24,-10.0,14.0,Broken,Avoid/exit,26,7.7,-7.7,-7.0,43.1,0,,nan,nan,0.0
ORSTX,Oppenheimer Rchstr Shrt Trm Mncl Fd Cl A,3.69,2,5,1,6,3,4,3,24,-10.0,14.0,Broken,Avoid/exit,19,0.0,-0.3,-0.2,22.8,0,,nan,0.0,0.0
LWSTX,WESTERN ASSET SHORT-TERM BOND FUND CLASS IS,3.66,2,4,2,6,3,4,3,24,-10.0,14.0,Broken,Avoid/exit,18,0.0,-0.3,-0.1,36.4,0,,nan,0.0,0.0
LWARX,Western Asset Short-Term Bond Fund Cl R,3.65,2,4,2,6,3,4,3,24,-10.0,14.0,Broken,Avoid/exit,18,0.0,-0.3,-0.1,36.4,0,,nan,0.0,0.0
CMND,Clearmind Medicine Inc. Common Shares,1.69,3,13,5,1,6,2,2,32,-16.0,14.0,Broken,Avoid/exit,38,5.0,-12.9,-8.2,40.8,2,,Healthcare,2985766.0,649106.03
CTKB,Cytek Biosciences Inc,4.22,4,8,7,3,1,4,2,29,-15.0,14.0,Broken,Avoid/exit,37,-5.4,-8.7,-4.8,39.7,1,,Healthcare,559187392.0,965779.31
NORD,Nordicus Partners Corporation,2.25,5,5,2,5,3,2,2,24,-13.0,14.0,Broken,Avoid/exit,8,0.0,-8.5,-7.2,38.6,1,,Industrials,73664744.0,1682.0
XHGIX,Western Assets High Income Fund II,4.03,2,5,2,6,3,1,3,22,-8.0,14.0,Broken,Avoid/exit,18,0.0,-2.2,-1.2,23.4,0,,Other,0.0,0.0
SIGA,SIGA Technologies Inc,3.27,6,8,2,2,4,2,2,26,-10.0,14.0,Broken,Avoid/exit,20,5.1,-4.9,-5.4,37.9,1,,Healthcare,308413632.0,494599.12
RXT,Rackspace Technology Inc,4.13,3,11,3,3,7,2,2,31,-17.0,14.0,Broken,Avoid/exit,48,4.8,-0.5,-8.5,43.2,2,,Technology,1393153792.0,13335820.98
XOS,Xos Inc,2.095,6,12,2,0,3,2,2,27,-13.0,14.0,Broken,Avoid/exit,20,3.7,-3.0,-8.0,41.0,2,,Industrials,60734912.0,825795.91
MSAI,Infrared Cameras Holdings Inc,4.749,4,10,3,6,4,0,2,29,-15.0,14.0,Broken,Avoid/exit,31,-1.9,-10.7,-6.2,41.8,1,,Technology,11308830.0,196489.63
FLTCF,Filtronic plc,3.175,4,8,4,3,4,4,2,29,-13.0,14.0,Broken,Avoid/exit,22,-8.8,-4.4,-9.1,38.8,0,,Technology,986883008.0,128382.61
AGNT,"eXp World Holdings, Inc.",4.05,1,12,1,1,3,2,2,22,-8.0,14.0,Broken,Avoid/exit,15,0.1,-11.6,-6.8,40.5,1,,Real Estate,773965696.0,1163516.81
PRTIX,U.S. TREASURY INTERMEDIATE FUND U.S. TREASURY INTERMEDIATE FUND,4.97,1,4,3,6,0,4,3,21,-10.0,14.0,Broken,Avoid/exit,19,0.0,-0.8,-0.4,40.5,0,,nan,0.0,0.0
SDSIX,WESTERN ASSET GLOBAL STRATEGIC INCOME FUND CLASS C1,4.93,2,4,2,6,3,4,3,24,-10.0,14.0,Broken,Avoid/exit,18,0.0,-0.8,-0.4,30.0,0,,nan,0.0,0.0
AZI,Autozi Internet Technology (Global) Ltd. Class A Ordinary Shares,1.15,5,9,5,0,2,2,2,25,-15.0,13.0,Broken,Avoid/exit,30,-0.9,-5.0,-13.8,42.3,1,,Consumer Cyclical,3280622.0,512297.58
PSRHF,PSRHF,0.999,1,9,8,0,4,2,2,26,-13.0,13.0,Broken,Avoid/exit,28,-2.1,-2.4,-3.9,43.2,1,,Basic Materials,209219040.0,679335.74
BYAH,"Park Ha Biological Technology Co., Ltd.",0.366,9,7,2,3,3,2,2,28,-13.0,13.0,Broken,Avoid/exit,23,-9.6,-19.7,-31.2,33.9,1,,Consumer Defensive,3958668.0,113702.41
GHG,GreenTree Hospitality Group Ltd,1.155,6,12,8,2,4,3,4,39,-26.0,13.0,Broken,Avoid/exit,32,3.1,-2.9,1.0,52.2,0,,Consumer Cyclical,118049872.0,28393.09
MVST,Microvast Holdings Inc,0.807,4,10,3,1,4,2,2,26,-13.0,13.0,Broken,Avoid/exit,15,0.9,-10.5,-11.7,34.3,1,,Consumer Cyclical,456425600.0,5513079.29
IPXAF,Impax Asset Management Group plc,1.4,1,5,3,6,3,0,2,20,-10.0,13.0,Broken,Avoid/exit,17,-8.8,-8.8,-5.2,43.1,0,,Financial Services,162806880.0,770.88
ELRRF,Eloro Resources Ltd,1.2,6,6,10,2,0,6,4,34,-21.0,13.0,Broken,Avoid/exit,29,4.3,5.0,0.3,48.6,2,,Basic Materials,183072496.0,101703.75
EDUC,Educational Development Corporation,1.38,3,7,1,0,4,4,2,21,-8.0,13.0,Broken,Avoid/exit,28,-4.8,-6.1,-5.0,29.3,0,,Communication Services,12086137.0,205016.94
IAUX-WS,IAUX-WS,1.29,2,7,5,0,0,2,2,18,-8.0,13.0,Broken,Avoid/exit,21,-5.1,0.0,-4.5,43.0,0,,nan,nan,10172698.42
NYXH,Nyxoah,1.4,3,7,4,1,2,4,2,23,-11.0,13.0,Broken,Avoid/exit,10,0.0,-10.8,-8.8,31.7,1,,Healthcare,128717944.0,62980.7
AUTL,Autolus Therapeutics Ltd,1.49,7,11,4,2,2,2,2,30,-17.0,13.0,Broken,Avoid/exit,41,2.8,3.5,-0.8,47.9,1,,Healthcare,441797824.0,2576381.67
ACMIF,ACMIF,1.332,3,11,3,0,4,0,2,23,-8.0,13.0,Broken,Avoid/exit,40,-5.5,-2.4,-5.1,41.5,0,,nan,nan,19022.95
NIOBW,NioCorp Developments Ltd. Warrant,1.12,2,10,3,0,4,0,2,21,-6.0,13.0,Broken,Avoid/exit,15,-13.8,-17.0,-12.3,40.5,0,,Basic Materials,nan,56834.84
WAFU,Wah Fu Education Group Ltd,1.49,1,2,4,7,2,0,2,18,-5.0,13.0,Broken,Avoid/exit,24,-3.1,-5.1,-4.7,38.6,2,,Consumer Defensive,7321528.0,122546.02
ONTTF,Oxford Nanopore Technologies Limited,1.54,1,10,7,4,3,2,2,29,-16.0,13.0,Broken,Avoid/exit,35,4.6,2.7,0.4,48.7,2,,Healthcare,1897150336.0,26810.18
CCARF,Colonial Coal International Corp,1.64,7,6,6,0,0,4,5,28,-15.0,13.0,Broken,Avoid/exit,20,-9.9,-0.6,-3.9,44.9,1,,Basic Materials,342588672.0,10385.12
BEOLF,Beyond Oil Ltd.,1.57,3,9,2,5,4,0,3,26,-13.0,13.0,Broken,Avoid/exit,12,-4.3,-6.1,-3.4,43.0,1,,Consumer Defensive,137256928.0,9524.43
JELD,Jeld-Wen Holding Inc,1.42,8,14,10,3,3,2,3,43,-28,13,Broken,Avoid/exit,27,29.1,21.4,11.1,56.9,4,,Industrials,160241456.0,1692933.17
QUCY,Quantum Cyber N.V.,1.14,6,7,6,1,4,2,2,28,-13.0,13.0,Broken,Avoid/exit,0,5.6,-7.3,-7.9,38.9,2,,Healthcare,56007444.0,0.0
DAIC,"CID HoldCo, Inc. Common Stock",0.66,0,4,0,8,2,0,2,16,-3.0,13.0,Broken,Avoid/exit,26,-49.6,-47.2,-47.0,28.6,1,,Technology,93199504.0,111343.07
CRMZ,CreditRiskMonitor.Com Inc,2.16,3,8,4,1,2,3,2,23,-10.0,13.0,Broken,Avoid/exit,22,0.5,-1.4,-1.7,43.2,1,,Technology,24334552.0,0.0
INBS,Intelligent Bio Solutions Inc.,1.81,1,11,5,1,3,2,2,25,-13.0,13.0,Broken,Avoid/exit,20,3.4,-14.3,-5.6,40.8,2,,Healthcare,5713641.0,791188.33
BTCFF,Bitcoin Treasury Corporation,2.15,3,3,6,0,3,3,2,20,-10.0,13.0,Broken,Avoid/exit,16,0.0,-1.4,-2.5,14.7,0,,nan,nan,3041.72
CYH,Community Health Systems Inc,2.79,1,9,1,2,4,4,2,23,-8.0,13.0,Broken,Avoid/exit,16,2.2,-15.5,-8.0,39.8,1,,Healthcare,393157600.0,1748450.66
TWG,Top Wealth Group Holding Limited Ordinary Shares,2.11,0,5,0,10,2,2,2,21,-8.0,13.0,Broken,Avoid/exit,10,-14.9,-16.9,-12.2,37.9,0,,Consumer Defensive,69188296.0,541827.36
LPA,Logistic Properties of the Americas,2.94,1,10,2,1,2,0,2,18,-8.0,13.0,Broken,Avoid/exit,28,-2.3,-4.5,-5.7,41.8,0,,Real Estate,91059312.0,55810.5
LTNCX,Oppenheimer Rochester LtdTerm NY MunisC,2.75,2,5,0,6,3,4,3,23,-10.0,13.0,Broken,Avoid/exit,20,0.0,-1.1,-0.6,21.0,0,,nan,0.0,0.0
BDN,Brandywine Realty Trust,3.04,2,7,2,2,4,2,2,21,-8.0,13.0,Broken,Avoid/exit,35,-4.1,-3.2,-1.6,46.2,1,,Real Estate,541980928.0,3005449.97
CATX,Perspective Therapeutics Inc.,2.91,3,7,5,5,2,2,2,26,-13.0,13.0,Broken,Avoid/exit,21,0.0,-2.7,-3.6,42.7,1,,Healthcare,406004480.0,2011609.04
ANNA,"AleAnna, Inc. Class A Common Stock",2.81,0,8,3,4,4,4,5,28,-13.0,13.0,Broken,Avoid/exit,13,-15.6,-18.3,-9.7,39.6,0,,Energy,137148992.0,1445133.04
CLPR,Clipper Realty Inc,2.8,2,6,9,1,2,0,3,23,-10.0,13.0,Broken,Avoid/exit,12,-2.8,-3.1,-2.8,39.0,1,,Real Estate,134645632.0,72100.32
MHIHX,MFS HIGH INCOME FUND R3,3.05,2,2,3,6,3,4,3,23,-10.0,13.0,Broken,Avoid/exit,19,0.0,-0.7,-0.4,26.9,0,,nan,0.0,0.0
MHITX,MFS HIGH INCOME FUND A,3.06,2,2,3,6,3,4,3,23,-10.0,13.0,Broken,Avoid/exit,19,0.0,-0.6,-0.4,24.8,0,,nan,0.0,0.0
MHICX,MFS HIGH INCOME FUND C,3.07,2,2,3,6,3,4,3,23,-10.0,13.0,Broken,Avoid/exit,19,0.0,-0.6,-0.4,26.9,0,,nan,0.0,0.0
MHIKX,MFS HIGH INCOME FUND R5,3.06,2,2,3,6,3,4,3,23,-10.0,13.0,Broken,Avoid/exit,19,0.0,-0.6,-0.4,27.4,0,,nan,0.0,0.0
MHIJX,MFS HIGH INCOME FUND R4,3.07,2,2,3,6,3,4,3,23,-10.0,13.0,Broken,Avoid/exit,19,0.0,-0.6,-0.4,27.1,0,,nan,0.0,0.0
JFHYX,John Hancock Focused High Yield Fund Cla,2.99,2,2,3,6,3,4,3,23,-10.0,13.0,Broken,Avoid/exit,17,0.0,-1.0,-0.4,22.9,0,,nan,0.0,0.0
OFS,OFS Capital Corp,3.36,1,9,3,2,4,2,2,23,-8.0,13.0,Broken,Avoid/exit,30,2.8,-4.0,-3.1,43.9,1,,Financial Services,45553468.0,86188.6
BENF,Beneficient Class A Common Stock,3.2,1,12,3,3,5,2,2,28,-13.0,13.0,Broken,Avoid/exit,39,-1.5,-6.4,-2.6,46.2,2,,Financial Services,53145448.0,1138320.91
AMHYX,INVESCO HIGH YIELD FUND CLASS A,3.49,2,2,3,6,3,4,3,23,-10.0,13.0,Broken,Avoid/exit,19,0.0,-0.9,-0.5,23.4,0,,nan,0.0,0.0
LSHNX,Loomis Sayles High Income Fund Class N,3.62,2,5,2,6,3,2,3,23,-10.0,13.0,Broken,Avoid/exit,22,-0.3,-0.8,-0.5,35.8,0,,nan,0.0,0.0
KULR,KULR Technology Group Inc,2.65,4,11,3,0,4,2,2,26,-13.0,13.0,Broken,Avoid/exit,17,5.2,0.8,-8.4,40.5,2,,Technology,211857808.0,1983100.79
BWEN,Broadwind Energy Inc,4.0,4,10,0,4,9,0,2,29,-16.0,13.0,Broken,Avoid/exit,52,-17.2,-17.0,-9.9,43.9,0,,Industrials,95020712.0,406780.34
NCT,Intercont (Cayman) Limited Ordinary shares,3.38,12,8,4,9,3,2,5,43,-30.0,13.0,Broken,Avoid/exit,62,-0.9,17.8,7.1,60.2,3,,Industrials,5837400.0,1382340.35
VRHYX,VIRTUS HIGH YIELD FUND CLASS R6,3.77,2,2,3,6,3,4,3,23,-10.0,13.0,Broken,Avoid/exit,20,0.0,-0.8,-0.3,26.6,0,,nan,0.0,0.0
BHLL,Bunker Hill Mining Corp,3.15,8,7,3,4,2,2,2,28,-15.0,13.0,Broken,Avoid/exit,42,1.3,0.5,-4.2,41.7,1,,Basic Materials,198412496.0,30304.4
PLSM,Pulsenmore Ltd. Ordinary Shares,3.65,6,9,4,0,3,2,2,26,-11.0,13.0,Broken,Avoid/exit,27,6.4,-4.5,-3.1,45.2,2,,Healthcare,28547484.0,0.0
GCMDX,GOLDMAN SACHS LOCAL EMERGING MARKETS DEBT FUND CLASS C,4.0,1,4,4,6,3,2,3,23,-10.0,13.0,Broken,Avoid/exit,21,-0.2,-0.5,-0.4,15.3,0,,nan,0.0,0.0
GIMDX,GOLDMAN SACHS LOCAL EMERGING MARKETS DEBT FUND INSTITUTIONAL,3.99,1,4,4,6,3,2,3,23,-10.0,13.0,Broken,Avoid/exit,18,-0.2,-0.5,-0.4,17.8,0,,nan,0.0,0.0
GLIRX,GOLDMAN SACHS LOCAL EMERGING MARKETS DEBT FUND INVESTOR SHARES,4.0,1,4,4,6,3,2,3,23,-10.0,13.0,Broken,Avoid/exit,21,-0.2,-0.5,-0.4,20.9,0,,nan,0.0,0.0
GAMDX,GOLDMAN SACHS LOCAL EMERGING MARKETS DEBT FUND CLASS A,4.01,1,4,4,6,3,2,3,23,-10.0,13.0,Broken,Avoid/exit,21,-0.2,-0.5,-0.4,15.1,0,,nan,0.0,0.0
FABC,"Fabric.AI, Inc.",2.5,3,10,7,0,2,2,2,26,-13.0,13.0,Broken,Avoid/exit,15,-1.2,-1.6,-8.0,40.6,1,,Consumer Cyclical,26708434.0,873587.9
ACTG,Acacia Research Corporation,4.43,3,4,2,7,2,0,3,21,-8.0,13.0,Broken,Avoid/exit,37,-4.9,-2.4,-2.5,39.9,1,,Industrials,453968928.0,235564.33
NCTY,The9 Ltd ADR,4.46,10,10,2,15,2,2,2,43,-30,13,Broken,Avoid/exit,24,38.9,14.7,3.2,51.0,4,,Financial Services,71629624.0,49297.96
WXM,WF International Limited Ordinary Shares,3.21,5,4,3,5,2,2,2,23,-13.0,13.0,Broken,Avoid/exit,46,-13.0,-0.3,-5.1,46.7,1,,Industrials,428099.0,23376.7
PRKIX,U.S. TREASURY INTERMEDIATE FUND U.S. TREASURY INTERMEDIATE FUND- I CLASS,4.96,1,3,3,6,0,4,3,20,-10.0,13.0,Broken,Avoid/exit,19,-0.2,-0.8,-0.5,38.9,0,,nan,0.0,0.0
LRHC,La Rosa Holdings Corp. Common Stock,0.98,5,8,9,4,0,6,2,34,-22.0,12.0,Broken,Avoid/exit,28,0.6,-9.3,-6.1,45.1,1,,Real Estate,1270500.0,267070.71
SLND,"Southland Holdings, Inc.",0.557,0,7,0,9,4,0,2,22,-8.0,12.0,Broken,Avoid/exit,23,-10.2,-51.1,-19.6,39.9,1,,Industrials,65062660.0,189939.85
EPSM,Epsium Enterprise Limited Ordinary Shares,1.4,11,12,5,2,4,3,5,42,-28,12,Broken,Avoid/exit,40,2.9,17.6,5.4,55.7,4,,Consumer Defensive,20939932.0,597270.5
STSS,Sharps Technology Inc,1.15,6,6,4,3,2,2,2,25,-13.0,12.0,Broken,Avoid/exit,18,2.7,6.5,-4.3,43.1,1,,Technology,77872792.0,743620.93
SRRLF,Sirius Real Estate Limited,1.27,1,3,2,4,3,7,2,22,-10.0,12.0,Broken,Avoid/exit,22,0.0,-2.3,-2.6,20.4,0,,Real Estate,2143994112.0,173.71
SNDL,SNDL Inc.,1.23,1,11,4,0,2,2,2,22,-13.0,12.0,Broken,Avoid/exit,18,-1.2,-3.9,-4.2,40.7,1,,Consumer Defensive,372228992.0,2646305.36
EHGO,Eshallgo Inc. Class A Ordinary Shares,2.02,8,6,2,4,0,2,2,24,-15.0,12.0,Broken,Avoid/exit,38,-3.3,6.9,-3.4,49.1,1,,Industrials,3256400.0,31037.18
MVO,MV Oil Trust,0.6,3,6,3,0,3,2,2,19,-10.0,12.0,Broken,Avoid/exit,6,0.0,-10.4,-22.7,26.7,0,,Energy,18515000.0,318048.9
NPWR,NET Power Inc.,1.43,4,11,4,0,2,2,2,25,-13.0,12.0,Broken,Avoid/exit,25,1.4,-7.1,-5.5,40.7,1,,Industrials,167929216.0,1126273.16
BCHG,Grayscale Bitcoin Cash Trust,1.536,3,6,4,2,0,2,2,19,-8.0,12.0,Broken,Avoid/exit,11,-0.6,-5.2,-4.8,41.8,0,,nan,102952944.0,155052.21
OSTX,OS Therapies Incorporated,1.52,4,12,7,0,2,4,2,31,-19.0,12.0,Broken,Avoid/exit,22,0.0,-0.7,-4.0,44.4,1,,Healthcare,80168584.0,559474.44
XTIA,"XTI Aerospace, Inc.",1.49,6,12,8,1,2,2,2,33,-21.0,12.0,Broken,Avoid/exit,26,2.1,2.1,-1.9,44.6,2,,Industrials,73877352.0,1960155.88
THCH,TH International Limited,1.69,5,6,3,2,1,6,2,25,-13.0,12.0,Broken,Avoid/exit,26,2.4,-5.1,-3.1,46.5,2,,Consumer Cyclical,57345384.0,10021.73
LIDR,Aeye Inc,1.14,3,11,5,1,3,2,2,27,-15.0,12.0,Broken,Avoid/exit,18,0.9,-6.6,-6.8,37.8,1,,Technology,86608712.0,3164693.01
CLLKF,Cellink AB (publ),1.53,3,8,5,3,3,3,2,27,-15.0,12.0,Broken,Avoid/exit,4,-1.3,-1.3,-3.7,31.4,1,,Healthcare,134233456.0,209.37
ANRGF,Anaergia Inc,1.63,1,12,4,0,3,0,2,22,-8.0,12.0,Broken,Avoid/exit,14,-3.0,-6.3,-3.5,40.6,0,,Industrials,349280480.0,13029.56
POWW,Ammo Inc,2.14,3,11,1,3,5,2,2,27,-15.0,12.0,Broken,Avoid/exit,57,3.9,-5.3,-3.2,43.8,1,,Industrials,233404560.0,507940.57
MYCOF,Mydecine Innovations Group Inc,0.8,8,6,4,5,3,4,5,35,-23.0,12.0,Broken,Avoid/exit,42,-60.0,-39.4,-20.5,48.5,0,,Healthcare,103044568.0,0.0
KALA,Kala Pharmaceuticals Inc,0.756,6,10,2,3,4,2,2,29,-15.0,12.0,Broken,Avoid/exit,32,19.2,-2.6,-25.6,33.1,2,,Healthcare,38295052.0,113746.51
FBYDW,"Falcon's Beyond Global, Inc. Warrants",1.22,2,6,0,7,0,3,2,20,-8.0,12.0,Broken,Avoid/exit,30,28.4,-50.4,-26.4,46.8,0,,nan,nan,0.0
JVTSF,Juventus Football Club S.p.A,2.28,1,5,8,2,3,3,2,24,-15.0,12.0,Broken,Avoid/exit,20,0.0,-7.3,-2.6,44.2,1,,Communication Services,1015477696.0,0.0
SIHBY,Shenzhen Investment Bay Area Co Ltd,2.25,5,4,3,0,3,5,2,22,-10.0,12.0,Broken,Avoid/exit,27,0.0,0.0,-1.2,22.6,0,,Industrials,822269504.0,81.97
BLSG,Leverage Shares 2X Long BLSH Daily ETF,1.418,3,6,3,6,0,0,2,20,-8.0,12.0,Broken,Avoid/exit,14,-17.1,-7.0,-17.7,37.7,0,,nan,nan,0.0
UWMC,UWM Holdings Corp,1.82,6,8,3,3,2,2,2,26,-14.0,12.0,Broken,Avoid/exit,11,-0.5,-9.9,-7.5,36.5,0,,Financial Services,4233155072.0,14291626.15
GUKYF,Gulf Keystone Petroleum Ltd,2.3,3,3,7,1,3,3,2,22,-10.0,12.0,Broken,Avoid/exit,25,0.0,-5.7,-2.1,35.2,0,,Energy,543608448.0,0.0
ALT,Altimmune Inc,2.84,4,4,7,6,3,5,2,31,-19.0,12.0,Broken,Avoid/exit,41,2.5,-1.0,-2.4,46.0,2,,Healthcare,527024992.0,3809475.67
XMINX,MFS Intermediate Income Trust,2.58,2,2,2,6,3,4,3,22,-10.0,12.0,Broken,Avoid/exit,16,0.0,-1.1,-0.6,30.8,0,,Other,0.0,0.0
UWMC-WS,UWMC-WS,1.82,6,8,3,3,2,2,2,26,-14.0,12.0,Broken,Avoid/exit,11,-0.5,-9.9,-7.5,36.5,0,,nan,nan,14230931.56
PEW-WS,PEW-WS,2.48,1,8,2,2,2,2,5,22,-10.0,12.0,Broken,Avoid/exit,29,6.4,0.4,-1.8,47.0,0,,nan,nan,629842.53
CBOAF,CBOAF,2.536,3,3,1,3,3,7,2,22,-10.0,12.0,Broken,Avoid/exit,38,0.0,-11.9,-4.7,8.4,0,,Consumer Defensive,1364554880.0,158.93
HYPD,"Hyperion DeFi, Inc.",2.64,1,10,5,1,4,2,2,25,-13.0,12.0,Broken,Avoid/exit,17,5.2,-3.6,-4.2,43.7,2,,Healthcare,56083664.0,510793.35
AIRI,Air Industries Group,2.68,8,10,4,0,0,3,2,27,-15.0,12.0,Broken,Avoid/exit,13,-1.5,1.3,-2.9,38.2,1,,Industrials,14648987.0,88400.52
ISPC,iSpecimen Inc,1.89,3,9,4,3,4,0,2,25,-13.0,12.0,Broken,Avoid/exit,41,-4.1,-10.0,-13.6,34.8,1,,Healthcare,4570159.0,379532.01
HTCR,HeartCore Enterprises Inc,2.29,3,10,3,3,4,2,2,27,-13.0,12.0,Broken,Avoid/exit,53,5.2,-8.8,-9.1,39.3,2,,Technology,4353526.0,60482.07
OLCCX,Oppenheimer Roc Limited Term Ca Muni Fd,3.08,2,2,2,6,3,4,3,22,-10.0,12.0,Broken,Avoid/exit,24,0.0,-0.6,-0.5,26.7,0,,nan,0.0,0.0
CABA,Cabaletta Bio Inc,2.68,3,11,6,1,2,2,2,27,-15.0,12.0,Broken,Avoid/exit,30,-0.4,-5.3,-4.3,41.6,1,,Healthcare,572322368.0,3307059.32
HLFDY,Halfords Group PLC ADR,6.54,17,3,4,5,6,2,5,42,-30,12,Broken,Avoid/exit,59,0.0,91.8,27.4,100.0,3,,Consumer Cyclical,371481504.0,0.0
FWDI,"Forward Industries, Inc.",4.03,2,7,5,0,2,2,2,20,-11.0,12.0,Broken,Avoid/exit,35,3.6,0.4,-2.8,47.0,2,,Consumer Cyclical,315148288.0,819638.03
IPST,"Heritage Distilling Holding Company, Inc.",2.16,3,9,8,3,2,0,2,27,-15.0,12.0,Broken,Avoid/exit,31,-11.5,-14.3,-12.3,35.2,1,,Financial Services,2886312.0,71708.44
LWSOX,WESTERN ASSET SHORT-TERM BOND FUND CLASS C,3.65,3,5,1,6,0,4,3,22,-10.0,12.0,Broken,Avoid/exit,19,0.0,-0.3,-0.2,38.9,0,,nan,0.0,0.0
CYGIY,CyberAgent Inc ADR,4.3,2,4,4,1,6,1,4,22,-10.0,12.0,Broken,Avoid/exit,36,-6.5,-6.5,-3.8,43.8,0,,Communication Services,3904662784.0,0.0
FOFO,"Hang Feng Technology Innovation Co., Ltd.",2.23,1,10,4,3,3,2,2,25,-11.0,12.0,Broken,Avoid/exit,28,11.5,-16.8,-9.7,41.2,2,,Industrials,49893404.0,0.0
LDLFX,LORD ABBETT SHORT DURATION INCOME FUND CLASS F,3.82,3,5,1,6,0,4,3,22,-10.0,12.0,Broken,Avoid/exit,18,0.0,-0.3,-0.2,38.2,0,,nan,0.0,0.0
LLDYX,LORD ABBETT SHORT DURATION INCOME FUND CLASS I,3.82,1,6,2,6,0,4,3,22,-10.0,12.0,Broken,Avoid/exit,19,0.0,-0.3,-0.2,38.3,0,,nan,0.0,0.0
LDLVX,LORD ABBETT SHORT DURATION INCOME FUND CLASS R6,3.82,3,5,1,6,0,4,3,22,-10.0,12.0,Broken,Avoid/exit,18,0.0,-0.3,-0.2,38.0,0,,nan,0.0,0.0
SKYC,Qualis Innovations Inc,4.12,7,7,3,15,6,2,2,42,-30.0,12.0,Broken,Avoid/exit,34,36.9,255.2,3.4,50.7,3,,Financial Services,535975968.0,235.38
GMWPX,GOLDMAN SACHS LOCAL EMERGING MARKETS DEBT FUND CLASS P SHARES,3.99,1,4,3,6,3,2,3,22,-10.0,12.0,Broken,Avoid/exit,19,-0.2,-0.5,-0.4,21.8,0,,nan,nan,0.0
OMCC,Old Market Capital Corporation,4.15,2,4,9,2,3,1,3,24,-15.0,12.0,Broken,Avoid/exit,34,-1.2,0.0,-1.1,42.9,1,,Communication Services,29315410.0,9048.44
ICCM,Icecure Medical,2.89,5,9,2,0,4,0,2,22,-11.0,12.0,Broken,Avoid/exit,39,-6.2,-20.8,-15.2,41.8,1,,Healthcare,13472165.0,33081.74
LAC,Lithium Americas Corp,2.87,3,11,5,0,4,2,2,27,-15.0,12.0,Broken,Avoid/exit,14,2.1,-2.7,-8.5,33.6,2,,Basic Materials,1790418560.0,21941757.42
OM,Outset Medical Inc,4.57,12,8,6,3,3,3,2,37,-30.0,12.0,Broken,🔥 COILED: Avoid/exit,37,13.1,8.8,2.6,52.4,3,,Healthcare,87681144.0,455351.5
QLMHIX,Legg Mason Partners Variable Income Trust - Western Asset Core Plus VIT Portfolio,4.62,1,3,5,6,0,4,3,22,-10.0,12.0,Broken,Avoid/exit,25,0.0,-0.9,-0.5,37.5,0,,nan,nan,0.0
KKPNF,Koninklijke KPN N.V,4.73,3,5,3,0,2,4,2,19,-10.0,12.0,Broken,Avoid/exit,15,-1.8,-4.6,-2.2,44.2,1,,Communication Services,18904045568.0,57921.19
BORR,Borr Drilling Ltd,4.03,1,9,5,1,4,0,2,22,-8.0,12.0,Broken,Avoid/exit,22,-4.7,-3.1,-3.7,40.2,0,,Energy,1558867968.0,6344780.88
LSAK,Lesaka Technologies Inc,4.62,6,10,3,0,2,2,2,25,-13.0,12.0,Broken,Avoid/exit,41,2.2,-3.1,-1.4,45.2,1,,Technology,433825280.0,76214.52
VTXXF,Vertex Minerals Limited,0.1,3,7,3,5,0,3,2,23,-15.0,11.0,Broken,Avoid/exit,15,0.0,0.0,-37.9,8.7,1,,Basic Materials,286577472.0,120.23
APM,Aptorum Group Ltd Class A,8.41,17,5,3,3,7,3,5,43,-30,11,Broken,Avoid/exit,55,-4.8,8409900.0,111.2,87.1,3,,Healthcare,8876695.0,2219235.03
FBLG,"FibroBiologics, Inc. Common Stock",0.7,3,8,3,4,2,2,2,24,-13.0,11.0,Broken,Avoid/exit,30,-1.7,-16.2,-8.1,39.6,2,,Healthcare,5573539.0,1187423.74
LOOP,Loop Industries Inc,0.73,4,10,1,4,2,0,2,23,-13.0,11.0,Broken,Avoid/exit,8,-9.2,-7.6,-9.4,40.3,1,,Basic Materials,62410680.0,110869.18
TELO,"Telomir Pharmaceuticals, Inc. Common Stock",1.21,8,5,3,3,1,2,2,24,-13.0,11.0,Broken,Avoid/exit,32,5.2,9.0,1.6,50.8,2,,Healthcare,84593200.0,1125052.41
ALMMF,Aluminum Corporation of China Limited,0.91,5,3,9,0,2,0,2,21,-10.0,11.0,Broken,Avoid/exit,10,-8.1,-6.2,-9.8,37.8,0,,Basic Materials,22987663360.0,9632.09
MAIA,MAIA Biotechnology Inc.,1.25,1,10,3,0,4,2,2,22,-11.0,11.0,Broken,Avoid/exit,26,0.8,-3.8,-4.7,41.6,1,,Healthcare,86945080.0,810109.99
AWRE,Aware Inc,1.2,7,15,5,4,3,2,2,38,-28,11,Broken,Avoid/exit,33,10.1,8.1,0.5,47.9,3,,Technology,31170350.0,40228.37
GRNQ,GreenPro Capital Corp,1.28,6,10,3,1,3,2,2,27,-16.0,11.0,Broken,Avoid/exit,25,2.5,2.4,0.3,47.4,2,,Industrials,27634970.0,106380.6
VERI,Veritone Inc,1.09,3,15,4,0,3,2,2,29,-16.0,11.0,Broken,Avoid/exit,19,4.8,6.9,-3.9,41.2,2,,Technology,158952032.0,4280625.04
FEAM,5E Advanced Materials Inc,1.1,5,11,4,0,2,2,2,26,-15.0,11.0,Broken,Avoid/exit,24,-4.3,-0.9,-8.6,37.9,1,,Basic Materials,74104672.0,232024.84
CNTX,Context Therapeutics Inc,0.599,3,9,6,2,2,2,2,26,-15.0,11.0,Broken,Avoid/exit,12,-2.4,-0.2,-9.8,34.2,1,,Healthcare,186514720.0,858841.52
FHAIX,FRANKLIN HIGH INCOME FUND CLASS A,1.74,2,2,3,6,3,2,3,21,-10.0,11.0,Broken,Avoid/exit,19,-0.6,-1.1,-0.6,28.4,0,,nan,0.0,0.0
MBOT,Microbot Medical Inc,1.72,1,9,6,0,2,2,2,22,-11.0,11.0,Broken,Avoid/exit,22,0.6,-1.7,-3.1,41.6,1,,Healthcare,123583232.0,2764438.69
FHIRX,FRANKLIN HIGH INCOME FUND CLASS R,1.79,2,2,3,6,3,2,3,21,-10.0,11.0,Broken,Avoid/exit,18,-0.6,-1.1,-0.7,20.1,0,,nan,0.0,0.0
ALLO,Allogene Therapeutics Inc,1.88,10,10,6,2,0,2,2,32,-21.0,11.0,Broken,Avoid/exit,33,8.0,5.0,0.1,48.7,2,,Healthcare,704115264.0,5714159.31
NGEN,NervGen Pharma Corp.,1.62,6,8,4,0,4,0,2,24,-13.0,11.0,Broken,Avoid/exit,11,-0.6,-3.0,-7.2,35.0,1,,Healthcare,202847984.0,277220.52
NNCSF,Nanosonics Limited,2.19,1,4,2,6,6,0,2,21,-10.0,11.0,Broken,Avoid/exit,17,0.0,-14.1,-5.8,19.1,0,,Healthcare,761989504.0,196.44
EVRYF,Evolve Royalties Ltd,2.068,5,8,8,6,0,7,2,36,-21.0,11.0,Broken,Avoid/exit,0,-0.1,6.0,0.0,49.3,2,,Basic Materials,102774480.0,0.0
MSC,Studio City International Holdings Ltd,1.88,6,14,7,2,4,4,4,41,-28.0,11.0,Broken,Avoid/exit,22,2.7,14.6,2.9,51.0,3,,Consumer Cyclical,437175168.0,10293.85
MIN,MFS Intermediate Income Trust,2.41,2,12,3,2,2,3,3,27,-16.0,11.0,Broken,Avoid/exit,16,0.4,-2.4,-0.8,43.0,1,,Financial Services,277667712.0,266584.06
NHICW,NewHold Investment Corp III Warrants,1.714,7,6,0,3,7,0,2,25,-14.0,11.0,Broken,Avoid/exit,52,-38.9,-32.8,-10.8,46.9,0,,nan,214978100.0,50563.45
NTRP,NextTrip Inc,1.62,1,1,2,8,2,0,2,16,-5.0,11.0,Broken,Avoid/exit,10,-7.4,-16.5,-11.7,33.9,1,,Consumer Cyclical,33334976.0,55475.38
DGQTF,DGQTF,1.75,4,3,6,3,3,2,2,23,-8.0,11.0,Broken,Avoid/exit,0,-12.1,-22.2,-10.8,43.5,0,,nan,nan,0.0
DRDGF,Drdgold,2.06,3,3,6,1,3,3,2,21,-10.0,11.0,Broken,Avoid/exit,16,0.0,-2.4,-3.7,8.4,0,,Basic Materials,2177168128.0,0.0
DBMBF,FIBRA Macquarie México,2.485,9,3,8,1,3,0,4,28,-20.0,11.0,Broken,Avoid/exit,37,-4.4,-2.7,-0.6,50.8,1,,Real Estate,1994474496.0,0.0
BMNM,Bimini Capital Management Inc,2.4,9,5,4,6,0,2,4,30,-19.0,11.0,Broken,Avoid/exit,39,0.8,10.6,0.6,50.4,2,,Financial Services,25258964.0,3736.1
UTSI,UTStarcom Holdings Corp,2.48,6,13,5,3,4,2,3,36,-26.0,11.0,Broken,Avoid/exit,24,3.8,-2.4,1.1,50.3,1,,Technology,26678448.0,5251.3
LASE,Laser Photonics Corporation Common Stock,0.98,5,7,3,3,2,4,2,26,-15.0,11.0,Broken,Avoid/exit,27,-9.3,5.8,-17.5,37.4,1,,Industrials,119561616.0,5198841.28
MHIIX,MFS HIGH INCOME FUND I,3.05,2,2,3,6,3,2,3,21,-10.0,11.0,Broken,Avoid/exit,18,0.0,-1.0,-0.5,24.1,0,,nan,0.0,0.0
PMOIF,Harbour Energy plc,3.0,0,6,4,2,2,2,2,18,-10.0,11.0,Broken,Avoid/exit,16,-9.4,-5.1,-7.9,41.0,1,,Energy,5757846528.0,0.0
KSKGF,Kingsgate Consolidated Limited,2.84,3,13,5,1,3,2,2,29,-18.0,11.0,Broken,Avoid/exit,22,-3.1,0.0,-6.4,40.9,1,,Basic Materials,1105297664.0,0.0
NWHUF,Northwest Healthcare Properties REIT,3.98,10,4,6,3,1,4,5,33,-18.0,11.0,Broken,Avoid/exit,42,-0.5,0.8,0.2,51.1,1,,Real Estate,957523840.0,0.0
XHIOX,Western Asset High Income Opportunity Fund Inc,3.84,2,2,3,6,3,2,3,21,-10.0,11.0,Broken,Avoid/exit,16,0.0,-1.5,-0.8,19.6,0,,Other,0.0,0.0
PHCIX,VIRTUS HIGH YIELD FUND CLASS I,3.77,2,2,3,6,3,2,3,21,-10.0,11.0,Broken,Avoid/exit,17,-0.3,-0.8,-0.5,17.9,0,,nan,0.0,0.0
PHCHX,VIRTUS HIGH YIELD FUND CLASS A,3.76,2,2,3,6,3,2,3,21,-10.0,11.0,Broken,Avoid/exit,17,-0.3,-0.8,-0.5,17.9,0,,nan,0.0,0.0
LDLKX,LORD ABBETT SHORT DURATION INCOME FUND CLASS R4,3.83,1,4,3,6,0,4,3,21,-10.0,11.0,Broken,Avoid/exit,20,0.0,-0.3,-0.2,39.1,0,,nan,0.0,0.0
TLS,Telos Corp,4.44,1,11,3,2,5,4,2,28,-15.0,11.0,Broken,Avoid/exit,39,-1.6,-6.1,-2.9,44.0,1,,Technology,306758624.0,896404.76
INVE,Identiv Inc,2.64,3,9,3,3,2,4,4,28,-17.0,11.0,Broken,Avoid/exit,14,-1.9,-5.7,-5.9,38.7,1,,Industrials,102986648.0,91540.98
KHYCX,DEUTSCHE HIGH INCOME FUND CLASS C,4.4,2,2,3,6,3,2,3,21,-10.0,11.0,Broken,Avoid/exit,24,0.0,-0.9,-0.5,22.5,0,,nan,0.0,0.0
GSNR,Grayscale Near Trust,3.46,2,6,2,6,4,2,2,24,-11.0,11.0,Broken,Avoid/exit,29,-16.2,-21.5,-14.9,38.2,0,,nan,nan,0.0
TDUP,ThredUp Inc,5.78,5,5,3,4,5,2,2,26,-15.0,11.0,Broken,Avoid/exit,43,1.4,-12.4,-5.2,42.2,1,,Consumer Cyclical,619396096.0,2185186.12
PLDIF,PLAIDInc,3.15,3,2,1,3,3,3,3,18,-10.0,11.0,Broken,Avoid/exit,7,0.0,-0.9,-7.0,0.0,0,,Technology,205378864.0,19.75
WAGIX,WESTERN ASSET GLOBAL STRATEGIC INCOME FUND CLASS IS,4.94,2,3,3,6,0,4,3,21,-10.0,11.0,Broken,Avoid/exit,18,0.0,-0.8,-0.5,34.2,0,,nan,0.0,0.0
GRLRF,Greenland Resources Inc,0.937,3,13,7,0,4,4,2,33,-23.0,10.0,Broken,Avoid/exit,21,-1.4,0.1,-2.3,42.2,1,,Basic Materials,139244576.0,84473.62
SOBR,Sobr Safe Inc,0.53,2,3,0,8,0,0,2,15,-5.0,10.0,Broken,Avoid/exit,19,-10.9,-31.1,-27.1,43.5,1,,Technology,3143349.0,2962633.11
IPLXX,Voya Investors Trust - Voya Liquid Assets Portfolio,1.0,1,3,2,6,3,2,3,20,-10.0,10.0,Broken,Avoid/exit,17,-0.0,0.0,-0.0,29.6,0,,nan,nan,0.0
ISPXX,Voya Investors Trust - Voya Liquid Assets Portfolio,1.0,1,3,2,6,3,2,3,20,-10.0,10.0,Broken,Avoid/exit,16,-0.0,0.0,-0.0,29.6,0,,nan,nan,0.0
ITLXX,Voya Investors Trust - Voya Liquid Assets Portfolio,1.0,1,3,2,6,3,2,3,20,-10.0,10.0,Broken,Avoid/exit,17,-0.0,0.0,-0.0,29.6,0,,nan,nan,0.0
HRGN,Harvard Apparatus Regenerative Technology Inc.,1.04,3,2,8,2,3,1,3,22,-15.0,10.0,Broken,Avoid/exit,7,-1.0,-1.0,-2.9,35.7,1,,Consumer Defensive,19690434.0,2143.13
SYNX,Silynxcom Ltd.,1.01,0,7,9,2,2,0,2,22,-15.0,10.0,Broken,Avoid/exit,25,-4.7,-4.3,-3.3,42.4,1,,Technology,7629606.0,502883.84
NREDF,NREDF,0.234,1,8,1,1,3,2,2,18,-11.0,10.0,Broken,Avoid/exit,0,-39.9,-50.3,-48.1,26.1,0,,nan,nan,0.0
CHGG,Chegg Inc,0.98,14,6,5,10,0,3,2,40,-30,10,Broken,Avoid/exit,30,2.1,19.5,0.7,49.8,4,,Consumer Defensive,141068144.0,2346995.96
ICMB,Investcorp Credit Management BDC Inc,0.77,3,7,4,0,2,2,2,20,-8.0,10.0,Broken,Avoid/exit,10,-1.3,-9.8,-9.8,30.5,1,,Financial Services,17391130.0,45383.86
SKRKF,SKRKF,1.29,7,3,5,2,5,0,5,27,-17.0,10.0,Broken,Avoid/exit,43,-3.1,-2.1,-1.8,49.1,0,,nan,nan,0.0
BRCNF,Burcon NutraScience Corp,1.32,6,7,6,6,0,2,2,29,-19.0,10.0,Broken,Avoid/exit,34,6.5,-2.9,-2.4,43.7,2,,Consumer Defensive,16753805.0,2143.12
TNNTF,Tintina Mines Limited,1.38,6,9,3,1,8,4,2,33,-23.0,10.0,Broken,Avoid/exit,0,-21.1,-21.1,-13.3,39.3,1,,Basic Materials,231173584.0,0.0
SGLA,Sino Green Land Corporation,2.45,13,4,2,5,6,3,5,38,-28,10,Broken,Avoid/exit,62,22.5,35.4,12.2,55.5,3,,Industrials,226930528.0,673.03
BZFD,BuzzFeed Inc,1.19,3,8,3,4,5,2,2,27,-15.0,10.0,Broken,Avoid/exit,35,7.2,-10.5,-7.3,41.3,2,,Communication Services,115158496.0,1261153.4
LGCFF,Lavras Gold Corp.,1.31,2,11,7,3,4,0,2,29,-19.0,10.0,Broken,Avoid/exit,17,-0.9,-0.5,-3.0,43.3,1,,Basic Materials,102068488.0,94438.56
SWVL,Swvl Holdings Corp,1.38,2,4,7,0,2,2,3,20,-13.0,10.0,Broken,Avoid/exit,26,-1.4,-6.8,-2.6,44.6,0,,Industrials,15715764.0,242232.38
KITT,Nauticus Robotics Inc.,0.873,6,14,5,4,3,6,2,40,-28,10,Broken,Avoid/exit,20,13.4,10.4,-4.8,41.9,4,,Industrials,8254826.0,630985.62
AIFF,"Firefly Neuroscience, Inc.",1.07,3,11,6,0,3,2,2,27,-15.0,10.0,Broken,Avoid/exit,21,-3.6,-7.0,-7.5,38.0,1,,Technology,25693436.0,3879881.17
CUBTD,"Curative Biotechnology, Inc.",1.2,4,8,2,3,6,0,2,25,-15.0,10.0,Broken,Avoid/exit,51,-10.0,-14.3,-9.5,45.9,1,,Healthcare,6794167.0,1600.32
PBMLF,Pacific Booker Minerals Inc,1.73,7,3,3,0,6,1,5,25,-15.0,10.0,Broken,Avoid/exit,44,0.0,-10.4,-0.3,50.7,1,,Basic Materials,28084336.0,1696.98
IPHA,Innate Pharma,1.75,5,6,4,1,5,0,2,23,-13.0,10.0,Broken,Avoid/exit,35,-1.7,0.0,-1.3,47.6,1,,Healthcare,168086880.0,89943.37
FGL,Founder Group Limited Ordinary Shares,0.989,4,9,4,3,3,2,2,27,-13.0,10.0,Broken,Avoid/exit,20,-4.9,-3.0,-13.2,35.5,1,,Industrials,2222580.0,345559.33
FVHIX,FRANKLIN HIGH INCOME FUND ADVISOR CLASS,1.74,2,2,2,6,3,2,3,20,-10.0,10.0,Broken,Avoid/exit,23,-0.6,-1.1,-0.5,29.4,0,,nan,0.0,0.0
LICN,Lichen China Limited Class A Ordinary Shares,1.1,5,7,2,0,2,4,2,22,-15.0,10.0,Broken,Avoid/exit,11,0.0,-18.5,-14.5,41.2,1,,Industrials,29915022.0,101320.06
RMSG,Real Messenger Corporation Ordinary Shares,0.347,4,7,7,6,4,2,2,32,-18.0,10.0,Broken,Avoid/exit,25,-8.4,-6.0,-15.8,37.0,1,,Technology,9878278.0,5816471.26
ALSMY,Alstom PK,1.78,7,5,6,6,0,4,4,32,-18.0,10.0,Broken,Avoid/exit,23,0.0,2.3,-0.1,48.7,0,,Industrials,8882227200.0,873510.63
HOUR,Hour Loop Inc,1.78,3,6,2,5,4,0,2,22,-12.0,10.0,Broken,Avoid/exit,15,-4.8,-6.6,-5.2,40.6,0,,Consumer Cyclical,67216504.0,1529140.2
GNTA,Genenta Science SpA ADR,1.49,4,9,4,3,5,2,2,29,-19.0,10.0,Broken,Avoid/exit,35,-6.3,-3.9,-3.7,47.6,1,,Healthcare,49541140.0,973108.32
DZZ,DB Gold Double Short ETN,1.9,3,4,8,0,5,0,2,22,-15.0,10.0,Broken,Avoid/exit,25,1.1,-1.0,-1.6,46.4,1,,nan,nan,79848.57
STKAF,Stockland,2.5,1,3,5,4,3,2,2,20,-10.0,10.0,Broken,Avoid/exit,9,0.0,-9.9,-6.0,25.9,0,,Real Estate,8583704064.0,0.0
AURE,Prestige Wealth Inc.,1.71,7,7,3,3,0,6,2,28,-18.0,10.0,Broken,Avoid/exit,38,0.6,-4.5,-5.4,41.6,1,,Financial Services,88320000.0,86913.02
CUPR,Cuprina Holdings (Cayman) Limited Class A Ordinary Shares,2.92,6,9,1,3,4,0,2,25,-11.0,10.0,Broken,Avoid/exit,32,-12.4,-26.4,-21.7,40.6,1,,Healthcare,7587937.0,174070.04
HTZWW,Hertz Global Hldgs New Equity Warrants,0.76,3,8,2,3,0,2,2,20,-10.0,10.0,Broken,Avoid/exit,8,-11.6,-6.2,-22.0,24.8,0,,nan,nan,99864.11
TRKNY,Turk Telekomunikasyon AS ADR,2.61,6,11,5,5,3,2,4,36,-26.0,10.0,Broken,Avoid/exit,18,14.0,2.4,-0.9,46.4,1,,Communication Services,4637500416.0,210.02
MOBBW,Mobilicom Limited Warrants,1.44,0,2,0,8,0,0,2,12,2.0,10.0,Broken,Avoid/exit,23,-32.4,-28.4,-28.0,37.3,0,,nan,727576960.0,14239.39
FBIO,Fortress Biotech Inc,3.13,8,4,3,0,3,2,4,24,-14.0,10.0,Broken,Avoid/exit,46,-6.3,-6.8,-4.8,45.9,0,,Healthcare,88030544.0,796400.8
KEGX,Key Energy Services Inc,2.0,5,2,0,12,3,3,3,28,-18.0,10.0,Broken,Avoid/exit,44,-20.0,-16.7,-15.0,36.3,1,,Energy,37416356.0,0.0
JSHSX,JANUS SHORT-TERM BOND FUND CLASS S,2.86,1,4,2,6,0,4,3,20,-10.0,10.0,Broken,Avoid/exit,20,0.0,-0.3,-0.2,38.1,0,,nan,0.0,0.0
KMRPF,Kenmare Resources plc,2.5,1,7,3,0,3,2,2,18,-8.0,10.0,Broken,Avoid/exit,15,1.2,-19.4,-11.2,36.2,2,,Basic Materials,287664768.0,0.0
OLCAX,Oppenheimer Rochester Ltd Term CA MuniA,3.09,2,2,0,6,3,4,3,20,-10.0,10.0,Broken,Avoid/exit,24,0.0,-1.0,-0.5,24.5,0,,nan,0.0,0.0
ELLRY,ElringKlinger AG,2.66,3,4,2,3,3,3,2,20,-10.0,10.0,Broken,Avoid/exit,32,0.0,0.0,-4.0,9.5,1,,Consumer Cyclical,430847968.0,177.4
HLDVF,Henderson Land,3.25,2,8,1,2,3,2,2,20,-10.0,10.0,Broken,Avoid/exit,23,4.5,-2.0,-9.3,44.3,0,,Real Estate,17719476224.0,0.0
NEFHX,LOOMIS SAYLES HIGH INCOME FUND CLASS A,3.61,1,2,3,6,3,2,3,20,-10.0,10.0,Broken,Avoid/exit,20,-0.6,-1.1,-0.7,25.5,0,,nan,0.0,0.0
AQST,Aquestive Therapeutics Inc,3.695,4,8,2,1,4,2,2,23,-13.0,10.0,Broken,Avoid/exit,18,0.4,-10.3,-5.6,38.9,2,,Healthcare,519363488.0,3157426.21
MTR,Mesa Royalty Trust,2.9,3,3,5,5,0,2,2,20,-10.0,10.0,Broken,Avoid/exit,12,0.3,-6.8,-4.5,28.9,1,,Energy,7135872.0,12168.92
OCSAW,Oculis Holding AG Warrants,3.83,1,9,0,0,3,0,2,15,-6.0,10.0,Broken,Avoid/exit,15,-4.2,-16.2,-36.1,45.1,0,,Healthcare,nan,0.0
TXXD,21Shares 2x Long Dogecoin ETF,2.923,3,8,6,1,0,2,2,22,-10.0,10.0,Broken,Avoid/exit,20,1.5,-8.9,-10.1,36.7,0,,nan,nan,0.0
QNTM,Quantum BioPharma Ltd.,2.89,3,8,6,0,4,2,2,25,-15.0,10.0,Broken,Avoid/exit,22,-3.3,-10.8,-9.1,35.7,1,,Healthcare,31225398.0,243192.31
CMAKY,China Minsh,4.55,10,6,2,4,0,1,3,26,-16.0,10.0,Broken,Avoid/exit,35,1.1,1.9,1.2,50.2,0,,Financial Services,24663656448.0,0.0
HUSQF,Husqvarna AB (publ),3.78,3,2,3,4,3,3,2,20,-10.0,10.0,Broken,Avoid/exit,0,0.0,-3.1,-2.3,12.1,0,,Industrials,2572960512.0,0.0
HSLV,Highlander Silver Corp.,4.27,3,8,6,0,2,2,2,23,-13.0,10.0,Broken,Avoid/exit,0,-3.0,3.9,-3.9,44.9,1,,Basic Materials,1000843264.0,0.0
ROC,Rank One Computing Corporation Common stock,4.42,3,5,3,1,2,0,2,16,-6.0,10.0,Broken,Avoid/exit,0,-0.5,-14.0,-6.6,42.3,1,,nan,87768584.0,0.0
VIVO,VivoPower PLC,3.57,3,11,1,6,4,0,2,27,-17.0,10.0,Broken,Avoid/exit,29,-16.4,-7.3,-13.0,40.4,1,,Technology,96376000.0,902311.69
MODD,Modular Medical Inc,2.39,3,11,1,1,3,2,2,23,-13.0,10.0,Broken,Avoid/exit,36,-4.8,-19.8,-22.1,35.1,1,,Healthcare,25107322.0,33402.77
BEKAY,NV Bekaert SA ADR,4.5,1,4,3,4,3,3,2,20,-10.0,10.0,Broken,Avoid/exit,0,0.0,-5.4,-2.4,18.5,0,,Industrials,2403054336.0,0.0
JDYRX,PRUDENTIAL HIGH YIELD FUND CLASS R,4.73,2,3,2,6,0,4,3,20,-10.0,10.0,Broken,Avoid/exit,18,0.0,-0.8,-0.5,35.3,0,,nan,0.0,0.0
PHYEX,PGIM HIGH YIELD FUND CLASS R2,4.74,2,3,2,6,0,4,3,20,-10.0,10.0,Broken,Avoid/exit,18,0.0,-0.8,-0.4,32.7,0,,nan,nan,0.0
TRZTX,T. Rowe Price U.S. Treasury Intermediate Index Fund,4.97,1,3,3,6,0,4,3,20,-10.0,10.0,Broken,Avoid/exit,20,0.0,-0.8,-0.4,39.9,0,,nan,nan,0.0
GSOL,Grayscale Solana Trust ETF,5.51,3,6,8,1,0,4,2,24,-14.0,10.0,Broken,Avoid/exit,22,-1.1,-2.8,-2.9,45.3,0,,nan,nan,1024932.29
AINSF,Ainsworth Game Technology Limited,0.93,6,5,4,1,6,4,5,31,-25.0,9.0,Broken,Avoid/exit,38,-4.1,-10.1,-3.8,42.0,1,,Consumer Cyclical,326690176.0,22176.04
ZPTA,Zapata Computing Holdings Inc. Common Stock,0.82,2,8,6,3,2,0,2,23,-14.0,9.0,Broken,Avoid/exit,38,-8.9,-11.8,-15.0,39.3,0,,Technology,168596032.0,161764.35
REVFF,REVFF,0.752,3,7,4,3,0,3,2,22,-13.0,9.0,Broken,Avoid/exit,40,1.9,-5.8,-6.3,38.2,2,,Basic Materials,52208216.0,5609.28
STEX,Streamex Corp,0.71,4,8,4,0,2,2,2,22,-13.0,9.0,Broken,Avoid/exit,18,-3.5,-9.3,-10.9,39.5,1,,Financial Services,228279040.0,1471559.15
VINO,Gaucho Group Holdings Inc,1.44,7,7,6,5,3,2,2,32,-23.0,9.0,Broken,Avoid/exit,41,30.9,-4.0,7.2,51.1,1,,Real Estate,1890232.0,0.0
TEUTF,Teuton Resources Corp,1.13,1,6,5,3,2,3,2,22,-13.0,9.0,Broken,Avoid/exit,28,-5.8,-2.6,-3.7,42.6,1,,Basic Materials,72830536.0,29410.6
ORKT,Orangekloud Technology Inc. Class A Ordinary Shares,0.97,3,9,4,4,2,0,4,26,-13.0,9.0,Broken,Avoid/exit,22,-9.3,-6.7,-5.5,44.0,1,,Technology,7825292.0,444514.57
BMEA,Biomea Fusion Inc,1.17,0,2,9,7,0,2,2,22,-13.0,9.0,Broken,Avoid/exit,14,-6.4,-8.6,-7.7,36.2,1,,Healthcare,99050232.0,1495367.33
HGBL,Heritage Global Inc,1.16,0,3,7,4,2,1,2,19,-10.0,9.0,Broken,Avoid/exit,12,-3.3,-5.7,-3.9,37.3,0,,Financial Services,43426940.0,150360.49
SLNH,Soluna Holdings Inc,1.22,4,6,8,4,0,4,4,30,-21.0,9.0,Broken,Avoid/exit,26,-3.2,8.0,-3.7,46.0,1,,Financial Services,260283136.0,12112932.94
CVM,CEL-SCI Corp,1.16,5,8,8,2,2,3,4,32,-23.0,9.0,Broken,Avoid/exit,20,-1.7,-0.9,-3.3,45.2,1,,Healthcare,22174460.0,183257.04
WDH,Waterdrop Inc ADR,1.12,2,6,5,0,2,2,2,19,-10.0,9.0,Broken,Avoid/exit,10,0.0,-5.1,-4.3,35.1,0,,Financial Services,517394816.0,318248.7
QTEX,QTREX Quantum Ltd.,0.9,1,9,2,5,3,2,2,24,-13.0,9.0,Broken,Avoid/exit,0,2.2,-29.1,-21.5,36.1,2,,Technology,87775160.0,0.0
ICLTF,GreenFirst Forest Products Inc,1.33,3,15,7,2,3,2,5,37,-28.0,9.0,Broken,Avoid/exit,28,2.3,9.0,0.1,48.2,3,,Basic Materials,34720456.0,7769.69
PTEAF,PTEAF,1.05,1,3,3,0,3,7,2,19,-10.0,9.0,Broken,Avoid/exit,0,0.0,-4.5,-10.0,4.0,0,,Energy,nan,0.0
PACB,Pacific Biosciences of California,1.4,5,6,8,2,5,2,2,30,-21.0,9.0,Broken,Avoid/exit,36,2.9,-2.8,-3.0,45.9,2,,Healthcare,506280768.0,7220079.05
MGMNF,Magna Mining Inc,1.57,4,5,9,0,0,0,3,21,-15.0,9.0,Broken,Avoid/exit,28,-0.6,-0.6,-2.0,47.2,1,,Basic Materials,423896480.0,133836.62
CRDF,Cardiff Oncology Inc,0.86,3,8,1,2,4,2,2,22,-13.0,9.0,Broken,Avoid/exit,18,3.6,-2.3,-12.1,33.2,2,,Healthcare,105973336.0,1014872.7
NUCLW,Eagle Nuclear Energy Corp. Warrants,0.88,3,9,1,1,3,2,2,21,-10.0,9.0,Broken,Avoid/exit,0,0.0,-8.3,-11.2,38.5,0,,nan,nan,0.0
BIVI,Biovie Inc,1.52,3,11,0,4,5,2,2,27,-16.0,9.0,Broken,Avoid/exit,33,10.9,-15.6,-2.8,47.0,2,,Healthcare,12066943.0,128695.27
COGZF,Cogstate Limited,1.75,4,1,2,3,3,4,2,19,-10.0,9.0,Broken,Avoid/exit,50,0.0,-12.1,-5.8,28.1,0,,Healthcare,288803392.0,1777.75
CLIK,Click Holdings Limited,1.42,3,6,7,4,2,2,2,26,-15.0,9.0,Broken,Avoid/exit,18,-12.9,-7.2,-6.7,42.2,1,,Consumer Cyclical,6395545.0,901360.45
LLESY,Lend Lease Group,1.9,1,3,3,5,3,2,2,19,-10.0,9.0,Broken,Avoid/exit,24,-2.1,-11.2,-6.7,37.0,1,,Real Estate,1291966592.0,0.0
ACTU,"Actuate Therapeutics, Inc. Common stock",1.11,1,4,3,8,2,2,2,22,-13.0,9.0,Broken,Avoid/exit,16,-5.9,-22.9,-17.4,34.9,1,,Healthcare,43545052.0,93281.33
OVID,Ovid Therapeutics Inc,2.22,3,3,2,8,0,4,2,22,-13.0,9.0,Broken,Avoid/exit,36,-4.7,-9.0,-7.5,38.9,1,,Healthcare,447936256.0,2463685.59
CDGXY,China Dongxiang Group Co Ltd ADR,1.713,3,3,3,0,3,5,2,19,-10.0,9.0,Broken,Avoid/exit,0,0.0,0.0,-9.0,1.3,0,,Consumer Cyclical,290665120.0,0.0
CNTN,"Canton Strategic Holdings, Inc.",1.93,1,8,3,2,4,2,2,22,-13.0,9.0,Broken,Avoid/exit,15,-0.5,-16.1,-12.4,35.8,1,,Healthcare,171021952.0,4018047.21
FLL,Full House Resorts Inc,2.21,1,7,4,1,2,2,2,19,-13.0,9.0,Broken,Avoid/exit,16,-5.2,-7.9,-9.1,30.9,1,,Consumer Cyclical,93201520.0,160185.4
MCRP,Micropolis Holding Company,1.27,5,8,4,3,0,2,2,24,-15.0,9.0,Broken,Avoid/exit,11,-0.8,8.5,-7.8,37.8,2,,Technology,87221120.0,332950.83
BLIV,BeLive Holdings Ordinary Share,2.2,2,1,6,6,3,2,4,24,-15.0,9.0,Broken,Avoid/exit,29,-7.6,-7.6,-4.9,36.8,1,,Technology,24989044.0,5640.56
NHTC,Natural Health Trend,1.71,2,6,4,4,4,2,2,24,-13.0,9.0,Broken,Avoid/exit,7,-5.0,-10.5,-6.8,38.0,1,,Consumer Cyclical,20501060.0,36708.31
FLYX,"flyExclusive, Inc.",1.16,6,8,3,1,2,2,2,24,-15.0,9.0,Broken,Avoid/exit,19,0.0,0.9,-15.4,31.8,1,,Industrials,245847808.0,983172.73
SRTS,Sensus Healthcare Inc,2.91,3,10,9,0,4,4,2,32,-23.0,9.0,Broken,Avoid/exit,11,-4.0,-3.6,-2.2,44.2,1,,Healthcare,44447560.0,90119.71
IMDXF,Imdex Limited,2.6,1,1,3,5,3,4,2,19,-10.0,9.0,Broken,Avoid/exit,29,0.0,-11.1,-5.6,6.4,0,,Industrials,1535525504.0,0.0
XCUR,Exicure Inc,1.6,6,9,5,3,2,0,2,27,-18.0,9.0,Broken,Avoid/exit,10,-9.1,-4.8,-12.3,36.2,1,,Healthcare,18866854.0,231096.98
ABAT,American Battery Technology Company Common Stock,2.09,1,8,4,2,4,2,2,23,-15.0,9.0,Broken,Avoid/exit,16,-5.4,-11.4,-12.4,34.0,1,,Industrials,493820160.0,7644027.98
VRA,Vera Bradley Inc,3.41,3,6,6,3,0,2,2,22,-13.0,9.0,Broken,Avoid/exit,39,-7.6,-9.1,-7.5,37.9,1,,Consumer Cyclical,94414992.0,500511.8
DOMH,Dominari Holdings Inc.,2.54,1,11,3,0,3,2,2,22,-13.0,9.0,Broken,Avoid/exit,22,-3.8,-8.0,-5.6,41.6,1,,Financial Services,73947064.0,215260.43
LSF,Laird Superfood Inc,4.16,10,4,3,4,3,2,2,28,-19.0,9.0,Broken,Avoid/exit,58,-1.0,-5.5,-2.2,47.4,1,,Consumer Defensive,36974608.0,75445.06
XPIMX,Putnam Master Intermediate Income Trust,3.34,2,2,2,6,0,4,3,19,-10.0,9.0,Broken,Avoid/exit,15,0.0,-1.2,-0.7,33.7,0,,Other,0.0,0.0
TQPAX,Touchstone Strategic Income Opportunities Fund Class A,3.22,1,3,1,6,0,2,3,16,-10.0,9.0,Broken,Avoid/exit,16,-0.3,-0.9,-0.8,32.1,0,,nan,nan,0.0
IMSRW,Terrestrial Energy Inc.,2.24,6,13,2,2,3,4,2,32,-23.0,9.0,Broken,Avoid/exit,18,12.0,19.1,-2.3,44.5,3,,nan,nan,148702.01
DNUT,Krispy Kreme Inc,3.18,3,4,8,0,2,2,2,21,-15.0,9.0,Broken,Avoid/exit,24,1.0,-3.6,-3.7,41.1,1,,Consumer Defensive,563747968.0,4227573.93
ATLX,Atlas Lithium Corporation Common Stock,2.74,1,10,5,0,4,2,2,24,-13.0,9.0,Broken,Avoid/exit,12,-1.8,-9.9,-9.1,35.2,1,,Basic Materials,125336272.0,686817.2
STMUX,Invesco Short Term Municipal Fund Class R6,3.7,2,2,2,6,0,4,3,19,-10.0,9.0,Broken,Avoid/exit,21,0.0,-0.3,-0.2,3.3,0,,nan,nan,0.0
CRPHY,Ceres Power Holdings plc,2.4,3,9,1,6,3,2,2,26,-15.0,9.0,Broken,Avoid/exit,36,-4.2,-2.4,-10.2,38.7,1,,Industrials,1878194048.0,10296.96
PPSI,Pioneer Power Solutions Inc. ,2.91,4,9,2,1,2,2,2,22,-13.0,9.0,Broken,Avoid/exit,15,-2.3,-10.2,-10.8,33.3,1,,Industrials,54371704.0,168295.09
TRVG,Trivago NV,5.28,8,4,3,6,5,4,3,33,-24.0,9.0,Broken,Avoid/exit,61,-3.3,-6.4,-0.6,52.5,0,,Communication Services,303307584.0,51995.12
AHT-PF,Ashford Hospitality Trust Inc,6.074,6,5,7,2,3,3,2,28,-19.0,9.0,Broken,Avoid/exit,34,-2.3,-4.7,-2.9,47.5,1,,Real Estate,102808168.0,5966.87
CENN,Cenntro Electric Group Ltd,3.2,5,5,4,7,0,0,2,23,-14.0,9.0,Broken,Avoid/exit,42,-4.2,-6.4,-6.6,37.8,1,,Consumer Cyclical,6462643.0,64908.13
CCCX,Churchill Capital Corp X Class A Ordinary Shares,4.88,3,8,4,0,3,2,2,22,-13.0,9.0,Broken,Avoid/exit,30,-15.0,-14.7,-21.8,39.0,1,,Financial Services,711003008.0,0.0
TBCRF,Timbercreek Financial Corp,4.39,1,6,2,3,0,5,2,19,-10.0,9.0,Broken,Avoid/exit,9,0.7,-4.0,-1.9,37.5,1,,Financial Services,388940096.0,7879.73
PYPD,PolyPid,4.29,1,10,0,3,2,4,2,22,-13.0,9.0,Broken,Avoid/exit,32,10.0,-20.1,-4.6,45.6,1,,Healthcare,93377760.0,76251.29
LINJX,LORD ABBETT NEW JERSEY TAX-FREE INCOME FUND CLASS I,4.67,2,2,2,6,0,4,3,19,-10.0,9.0,Broken,Avoid/exit,22,0.0,-1.3,-0.8,26.0,0,,nan,0.0,0.0
LVITX,Western Asset Core Plus VIT Portfolio CL,4.62,1,3,2,6,0,4,3,19,-10.0,9.0,Broken,Avoid/exit,24,-0.2,-1.1,-0.6,37.8,0,,Other,0.0,0.0
HGRAF,HydroGraph Clean Power Inc.,3.67,3,13,2,6,4,4,5,37,-28.0,9.0,Broken,Avoid/exit,38,1.1,8.9,-0.4,48.0,3,,Basic Materials,1712362496.0,1804285.3
OPRT,Oportun Financial Corp,5.54,8,5,5,1,5,3,2,29,-20.0,9.0,Broken,Avoid/exit,46,-0.9,-7.7,-2.3,47.4,0,,Financial Services,220459792.0,532896.14
PDVCX,PUTNAM DIVERSIFIED INCOME TRUST CLASS C SHARES,4.8,2,2,2,6,0,4,3,19,-10.0,9.0,Broken,Avoid/exit,16,-0.2,-0.8,-0.5,33.7,0,,nan,0.0,0.0
LONJX,Lord Abbett New Jersey Tax Free Cl F3,4.67,2,2,2,6,0,4,3,19,-10.0,9.0,Broken,Avoid/exit,22,0.0,-1.3,-0.9,25.7,0,,nan,0.0,0.0
PMCOF,Prospector Metals Corp.,0.8,3,5,8,3,2,2,2,25,-15.0,8.0,Broken,Avoid/exit,20,0.0,-4.8,-3.9,39.9,1,,Basic Materials,167798512.0,164338.0
TESTJ,Test Security J1,3.0,6,5,3,3,3,4,2,26,-18.0,8.0,Broken,Avoid/exit,30,0.0,0.0,-10.3,41.3,0,,Other,nan,253020.52
GROY-WT,Gold Royalty Corp,0.85,2,3,8,2,0,0,2,17,-10.0,8.0,Broken,Avoid/exit,12,-7.6,0.0,-7.8,41.2,0,,nan,nan,46491.35
DIIBF,Dorel Industries Inc,1.11,3,8,2,2,4,2,2,23,-16.0,8.0,Broken,Avoid/exit,35,2.8,0.0,-0.9,48.0,1,,Consumer Defensive,36698736.0,8120.07
SDEV,Stablecoin Development Corporation,1.15,4,9,8,0,2,2,2,27,-19.0,8.0,Broken,Avoid/exit,29,4.5,-8.0,-2.8,46.6,1,,Financial Services,31454148.0,724157.14
TEAD,Teads B.V.,0.708,2,8,7,2,2,0,2,23,-15.0,8.0,Broken,Avoid/exit,19,-8.8,-10.5,-13.8,35.6,1,,Communication Services,112510056.0,1082378.96
HSDT,Helius Medical Technologies Inc Class A,1.65,2,6,9,5,0,2,2,26,-18.0,8.0,Broken,Avoid/exit,25,1.2,-2.1,-2.9,46.1,0,,Financial Services,70647880.0,650327.02
PNSPF,Pensana Plc,0.842,5,8,3,0,3,2,2,23,-15.0,8.0,Broken,Avoid/exit,15,1.4,-7.2,-8.0,28.8,2,,Basic Materials,459569792.0,2577.46
UCAR,U Power Limited Ordinary Shares,1.01,1,7,2,5,4,2,2,23,-15.0,8.0,Broken,Avoid/exit,36,6.8,-12.2,-6.8,38.9,2,,Consumer Cyclical,36554564.0,4217853.19
IAUX,i-80 Gold Corp.,1.29,2,7,5,0,0,2,2,18,-13.0,8.0,Broken,Avoid/exit,22,-5.1,0.0,-4.5,43.0,1,,Basic Materials,1258594688.0,10172980.15
RTMAF,Reitmans (Canada) Limited,1.32,4,4,6,1,3,3,2,23,-15.0,8.0,Broken,Avoid/exit,15,0.0,0.0,-0.9,5.4,1,,Consumer Cyclical,70181752.0,658.13
IINN,Inspira Technologies Oxy BHN Ltd,1.26,7,3,0,6,2,0,2,20,-15.0,8.0,Broken,Avoid/exit,46,-18.2,-37.3,-20.7,43.5,1,,Healthcare,16560119.0,7636669.46
PPCB,"Propanc Biopharma, Inc. Common Stock",1.01,7,3,1,3,2,0,2,18,-10.0,8.0,Broken,Avoid/exit,31,-26.3,-32.2,-25.9,32.1,0,,Healthcare,3303638.0,70834.74
URG,Ur Energy Inc,1.22,3,11,5,0,0,2,2,23,-15.0,8.0,Broken,Avoid/exit,19,0.0,-0.8,-4.9,41.7,1,,Energy,766850432.0,9790319.71
MAXXF,Max Power Mining Corp.,1.581,14,8,3,5,1,2,5,38,-30,8,Broken,Avoid/exit,56,21.6,13.7,6.4,55.2,4,,Basic Materials,268488800.0,171910.62
TWAV,TaoWeave Inc.,1.3,6,14,7,4,3,2,2,38,-28,8,Broken,Avoid/exit,34,4.0,11.1,3.0,50.7,3,,Financial Services,4907731.0,513237.26
FLYE,"Fly-E Group, Inc. Common Stock",1.63,2,10,3,4,2,0,2,23,-15.0,8.0,Broken,Avoid/exit,21,-11.4,-14.7,-11.3,37.8,1,,Consumer Cyclical,3068885.0,233260.34
CRTHF,CARsgen Therapeutics Holdings Limited,1.92,3,5,1,3,6,0,2,20,-15.0,8.0,Broken,Avoid/exit,37,-11.1,0.8,-2.0,46.3,1,,Healthcare,981320192.0,14.0
BMR,Beamr Imaging Ltd. Ordinary Share,1.21,3,10,1,1,4,2,2,23,-15.0,8.0,Broken,Avoid/exit,6,-2.4,-1.6,-6.9,38.9,1,,Technology,29506724.0,213230.06
CAPFF,Capital Limited,1.33,1,3,3,2,3,1,2,15,-10.0,8.0,Broken,Avoid/exit,23,-6.3,-6.3,-5.8,38.3,0,,Basic Materials,406262848.0,71.42
NUAIW,"New Era Energy & Digital, Inc.",2.09,8,7,1,3,2,0,2,23,-18.0,8.0,Broken,Avoid/exit,50,-9.5,12.1,-2.1,49.5,2,,nan,nan,137413.66
TUYA,Tuya Inc ADR,1.68,3,6,2,1,2,2,2,18,-10.0,8.0,Broken,Avoid/exit,18,1.8,-3.4,-3.5,39.5,1,,Technology,1232352384.0,1373194.97
AIMFF,Aimia Inc,1.84,1,10,3,1,3,3,2,23,-15.0,8.0,Broken,Avoid/exit,22,-1.1,-1.1,-2.5,37.4,1,,Basic Materials,180244288.0,16294.06
EBON,Ebang International Holdings,1.96,1,5,9,4,4,2,3,28,-21.0,8.0,Broken,Avoid/exit,20,-3.0,-3.4,-4.4,43.2,1,,Technology,13139049.0,9674.59
ADTGEX,ADTGEX,2.199,1,3,1,6,0,4,3,18,-10.0,8.0,Broken,Avoid/exit,18,-0.0,-0.2,-0.2,37.7,0,,nan,nan,0.0
AMTX,Aemetis Inc,1.51,3,10,2,0,2,0,2,19,-11.0,8.0,Broken,Avoid/exit,11,-10.4,-3.8,-7.1,42.5,1,,Basic Materials,173101536.0,1228378.12
LAUFX,LORD ABBETT INCOME FUND CLASS F,2.37,1,3,3,6,0,2,3,18,-10.0,8.0,Broken,Avoid/exit,17,-0.4,-1.2,-0.9,29.8,0,,nan,0.0,0.0
LAURX,LORD ABBETT INCOME FUND CLASS R3,2.38,1,3,3,6,0,2,3,18,-10.0,8.0,Broken,Avoid/exit,17,-0.4,-1.2,-0.9,30.1,0,,nan,0.0,0.0
DTZNY,DTZNY,1.78,4,15,5,5,3,2,2,36,-28,8,Broken,Avoid/exit,16,-1.1,11.3,-1.1,45.9,3,,Basic Materials,2166382080.0,7304.36
SLDP,Solid Power Inc,2.06,1,9,4,1,4,2,2,23,-15.0,8.0,Broken,Avoid/exit,16,-1.0,-10.8,-9.3,33.6,1,,Consumer Cyclical,690204992.0,8849839.45
AIIO,Robo.ai Inc.,2.81,5,5,2,3,4,2,2,23,-15.0,8.0,Broken,Avoid/exit,39,7.7,-28.9,-14.3,42.9,2,,Consumer Cyclical,55789548.0,4175162.61
VOC,VOC Energy Trust,2.98,2,7,2,0,7,0,5,23,-13.0,8.0,Broken,Avoid/exit,26,-11.8,-5.4,-5.5,42.7,0,,Energy,48620000.0,95903.14
WNW,Meiwu Technology Co Ltd,2.5,3,7,2,5,2,2,2,23,-13.0,8.0,Broken,Avoid/exit,26,-5.7,-24.2,-14.4,37.1,1,,Consumer Cyclical,4177679.0,579495.51
ELRXF,AB Electrolux (publ),2.41,3,3,4,0,3,3,2,18,-10.0,8.0,Broken,Avoid/exit,17,0.0,-5.5,-7.5,35.3,0,,Consumer Cyclical,1481688960.0,42.79
VERB,Verb Technology Company Inc,2.98,2,4,7,5,0,4,5,27,-19.0,8.0,Broken,Avoid/exit,25,-8.0,-8.6,-7.6,43.6,1,,Technology,877814080.0,574130.39
LAES,SEALSQ Corp,2.36,1,8,5,3,4,2,2,25,-17.0,8.0,Broken,Avoid/exit,19,-2.9,-7.1,-8.9,35.9,1,,Technology,770798080.0,17083462.77
TONX,TON Strategy Co,2.98,2,4,7,5,0,4,5,27,-19.0,8.0,Broken,Avoid/exit,25,-8.0,-8.6,-7.6,43.6,1,,Technology,212555120.0,574112.99
BCTX,Briacell Therapeutics Corp,3.44,9,5,7,4,1,0,5,31,-23.0,8.0,Broken,Avoid/exit,32,-3.9,-7.8,-3.0,47.4,1,,Healthcare,28361306.0,236289.14
YHGJ,Yunhong Green CTI Ltd.,2.89,5,7,5,0,0,2,2,21,-13.0,8.0,Broken,Avoid/exit,36,4.0,-2.7,-3.9,45.2,2,,Consumer Cyclical,9602018.0,52753.5
CRRFY,Carrefour SA PK,3.68,4,7,3,4,4,6,3,31,-21.0,8.0,Broken,Avoid/exit,38,3.4,-3.2,-0.1,49.1,0,,Consumer Defensive,12843181056.0,281093.57
NOMA,NOMADAR Corp. Class A Common Stock,3.01,4,8,7,0,4,6,2,31,-23.0,8.0,Broken,Avoid/exit,34,3.1,1.0,-5.2,45.3,1,,Consumer Cyclical,61704084.0,0.0
XPPTX,Putnam Premier Income Trust,3.65,2,2,1,6,0,4,3,18,-10.0,8.0,Broken,Avoid/exit,16,0.0,-1.4,-0.7,31.4,0,,Other,0.0,0.0
LIFFF,Li-FT Power Ltd,2.502,7,9,5,0,0,2,2,25,-13.0,8.0,Broken,Avoid/exit,13,-4.5,3.4,-6.8,41.0,1,,Basic Materials,339075264.0,8779.83
KOSS,Koss Corporation,3.68,4,9,5,0,2,1,2,23,-15.0,8.0,Broken,Avoid/exit,17,-1.9,-3.2,-2.9,42.1,1,,Technology,38481072.0,36207.49
SIDU,Sidus Space Inc,1.76,6,9,6,0,0,2,2,25,-17.0,8.0,Broken,Avoid/exit,16,-4.9,-5.9,-15.4,35.0,1,,Industrials,422011776.0,20170919.88
CAMP,CAMP4 THERAPEUTICS CORPORATION,3.45,1,9,3,0,4,2,2,21,-13.0,8.0,Broken,Avoid/exit,29,9.2,-7.0,-5.2,42.4,2,,Healthcare,216530592.0,365387.26
ECHIX,EATON VANCE HIGH INCOME OPPORTUNITIES FUND EATON VANCE HIGH INCOME OPPORTUNITIES FUND CLASS C,4.2,1,2,2,6,0,4,3,18,-10.0,8.0,Broken,Avoid/exit,23,-0.2,-0.7,-0.4,35.9,0,,nan,0.0,0.0
TBTC,Table Trac Inc,4.4,3,3,9,0,0,1,3,19,-10.0,8.0,Broken,Avoid/exit,36,-2.2,-2.9,-1.7,42.7,0,,Consumer Cyclical,20753704.0,5186.94
CMTL,Comtech Telecommunications Corp,1.68,3,11,3,0,2,2,2,23,-15.0,8.0,Broken,Avoid/exit,12,-2.9,3.7,-11.3,33.7,1,,Technology,160564256.0,281447.7
RVSN,Rail Vision Ltd. Ordinary Share,4.01,1,7,2,5,2,2,2,21,-13.0,8.0,Broken,Avoid/exit,27,-2.2,-5.2,-6.8,39.4,1,,Industrials,10456918.0,111735.42
APVO,Aptevo Therapeutics Inc,4.11,3,8,3,0,4,0,2,20,-10.0,8.0,Broken,Avoid/exit,24,-6.4,-13.3,-5.4,40.9,0,,Healthcare,5881615.0,177742.65
AVCTF,Avacta Group Plc,0.906,1,3,3,3,3,7,2,22,-15.0,7.0,Broken,Avoid/exit,31,0.0,-9.4,-3.7,8.1,1,,Healthcare,455110272.0,5244.28
BQSSF,Boss Resources Ltd,0.881,5,11,8,4,4,0,5,37,-30,7,Broken,Avoid/exit,19,-6.6,-0.8,-0.6,49.4,1,,Energy,394416544.0,48891.11
CGMLF,Chalice Mining Limited,0.76,3,3,8,0,0,3,2,19,-15.0,7.0,Broken,Avoid/exit,18,0.0,0.0,-3.4,29.4,1,,Basic Materials,346654752.0,4332.68
SERKF,Serko Limited,0.755,1,5,2,5,3,1,2,19,-15.0,7.0,Broken,Avoid/exit,17,-7.4,-7.4,-8.3,41.7,1,,Technology,128520792.0,79.01
AHMA,Ambitions Enterprise Management Co. L.L.C Class A Ordinary Shares,1.31,4,7,4,0,2,2,2,21,-14.0,7.0,Broken,Avoid/exit,29,-17.6,-23.8,-19.7,34.7,0,,Consumer Cyclical,31508498.0,0.0
YSXT,"YSX Tech. Co., Ltd Class A Ordinary Shares",0.94,6,10,3,1,4,4,2,30,-23.0,7.0,Broken,Avoid/exit,24,9.4,10.6,0.6,49.0,3,,Industrials,28440150.0,452002.89
SKYX,SKYX Platforms Corp,1.09,4,9,4,4,2,4,5,32,-25.0,7.0,Broken,Avoid/exit,27,-5.2,-7.6,-4.7,46.0,1,,Industrials,143225552.0,1075731.83
MXCT,MaxCyte Inc,1.05,2,7,2,0,7,2,2,22,-15.0,7.0,Broken,Avoid/exit,37,-2.8,-15.3,-8.7,39.2,1,,Healthcare,131759656.0,980682.87
IBG,Innovation Beverage Group Limited,0.88,1,9,3,0,5,2,2,22,-13.0,7.0,Broken,Avoid/exit,30,-3.8,-2.2,-5.4,42.3,1,,Consumer Defensive,2124581.0,399287.5
HUMA,Humacyte Inc,0.653,3,12,7,0,2,2,2,28,-21.0,7.0,Broken,Avoid/exit,21,4.5,-1.8,-5.7,41.7,2,,Healthcare,317487296.0,5843376.23
ZENA,ZenaTech Inc.,1.28,0,9,4,3,2,0,2,20,-13.0,7.0,Broken,Avoid/exit,13,-7.2,-13.5,-8.0,39.2,1,,Technology,129730184.0,1761425.29
SMORF,Smoore International Holdings Limited,0.983,3,4,2,0,3,3,2,17,-10.0,7.0,Broken,Avoid/exit,7,0.0,0.0,-6.8,0.0,0,,Consumer Defensive,8673243136.0,9.1
ACRV,"Acrivon Therapeutics, Inc. Common Stock",1.5,1,7,1,5,4,4,2,24,-17.0,7.0,Broken,Avoid/exit,26,-6.2,-14.3,-9.7,38.7,1,,Healthcare,60992460.0,1276348.84
XHLD,"TEN Holdings, Inc. Common Stock",1.0,0,5,0,9,0,4,2,20,-13.0,7.0,Broken,Avoid/exit,23,-46.2,-52.6,-39.8,27.6,1,,Communication Services,6089322.0,1305084.25
AMBR,Amber International Holding Limited,1.38,3,6,9,0,0,1,2,21,-14.0,7.0,Broken,Avoid/exit,13,-5.5,-2.1,-3.4,41.9,0,,Technology,143298368.0,591111.15
ALEC,Alector Inc,1.51,8,9,4,3,0,2,2,28,-21.0,7.0,Broken,Avoid/exit,26,2.0,0.7,-4.7,42.8,2,,Healthcare,200955584.0,1464147.9
NAUFF,NevGold Corp,1.074,3,9,2,0,4,0,2,20,-13.0,7.0,Broken,Avoid/exit,29,-6.3,-8.2,-13.1,31.5,1,,Basic Materials,333954432.0,149523.08
IFRX,InflaRx N.V.,1.7,7,6,3,0,2,0,2,20,-13.0,7.0,Broken,Avoid/exit,43,-2.3,-8.4,-7.2,37.6,1,,Healthcare,295322208.0,1663625.05
PTCHF,PureTech Health plc,1.53,1,3,8,1,3,1,2,19,-15.0,7.0,Broken,Avoid/exit,16,-4.2,-4.2,-3.6,12.3,1,,Healthcare,453244672.0,5435.5
WFRSF,West African Resources Limited,1.8,1,5,3,0,3,0,2,14,-10.0,7.0,Broken,Avoid/exit,20,0.0,-3.7,-6.8,43.6,0,,Basic Materials,2491762432.0,6572.28
ADTGMX,ADTGMX,2.144,1,3,0,6,0,4,3,17,-10.0,7.0,Broken,Avoid/exit,15,-0.1,-0.6,-0.5,32.6,0,,nan,nan,0.0
LAUSX,LORD ABBETT INCOME FUND CLASS C,2.38,1,3,2,6,0,2,3,17,-10.0,7.0,Broken,Avoid/exit,17,-0.4,-1.2,-0.9,24.4,0,,nan,0.0,0.0
LAUQX,LORD ABBETT INCOME FUND CLASS R2,2.39,1,3,2,6,0,2,3,17,-10.0,7.0,Broken,Avoid/exit,17,-0.4,-1.2,-0.9,24.3,0,,nan,0.0,0.0
FTBAYX,FTBAYX,2.265,1,3,1,6,0,3,3,17,-10.0,7.0,Broken,Avoid/exit,13,-0.8,-1.9,-1.4,29.5,0,,nan,nan,0.0
SDRMF,SiteMinder Limited,2.37,1,1,4,6,6,2,2,22,-15.0,7.0,Broken,Avoid/exit,21,-12.2,-12.2,-8.0,28.9,1,,Technology,808326464.0,1802.48
BGIN,Bgin Blockchain Limited Class A Ordinary Shares,1.79,3,13,6,0,3,2,2,29,-22.0,7.0,Broken,Avoid/exit,9,-10.5,-6.4,-7.0,40.8,1,,Technology,306598400.0,0.0
CAGPF,Cryptology Asset Group p.l.c,2.49,5,1,2,6,3,3,2,22,-15.0,7.0,Broken,Avoid/exit,32,0.0,-4.6,-1.9,0.0,1,,Financial Services,240617872.0,11.5
GUROF,GURU Organic Energy Corp,2.74,10,9,6,2,4,2,2,35,-28.0,7.0,Broken,Avoid/exit,29,8.7,8.7,3.7,59.1,3,,Consumer Defensive,78759288.0,649.22
PEW,GrabAGun Digital Holdings Inc.,2.48,1,8,2,2,2,2,5,22,-15.0,7.0,Broken,Avoid/exit,31,6.4,0.4,-1.8,47.0,1,,Industrials,75264184.0,623156.97
NAII,Natural Alternatives International,2.29,7,6,2,6,2,5,2,30,-23.0,7.0,Broken,Avoid/exit,22,-4.6,3.2,-1.6,46.9,1,,Consumer Defensive,15876329.0,20456.47
ARTW,Arts-Way Manufacturing Co Inc,2.16,2,6,2,3,2,2,2,19,-10.0,7.0,Broken,Avoid/exit,23,-1.4,-4.4,-7.3,38.4,0,,Industrials,13575231.0,36991.42
ADTGAX,ADTGAX,2.619,1,2,1,6,0,4,3,17,-10.0,7.0,Broken,Avoid/exit,16,-0.1,-0.7,-0.4,32.8,0,,nan,nan,0.0
AANNF,Aroundtown SA,2.487,0,1,3,6,3,2,2,17,-10.0,7.0,Broken,Avoid/exit,22,-9.2,-9.2,-7.1,34.2,0,,Real Estate,2971973888.0,906.06
WBX,Wallbox NV,3.23,1,9,0,4,4,0,2,20,-13.0,7.0,Broken,Avoid/exit,38,-18.2,-29.2,-17.3,39.2,1,,Technology,53515744.0,23635.06
ZDAI,Primega Group Holdings Limited,1.65,1,7,6,0,4,2,2,22,-13.0,7.0,Broken,Avoid/exit,20,-2.4,-13.2,-10.3,31.7,1,,Industrials,22039876.0,100935.16
YDES,YD Bio Ltd,2.17,4,8,4,3,2,4,5,30,-23.0,7.0,Broken,Avoid/exit,25,-3.1,-11.4,-5.7,42.1,1,,Healthcare,255701152.0,0.0
THYUX,HIGH YIELD FUND HIGH YIELD FUND,3.18,1,2,1,6,0,4,3,17,-10.0,7.0,Broken,Avoid/exit,17,-0.3,-0.9,-0.7,31.7,0,,nan,0.0,0.0
XGUTX,Gabelli Utility Trust,3.05,1,2,3,6,0,3,2,17,-10.0,7.0,Broken,Avoid/exit,17,-2.9,-1.9,-2.0,37.9,0,,Other,0.0,0.0
RXRX,Recursion Pharmaceuticals Inc,3.0,1,10,3,0,2,2,2,20,-13.0,7.0,Broken,Avoid/exit,33,1.4,1.9,-4.7,42.1,1,,Healthcare,2016896384.0,26007332.71
VYGR,Voyager Therapeutics Inc,3.03,1,5,3,5,0,6,2,22,-15.0,7.0,Broken,Avoid/exit,9,-2.3,-4.4,-5.6,38.8,1,,Healthcare,201202880.0,625352.27
VERU,Veru Inc,2.24,1,9,2,0,4,2,2,20,-13.0,7.0,Broken,Avoid/exit,22,-0.4,-5.9,-7.4,38.8,1,,Healthcare,54571088.0,634014.67
DTST,Data Storage Corp,3.05,1,9,1,6,3,2,2,24,-15.0,7.0,Broken,Avoid/exit,13,-2.2,-8.7,-5.8,40.0,1,,Technology,7649997.0,50948.87
HIO,Western Asset High Income Opportunity Closed Fund,3.53,1,8,1,4,3,1,2,20,-13.0,7.0,Broken,Avoid/exit,25,0.3,-2.5,-1.2,39.4,0,,Financial Services,412730600.0,421712.74
ZTCOF,ZTE Corp-H,2.87,2,2,6,4,0,3,2,19,-8.0,7.0,Broken,Avoid/exit,22,-4.0,-4.3,-8.2,18.9,0,,Technology,21861355520.0,330.25
FRRPF,Fiera Capital Corporation,3.5,3,4,3,0,3,2,2,17,-10.0,7.0,Broken,Avoid/exit,19,4.4,-6.7,-2.9,36.1,1,,Financial Services,415776096.0,0.0
GVH,Globavend Holdings Limited Ordinary Shares,1.0,1,7,0,1,2,2,2,15,-8.0,7.0,Broken,Avoid/exit,18,0.0,-79.0,-55.8,30.2,1,,Industrials,9901926.0,786621.17
LXEO,"Lexeo Therapeutics, Inc. Common Stock",4.13,1,2,6,7,0,2,2,20,-13.0,7.0,Broken,Avoid/exit,13,-11.4,-11.9,-9.6,37.0,1,,Healthcare,353347328.0,1050090.52
TBH,"Brag House Holdings, Inc. Common Stock",2.45,8,3,0,4,5,0,2,22,-15.0,7.0,Broken,Avoid/exit,52,-39.7,-40.1,-29.3,37.9,1,,Communication Services,16914760.0,105291.68
ISHBF,iShares IV Public Limited Company - iShares $ Treasury Bond 20+yr UCITS ETF,4.416,1,4,0,7,0,1,2,15,-8.0,7.0,Broken,Avoid/exit,21,-1.6,-3.6,-2.5,32.5,0,,nan,nan,155198.1
ZSTK,ZeroStack Corp.,1.52,6,11,3,0,4,2,2,28,-21.0,7.0,Broken,Avoid/exit,12,4.8,-10.6,-23.9,26.1,2,,Financial Services,11909308.0,53654.27
GABUX,THE GABELLI UTILITIES FUND CLASS AAA,4.73,1,2,1,6,0,5,2,17,-10.0,7.0,Broken,Avoid/exit,13,-4.1,-3.1,-2.4,36.6,0,,nan,0.0,0.0
PDVMX,PUTNAM DIVERSIFIED INCOME TRUST CLASS M SHARES,4.77,2,2,2,6,0,2,3,17,-10.0,7.0,Broken,Avoid/exit,14,-0.4,-1.0,-0.6,28.9,0,,nan,0.0,0.0
XMMTX,MFS Multimarket Income Trust,4.78,2,2,1,6,0,3,3,17,-10.0,7.0,Broken,Avoid/exit,16,-0.2,-1.8,-1.0,28.9,0,,Other,0.0,0.0
PDVGX,Putnam Diversified Income Class R6,4.85,2,2,2,6,0,2,3,17,-10.0,7.0,Broken,Avoid/exit,14,-0.4,-1.0,-0.6,29.8,0,,nan,0.0,0.0
RAFX,Rafex Gold Corp.,0.281,3,2,1,3,3,2,2,16,-10.0,6.0,Broken,Avoid/exit,9,0.0,-43.4,-31.9,16.9,0,,Financial Services,53427968.0,45.76
DUO,Fangdd Network Group Ltd,0.573,3,5,4,3,2,4,2,23,-15.0,6.0,Broken,Avoid/exit,14,0.9,4.0,-8.9,36.8,1,,Real Estate,41632288.0,808450.22
PMVP,Pmv Pharmaceuticals Inc,1.11,1,6,0,4,4,0,2,17,-11.0,6.0,Broken,Avoid/exit,16,-10.5,-17.2,-8.6,40.4,1,,Healthcare,63464808.0,711521.19
DCHIY,Digital China Holdings Ltd ADR,1.1,1,3,2,2,3,3,2,16,-10.0,6.0,Broken,Avoid/exit,16,0.0,-5.4,-3.4,18.4,0,,Industrials,394971328.0,40.27
GASXF,Ngx Energy International Corp,0.914,3,12,4,3,3,0,2,27,-19.0,6.0,Broken,Avoid/exit,21,-10.4,-0.7,-5.4,40.6,0,,Energy,319228576.0,53151.3
OCGN,Ocugen Inc,1.23,4,8,5,0,2,6,2,27,-21.0,6.0,Broken,Avoid/exit,14,1.7,-9.6,-6.3,39.9,1,,Healthcare,463774944.0,6017677.52
KBSX,FST Corp. Ordinary Shares,0.845,3,5,6,1,0,4,2,21,-15.0,6.0,Broken,Avoid/exit,18,-2.3,-1.7,-7.9,37.8,0,,Consumer Cyclical,57349728.0,68320.14
SPWH,Sportsmans,1.14,3,5,6,0,2,3,2,21,-15.0,6.0,Broken,Avoid/exit,19,1.8,-2.6,-3.9,38.6,1,,Consumer Cyclical,54627712.0,573371.88
CYN,Cyngn Inc,1.06,1,8,4,0,2,2,2,19,-13.0,6.0,Broken,Avoid/exit,19,-1.9,-9.4,-8.1,37.7,1,,Technology,20769526.0,1504777.41
HYPR,Hyperfine Inc,0.936,3,10,2,0,2,2,2,21,-13.0,6.0,Broken,Avoid/exit,16,-1.9,0.5,-9.7,33.5,1,,Healthcare,143941984.0,594414.25
YJ,Yunji Inc,1.25,1,9,4,0,3,0,2,19,-11.0,6.0,Broken,Avoid/exit,13,-6.0,-16.7,-7.6,40.5,1,,Consumer Cyclical,7437565.0,73511.15
GLIV,Grayscale Livepeer Trust (LPT),1.355,0,1,6,4,0,0,2,13,-10.0,6.0,Broken,Avoid/exit,15,-5.2,-16.9,-12.3,35.5,0,,nan,nan,3172.54
PROK,ProKidney Corp.,1.54,1,9,3,0,2,2,2,19,-13.0,6.0,Broken,Avoid/exit,32,2.7,-4.9,-4.8,40.9,2,,Healthcare,522563136.0,1311690.88
NNOX,Nano X Imaging Ltd,0.98,3,9,3,0,4,2,2,23,-15.0,6.0,Broken,Avoid/exit,14,9.3,-12.5,-7.7,39.5,1,,Healthcare,144051760.0,1406705.02
FNUC,Frontier Nuclear and Minerals Inc.,1.54,0,11,7,3,2,0,2,25,-19.0,6.0,Broken,Avoid/exit,11,-7.5,-4.9,-7.7,41.2,1,,Basic Materials,62637636.0,924503.78
USNZY,Usinas Siderurgicas de Minas Gerais,1.47,2,4,7,4,2,2,2,23,-18.0,6.0,Broken,Avoid/exit,39,-8.1,-7.0,-8.5,33.9,1,,Basic Materials,2745002240.0,122408.4
CMPX,Compass Therapeutics Inc.,1.91,0,6,4,5,2,2,2,21,-15.0,6.0,Broken,Avoid/exit,20,-7.7,-6.8,-7.8,35.2,1,,Healthcare,383587296.0,3688054.58
VLN,Valens,1.57,1,9,1,0,4,2,2,19,-13.0,6.0,Broken,Avoid/exit,22,-3.7,-8.2,-11.6,35.3,1,,Technology,310823904.0,1754772.31
MGMLF,Maple Gold Mines Ltd,1.82,5,9,7,0,0,4,2,27,-21.0,6.0,Broken,Avoid/exit,39,0.0,-1.1,-2.2,46.0,1,,Basic Materials,158748976.0,78437.71
XELB,Xcel Brands Inc,1.2,3,7,3,0,2,2,2,19,-13.0,6.0,Broken,Avoid/exit,15,-2.4,-7.0,-14.2,33.1,1,,Consumer Cyclical,12596731.0,283269.35
KWIK,KwikClick Inc,0.7,3,7,0,3,4,2,2,21,-15.0,6.0,Broken,Avoid/exit,7,-12.5,-6.7,-24.9,21.0,1,,Technology,7785960.0,352.2
WRN,Western Copper and Gold Corp,2.04,2,5,8,3,0,0,2,20,-14.0,6.0,Broken,Avoid/exit,11,-5.1,-4.2,-5.5,39.9,0,,Basic Materials,661106048.0,1587372.89
SORA,Top Win International Limited,1.65,7,7,0,4,0,4,2,24,-18.0,6.0,Broken,Avoid/exit,21,-21.1,-4.6,-11.5,40.7,0,,Consumer Cyclical,62035676.0,59611.7
JWEL,Jowell Global Ltd.,1.876,3,8,4,0,2,2,2,21,-18.0,6.0,Broken,Avoid/exit,24,4.8,-8.3,-4.5,40.3,2,,Consumer Cyclical,5370056.0,87772.1
INGEF,Ingenia Communities Group,2.74,1,1,3,3,3,3,2,16,-10.0,6.0,Broken,Avoid/exit,17,0.0,-4.7,-2.4,2.9,0,,Real Estate,1171801856.0,214.48
CRVO,CervoMed Inc.,2.58,4,7,1,0,3,4,2,21,-13.0,6.0,Broken,Avoid/exit,16,-3.0,-16.2,-10.5,39.2,1,,Healthcare,27498396.0,79183.09
CFND,C1 Fund Inc.,3.01,0,5,3,6,0,0,2,16,-10.0,6.0,Broken,Avoid/exit,25,-11.7,-11.2,-8.4,33.3,0,,Financial Services,20466664.0,36327.02
WLWHY,Woolworths Holdings Ltd PK,2.85,1,1,3,6,3,0,2,16,-10.0,6.0,Broken,Avoid/exit,10,0.0,-11.2,-7.0,9.2,0,,Consumer Cyclical,2830666240.0,0.0
CLLS,Cellectis SA,2.75,5,7,5,0,0,2,2,21,-15.0,6.0,Broken,Avoid/exit,24,-3.2,4.6,-4.0,41.8,1,,Healthcare,307871136.0,82613.75
SST,System1 Inc,1.74,1,7,2,5,2,2,2,21,-15.0,6.0,Broken,Avoid/exit,19,-4.9,-1.1,-15.3,33.2,1,,Industrials,31904936.0,1079758.78
TQPCX,Touchstone Strategic Income Opportunities Fund Class C,3.23,1,2,2,6,0,2,3,16,-10.0,6.0,Broken,Avoid/exit,15,-0.6,-1.2,-0.9,26.6,0,,nan,nan,0.0
EVAX,Evaxion Biotech AS,2.82,1,6,5,3,2,2,2,21,-15.0,6.0,Broken,Avoid/exit,12,-4.7,-8.3,-6.7,34.8,1,,Healthcare,32276632.0,548888.53
STLY,HG Holdings Inc,3.52,0,1,1,5,3,4,2,16,-10.0,6.0,Broken,Avoid/exit,20,-12.7,-17.4,-12.3,16.6,0,,Financial Services,18925482.0,228.87
QBAK,Qualstar Corporation,2.65,1,6,3,4,3,0,2,19,-13.0,6.0,Broken,Avoid/exit,12,-8.9,-14.5,-10.9,18.1,1,,Industrials,15534596.0,3862.6
DFSC,DEFSEC Technologies Inc.,1.39,3,7,0,1,4,2,2,19,-13.0,6.0,Broken,Avoid/exit,12,-7.9,-25.7,-22.2,29.6,1,,Industrials,7595715.0,266695.01
INDI,indie Semiconductor Inc,3.23,1,7,1,4,4,0,2,19,-13.0,6.0,Broken,Avoid/exit,20,-6.9,-15.7,-11.9,38.0,1,,Technology,1014185280.0,4467684.86
IRD,"Opus Genetics, Inc.",3.71,12,10,4,2,2,2,2,34,-28,6,Broken,Avoid/exit,30,20.5,13.5,4.8,52.6,4,,Healthcare,341861248.0,693756.23
CPCCX,COMSTOCK CAPITAL VALUE FUND RETAIL CLASS C,4.16,3,2,0,6,0,2,3,16,-10.0,6.0,Broken,Avoid/exit,32,-0.5,-1.0,-0.5,38.3,0,,nan,0.0,0.0
ATOS,Atossa Genetics Inc,2.07,2,6,8,5,0,5,3,29,-23.0,6.0,Broken,Avoid/exit,13,-9.8,-16.9,-12.8,34.2,1,,Healthcare,41765428.0,84410.6
CVKD,"Cadrenal Therapeutics, Inc. Common Stock",2.01,3,11,3,0,2,2,2,23,-17.0,6.0,Broken,Avoid/exit,13,-1.5,-6.9,-15.7,30.7,1,,Healthcare,12897855.0,47212.24
TGL,Treasure Global Inc.,2.84,1,6,2,0,4,4,2,19,-13.0,6.0,Broken,Avoid/exit,24,-7.2,-23.0,-16.5,29.2,1,,Technology,7172103.0,378372.39
GURE,"Gulf Resources, Inc. (NV) Common Stock",3.02,0,2,7,6,4,2,2,23,-15.0,6.0,Broken,Avoid/exit,11,-11.2,-18.9,-13.1,34.7,1,,Basic Materials,6927889.0,83521.17
HRZN,Horizon Technology Finance,4.32,2,5,6,2,3,2,2,22,-16.0,6.0,Broken,Avoid/exit,35,0.2,-7.3,-3.1,40.2,1,,Financial Services,317414176.0,863306.73
TOI,Oncology Institute Inc,4.86,4,5,1,6,5,0,2,23,-17.0,6.0,Broken,Avoid/exit,53,-2.4,-9.2,-6.9,43.1,1,,Healthcare,485417152.0,1953762.62
CCM,Concord Medical Services Holdings,4.425,10,9,2,1,2,2,4,30,-24.0,6.0,Broken,Avoid/exit,38,2.9,3.6,-1.2,48.2,1,,Healthcare,20189012.0,15661.07
PIFRX,PUTNAM INCOME FUND CLASS R SHARES,4.91,1,2,2,6,0,2,3,16,-10.0,6.0,Broken,Avoid/exit,15,-0.4,-1.2,-0.8,26.9,0,,nan,0.0,0.0
PNCMX,PUTNAM INCOME FUND CLASS M SHARES,4.75,1,2,2,6,0,2,3,16,-10.0,6.0,Broken,Avoid/exit,15,-0.6,-1.2,-0.9,27.7,0,,nan,0.0,0.0
PUICX,PUTNAM INCOME FUND CLASS C SHARES,4.92,1,2,2,6,0,2,3,16,-10.0,6.0,Broken,Avoid/exit,15,-0.4,-1.2,-0.8,26.6,0,,nan,0.0,0.0
GLNS,Golden Star Resource Corp ,0.802,3,4,2,3,3,3,2,20,-15.0,5.0,Broken,Avoid/exit,12,0.0,0.0,-3.6,0.3,1,,Basic Materials,7070000.0,27.85
RDHL,Redhill Biopharma Ltd,0.65,3,10,2,1,2,2,2,22,-17.0,5.0,Broken,Avoid/exit,13,2.7,-7.8,-8.7,38.5,0,,Healthcare,4999702.0,755030.11
BLNE,"Beeline Holdings, Inc.",0.876,4,4,3,0,2,0,2,15,-10.0,5.0,Broken,Avoid/exit,17,-6.0,-6.8,-12.5,34.5,0,,Financial Services,37414456.0,1087578.85
ESLA,Estrella Immunopharma Inc.,0.714,5,6,4,3,2,0,2,22,-15.0,5.0,Broken,Avoid/exit,15,-8.5,-15.0,-12.8,33.6,1,,Healthcare,44755596.0,174228.43
GERN,Geron Corporation,1.29,2,6,7,1,0,2,2,20,-15.0,5.0,Broken,Avoid/exit,22,-9.2,-10.4,-7.7,39.8,1,,Healthcare,776240384.0,11925645.57
HELFY,HelloFresh SE,0.922,5,7,1,3,0,2,2,20,-15.0,5.0,Broken,Avoid/exit,15,-5.1,-5.0,-7.6,39.3,1,,Consumer Cyclical,670840896.0,11396.59
MIST,Milestone Pharmaceuticals Inc,1.11,4,9,3,0,2,0,2,20,-15.0,5.0,Broken,Avoid/exit,15,-4.3,-6.3,-6.7,39.3,1,,Healthcare,160602400.0,2795454.57
ENSIF,ENSIF,1.061,1,7,2,1,0,2,2,15,-10.0,5.0,Broken,Avoid/exit,0,-1.3,-9.7,-7.0,38.7,0,,nan,nan,0.0
WCT,Wellchange Holdings Company Limited,0.802,4,3,2,3,2,6,2,22,-15.0,5.0,Broken,Avoid/exit,15,-7.6,-30.8,-18.5,38.5,1,,Technology,7466693.0,501469.51
KLDCF,Kenorland Minerals Ltd,1.49,3,5,2,1,2,2,3,18,-13.0,5.0,Broken,Avoid/exit,24,-4.5,-3.2,-3.3,46.0,1,,Basic Materials,120063616.0,42719.53
IVF,"INVO Fertility, Inc.",0.937,2,8,4,0,4,2,2,22,-15.0,5.0,Broken,Avoid/exit,28,-6.3,-9.9,-15.5,35.5,1,,Healthcare,2746212.0,583313.8
GDTRF,Gladiator Metals Corp,1.912,3,6,2,4,5,0,2,22,-17.0,5.0,Broken,Avoid/exit,46,-9.0,-11.7,-9.3,43.2,1,,Basic Materials,175606112.0,41416.9
ISPR,Ispire Technology Inc. Common Stock,1.45,2,7,2,5,4,0,5,25,-18.0,5.0,Broken,Avoid/exit,21,-6.5,-17.1,-7.9,43.6,1,,Consumer Defensive,92413032.0,75364.11
DOUG,Douglas Elliman Inc,1.69,1,4,3,1,2,2,2,15,-10.0,5.0,Broken,Avoid/exit,38,-1.2,-10.1,-5.0,39.7,0,,Real Estate,160449232.0,541452.64
WPRT,Westport Fuel Systems Inc,1.765,1,10,2,1,3,0,2,19,-15.0,5.0,Broken,Avoid/exit,23,-7.8,-7.8,-6.0,39.8,1,,Consumer Cyclical,33921684.0,59540.58
BDTX,Black Diamond Therapeutics Inc,1.69,0,6,5,1,2,4,2,20,-15.0,5.0,Broken,Avoid/exit,9,-4.0,-5.6,-6.0,40.1,1,,Healthcare,119760704.0,1066736.67
DBLVF,Doubleview Gold Corp,1.31,1,6,4,1,4,2,2,20,-13.0,5.0,Broken,Avoid/exit,30,-8.4,-9.0,-10.8,35.9,1,,Basic Materials,460123616.0,165515.12
FRACF,Foraco International SA,1.64,1,7,2,0,3,0,2,15,-8.0,5.0,Broken,Avoid/exit,11,-5.7,-3.5,-7.0,32.1,0,,Basic Materials,214512928.0,8214.32
ABOS,Acumen Pharmaceuticals Inc,2.15,2,8,3,1,2,2,2,20,-15.0,5.0,Broken,Avoid/exit,28,0.9,-4.4,-5.8,42.1,1,,Healthcare,165401168.0,469703.54
SATLW,Satellogic Inc. Warrant,0.3,1,5,2,8,0,0,2,18,-13.0,5.0,Broken,Avoid/exit,12,-29.4,-26.9,-47.3,39.7,1,,nan,nan,65095.13
BNNLF,Bannerman Resources Ltd,2.11,0,7,8,1,2,0,2,20,-15.0,5.0,Broken,Avoid/exit,10,-10.2,-6.2,-7.1,41.8,1,,Energy,544259072.0,56075.31
GAIA,Gaia Inc,1.85,1,7,4,0,4,2,2,20,-15.0,5.0,Broken,Avoid/exit,10,-1.1,-8.9,-6.9,33.4,1,,Communication Services,61260308.0,72062.56
SQFT,Presidio Property Trust,2.17,0,5,8,5,2,0,2,22,-15.0,5.0,Broken,Avoid/exit,19,-5.7,-6.5,-7.0,33.0,1,,Real Estate,3051160.0,411625.36
TKGBY,Turkiye Garanti Bankasi AS,2.6,1,1,3,6,0,0,2,13,-8.0,5.0,Broken,Avoid/exit,14,-7.8,-3.0,-7.6,38.2,0,,Financial Services,13572413440.0,9265.12
BMBL,Bumble Inc,2.85,1,4,8,0,0,2,2,17,-15.0,5.0,Broken,Avoid/exit,22,1.4,-2.4,-3.4,43.7,2,,Communication Services,453522048.0,3347648.81
AISP,Airship AI Holdings Inc,1.75,0,6,2,1,2,2,2,15,-10.0,5.0,Broken,Avoid/exit,11,-12.9,-12.5,-14.5,26.1,0,,Technology,103663072.0,816216.48
UGRO,Urban-Gro Inc,1.7,3,2,1,9,0,2,2,19,-14.0,5.0,Broken,Avoid/exit,17,-10.1,-40.8,-33.7,32.1,1,,Industrials,4042144.0,1760299.22
PEVM,Phoenix Motor Inc.,0.76,3,6,1,3,0,3,2,18,-13.0,5.0,Broken,Avoid/exit,22,0.0,1.2,-35.7,23.1,1,,nan,102010424.0,965.29
GOAI,Eva Live Inc. Common Stock,1.97,1,8,2,0,3,4,2,20,-13.0,5.0,Broken,Avoid/exit,14,3.1,-19.6,-10.7,33.7,2,,Technology,111798288.0,128843.53
XMGFX,MFS Government Markets Income Trust,2.99,1,2,0,6,0,3,3,15,-10.0,5.0,Broken,Avoid/exit,15,-0.3,-2.0,-1.1,33.3,0,,Other,0.0,0.0
AMXEF,Amex Exploration Inc,2.73,6,9,5,1,0,4,2,27,-22.0,5.0,Broken,Avoid/exit,30,4.1,7.5,-2.3,45.6,2,,Basic Materials,511855104.0,52922.42
ELDN,Eledon Pharmaceuticals Inc,3.38,3,8,1,0,4,0,2,18,-13.0,5.0,Broken,Avoid/exit,40,-5.6,-17.0,-8.0,38.9,1,,Healthcare,277876160.0,1436607.91
AFMMX,API SHORT TERM BOND FUND CLASS L SHARES,3.44,1,2,1,6,0,2,3,15,-10.0,5.0,Broken,Avoid/exit,14,-0.3,-0.9,-0.6,32.3,0,,nan,0.0,0.0
TQPIX,Touchstone Strategic Income Opportunities Fund Institutional Class,3.2,1,2,1,6,0,2,3,15,-10.0,5.0,Broken,Avoid/exit,15,-0.6,-1.2,-0.9,31.2,0,,nan,nan,0.0
EUTLF,Eutelsat Communications SA,2.36,3,7,4,0,4,3,2,23,-16.0,5.0,Broken,Avoid/exit,23,3.1,-3.7,-5.8,35.1,2,,Communication Services,4476023808.0,9695.71
EEIQ,Elite Education Group International Ltd,2.06,1,10,7,0,2,2,2,24,-19.0,5.0,Broken,Avoid/exit,22,-4.6,-18.3,-14.0,32.1,1,,Consumer Defensive,5149154.0,861524.02
EWIIF,EWIIF,3.1,0,1,1,5,2,4,2,15,-10.0,5.0,Broken,Avoid/exit,33,-8.6,-9.1,-10.5,18.0,0,,nan,nan,525.1
ATHE,Alterity Therapeutics Ltd,4.42,4,7,1,2,4,0,2,20,-13.0,5.0,Broken,Avoid/exit,39,-2.6,-11.2,-7.4,40.2,1,,Healthcare,70690208.0,39581.59
IDN,Intellicheck Mobilisa Inc,3.61,3,5,3,0,0,2,2,15,-10.0,5.0,Broken,Avoid/exit,9,-0.6,-3.2,-6.0,31.8,0,,Technology,87890296.0,339113.44
OPEG,Leverage Shares 2X Long OPEN Daily ETF,2.7,1,6,0,0,4,2,2,15,-10.0,5.0,Broken,Avoid/exit,15,-4.8,-32.3,-23.4,35.9,0,,nan,nan,0.0
COYA,"Coya Therapeutics, Inc. Common Stock",4.19,1,10,2,0,3,2,2,20,-13.0,5.0,Broken,Avoid/exit,21,-1.4,-7.7,-7.4,38.7,1,,Healthcare,108841328.0,183081.59
OWLT,Owlet Inc,5.14,1,5,3,2,5,4,2,22,-17.0,5.0,Broken,Avoid/exit,29,-2.1,-8.2,-5.3,42.4,1,,Healthcare,148195968.0,245365.47
LESL,Leslies Inc,0.951,1,7,0,2,4,2,2,18,-13.0,5.0,Broken,Avoid/exit,21,-23.3,-63.3,-68.4,25.0,1,,Consumer Cyclical,49885856.0,421535.09
YACAF,Yancoal Australia Ltd,3.86,4,6,2,4,0,0,3,19,-10.0,5.0,Broken,Avoid/exit,16,-12.5,0.3,-4.8,42.6,0,,Energy,6777089024.0,15019.16
LPL,LG Display Co Ltd,3.0,1,10,2,1,4,2,2,22,-17.0,5.0,Broken,Avoid/exit,13,-5.4,-8.8,-10.3,34.6,1,,Technology,4834999808.0,1117619.64
ACRE,Ares Commercial Real Estate,4.26,0,6,4,1,2,0,2,15,-10.0,5.0,Broken,Avoid/exit,6,-6.4,-7.8,-5.5,35.9,1,,Real Estate,280179616.0,467124.03
BCDA,Biocardia Inc,0.82,1,11,2,0,3,0,2,19,-13.0,4.0,Broken,Avoid/exit,12,-3.5,-1.2,-6.6,41.9,1,,Healthcare,11715965.0,1017397.27
WETO,Webus International Limited Ordinary Shares,0.09,1,8,0,5,3,2,2,21,-13.0,4.0,Broken,Avoid/exit,13,-10.9,-87.0,-75.9,28.0,2,,Technology,83230000.0,624247.66
EHSI,Emerging Healthcare Solutions Inc,0.9,1,3,3,1,6,3,2,19,-15.0,4.0,Broken,Avoid/exit,24,0.0,-3.2,-4.2,6.4,1,,Healthcare,31088566.0,1469.8
RKDA,Arcadia Biosciences Inc,0.625,8,6,7,0,2,2,2,27,-23.0,4.0,Broken,Avoid/exit,16,-2.3,-6.7,-6.6,38.0,2,,Consumer Defensive,2200866.0,502551.06
LCTX,Lineage Cell Therapeutics Inc,1.08,4,9,3,1,2,2,2,23,-19.0,4.0,Broken,Avoid/exit,24,4.9,-6.9,-5.4,39.5,2,,Healthcare,301650944.0,1427125.1
SVMB,SavMobi Technology Inc.,0.848,0,1,5,3,3,0,2,14,-10.0,4.0,Broken,Avoid/exit,7,-15.2,-15.2,-12.5,23.9,0,,Technology,666378496.0,66.72
SAPLF,Sylvania Platinum Limited,1.02,0,2,9,5,0,0,2,18,-10.0,4.0,Broken,Avoid/exit,18,-11.3,-17.4,-11.4,27.2,0,,Basic Materials,383059808.0,23242.82
IMRN,Immuron Ltd ADR,1.09,2,9,4,2,5,0,3,25,-21.0,4.0,Broken,Avoid/exit,37,-1.8,-9.9,-4.1,45.8,1,,Healthcare,10207925.0,268697.84
XWEL,XWELL Inc.,0.98,7,8,7,0,0,4,2,28,-24.0,4.0,Broken,Avoid/exit,21,-6.7,-8.4,-7.1,40.5,1,,Healthcare,11315317.0,2739377.67
MYSE,"Myseum, Inc.",2.11,2,2,2,8,3,4,2,23,-19.0,4.0,Broken,Avoid/exit,38,-14.6,-26.0,-13.3,37.2,1,,Technology,8118926.0,1543368.9
AUDGF,Audinate Group Limited,1.3,3,3,3,0,3,2,2,16,-15.0,4.0,Broken,Avoid/exit,12,0.0,-6.5,-5.1,30.9,1,,Technology,147574976.0,339.34
NWARF,Norwegian Air Shuttle ASA,1.2,1,3,3,0,3,2,2,14,-10.0,4.0,Broken,Avoid/exit,13,-7.7,-7.7,-9.4,21.8,0,,Industrials,1777387136.0,5168.68
DYNDF,Dye & Durham Limited,0.62,2,7,2,0,4,0,2,17,-13.0,4.0,Broken,Avoid/exit,8,-31.1,-26.9,-27.0,29.6,1,,Technology,122943720.0,24188.23
RDZN,Roadzen Inc.,1.15,3,6,6,0,0,2,2,19,-15.0,4.0,Broken,Avoid/exit,16,-3.4,-0.9,-6.6,37.6,1,,Technology,156142864.0,346505.05
ADTGLX,ADTGLX,1.732,1,5,0,6,0,4,3,19,-15.0,4.0,Broken,Avoid/exit,17,-0.0,-0.6,-0.5,34.6,0,,nan,nan,0.0
HFFG,Hf Foods Group Inc,1.5,2,6,4,1,4,2,2,21,-15.0,4.0,Broken,Avoid/exit,13,-3.5,-9.1,-6.8,38.0,1,,Consumer Defensive,100528432.0,136145.93
NAK,Northern Dynasty Minerals Ltd,1.4,1,9,2,1,4,0,2,19,-15.0,4.0,Broken,Avoid/exit,20,-11.4,-14.1,-13.3,33.2,1,,Basic Materials,1173851904.0,10613769.3
CDIO,Cardio Diagnostics Holdings Inc,1.56,1,3,5,0,4,4,2,19,-15.0,4.0,Broken,Avoid/exit,20,0.6,-9.3,-8.3,35.6,2,,Healthcare,6362858.0,1272800.06
UGSDX,U.S. GOVERNMENT SECURITIES ULTRA-SHORT BOND FUND U.S. GOVERNMENT SECURITIES ULTRA-SHORT BOND FUND,1.94,1,2,0,6,0,2,3,14,-10.0,4.0,Broken,Avoid/exit,14,-0.5,-0.5,-0.5,16.0,0,,nan,0.0,0.0
BCARW,D. Boral ARC Acquisition I Corp. Warrant,0.69,1,6,0,1,2,0,2,12,-8.0,4.0,Broken,Avoid/exit,35,-46.1,-54.0,-38.9,38.4,0,,nan,nan,0.0
VLVOF,Volvo Car AB (publ.),1.935,1,3,2,0,3,3,2,14,-10.0,4.0,Broken,Avoid/exit,18,0.0,-3.2,-4.0,25.8,0,,Consumer Cyclical,7144846848.0,324.0
LQRCF,Black Mammoth Metals Corporation,2.635,0,10,8,5,3,4,2,32,-28.0,4.0,Broken,Avoid/exit,27,-8.0,-2.0,-2.5,46.2,1,,Basic Materials,114585928.0,11083.52
SPAIF,Sprout AI Inc,1.8,3,11,3,3,2,2,2,26,-22.0,4.0,Broken,Avoid/exit,34,5.9,-14.3,-6.8,42.0,1,,Technology,65641088.0,101552.05
WLSS,Welsis Corp.,0.6,1,3,0,3,3,7,2,19,-15.0,4.0,Broken,Avoid/exit,10,0.0,0.0,-51.3,0.1,1,,Healthcare,6854141.0,62.4
NDBI,NUCLEAR DIAMOND BATTERIES INC.,1.72,3,3,3,0,3,0,2,14,-10.0,4.0,Broken,Avoid/exit,17,-31.2,-14.0,-18.2,40.6,0,,Industrials,nan,307.71
CPYYF,Centrica plc,2.13,1,2,4,2,3,0,2,14,-10.0,4.0,Broken,Avoid/exit,20,-2.7,-7.8,-5.1,13.8,1,,Utilities,11413060608.0,0.0
GCTS,GCT Semiconductor Holding Inc,1.86,6,8,3,0,4,2,2,25,-21.0,4.0,Broken,Avoid/exit,38,-4.6,-11.4,-12.8,36.7,1,,Technology,269183488.0,3001375.61
EP,Empire Petroleum Corp,2.49,1,4,6,1,2,0,2,16,-15.0,4.0,Broken,Avoid/exit,16,-2.4,-0.4,-3.8,43.0,1,,Energy,105847264.0,57277.63
PCSA,Processa Pharmaceuticals Inc,2.15,3,9,0,5,4,0,3,24,-18.0,4.0,Broken,Avoid/exit,25,-17.3,-6.9,-7.1,47.0,1,,Healthcare,7562976.0,393023.37
MIMI,Mint Incorporation Limited Class A Ordinary Shares,1.67,3,6,1,3,2,0,2,17,-13.0,4.0,Broken,Avoid/exit,27,-14.8,-32.1,-20.4,38.3,1,,Industrials,8039137.0,526043.06
REDLF,Red 5 Limited,3.146,4,4,5,2,3,0,5,23,-20.0,4.0,Broken,Avoid/exit,33,-7.5,-3.2,-5.1,45.6,0,,Basic Materials,3310610944.0,5557.49
BHST,BioHarvest Sciences Inc. Common Stock,2.16,4,9,0,2,2,2,2,21,-15.0,4.0,Broken,Avoid/exit,13,12.5,-20.0,-11.0,32.1,2,,Consumer Defensive,80697520.0,51515.6
CIZ,VictoryShares Developed Enhanced Volatility Wtd ETF,1.85,2,4,4,0,2,0,2,14,-10.0,4.0,Broken,Avoid/exit,23,-9.8,-6.3,-13.1,27.9,0,,nan,nan,1128289.72
BCAB,Bioatla Inc,3.29,3,5,3,6,2,2,2,23,-19.0,4.0,Broken,Avoid/exit,47,-2.4,-16.7,-8.6,41.8,1,,Healthcare,5791843.0,38727.02
TQPYX,Touchstone Strategic Income Opportunities Fund,3.2,1,2,0,6,0,2,3,14,-10.0,4.0,Broken,Avoid/exit,15,-0.6,-1.2,-1.0,30.8,0,,nan,nan,0.0
SJT,San Juan Basin Royalty Trust,2.51,3,7,2,3,0,2,2,19,-15.0,4.0,Broken,Avoid/exit,8,-0.4,-7.0,-6.7,31.8,2,,Energy,175249072.0,201274.19
ODYS,Odysight.ai Inc. Common Stock,4.22,5,5,6,6,2,4,5,33,-29.0,4.0,Broken,Avoid/exit,15,-5.2,-14.2,-5.1,43.0,1,,Technology,69122568.0,236594.85
LSE,"Leishen Energy Holding Co., Ltd. Ordinary Shares",4.26,6,4,1,4,4,1,2,22,-18.0,4.0,Broken,Avoid/exit,18,-2.1,-3.2,-5.6,45.3,0,,Energy,54480000.0,11566.9
APIMX,API SHORT TERM BOND FUND CLASS A SHARES,3.85,1,2,0,6,0,2,3,14,-10.0,4.0,Broken,Avoid/exit,14,-0.5,-1.0,-0.6,35.1,0,,nan,0.0,0.0
ETCG,Grayscale Ethereum Classic Trust (Etc),3.36,0,6,2,0,0,4,2,14,-10.0,4.0,Broken,Avoid/exit,19,-4.5,-11.6,-8.8,29.7,0,,nan,nan,39694.59
APIBX,API SHORT TERM BOND FUND INSTITUTIONAL CLASS,4.15,1,2,0,6,0,2,3,14,-10.0,4.0,Broken,Avoid/exit,14,-0.5,-1.0,-0.6,34.9,0,,nan,0.0,0.0
ABUS,Arbutus Biopharma Corp,4.34,1,7,2,0,2,0,2,14,-10.0,4.0,Broken,Avoid/exit,38,-0.9,-4.8,-3.6,43.5,0,,Healthcare,839535296.0,1630167.49
CHYCF,Chiyoda Corporation,3.88,2,1,2,6,0,1,2,14,-10.0,4.0,Broken,Avoid/exit,10,-6.1,-6.1,-5.2,0.3,0,,Industrials,1223250304.0,15.0
SLXN,Biomotion Sciences Ordinary Shares,1.88,1,5,1,3,7,0,2,19,-15.0,4.0,Broken,Avoid/exit,34,-17.2,-27.1,-20.3,38.2,1,,Healthcare,2036315.0,198109.05
BLDP,Ballard Power Systems Inc,2.67,3,12,3,1,2,2,2,25,-21.0,4.0,Broken,Avoid/exit,31,-7.9,-1.1,-11.7,36.1,1,,Industrials,1829958400.0,5923122.68
ATNM,Actinium Pharmaceuticals Inc,0.837,1,9,4,0,2,0,2,18,-15.0,3.0,Broken,Avoid/exit,11,-2.7,-9.2,-7.0,34.1,1,,Healthcare,34826244.0,172009.16
IRIX,IRIDEX Corporation,0.82,1,6,2,1,2,2,2,16,-13.0,3.0,Broken,Avoid/exit,16,-7.9,-12.2,-13.8,16.0,1,,Healthcare,18973106.0,139457.1
AGMH,AGM Group Holdings Inc Class A,0.75,0,7,0,0,4,0,2,13,-10.0,3.0,Broken,Avoid/exit,22,-31.8,-27.2,-23.3,31.7,0,,Technology,2689749.0,1305591.58
CLCHF,CLCHF,0.73,0,9,4,0,3,0,2,18,-15.0,3.0,Broken,Avoid/exit,0,-8.8,-7.6,-11.7,30.0,1,,Basic Materials,398180064.0,0.0
GGAZF,Goldgroup Mining Inc.,2.15,7,8,1,4,7,0,5,32,-30,3,Broken,Avoid/exit,50,-49.4,-53.9,-26.1,42.5,2,,Basic Materials,302378912.0,274020.74
BTAI,BioXcel Therapeutics Inc,0.808,1,8,2,3,4,0,2,20,-15.0,3.0,Broken,Avoid/exit,14,-4.7,-8.9,-11.7,36.8,1,,Healthcare,37979452.0,1437702.93
BNGO,Bionano Genomics Inc,1.07,1,4,6,1,4,0,2,18,-15.0,3.0,Broken,Avoid/exit,30,-3.6,-7.0,-4.3,37.3,1,,Healthcare,13655251.0,405126.7
STKE,Sol Strategies Inc. Common Shares,0.992,2,5,5,0,2,2,2,18,-15.0,3.0,Broken,Avoid/exit,23,-6.4,-9.8,-12.7,35.4,1,,Financial Services,49505328.0,348799.81
TRAW,Traws Pharma Inc,0.45,3,7,4,0,2,2,2,20,-15.0,3.0,Broken,Avoid/exit,14,-7.8,-32.9,-26.5,26.6,1,,Healthcare,21968470.0,884229.85
MRKR,Marker Therapeutics Inc,1.13,1,7,2,0,4,0,2,16,-13.0,3.0,Broken,Avoid/exit,22,-7.4,-13.7,-11.6,30.7,1,,Healthcare,23759206.0,483802.49
ADTGKX,ADTGKX,1.429,1,2,2,6,0,4,3,18,-15.0,3.0,Broken,Avoid/exit,20,-0.0,-0.4,-0.3,36.0,0,,nan,nan,0.0
UTKN,"Universal Token, Inc.",1.14,0,1,3,3,2,2,2,13,-10.0,3.0,Broken,Avoid/exit,15,-16.2,-18.6,-14.7,25.6,0,,Industrials,163310096.0,797.87
MTLRF,Metalore Resources Limited,1.6,1,1,1,5,0,3,2,13,-10.0,3.0,Broken,Avoid/exit,7,0.0,-4.2,-1.8,0.0,0,,Energy,3195063.0,5.0
TRON,Tron Inc.,1.4,2,6,8,4,0,4,2,26,-23.0,3.0,Broken,Avoid/exit,23,-4.1,-1.4,-7.0,40.9,1,,Consumer Cyclical,882350656.0,1650976.94
ELLKF,Ellaktor S.A,1.3,1,3,1,3,3,5,2,18,-15.0,3.0,Broken,Avoid/exit,0,0.0,-29.7,-13.4,1.5,1,,Industrials,726946432.0,0.0
MDAI,Spectral AI Inc.,1.55,1,6,6,3,2,0,2,20,-17.0,3.0,Broken,Avoid/exit,28,-5.5,-7.2,-6.2,36.6,1,,Healthcare,61738532.0,607696.62
GLGDF,GoGold Resources Inc.,2.06,1,6,7,3,0,0,2,19,-16.0,3.0,Broken,Avoid/exit,26,-3.3,-1.4,-4.7,42.4,0,,Basic Materials,1040282368.0,460124.94
EVGO,Evgo Inc,1.58,6,8,3,1,0,2,2,22,-19.0,3.0,Broken,Avoid/exit,21,11.3,-6.0,-5.4,42.5,2,,Consumer Cyclical,781509824.0,4002601.88
AREC,American Resources Corp Class A,1.79,6,12,5,2,2,2,2,31,-28,3,Broken,Avoid/exit,27,2.9,14.0,-0.7,46.7,4,,Basic Materials,254591632.0,5338498.57
IMNN,Imunon Inc,1.59,5,7,0,0,2,2,2,18,-13.0,3.0,Broken,Avoid/exit,17,5.3,-13.1,-7.3,35.4,2,,Healthcare,8824447.0,77313.16
CLVT,CLARIVATE PLC,1.98,1,3,2,6,2,2,2,18,-15.0,3.0,Broken,Avoid/exit,16,-2.9,-17.2,-9.1,42.0,1,,Technology,1591649152.0,5463686.86
RR,Richtech Robotics Inc. Class B Common Stock,1.42,1,9,4,0,2,2,2,20,-17.0,3.0,Broken,Avoid/exit,15,-8.4,-11.3,-13.3,32.1,1,,Industrials,602591104.0,28191616.42
WBQNL,Woodbridge Liquidation Trust,2.08,0,6,1,6,0,0,2,15,-8.0,3.0,Broken,Avoid/exit,9,-5.9,-5.9,-6.0,21.4,0,,Industrials,28773374.0,1717.89
TDTH,Trident Digital Tech Holdings Ltd American Depository Shares,2.33,8,4,4,4,3,4,5,32,-29.0,3.0,Broken,Avoid/exit,46,-21.0,-18.0,-9.9,46.8,1,,Technology,15619416.0,50801.82
RELV,Reliv International Inc,1.83,4,4,0,3,3,2,2,18,-15.0,3.0,Broken,Avoid/exit,15,0.0,-26.8,-8.3,32.7,1,,Consumer Defensive,2565054.0,71.69
INRLF,Valneva SE,2.43,0,1,7,2,3,3,2,18,-15.0,3.0,Broken,Avoid/exit,17,-7.3,-7.3,-6.0,14.0,1,,Healthcare,519632544.0,376.19
HDRN,HDRN,1.53,3,6,6,0,4,2,2,23,-18.0,3.0,Broken,Avoid/exit,0,-10.3,-23.5,-18.9,21.5,1,,Industrials,185939888.0,0.0
CNVS,Cineverse Corp.,2.4,4,7,3,0,2,0,2,18,-13.0,3.0,Broken,Avoid/exit,30,2.1,-4.0,-5.4,39.8,2,,Communication Services,54940752.0,195990.92
MTVA,MetaVia Inc.,1.42,2,6,3,3,2,0,2,18,-13.0,3.0,Broken,Avoid/exit,24,-4.1,-17.0,-10.0,37.5,1,,Healthcare,13840512.0,1317013.41
RCKT,Rocket Pharmaceuticals Inc,3.11,2,2,3,2,3,4,2,18,-15.0,3.0,Broken,Avoid/exit,20,-2.5,-9.6,-7.1,38.9,1,,Healthcare,318845184.0,2987362.16
GIG,GigCapital7 Corp. Class A Ordinary Share,1.53,3,6,1,0,4,2,2,18,-13.0,3.0,Broken,Avoid/exit,11,-10.3,-23.5,-18.9,21.5,0,,Financial Services,171999984.0,275045.5
SYPR,Sypris Solutions Inc,1.86,6,7,5,0,0,2,2,22,-19.0,3.0,Broken,Avoid/exit,12,-2.1,2.2,-8.1,37.4,1,,Consumer Cyclical,70183944.0,151085.5
NXTC,NextCure  Inc,4.145,9,2,2,4,0,5,5,27,-24.0,3.0,Broken,Avoid/exit,23,-2.2,-30.8,-5.1,48.8,1,,Healthcare,11522586.0,49749.28
SSP,E. W. Scripps Co Class A,2.81,0,3,6,1,4,4,2,20,-15.0,3.0,Broken,Avoid/exit,14,-6.0,-9.4,-6.5,41.3,1,,Communication Services,305746336.0,921536.38
DSWL,Deswell Industries Inc,3.25,0,5,0,2,4,0,2,13,-8.0,3.0,Broken,Avoid/exit,25,-6.6,-9.2,-5.9,38.7,0,,Technology,52745640.0,15490.46
LTRN,Lantern Pharma Inc,2.63,1,6,2,3,4,2,2,20,-17.0,3.0,Broken,Avoid/exit,30,-4.4,-8.4,-11.8,36.6,1,,Healthcare,48356124.0,274873.81
CREX,Creative Realities Inc,3.14,1,10,2,0,3,0,2,18,-13.0,3.0,Broken,Avoid/exit,30,-1.9,-9.2,-7.4,37.8,1,,Technology,42480416.0,56581.59
DETX,"Liberty Defense Holdings, Ltd. Common Shares",3.04,0,5,4,3,2,2,2,18,-15.0,3.0,Broken,Avoid/exit,0,-8.2,-7.9,-10.9,30.7,1,,Industrials,25517316.0,0.0
HOIBX,Homestead Intermediate Bond Fund,4.5,1,3,1,6,0,4,3,18,-15.0,3.0,Broken,Avoid/exit,15,-0.2,-1.1,-0.7,34.4,0,,nan,nan,0.0
AIRJ,AirJoule Technologies Corporation,4.23,8,11,2,1,5,4,2,33,-30.0,3.0,Broken,Avoid/exit,45,1.4,13.1,-0.9,49.0,3,,Industrials,384459712.0,518090.08
ABLV,Able View Global Inc. Class B Ordinary Shares,0.83,1,2,3,3,2,4,2,17,-15.0,2.0,Broken,Avoid/exit,28,-10.8,-17.8,-13.3,29.8,1,,Consumer Cyclical,54822812.0,248317.12
WHGOF,White Gold Corp,1.089,3,7,7,3,0,2,2,24,-22.0,2.0,Broken,Avoid/exit,43,-1.4,-1.7,-4.8,41.8,1,,Basic Materials,336753248.0,128685.91
TUNGF,American Tungsten Corp.,0.97,5,9,2,1,4,0,2,23,-21.0,2.0,Broken,Avoid/exit,11,-13.7,-10.2,-14.9,30.7,1,,Basic Materials,103212648.0,395679.2
SEGG,Lottery.com Inc.,0.49,1,7,3,0,2,0,2,15,-13.0,2.0,Broken,Avoid/exit,18,-22.2,-41.6,-30.6,30.5,1,,Consumer Cyclical,27347096.0,4350730.6
REED,"Reed's, Inc.",0.83,3,7,4,3,4,2,2,25,-23.0,2.0,Broken,Avoid/exit,8,-10.8,-17.0,-17.9,22.1,1,,Consumer Defensive,21105612.0,27132.96
BYSI,BeyondSpring Inc,1.15,4,9,2,0,2,2,2,21,-19.0,2.0,Broken,Avoid/exit,26,2.7,-10.9,-10.6,34.0,2,,Healthcare,70314896.0,99011.27
FRSX,Foresight Autonomous Holdings Ltd ADR,1.31,1,7,2,1,4,0,2,17,-15.0,2.0,Broken,Avoid/exit,20,-3.1,-5.8,-8.3,37.2,1,,Consumer Cyclical,4505939.0,123691.54
ABTS,Abits Group Inc.,1.02,1,5,7,6,0,0,2,21,-19.0,2.0,Broken,Avoid/exit,17,-10.5,-14.3,-12.4,40.6,1,,Financial Services,6100580.0,992291.53
TII,Titan Mining Corporation,1.96,2,6,4,0,0,0,2,14,-12.0,2.0,Broken,Avoid/exit,23,-3.0,-4.4,-5.9,42.1,0,,Basic Materials,226062640.0,358395.63
RAIN,"Rain Enhancement Technologies Holdco, Inc. Class A Common Stock",1.44,2,8,3,0,2,2,2,19,-17.0,2.0,Broken,Avoid/exit,15,-1.4,-7.1,-10.9,41.9,2,,Industrials,18056378.0,40701.12
RUMBW,Rumble Inc.,1.46,3,6,4,3,2,0,2,20,-18.0,2.0,Broken,Avoid/exit,27,-2.7,-12.6,-10.8,42.4,0,,nan,nan,21011.16
ADTGDX,ADTGDX,2.208,1,2,1,6,0,4,3,17,-15.0,2.0,Broken,Avoid/exit,20,-0.0,-0.3,-0.2,37.6,0,,nan,nan,0.0
SAFLF,Safilo Group S.p.A,1.86,0,1,1,5,3,0,2,12,-10.0,2.0,Broken,Avoid/exit,13,-7.5,-7.5,-6.2,0.1,0,,Healthcare,863459136.0,0.0
ECSNF,EcoSynthetix Inc,1.89,1,11,0,2,3,0,2,19,-13.0,2.0,Broken,Avoid/exit,13,-5.5,-10.8,-6.2,26.6,1,,Basic Materials,143585264.0,201.1
SNT,Senstar Technologies Ltd,1.63,4,8,2,2,0,2,2,20,-18.0,2.0,Broken,Avoid/exit,7,-7.4,-5.8,-9.4,31.6,0,,Industrials,60662292.0,48517.78
INNPF,InnoCan Pharma Corporation,1.9,0,3,2,4,3,2,5,19,-13.0,2.0,Broken,Avoid/exit,9,-13.2,-23.4,-9.2,38.7,1,,Consumer Defensive,11021992.0,199.38
ACH,Accendra Health Inc,3.09,4,4,4,7,0,0,2,21,-19.0,2.0,Broken,Avoid/exit,31,-1.6,-11.0,-6.1,43.6,1,,Healthcare,197585952.0,1536210.31
SYT,"SYLA Technologies Co., Ltd. American Depositary Shares",2.36,4,4,1,1,0,0,2,12,-10.0,2.0,Broken,Avoid/exit,11,-5.2,-4.1,-4.9,38.2,0,,Technology,60158036.0,1915.11
FKWL,Franklin Wireless Corp,2.28,3,4,6,1,0,5,2,21,-19.0,2.0,Broken,Avoid/exit,9,-2.6,-3.8,-4.4,29.3,1,,Technology,33703040.0,16945.94
ICU,SeaStar Medical Holding Corporation,3.13,5,6,0,0,2,4,2,19,-17.0,2.0,Broken,Avoid/exit,44,-16.5,-21.8,-16.9,32.3,1,,Healthcare,13110166.0,170458.99
CIAFF,Champion Iron Limited,2.5,0,2,4,1,2,0,2,11,-10.0,2.0,Broken,Avoid/exit,4,-9.1,-10.3,-8.9,27.1,0,,Basic Materials,1765827968.0,17836.34
ADTGFX,ADTGFX,3.144,1,2,1,6,0,4,3,17,-15.0,2.0,Broken,Avoid/exit,18,-0.1,-0.5,-0.4,35.8,0,,nan,nan,0.0
VTIX,Virtuix Holdings Inc. Class A Common Stock,1.57,1,4,2,6,2,0,2,17,-15.0,2.0,Broken,Avoid/exit,0,-40.5,-44.5,-34.9,29.0,1,,Technology,117462272.0,0.0
ACON,Aclarion Inc,2.25,1,7,2,0,3,2,2,17,-15.0,2.0,Broken,Avoid/exit,13,-7.0,-12.8,-9.5,34.6,1,,Healthcare,8420895.0,345816.67
FHYTDX,FHYTDX,3.517,1,2,0,6,0,1,2,12,-10.0,2.0,Broken,Avoid/exit,11,-1.6,-2.4,-2.2,21.4,0,,nan,nan,0.0
BGS,B&G Foods Inc,3.53,5,5,5,1,0,2,2,20,-18.0,2.0,Broken,Avoid/exit,17,0.6,-4.9,-5.0,36.7,2,,Consumer Defensive,320609664.0,2178765.67
TAOX,TAO Synergies Inc.,3.29,0,3,6,4,2,0,2,17,-15.0,2.0,Broken,Avoid/exit,14,0.0,-4.9,-6.9,40.4,1,,Technology,29663566.0,234288.25
ADTGPX,ADTGPX,3.749,1,2,1,6,0,4,3,17,-15.0,2.0,Broken,Avoid/exit,14,-0.2,-1.1,-0.8,32.2,0,,nan,nan,0.0
EVH,Evolent Health Inc,3.09,1,5,0,3,2,4,2,17,-15.0,2.0,Broken,Avoid/exit,28,-26.8,-46.8,-32.5,24.0,1,,Healthcare,474670080.0,3213340.02
AEC,Anfield Energy Inc.,3.94,1,3,5,0,2,4,2,17,-15.0,2.0,Broken,Avoid/exit,19,-11.1,-9.0,-8.4,41.1,1,,Energy,83650888.0,95918.95
XNET,Xunlei Ltd Adr,5.34,3,4,5,3,1,2,2,20,-18.0,2.0,Broken,Avoid/exit,26,-3.3,-7.5,-4.1,45.4,0,,Technology,289942976.0,429751.96
COPR,Idaho Copper Corporation,2.2,3,10,3,1,2,2,2,23,-17.0,2.0,Broken,Avoid/exit,11,-16.3,-20.9,-29.6,23.8,1,,nan,1439870080.0,182.09
GLXG,Galaxy Payroll Group Limited Ordinary Shares,0.951,4,4,2,0,2,2,2,16,-15.0,1.0,Broken,Avoid/exit,22,7.3,-9.4,-11.5,42.0,2,,Industrials,7392278.0,191757.93
SNOA,Sonoma Pharmaceuticals Inc,1.1,0,2,7,2,3,4,2,20,-19.0,1.0,Broken,Avoid/exit,22,-3.5,-9.1,-5.5,37.6,1,,Healthcare,3959851.0,87041.03
MWG,Multi Ways Holdings Ltd,1.16,3,6,7,4,0,2,2,24,-23.0,1.0,Broken,Avoid/exit,26,-8.7,-16.5,-8.4,34.7,1,,Industrials,6170429.0,220257.43
VIVS,"VivoSim Labs, Inc.",0.34,1,5,0,3,2,2,2,15,-14.0,1.0,Broken,Avoid/exit,4,-19.0,-41.4,-41.9,21.4,0,,Healthcare,3647094.0,764675.09
AUID,authID Inc.,0.725,1,8,0,0,3,2,2,16,-13.0,1.0,Broken,Avoid/exit,28,-3.1,-19.3,-16.0,37.0,1,,Technology,20972232.0,2230218.83
CLNE,Clean Energy Fuels Corp,1.94,2,10,1,2,7,0,2,24,-21.0,1.0,Broken,Avoid/exit,26,-4.4,-18.5,-5.5,40.3,1,,Energy,442651520.0,1317545.24
DRSHF,DroneShield Limited,1.26,0,6,3,1,2,0,2,14,-11.0,1.0,Broken,Avoid/exit,8,-15.4,-17.8,-15.6,23.7,0,,Industrials,1948063104.0,275504.81
EAXR,Flint Telecom Group,1.0,2,2,9,1,0,0,2,16,-15.0,1.0,Broken,Avoid/exit,19,-13.0,-13.0,-19.5,18.4,1,,Technology,120243072.0,1942.5
SOUNW,SoundHound AI Inc.,1.39,1,6,3,0,2,2,2,16,-15.0,1.0,Broken,Avoid/exit,10,-10.3,-15.5,-15.6,33.9,1,,nan,nan,47095.07
LLESF,Lend Lease Group,2.02,0,1,1,4,3,0,2,11,-10.0,1.0,Broken,Avoid/exit,14,-11.8,-11.8,-8.2,0.2,1,,Real Estate,2272122880.0,0.0
KSCP,Knightscope Inc,1.64,7,6,1,9,2,2,2,29,-28,1,Broken,Avoid/exit,22,13.1,11.6,-3.2,47.1,4,,Industrials,40282636.0,477784.39
NKTX,Nkarta Inc,2.09,1,7,0,0,0,4,2,14,-13.0,1.0,Broken,Avoid/exit,20,-7.9,-19.6,-15.9,30.3,1,,Healthcare,198180640.0,787734.46
HKTVY,Hong Kong Television Network Ltd,2.4,1,3,3,0,3,4,2,16,-15.0,1.0,Broken,Avoid/exit,14,0.0,-11.1,-5.2,13.4,1,,Consumer Cyclical,104870280.0,208.0
DNN,Denison Mines Corp,2.81,1,10,2,1,2,0,2,18,-17.0,1.0,Broken,Avoid/exit,20,-3.4,-0.4,-5.1,42.5,1,,Energy,3086107904.0,53922061.51
HYDTF,Hydreight Technologies Inc.,2.8,0,6,3,0,0,4,2,15,-14.0,1.0,Broken,Avoid/exit,34,-3.4,-11.4,-8.8,35.2,0,,Healthcare,191671648.0,49861.19
WSIOF,Wasion Holdings Limited,2.255,0,1,0,5,3,0,2,11,-10.0,1.0,Broken,Avoid/exit,32,-31.8,-31.8,-24.2,18.7,0,,Industrials,3439228416.0,2742.5
AQMS,Aqua Metals Inc,2.53,2,5,8,1,0,6,2,24,-23.0,1.0,Broken,Avoid/exit,15,-6.6,-3.4,-9.2,36.7,1,,Industrials,11733401.0,865559.19
PLCE,Children’s Place Inc,2.44,1,7,2,0,2,2,2,16,-15.0,1.0,Broken,Avoid/exit,16,1.2,-17.6,-10.3,33.9,1,,Consumer Cyclical,80407000.0,552109.79
BESS,Bimergen Energy Corporation,2.6,1,9,2,0,2,0,2,16,-15.0,1.0,Broken,Avoid/exit,13,-15.6,-18.2,-20.7,36.5,1,,Utilities,22854186.0,144638.25
HIVE,HIVE Digital Technologies Ltd,2.83,1,10,4,1,2,2,2,22,-21.0,1.0,Broken,Avoid/exit,32,-4.4,-0.7,-9.0,42.0,1,,Financial Services,1055014528.0,21716244.31
LOAN,Manhattan Bridge Capital Inc,4.16,6,5,2,2,0,2,2,19,-18.0,1.0,Broken,Avoid/exit,22,4.8,-4.6,-1.6,45.4,1,,Real Estate,48231860.0,29856.38
